method,heldout_r2,mae,rmse,seed,epsilon,budget_forward,budget_backward,gain,omp_k,omp_val_r2,main_topk_overlap,confound_abs_coef,pair_topk_recall,true_pair_abs_coef_mean,source_file,source_dir,budget_measurements,n_components,n_pairs,lifted_dim
finite_single,0.6196425768239597,0.0988615067436637,0.1617125094802307,0,5.0,64,0,,,,1.0,0.0,0.0,0.0,runs/claim3_budget_m16/claim3_results.csv,runs/claim3_budget_m16,16,64,2016,2080
first_order_omp,0.7258904249374447,0.0743475616506789,0.1372807905798925,0,5.0,16,0,,2.0,0.6934239580386309,1.0,0.0,0.0,0.0,runs/claim3_budget_m16/claim3_results.csv,runs/claim3_budget_m16,16,64,2016,2080
lifted_omp,-0.3543636497945288,0.2322265501801528,0.3051513621405897,0,5.0,16,0,,1.0,-0.1431754092542163,0.5,0.0,0.5,0.0,runs/claim3_budget_m16/claim3_results.csv,runs/claim3_budget_m16,16,64,2016,2080
multigain_atp,0.7255263365342524,0.0745403288541258,0.1373719325209645,0,5.0,16,1,,,,1.0,0.0,0.0,0.0,runs/claim3_budget_m16/claim3_results.csv,runs/claim3_budget_m16,16,64,2016,2080
raw_atp,0.7363639529796793,0.0656587529155951,0.1346325476290105,0,5.0,0,1,,,,1.0,0.0,0.0,0.0,runs/claim3_budget_m16/claim3_results.csv,runs/claim3_budget_m16,16,64,2016,2080
scalar_cal_atp,0.735203743091693,0.0640260818078734,0.1349284679676123,0,5.0,16,1,0.958834575895832,,,1.0,0.0,0.0,0.0,runs/claim3_budget_m16/claim3_results.csv,runs/claim3_budget_m16,16,64,2016,2080
subset_ridge,-0.1033094548901998,0.2205236418259059,0.2754205481638248,0,5.0,16,0,,,,1.0,0.0288031952915645,0.0,0.0,runs/claim3_budget_m16/claim3_results.csv,runs/claim3_budget_m16,16,64,2016,2080
finite_single,0.5892072773903364,0.0998878133409714,0.1635344643746454,1,5.0,64,0,,,,1.0,0.0,0.0,0.0,runs/claim3_budget_m16/claim3_results.csv,runs/claim3_budget_m16,16,64,2016,2080
first_order_omp,0.6901384328665214,0.0720467644899833,0.142030553236607,1,5.0,16,0,,2.0,0.6469041675634285,1.0,0.0,0.0,0.0,runs/claim3_budget_m16/claim3_results.csv,runs/claim3_budget_m16,16,64,2016,2080
lifted_omp,-0.4666753640883105,0.2453626313459228,0.3090045830550282,1,5.0,16,0,,1.0,-0.9595697088963407,0.5,0.0,1.0,0.0,runs/claim3_budget_m16/claim3_results.csv,runs/claim3_budget_m16,16,64,2016,2080
multigain_atp,0.6903390474732977,0.0718969614093833,0.1419845681581129,1,5.0,16,1,,,,1.0,0.0,0.0,0.0,runs/claim3_budget_m16/claim3_results.csv,runs/claim3_budget_m16,16,64,2016,2080
raw_atp,0.6919991682950419,0.0699448017367342,0.1416034605248711,1,5.0,0,1,,,,1.0,0.0,0.0,0.0,runs/claim3_budget_m16/claim3_results.csv,runs/claim3_budget_m16,16,64,2016,2080
scalar_cal_atp,0.6845712381919611,0.0755698740550121,0.1433007844487419,1,5.0,16,1,1.0569333497521207,,,1.0,0.0,0.0,0.0,runs/claim3_budget_m16/claim3_results.csv,runs/claim3_budget_m16,16,64,2016,2080
subset_ridge,-0.0327670881247732,0.1991949284375151,0.259297970125546,1,5.0,16,0,,,,0.5,0.044397099487403,0.0,0.0,runs/claim3_budget_m16/claim3_results.csv,runs/claim3_budget_m16,16,64,2016,2080
finite_single,0.5182690143103708,0.1120282748865853,0.1720720663356769,2,5.0,64,0,,,,1.0,0.0,0.0,0.0,runs/claim3_budget_m16/claim3_results.csv,runs/claim3_budget_m16,16,64,2016,2080
first_order_omp,0.2247621037117504,0.1533339368334848,0.2182858480254108,2,5.0,16,0,,1.0,0.8675845030497578,0.5,0.0,0.0,0.0,runs/claim3_budget_m16/claim3_results.csv,runs/claim3_budget_m16,16,64,2016,2080
lifted_omp,0.2247621037117504,0.1533339368334848,0.2182858480254108,2,5.0,16,0,,1.0,0.8902129025910971,0.5,0.0,1.0,0.0,runs/claim3_budget_m16/claim3_results.csv,runs/claim3_budget_m16,16,64,2016,2080
multigain_atp,0.4053674316854472,0.1280713544179062,0.1911755855882971,2,5.0,16,1,,,,1.0,0.0,0.0,0.0,runs/claim3_budget_m16/claim3_results.csv,runs/claim3_budget_m16,16,64,2016,2080
raw_atp,0.6382035394197031,0.0775521883866159,0.1491214919332767,2,5.0,0,1,,,,1.0,0.0,0.0,0.0,runs/claim3_budget_m16/claim3_results.csv,runs/claim3_budget_m16,16,64,2016,2080
scalar_cal_atp,0.6379998460283545,0.0776592303752062,0.149163464135323,2,5.0,16,1,1.0012319956379434,,,1.0,0.0,0.0,0.0,runs/claim3_budget_m16/claim3_results.csv,runs/claim3_budget_m16,16,64,2016,2080
subset_ridge,0.0741907407186557,0.1840966733511717,0.2385441898885317,2,5.0,16,0,,,,0.5,0.1420812286617796,0.0,0.0,runs/claim3_budget_m16/claim3_results.csv,runs/claim3_budget_m16,16,64,2016,2080
finite_single,0.3868628093511846,0.1353964798834498,0.2406554755234771,0,8.0,64,0,,,,1.0,0.0,0.0,0.0,runs/claim3_budget_m16/claim3_results.csv,runs/claim3_budget_m16,16,64,2016,2080
first_order_omp,-0.0113832713703649,0.2316129984437379,0.3090827734597863,0,8.0,16,0,,4.0,-3.2242066556815994,0.5,0.0,0.0,0.0,runs/claim3_budget_m16/claim3_results.csv,runs/claim3_budget_m16,16,64,2016,2080
lifted_omp,0.4926251552224731,0.1163841457926608,0.2189179553885593,0,8.0,16,0,,2.0,0.2838302631109541,1.0,0.0,1.0,0.0,runs/claim3_budget_m16/claim3_results.csv,runs/claim3_budget_m16,16,64,2016,2080
multigain_atp,0.4922525479506392,0.1165440661560718,0.2189983254073665,0,8.0,16,1,,,,1.0,0.0,0.0,0.0,runs/claim3_budget_m16/claim3_results.csv,runs/claim3_budget_m16,16,64,2016,2080
raw_atp,0.5061458711744331,0.1053932952186689,0.2159813553174874,0,8.0,0,1,,,,1.0,0.0,0.0,0.0,runs/claim3_budget_m16/claim3_results.csv,runs/claim3_budget_m16,16,64,2016,2080
scalar_cal_atp,0.5040429960157538,0.1024346685151336,0.2164407008410457,0,8.0,16,1,0.9025388823518968,,,1.0,0.0,0.0,0.0,runs/claim3_budget_m16/claim3_results.csv,runs/claim3_budget_m16,16,64,2016,2080
subset_ridge,-0.0744396560684192,0.2425682884327606,0.3185722421817047,0,8.0,16,0,,,,0.5,0.029402919357495,0.0,0.0,runs/claim3_budget_m16/claim3_results.csv,runs/claim3_budget_m16,16,64,2016,2080
finite_single,0.3445129888657384,0.1367523188578224,0.2438202790397303,1,8.0,64,0,,,,1.0,0.0,0.0,0.0,runs/claim3_budget_m16/claim3_results.csv,runs/claim3_budget_m16,16,64,2016,2080
first_order_omp,0.3440184091614143,0.1458385741027254,0.2439122456396393,1,8.0,16,0,,1.0,-3.206400060333383,0.5,0.0,0.0,0.0,runs/claim3_budget_m16/claim3_results.csv,runs/claim3_budget_m16,16,64,2016,2080
lifted_omp,-0.5209757093572163,0.2522030956439695,0.3714060021479243,1,8.0,16,0,,1.0,-0.6752449987589233,0.5,0.0,0.5,0.0,runs/claim3_budget_m16/claim3_results.csv,runs/claim3_budget_m16,16,64,2016,2080
multigain_atp,0.4320268461809358,0.1130858850910382,0.2269612334819132,1,8.0,16,1,,,,1.0,0.0,0.0,0.0,runs/claim3_budget_m16/claim3_results.csv,runs/claim3_budget_m16,16,64,2016,2080
raw_atp,0.4281659027669313,0.1129400288707879,0.227731340591494,1,8.0,0,1,,,,1.0,0.0,0.0,0.0,runs/claim3_budget_m16/claim3_results.csv,runs/claim3_budget_m16,16,64,2016,2080
scalar_cal_atp,0.4175068602798155,0.1197081990752119,0.229844007995437,1,8.0,16,1,1.06413155728639,,,1.0,0.0,0.0,0.0,runs/claim3_budget_m16/claim3_results.csv,runs/claim3_budget_m16,16,64,2016,2080
subset_ridge,-0.1199890736677598,0.2343338150616261,0.3187092524907486,1,8.0,16,0,,,,0.5,0.0222666099729021,0.0,0.0,runs/claim3_budget_m16/claim3_results.csv,runs/claim3_budget_m16,16,64,2016,2080
finite_single,0.2766439479476796,0.1481578003059514,0.2514811225218349,2,8.0,64,0,,,,1.0,0.0,0.0,0.0,runs/claim3_budget_m16/claim3_results.csv,runs/claim3_budget_m16,16,64,2016,2080
first_order_omp,0.0760960545017159,0.182621903335487,0.2842122163747271,2,8.0,16,0,,1.0,0.7596423024009401,0.5,0.0,0.0,0.0,runs/claim3_budget_m16/claim3_results.csv,runs/claim3_budget_m16,16,64,2016,2080
lifted_omp,-0.6410375670678521,0.2686147475591281,0.3787813539509304,2,8.0,16,0,,2.0,0.7863593604947741,0.5,0.0,0.0,0.0,runs/claim3_budget_m16/claim3_results.csv,runs/claim3_budget_m16,16,64,2016,2080
multigain_atp,-0.0750929384863776,0.2044251400896428,0.3065860112265038,2,8.0,16,1,,,,1.0,0.0,0.0,0.0,runs/claim3_budget_m16/claim3_results.csv,runs/claim3_budget_m16,16,64,2016,2080
raw_atp,0.3448048702101537,0.1254589483001581,0.2393396550693162,2,8.0,0,1,,,,1.0,0.0,0.0,0.0,runs/claim3_budget_m16/claim3_results.csv,runs/claim3_budget_m16,16,64,2016,2080
scalar_cal_atp,0.3510810553373636,0.1225886288794854,0.238190566394272,2,8.0,16,1,0.9689134933119667,,,1.0,0.0,0.0,0.0,runs/claim3_budget_m16/claim3_results.csv,runs/claim3_budget_m16,16,64,2016,2080
subset_ridge,-0.1373858320499175,0.2329966258323012,0.3153430309577845,2,8.0,16,0,,,,0.5,0.1971745996904693,0.0,0.0,runs/claim3_budget_m16/claim3_results.csv,runs/claim3_budget_m16,16,64,2016,2080
finite_single,0.6276975186601526,0.0987924987214116,0.1587181834719562,0,5.0,64,0,,,,1.0,0.0,0.0,0.0,runs/claim3_budget_m24/claim3_results.csv,runs/claim3_budget_m24,24,64,2016,2080
first_order_omp,0.7083099148687206,0.0788898747028557,0.1404881043876622,0,5.0,24,0,,2.0,0.9374568194964024,1.0,0.0,0.0,0.0,runs/claim3_budget_m24/claim3_results.csv,runs/claim3_budget_m24,24,64,2016,2080
lifted_omp,0.7083099148687206,0.0788898747028557,0.1404881043876622,0,5.0,24,0,,2.0,0.5189961516042598,1.0,0.0,1.0,0.0,runs/claim3_budget_m24/claim3_results.csv,runs/claim3_budget_m24,24,64,2016,2080
multigain_atp,0.7081518220562044,0.0789439060010674,0.1405261707328682,0,5.0,24,1,,,,1.0,0.0,0.0,0.0,runs/claim3_budget_m24/claim3_results.csv,runs/claim3_budget_m24,24,64,2016,2080
raw_atp,0.7292244239992474,0.0660427185324329,0.1353578548796206,0,5.0,0,1,,,,1.0,0.0,0.0,0.0,runs/claim3_budget_m24/claim3_results.csv,runs/claim3_budget_m24,24,64,2016,2080
scalar_cal_atp,0.7262263260010704,0.0677260881849614,0.1361051507959726,0,5.0,24,1,0.8593280117903636,,,1.0,0.0,0.0,0.0,runs/claim3_budget_m24/claim3_results.csv,runs/claim3_budget_m24,24,64,2016,2080
subset_ridge,0.2918240038875065,0.1690189805926666,0.2189017935971541,0,5.0,24,0,,,,1.0,0.1700906220551946,0.0,0.0,runs/claim3_budget_m24/claim3_results.csv,runs/claim3_budget_m24,24,64,2016,2080
finite_single,0.5903483956046662,0.0924374133268383,0.1495438342085563,1,5.0,64,0,,,,1.0,0.0,0.0,0.0,runs/claim3_budget_m24/claim3_results.csv,runs/claim3_budget_m24,24,64,2016,2080
first_order_omp,0.346445069478463,0.1392710111879807,0.1888870696562946,1,5.0,24,0,,1.0,0.1087412644000431,0.5,0.0,0.0,0.0,runs/claim3_budget_m24/claim3_results.csv,runs/claim3_budget_m24,24,64,2016,2080
lifted_omp,-0.0346568435387719,0.1608670191333414,0.2376617817801221,1,5.0,24,0,,3.0,0.501181953727286,0.5,0.0,0.0,0.0,runs/claim3_budget_m24/claim3_results.csv,runs/claim3_budget_m24,24,64,2016,2080
multigain_atp,0.6512798337846855,0.0824905904975317,0.1379747808521198,1,5.0,24,1,,,,1.0,0.0,0.0,0.0,runs/claim3_budget_m24/claim3_results.csv,runs/claim3_budget_m24,24,64,2016,2080
raw_atp,0.6660759774779259,0.067089001691441,0.1350159302774455,1,5.0,0,1,,,,1.0,0.0,0.0,0.0,runs/claim3_budget_m24/claim3_results.csv,runs/claim3_budget_m24,24,64,2016,2080
scalar_cal_atp,0.6619752948834771,0.0689542846358087,0.1358424177826196,1,5.0,24,1,1.0215616063414628,,,1.0,0.0,0.0,0.0,runs/claim3_budget_m24/claim3_results.csv,runs/claim3_budget_m24,24,64,2016,2080
subset_ridge,0.1421091162759987,0.1652677031034276,0.2164099416175047,1,5.0,24,0,,,,1.0,0.0436571763556742,0.0,0.0,runs/claim3_budget_m24/claim3_results.csv,runs/claim3_budget_m24,24,64,2016,2080
finite_single,0.5165380803776011,0.11079553997233,0.1752872575758467,2,5.0,64,0,,,,1.0,0.0,0.0,0.0,runs/claim3_budget_m24/claim3_results.csv,runs/claim3_budget_m24,24,64,2016,2080
first_order_omp,-0.0935652806374462,0.188909437187366,0.2636280195333202,2,5.0,24,0,,3.0,0.9141937366592668,0.5,0.0,0.0,0.0,runs/claim3_budget_m24/claim3_results.csv,runs/claim3_budget_m24,24,64,2016,2080
lifted_omp,0.0575074846802063,0.1702664997141556,0.2447418087569592,2,5.0,24,0,,4.0,0.4602318499598475,0.5,0.0,0.0,0.0,runs/claim3_budget_m24/claim3_results.csv,runs/claim3_budget_m24,24,64,2016,2080
multigain_atp,0.4665027572181215,0.1210481554862761,0.1841345564384098,2,5.0,24,1,,,,1.0,0.0,0.0,0.0,runs/claim3_budget_m24/claim3_results.csv,runs/claim3_budget_m24,24,64,2016,2080
raw_atp,0.6202645885028552,0.0783796619898473,0.1553494641298865,2,5.0,0,1,,,,1.0,0.0,0.0,0.0,runs/claim3_budget_m24/claim3_results.csv,runs/claim3_budget_m24,24,64,2016,2080
scalar_cal_atp,0.6221305432215513,0.0771724105842335,0.1549673137778918,2,5.0,24,1,0.9850304659607766,,,1.0,0.0,0.0,0.0,runs/claim3_budget_m24/claim3_results.csv,runs/claim3_budget_m24,24,64,2016,2080
subset_ridge,-0.0288526662971762,0.1957161123734592,0.2557088764818414,2,5.0,24,0,,,,0.5,0.0720246637930717,0.0,0.0,runs/claim3_budget_m24/claim3_results.csv,runs/claim3_budget_m24,24,64,2016,2080
finite_single,0.3835206820116551,0.1356333615315167,0.2350813535121177,0,8.0,64,0,,,,1.0,0.0,0.0,0.0,runs/claim3_budget_m24/claim3_results.csv,runs/claim3_budget_m24,24,64,2016,2080
first_order_omp,0.3590373146985293,0.1498741400561998,0.2397040106097563,0,8.0,24,0,,1.0,0.5491640800666081,0.5,0.0,0.0,0.0,runs/claim3_budget_m24/claim3_results.csv,runs/claim3_budget_m24,24,64,2016,2080
lifted_omp,0.3590373146985293,0.1498741400561998,0.2397040106097563,0,8.0,24,0,,1.0,0.0113144814673874,0.5,0.0,1.0,0.0,runs/claim3_budget_m24/claim3_results.csv,runs/claim3_budget_m24,24,64,2016,2080
multigain_atp,0.437669119479146,0.1260918544285679,0.2245199277138468,0,8.0,24,1,,,,1.0,0.0,0.0,0.0,runs/claim3_budget_m24/claim3_results.csv,runs/claim3_budget_m24,24,64,2016,2080
raw_atp,0.4727598597816289,0.1064936293117855,0.2174018124309298,0,8.0,0,1,,,,1.0,0.0,0.0,0.0,runs/claim3_budget_m24/claim3_results.csv,runs/claim3_budget_m24,24,64,2016,2080
scalar_cal_atp,0.4700027688907278,0.1083913163704183,0.217969499665669,0,8.0,24,1,0.7433309283463579,,,1.0,0.0,0.0,0.0,runs/claim3_budget_m24/claim3_results.csv,runs/claim3_budget_m24,24,64,2016,2080
subset_ridge,0.0571546019743495,0.2138979812946757,0.2907228515638722,0,8.0,24,0,,,,0.5,0.1367830354510686,0.0,0.0,runs/claim3_budget_m24/claim3_results.csv,runs/claim3_budget_m24,24,64,2016,2080
finite_single,0.3379151351797592,0.1263935733096421,0.2235333315022629,1,8.0,64,0,,,,1.0,0.0,0.0,0.0,runs/claim3_budget_m24/claim3_results.csv,runs/claim3_budget_m24,24,64,2016,2080
first_order_omp,0.1919137377769449,0.1728637220214444,0.2469530092347437,1,8.0,24,0,,1.0,0.0803477708322717,0.5,0.0,0.0,0.0,runs/claim3_budget_m24/claim3_results.csv,runs/claim3_budget_m24,24,64,2016,2080
lifted_omp,0.1919137377769449,0.1728637220214444,0.2469530092347437,1,8.0,24,0,,1.0,-0.0913783791523328,0.5,0.0,1.0,0.0,runs/claim3_budget_m24/claim3_results.csv,runs/claim3_budget_m24,24,64,2016,2080
multigain_atp,0.3529232479006239,0.1328022503106112,0.2209852867657883,1,8.0,24,1,,,,1.0,0.0,0.0,0.0,runs/claim3_budget_m24/claim3_results.csv,runs/claim3_budget_m24,24,64,2016,2080
raw_atp,0.3722598865176857,0.1081079220537509,0.2176583845636749,1,8.0,0,1,,,,1.0,0.0,0.0,0.0,runs/claim3_budget_m24/claim3_results.csv,runs/claim3_budget_m24,24,64,2016,2080
scalar_cal_atp,0.3724989688150095,0.1080089756335584,0.2176169317225328,1,8.0,24,1,0.9989719318530148,,,1.0,0.0,0.0,0.0,runs/claim3_budget_m24/claim3_results.csv,runs/claim3_budget_m24,24,64,2016,2080
subset_ridge,-0.0422051435949502,0.2052918099041871,0.2804542766020758,1,8.0,24,0,,,,1.0,0.0944515126186825,0.0,0.0,runs/claim3_budget_m24/claim3_results.csv,runs/claim3_budget_m24,24,64,2016,2080
finite_single,0.2768413444781642,0.1475430308589888,0.25988127484817,2,8.0,64,0,,,,1.0,0.0,0.0,0.0,runs/claim3_budget_m24/claim3_results.csv,runs/claim3_budget_m24,24,64,2016,2080
first_order_omp,0.1691575468566979,0.1752003850494979,0.2785592175514236,2,8.0,24,0,,1.0,0.3995780254182696,0.5,0.0,0.0,0.0,runs/claim3_budget_m24/claim3_results.csv,runs/claim3_budget_m24,24,64,2016,2080
lifted_omp,0.6464476275735782,0.1098965862540728,0.1817126124105314,2,8.0,24,0,,2.0,0.9205829218196876,0.5,0.0,1.0,5.042480348848836,runs/claim3_budget_m24/claim3_results.csv,runs/claim3_budget_m24,24,64,2016,2080
multigain_atp,0.0777727144072061,0.1914975436290721,0.2934790995395591,2,8.0,24,1,,,,1.0,0.0,0.0,0.0,runs/claim3_budget_m24/claim3_results.csv,runs/claim3_budget_m24,24,64,2016,2080
raw_atp,0.3335601881719715,0.1270707660553385,0.2494816804783895,2,8.0,0,1,,,,1.0,0.0,0.0,0.0,runs/claim3_budget_m24/claim3_results.csv,runs/claim3_budget_m24,24,64,2016,2080
scalar_cal_atp,0.3407984246327284,0.1230375636309449,0.2481231651147814,2,8.0,24,1,0.9533255176412992,,,1.0,0.0,0.0,0.0,runs/claim3_budget_m24/claim3_results.csv,runs/claim3_budget_m24,24,64,2016,2080
subset_ridge,-0.3765724766763021,0.2669773787186713,0.3585566116910636,2,8.0,24,0,,,,0.5,0.1054947547477646,0.0,0.0,runs/claim3_budget_m24/claim3_results.csv,runs/claim3_budget_m24,24,64,2016,2080
finite_single,0.5990432826021236,0.0993858428815685,0.1572923769703482,0,5.0,64,0,,,,1.0,0.0,0.0,0.0,runs/claim3_budget_m32/claim3_results.csv,runs/claim3_budget_m32,32,64,2016,2080
first_order_omp,0.682616759051903,0.0746094552028183,0.1399429175363137,0,5.0,32,0,,2.0,0.7431417141795305,1.0,0.0,0.0,0.0,runs/claim3_budget_m32/claim3_results.csv,runs/claim3_budget_m32,32,64,2016,2080
lifted_omp,0.682616759051903,0.0746094552028183,0.1399429175363137,0,5.0,32,0,,2.0,0.5915655210894027,1.0,0.0,1.0,0.0,runs/claim3_budget_m32/claim3_results.csv,runs/claim3_budget_m32,32,64,2016,2080
multigain_atp,0.6826163143201709,0.0746280140731367,0.1399430155834476,0,5.0,32,1,,,,1.0,0.0,0.0,0.0,runs/claim3_budget_m32/claim3_results.csv,runs/claim3_budget_m32,32,64,2016,2080
raw_atp,0.6928900085604335,0.0671784486260734,0.1376594092535977,0,5.0,0,1,,,,1.0,0.0,0.0,0.0,runs/claim3_budget_m32/claim3_results.csv,runs/claim3_budget_m32,32,64,2016,2080
scalar_cal_atp,0.6994837484553076,0.066254876515775,0.1361735972114598,0,5.0,32,1,0.8909508989567527,,,1.0,0.0,0.0,0.0,runs/claim3_budget_m32/claim3_results.csv,runs/claim3_budget_m32,32,64,2016,2080
subset_ridge,0.2389368548874141,0.1651131740878266,0.2167051708853796,0,5.0,32,0,,,,1.0,0.0873176365118309,0.0,0.0,runs/claim3_budget_m32/claim3_results.csv,runs/claim3_budget_m32,32,64,2016,2080
finite_single,0.5804161623602356,0.0974308905837912,0.1611598654415988,1,5.0,64,0,,,,1.0,0.0,0.0,0.0,runs/claim3_budget_m32/claim3_results.csv,runs/claim3_budget_m32,32,64,2016,2080
first_order_omp,0.6739276601663706,0.0709764907643112,0.1420706935731317,1,5.0,32,0,,2.0,0.5365161081672583,1.0,0.0,0.0,0.0,runs/claim3_budget_m32/claim3_results.csv,runs/claim3_budget_m32,32,64,2016,2080
lifted_omp,0.7819602796720664,0.057195123058105,0.1161757082674251,1,5.0,32,0,,6.0,0.7481488950761561,1.0,0.0,0.5,2.94100845136599,runs/claim3_budget_m32/claim3_results.csv,runs/claim3_budget_m32,32,64,2016,2080
multigain_atp,0.6736792984351309,0.0710846966900467,0.1421247892487463,1,5.0,32,1,,,,1.0,0.0,0.0,0.0,runs/claim3_budget_m32/claim3_results.csv,runs/claim3_budget_m32,32,64,2016,2080
raw_atp,0.6815242340478227,0.0687958582647221,0.1404060158728094,1,5.0,0,1,,,,1.0,0.0,0.0,0.0,runs/claim3_budget_m32/claim3_results.csv,runs/claim3_budget_m32,32,64,2016,2080
scalar_cal_atp,0.6616258396589025,0.0746564109793977,0.1447258524358459,1,5.0,32,1,0.7851089140239069,,,1.0,0.0,0.0,0.0,runs/claim3_budget_m32/claim3_results.csv,runs/claim3_budget_m32,32,64,2016,2080
subset_ridge,0.1300568266602684,0.178504434624592,0.2320560860118669,1,5.0,32,0,,,,1.0,0.0197890842938618,0.0,0.0,runs/claim3_budget_m32/claim3_results.csv,runs/claim3_budget_m32,32,64,2016,2080
finite_single,0.4996396798742781,0.1082262539187798,0.1714043786844828,2,5.0,64,0,,,,1.0,0.0,0.0,0.0,runs/claim3_budget_m32/claim3_results.csv,runs/claim3_budget_m32,32,64,2016,2080
first_order_omp,0.5824646217303777,0.0816601776763467,0.1565766947733439,2,5.0,32,0,,2.0,0.6176458324009186,1.0,0.0,0.0,0.0,runs/claim3_budget_m32/claim3_results.csv,runs/claim3_budget_m32,32,64,2016,2080
lifted_omp,0.3502073833726264,0.1356799556859545,0.1953295130928384,2,5.0,32,0,,1.0,-0.3576475861647354,0.5,0.0,1.0,0.0,runs/claim3_budget_m32/claim3_results.csv,runs/claim3_budget_m32,32,64,2016,2080
multigain_atp,0.5825166537468849,0.0816252051415076,0.1565669384084696,2,5.0,32,1,,,,1.0,0.0,0.0,0.0,runs/claim3_budget_m32/claim3_results.csv,runs/claim3_budget_m32,32,64,2016,2080
raw_atp,0.5854830568641567,0.0774234570730233,0.1560097082622527,2,5.0,0,1,,,,1.0,0.0,0.0,0.0,runs/claim3_budget_m32/claim3_results.csv,runs/claim3_budget_m32,32,64,2016,2080
scalar_cal_atp,0.5956137485220443,0.0743257755121441,0.1540914962482748,2,5.0,32,1,0.8455437690386672,,,1.0,0.0,0.0,0.0,runs/claim3_budget_m32/claim3_results.csv,runs/claim3_budget_m32,32,64,2016,2080
subset_ridge,0.0271213049006846,0.1823169312796303,0.2390065636560885,2,5.0,32,0,,,,1.0,0.0674879197046105,0.0,0.0,runs/claim3_budget_m32/claim3_results.csv,runs/claim3_budget_m32,32,64,2016,2080
finite_single,0.3490910870416498,0.1353535825288203,0.2329108277310345,0,8.0,64,0,,,,1.0,0.0,0.0,0.0,runs/claim3_budget_m32/claim3_results.csv,runs/claim3_budget_m32,32,64,2016,2080
first_order_omp,0.2125131402243999,0.1725664717440787,0.2561835429183234,0,8.0,32,0,,2.0,0.4262218179071776,0.5,0.0,0.0,0.0,runs/claim3_budget_m32/claim3_results.csv,runs/claim3_budget_m32,32,64,2016,2080
lifted_omp,0.1640722505741186,0.1724866985864138,0.2639453046792359,0,8.0,32,0,,3.0,0.3514620215225683,0.5,0.0,0.0,0.0,runs/claim3_budget_m32/claim3_results.csv,runs/claim3_budget_m32,32,64,2016,2080
multigain_atp,0.3987944829469595,0.119424002064034,0.2238417271999682,0,8.0,32,1,,,,1.0,0.0,0.0,0.0,runs/claim3_budget_m32/claim3_results.csv,runs/claim3_budget_m32,32,64,2016,2080
raw_atp,0.4112238326863457,0.1082653298297026,0.2215157858231734,0,8.0,0,1,,,,1.0,0.0,0.0,0.0,runs/claim3_budget_m32/claim3_results.csv,runs/claim3_budget_m32,32,64,2016,2080
scalar_cal_atp,0.4290492233986697,0.105885465950829,0.2181367827850241,0,8.0,32,1,0.8023613268230035,,,1.0,0.0,0.0,0.0,runs/claim3_budget_m32/claim3_results.csv,runs/claim3_budget_m32,32,64,2016,2080
subset_ridge,-0.0918216676692196,0.2239231422031294,0.3016514546886893,0,8.0,32,0,,,,0.5,0.1020546913000424,0.0,0.0,runs/claim3_budget_m32/claim3_results.csv,runs/claim3_budget_m32,32,64,2016,2080
finite_single,0.3394772098662643,0.133778870278465,0.2411188404513095,1,8.0,64,0,,,,1.0,0.0,0.0,0.0,runs/claim3_budget_m32/claim3_results.csv,runs/claim3_budget_m32,32,64,2016,2080
first_order_omp,0.3168356122649799,0.1600956763748009,0.2452165921774527,1,8.0,32,0,,5.0,0.145345949630373,0.5,0.0,0.0,0.0,runs/claim3_budget_m32/claim3_results.csv,runs/claim3_budget_m32,32,64,2016,2080
lifted_omp,-0.4348032752875495,0.2418209642073514,0.3553721769904271,1,8.0,32,0,,3.0,0.1853499081264746,0.5,0.0,0.0,0.0,runs/claim3_budget_m32/claim3_results.csv,runs/claim3_budget_m32,32,64,2016,2080
multigain_atp,0.4156995949565334,0.1109828046888895,0.2267803058881828,1,8.0,32,1,,,,1.0,0.0,0.0,0.0,runs/claim3_budget_m32/claim3_results.csv,runs/claim3_budget_m32,32,64,2016,2080
raw_atp,0.4209201361323249,0.1109915318006764,0.2257649272625509,1,8.0,0,1,,,,1.0,0.0,0.0,0.0,runs/claim3_budget_m32/claim3_results.csv,runs/claim3_budget_m32,32,64,2016,2080
scalar_cal_atp,0.3893863972038048,0.1173552515011344,0.2318304512448833,1,8.0,32,1,0.6346060823743576,,,1.0,0.0,0.0,0.0,runs/claim3_budget_m32/claim3_results.csv,runs/claim3_budget_m32,32,64,2016,2080
subset_ridge,-0.0967521486380187,0.2303673828846882,0.3107001693813221,1,8.0,32,0,,,,0.5,0.0240562727396461,0.0,0.0,runs/claim3_budget_m32/claim3_results.csv,runs/claim3_budget_m32,32,64,2016,2080
finite_single,0.2613948821086281,0.1428890722281541,0.2552186902319207,2,8.0,64,0,,,,1.0,0.0,0.0,0.0,runs/claim3_budget_m32/claim3_results.csv,runs/claim3_budget_m32,32,64,2016,2080
first_order_omp,-0.5609205554628813,0.2791491471175699,0.3710194857694058,2,8.0,32,0,,12.0,-0.0420471033184184,0.0,0.0,0.0,0.0,runs/claim3_budget_m32/claim3_results.csv,runs/claim3_budget_m32,32,64,2016,2080
lifted_omp,-0.3606842598034587,0.2308400684523847,0.346405676193249,2,8.0,32,0,,1.0,-0.021599372251952,0.5,0.0,0.5,0.0,runs/claim3_budget_m32/claim3_results.csv,runs/claim3_budget_m32,32,64,2016,2080
multigain_atp,0.2918357664963407,0.127783734658505,0.2499040609721439,2,8.0,32,1,,,,1.0,0.0,0.0,0.0,runs/claim3_budget_m32/claim3_results.csv,runs/claim3_budget_m32,32,64,2016,2080
raw_atp,0.2847403072123667,0.1258173600012126,0.2511528988190057,2,8.0,0,1,,,,1.0,0.0,0.0,0.0,runs/claim3_budget_m32/claim3_results.csv,runs/claim3_budget_m32,32,64,2016,2080
scalar_cal_atp,0.3082511820130162,0.1189708290017199,0.2469906608419586,2,8.0,32,1,0.7204485261743669,,,1.0,0.0,0.0,0.0,runs/claim3_budget_m32/claim3_results.csv,runs/claim3_budget_m32,32,64,2016,2080
subset_ridge,-0.349161146994853,0.2550535659626483,0.3449357691909446,2,8.0,32,0,,,,0.5,0.0561745313245704,0.0,0.0,runs/claim3_budget_m32/claim3_results.csv,runs/claim3_budget_m32,32,64,2016,2080
finite_single,0.6162265431406577,0.1031130906876167,0.1641381452828887,0,5.0,64,0,,,,1.0,0.0,0.0,0.0,runs/claim3_budget_m48/claim3_results.csv,runs/claim3_budget_m48,48,64,2016,2080
first_order_omp,0.7202303200147855,0.0651322568720382,0.1401433122460765,0,5.0,48,0,,2.0,0.6245860283324418,1.0,0.0,0.0,0.0,runs/claim3_budget_m48/claim3_results.csv,runs/claim3_budget_m48,48,64,2016,2080
lifted_omp,0.7809140975888754,0.0628833260867267,0.1240164430447213,0,5.0,48,0,,15.0,0.9297733014567702,1.0,0.0,0.5,3.3909997509358973,runs/claim3_budget_m48/claim3_results.csv,runs/claim3_budget_m48,48,64,2016,2080
multigain_atp,0.7202109947689447,0.0651292745786245,0.1401481524010112,0,5.0,48,1,,,,1.0,0.0,0.0,0.0,runs/claim3_budget_m48/claim3_results.csv,runs/claim3_budget_m48,48,64,2016,2080
raw_atp,0.7168492147938954,0.0692582737317059,0.1409876071787619,0,5.0,0,1,,,,1.0,0.0,0.0,0.0,runs/claim3_budget_m48/claim3_results.csv,runs/claim3_budget_m48,48,64,2016,2080
scalar_cal_atp,0.718187496569772,0.0674069655372328,0.1406540311675007,0,5.0,48,1,0.9137878143483336,,,1.0,0.0,0.0,0.0,runs/claim3_budget_m48/claim3_results.csv,runs/claim3_budget_m48,48,64,2016,2080
subset_ridge,-0.0633778976213386,0.2140384700925288,0.2732221278414146,0,5.0,48,0,,,,1.0,0.5735224109347562,0.0,0.0,runs/claim3_budget_m48/claim3_results.csv,runs/claim3_budget_m48,48,64,2016,2080
finite_single,0.5711555222866379,0.0972630011350873,0.1565680768757063,1,5.0,64,0,,,,1.0,0.0,0.0,0.0,runs/claim3_budget_m48/claim3_results.csv,runs/claim3_budget_m48,48,64,2016,2080
first_order_omp,0.6505174628867649,0.0653933358167941,0.1413403121487723,1,5.0,48,0,,2.0,0.9277281083484624,1.0,0.0,0.0,0.0,runs/claim3_budget_m48/claim3_results.csv,runs/claim3_budget_m48,48,64,2016,2080
lifted_omp,0.6505174628867649,0.0653933358167941,0.1413403121487723,1,5.0,48,0,,2.0,0.7361125120590458,1.0,0.0,1.0,0.0,runs/claim3_budget_m48/claim3_results.csv,runs/claim3_budget_m48,48,64,2016,2080
multigain_atp,0.6505675027118163,0.0653818564152543,0.1413301930484889,1,5.0,48,1,,,,1.0,0.0,0.0,0.0,runs/claim3_budget_m48/claim3_results.csv,runs/claim3_budget_m48,48,64,2016,2080
raw_atp,0.6334509766391063,0.0710167987814406,0.1447502556850595,1,5.0,0,1,,,,1.0,0.0,0.0,0.0,runs/claim3_budget_m48/claim3_results.csv,runs/claim3_budget_m48,48,64,2016,2080
scalar_cal_atp,0.6426545556486087,0.0684614611872403,0.1429214557390666,1,5.0,48,1,0.93200149392687,,,1.0,0.0,0.0,0.0,runs/claim3_budget_m48/claim3_results.csv,runs/claim3_budget_m48,48,64,2016,2080
subset_ridge,0.0084450633182867,0.1820731965282935,0.2380738508550881,1,5.0,48,0,,,,1.0,0.1139677467325072,0.0,0.0,runs/claim3_budget_m48/claim3_results.csv,runs/claim3_budget_m48,48,64,2016,2080
finite_single,0.5662612984212168,0.1064751185355028,0.1644293420649599,2,5.0,64,0,,,,1.0,0.0,0.0,0.0,runs/claim3_budget_m48/claim3_results.csv,runs/claim3_budget_m48,48,64,2016,2080
first_order_omp,0.477575275160107,0.1222169949735639,0.1804583960035517,2,5.0,48,0,,1.0,0.3128917031094981,0.5,0.0,0.0,0.0,runs/claim3_budget_m48/claim3_results.csv,runs/claim3_budget_m48,48,64,2016,2080
lifted_omp,0.9979645986563211,0.0090060711643371,0.011263938224062,2,5.0,48,0,,4.0,0.9978457277875694,1.0,0.0,1.0,6.444241506116853,runs/claim3_budget_m48/claim3_results.csv,runs/claim3_budget_m48,48,64,2016,2080
multigain_atp,0.6640115909484507,0.0733080816233613,0.1447196085659202,2,5.0,48,1,,,,1.0,0.0,0.0,0.0,runs/claim3_budget_m48/claim3_results.csv,runs/claim3_budget_m48,48,64,2016,2080
raw_atp,0.651947407412906,0.0743480094750353,0.1472948858088216,2,5.0,0,1,,,,1.0,0.0,0.0,0.0,runs/claim3_budget_m48/claim3_results.csv,runs/claim3_budget_m48,48,64,2016,2080
scalar_cal_atp,0.6381135692753277,0.0823781450639968,0.1501935841033617,2,5.0,48,1,1.0679758495128275,,,1.0,0.0,0.0,0.0,runs/claim3_budget_m48/claim3_results.csv,runs/claim3_budget_m48,48,64,2016,2080
subset_ridge,-0.7006599540957297,0.2599122023668919,0.3255921864878949,2,5.0,48,0,,,,0.5,0.2764109951991146,0.0,0.0,runs/claim3_budget_m48/claim3_results.csv,runs/claim3_budget_m48,48,64,2016,2080
finite_single,0.3711674541761851,0.1419010607556232,0.2441348575246492,0,8.0,64,0,,,,1.0,0.0,0.0,0.0,runs/claim3_budget_m48/claim3_results.csv,runs/claim3_budget_m48,48,64,2016,2080
first_order_omp,0.4731058910692278,0.1015336326053048,0.2234724335112215,0,8.0,48,0,,2.0,0.348547679517581,1.0,0.0,0.0,0.0,runs/claim3_budget_m48/claim3_results.csv,runs/claim3_budget_m48,48,64,2016,2080
lifted_omp,-0.15553765673996,0.2408222591078871,0.3309438678108329,0,8.0,48,0,,3.0,-0.9963652306285364,0.5,0.0,0.0,0.0,runs/claim3_budget_m48/claim3_results.csv,runs/claim3_budget_m48,48,64,2016,2080
multigain_atp,0.4730898471389764,0.1015309695642436,0.2234758358541044,0,8.0,48,1,,,,1.0,0.0,0.0,0.0,runs/claim3_budget_m48/claim3_results.csv,runs/claim3_budget_m48,48,64,2016,2080
raw_atp,0.4603773553215021,0.1115708608725326,0.2261556123949919,0,8.0,0,1,,,,1.0,0.0,0.0,0.0,runs/claim3_budget_m48/claim3_results.csv,runs/claim3_budget_m48,48,64,2016,2080
scalar_cal_atp,0.466635321865853,0.1074078070159223,0.2248404327543536,0,8.0,48,1,0.8445753440108543,,,1.0,0.0,0.0,0.0,runs/claim3_budget_m48/claim3_results.csv,runs/claim3_budget_m48,48,64,2016,2080
subset_ridge,-0.8169837622298324,0.3242099291662675,0.4149901703610412,0,8.0,48,0,,,,0.5,0.9423844360585618,0.0,0.0,runs/claim3_budget_m48/claim3_results.csv,runs/claim3_budget_m48,48,64,2016,2080
finite_single,0.3160801710472731,0.1340402604450267,0.2358152823805057,1,8.0,64,0,,,,1.0,0.0,0.0,0.0,runs/claim3_budget_m48/claim3_results.csv,runs/claim3_budget_m48,48,64,2016,2080
first_order_omp,0.298900028615459,0.1349728859910173,0.2387587649850534,1,8.0,48,0,,1.0,0.7535902436809666,0.5,0.0,0.0,0.0,runs/claim3_budget_m48/claim3_results.csv,runs/claim3_budget_m48,48,64,2016,2080
lifted_omp,0.298900028615459,0.1349728859910173,0.2387587649850534,1,8.0,48,0,,1.0,0.2112979833048732,0.5,0.0,1.0,0.0,runs/claim3_budget_m48/claim3_results.csv,runs/claim3_budget_m48,48,64,2016,2080
multigain_atp,0.3709876978174706,0.1035344996504696,0.2261512115922541,1,8.0,48,1,,,,1.0,0.0,0.0,0.0,runs/claim3_budget_m48/claim3_results.csv,runs/claim3_budget_m48,48,64,2016,2080
raw_atp,0.3296261535519622,0.1148853879376933,0.2334682781750629,1,8.0,0,1,,,,1.0,0.0,0.0,0.0,runs/claim3_budget_m48/claim3_results.csv,runs/claim3_budget_m48,48,64,2016,2080
scalar_cal_atp,0.3533313876383156,0.109551385252948,0.2293032657595348,1,8.0,48,1,0.8592758979635675,,,1.0,0.0,0.0,0.0,runs/claim3_budget_m48/claim3_results.csv,runs/claim3_budget_m48,48,64,2016,2080
subset_ridge,-0.5768528579461645,0.2712926184871292,0.3580675245765178,1,8.0,48,0,,,,0.5,0.0991763346690878,0.0,0.0,runs/claim3_budget_m48/claim3_results.csv,runs/claim3_budget_m48,48,64,2016,2080
finite_single,0.3221980041583904,0.142155968658822,0.2447688451291528,2,8.0,64,0,,,,1.0,0.0,0.0,0.0,runs/claim3_budget_m48/claim3_results.csv,runs/claim3_budget_m48,48,64,2016,2080
first_order_omp,0.339833239411712,0.146249281809085,0.2415636282399944,2,8.0,48,0,,1.0,-0.0598681258941147,0.5,0.0,0.0,0.0,runs/claim3_budget_m48/claim3_results.csv,runs/claim3_budget_m48,48,64,2016,2080
lifted_omp,0.9982875787272412,0.0096901421109486,0.0123029716778682,2,8.0,48,0,,4.0,0.998695123389794,1.0,0.0,1.0,10.354722720761004,runs/claim3_budget_m48/claim3_results.csv,runs/claim3_budget_m48,48,64,2016,2080
multigain_atp,0.3952017166727279,0.1143868624735483,0.2312117985427159,2,8.0,48,1,,,,1.0,0.0,0.0,0.0,runs/claim3_budget_m48/claim3_results.csv,runs/claim3_budget_m48,48,64,2016,2080
raw_atp,0.3606598679004091,0.1213145238759654,0.2377227252299194,2,8.0,0,1,,,,1.0,0.0,0.0,0.0,runs/claim3_budget_m48/claim3_results.csv,runs/claim3_budget_m48,48,64,2016,2080
scalar_cal_atp,0.3410386439708246,0.1311043186843808,0.2413429908528969,2,8.0,48,1,1.0793819939113367,,,1.0,0.0,0.0,0.0,runs/claim3_budget_m48/claim3_results.csv,runs/claim3_budget_m48,48,64,2016,2080
subset_ridge,-1.8187284649230593,0.3980280102329723,0.4991503014321677,2,8.0,48,0,,,,0.0,0.4715082146775708,0.0,0.0,runs/claim3_budget_m48/claim3_results.csv,runs/claim3_budget_m48,48,64,2016,2080
finite_single,0.5978375782424321,0.1036538576198135,0.1660234102032662,0,5.0,64,0,,,,1.0,0.0,0.0,0.0,runs/claim3_budget_m56/claim3_results.csv,runs/claim3_budget_m56,56,64,2016,2080
first_order_omp,0.6874206634026264,0.071119381710886,0.1463688696841118,0,5.0,56,0,,2.0,0.9721090931996028,1.0,0.0,0.0,0.0,runs/claim3_budget_m56/claim3_results.csv,runs/claim3_budget_m56,56,64,2016,2080
lifted_omp,0.9980781812817652,0.0093135991507152,0.0114769052439406,0,5.0,56,0,,4.0,0.9980505894672838,1.0,0.0,1.0,6.556516261906977,runs/claim3_budget_m56/claim3_results.csv,runs/claim3_budget_m56,56,64,2016,2080
multigain_atp,0.6875499085981567,0.0709867895565201,0.1463386062807631,0,5.0,56,1,,,,1.0,0.0,0.0,0.0,runs/claim3_budget_m56/claim3_results.csv,runs/claim3_budget_m56,56,64,2016,2080
raw_atp,0.6849494904443645,0.0725362276058413,0.1469463082409003,0,5.0,0,1,,,,1.0,0.0,0.0,0.0,runs/claim3_budget_m56/claim3_results.csv,runs/claim3_budget_m56,56,64,2016,2080
scalar_cal_atp,0.6823817730159306,0.0744528520983986,0.1475439122807043,0,5.0,56,1,1.0185765820364778,,,1.0,0.0,0.0,0.0,runs/claim3_budget_m56/claim3_results.csv,runs/claim3_budget_m56,56,64,2016,2080
subset_ridge,0.2072376142085936,0.1824001999076763,0.2330988358164024,0,5.0,56,0,,,,1.0,0.2253890237482883,0.0,0.0,runs/claim3_budget_m56/claim3_results.csv,runs/claim3_budget_m56,56,64,2016,2080
finite_single,0.5759344557893012,0.0970444105791883,0.1593042563000849,1,5.0,64,0,,,,1.0,0.0,0.0,0.0,runs/claim3_budget_m56/claim3_results.csv,runs/claim3_budget_m56,56,64,2016,2080
first_order_omp,0.6620602957795059,0.0748623743391957,0.1422101176710886,1,5.0,56,0,,2.0,0.6580783581895928,1.0,0.0,0.0,0.0,runs/claim3_budget_m56/claim3_results.csv,runs/claim3_budget_m56,56,64,2016,2080
lifted_omp,0.6108939597155163,0.083265446019475,0.152596605288485,1,5.0,56,0,,3.0,0.2908235052605636,1.0,0.0,0.5,0.0,runs/claim3_budget_m56/claim3_results.csv,runs/claim3_budget_m56,56,64,2016,2080
multigain_atp,0.6619562990417918,0.0749160746684524,0.1422319976847205,1,5.0,56,1,,,,1.0,0.0,0.0,0.0,runs/claim3_budget_m56/claim3_results.csv,runs/claim3_budget_m56,56,64,2016,2080
raw_atp,0.6661647370219161,0.0697269574550873,0.1413438740503718,1,5.0,0,1,,,,1.0,0.0,0.0,0.0,runs/claim3_budget_m56/claim3_results.csv,runs/claim3_budget_m56,56,64,2016,2080
scalar_cal_atp,0.6563420413582148,0.0739698129571296,0.1434082344141967,1,5.0,56,1,0.789391742111071,,,1.0,0.0,0.0,0.0,runs/claim3_budget_m56/claim3_results.csv,runs/claim3_budget_m56,56,64,2016,2080
subset_ridge,-1.2684929943395695,0.3000556214239,0.3684508876725588,1,5.0,56,0,,,,0.5,0.4544290033420282,0.0,0.0,runs/claim3_budget_m56/claim3_results.csv,runs/claim3_budget_m56,56,64,2016,2080
finite_single,0.5299301955393322,0.106964789531777,0.1684009447818139,2,5.0,64,0,,,,1.0,0.0,0.0,0.0,runs/claim3_budget_m56/claim3_results.csv,runs/claim3_budget_m56,56,64,2016,2080
first_order_omp,0.5749089165045413,0.096683297061279,0.1601416666854889,2,5.0,56,0,,2.0,0.7144296211515766,1.0,0.0,0.0,0.0,runs/claim3_budget_m56/claim3_results.csv,runs/claim3_budget_m56,56,64,2016,2080
lifted_omp,0.8522398546612319,0.0446966167875262,0.0944152182076499,2,5.0,56,0,,3.0,0.8555476325288779,1.0,0.0,1.0,3.4615832882526836,runs/claim3_budget_m56/claim3_results.csv,runs/claim3_budget_m56,56,64,2016,2080
multigain_atp,0.575127744471785,0.096611108041892,0.1601004425951408,2,5.0,56,1,,,,1.0,0.0,0.0,0.0,runs/claim3_budget_m56/claim3_results.csv,runs/claim3_budget_m56,56,64,2016,2080
raw_atp,0.6022837118045238,0.0762389776014768,0.1548995068751923,2,5.0,0,1,,,,1.0,0.0,0.0,0.0,runs/claim3_budget_m56/claim3_results.csv,runs/claim3_budget_m56,56,64,2016,2080
scalar_cal_atp,0.6193205299327995,0.0744736405295159,0.151545510291145,2,5.0,56,1,0.8085240691559711,,,1.0,0.0,0.0,0.0,runs/claim3_budget_m56/claim3_results.csv,runs/claim3_budget_m56,56,64,2016,2080
subset_ridge,-0.6929615890383334,0.2527151780349452,0.3195853764697574,2,5.0,56,0,,,,0.5,0.1162361274328788,0.0,0.0,runs/claim3_budget_m56/claim3_results.csv,runs/claim3_budget_m56,56,64,2016,2080
finite_single,0.3459393301342061,0.1446072707158786,0.2488428451316541,0,8.0,64,0,,,,1.0,0.0,0.0,0.0,runs/claim3_budget_m56/claim3_results.csv,runs/claim3_budget_m56,56,64,2016,2080
first_order_omp,0.4217455039740586,0.1125233501092198,0.2339783369763666,0,8.0,56,0,,2.0,0.9375995442913716,1.0,0.0,0.0,0.0,runs/claim3_budget_m56/claim3_results.csv,runs/claim3_budget_m56,56,64,2016,2080
lifted_omp,0.3459146187805353,0.1409836012127343,0.2488475459077114,0,8.0,56,0,,1.0,0.1856355081321876,0.5,0.0,1.0,0.0,runs/claim3_budget_m56/claim3_results.csv,runs/claim3_budget_m56,56,64,2016,2080
multigain_atp,0.4218926063125635,0.1123962230934047,0.2339485741729699,0,8.0,56,1,,,,1.0,0.0,0.0,0.0,runs/claim3_budget_m56/claim3_results.csv,runs/claim3_budget_m56,56,64,2016,2080
raw_atp,0.4108840762940521,0.1170756851659635,0.2361655365632845,0,8.0,0,1,,,,1.0,0.0,0.0,0.0,runs/claim3_budget_m56/claim3_results.csv,runs/claim3_budget_m56,56,64,2016,2080
scalar_cal_atp,0.409292042829111,0.1181086753663047,0.2364844294581643,0,8.0,56,1,1.0088931314622658,,,1.0,0.0,0.0,0.0,runs/claim3_budget_m56/claim3_results.csv,runs/claim3_budget_m56,56,64,2016,2080
subset_ridge,-0.2914582700652739,0.2693987107572455,0.3496683543593487,0,8.0,56,0,,,,1.0,0.3435798636121634,0.0,0.0,runs/claim3_budget_m56/claim3_results.csv,runs/claim3_budget_m56,56,64,2016,2080
finite_single,0.3280098382627295,0.1333416176561279,0.237927253493882,1,8.0,64,0,,,,1.0,0.0,0.0,0.0,runs/claim3_budget_m56/claim3_results.csv,runs/claim3_budget_m56,56,64,2016,2080
first_order_omp,0.3067605205642598,0.1421970172554536,0.2416597810613916,1,8.0,56,0,,1.0,0.2086465414611061,0.5,0.0,0.0,0.0,runs/claim3_budget_m56/claim3_results.csv,runs/claim3_budget_m56,56,64,2016,2080
lifted_omp,0.0453828495683852,0.1822103303190334,0.2835811440291954,1,8.0,56,0,,4.0,-1.4270513754632317,0.5,0.0,0.0,0.0,runs/claim3_budget_m56/claim3_results.csv,runs/claim3_budget_m56,56,64,2016,2080
multigain_atp,0.3869407499110044,0.117958188910963,0.2272552676776856,1,8.0,56,1,,,,1.0,0.0,0.0,0.0,runs/claim3_budget_m56/claim3_results.csv,runs/claim3_budget_m56,56,64,2016,2080
raw_atp,0.3860431301051783,0.1127210967358156,0.22742157641172,1,8.0,0,1,,,,1.0,0.0,0.0,0.0,runs/claim3_budget_m56/claim3_results.csv,runs/claim3_budget_m56,56,64,2016,2080
scalar_cal_atp,0.3735911873580049,0.1164020468967814,0.2297162211226706,1,8.0,56,1,0.636361647431073,,,1.0,0.0,0.0,0.0,runs/claim3_budget_m56/claim3_results.csv,runs/claim3_budget_m56,56,64,2016,2080
subset_ridge,-2.9924173969874652,0.4722867027515025,0.5799368477673158,1,8.0,56,0,,,,0.0,0.6989164527099323,0.0,0.0,runs/claim3_budget_m56/claim3_results.csv,runs/claim3_budget_m56,56,64,2016,2080
finite_single,0.2762716289962295,0.1422670478857788,0.2495834106615027,2,8.0,64,0,,,,1.0,0.0,0.0,0.0,runs/claim3_budget_m56/claim3_results.csv,runs/claim3_budget_m56,56,64,2016,2080
first_order_omp,-0.0509169381487948,0.2110737645715442,0.3007544848401574,2,8.0,56,0,,1.0,0.0600630405990264,1.0,0.0,0.0,0.0,runs/claim3_budget_m56/claim3_results.csv,runs/claim3_budget_m56,56,64,2016,2080
lifted_omp,0.9972130349587286,0.0115392623180974,0.0154879406905115,2,8.0,56,0,,9.0,0.9992833298950315,1.0,0.0,1.0,10.38843046332798,runs/claim3_budget_m56/claim3_results.csv,runs/claim3_budget_m56,56,64,2016,2080
multigain_atp,0.2455100283702546,0.1533484099383597,0.2548324045528466,2,8.0,56,1,,,,1.0,0.0,0.0,0.0,runs/claim3_budget_m56/claim3_results.csv,runs/claim3_budget_m56,56,64,2016,2080
raw_atp,0.2792833158961835,0.1240893242895827,0.2490635673492832,2,8.0,0,1,,,,1.0,0.0,0.0,0.0,runs/claim3_budget_m56/claim3_results.csv,runs/claim3_budget_m56,56,64,2016,2080
scalar_cal_atp,0.3191879901285387,0.1180874021145347,0.2420703067309909,2,8.0,56,1,0.6643208877767537,,,1.0,0.0,0.0,0.0,runs/claim3_budget_m56/claim3_results.csv,runs/claim3_budget_m56,56,64,2016,2080
subset_ridge,-1.980562476994557,0.3986030684284134,0.5064971793964852,2,8.0,56,0,,,,0.5,0.2109628837067721,0.0,0.0,runs/claim3_budget_m56/claim3_results.csv,runs/claim3_budget_m56,56,64,2016,2080
finite_single,0.5946335855400406,0.0996193288898184,0.1584014817136197,0,5.0,64,0,,,,1.0,0.0,0.0,0.0,runs/claim3_budget_m64/claim3_results.csv,runs/claim3_budget_m64,64,64,2016,2080
first_order_omp,0.6833732441268896,0.0666652326334607,0.1399939164818178,0,5.0,64,0,,2.0,0.9361564790843856,1.0,0.0,0.0,0.0,runs/claim3_budget_m64/claim3_results.csv,runs/claim3_budget_m64,64,64,2016,2080
lifted_omp,0.864089971913067,0.0378953245902216,0.0917193797307056,0,5.0,64,0,,3.0,0.7591745266213448,1.0,0.0,1.0,3.467028486100597,runs/claim3_budget_m64/claim3_results.csv,runs/claim3_budget_m64,64,64,2016,2080
multigain_atp,0.6833360726383615,0.066707588293265,0.140002133774646,0,5.0,64,1,,,,1.0,0.0,0.0,0.0,runs/claim3_budget_m64/claim3_results.csv,runs/claim3_budget_m64,64,64,2016,2080
raw_atp,0.6810780272553678,0.0694101172305825,0.1405004058910655,0,5.0,0,1,,,,1.0,0.0,0.0,0.0,runs/claim3_budget_m64/claim3_results.csv,runs/claim3_budget_m64,64,64,2016,2080
scalar_cal_atp,0.6897198169189165,0.0674426505397748,0.1385837718735686,0,5.0,64,1,0.9149609024756936,,,1.0,0.0,0.0,0.0,runs/claim3_budget_m64/claim3_results.csv,runs/claim3_budget_m64,64,64,2016,2080
subset_ridge,-6.472423968352058,0.5409266818200646,0.6800895635753941,0,5.0,64,0,,,,0.0,0.8951446164768023,0.0,0.0,runs/claim3_budget_m64/claim3_results.csv,runs/claim3_budget_m64,64,64,2016,2080
finite_single,0.5851993554220094,0.1010593671266216,0.1617692501893238,1,5.0,64,0,,,,1.0,0.0,0.0,0.0,runs/claim3_budget_m64/claim3_results.csv,runs/claim3_budget_m64,64,64,2016,2080
first_order_omp,0.6871926126669547,0.0809196457710367,0.1404800851089785,1,5.0,64,0,,2.0,0.8863407788852136,1.0,0.0,0.0,0.0,runs/claim3_budget_m64/claim3_results.csv,runs/claim3_budget_m64,64,64,2016,2080
lifted_omp,0.9979826319843238,0.0092085395801002,0.011281551407958,1,5.0,64,0,,4.0,0.9975960721701236,1.0,0.0,1.0,6.527300951811673,runs/claim3_budget_m64/claim3_results.csv,runs/claim3_budget_m64,64,64,2016,2080
multigain_atp,0.6872656158008158,0.080872832662242,0.1404636914985641,1,5.0,64,1,,,,1.0,0.0,0.0,0.0,runs/claim3_budget_m64/claim3_results.csv,runs/claim3_budget_m64,64,64,2016,2080
raw_atp,0.6979995106399131,0.0692222663595793,0.1380320965795252,1,5.0,0,1,,,,1.0,0.0,0.0,0.0,runs/claim3_budget_m64/claim3_results.csv,runs/claim3_budget_m64,64,64,2016,2080
scalar_cal_atp,0.7010954225875565,0.0670316854467711,0.1373227665083563,1,5.0,64,1,0.9456468100187628,,,1.0,0.0,0.0,0.0,runs/claim3_budget_m64/claim3_results.csv,runs/claim3_budget_m64,64,64,2016,2080
subset_ridge,-4.16922706552217,0.4683655085156052,0.5710696318488078,1,5.0,64,0,,,,1.0,0.0220608522981962,0.0,0.0,runs/claim3_budget_m64/claim3_results.csv,runs/claim3_budget_m64,64,64,2016,2080
finite_single,0.5650236732547793,0.1086277819257659,0.1682032078034203,2,5.0,64,0,,,,1.0,0.0,0.0,0.0,runs/claim3_budget_m64/claim3_results.csv,runs/claim3_budget_m64,64,64,2016,2080
first_order_omp,0.6623151132967153,0.0832802932355586,0.148203095645625,2,5.0,64,0,,2.0,0.6746084188089263,1.0,0.0,0.0,0.0,runs/claim3_budget_m64/claim3_results.csv,runs/claim3_budget_m64,64,64,2016,2080
lifted_omp,0.9981900808340834,0.008596059925074,0.0108500328413853,2,5.0,64,0,,4.0,0.9988305892281856,1.0,0.0,1.0,6.421668079532587,runs/claim3_budget_m64/claim3_results.csv,runs/claim3_budget_m64,64,64,2016,2080
multigain_atp,0.6624116137290438,0.0832505916172612,0.1481819180844424,2,5.0,64,1,,,,1.0,0.0,0.0,0.0,runs/claim3_budget_m64/claim3_results.csv,runs/claim3_budget_m64,64,64,2016,2080
raw_atp,0.665441436399064,0.0754561747399371,0.1475154602721535,2,5.0,0,1,,,,1.0,0.0,0.0,0.0,runs/claim3_budget_m64/claim3_results.csv,runs/claim3_budget_m64,64,64,2016,2080
scalar_cal_atp,0.6532891437423837,0.0834565609890529,0.1501706925137585,2,5.0,64,1,1.0752662448589545,,,1.0,0.0,0.0,0.0,runs/claim3_budget_m64/claim3_results.csv,runs/claim3_budget_m64,64,64,2016,2080
subset_ridge,-9.011455785907996,0.6539631119845593,0.8069564181178259,2,5.0,64,0,,,,0.0,1.033688531667993,0.0,0.0,runs/claim3_budget_m64/claim3_results.csv,runs/claim3_budget_m64,64,64,2016,2080
finite_single,0.3400921745342412,0.1369175230363704,0.2349890424548805,0,8.0,64,0,,,,1.0,0.0,0.0,0.0,runs/claim3_budget_m64/claim3_results.csv,runs/claim3_budget_m64,64,64,2016,2080
first_order_omp,0.3275503925339696,0.1327158411167273,0.2372115572364915,0,8.0,64,0,,1.0,0.6262287487965486,0.5,0.0,0.0,0.0,runs/claim3_budget_m64/claim3_results.csv,runs/claim3_budget_m64,64,64,2016,2080
lifted_omp,0.7441040702319959,0.0596827255345577,0.1463314450746052,0,8.0,64,0,,3.0,0.4900122141691612,1.0,0.0,1.0,5.564876054952669,runs/claim3_budget_m64/claim3_results.csv,runs/claim3_budget_m64,64,64,2016,2080
multigain_atp,0.4034593190114651,0.1053286007701701,0.2234220360283381,0,8.0,64,1,,,,1.0,0.0,0.0,0.0,runs/claim3_budget_m64/claim3_results.csv,runs/claim3_budget_m64,64,64,2016,2080
raw_atp,0.3915916262296726,0.1118189937023343,0.2256334914707574,0,8.0,0,1,,,,1.0,0.0,0.0,0.0,runs/claim3_budget_m64/claim3_results.csv,runs/claim3_budget_m64,64,64,2016,2080
scalar_cal_atp,0.4140036531346452,0.1076048910417088,0.2214386507934014,0,8.0,64,1,0.8386328393894398,,,1.0,0.0,0.0,0.0,runs/claim3_budget_m64/claim3_results.csv,runs/claim3_budget_m64,64,64,2016,2080
subset_ridge,-12.675659908227695,0.8513766961147081,1.069744638214633,0,8.0,64,0,,,,0.0,1.4048108181961578,0.0,0.0,runs/claim3_budget_m64/claim3_results.csv,runs/claim3_budget_m64,64,64,2016,2080
finite_single,0.341148584589966,0.137565174473404,0.2385675848301239,1,8.0,64,0,,,,1.0,0.0,0.0,0.0,runs/claim3_budget_m64/claim3_results.csv,runs/claim3_budget_m64,64,64,2016,2080
first_order_omp,0.4158486923219492,0.1292993087726134,0.2246365233031698,1,8.0,64,0,,2.0,0.7366629505258078,1.0,0.0,0.0,0.0,runs/claim3_budget_m64/claim3_results.csv,runs/claim3_budget_m64,64,64,2016,2080
lifted_omp,0.9983168804849716,0.0096703508224581,0.012057996960295,1,8.0,64,0,,4.0,0.998279293611558,1.0,0.0,1.0,10.445654967414397,runs/claim3_budget_m64/claim3_results.csv,runs/claim3_budget_m64,64,64,2016,2080
multigain_atp,0.4159268443047679,0.1292608412714323,0.2246214960519224,1,8.0,64,1,,,,1.0,0.0,0.0,0.0,runs/claim3_budget_m64/claim3_results.csv,runs/claim3_budget_m64,64,64,2016,2080
raw_atp,0.4289617668262981,0.1117516369155429,0.2221008833005472,1,8.0,0,1,,,,1.0,0.0,0.0,0.0,runs/claim3_budget_m64/claim3_results.csv,runs/claim3_budget_m64,64,64,2016,2080
scalar_cal_atp,0.4389737621397375,0.1072518150592304,0.2201452294020057,1,8.0,64,1,0.8860589188611453,,,1.0,0.0,0.0,0.0,runs/claim3_budget_m64/claim3_results.csv,runs/claim3_budget_m64,64,64,2016,2080
subset_ridge,-8.647096887984848,0.7501331816738381,0.9128848767881292,1,8.0,64,0,,,,0.0,0.0630060881186324,0.0,0.0,runs/claim3_budget_m64/claim3_results.csv,runs/claim3_budget_m64,64,64,2016,2080
finite_single,0.3258891138779161,0.1454251141251384,0.2495396526527832,2,8.0,64,0,,,,1.0,0.0,0.0,0.0,runs/claim3_budget_m64/claim3_results.csv,runs/claim3_budget_m64,64,64,2016,2080
first_order_omp,0.2828926214664709,0.1634998047071932,0.2573747818439769,2,8.0,64,0,,1.0,0.3583683369743855,0.5,0.0,0.0,0.0,runs/claim3_budget_m64/claim3_results.csv,runs/claim3_budget_m64,64,64,2016,2080
lifted_omp,0.675594177443845,0.1005631053454218,0.1731084294502582,2,8.0,64,0,,2.0,0.7758176989270743,0.5,0.0,1.0,5.774863393774566,runs/claim3_budget_m64/claim3_results.csv,runs/claim3_budget_m64,64,64,2016,2080
multigain_atp,0.3933978828510857,0.1322650776182118,0.2367150424803676,2,8.0,64,1,,,,1.0,0.0,0.0,0.0,runs/claim3_budget_m64/claim3_results.csv,runs/claim3_budget_m64,64,64,2016,2080
raw_atp,0.390697178789691,0.1222398842119719,0.2372414066909081,2,8.0,0,1,,,,1.0,0.0,0.0,0.0,runs/claim3_budget_m64/claim3_results.csv,runs/claim3_budget_m64,64,64,2016,2080
scalar_cal_atp,0.3723298924237637,0.1327609206973264,0.2407906499637796,2,8.0,64,1,1.0918024393489536,,,1.0,0.0,0.0,0.0,runs/claim3_budget_m64/claim3_results.csv,runs/claim3_budget_m64,64,64,2016,2080
subset_ridge,-16.880646106747065,1.0424587557056924,1.2851845613254511,2,8.0,64,0,,,,0.0,1.6650771735174394,0.0,0.0,runs/claim3_budget_m64/claim3_results.csv,runs/claim3_budget_m64,64,64,2016,2080
finite_single,0.6207839562572417,0.0994090425598341,0.1580563727838862,0,5.0,64,0,,,,1.0,0.0,0.0,0.0,runs/claim3_budget_m72/claim3_results.csv,runs/claim3_budget_m72,72,64,2016,2080
first_order_omp,0.6412533003041485,0.0982678573831258,0.1537314122565482,0,5.0,72,0,,7.0,0.831195013865631,1.0,0.0,0.0,0.0,runs/claim3_budget_m72/claim3_results.csv,runs/claim3_budget_m72,72,64,2016,2080
lifted_omp,0.9979746715077302,0.0091280698809481,0.0115509152078181,0,5.0,72,0,,4.0,0.9985337092458876,1.0,0.0,1.0,6.5585542509860835,runs/claim3_budget_m72/claim3_results.csv,runs/claim3_budget_m72,72,64,2016,2080
multigain_atp,0.691425048967205,0.068297445981893,0.1425768429542309,0,5.0,72,1,,,,1.0,0.0,0.0,0.0,runs/claim3_budget_m72/claim3_results.csv,runs/claim3_budget_m72,72,64,2016,2080
raw_atp,0.6882306147936454,0.0697828945530658,0.1433129358628198,0,5.0,0,1,,,,1.0,0.0,0.0,0.0,runs/claim3_budget_m72/claim3_results.csv,runs/claim3_budget_m72,72,64,2016,2080
scalar_cal_atp,0.690112289906758,0.067893555407659,0.1428798007891071,0,5.0,72,1,0.9640068727548432,,,1.0,0.0,0.0,0.0,runs/claim3_budget_m72/claim3_results.csv,runs/claim3_budget_m72,72,64,2016,2080
subset_ridge,-0.0234748046487249,0.2011473463795152,0.2596613062843292,0,5.0,72,0,,,,1.0,0.0692528730752898,0.0,0.0,runs/claim3_budget_m72/claim3_results.csv,runs/claim3_budget_m72,72,64,2016,2080
finite_single,0.5688883785087913,0.0973906161233599,0.1552790105830498,1,5.0,64,0,,,,1.0,0.0,0.0,0.0,runs/claim3_budget_m72/claim3_results.csv,runs/claim3_budget_m72,72,64,2016,2080
first_order_omp,0.5686508088747024,0.1004313626459146,0.1553217889438818,1,5.0,72,0,,3.0,0.7818320170713625,1.0,0.0,0.0,0.0,runs/claim3_budget_m72/claim3_results.csv,runs/claim3_budget_m72,72,64,2016,2080
lifted_omp,0.9977010014057603,0.0091923675574107,0.0113393260418431,1,5.0,72,0,,5.0,0.996318931998706,1.0,0.0,1.0,6.490489019542423,runs/claim3_budget_m72/claim3_results.csv,runs/claim3_budget_m72,72,64,2016,2080
multigain_atp,0.63262633911867,0.0827418176602971,0.1433414845356569,1,5.0,72,1,,,,1.0,0.0,0.0,0.0,runs/claim3_budget_m72/claim3_results.csv,runs/claim3_budget_m72,72,64,2016,2080
raw_atp,0.6511174080949693,0.0704963167469147,0.1396874984625426,1,5.0,0,1,,,,1.0,0.0,0.0,0.0,runs/claim3_budget_m72/claim3_results.csv,runs/claim3_budget_m72,72,64,2016,2080
scalar_cal_atp,0.6482175345004078,0.0744319413033062,0.1402668306517549,1,5.0,72,1,0.7693568378071766,,,1.0,0.0,0.0,0.0,runs/claim3_budget_m72/claim3_results.csv,runs/claim3_budget_m72,72,64,2016,2080
subset_ridge,-2.501595824586889,0.3502290531651341,0.4425383353092533,1,5.0,72,0,,,,0.0,0.5932670544764074,0.0,0.0,runs/claim3_budget_m72/claim3_results.csv,runs/claim3_budget_m72,72,64,2016,2080
finite_single,0.5537158473419881,0.112681996878402,0.1755404821833771,2,5.0,64,0,,,,1.0,0.0,0.0,0.0,runs/claim3_budget_m72/claim3_results.csv,runs/claim3_budget_m72,72,64,2016,2080
first_order_omp,0.3873252975443437,0.152591939074614,0.2056773785876616,2,5.0,72,0,,7.0,0.7112670241341634,1.0,0.0,0.0,0.0,runs/claim3_budget_m72/claim3_results.csv,runs/claim3_budget_m72,72,64,2016,2080
lifted_omp,0.9978156696816612,0.0099564894754885,0.0122809145930261,2,5.0,72,0,,8.0,0.9963439652819092,1.0,0.0,1.0,6.494283099097813,runs/claim3_budget_m72/claim3_results.csv,runs/claim3_budget_m72,72,64,2016,2080
multigain_atp,0.6664019342041736,0.0771861198528604,0.1517690851220354,2,5.0,72,1,,,,1.0,0.0,0.0,0.0,runs/claim3_budget_m72/claim3_results.csv,runs/claim3_budget_m72,72,64,2016,2080
raw_atp,0.6623232005530586,0.0759856130362208,0.1526940680422764,2,5.0,0,1,,,,1.0,0.0,0.0,0.0,runs/claim3_budget_m72/claim3_results.csv,runs/claim3_budget_m72,72,64,2016,2080
scalar_cal_atp,0.6540936212480339,0.0817205235936681,0.1545435341457014,2,5.0,72,1,1.050902401120686,,,1.0,0.0,0.0,0.0,runs/claim3_budget_m72/claim3_results.csv,runs/claim3_budget_m72,72,64,2016,2080
subset_ridge,-0.8587885278797613,0.2773648518367176,0.3582502861146875,2,5.0,72,0,,,,0.5,0.0333353892425784,0.0,0.0,runs/claim3_budget_m72/claim3_results.csv,runs/claim3_budget_m72,72,64,2016,2080
finite_single,0.3748750293129703,0.1383111224249994,0.2405659157942862,0,8.0,64,0,,,,1.0,0.0,0.0,0.0,runs/claim3_budget_m72/claim3_results.csv,runs/claim3_budget_m72,72,64,2016,2080
first_order_omp,0.3472612826342005,0.1563487585801626,0.2458217795610352,0,8.0,72,0,,7.0,0.6172811470056582,1.0,0.0,0.0,0.0,runs/claim3_budget_m72/claim3_results.csv,runs/claim3_budget_m72,72,64,2016,2080
lifted_omp,0.998362769378662,0.0096545078930151,0.0123113478093938,0,8.0,72,0,,4.0,0.998653863220885,1.0,0.0,1.0,10.465630753072986,runs/claim3_budget_m72/claim3_results.csv,runs/claim3_budget_m72,72,64,2016,2080
multigain_atp,0.4355161989445574,0.1088361803439522,0.2286000985032724,0,8.0,72,1,,,,1.0,0.0,0.0,0.0,runs/claim3_budget_m72/claim3_results.csv,runs/claim3_budget_m72,72,64,2016,2080
raw_atp,0.4232941423092579,0.1131268413586765,0.2310616406647308,0,8.0,0,1,,,,1.0,0.0,0.0,0.0,runs/claim3_budget_m72/claim3_results.csv,runs/claim3_budget_m72,72,64,2016,2080
scalar_cal_atp,0.4296802037433808,0.1090766295181224,0.2297787670207369,0,8.0,72,1,0.9168556437261488,,,1.0,0.0,0.0,0.0,runs/claim3_budget_m72/claim3_results.csv,runs/claim3_budget_m72,72,64,2016,2080
subset_ridge,-0.8476410211672942,0.3202574173839411,0.4135799433184694,0,8.0,72,0,,,,0.5,0.0997511490409194,0.0,0.0,runs/claim3_budget_m72/claim3_results.csv,runs/claim3_budget_m72,72,64,2016,2080
finite_single,0.3200459829153392,0.1327624807517104,0.2311068207492507,1,8.0,64,0,,,,1.0,0.0,0.0,0.0,runs/claim3_budget_m72/claim3_results.csv,runs/claim3_budget_m72,72,64,2016,2080
first_order_omp,0.2117692087279861,0.1606176688820088,0.2488282523294328,1,8.0,72,0,,3.0,0.467916194601459,0.5,0.0,0.0,0.0,runs/claim3_budget_m72/claim3_results.csv,runs/claim3_budget_m72,72,64,2016,2080
lifted_omp,0.998203802160568,0.0096019976449771,0.0118781847548452,1,8.0,72,0,,5.0,0.9977860518531344,1.0,0.0,1.0,10.40284979826998,runs/claim3_budget_m72/claim3_results.csv,runs/claim3_budget_m72,72,64,2016,2080
multigain_atp,0.3298360049909158,0.1316861448751212,0.229437043062255,1,8.0,72,1,,,,1.0,0.0,0.0,0.0,runs/claim3_budget_m72/claim3_results.csv,runs/claim3_budget_m72,72,64,2016,2080
raw_atp,0.3545930097614914,0.1140267684447836,0.2251592657006959,1,8.0,0,1,,,,1.0,0.0,0.0,0.0,runs/claim3_budget_m72/claim3_results.csv,runs/claim3_budget_m72,72,64,2016,2080
scalar_cal_atp,0.355100088777989,0.1176202605964848,0.2250707975129305,1,8.0,72,1,0.6023479292579319,,,1.0,0.0,0.0,0.0,runs/claim3_budget_m72/claim3_results.csv,runs/claim3_budget_m72,72,64,2016,2080
subset_ridge,-5.42383906040907,0.5621013985432176,0.7103466180695488,1,8.0,72,0,,,,0.0,0.9588320157306356,0.0,0.0,runs/claim3_budget_m72/claim3_results.csv,runs/claim3_budget_m72,72,64,2016,2080
finite_single,0.3100685567416532,0.1502226664164941,0.2595073578872727,2,8.0,64,0,,,,1.0,0.0,0.0,0.0,runs/claim3_budget_m72/claim3_results.csv,runs/claim3_budget_m72,72,64,2016,2080
first_order_omp,-0.1075666140921027,0.2438004210001213,0.3287998683891865,2,8.0,72,0,,7.0,0.4959032623171746,0.5,0.0,0.0,0.0,runs/claim3_budget_m72/claim3_results.csv,runs/claim3_budget_m72,72,64,2016,2080
lifted_omp,0.9984098876391432,0.0099089022262539,0.0124583524717893,2,8.0,72,0,,7.0,0.9972188510284344,1.0,0.0,1.0,10.398854775889802,runs/claim3_budget_m72/claim3_results.csv,runs/claim3_budget_m72,72,64,2016,2080
multigain_atp,0.3963594841365749,0.1236592017865883,0.2427369539377261,2,8.0,72,1,,,,1.0,0.0,0.0,0.0,runs/claim3_budget_m72/claim3_results.csv,runs/claim3_budget_m72,72,64,2016,2080
raw_atp,0.3820169108636378,0.1236217489553145,0.2456037550337415,2,8.0,0,1,,,,1.0,0.0,0.0,0.0,runs/claim3_budget_m72/claim3_results.csv,runs/claim3_budget_m72,72,64,2016,2080
scalar_cal_atp,0.3697985947433839,0.1309408792539632,0.2480198214958796,2,8.0,72,1,1.0595520371410023,,,1.0,0.0,0.0,0.0,runs/claim3_budget_m72/claim3_results.csv,runs/claim3_budget_m72,72,64,2016,2080
subset_ridge,-2.382502440942699,0.444805356121863,0.5746001913790518,2,8.0,72,0,,,,0.5,0.0409945297761146,0.0,0.0,runs/claim3_budget_m72/claim3_results.csv,runs/claim3_budget_m72,72,64,2016,2080
finite_single,0.5848787476716291,0.0994604239598986,0.1585397051100885,0,5.0,64,0,,,,1.0,0.0,0.0,0.0,runs/claim3_budget_m80/claim3_results.csv,runs/claim3_budget_m80,80,64,2016,2080
first_order_omp,0.6680964331636562,0.0672723678024209,0.1417609196410905,0,5.0,80,0,,2.0,0.8260025964688346,1.0,0.0,0.0,0.0,runs/claim3_budget_m80/claim3_results.csv,runs/claim3_budget_m80,80,64,2016,2080
lifted_omp,0.8633732377478549,0.036085328197402,0.0909532978089841,0,5.0,80,0,,3.0,0.7679103631002517,1.0,0.0,1.0,3.463538532429167,runs/claim3_budget_m80/claim3_results.csv,runs/claim3_budget_m80,80,64,2016,2080
multigain_atp,0.6680954568510443,0.0672968855288638,0.1417611281397114,0,5.0,80,1,,,,1.0,0.0,0.0,0.0,runs/claim3_budget_m80/claim3_results.csv,runs/claim3_budget_m80,80,64,2016,2080
raw_atp,0.6541004221848439,0.0707079265557269,0.1447190083914963,0,5.0,0,1,,,,1.0,0.0,0.0,0.0,runs/claim3_budget_m80/claim3_results.csv,runs/claim3_budget_m80,80,64,2016,2080
scalar_cal_atp,0.664708157141016,0.0686111622280884,0.1424826736785737,0,5.0,80,1,0.901764673619793,,,1.0,0.0,0.0,0.0,runs/claim3_budget_m80/claim3_results.csv,runs/claim3_budget_m80,80,64,2016,2080
subset_ridge,-0.5337905441889088,0.2436946585105032,0.3047428958324271,0,5.0,80,0,,,,0.5,0.1456299630548066,0.0,0.0,runs/claim3_budget_m80/claim3_results.csv,runs/claim3_budget_m80,80,64,2016,2080
finite_single,0.5799675836887784,0.0970506595582981,0.1539686700707656,1,5.0,64,0,,,,1.0,0.0,0.0,0.0,runs/claim3_budget_m80/claim3_results.csv,runs/claim3_budget_m80,80,64,2016,2080
first_order_omp,0.6885317244740403,0.0699039184901794,0.132586059471321,1,5.0,80,0,,2.0,0.6637405217580603,1.0,0.0,0.0,0.0,runs/claim3_budget_m80/claim3_results.csv,runs/claim3_budget_m80,80,64,2016,2080
lifted_omp,0.9980299343415228,0.008306073534693,0.010544629005758,1,5.0,80,0,,4.0,0.9981496389437952,1.0,0.0,1.0,6.541506834711729,runs/claim3_budget_m80/claim3_results.csv,runs/claim3_budget_m80,80,64,2016,2080
multigain_atp,0.688518425924443,0.0699049996444637,0.1325888899096131,1,5.0,80,1,,,,1.0,0.0,0.0,0.0,runs/claim3_budget_m80/claim3_results.csv,runs/claim3_budget_m80,80,64,2016,2080
raw_atp,0.6820584825023656,0.067694086958397,0.1339567417317568,1,5.0,0,1,,,,1.0,0.0,0.0,0.0,runs/claim3_budget_m80/claim3_results.csv,runs/claim3_budget_m80,80,64,2016,2080
scalar_cal_atp,0.6907466774203508,0.0670915848870275,0.1321137868995593,1,5.0,80,1,0.8324859997147049,,,1.0,0.0,0.0,0.0,runs/claim3_budget_m80/claim3_results.csv,runs/claim3_budget_m80,80,64,2016,2080
subset_ridge,-2.313528415590874,0.3509936406293099,0.4324504006504571,1,5.0,80,0,,,,0.5,0.6083820177976743,0.0,0.0,runs/claim3_budget_m80/claim3_results.csv,runs/claim3_budget_m80,80,64,2016,2080
finite_single,0.528946466683543,0.1112534302341239,0.172787473802859,2,5.0,64,0,,,,1.0,0.0,0.0,0.0,runs/claim3_budget_m80/claim3_results.csv,runs/claim3_budget_m80,80,64,2016,2080
first_order_omp,0.3912676798971342,0.1355411525797134,0.1964220786758578,2,5.0,80,0,,1.0,-0.054158330959674,0.5,0.0,0.0,0.0,runs/claim3_budget_m80/claim3_results.csv,runs/claim3_budget_m80,80,64,2016,2080
lifted_omp,0.9979729760600512,0.0090018943357573,0.0113346094704169,2,5.0,80,0,,4.0,0.9983442748162782,1.0,0.0,1.0,6.449550879123589,runs/claim3_budget_m80/claim3_results.csv,runs/claim3_budget_m80,80,64,2016,2080
multigain_atp,0.6491622182459977,0.0760703553423072,0.1491180790831995,2,5.0,80,1,,,,1.0,0.0,0.0,0.0,runs/claim3_budget_m80/claim3_results.csv,runs/claim3_budget_m80,80,64,2016,2080
raw_atp,0.6504541251536016,0.0765965142248858,0.148843273515261,2,5.0,0,1,,,,1.0,0.0,0.0,0.0,runs/claim3_budget_m80/claim3_results.csv,runs/claim3_budget_m80,80,64,2016,2080
scalar_cal_atp,0.6500812619873699,0.0753299802084635,0.1489226384656697,2,5.0,80,1,0.8250120771353457,,,1.0,0.0,0.0,0.0,runs/claim3_budget_m80/claim3_results.csv,runs/claim3_budget_m80,80,64,2016,2080
subset_ridge,-1.6387978537152177,0.3301650631598868,0.4089593891044756,2,5.0,80,0,,,,0.5,0.6135315000009444,0.0,0.0,runs/claim3_budget_m80/claim3_results.csv,runs/claim3_budget_m80,80,64,2016,2080
finite_single,0.3295085045784832,0.1369067990199342,0.2374633750038569,0,8.0,64,0,,,,1.0,0.0,0.0,0.0,runs/claim3_budget_m80/claim3_results.csv,runs/claim3_budget_m80,80,64,2016,2080
first_order_omp,0.3913117325877093,0.1061819293089987,0.2262546244576551,0,8.0,80,0,,2.0,0.6007121273430165,1.0,0.0,0.0,0.0,runs/claim3_budget_m80/claim3_results.csv,runs/claim3_budget_m80,80,64,2016,2080
lifted_omp,0.7512399599212256,0.0553879625793643,0.1446406311743136,0,8.0,80,0,,3.0,0.5232003761886612,1.0,0.0,1.0,5.554108919180835,runs/claim3_budget_m80/claim3_results.csv,runs/claim3_budget_m80,80,64,2016,2080
multigain_atp,0.3913094034653315,0.1062029723734901,0.2262550573345751,0,8.0,80,1,,,,1.0,0.0,0.0,0.0,runs/claim3_budget_m80/claim3_results.csv,runs/claim3_budget_m80,80,64,2016,2080
raw_atp,0.3557361910411744,0.1143485263749823,0.2327726051480766,0,8.0,0,1,,,,1.0,0.0,0.0,0.0,runs/claim3_budget_m80/claim3_results.csv,runs/claim3_budget_m80,80,64,2016,2080
scalar_cal_atp,0.3817066486434878,0.1100062829034478,0.2280327829351742,0,8.0,80,1,0.8140776768729049,,,1.0,0.0,0.0,0.0,runs/claim3_budget_m80/claim3_results.csv,runs/claim3_budget_m80,80,64,2016,2080
subset_ridge,-1.8025042734315455,0.3879426522775425,0.4854820095934243,0,8.0,80,0,,,,0.5,0.2449062485223991,0.0,0.0,runs/claim3_budget_m80/claim3_results.csv,runs/claim3_budget_m80,80,64,2016,2080
finite_single,0.328921667131843,0.1307690340097476,0.2247517093941045,1,8.0,64,0,,,,1.0,0.0,0.0,0.0,runs/claim3_budget_m80/claim3_results.csv,runs/claim3_budget_m80,80,64,2016,2080
first_order_omp,0.4051829797636174,0.1100312587903146,0.21159630938757,1,8.0,80,0,,2.0,0.2540738077963579,1.0,0.0,0.0,0.0,runs/claim3_budget_m80/claim3_results.csv,runs/claim3_budget_m80,80,64,2016,2080
lifted_omp,0.9982585523717664,0.0088766883597697,0.0114491067350096,1,8.0,80,0,,5.0,0.9985130480554174,1.0,0.0,1.0,10.456962486267866,runs/claim3_budget_m80/claim3_results.csv,runs/claim3_budget_m80,80,64,2016,2080
multigain_atp,0.4051686398539319,0.1100318397815762,0.2115988599649541,1,8.0,80,1,,,,1.0,0.0,0.0,0.0,runs/claim3_budget_m80/claim3_results.csv,runs/claim3_budget_m80,80,64,2016,2080
raw_atp,0.3832035634491719,0.1096016557524676,0.2154702537158086,1,8.0,0,1,,,,1.0,0.0,0.0,0.0,runs/claim3_budget_m80/claim3_results.csv,runs/claim3_budget_m80,80,64,2016,2080
scalar_cal_atp,0.4074743177449044,0.1063745986215562,0.2111883633588151,1,8.0,80,1,0.7041997867422954,,,1.0,0.0,0.0,0.0,runs/claim3_budget_m80/claim3_results.csv,runs/claim3_budget_m80,80,64,2016,2080
subset_ridge,-5.258072242174579,0.5573254767655313,0.6863358449503794,1,8.0,80,0,,,,0.0,0.9760006246929545,0.0,0.0,runs/claim3_budget_m80/claim3_results.csv,runs/claim3_budget_m80,80,64,2016,2080
finite_single,0.2881994905010256,0.1482339869667807,0.2538460003481282,2,8.0,64,0,,,,1.0,0.0,0.0,0.0,runs/claim3_budget_m80/claim3_results.csv,runs/claim3_budget_m80,80,64,2016,2080
first_order_omp,0.2519639254160422,0.1610455542665226,0.2602270562805553,2,8.0,80,0,,1.0,-0.0415365697358942,0.5,0.0,0.0,0.0,runs/claim3_budget_m80/claim3_results.csv,runs/claim3_budget_m80,80,64,2016,2080
lifted_omp,0.9983519550939748,0.0096096173680453,0.0122145001250365,2,8.0,80,0,,4.0,0.9990243687145888,1.0,0.0,1.0,10.353933205347808,runs/claim3_budget_m80/claim3_results.csv,runs/claim3_budget_m80,80,64,2016,2080
multigain_atp,0.3703109808617025,0.1211194205727868,0.2387559688389122,2,8.0,80,1,,,,1.0,0.0,0.0,0.0,runs/claim3_budget_m80/claim3_results.csv,runs/claim3_budget_m80,80,64,2016,2080
raw_atp,0.3658681425322789,0.124705260523493,0.2395967725080037,2,8.0,0,1,,,,1.0,0.0,0.0,0.0,runs/claim3_budget_m80/claim3_results.csv,runs/claim3_budget_m80,80,64,2016,2080
scalar_cal_atp,0.3700677193963438,0.120077904915462,0.2388020824892875,2,8.0,80,1,0.6916603859296706,,,1.0,0.0,0.0,0.0,runs/claim3_budget_m80/claim3_results.csv,runs/claim3_budget_m80,80,64,2016,2080
subset_ridge,-3.791161249104709,0.5300380973870591,0.6585846004141481,2,8.0,80,0,,,,0.0,0.9739961294567192,0.0,0.0,runs/claim3_budget_m80/claim3_results.csv,runs/claim3_budget_m80,80,64,2016,2080
finite_single,0.6011357228726899,0.1004139464575566,0.1605510496918379,0,5.0,64,0,,,,1.0,0.0,0.0,0.0,runs/claim3_budget_m96/claim3_results.csv,runs/claim3_budget_m96,96,64,2016,2080
first_order_omp,0.6872907373733292,0.0669417389213614,0.1421578842171377,0,5.0,96,0,,2.0,0.8328202829893037,1.0,0.0,0.0,0.0,runs/claim3_budget_m96/claim3_results.csv,runs/claim3_budget_m96,96,64,2016,2080
lifted_omp,0.9982014132711146,0.0085929346826149,0.0107811793464244,0,5.0,96,0,,4.0,0.9978499782169932,1.0,0.0,1.0,6.3547561824744765,runs/claim3_budget_m96/claim3_results.csv,runs/claim3_budget_m96,96,64,2016,2080
multigain_atp,0.6872875355503945,0.0669459501416786,0.1421586119909253,0,5.0,96,1,,,,1.0,0.0,0.0,0.0,runs/claim3_budget_m96/claim3_results.csv,runs/claim3_budget_m96,96,64,2016,2080
raw_atp,0.6705237230225732,0.0717091960842068,0.1459192716745577,0,5.0,0,1,,,,1.0,0.0,0.0,0.0,runs/claim3_budget_m96/claim3_results.csv,runs/claim3_budget_m96,96,64,2016,2080
scalar_cal_atp,0.6756676097301069,0.0694903177739794,0.1447757220939793,0,5.0,96,1,0.9278010952553192,,,1.0,0.0,0.0,0.0,runs/claim3_budget_m96/claim3_results.csv,runs/claim3_budget_m96,96,64,2016,2080
subset_ridge,0.5003837552327459,0.1295903747227524,0.1796879085259039,0,5.0,96,0,,,,1.0,0.0849141413762941,0.0,0.0,runs/claim3_budget_m96/claim3_results.csv,runs/claim3_budget_m96,96,64,2016,2080
finite_single,0.560869147625871,0.0962869878498507,0.1547032912798253,1,5.0,64,0,,,,1.0,0.0,0.0,0.0,runs/claim3_budget_m96/claim3_results.csv,runs/claim3_budget_m96,96,64,2016,2080
first_order_omp,0.5963997883149326,0.0925130586381138,0.1483126758925607,1,5.0,96,0,,5.0,0.7624780101045577,1.0,0.0,0.0,0.0,runs/claim3_budget_m96/claim3_results.csv,runs/claim3_budget_m96,96,64,2016,2080
lifted_omp,0.9978116305149004,0.0086028085086166,0.0109210124722507,1,5.0,96,0,,4.0,0.9968368258369046,1.0,0.0,1.0,6.481495807633971,runs/claim3_budget_m96/claim3_results.csv,runs/claim3_budget_m96,96,64,2016,2080
multigain_atp,0.6806806781317372,0.0588968804254484,0.1319213773796493,1,5.0,96,1,,,,1.0,0.0,0.0,0.0,runs/claim3_budget_m96/claim3_results.csv,runs/claim3_budget_m96,96,64,2016,2080
raw_atp,0.6710941402770746,0.0679298130465933,0.1338869916512317,1,5.0,0,1,,,,1.0,0.0,0.0,0.0,runs/claim3_budget_m96/claim3_results.csv,runs/claim3_budget_m96,96,64,2016,2080
scalar_cal_atp,0.6791322981921355,0.0651367780266119,0.1322408340790786,1,5.0,96,1,0.9133503701735692,,,1.0,0.0,0.0,0.0,runs/claim3_budget_m96/claim3_results.csv,runs/claim3_budget_m96,96,64,2016,2080
subset_ridge,0.0059552443810315,0.1834209661253739,0.2327584986070432,1,5.0,96,0,,,,1.0,0.0546142220044665,0.0,0.0,runs/claim3_budget_m96/claim3_results.csv,runs/claim3_budget_m96,96,64,2016,2080
finite_single,0.5710219781674967,0.1063111865704792,0.1634926962024988,2,5.0,64,0,,,,1.0,0.0,0.0,0.0,runs/claim3_budget_m96/claim3_results.csv,runs/claim3_budget_m96,96,64,2016,2080
first_order_omp,0.6851150401149537,0.0691438710070345,0.1400737622774782,2,5.0,96,0,,2.0,0.4810825670232979,1.0,0.0,0.0,0.0,runs/claim3_budget_m96/claim3_results.csv,runs/claim3_budget_m96,96,64,2016,2080
lifted_omp,0.997071202678104,0.0103820292347775,0.013509071311359,2,5.0,96,0,,8.0,0.9988118883479402,1.0,0.0,1.0,6.633328088360118,runs/claim3_budget_m96/claim3_results.csv,runs/claim3_budget_m96,96,64,2016,2080
multigain_atp,0.6850679602736272,0.0691874204148662,0.1400842334095768,2,5.0,96,1,,,,1.0,0.0,0.0,0.0,runs/claim3_budget_m96/claim3_results.csv,runs/claim3_budget_m96,96,64,2016,2080
raw_atp,0.6739198788083007,0.0723677940708932,0.1425420487908666,2,5.0,0,1,,,,1.0,0.0,0.0,0.0,runs/claim3_budget_m96/claim3_results.csv,runs/claim3_budget_m96,96,64,2016,2080
scalar_cal_atp,0.681577747563169,0.0714105928078935,0.1408583315467454,2,5.0,96,1,0.824341683549126,,,1.0,0.0,0.0,0.0,runs/claim3_budget_m96/claim3_results.csv,runs/claim3_budget_m96,96,64,2016,2080
subset_ridge,-0.2872587133365283,0.2217536491842939,0.2832133720784628,2,5.0,96,0,,,,1.0,0.4998875355243302,0.0,0.0,runs/claim3_budget_m96/claim3_results.csv,runs/claim3_budget_m96,96,64,2016,2080
finite_single,0.3483142514589502,0.1400150412182577,0.2430904973098125,0,8.0,64,0,,,,1.0,0.0,0.0,0.0,runs/claim3_budget_m96/claim3_results.csv,runs/claim3_budget_m96,96,64,2016,2080
first_order_omp,0.4300431134498155,0.1047228493450403,0.2273368682647312,0,8.0,96,0,,2.0,0.6153443970395771,1.0,0.0,0.0,0.0,runs/claim3_budget_m96/claim3_results.csv,runs/claim3_budget_m96,96,64,2016,2080
lifted_omp,0.998581563830242,0.0089793741289807,0.0113410631528478,0,8.0,96,0,,4.0,0.9980433074048763,1.0,0.0,1.0,10.271751710391404,runs/claim3_budget_m96/claim3_results.csv,runs/claim3_budget_m96,96,64,2016,2080
multigain_atp,0.4300436645807097,0.104718862706158,0.2273367583508019,0,8.0,96,1,,,,1.0,0.0,0.0,0.0,runs/claim3_budget_m96/claim3_results.csv,runs/claim3_budget_m96,96,64,2016,2080
raw_atp,0.3900647650472055,0.1160339483726931,0.2351747719369884,0,8.0,0,1,,,,1.0,0.0,0.0,0.0,runs/claim3_budget_m96/claim3_results.csv,runs/claim3_budget_m96,96,64,2016,2080
scalar_cal_atp,0.4038965230763397,0.1116415809760155,0.2324929016293988,0,8.0,96,1,0.8620172322427718,,,1.0,0.0,0.0,0.0,runs/claim3_budget_m96/claim3_results.csv,runs/claim3_budget_m96,96,64,2016,2080
subset_ridge,0.0851538473575346,0.2081539898448953,0.288020170578018,0,8.0,96,0,,,,1.0,0.1291787667885771,0.0,0.0,runs/claim3_budget_m96/claim3_results.csv,runs/claim3_budget_m96,96,64,2016,2080
finite_single,0.3175447331878059,0.1292740154283693,0.2260198990276316,1,8.0,64,0,,,,1.0,0.0,0.0,0.0,runs/claim3_budget_m96/claim3_results.csv,runs/claim3_budget_m96,96,64,2016,2080
first_order_omp,0.4101973459631164,0.0907934298713154,0.2101178474047333,1,8.0,96,0,,2.0,0.5411420300133506,1.0,0.0,0.0,0.0,runs/claim3_budget_m96/claim3_results.csv,runs/claim3_budget_m96,96,64,2016,2080
lifted_omp,0.9982364283046302,0.0090027510797743,0.0114896326010987,1,8.0,96,0,,4.0,0.9971882912247064,1.0,0.0,1.0,10.393045218934247,runs/claim3_budget_m96/claim3_results.csv,runs/claim3_budget_m96,96,64,2016,2080
multigain_atp,0.4101878444680791,0.090808229721946,0.2101195398569717,1,8.0,96,1,,,,1.0,0.0,0.0,0.0,runs/claim3_budget_m96/claim3_results.csv,runs/claim3_budget_m96,96,64,2016,2080
raw_atp,0.3844100817392555,0.1091269225888658,0.2146620789098336,1,8.0,0,1,,,,1.0,0.0,0.0,0.0,runs/claim3_budget_m96/claim3_results.csv,runs/claim3_budget_m96,96,64,2016,2080
scalar_cal_atp,0.4047916507081588,0.1038723027024638,0.2110785436223609,1,8.0,96,1,0.8404558564209006,,,1.0,0.0,0.0,0.0,runs/claim3_budget_m96/claim3_results.csv,runs/claim3_budget_m96,96,64,2016,2080
subset_ridge,-0.8603083415815189,0.29439861458731,0.3731659837487548,1,8.0,96,0,,,,0.5,0.0947837851018153,0.0,0.0,runs/claim3_budget_m96/claim3_results.csv,runs/claim3_budget_m96,96,64,2016,2080
finite_single,0.3212241377776802,0.1417654055209557,0.2391694799874042,2,8.0,64,0,,,,1.0,0.0,0.0,0.0,runs/claim3_budget_m96/claim3_results.csv,runs/claim3_budget_m96,96,64,2016,2080
first_order_omp,0.2873808270244218,0.1495956498257567,0.2450593716677611,2,8.0,96,0,,1.0,0.2323849753934038,0.5,0.0,0.0,0.0,runs/claim3_budget_m96/claim3_results.csv,runs/claim3_budget_m96,96,64,2016,2080
lifted_omp,0.9981399602414064,0.0095310256498742,0.012519981234518,2,8.0,96,0,,4.0,0.9991033636880492,1.0,0.0,1.0,10.497766107932073,runs/claim3_budget_m96/claim3_results.csv,runs/claim3_budget_m96,96,64,2016,2080
multigain_atp,0.4055928621750633,0.1088728241851007,0.2238126205056149,2,8.0,96,1,,,,1.0,0.0,0.0,0.0,runs/claim3_budget_m96/claim3_results.csv,runs/claim3_budget_m96,96,64,2016,2080
raw_atp,0.3744847555320477,0.1176852775032062,0.2295945175557373,2,8.0,0,1,,,,1.0,0.0,0.0,0.0,runs/claim3_budget_m96/claim3_results.csv,runs/claim3_budget_m96,96,64,2016,2080
scalar_cal_atp,0.3967784137884349,0.113509551223349,0.2254659695334574,2,8.0,96,1,0.6944455218251457,,,1.0,0.0,0.0,0.0,runs/claim3_budget_m96/claim3_results.csv,runs/claim3_budget_m96,96,64,2016,2080
subset_ridge,-1.3864861912537365,0.3510292280849426,0.4484582595576915,2,8.0,96,0,,,,0.0,0.790236615450959,0.0,0.0,runs/claim3_budget_m96/claim3_results.csv,runs/claim3_budget_m96,96,64,2016,2080
finite_single,0.59066981906245,0.1009351794013906,0.1605152166478164,0,5.0,64,0,,,,1.0,0.0,0.0,0.0,runs/claim3_budget_m112/claim3_results.csv,runs/claim3_budget_m112,112,64,2016,2080
first_order_omp,0.6801510765006678,0.0792768725950418,0.1418899946219735,0,5.0,112,0,,4.0,0.8140347374807844,1.0,0.0,0.0,0.0,runs/claim3_budget_m112/claim3_results.csv,runs/claim3_budget_m112,112,64,2016,2080
lifted_omp,0.9976478462942856,0.0096151977724677,0.0121678031357684,0,5.0,112,0,,5.0,0.998445712499772,1.0,0.0,1.0,6.54549676157421,runs/claim3_budget_m112/claim3_results.csv,runs/claim3_budget_m112,112,64,2016,2080
multigain_atp,0.706370991199001,0.0618590549539452,0.1359498726492614,0,5.0,112,1,,,,1.0,0.0,0.0,0.0,runs/claim3_budget_m112/claim3_results.csv,runs/claim3_budget_m112,112,64,2016,2080
raw_atp,0.7096069072522002,0.0667330495038047,0.1351986847220491,0,5.0,0,1,,,,1.0,0.0,0.0,0.0,runs/claim3_budget_m112/claim3_results.csv,runs/claim3_budget_m112,112,64,2016,2080
scalar_cal_atp,0.7088056764276416,0.0664782228021656,0.1353850712760872,0,5.0,112,1,0.8877748965013091,,,1.0,0.0,0.0,0.0,runs/claim3_budget_m112/claim3_results.csv,runs/claim3_budget_m112,112,64,2016,2080
subset_ridge,0.5085873738357338,0.1276891601671763,0.1758743401307666,0,5.0,112,0,,,,1.0,0.1381777668749844,0.0,0.0,runs/claim3_budget_m112/claim3_results.csv,runs/claim3_budget_m112,112,64,2016,2080
finite_single,0.6058978914118849,0.0995584322427978,0.1581977665527293,1,5.0,64,0,,,,1.0,0.0,0.0,0.0,runs/claim3_budget_m112/claim3_results.csv,runs/claim3_budget_m112,112,64,2016,2080
first_order_omp,0.6988092548993263,0.068361438293145,0.1382982803542262,1,5.0,112,0,,2.0,0.7732047255525724,1.0,0.0,0.0,0.0,runs/claim3_budget_m112/claim3_results.csv,runs/claim3_budget_m112,112,64,2016,2080
lifted_omp,0.9980462744691933,0.0085483831862332,0.0111385265517649,1,5.0,112,0,,4.0,0.9980178236210978,1.0,0.0,1.0,6.535151659300565,runs/claim3_budget_m112/claim3_results.csv,runs/claim3_budget_m112,112,64,2016,2080
multigain_atp,0.6987620748353893,0.0683941195091395,0.1383091118062401,1,5.0,112,1,,,,1.0,0.0,0.0,0.0,runs/claim3_budget_m112/claim3_results.csv,runs/claim3_budget_m112,112,64,2016,2080
raw_atp,0.6982257450178055,0.070135696616251,0.1384321811582478,1,5.0,0,1,,,,1.0,0.0,0.0,0.0,runs/claim3_budget_m112/claim3_results.csv,runs/claim3_budget_m112,112,64,2016,2080
scalar_cal_atp,0.6927650591279282,0.0701113666766249,0.1396790495220833,1,5.0,112,1,0.8432251199982039,,,1.0,0.0,0.0,0.0,runs/claim3_budget_m112/claim3_results.csv,runs/claim3_budget_m112,112,64,2016,2080
subset_ridge,0.45071683344643,0.1392409093362567,0.1867644070794364,1,5.0,112,0,,,,1.0,0.1437966878824863,0.0,0.0,runs/claim3_budget_m112/claim3_results.csv,runs/claim3_budget_m112,112,64,2016,2080
finite_single,0.5516399962599248,0.1036256384891743,0.1632539513338016,2,5.0,64,0,,,,1.0,0.0,0.0,0.0,runs/claim3_budget_m112/claim3_results.csv,runs/claim3_budget_m112,112,64,2016,2080
first_order_omp,0.5757150359855419,0.0863695401576777,0.1588104550539282,2,5.0,112,0,,3.0,0.6441231882819454,1.0,0.0,0.0,0.0,runs/claim3_budget_m112/claim3_results.csv,runs/claim3_budget_m112,112,64,2016,2080
lifted_omp,0.9979897715204364,0.0086412481686549,0.01093132937251,2,5.0,112,0,,4.0,0.997608136513825,1.0,0.0,1.0,6.504951482358752,runs/claim3_budget_m112/claim3_results.csv,runs/claim3_budget_m112,112,64,2016,2080
multigain_atp,0.6243142711812588,0.0717459680126728,0.1494385408697682,2,5.0,112,1,,,,1.0,0.0,0.0,0.0,runs/claim3_budget_m112/claim3_results.csv,runs/claim3_budget_m112,112,64,2016,2080
raw_atp,0.6173359754672958,0.073573698596498,0.150820052237823,2,5.0,0,1,,,,1.0,0.0,0.0,0.0,runs/claim3_budget_m112/claim3_results.csv,runs/claim3_budget_m112,112,64,2016,2080
scalar_cal_atp,0.6205247484096943,0.0723512978176885,0.1501903392558245,2,5.0,112,1,0.9863038853163176,,,1.0,0.0,0.0,0.0,runs/claim3_budget_m112/claim3_results.csv,runs/claim3_budget_m112,112,64,2016,2080
subset_ridge,-0.0801507179112377,0.195306244643871,0.2533917371204265,2,5.0,112,0,,,,1.0,0.064853386975033,0.0,0.0,runs/claim3_budget_m112/claim3_results.csv,runs/claim3_budget_m112,112,64,2016,2080
finite_single,0.3504785951208776,0.1364419209762237,0.2363175606418893,0,8.0,64,0,,,,1.0,0.0,0.0,0.0,runs/claim3_budget_m112/claim3_results.csv,runs/claim3_budget_m112,112,64,2016,2080
first_order_omp,0.4014696713029075,0.1253620799272773,0.2268518587522211,0,8.0,112,0,,4.0,0.6242215331516574,1.0,0.0,0.0,0.0,runs/claim3_budget_m112/claim3_results.csv,runs/claim3_budget_m112,112,64,2016,2080
lifted_omp,0.9980667700129144,0.0101552667225266,0.0128926152597107,0,8.0,112,0,,5.0,0.9983123713315202,1.0,0.0,1.0,10.456722266732427,runs/claim3_budget_m112/claim3_results.csv,runs/claim3_budget_m112,112,64,2016,2080
multigain_atp,0.450524688930722,0.0964080345708299,0.2173568607152411,0,8.0,112,1,,,,1.0,0.0,0.0,0.0,runs/claim3_budget_m112/claim3_results.csv,runs/claim3_budget_m112,112,64,2016,2080
raw_atp,0.4518892598015951,0.1077327677046083,0.2170868001614186,0,8.0,0,1,,,,1.0,0.0,0.0,0.0,runs/claim3_budget_m112/claim3_results.csv,runs/claim3_budget_m112,112,64,2016,2080
scalar_cal_atp,0.453432715572867,0.1063745325306059,0.2167809312338686,0,8.0,112,1,0.7935935606574869,,,1.0,0.0,0.0,0.0,runs/claim3_budget_m112/claim3_results.csv,runs/claim3_budget_m112,112,64,2016,2080
subset_ridge,0.0814927828650295,0.2037990075697899,0.2810221471717559,0,8.0,112,0,,,,1.0,0.2127639024203035,0.0,0.0,runs/claim3_budget_m112/claim3_results.csv,runs/claim3_budget_m112,112,64,2016,2080
finite_single,0.3653741716880411,0.1360137454884194,0.2358190741950227,1,8.0,64,0,,,,1.0,0.0,0.0,0.0,runs/claim3_budget_m112/claim3_results.csv,runs/claim3_budget_m112,112,64,2016,2080
first_order_omp,0.4434540347025548,0.1081467716494782,0.2208363587776502,1,8.0,112,0,,2.0,0.4938004630437215,1.0,0.0,0.0,0.0,runs/claim3_budget_m112/claim3_results.csv,runs/claim3_budget_m112,112,64,2016,2080
lifted_omp,0.9983250115153108,0.0092602601554986,0.0121150712117329,1,8.0,112,0,,5.0,0.9981465567151462,1.0,0.0,1.0,10.40763558831244,runs/claim3_budget_m112/claim3_results.csv,runs/claim3_budget_m112,112,64,2016,2080
multigain_atp,0.4434049951329157,0.108176385048907,0.2208460879663588,1,8.0,112,1,,,,1.0,0.0,0.0,0.0,runs/claim3_budget_m112/claim3_results.csv,runs/claim3_budget_m112,112,64,2016,2080
raw_atp,0.434775485329249,0.1132690882582881,0.2225515140587257,1,8.0,0,1,,,,1.0,0.0,0.0,0.0,runs/claim3_budget_m112/claim3_results.csv,runs/claim3_budget_m112,112,64,2016,2080
scalar_cal_atp,0.4280542030491813,0.111887653489738,0.2238708224838816,1,8.0,112,1,0.720551393369561,,,1.0,0.0,0.0,0.0,runs/claim3_budget_m112/claim3_results.csv,runs/claim3_budget_m112,112,64,2016,2080
subset_ridge,-0.0107478647596965,0.2220644405246359,0.2976058574346061,1,8.0,112,0,,,,1.0,0.2314662656769704,0.0,0.0,runs/claim3_budget_m112/claim3_results.csv,runs/claim3_budget_m112,112,64,2016,2080
finite_single,0.2953846173956928,0.1395751163876663,0.2436523598326177,2,8.0,64,0,,,,1.0,0.0,0.0,0.0,runs/claim3_budget_m112/claim3_results.csv,runs/claim3_budget_m112,112,64,2016,2080
first_order_omp,0.2355985716034184,0.137859323671291,0.253778780956279,2,8.0,112,0,,3.0,0.3762926125717739,1.0,0.0,0.0,0.0,runs/claim3_budget_m112/claim3_results.csv,runs/claim3_budget_m112,112,64,2016,2080
lifted_omp,0.998374447131995,0.0091194455685078,0.011702943578838,2,8.0,112,0,,4.0,0.9983630852571822,1.0,0.0,1.0,10.404063579471869,runs/claim3_budget_m112/claim3_results.csv,runs/claim3_budget_m112,112,64,2016,2080
multigain_atp,0.3232000420231875,0.1133571271602846,0.2387947219781015,2,8.0,112,1,,,,1.0,0.0,0.0,0.0,runs/claim3_budget_m112/claim3_results.csv,runs/claim3_budget_m112,112,64,2016,2080
raw_atp,0.2970519303404585,0.1197967020935691,0.2433639149945311,2,8.0,0,1,,,,1.0,0.0,0.0,0.0,runs/claim3_budget_m112/claim3_results.csv,runs/claim3_budget_m112,112,64,2016,2080
scalar_cal_atp,0.3122700949908195,0.114764689587466,0.2407152010647992,2,8.0,112,1,0.9452439191252036,,,1.0,0.0,0.0,0.0,runs/claim3_budget_m112/claim3_results.csv,runs/claim3_budget_m112,112,64,2016,2080
subset_ridge,-0.9522304928385584,0.3125307616290557,0.4055646631536234,2,8.0,112,0,,,,1.0,0.1104440378327109,0.0,0.0,runs/claim3_budget_m112/claim3_results.csv,runs/claim3_budget_m112,112,64,2016,2080
finite_single,0.5837964145941523,0.1040458819650678,0.1636123290402678,0,5.0,64,0,,,,1.0,0.0,0.0,0.0,runs/claim3_budget_m128/claim3_results.csv,runs/claim3_budget_m128,128,64,2016,2080
first_order_omp,0.697198448086388,0.0622918511565249,0.1395539606716932,0,5.0,128,0,,2.0,0.8024308603438303,1.0,0.0,0.0,0.0,runs/claim3_budget_m128/claim3_results.csv,runs/claim3_budget_m128,128,64,2016,2080
lifted_omp,0.9983300762831764,0.0082691284628055,0.0103636189088081,0,5.0,128,0,,4.0,0.9987875849211832,1.0,0.0,1.0,6.4229687997853215,runs/claim3_budget_m128/claim3_results.csv,runs/claim3_budget_m128,128,64,2016,2080
multigain_atp,0.6971833808113748,0.0623128940841268,0.1395574327010383,0,5.0,128,1,,,,1.0,0.0,0.0,0.0,runs/claim3_budget_m128/claim3_results.csv,runs/claim3_budget_m128,128,64,2016,2080
raw_atp,0.6943297486767726,0.0696952779006689,0.140213459673218,0,5.0,0,1,,,,1.0,0.0,0.0,0.0,runs/claim3_budget_m128/claim3_results.csv,runs/claim3_budget_m128,128,64,2016,2080
scalar_cal_atp,0.7001839561126415,0.0677762047326425,0.1388642820060865,0,5.0,128,1,0.8987872428350792,,,1.0,0.0,0.0,0.0,runs/claim3_budget_m128/claim3_results.csv,runs/claim3_budget_m128,128,64,2016,2080
subset_ridge,0.5815622766331474,0.1140316099513916,0.1640508683812886,0,5.0,128,0,,,,1.0,0.0768770066337141,0.0,0.0,runs/claim3_budget_m128/claim3_results.csv,runs/claim3_budget_m128,128,64,2016,2080
finite_single,0.5984000515873481,0.0996381868071487,0.1591771278736669,1,5.0,64,0,,,,1.0,0.0,0.0,0.0,runs/claim3_budget_m128/claim3_results.csv,runs/claim3_budget_m128,128,64,2016,2080
first_order_omp,0.7203525787827779,0.0605960986961657,0.1328278825376662,1,5.0,128,0,,2.0,0.6247367167480115,1.0,0.0,0.0,0.0,runs/claim3_budget_m128/claim3_results.csv,runs/claim3_budget_m128,128,64,2016,2080
lifted_omp,0.9981323097745528,0.0084844019447666,0.0108551608461147,1,5.0,128,0,,4.0,0.998817037488357,1.0,0.0,1.0,6.471454086563636,runs/claim3_budget_m128/claim3_results.csv,runs/claim3_budget_m128,128,64,2016,2080
multigain_atp,0.7203210567990259,0.0606166839688104,0.1328353685362023,1,5.0,128,1,,,,1.0,0.0,0.0,0.0,runs/claim3_budget_m128/claim3_results.csv,runs/claim3_budget_m128,128,64,2016,2080
raw_atp,0.7180820288308505,0.0669812559846031,0.1333660291647782,1,5.0,0,1,,,,1.0,0.0,0.0,0.0,runs/claim3_budget_m128/claim3_results.csv,runs/claim3_budget_m128,128,64,2016,2080
scalar_cal_atp,0.7157085048501548,0.0654139907364344,0.1339262701242504,1,5.0,128,1,0.8943024302021668,,,1.0,0.0,0.0,0.0,runs/claim3_budget_m128/claim3_results.csv,runs/claim3_budget_m128,128,64,2016,2080
subset_ridge,0.5016887012483262,0.138182778743416,0.1773103990786061,1,5.0,128,0,,,,1.0,0.1399716965277807,0.0,0.0,runs/claim3_budget_m128/claim3_results.csv,runs/claim3_budget_m128,128,64,2016,2080
finite_single,0.5577650091939351,0.1063144226975602,0.1693219962268065,2,5.0,64,0,,,,1.0,0.0,0.0,0.0,runs/claim3_budget_m128/claim3_results.csv,runs/claim3_budget_m128,128,64,2016,2080
first_order_omp,0.6718471310339708,0.0648780979048491,0.1458562124235237,2,5.0,128,0,,2.0,0.695546632790152,1.0,0.0,0.0,0.0,runs/claim3_budget_m128/claim3_results.csv,runs/claim3_budget_m128,128,64,2016,2080
lifted_omp,0.9983294774981144,0.0083604962890133,0.0104066990123709,2,5.0,128,0,,4.0,0.9978628004299098,1.0,0.0,1.0,6.51867630885555,runs/claim3_budget_m128/claim3_results.csv,runs/claim3_budget_m128,128,64,2016,2080
multigain_atp,0.6718473859798966,0.0648566073139641,0.1458561557647865,2,5.0,128,1,,,,1.0,0.0,0.0,0.0,runs/claim3_budget_m128/claim3_results.csv,runs/claim3_budget_m128,128,64,2016,2080
raw_atp,0.6598859833619795,0.0736162759940453,0.1484906451110038,2,5.0,0,1,,,,1.0,0.0,0.0,0.0,runs/claim3_budget_m128/claim3_results.csv,runs/claim3_budget_m128,128,64,2016,2080
scalar_cal_atp,0.6621832012746296,0.0713486399105242,0.1479883233866945,2,5.0,128,1,0.941340418703494,,,1.0,0.0,0.0,0.0,runs/claim3_budget_m128/claim3_results.csv,runs/claim3_budget_m128,128,64,2016,2080
subset_ridge,0.3537672113424461,0.1530798382841839,0.2046827878888758,2,5.0,128,0,,,,1.0,0.1657275390393267,0.0,0.0,runs/claim3_budget_m128/claim3_results.csv,runs/claim3_budget_m128,128,64,2016,2080
finite_single,0.3331225428550024,0.1413729060902625,0.2404198534006985,0,8.0,64,0,,,,1.0,0.0,0.0,0.0,runs/claim3_budget_m128/claim3_results.csv,runs/claim3_budget_m128,128,64,2016,2080
first_order_omp,0.4258736780089158,0.0969816252499779,0.2230750704135971,0,8.0,128,0,,2.0,0.5955867295642029,1.0,0.0,0.0,0.0,runs/claim3_budget_m128/claim3_results.csv,runs/claim3_budget_m128,128,64,2016,2080
lifted_omp,0.9986224230115338,0.0086757112938235,0.0109271083467107,0,8.0,128,0,,4.0,0.9990482169690256,1.0,0.0,1.0,10.3197035259188,runs/claim3_budget_m128/claim3_results.csv,runs/claim3_budget_m128,128,64,2016,2080
multigain_atp,0.4258635770569129,0.0970006841726674,0.2230770327523562,0,8.0,128,1,,,,1.0,0.0,0.0,0.0,runs/claim3_budget_m128/claim3_results.csv,runs/claim3_budget_m128,128,64,2016,2080
raw_atp,0.4147744309945027,0.1126849220656984,0.2252210380444788,0,8.0,0,1,,,,1.0,0.0,0.0,0.0,runs/claim3_budget_m128/claim3_results.csv,runs/claim3_budget_m128,128,64,2016,2080
scalar_cal_atp,0.4312355158786634,0.1083416663606957,0.2220309638768142,0,8.0,128,1,0.8129736014664768,,,1.0,0.0,0.0,0.0,runs/claim3_budget_m128/claim3_results.csv,runs/claim3_budget_m128,128,64,2016,2080
subset_ridge,0.2064158250947365,0.1819743410714222,0.262267096888281,0,8.0,128,0,,,,1.0,0.106400098950383,0.0,0.0,runs/claim3_budget_m128/claim3_results.csv,runs/claim3_budget_m128,128,64,2016,2080
finite_single,0.3643544288743489,0.1339654967364716,0.233825569898089,1,8.0,64,0,,,,1.0,0.0,0.0,0.0,runs/claim3_budget_m128/claim3_results.csv,runs/claim3_budget_m128,128,64,2016,2080
first_order_omp,0.4774782805808769,0.0943473619621044,0.2120003912679069,1,8.0,128,0,,2.0,0.2948815840830432,1.0,0.0,0.0,0.0,runs/claim3_budget_m128/claim3_results.csv,runs/claim3_budget_m128,128,64,2016,2080
lifted_omp,0.9978379997714965,0.0103783687141794,0.0136367964042633,1,8.0,128,0,,6.0,0.9989002417740418,1.0,0.0,1.0,10.37167376515862,runs/claim3_budget_m128/claim3_results.csv,runs/claim3_budget_m128,128,64,2016,2080
multigain_atp,0.4774503706479195,0.0943625573400821,0.2120060530781992,1,8.0,128,1,,,,1.0,0.0,0.0,0.0,runs/claim3_budget_m128/claim3_results.csv,runs/claim3_budget_m128,128,64,2016,2080
raw_atp,0.4671929296505579,0.1083856387801728,0.2140767379529988,1,8.0,0,1,,,,1.0,0.0,0.0,0.0,runs/claim3_budget_m128/claim3_results.csv,runs/claim3_budget_m128,128,64,2016,2080
scalar_cal_atp,0.4657097733187617,0.1050199905837692,0.2143744898356186,1,8.0,128,1,0.8054606776664207,,,1.0,0.0,0.0,0.0,runs/claim3_budget_m128/claim3_results.csv,runs/claim3_budget_m128,128,64,2016,2080
subset_ridge,0.0593386185707184,0.2217001973769184,0.2844468614007677,1,8.0,128,0,,,,1.0,0.2274903770647552,0.0,0.0,runs/claim3_budget_m128/claim3_results.csv,runs/claim3_budget_m128,128,64,2016,2080
finite_single,0.3198338818912652,0.1433513279687923,0.2526793115798275,2,8.0,64,0,,,,1.0,0.0,0.0,0.0,runs/claim3_budget_m128/claim3_results.csv,runs/claim3_budget_m128,128,64,2016,2080
first_order_omp,0.3317540499274612,0.1405946524486405,0.2504553745053612,2,8.0,128,0,,1.0,0.4960914049269895,0.5,0.0,0.0,0.0,runs/claim3_budget_m128/claim3_results.csv,runs/claim3_budget_m128,128,64,2016,2080
lifted_omp,0.9986856984558916,0.0088030763922632,0.0111073305626798,2,8.0,128,0,,4.0,0.9984282622771224,1.0,0.0,1.0,10.437442692388885,runs/claim3_budget_m128/claim3_results.csv,runs/claim3_budget_m128,128,64,2016,2080
multigain_atp,0.4188944448594386,0.1017009779358052,0.2335552862620416,2,8.0,128,1,,,,1.0,0.0,0.0,0.0,runs/claim3_budget_m128/claim3_results.csv,runs/claim3_budget_m128,128,64,2016,2080
raw_atp,0.3902401695893516,0.1199438186473127,0.2392442965593956,2,8.0,0,1,,,,1.0,0.0,0.0,0.0,runs/claim3_budget_m128/claim3_results.csv,runs/claim3_budget_m128,128,64,2016,2080
scalar_cal_atp,0.3975787319180611,0.1152765199880797,0.2378002659036702,2,8.0,128,1,0.8738438441829296,,,1.0,0.0,0.0,0.0,runs/claim3_budget_m128/claim3_results.csv,runs/claim3_budget_m128,128,64,2016,2080
subset_ridge,-0.1486201726286504,0.2454803928813436,0.3283601214186066,2,8.0,128,0,,,,1.0,0.2729389001664852,0.0,0.0,runs/claim3_budget_m128/claim3_results.csv,runs/claim3_budget_m128,128,64,2016,2080
finite_single,0.5672010795082334,0.1049675930169523,0.1644469734812028,0,5.0,64,0,,,,1.0,0.0,0.0,0.0,runs/claim3_budget_m192/claim3_results.csv,runs/claim3_budget_m192,192,64,2016,2080
first_order_omp,0.6336876138128984,0.085373936239631,0.1512894355305171,0,5.0,192,0,,4.0,0.7357134911502715,1.0,0.0,0.0,0.0,runs/claim3_budget_m192/claim3_results.csv,runs/claim3_budget_m192,192,64,2016,2080
lifted_omp,0.9974391074125148,0.0099625813778862,0.0126496492092107,0,5.0,192,0,,12.0,0.9980721930032174,1.0,0.0,1.0,6.551067077383345,runs/claim3_budget_m192/claim3_results.csv,runs/claim3_budget_m192,192,64,2016,2080
multigain_atp,0.6693919066535412,0.0714001300366567,0.1437273906500086,0,5.0,192,1,,,,1.0,0.0,0.0,0.0,runs/claim3_budget_m192/claim3_results.csv,runs/claim3_budget_m192,192,64,2016,2080
raw_atp,0.6610825351505246,0.0747105133365104,0.1455223753913338,0,5.0,0,1,,,,1.0,0.0,0.0,0.0,runs/claim3_budget_m192/claim3_results.csv,runs/claim3_budget_m192,192,64,2016,2080
scalar_cal_atp,0.6634146054013514,0.0730286257723258,0.14502084589194,0,5.0,192,1,0.9715166534576162,,,1.0,0.0,0.0,0.0,runs/claim3_budget_m192/claim3_results.csv,runs/claim3_budget_m192,192,64,2016,2080
subset_ridge,0.4841205453605514,0.1327949571765572,0.1795382206209542,0,5.0,192,0,,,,1.0,0.0395374707654566,0.0,0.0,runs/claim3_budget_m192/claim3_results.csv,runs/claim3_budget_m192,192,64,2016,2080
finite_single,0.6438213677426832,0.0951368254984155,0.150127585590737,1,5.0,64,0,,,,1.0,0.0,0.0,0.0,runs/claim3_budget_m192/claim3_results.csv,runs/claim3_budget_m192,192,64,2016,2080
first_order_omp,0.7483617801103365,0.056640481165155,0.126187074359475,1,5.0,192,0,,2.0,0.7177564069125387,1.0,0.0,0.0,0.0,runs/claim3_budget_m192/claim3_results.csv,runs/claim3_budget_m192,192,64,2016,2080
lifted_omp,0.9982517443970976,0.0084280086577028,0.0105178999083455,1,5.0,192,0,,4.0,0.9976842866407124,1.0,0.0,1.0,6.530176214193666,runs/claim3_budget_m192/claim3_results.csv,runs/claim3_budget_m192,192,64,2016,2080
multigain_atp,0.7483559307200265,0.0566460581541632,0.1261885409752398,1,5.0,192,1,,,,1.0,0.0,0.0,0.0,runs/claim3_budget_m192/claim3_results.csv,runs/claim3_budget_m192,192,64,2016,2080
raw_atp,0.7406421230127318,0.0625096874509778,0.1281080116180831,1,5.0,0,1,,,,1.0,0.0,0.0,0.0,runs/claim3_budget_m192/claim3_results.csv,runs/claim3_budget_m192,192,64,2016,2080
scalar_cal_atp,0.7437811847518323,0.0598299193523673,0.1273303927256388,1,5.0,192,1,0.8964675104290091,,,1.0,0.0,0.0,0.0,runs/claim3_budget_m192/claim3_results.csv,runs/claim3_budget_m192,192,64,2016,2080
subset_ridge,0.5606964463429513,0.1227291886652538,0.1667281485153736,1,5.0,192,0,,,,1.0,0.0205846415903922,0.0,0.0,runs/claim3_budget_m192/claim3_results.csv,runs/claim3_budget_m192,192,64,2016,2080
finite_single,0.5788891549697861,0.0982260997293139,0.1547506603197976,2,5.0,64,0,,,,1.0,0.0,0.0,0.0,runs/claim3_budget_m192/claim3_results.csv,runs/claim3_budget_m192,192,64,2016,2080
first_order_omp,0.6856165828684068,0.0647707998267384,0.1337100689719145,2,5.0,192,0,,2.0,0.841986687259334,1.0,0.0,0.0,0.0,runs/claim3_budget_m192/claim3_results.csv,runs/claim3_budget_m192,192,64,2016,2080
lifted_omp,0.9977097823237489,0.0091566822119361,0.0114122868426455,2,5.0,192,0,,4.0,0.9986203664316268,1.0,0.0,1.0,6.599992398862437,runs/claim3_budget_m192/claim3_results.csv,runs/claim3_budget_m192,192,64,2016,2080
multigain_atp,0.6856289157365067,0.0647638846676884,0.1337074463068389,2,5.0,192,1,,,,1.0,0.0,0.0,0.0,runs/claim3_budget_m192/claim3_results.csv,runs/claim3_budget_m192,192,64,2016,2080
raw_atp,0.6901418207508281,0.06550950780485,0.1327442689417382,2,5.0,0,1,,,,1.0,0.0,0.0,0.0,runs/claim3_budget_m192/claim3_results.csv,runs/claim3_budget_m192,192,64,2016,2080
scalar_cal_atp,0.695439984133339,0.0630458013189313,0.1316045004438899,2,5.0,192,1,0.9443619854371468,,,1.0,0.0,0.0,0.0,runs/claim3_budget_m192/claim3_results.csv,runs/claim3_budget_m192,192,64,2016,2080
subset_ridge,0.5053475628866642,0.1211683029053625,0.1677198148659424,2,5.0,192,0,,,,1.0,0.0237548066341338,0.0,0.0,runs/claim3_budget_m192/claim3_results.csv,runs/claim3_budget_m192,192,64,2016,2080
finite_single,0.3260882004478835,0.1443393881152178,0.2453735810422319,0,8.0,64,0,,,,1.0,0.0,0.0,0.0,runs/claim3_budget_m192/claim3_results.csv,runs/claim3_budget_m192,192,64,2016,2080
first_order_omp,0.3469840245823345,0.1357113274444873,0.2415395060895574,0,8.0,192,0,,4.0,0.5180073859813862,1.0,0.0,0.0,0.0,runs/claim3_budget_m192/claim3_results.csv,runs/claim3_budget_m192,192,64,2016,2080
lifted_omp,0.9983970933198024,0.0094388020216635,0.0119668649616099,0,8.0,192,0,,4.0,0.997579968921924,1.0,0.0,1.0,10.39080164485136,runs/claim3_budget_m192/claim3_results.csv,runs/claim3_budget_m192,192,64,2016,2080
multigain_atp,0.4116922293591398,0.1126629147113129,0.2292601452854264,0,8.0,192,1,,,,1.0,0.0,0.0,0.0,runs/claim3_budget_m192/claim3_results.csv,runs/claim3_budget_m192,192,64,2016,2080
raw_atp,0.389017252612955,0.1207239781956099,0.2336365283841357,0,8.0,0,1,,,,1.0,0.0,0.0,0.0,runs/claim3_budget_m192/claim3_results.csv,runs/claim3_budget_m192,192,64,2016,2080
scalar_cal_atp,0.3968237051015661,0.1165635051970117,0.2321391572770502,0,8.0,192,1,0.9266562849941544,,,1.0,0.0,0.0,0.0,runs/claim3_budget_m192/claim3_results.csv,runs/claim3_budget_m192,192,64,2016,2080
subset_ridge,0.0809979666803573,0.2119776730599515,0.2865395054812058,0,8.0,192,0,,,,1.0,0.0637735339028299,0.0,0.0,runs/claim3_budget_m192/claim3_results.csv,runs/claim3_budget_m192,192,64,2016,2080
finite_single,0.4042404948303679,0.1281684082326312,0.2207183973099398,1,8.0,64,0,,,,1.0,0.0,0.0,0.0,runs/claim3_budget_m192/claim3_results.csv,runs/claim3_budget_m192,192,64,2016,2080
first_order_omp,0.5042489861809699,0.0877805101403851,0.2013422184150193,1,8.0,192,0,,2.0,0.4815208435323097,1.0,0.0,0.0,0.0,runs/claim3_budget_m192/claim3_results.csv,runs/claim3_budget_m192,192,64,2016,2080
lifted_omp,0.9984659897689152,0.0087496080311772,0.011199978061662,1,8.0,192,0,,4.0,0.998223544032075,1.0,0.0,1.0,10.436294132988827,runs/claim3_budget_m192/claim3_results.csv,runs/claim3_budget_m192,192,64,2016,2080
multigain_atp,0.5042411031545566,0.0877853649787179,0.2013438191981464,1,8.0,192,1,,,,1.0,0.0,0.0,0.0,runs/claim3_budget_m192/claim3_results.csv,runs/claim3_budget_m192,192,64,2016,2080
raw_atp,0.4795336901827522,0.1012597791957149,0.2063000604250799,1,8.0,0,1,,,,1.0,0.0,0.0,0.0,runs/claim3_budget_m192/claim3_results.csv,runs/claim3_budget_m192,192,64,2016,2080
scalar_cal_atp,0.4908567321902279,0.0954418799583621,0.2040436326154918,1,8.0,192,1,0.8091869678348323,,,1.0,0.0,0.0,0.0,runs/claim3_budget_m192/claim3_results.csv,runs/claim3_budget_m192,192,64,2016,2080
subset_ridge,0.1289210400552427,0.1965915383171441,0.2668896953030539,1,8.0,192,0,,,,1.0,0.0376242622904264,0.0,0.0,runs/claim3_budget_m192/claim3_results.csv,runs/claim3_budget_m192,192,64,2016,2080
finite_single,0.3357374390247354,0.1305439959235334,0.2269265493426603,2,8.0,64,0,,,,1.0,0.0,0.0,0.0,runs/claim3_budget_m192/claim3_results.csv,runs/claim3_budget_m192,192,64,2016,2080
first_order_omp,0.4079232063042929,0.1023288131581845,0.2142419147870992,2,8.0,192,0,,2.0,0.6617778593027557,1.0,0.0,0.0,0.0,runs/claim3_budget_m192/claim3_results.csv,runs/claim3_budget_m192,192,64,2016,2080
lifted_omp,0.9980956945870672,0.0096783932844756,0.0121502082728217,2,8.0,192,0,,4.0,0.9987914520822893,1.0,0.0,1.0,10.504199959683024,runs/claim3_budget_m192/claim3_results.csv,runs/claim3_budget_m192,192,64,2016,2080
multigain_atp,0.4079454288654313,0.10231916834119,0.2142378941526348,2,8.0,192,1,,,,1.0,0.0,0.0,0.0,runs/claim3_budget_m192/claim3_results.csv,runs/claim3_budget_m192,192,64,2016,2080
raw_atp,0.4094027666832001,0.1059960509212344,0.2139740592232722,2,8.0,0,1,,,,1.0,0.0,0.0,0.0,runs/claim3_budget_m192/claim3_results.csv,runs/claim3_budget_m192,192,64,2016,2080
scalar_cal_atp,0.4244574149831581,0.1013354261228154,0.2112292967102227,2,8.0,192,1,0.8841626265168734,,,1.0,0.0,0.0,0.0,runs/claim3_budget_m192/claim3_results.csv,runs/claim3_budget_m192,192,64,2016,2080
subset_ridge,0.0755631795669936,0.1926460000234509,0.2677034937324422,2,8.0,192,0,,,,1.0,0.0460156802749445,0.0,0.0,runs/claim3_budget_m192/claim3_results.csv,runs/claim3_budget_m192,192,64,2016,2080
finite_single,0.5829455754856803,0.1004825665138781,0.1585545198222115,0,5.0,64,0,,,,1.0,0.0,0.0,0.0,runs/claim3_budget_m256/claim3_results.csv,runs/claim3_budget_m256,256,64,2016,2080
first_order_omp,0.6932397652149893,0.0631081969009299,0.1359821147768664,0,5.0,256,0,,2.0,0.7486754401995235,1.0,0.0,0.0,0.0,runs/claim3_budget_m256/claim3_results.csv,runs/claim3_budget_m256,256,64,2016,2080
lifted_omp,0.9978799734548506,0.0089617543119586,0.0113045403840189,0,5.0,256,0,,4.0,0.9975305262906716,1.0,0.0,1.0,6.514923827335029,runs/claim3_budget_m256/claim3_results.csv,runs/claim3_budget_m256,256,64,2016,2080
multigain_atp,0.6932289381481871,0.0631159759855048,0.1359845144921535,0,5.0,256,1,,,,1.0,0.0,0.0,0.0,runs/claim3_budget_m256/claim3_results.csv,runs/claim3_budget_m256,256,64,2016,2080
raw_atp,0.6870439879122405,0.0694676290934478,0.1373484965093776,0,5.0,0,1,,,,1.0,0.0,0.0,0.0,runs/claim3_budget_m256/claim3_results.csv,runs/claim3_budget_m256,256,64,2016,2080
scalar_cal_atp,0.6887031311121584,0.0679604462308775,0.1369839346424357,0,5.0,256,1,0.8953069109401485,,,1.0,0.0,0.0,0.0,runs/claim3_budget_m256/claim3_results.csv,runs/claim3_budget_m256,256,64,2016,2080
subset_ridge,0.6219010361835253,0.0999204602697506,0.1509680355273245,0,5.0,256,0,,,,1.0,0.0088716629154851,0.0,0.0,runs/claim3_budget_m256/claim3_results.csv,runs/claim3_budget_m256,256,64,2016,2080
finite_single,0.6218495746709561,0.0926649446347494,0.1475408730267937,1,5.0,64,0,,,,1.0,0.0,0.0,0.0,runs/claim3_budget_m256/claim3_results.csv,runs/claim3_budget_m256,256,64,2016,2080
first_order_omp,0.7535848562897953,0.0492843189284977,0.1191005451914031,1,5.0,256,0,,2.0,0.7178961490617961,1.0,0.0,0.0,0.0,runs/claim3_budget_m256/claim3_results.csv,runs/claim3_budget_m256,256,64,2016,2080
lifted_omp,0.9980453763569872,0.0083308087114775,0.0106074654567512,1,5.0,256,0,,4.0,0.9962766775250572,1.0,0.0,1.0,6.502567803238624,runs/claim3_budget_m256/claim3_results.csv,runs/claim3_budget_m256,256,64,2016,2080
multigain_atp,0.7535740046436992,0.0492864998024991,0.1191031676413021,1,5.0,256,1,,,,1.0,0.0,0.0,0.0,runs/claim3_budget_m256/claim3_results.csv,runs/claim3_budget_m256,256,64,2016,2080
raw_atp,0.7486112565659353,0.0590164296632508,0.1202964928205226,1,5.0,0,1,,,,1.0,0.0,0.0,0.0,runs/claim3_budget_m256/claim3_results.csv,runs/claim3_budget_m256,256,64,2016,2080
scalar_cal_atp,0.750858108733476,0.0567686149332708,0.1197576956386545,1,5.0,256,1,0.927672984624736,,,1.0,0.0,0.0,0.0,runs/claim3_budget_m256/claim3_results.csv,runs/claim3_budget_m256,256,64,2016,2080
subset_ridge,0.6659275979223336,0.0965528505199052,0.138675695355992,1,5.0,256,0,,,,1.0,0.0130672938942235,0.0,0.0,runs/claim3_budget_m256/claim3_results.csv,runs/claim3_budget_m256,256,64,2016,2080
finite_single,0.6236292756957564,0.0954431210315515,0.1491437145589967,2,5.0,64,0,,,,1.0,0.0,0.0,0.0,runs/claim3_budget_m256/claim3_results.csv,runs/claim3_budget_m256,256,64,2016,2080
first_order_omp,0.718101713374069,0.0589933513908949,0.1290753335782004,2,5.0,256,0,,2.0,0.6809499057670991,1.0,0.0,0.0,0.0,runs/claim3_budget_m256/claim3_results.csv,runs/claim3_budget_m256,256,64,2016,2080
lifted_omp,0.998008311393908,0.008508293248563,0.0108494508674575,2,5.0,256,0,,4.0,0.9974064698586468,1.0,0.0,1.0,6.494406257100036,runs/claim3_budget_m256/claim3_results.csv,runs/claim3_budget_m256,256,64,2016,2080
multigain_atp,0.7181027967887739,0.0589912938044079,0.1290750855414874,2,5.0,256,1,,,,1.0,0.0,0.0,0.0,runs/claim3_budget_m256/claim3_results.csv,runs/claim3_budget_m256,256,64,2016,2080
raw_atp,0.6976379852900052,0.0649160572051455,0.133678219744004,2,5.0,0,1,,,,1.0,0.0,0.0,0.0,runs/claim3_budget_m256/claim3_results.csv,runs/claim3_budget_m256,256,64,2016,2080
scalar_cal_atp,0.7038025853272787,0.0619764122446756,0.1323084768225519,2,5.0,256,1,0.8972090358310466,,,1.0,0.0,0.0,0.0,runs/claim3_budget_m256/claim3_results.csv,runs/claim3_budget_m256,256,64,2016,2080
subset_ridge,0.5814413596200199,0.1087771109114475,0.1572806132218486,2,5.0,256,0,,,,1.0,0.0925861541669236,0.0,0.0,runs/claim3_budget_m256/claim3_results.csv,runs/claim3_budget_m256,256,64,2016,2080
finite_single,0.3408721749886343,0.1372969096030128,0.2353750153430173,0,8.0,64,0,,,,1.0,0.0,0.0,0.0,runs/claim3_budget_m256/claim3_results.csv,runs/claim3_budget_m256,256,64,2016,2080
first_order_omp,0.4368298060719263,0.0979890444431206,0.2175681751993026,0,8.0,256,0,,2.0,0.4879772043489432,1.0,0.0,0.0,0.0,runs/claim3_budget_m256/claim3_results.csv,runs/claim3_budget_m256,256,64,2016,2080
lifted_omp,0.9982993893801606,0.0095062338643406,0.0119557818429421,0,8.0,256,0,,4.0,0.997266747060532,1.0,0.0,1.0,10.416366161677814,runs/claim3_budget_m256/claim3_results.csv,runs/claim3_budget_m256,256,64,2016,2080
multigain_atp,0.4368204496969499,0.0979950978459197,0.2175699825046227,0,8.0,256,1,,,,1.0,0.0,0.0,0.0,runs/claim3_budget_m256/claim3_results.csv,runs/claim3_budget_m256,256,64,2016,2080
raw_atp,0.4184887660989352,0.1120274611334089,0.2210826150774895,0,8.0,0,1,,,,1.0,0.0,0.0,0.0,runs/claim3_budget_m256/claim3_results.csv,runs/claim3_budget_m256,256,64,2016,2080
scalar_cal_atp,0.4251628388291755,0.1091207340965837,0.2198102582249218,0,8.0,256,1,0.8069396103545653,,,1.0,0.0,0.0,0.0,runs/claim3_budget_m256/claim3_results.csv,runs/claim3_budget_m256,256,64,2016,2080
subset_ridge,0.3058094029677302,0.1595398050873337,0.2415543717050964,0,8.0,256,0,,,,1.0,0.0128780223373416,0.0,0.0,runs/claim3_budget_m256/claim3_results.csv,runs/claim3_budget_m256,256,64,2016,2080
finite_single,0.3909535720339835,0.1219435936326858,0.2131087029392591,1,8.0,64,0,,,,1.0,0.0,0.0,0.0,runs/claim3_budget_m256/claim3_results.csv,runs/claim3_budget_m256,256,64,2016,2080
first_order_omp,0.5145288716804493,0.0753112384634614,0.1902644670916204,1,8.0,256,0,,2.0,0.475938501543793,1.0,0.0,0.0,0.0,runs/claim3_budget_m256/claim3_results.csv,runs/claim3_budget_m256,256,64,2016,2080
lifted_omp,0.9983234591616184,0.0087394551730285,0.0111810619559837,1,8.0,256,0,,4.0,0.9975658494104483,1.0,0.0,1.0,10.40471542782413,runs/claim3_budget_m256/claim3_results.csv,runs/claim3_budget_m256,256,64,2016,2080
multigain_atp,0.5145185865007635,0.0753123987114312,0.1902664825501648,1,8.0,256,1,,,,1.0,0.0,0.0,0.0,runs/claim3_budget_m256/claim3_results.csv,runs/claim3_budget_m256,256,64,2016,2080
raw_atp,0.498138286183135,0.0953584999481762,0.1934496811654165,1,8.0,0,1,,,,1.0,0.0,0.0,0.0,runs/claim3_budget_m256/claim3_results.csv,runs/claim3_budget_m256,256,64,2016,2080
scalar_cal_atp,0.506526208001415,0.0909905470276737,0.1918262477952104,1,8.0,256,1,0.8603973481999951,,,1.0,0.0,0.0,0.0,runs/claim3_budget_m256/claim3_results.csv,runs/claim3_budget_m256,256,64,2016,2080
subset_ridge,0.3394837937836766,0.1541947654884939,0.2219308745179382,1,8.0,256,0,,,,1.0,0.0216192629306038,0.0,0.0,runs/claim3_budget_m256/claim3_results.csv,runs/claim3_budget_m256,256,64,2016,2080
finite_single,0.3799791109475186,0.1289010409916076,0.2224203544142969,2,8.0,64,0,,,,1.0,0.0,0.0,0.0,runs/claim3_budget_m256/claim3_results.csv,runs/claim3_budget_m256,256,64,2016,2080
first_order_omp,0.4671991046960839,0.0932593569267393,0.206183468228618,2,8.0,256,0,,2.0,0.4019726942128161,1.0,0.0,0.0,0.0,runs/claim3_budget_m256/claim3_results.csv,runs/claim3_budget_m256,256,64,2016,2080
lifted_omp,0.9982429145510936,0.0092165905231403,0.0118404391105447,2,8.0,256,0,,5.0,0.9979511298961806,1.0,0.0,1.0,10.391254429645636,runs/claim3_budget_m256/claim3_results.csv,runs/claim3_budget_m256,256,64,2016,2080
multigain_atp,0.467198511544776,0.0932573399604476,0.2061835829975316,2,8.0,256,1,,,,1.0,0.0,0.0,0.0,runs/claim3_budget_m256/claim3_results.csv,runs/claim3_budget_m256,256,64,2016,2080
raw_atp,0.417287985720271,0.1054541718700025,0.2156246233938433,2,8.0,0,1,,,,1.0,0.0,0.0,0.0,runs/claim3_budget_m256/claim3_results.csv,runs/claim3_budget_m256,256,64,2016,2080
scalar_cal_atp,0.4340498243853106,0.1000430863566949,0.2125007500019726,2,8.0,256,1,0.8036215590249756,,,1.0,0.0,0.0,0.0,runs/claim3_budget_m256/claim3_results.csv,runs/claim3_budget_m256,256,64,2016,2080
subset_ridge,0.2065166436055755,0.1735393567967572,0.2516171729584621,2,8.0,256,0,,,,1.0,0.1495223086969699,0.0,0.0,runs/claim3_budget_m256/claim3_results.csv,runs/claim3_budget_m256,256,64,2016,2080
