epsilon,context_seed,design_seed,mask_index,split,finite_response,atp_prediction
5.0,17,7,0,train,3.1563754081726074,2.7490308175997464
5.0,17,7,1,holdout,0.3262487053871155,0.2296140296408538
5.0,17,7,2,validation,-3.189978837966919,-4.677678881975467
5.0,17,7,3,validation,-0.36944252252578735,-0.6008755682153817
5.0,17,7,4,validation,-0.2625241279602051,-0.31751921649709086
5.0,17,7,5,train,2.0615992546081543,1.6571139520965517
5.0,17,7,6,validation,0.20844492316246033,-0.24022024084949944
5.0,17,7,7,train,0.033315662294626236,0.12772029150578781
5.0,17,7,8,train,-0.23489788174629211,-0.29675534709563184
5.0,17,7,9,holdout,2.9259493350982666,3.0501376767922483
5.0,17,7,10,train,3.1367225646972656,3.1818036732801396
5.0,17,7,11,holdout,0.10700647532939911,0.05632514121240616
5.0,17,7,12,train,2.321491241455078,1.8901830862069071
5.0,17,7,13,train,3.6068239212036133,3.8426390575744476
5.0,17,7,14,holdout,-0.1457647681236267,-0.10649920193180462
5.0,17,7,15,holdout,-0.09023280441761017,-0.08381808719299479
5.0,17,7,16,train,2.80916166305542,2.4191153250874375
5.0,17,7,17,train,-0.13602259755134583,-0.17921178019605577
5.0,17,7,18,train,-1.690079689025879,-1.8806966570819272
5.0,17,7,19,train,1.1289173364639282,0.956545334815587
5.0,17,7,20,train,3.869438409805298,4.542368559032417
5.0,17,7,21,train,-1.2954325675964355,-1.0676047369849195
5.0,17,7,22,validation,-0.6672960519790649,-0.4534362447542252
5.0,17,7,23,validation,-2.845024585723877,-4.107290531062379
5.0,17,7,24,train,-2.2679550647735596,-2.5764020840831954
5.0,17,7,25,train,1.6489076614379883,1.1984291600879031
5.0,17,7,26,train,0.9039781093597412,0.8994596153679155
5.0,17,7,27,train,-0.014635082334280014,-0.014819861389696598
5.0,17,7,28,holdout,4.029747009277344,4.723665422863525
5.0,17,7,29,train,2.627919912338257,2.2598196908166224
5.0,17,7,30,train,2.8851168155670166,2.20623885281384
5.0,17,7,31,validation,-0.6667402386665344,-0.7714755212267238
5.0,17,7,32,train,-3.021493911743164,-4.377125965741772
5.0,17,7,33,train,-0.17874038219451904,-0.14304060916007022
5.0,17,7,34,train,2.512066602706909,1.9956527672179891
5.0,17,7,35,train,-2.8350067138671875,-3.7059349693372923
5.0,17,7,36,train,3.207185745239258,2.947767059989157
5.0,17,7,37,train,1.9952683448791504,1.526543741645788
5.0,17,7,38,train,1.5782561302185059,1.2521010313159817
5.0,17,7,39,train,-2.575514554977417,-3.0594255385603777
5.0,17,7,40,train,-3.3874666690826416,-4.776542507698641
5.0,17,7,41,train,2.139808177947998,1.6116309710975019
5.0,17,7,42,train,-3.4564383029937744,-4.718603134251103
5.0,17,7,43,holdout,3.7743797302246094,4.354771900301177
5.0,17,7,44,train,4.124295711517334,4.8478154834679685
5.0,17,7,45,holdout,0.0015486329793930054,0.06947475718334317
5.0,17,7,46,train,2.619950532913208,2.6137740670481087
5.0,17,7,47,holdout,2.9641196727752686,3.0165158240584966
5.0,17,7,48,validation,0.7676488161087036,0.6117485566725408
5.0,17,7,49,holdout,0.09927034378051758,0.10684276170520987
5.0,17,7,50,train,-2.0798938274383545,-2.913281925682142
5.0,17,7,51,holdout,0.0013110674917697906,0.05765056858460112
5.0,17,7,52,train,2.9533114433288574,2.5032413602039094
5.0,17,7,53,train,-2.5141327381134033,-2.821877458289333
5.0,17,7,54,train,-2.3852109909057617,-3.333736441623847
5.0,17,7,55,train,0.6919201612472534,0.5311015287552806
5.0,17,7,56,train,-2.1859309673309326,-2.407546795780133
5.0,17,7,57,validation,3.344290018081665,3.018082228058472
5.0,17,7,58,train,-0.3943648040294647,-0.45423135373389517
5.0,17,7,59,train,0.3695460259914398,0.19779305905103695
5.0,17,7,60,train,-1.1574130058288574,-1.1898215229396425
5.0,17,7,61,train,-1.8992960453033447,-2.139447906447186
5.0,17,7,62,train,-2.712736129760742,-3.313314151098677
5.0,17,7,63,validation,1.4653171300888062,1.1622561537371614
5.0,17,7,64,train,-0.20306220650672913,-0.21574047069302635
5.0,17,7,65,train,-2.2847561836242676,-2.914290947861336
5.0,17,7,66,holdout,0.0053145624697208405,-0.0806558271870017
5.0,17,7,67,holdout,3.731276035308838,4.368889050439235
5.0,17,7,68,validation,0.9967032670974731,0.5823501369333869
5.0,17,7,69,validation,-2.2022180557250977,-2.3963387799963285
5.0,17,7,70,train,-0.22434769570827484,-0.3010863411806374
5.0,17,7,71,train,0.5189183950424194,0.2689481542135278
5.0,17,7,72,train,0.30960655212402344,0.1890516257844865
5.0,17,7,73,train,3.752135753631592,4.476268988425303
5.0,17,7,74,holdout,0.20927754044532776,0.13121957060890926
5.0,17,7,75,train,-0.11591924726963043,-0.07451283643457612
5.0,17,7,76,validation,2.0800535678863525,1.5191321593841212
5.0,17,7,77,validation,1.529891848564148,0.8923562367757161
5.0,17,7,78,train,-2.9417781829833984,-4.169498045986704
5.0,17,7,79,train,2.536341667175293,1.9287736333656378
5.0,17,7,80,train,-3.4798216819763184,-4.804056928082514
5.0,17,7,81,train,1.001280426979065,0.5583716012572572
5.0,17,7,82,holdout,-0.35295578837394714,-0.36000217978516047
5.0,17,7,83,holdout,2.8144848346710205,2.774644821450129
5.0,17,7,84,train,0.013021048158407211,-0.07008744966715555
5.0,17,7,85,holdout,-0.19048109650611877,-0.26915452525184225
5.0,17,7,86,train,3.0354490280151367,3.048782350368232
5.0,17,7,87,train,-0.03361284360289574,-0.1134169931976911
5.0,17,7,88,holdout,-1.9879074096679688,-2.352416003046976
5.0,17,7,89,train,2.685248613357544,2.3376071340894056
5.0,17,7,90,holdout,2.8295304775238037,2.3821388844711087
5.0,17,7,91,holdout,-2.2136964797973633,-2.6367110081355434
5.0,17,7,92,train,0.03900103643536568,0.010442386845146586
5.0,17,7,93,train,-1.1834518909454346,-1.083406670174251
5.0,17,7,94,holdout,3.1856298446655273,3.486697857233088
5.0,17,7,95,validation,-0.0927041620016098,-0.06702058948080747
5.0,17,7,96,validation,2.8065388202667236,2.288136003626134
5.0,17,7,97,train,3.88157057762146,4.225034406430889
5.0,17,7,98,train,-0.3568621873855591,-0.3294823082005583
5.0,17,7,99,holdout,-0.4225456416606903,-0.39487180610497785
5.0,17,7,100,train,3.2217321395874023,3.8962787267274273
5.0,17,7,101,holdout,-0.20457321405410767,-0.09876256643377615
5.0,17,7,102,holdout,0.046790361404418945,0.1693817600533574
5.0,17,7,103,validation,3.356950283050537,3.759851988892424
5.0,17,7,104,train,3.3419318199157715,3.686726132364515
5.0,17,7,105,validation,2.9752273559570312,2.6241139374401974
5.0,17,7,106,holdout,-0.414760947227478,-0.36749561346287485
5.0,17,7,107,holdout,3.9166181087493896,4.286449116965135
5.0,17,7,108,validation,-0.32903119921684265,-0.33545900294169795
5.0,17,7,109,train,-0.6618115305900574,-0.9169313104329583
5.0,17,7,110,holdout,4.797754287719727,6.559067952162945
5.0,17,7,111,train,0.018582209944725037,-0.07263082546588043
5.0,17,7,112,holdout,4.169445514678955,4.807352074615197
5.0,17,7,113,train,-0.12399466335773468,-0.34965985687449574
5.0,17,7,114,train,-3.028327465057373,-4.47029085116663
5.0,17,7,115,validation,-1.624435305595398,-1.7119933192018673
5.0,17,7,116,holdout,1.0766870975494385,0.7910979472122086
5.0,17,7,117,train,-0.5667415857315063,-0.7200727013618028
5.0,17,7,118,holdout,3.0856151580810547,3.5206100913910268
5.0,17,7,119,train,2.229161262512207,1.7236128666748602
5.0,17,7,120,holdout,0.09638442099094391,0.05229305398340024
5.0,17,7,121,holdout,-2.688504219055176,-3.5249873297289014
5.0,17,7,122,validation,-0.9012830853462219,-1.0663060194518348
5.0,17,7,123,validation,1.8015190362930298,1.3437598912220827
5.0,17,7,124,train,2.235973596572876,1.7135242346983608
5.0,17,7,125,validation,2.7153496742248535,2.409227733782743
5.0,17,7,126,train,3.0710062980651855,3.4017199535173264
5.0,17,7,127,validation,-2.0524191856384277,-2.513398787465798
5.0,17,8,0,holdout,-2.640524387359619,-2.983611217588339
5.0,17,8,1,train,-1.6663568019866943,-1.9410852913279086
5.0,17,8,2,train,3.0014829635620117,2.5181412795487885
5.0,17,8,3,holdout,2.869019031524658,2.472913782055428
5.0,17,8,4,train,0.775409460067749,0.5800109104084717
5.0,17,8,5,train,-0.782291829586029,-0.8814510491714914
5.0,17,8,6,validation,3.9417765140533447,4.444144032119462
5.0,17,8,7,train,1.057908058166504,1.3079337625621783
5.0,17,8,8,train,2.895475149154663,2.3552500617159624
5.0,17,8,9,train,-2.146652936935425,-2.931651363707724
5.0,17,8,10,train,4.197385311126709,5.223969355727537
5.0,17,8,11,holdout,2.330591917037964,1.7404411251011078
5.0,17,8,12,validation,-2.38252592086792,-2.8367063813784847
5.0,17,8,13,train,-4.054736137390137,-6.362846378704489
5.0,17,8,14,holdout,-0.5639955997467041,-0.6060086968851625
5.0,17,8,15,train,-1.9525940418243408,-2.308946901466697
5.0,17,8,16,train,-1.9847073554992676,-2.217337603940925
5.0,17,8,17,holdout,3.7673754692077637,3.963862659836259
5.0,17,8,18,holdout,2.610851287841797,2.122802479799013
5.0,17,8,19,train,-1.63472580909729,-1.711010195433535
5.0,17,8,20,validation,-1.4026622772216797,-1.4480072009531846
5.0,17,8,21,train,-2.929070472717285,-3.8729052164150337
5.0,17,8,22,train,3.8405323028564453,4.307164246696031
5.0,17,8,23,validation,-2.2433388233184814,-2.4372058114856867
5.0,17,8,24,holdout,-1.7250566482543945,-1.9724306766739448
5.0,17,8,25,holdout,-1.9177380800247192,-2.476494440616425
5.0,17,8,26,train,1.807313084602356,1.483715254361802
5.0,17,8,27,train,-0.36906978487968445,-0.830687824122488
5.0,17,8,28,train,-1.7755792140960693,-2.0564224501119615
5.0,17,8,29,train,0.5544687509536743,0.5090894025246926
5.0,17,8,30,validation,0.29670849442481995,0.6941673901571043
5.0,17,8,31,train,1.6937742233276367,1.490874918070153
5.0,17,8,32,validation,-1.3422530889511108,-1.454275360683948
5.0,17,8,33,validation,2.032658100128174,1.4103328784147033
5.0,17,8,34,train,-0.18760834634304047,-0.1738074170949142
5.0,17,8,35,train,-1.9045101404190063,-2.5008650817762885
5.0,17,8,36,holdout,3.03048038482666,2.795254940277273
5.0,17,8,37,holdout,-0.0708596482872963,-0.4674481848570181
5.0,17,8,38,holdout,-3.2163400650024414,-4.6243720751676705
5.0,17,8,39,train,4.308773994445801,5.50372312930167
5.0,17,8,40,train,-0.013152550905942917,-0.12702225940302014
5.0,17,8,41,train,0.37660661339759827,0.34095295908139445
5.0,17,8,42,train,2.901123523712158,2.784979235384431
5.0,17,8,43,train,-1.695176601409912,-1.7707988543465532
5.0,17,8,44,holdout,-1.0511304140090942,-1.0370086063488544
5.0,17,8,45,train,-2.324083089828491,-3.025014963212016
5.0,17,8,46,validation,-0.593840479850769,-0.837751637953839
5.0,17,8,47,validation,0.8013578653335571,0.5338165567566949
5.0,17,8,48,train,3.2721943855285645,2.9708911564456946
5.0,17,8,49,train,2.881552219390869,2.2995810380100825
5.0,17,8,50,train,-1.6261110305786133,-1.8849457298601462
5.0,17,8,51,holdout,-1.774125576019287,-1.5017901610282256
5.0,17,8,52,holdout,-0.34173035621643066,-0.46755128621519754
5.0,17,8,53,holdout,0.15406976640224457,0.31191483586676555
5.0,17,8,54,train,3.737337350845337,4.3012759509701155
5.0,17,8,55,holdout,0.11904352903366089,0.10336037332978572
5.0,17,8,56,validation,-1.7255626916885376,-1.6905850551337798
5.0,17,8,57,validation,2.907625675201416,2.746994672686346
5.0,17,8,58,train,1.755608320236206,1.4558204199963725
5.0,17,8,59,train,-2.1591379642486572,-2.0174412269765245
5.0,17,8,60,validation,-1.7900211811065674,-2.215344823981951
5.0,17,8,61,train,0.27111583948135376,0.19244527531151806
5.0,17,8,62,validation,1.6558119058609009,1.1596389512157963
5.0,17,8,63,holdout,-2.4896562099456787,-3.261588199467901
5.0,17,8,64,train,-1.6310791969299316,-1.8319605157076166
5.0,17,8,65,holdout,-2.0897417068481445,-2.5185182342483805
5.0,17,8,66,train,-2.377594470977783,-2.7339243830730617
5.0,17,8,67,train,3.969834327697754,4.966774620115757
5.0,17,8,68,holdout,0.3620781898498535,0.2259919028373743
5.0,17,8,69,validation,-2.6389853954315186,-3.3326666418028505
5.0,17,8,70,validation,-4.013350963592529,-6.376672296161745
5.0,17,8,71,train,2.203522205352783,1.4756944813195059
5.0,17,8,72,train,-2.337467908859253,-3.1810169002482676
5.0,17,8,73,validation,-1.9054373502731323,-1.9983013610665994
5.0,17,8,74,holdout,-1.776968002319336,-2.2148286067291014
5.0,17,8,75,holdout,-2.1527841091156006,-2.56564306894537
5.0,17,8,76,train,-0.6125882863998413,-0.8449410710025272
5.0,17,8,77,train,-0.5584826469421387,-0.9221814153715967
5.0,17,8,78,holdout,0.17974655330181122,0.22224374975949024
5.0,17,8,79,train,3.736541271209717,3.8479612825855245
5.0,17,8,80,train,-0.008202172815799713,-0.005965390397856624
5.0,17,8,81,train,-1.4416120052337646,-1.470414721710276
5.0,17,8,82,holdout,0.13664792478084564,0.06342859321099437
5.0,17,8,83,holdout,-1.8079115152359009,-1.9457274491827667
5.0,17,8,84,train,1.9549990892410278,1.420965462395514
5.0,17,8,85,train,-0.10461988300085068,-0.6377281360215354
5.0,17,8,86,train,-1.7176061868667603,-1.8823958273550585
5.0,17,8,87,holdout,0.4702361226081848,0.4831995628774166
5.0,17,8,88,train,2.436229705810547,1.8907959711234883
5.0,17,8,89,train,-1.8962517976760864,-2.2726334824062957
5.0,17,8,90,validation,-1.4942922592163086,-1.652617784366305
5.0,17,8,91,train,2.196624517440796,1.8066272793765281
5.0,17,8,92,train,-2.1961722373962402,-2.810808532157739
5.0,17,8,93,validation,-2.017751693725586,-1.9967582738615501
5.0,17,8,94,holdout,-2.1420700550079346,-2.693349433121432
5.0,17,8,95,validation,-3.681396245956421,-5.49665413234287
5.0,17,8,96,holdout,-0.2637818157672882,-0.1745929157671829
5.0,17,8,97,train,-2.9301817417144775,-3.927318193055144
5.0,17,8,98,train,-0.8599892258644104,-0.5890595292051632
5.0,17,8,99,train,0.434085488319397,0.24933939436020303
5.0,17,8,100,train,3.01706862449646,3.153706927939007
5.0,17,8,101,train,-0.05517008900642395,-0.0995344376128716
5.0,17,8,102,train,0.04229547083377838,0.009266457021611135
5.0,17,8,103,holdout,-3.2628042697906494,-4.727919374318331
5.0,17,8,104,train,-0.07202281057834625,-0.28103433517323495
5.0,17,8,105,train,-2.495058059692383,-2.73335834025749
5.0,17,8,106,train,2.5404458045959473,2.4097725967716794
5.0,17,8,107,validation,-2.3269338607788086,-3.0940192411048124
5.0,17,8,108,holdout,3.0885562896728516,2.784345270097271
5.0,17,8,109,validation,-0.0871158093214035,-0.07250433865313727
5.0,17,8,110,train,3.196828842163086,2.8955820052834107
5.0,17,8,111,train,0.17529402673244476,0.03644530077281128
5.0,17,8,112,validation,-2.898904800415039,-3.856997586534019
5.0,17,8,113,holdout,2.7797951698303223,2.9513608188641016
5.0,17,8,114,holdout,-2.0257110595703125,-2.370412443609287
5.0,17,8,115,train,-1.8350927829742432,-2.47370117218522
5.0,17,8,116,train,4.018531799316406,5.055544057077711
5.0,17,8,117,train,-1.6026992797851562,-1.868876125663519
5.0,17,8,118,validation,-0.2454524040222168,-0.22248060248183354
5.0,17,8,119,validation,2.7920351028442383,2.2317488704606663
5.0,17,8,120,holdout,-0.08305445313453674,-0.03371264097612347
5.0,17,8,121,train,2.7433247566223145,2.3849310819059606
5.0,17,8,122,train,2.3435065746307373,2.123556184735933
5.0,17,8,123,train,2.2388265132904053,1.7589603615613916
5.0,17,8,124,train,0.20955276489257812,0.1711967481213803
5.0,17,8,125,train,2.706270217895508,2.2676653115645884
5.0,17,8,126,train,-1.6049479246139526,-1.7707854993779168
5.0,17,8,127,train,1.7797582149505615,1.3552036803836622
5.0,17,9,0,validation,0.027545519173145294,-0.048863530854934195
5.0,17,9,1,holdout,3.931121826171875,4.472058086748787
5.0,17,9,2,train,-0.20807723701000214,-0.0018691685633761973
5.0,17,9,3,holdout,3.989061117172241,5.136390767847341
5.0,17,9,4,holdout,-1.5689380168914795,-1.4063593752641017
5.0,17,9,5,train,-0.1335747390985489,-0.10626487283137177
5.0,17,9,6,train,0.15694855153560638,0.15108897825457013
5.0,17,9,7,holdout,3.7714955806732178,4.380430843423275
5.0,17,9,8,train,0.7997891306877136,0.7348895041892926
5.0,17,9,9,validation,-1.8528265953063965,-1.760867169831351
5.0,17,9,10,validation,-0.16555801033973694,-0.20659148576669395
5.0,17,9,11,holdout,-0.8468338847160339,-0.7363101795112517
5.0,17,9,12,validation,-2.017869472503662,-2.317887930066364
5.0,17,9,13,train,2.398488998413086,1.8047205065449454
5.0,17,9,14,holdout,4.666904926300049,6.453810122254429
5.0,17,9,15,train,0.32425349950790405,0.21631986572685358
5.0,17,9,16,train,-0.7443405985832214,-0.5676346395747335
5.0,17,9,17,train,-0.25305840373039246,-0.26131107011712223
5.0,17,9,18,validation,-0.15306000411510468,-0.34237595626689044
5.0,17,9,19,holdout,1.2042033672332764,0.7808412834779047
5.0,17,9,20,train,-3.627696990966797,-5.442221226198952
5.0,17,9,21,validation,0.184970885515213,0.050155127781582154
5.0,17,9,22,train,2.7646970748901367,2.1393032355728288
5.0,17,9,23,train,-2.471954345703125,-3.184271720392569
5.0,17,9,24,train,0.16251181066036224,0.06019811726206431
5.0,17,9,25,train,-0.09509676694869995,0.16544295608215487
5.0,17,9,26,train,-1.6722376346588135,-1.8834968104368472
5.0,17,9,27,train,-1.872193694114685,-2.1706231006077794
5.0,17,9,28,train,-3.6362688541412354,-5.491693159955531
5.0,17,9,29,validation,3.09765625,2.647021176836618
5.0,17,9,30,holdout,0.4247201681137085,0.3967347403406898
5.0,17,9,31,holdout,-0.3514021635055542,-0.5827091344961584
5.0,17,9,32,holdout,-2.263545274734497,-2.9149125163666
5.0,17,9,33,train,3.6859893798828125,3.6651768624935284
5.0,17,9,34,train,-0.23646977543830872,-0.21786762366717355
5.0,17,9,35,holdout,0.8172266483306885,0.3680322439400431
5.0,17,9,36,validation,0.034172456711530685,0.030330440495163202
5.0,17,9,37,train,-2.0439319610595703,-2.611993211551428
5.0,17,9,38,validation,2.7375659942626953,2.5624794777446978
5.0,17,9,39,holdout,3.02248215675354,2.4526756289006073
5.0,17,9,40,train,0.03067827969789505,0.03274664282798767
5.0,17,9,41,holdout,-1.5035086870193481,-1.5003181350441375
5.0,17,9,42,holdout,3.801581382751465,4.328249454829008
5.0,17,9,43,holdout,2.0753602981567383,1.8757336664335122
5.0,17,9,44,holdout,3.194708824157715,3.129248584154993
5.0,17,9,45,train,0.5756559371948242,0.20562567204857862
5.0,17,9,46,train,4.331106662750244,5.509414576614896
5.0,17,9,47,train,-3.274242877960205,-5.219542133270924
5.0,17,9,48,validation,-3.3658695220947266,-4.86042243874009
5.0,17,9,49,validation,0.048280712217092514,-0.0015382119454443455
5.0,17,9,50,train,-0.20747098326683044,-0.08742838716023658
5.0,17,9,51,validation,0.3725354075431824,0.35996955338135894
5.0,17,9,52,holdout,-2.2306265830993652,-2.6409143892427283
5.0,17,9,53,holdout,0.10538499057292938,0.1625500741582262
5.0,17,9,54,train,-0.29708507657051086,-0.344351265338365
5.0,17,9,55,holdout,-1.598892092704773,-1.7140138396873699
5.0,17,9,56,holdout,0.44233542680740356,0.5572977548121403
5.0,17,9,57,train,-3.95574688911438,-6.088197125821437
5.0,17,9,58,validation,-1.4980487823486328,-1.3670959834387442
5.0,17,9,59,train,-2.1746859550476074,-2.5152202276110094
5.0,17,9,60,train,-1.6723766326904297,-1.8572044442407787
5.0,17,9,61,train,0.2992418706417084,0.1250279039876966
5.0,17,9,62,train,-0.3374335467815399,-0.3085467478544668
5.0,17,9,63,train,3.4625706672668457,3.1125491757584305
5.0,17,9,64,train,0.29625606536865234,0.285261809060916
5.0,17,9,65,train,4.199728488922119,5.279509772280283
5.0,17,9,66,validation,3.4926564693450928,3.206591207857397
5.0,17,9,67,holdout,2.6582515239715576,2.6546220138383436
5.0,17,9,68,train,2.852607250213623,2.5276173169801246
5.0,17,9,69,train,2.9484713077545166,2.7424037242107797
5.0,17,9,70,train,-1.835576057434082,-2.0842368024834896
5.0,17,9,71,holdout,3.881403684616089,4.110527464834281
5.0,17,9,72,train,-3.5888710021972656,-5.639913090829978
5.0,17,9,73,holdout,-2.051632881164551,-2.3375337457427254
5.0,17,9,74,holdout,-2.4414894580841064,-3.423430106292168
5.0,17,9,75,holdout,-0.958878755569458,-1.122689066524196
5.0,17,9,76,train,3.117642641067505,3.4837329012512654
5.0,17,9,77,train,1.508366346359253,1.1247875300944699
5.0,17,9,78,train,-2.078716278076172,-2.471577258602825
5.0,17,9,79,train,2.748757839202881,2.3575045940264805
5.0,17,9,80,holdout,4.092476844787598,4.954722450693922
5.0,17,9,81,train,-1.8361458778381348,-2.5567716203304123
5.0,17,9,82,train,-0.17501606047153473,-0.18504744043450722
5.0,17,9,83,train,4.018350601196289,4.662052410315396
5.0,17,9,84,validation,2.735930919647217,2.842370722384825
5.0,17,9,85,train,2.822300910949707,2.4428533126289644
5.0,17,9,86,train,-0.22909162938594818,-0.2212657852050247
5.0,17,9,87,train,-2.7359189987182617,-3.8937928881618764
5.0,17,9,88,train,-1.4681814908981323,-1.4795908282385637
5.0,17,9,89,train,0.46694257855415344,0.487060404669563
5.0,17,9,90,validation,0.02707839012145996,0.05280387289277125
5.0,17,9,91,train,-2.243485689163208,-2.5429756426141608
5.0,17,9,92,train,-2.26727294921875,-3.1755388281009522
5.0,17,9,93,validation,2.2372846603393555,1.7425392712044465
5.0,17,9,94,train,-2.4732069969177246,-3.0168525430879116
5.0,17,9,95,train,0.1027693897485733,0.05205757488821114
5.0,17,9,96,holdout,3.9457590579986572,4.5223016606351925
5.0,17,9,97,train,-2.861938953399658,-4.107303491965571
5.0,17,9,98,train,-0.8570832014083862,-1.0599306941474382
5.0,17,9,99,train,0.14142096042633057,0.09492291654290916
5.0,17,9,100,train,-3.2898740768432617,-4.77422773758429
5.0,17,9,101,holdout,-0.45686888694763184,-0.45096197403614235
5.0,17,9,102,train,4.036663055419922,4.43898170501003
5.0,17,9,103,train,4.4672722816467285,6.224350154195951
5.0,17,9,104,train,-1.4434069395065308,-1.4603406960689576
5.0,17,9,105,train,-1.7265515327453613,-1.989217943174611
5.0,17,9,106,train,1.8897242546081543,1.319440000650141
5.0,17,9,107,validation,-4.409646511077881,-7.223354011379575
5.0,17,9,108,validation,2.584611654281616,2.0946876544091464
5.0,17,9,109,holdout,2.8100430965423584,2.8208338712162906
5.0,17,9,110,holdout,-0.028344731777906418,-0.04550244624429145
5.0,17,9,111,train,-0.5036395788192749,-0.5321808904409409
5.0,17,9,112,validation,2.592442512512207,2.0396952593681994
5.0,17,9,113,validation,-0.0655384510755539,-0.16210152384225296
5.0,17,9,114,train,-2.016228675842285,-2.222753515622268
5.0,17,9,115,train,-0.15242280066013336,-0.33448369781566084
5.0,17,9,116,train,3.1401920318603516,2.8354956159905322
5.0,17,9,117,validation,-3.714869499206543,-5.394775121910321
5.0,17,9,118,train,-1.9995242357254028,-2.5791124690415828
5.0,17,9,119,validation,-0.19498153030872345,-0.18917848183515423
5.0,17,9,120,train,2.2346768379211426,1.6176779001640778
5.0,17,9,121,train,-2.257239580154419,-2.291062982220792
5.0,17,9,122,holdout,0.9545602798461914,0.6825856852892676
5.0,17,9,123,train,-2.3005189895629883,-2.6725486642681062
5.0,17,9,124,train,-2.6350326538085938,-3.5682237458226482
5.0,17,9,125,holdout,-2.3807718753814697,-2.903320919646661
5.0,17,9,126,validation,0.07290232926607132,0.11611058549333214
5.0,17,9,127,train,-1.6133747100830078,-1.5457256880343233
8.0,17,7,0,train,3.9652795791625977,4.398449308159595
8.0,17,7,1,holdout,0.35493433475494385,0.3673824474253661
8.0,17,7,2,validation,-4.4416022300720215,-7.484286211160746
8.0,17,7,3,validation,-0.5922258496284485,-0.9614009091446108
8.0,17,7,4,validation,-0.07478167116641998,-0.5080307463953452
8.0,17,7,5,train,3.11599063873291,2.651382323354482
8.0,17,7,6,validation,0.10704337805509567,-0.384352385359199
8.0,17,7,7,train,-0.055126871913671494,0.20435246640926052
8.0,17,7,8,train,-0.05971074476838112,-0.4748085553530108
8.0,17,7,9,holdout,3.6127493381500244,4.880220282867597
8.0,17,7,10,train,3.8775646686553955,5.090885877248223
8.0,17,7,11,holdout,0.1724148690700531,0.09012022593984982
8.0,17,7,12,train,3.130035877227783,3.0242929379310515
8.0,17,7,13,train,4.439309597015381,6.148222492119117
8.0,17,7,14,holdout,-0.18039798736572266,-0.17039872309088738
8.0,17,7,15,holdout,-0.00907628983259201,-0.13410893950879166
8.0,17,7,16,train,3.6963653564453125,3.8705845201399
8.0,17,7,17,train,-0.13097767531871796,-0.28673884831368923
8.0,17,7,18,train,-2.424027681350708,-3.0091146513310836
8.0,17,7,19,train,1.8673663139343262,1.53047253570494
8.0,17,7,20,train,4.992430686950684,7.267789694451867
8.0,17,7,21,train,-1.7794721126556396,-1.708167579175872
8.0,17,7,22,validation,-0.9948154091835022,-0.7254979916067604
8.0,17,7,23,validation,-4.124351978302002,-6.571664849699806
8.0,17,7,24,train,-3.0544328689575195,-4.1222433345331115
8.0,17,7,25,train,2.4646925926208496,1.9174866561406447
8.0,17,7,26,train,1.5485771894454956,1.4391353845886645
8.0,17,7,27,train,0.01989845559000969,-0.02371177822351457
8.0,17,7,28,holdout,5.070518493652344,7.55786467658164
8.0,17,7,29,train,3.595921754837036,3.6157115053065962
8.0,17,7,30,train,3.7449283599853516,3.529982164502144
8.0,17,7,31,validation,-1.170640468597412,-1.2343608339627585
8.0,17,7,32,train,-4.112741470336914,-7.003401545186836
8.0,17,7,33,train,-0.28070080280303955,-0.22886497465611239
8.0,17,7,34,train,3.4379258155822754,3.193044427548783
8.0,17,7,35,train,-3.7688422203063965,-5.9294959509396685
8.0,17,7,36,train,3.95293927192688,4.716427295982651
8.0,17,7,37,train,2.6652579307556152,2.442469986633261
8.0,17,7,38,train,2.1509785652160645,2.0033616501055707
8.0,17,7,39,train,-3.7124791145324707,-4.895080861696605
8.0,17,7,40,train,-4.8891777992248535,-7.642468012317826
8.0,17,7,41,train,3.173442840576172,2.578609553756003
8.0,17,7,42,train,-4.918931007385254,-7.549765014801766
8.0,17,7,43,holdout,4.8049516677856445,6.967635040481884
8.0,17,7,44,train,5.30839729309082,7.756504773548748
8.0,17,7,45,holdout,0.13301634788513184,0.11115961149334905
8.0,17,7,46,train,3.349168300628662,4.182038507276974
8.0,17,7,47,holdout,3.8651106357574463,4.826425318493595
8.0,17,7,48,validation,1.528157114982605,0.9787976906760654
8.0,17,7,49,holdout,0.1671181619167328,0.17094841872833577
8.0,17,7,50,train,-3.055142641067505,-4.661251081091427
8.0,17,7,51,holdout,0.0223020501434803,0.09224090973536175
8.0,17,7,52,train,3.7599921226501465,4.005186176326255
8.0,17,7,53,train,-3.2375833988189697,-4.515003933262933
8.0,17,7,54,train,-3.5773167610168457,-5.333978306598154
8.0,17,7,55,train,0.8768467903137207,0.8497624460084491
8.0,17,7,56,train,-2.9118289947509766,-3.8520748732482124
8.0,17,7,57,validation,4.069225311279297,4.828931564893555
8.0,17,7,58,train,-0.18558859825134277,-0.7267701659742324
8.0,17,7,59,train,0.14923329651355743,0.31646889448165905
8.0,17,7,60,train,-1.7038909196853638,-1.903714436703428
8.0,17,7,61,train,-2.292109727859497,-3.4231166503154973
8.0,17,7,62,train,-3.516396999359131,-5.301302641757884
8.0,17,7,63,validation,2.2541399002075195,1.8596098459794583
8.0,17,7,64,train,-0.26224443316459656,-0.34518475310884217
8.0,17,7,65,train,-3.2327609062194824,-4.662865516578137
8.0,17,7,66,holdout,-0.18548332154750824,-0.12904932349920273
8.0,17,7,67,holdout,5.259275436401367,6.990222480702778
8.0,17,7,68,validation,1.51608145236969,0.9317602190934193
8.0,17,7,69,validation,-2.963707208633423,-3.834142047994126
8.0,17,7,70,train,-0.0652521401643753,-0.4817381458890198
8.0,17,7,71,train,0.7040899395942688,0.4303170467416445
8.0,17,7,72,train,0.43109673261642456,0.3024826012551784
8.0,17,7,73,train,5.223588466644287,7.162030381480486
8.0,17,7,74,holdout,0.19033701717853546,0.20995131297425484
8.0,17,7,75,train,-0.1900199055671692,-0.11922053829532184
8.0,17,7,76,validation,2.9530014991760254,2.430611455014594
8.0,17,7,77,validation,1.9432886838912964,1.427769978841146
8.0,17,7,78,train,-3.9573416709899902,-6.671196873578728
8.0,17,7,79,train,3.389227867126465,3.0860378133850204
8.0,17,7,80,train,-5.064557075500488,-7.6864910849320225
8.0,17,7,81,train,1.2737064361572266,0.8933945620116117
8.0,17,7,82,holdout,-0.37917041778564453,-0.5760034876562566
8.0,17,7,83,holdout,3.909236192703247,4.4394317143202064
8.0,17,7,84,train,-0.08849091082811356,-0.11213991946744892
8.0,17,7,85,holdout,-0.20133373141288757,-0.43064724040294755
8.0,17,7,86,train,3.830049514770508,4.8780517605891704
8.0,17,7,87,train,-0.11416248977184296,-0.18146718911630574
8.0,17,7,88,holdout,-2.697782516479492,-3.7638656048751615
8.0,17,7,89,train,3.5749568939208984,3.740171414543048
8.0,17,7,90,holdout,3.712169885635376,3.8114222151537738
8.0,17,7,91,holdout,-2.973118543624878,-4.218737613016869
8.0,17,7,92,train,0.10481539368629456,0.016707818952234575
8.0,17,7,93,train,-1.7935903072357178,-1.7334506722788012
8.0,17,7,94,holdout,4.49461030960083,5.578716571572941
8.0,17,7,95,validation,0.030674628913402557,-0.10723294316929188
8.0,17,7,96,validation,3.9045257568359375,3.6610176058018142
8.0,17,7,97,train,4.89678955078125,6.760055050289424
8.0,17,7,98,train,-0.404995858669281,-0.5271716931208933
8.0,17,7,99,holdout,-0.4378768503665924,-0.6317948897679646
8.0,17,7,100,train,4.379219055175781,6.234045962763884
8.0,17,7,101,holdout,-0.15217708051204681,-0.15802010629404184
8.0,17,7,102,holdout,0.2856003940105438,0.27101081608537203
8.0,17,7,103,validation,4.481776237487793,6.015763182227878
8.0,17,7,104,train,4.648452281951904,5.898761811783223
8.0,17,7,105,validation,3.7924013137817383,4.198582299904316
8.0,17,7,106,holdout,-0.6838758587837219,-0.5879929815405998
8.0,17,7,107,holdout,4.891003608703613,6.858318587144216
8.0,17,7,108,validation,-0.4772472679615021,-0.5367344047067167
8.0,17,7,109,train,-1.1564871072769165,-1.4670900966927334
8.0,17,7,110,holdout,6.444436073303223,10.494508723460713
8.0,17,7,111,train,0.004797354340553284,-0.11620932074540871
8.0,17,7,112,holdout,5.157131195068359,7.691763319384316
8.0,17,7,113,train,0.05383855476975441,-0.5594557709991932
8.0,17,7,114,train,-4.198965072631836,-7.152465361866607
8.0,17,7,115,validation,-2.335712432861328,-2.739189310722988
8.0,17,7,116,holdout,1.4915767908096313,1.265756715539534
8.0,17,7,117,train,-0.6734985709190369,-1.1521163221788844
8.0,17,7,118,holdout,4.43886137008667,5.6329761462256425
8.0,17,7,119,train,3.2094359397888184,2.757780586679776
8.0,17,7,120,holdout,0.3508237898349762,0.08366888637344033
8.0,17,7,121,holdout,-3.515010356903076,-5.639979727566242
8.0,17,7,122,validation,-1.2945444583892822,-1.7060896311229359
8.0,17,7,123,validation,2.7200756072998047,2.1500158259553324
8.0,17,7,124,train,3.204853057861328,2.7416387755173774
8.0,17,7,125,validation,3.4834253787994385,3.8547643740523894
8.0,17,7,126,train,4.317190170288086,5.4427519256277215
8.0,17,7,127,validation,-2.9536614418029785,-4.021438059945277
8.0,17,8,0,holdout,-3.4198009967803955,-4.773777948141342
8.0,17,8,1,train,-2.4431190490722656,-3.105736466124654
8.0,17,8,2,train,3.80397891998291,4.0290260472780615
8.0,17,8,3,holdout,3.756913661956787,3.956662051288685
8.0,17,8,4,train,1.0383356809616089,0.928017456653555
8.0,17,8,5,train,-1.2760848999023438,-1.4103216786743862
8.0,17,8,6,validation,5.033792495727539,7.11063045139114
8.0,17,8,7,train,1.0554333925247192,2.0926940200994855
8.0,17,8,8,train,3.6748695373535156,3.76840009874554
8.0,17,8,9,train,-3.113980770111084,-4.690642181932359
8.0,17,8,10,train,5.672077655792236,8.358350969164059
8.0,17,8,11,holdout,2.975921630859375,2.784705800161772
8.0,17,8,12,validation,-3.115741014480591,-4.538730210205575
8.0,17,8,13,train,-5.50187873840332,-10.180554205927182
8.0,17,8,14,holdout,-0.7202687859535217,-0.96961391501626
8.0,17,8,15,train,-2.8362460136413574,-3.6943150423467155
8.0,17,8,16,train,-2.7438974380493164,-3.5477401663054797
8.0,17,8,17,holdout,4.669424533843994,6.342180255738015
8.0,17,8,18,holdout,3.448038101196289,3.39648396767842
8.0,17,8,19,train,-2.316685676574707,-2.737616312693656
8.0,17,8,20,validation,-1.929672122001648,-2.316811521525095
8.0,17,8,21,train,-4.050369739532471,-6.196648346264055
8.0,17,8,22,train,4.7207932472229,6.89146279471365
8.0,17,8,23,validation,-3.0405173301696777,-3.899529298377098
8.0,17,8,24,holdout,-2.54357647895813,-3.1558890826783115
8.0,17,8,25,holdout,-2.8572282791137695,-3.9623911049862794
8.0,17,8,26,train,2.582406520843506,2.3739444069788824
8.0,17,8,27,train,-0.32013097405433655,-1.3291005185959814
8.0,17,8,28,train,-2.7293548583984375,-3.290275920179138
8.0,17,8,29,train,0.7054104804992676,0.8145430440395081
8.0,17,8,30,validation,0.8248522281646729,1.1106678242513666
8.0,17,8,31,train,2.3989555835723877,2.3853998689122453
8.0,17,8,32,validation,-1.9371066093444824,-2.3268405770943166
8.0,17,8,33,validation,2.8812170028686523,2.2565326054635255
8.0,17,8,34,train,-0.02162782847881317,-0.2780918673518627
8.0,17,8,35,train,-3.052337884902954,-4.001384130842061
8.0,17,8,36,holdout,3.747777223587036,4.472407904443636
8.0,17,8,37,holdout,0.11479992419481277,-0.7479170957712289
8.0,17,8,38,holdout,-4.4637131690979,-7.398995320268274
8.0,17,8,39,train,5.600186824798584,8.805957006882672
8.0,17,8,40,train,0.064914770424366,-0.20323561504483223
8.0,17,8,41,train,0.516631007194519,0.5455247345302311
8.0,17,8,42,train,4.09470796585083,4.45596677661509
8.0,17,8,43,train,-2.2816367149353027,-2.833278166954485
8.0,17,8,44,holdout,-1.3568603992462158,-1.6592137701581662
8.0,17,8,45,train,-3.264492988586426,-4.840023941139226
8.0,17,8,46,validation,-1.0320292711257935,-1.3404026207261426
8.0,17,8,47,validation,1.5719194412231445,0.8541064908107122
8.0,17,8,48,train,3.9901630878448486,4.753425850313112
8.0,17,8,49,train,3.650315761566162,3.679329660816132
8.0,17,8,50,train,-2.344644546508789,-3.015913167776234
8.0,17,8,51,holdout,-2.6657791137695312,-2.4028642576451613
8.0,17,8,52,holdout,-0.1509399265050888,-0.7480820579443159
8.0,17,8,53,holdout,0.10233372449874878,0.49906373738682486
8.0,17,8,54,train,4.733331680297852,6.882041521552185
8.0,17,8,55,holdout,0.14896516501903534,0.16537659732765714
8.0,17,8,56,validation,-2.589430809020996,-2.7049360882140476
8.0,17,8,57,validation,3.7762651443481445,4.395191476298154
8.0,17,8,58,train,2.8729166984558105,2.3293126719941957
8.0,17,8,59,train,-2.8862485885620117,-3.22790596316244
8.0,17,8,60,validation,-2.4662575721740723,-3.5445517183711215
8.0,17,8,61,train,0.40576601028442383,0.3079124404984289
8.0,17,8,62,validation,2.230278253555298,1.8554223219452735
8.0,17,8,63,holdout,-3.6249959468841553,-5.218541119148641
8.0,17,8,64,train,-2.288341760635376,-2.931136825132186
8.0,17,8,65,holdout,-2.9229817390441895,-4.0296291747974085
8.0,17,8,66,train,-3.2521753311157227,-4.374279012916899
8.0,17,8,67,train,4.8333635330200195,7.946839392185211
8.0,17,8,68,holdout,0.3927501142024994,0.3615870445397989
8.0,17,8,69,validation,-3.821702480316162,-5.332266626884561
8.0,17,8,70,validation,-5.720165729522705,-10.202675673858792
8.0,17,8,71,train,2.868288516998291,2.36111117011121
8.0,17,8,72,train,-3.3506550788879395,-5.089627040397229
8.0,17,8,73,validation,-2.7806265354156494,-3.197282177706559
8.0,17,8,74,holdout,-2.4491100311279297,-3.5437257707665624
8.0,17,8,75,holdout,-2.9153480529785156,-4.105028910312592
8.0,17,8,76,train,-1.0389395952224731,-1.3519057136040438
8.0,17,8,77,train,-0.9007992744445801,-1.4754902645945547
8.0,17,8,78,holdout,0.5005931258201599,0.35558999961518467
8.0,17,8,79,train,4.467095851898193,6.156738052136838
8.0,17,8,80,train,-0.18043240904808044,-0.009544624636570603
8.0,17,8,81,train,-2.073777198791504,-2.352663554736442
8.0,17,8,82,holdout,0.1607598066329956,0.101485749137591
8.0,17,8,83,holdout,-2.583918809890747,-3.1131639186924267
8.0,17,8,84,train,2.8559961318969727,2.2735447398328223
8.0,17,8,85,train,0.2345050424337387,-1.0203650176344568
8.0,17,8,86,train,-2.6273131370544434,-3.011833323768094
8.0,17,8,87,holdout,0.6682493686676025,0.7731193006038666
8.0,17,8,88,train,3.612553119659424,3.025273553797582
8.0,17,8,89,train,-2.6769843101501465,-3.6362135718500745
8.0,17,8,90,validation,-2.19403076171875,-2.644188454986088
8.0,17,8,91,train,3.011425018310547,2.890603647002445
8.0,17,8,92,train,-3.409923553466797,-4.497293651452382
8.0,17,8,93,validation,-2.7873620986938477,-3.1948132381784804
8.0,17,8,94,holdout,-3.0480000972747803,-4.309359092994291
8.0,17,8,95,validation,-5.272079944610596,-8.794646611748592
8.0,17,8,96,holdout,-0.4277862310409546,-0.27934866522749263
8.0,17,8,97,train,-3.8367369174957275,-6.283709108888231
8.0,17,8,98,train,-1.166826844215393,-0.9424952467282615
8.0,17,8,99,train,0.5544472336769104,0.3989430309763248
8.0,17,8,100,train,3.9671895503997803,5.045931084702413
8.0,17,8,101,train,-0.17649883031845093,-0.15925510018059455
8.0,17,8,102,train,0.027094103395938873,0.014826331234577855
8.0,17,8,103,holdout,-4.489893913269043,-7.564670998909331
8.0,17,8,104,train,-0.16995561122894287,-0.4496549362771761
8.0,17,8,105,train,-3.3961021900177,-4.373373344411984
8.0,17,8,106,train,3.1427252292633057,3.855636154834688
8.0,17,8,107,validation,-3.699716091156006,-4.950430785767701
8.0,17,8,108,holdout,3.7638814449310303,4.454952432155633
8.0,17,8,109,validation,-0.17446580529212952,-0.11600694184501964
8.0,17,8,110,train,3.996157169342041,4.632931208453457
8.0,17,8,111,train,0.1943022608757019,0.058312481236498015
8.0,17,8,112,validation,-3.725839853286743,-6.17119613845443
8.0,17,8,113,holdout,3.6247708797454834,4.722177310182562
8.0,17,8,114,holdout,-2.7702741622924805,-3.7926599097748595
8.0,17,8,115,train,-2.743122100830078,-3.9579218754963517
8.0,17,8,116,train,5.277811050415039,8.088870491324338
8.0,17,8,117,train,-2.2727837562561035,-2.99020180106163
8.0,17,8,118,validation,-0.42277991771698,-0.3559689639709336
8.0,17,8,119,validation,3.653886079788208,3.5707981927370662
8.0,17,8,120,holdout,-0.021843019872903824,-0.05394022556179755
8.0,17,8,121,train,3.6088223457336426,3.815889731049537
8.0,17,8,122,train,3.026386022567749,3.3976898955774923
8.0,17,8,123,train,3.1609086990356445,2.8143365784982266
8.0,17,8,124,train,0.37626832723617554,0.2739147969942085
8.0,17,8,125,train,3.5031158924102783,3.6282644985033414
8.0,17,8,126,train,-2.257059097290039,-2.833256799004667
8.0,17,8,127,train,2.6990673542022705,2.1683258886138597
8.0,17,9,0,validation,0.1748845875263214,-0.07818164936789469
8.0,17,9,1,holdout,4.841373443603516,7.15529293879806
8.0,17,9,2,train,-0.06927148997783661,-0.0029906697014016326
8.0,17,9,3,holdout,5.377006530761719,8.218225228555745
8.0,17,9,4,holdout,-2.1007094383239746,-2.2501750004225625
8.0,17,9,5,train,0.03558016195893288,-0.1700237965301949
8.0,17,9,6,train,0.2643807530403137,0.24174236520731224
8.0,17,9,7,holdout,4.903626918792725,7.008689349477239
8.0,17,9,8,train,0.9988820552825928,1.175823206702868
8.0,17,9,9,validation,-2.7218809127807617,-2.8173874717301612
8.0,17,9,10,validation,-0.20517483353614807,-0.3305463772267103
8.0,17,9,11,holdout,-1.519454002380371,-1.1780962872180025
8.0,17,9,12,validation,-2.6436853408813477,-3.708620688106183
8.0,17,9,13,train,3.355912446975708,2.887552810471913
8.0,17,9,14,holdout,6.032192230224609,10.326096195607084
8.0,17,9,15,train,0.7215567827224731,0.34611178516296576
8.0,17,9,16,train,-1.180954933166504,-0.9082154233195736
8.0,17,9,17,train,-0.3430882692337036,-0.41809771218739555
8.0,17,9,18,validation,-0.15131504833698273,-0.5478015300270247
8.0,17,9,19,holdout,1.5893656015396118,1.249346053564647
8.0,17,9,20,train,-5.192324638366699,-8.707553961918322
8.0,17,9,21,validation,0.24046126008033752,0.08024820445053141
8.0,17,9,22,train,3.445570945739746,3.422885176916526
8.0,17,9,23,train,-3.6252646446228027,-5.094834752628111
8.0,17,9,24,train,0.25630804896354675,0.0963169876193029
8.0,17,9,25,train,0.2390817403793335,0.2647087297314481
8.0,17,9,26,train,-2.2478432655334473,-3.0135948966989554
8.0,17,9,27,train,-2.431185483932495,-3.4729969609724467
8.0,17,9,28,train,-5.184203624725342,-8.786709055928847
8.0,17,9,29,validation,3.876293182373047,4.235233882938589
8.0,17,9,30,holdout,0.4493652582168579,0.6347755845451036
8.0,17,9,31,holdout,-0.21940305829048157,-0.9323346151938532
8.0,17,9,32,holdout,-2.895488739013672,-4.66386002618656
8.0,17,9,33,train,4.399277210235596,5.864282979989646
8.0,17,9,34,train,-0.21937735378742218,-0.34858819786747763
8.0,17,9,35,holdout,1.2346134185791016,0.5888515903040693
8.0,17,9,36,validation,-0.06104886531829834,0.04852870479226111
8.0,17,9,37,train,-2.937767744064331,-4.179189138482285
8.0,17,9,38,validation,3.394143581390381,4.099967164391516
8.0,17,9,39,holdout,3.732107162475586,3.9242810062409723
8.0,17,9,40,train,0.06711849570274353,0.05239462852478027
8.0,17,9,41,holdout,-1.9451123476028442,-2.4005090160706195
8.0,17,9,42,holdout,4.978508472442627,6.925199127726412
8.0,17,9,43,holdout,2.7741880416870117,3.0011738662936187
8.0,17,9,44,holdout,3.9061179161071777,5.006797734647989
8.0,17,9,45,train,0.7559347152709961,0.3290010752777258
8.0,17,9,46,train,5.980353355407715,8.815063322583834
8.0,17,9,47,train,-4.2738542556762695,-8.351267413233478
8.0,17,9,48,validation,-4.678233623504639,-7.776675901984145
8.0,17,9,49,validation,0.08953548967838287,-0.002461139112710925
8.0,17,9,50,train,-0.1484794020652771,-0.13988541945637895
8.0,17,9,51,validation,0.35248303413391113,0.5759512854101743
8.0,17,9,52,holdout,-3.0131354331970215,-4.225463022788365
8.0,17,9,53,holdout,0.09122952818870544,0.26008011865316183
8.0,17,9,54,train,-0.15978732705116272,-0.550962024541384
8.0,17,9,55,holdout,-2.226029396057129,-2.7424221434997915
8.0,17,9,56,holdout,0.46288058161735535,0.8916764076994244
8.0,17,9,57,train,-5.55588960647583,-9.7411154013143
8.0,17,9,58,validation,-1.9584003686904907,-2.1873535735019902
8.0,17,9,59,train,-2.928852081298828,-4.0243523641776155
8.0,17,9,60,train,-2.3276100158691406,-2.9715271107852455
8.0,17,9,61,train,0.4150990843772888,0.20004464638031455
8.0,17,9,62,train,-0.3452519476413727,-0.49367479656714697
8.0,17,9,63,train,4.247957706451416,4.980078681213487
8.0,17,9,64,train,0.356536328792572,0.45641889449746564
8.0,17,9,65,train,5.034446716308594,8.447215635648453
8.0,17,9,66,validation,4.264042854309082,5.130545932571834
8.0,17,9,67,holdout,3.2676048278808594,4.24739522214135
8.0,17,9,68,train,3.7460994720458984,4.044187707168199
8.0,17,9,69,train,3.9323856830596924,4.387845958737247
8.0,17,9,70,train,-2.4810218811035156,-3.334778883973584
8.0,17,9,71,holdout,4.565877437591553,6.576843943734849
8.0,17,9,72,train,-5.109682083129883,-9.023860945327966
8.0,17,9,73,holdout,-2.9107794761657715,-3.7400539931883605
8.0,17,9,74,holdout,-3.5110321044921875,-5.477488170067469
8.0,17,9,75,holdout,-1.529983401298523,-1.796302506438714
8.0,17,9,76,train,4.472857475280762,5.573972642002024
8.0,17,9,77,train,2.360905408859253,1.7996600481511522
8.0,17,9,78,train,-2.932858943939209,-3.9545236137645197
8.0,17,9,79,train,3.305720806121826,3.7720073504423697
8.0,17,9,80,holdout,5.235740661621094,7.927555921110274
8.0,17,9,81,train,-2.7017838954925537,-4.09083459252866
8.0,17,9,82,train,-0.26761895418167114,-0.29607590469521167
8.0,17,9,83,train,5.403682708740234,7.459283856504635
8.0,17,9,84,validation,3.634615421295166,4.54779315581572
8.0,17,9,85,train,3.5825283527374268,3.908565300206343
8.0,17,9,86,train,-0.34507474303245544,-0.3540252563280395
8.0,17,9,87,train,-3.8215889930725098,-6.230068621059003
8.0,17,9,88,train,-1.9793715476989746,-2.3673453251817023
8.0,17,9,89,train,0.5582621693611145,0.7792966474713008
8.0,17,9,90,validation,0.01248253881931305,0.08448619662843398
8.0,17,9,91,train,-3.146324872970581,-4.068761028182657
8.0,17,9,92,train,-3.338137626647949,-5.080862124961524
8.0,17,9,93,validation,3.110031843185425,2.7880628339271145
8.0,17,9,94,train,-3.2261252403259277,-4.826964068940658
8.0,17,9,95,train,0.148535817861557,0.08329211982113777
8.0,17,9,96,holdout,4.638556957244873,7.235682657016309
8.0,17,9,97,train,-4.096307277679443,-6.571685587144914
8.0,17,9,98,train,-1.3092544078826904,-1.6958891106359013
8.0,17,9,99,train,0.2652166187763214,0.1518766664686546
8.0,17,9,100,train,-4.590731620788574,-7.638764380134865
8.0,17,9,101,holdout,-0.6126706600189209,-0.7215391584578278
8.0,17,9,102,train,4.8554205894470215,7.102370728016049
8.0,17,9,103,train,6.082256317138672,9.958960246713524
8.0,17,9,104,train,-1.9333473443984985,-2.3365451137103324
8.0,17,9,105,train,-2.333313226699829,-3.182748709079378
8.0,17,9,106,train,2.598825693130493,2.1111040010402258
8.0,17,9,107,validation,-6.476251125335693,-11.55736641820732
8.0,17,9,108,validation,3.492117166519165,3.351500247054634
8.0,17,9,109,holdout,3.4590823650360107,4.513334193946065
8.0,17,9,110,holdout,-0.07822754979133606,-0.07280391399086626
8.0,17,9,111,train,-0.6358200311660767,-0.8514894247055054
8.0,17,9,112,validation,3.543605089187622,3.2635124149891186
8.0,17,9,113,validation,0.016983918845653534,-0.25936243814760473
8.0,17,9,114,train,-2.856719970703125,-3.556405624995629
8.0,17,9,115,train,-0.32414406538009644,-0.535173916505057
8.0,17,9,116,train,4.073916912078857,4.536792985584851
8.0,17,9,117,validation,-5.216922283172607,-8.631640195056512
8.0,17,9,118,train,-2.753933906555176,-4.126579950466532
8.0,17,9,119,validation,-0.2657158672809601,-0.30268557093624676
8.0,17,9,120,train,3.0110340118408203,2.5882846402625237
8.0,17,9,121,train,-3.131185531616211,-3.6657007715532672
8.0,17,9,122,holdout,1.6342952251434326,1.0921370964628279
8.0,17,9,123,train,-3.0419507026672363,-4.27607786282897
8.0,17,9,124,train,-3.797031879425049,-5.709157993316237
8.0,17,9,125,holdout,-3.3849334716796875,-4.645313471434657
8.0,17,9,126,validation,0.07846584171056747,0.1857769367893314
8.0,17,9,127,train,-2.343256950378418,-2.4731611008549175
5.0,18,7,0,train,2.828169107437134,2.344725241255692
5.0,18,7,1,holdout,0.26012691855430603,0.44771476280173084
5.0,18,7,2,validation,-3.290853977203369,-4.622233905789154
5.0,18,7,3,validation,-0.5347875952720642,-0.06267565920322038
5.0,18,7,4,validation,-0.1451730877161026,-0.18696143072359167
5.0,18,7,5,train,1.9394183158874512,1.6858991825332243
5.0,18,7,6,validation,0.3201878070831299,0.1657249550949386
5.0,18,7,7,train,0.11873728036880493,-0.4201394706926505
5.0,18,7,8,train,-0.15221688151359558,0.05444749103640387
5.0,18,7,9,holdout,2.75930118560791,2.3515429342475467
5.0,18,7,10,train,2.8675856590270996,2.567338833818377
5.0,18,7,11,holdout,0.12060727179050446,0.20489148321074402
5.0,18,7,12,train,2.141028642654419,1.999181866053368
5.0,18,7,13,train,3.330225944519043,3.3292537014984633
5.0,18,7,14,holdout,-0.07192999124526978,-0.33961228240855806
5.0,18,7,15,holdout,0.047614168375730515,0.2806798415031298
5.0,18,7,16,train,2.6225013732910156,2.0823826752244234
5.0,18,7,17,train,-0.20471008121967316,-0.13530716416426003
5.0,18,7,18,train,-1.9051597118377686,-2.216233269191524
5.0,18,7,19,train,1.2695308923721313,0.6438094661984253
5.0,18,7,20,train,3.6613035202026367,3.920880748399774
5.0,18,7,21,train,-1.5048317909240723,-2.488902507608942
5.0,18,7,22,validation,-0.6814393997192383,-0.2813631761156567
5.0,18,7,23,validation,-3.0143792629241943,-3.9792432849347934
5.0,18,7,24,train,-2.3858609199523926,-2.357974189519058
5.0,18,7,25,train,1.669595718383789,1.5696302049032471
5.0,18,7,26,train,1.2006404399871826,0.18983144618255787
5.0,18,7,27,train,-0.06819494068622589,0.15440106042660773
5.0,18,7,28,holdout,3.7770469188690186,4.286072165421251
5.0,18,7,29,train,2.4989757537841797,2.13801166029989
5.0,18,7,30,train,2.5806965827941895,2.6217189198359847
5.0,18,7,31,validation,-0.8828693628311157,-0.11463870139171686
5.0,18,7,32,train,-3.076749086380005,-4.536830835665265
5.0,18,7,33,train,0.0809788703918457,-0.11388741429846252
5.0,18,7,34,train,2.3557093143463135,2.3423652684810414
5.0,18,7,35,train,-2.877523899078369,-3.4822313703537966
5.0,18,7,36,train,2.8474650382995605,2.3948356676455456
5.0,18,7,37,train,1.8853533267974854,2.2829000924526417
5.0,18,7,38,train,1.6025390625,1.6883053032377793
5.0,18,7,39,train,-2.6566083431243896,-2.995370919301416
5.0,18,7,40,train,-3.4431159496307373,-4.214166360034191
5.0,18,7,41,train,1.99264395236969,2.019342654058952
5.0,18,7,42,train,-3.4603490829467773,-4.218489504243828
5.0,18,7,43,holdout,3.614682674407959,3.966187403226892
5.0,18,7,44,train,4.01246452331543,4.900127977684006
5.0,18,7,45,holdout,-0.07402751594781876,0.14450487370292348
5.0,18,7,46,train,2.5688729286193848,2.218666607370054
5.0,18,7,47,holdout,2.831638813018799,1.920188650472414
5.0,18,7,48,validation,0.8383079767227173,0.3525210168228587
5.0,18,7,49,holdout,0.16452473402023315,0.35565006457840703
5.0,18,7,50,train,-2.2516512870788574,-1.9850651680354154
5.0,18,7,51,holdout,0.015977218747138977,-0.1295051040748755
5.0,18,7,52,train,2.607114553451538,2.174198059500508
5.0,18,7,53,train,-2.474540948867798,-2.9210720487402058
5.0,18,7,54,train,-2.534428119659424,-2.016837952462735
5.0,18,7,55,train,0.6125035285949707,0.3909676808097067
5.0,18,7,56,train,-2.2716736793518066,-2.674636059926252
5.0,18,7,57,validation,2.9685134887695312,3.028347204282865
5.0,18,7,58,train,-0.3176162540912628,-0.30339812595899873
5.0,18,7,59,train,0.07544903457164764,0.1653870847076176
5.0,18,7,60,train,-1.1031737327575684,-1.9040048333709667
5.0,18,7,61,train,-1.9212756156921387,-2.365248736125818
5.0,18,7,62,train,-2.820159673690796,-3.8567958202281982
5.0,18,7,63,validation,1.3873770236968994,0.5755848904252023
5.0,18,7,64,train,-0.12563537061214447,-0.2943479898608364
5.0,18,7,65,train,-2.2789621353149414,-2.1988044875005643
5.0,18,7,66,holdout,0.08896256238222122,0.1270810139249079
5.0,18,7,67,holdout,3.6545751094818115,3.526242201274908
5.0,18,7,68,validation,1.0279600620269775,0.7089748678489032
5.0,18,7,69,validation,-2.266157388687134,-2.154967681068865
5.0,18,7,70,train,-0.15456639230251312,0.08136680838721363
5.0,18,7,71,train,0.45812883973121643,0.27579720287273324
5.0,18,7,72,train,0.3589951694011688,0.07393604144454002
5.0,18,7,73,train,3.79447603225708,4.146658936463835
5.0,18,7,74,holdout,0.17128629982471466,0.10673117885104863
5.0,18,7,75,train,-0.06198243051767349,0.26347125881985445
5.0,18,7,76,validation,1.956730604171753,1.8005604328579639
5.0,18,7,77,validation,1.4833135604858398,0.4833834529078254
5.0,18,7,78,train,-2.976775646209717,-4.087164600727034
5.0,18,7,79,train,2.4429879188537598,2.0924275606692992
5.0,18,7,80,train,-3.543947696685791,-4.946003477812551
5.0,18,7,81,train,1.117163896560669,0.08925357106396982
5.0,18,7,82,holdout,-0.2265360951423645,-0.23014200360043138
5.0,18,7,83,holdout,2.86226224899292,2.4229547542247785
5.0,18,7,84,train,0.05858651176095009,-0.4731490556555605
5.0,18,7,85,holdout,-0.06576770544052124,-0.43481655180316464
5.0,18,7,86,train,2.80031418800354,2.396761272732549
5.0,18,7,87,train,-0.15813347697257996,-0.01744700232421918
5.0,18,7,88,holdout,-2.137453079223633,-2.8458355675998352
5.0,18,7,89,train,2.6494574546813965,2.3139078366861474
5.0,18,7,90,holdout,2.5221409797668457,2.1460121559600034
5.0,18,7,91,holdout,-2.3206050395965576,-2.6366600894741863
5.0,18,7,92,train,0.13197661936283112,-0.44170178627407697
5.0,18,7,93,train,-1.2454731464385986,-1.6922036507943023
5.0,18,7,94,holdout,3.2499964237213135,2.315716085223896
5.0,18,7,95,validation,-0.1768149733543396,-0.2632518520393786
5.0,18,7,96,validation,2.7875888347625732,2.3009716194671523
5.0,18,7,97,train,3.7513232231140137,4.1205875913522645
5.0,18,7,98,train,-0.11795763671398163,0.03238038288008613
5.0,18,7,99,holdout,-0.41821426153182983,-0.300364304954807
5.0,18,7,100,train,3.2490413188934326,3.1599876749552593
5.0,18,7,101,holdout,-0.12471252679824829,-0.006739144791025366
5.0,18,7,102,holdout,0.01930471882224083,-0.165200912595188
5.0,18,7,103,validation,3.166975975036621,2.9841492443518574
5.0,18,7,104,train,3.3694329261779785,3.3163251599981782
5.0,18,7,105,validation,2.806455373764038,2.479259162143496
5.0,18,7,106,holdout,-0.42699891328811646,0.035677198564529916
5.0,18,7,107,holdout,3.719355583190918,4.163640428644915
5.0,18,7,108,validation,-0.2683444917201996,-0.3979921056226476
5.0,18,7,109,train,-0.8137462139129639,-0.23335356833630574
5.0,18,7,110,holdout,4.6754865646362305,5.921833772934218
5.0,18,7,111,train,-0.09249405562877655,0.029513801341005938
5.0,18,7,112,holdout,3.907343864440918,5.4445450904815855
5.0,18,7,113,train,-0.12895196676254272,0.48241240438073874
5.0,18,7,114,train,-3.1359639167785645,-4.089289204060559
5.0,18,7,115,validation,-1.6911982297897339,-2.3470589803566178
5.0,18,7,116,holdout,1.2257200479507446,0.19359430064546712
5.0,18,7,117,train,-0.495045006275177,-0.09050842072549536
5.0,18,7,118,holdout,3.0824177265167236,2.9921078862801815
5.0,18,7,119,train,2.0782296657562256,2.049752774958809
5.0,18,7,120,holdout,0.09193379431962967,0.5677076165253917
5.0,18,7,121,holdout,-2.7107300758361816,-3.4635923051973805
5.0,18,7,122,validation,-1.0007224082946777,-0.3679834242836778
5.0,18,7,123,validation,1.706049919128418,2.2259671829539234
5.0,18,7,124,train,2.0171098709106445,2.1820100313787436
5.0,18,7,125,validation,2.401913642883301,1.9187896216770373
5.0,18,7,126,train,3.100245475769043,2.695149616904671
5.0,18,7,127,validation,-2.149413585662842,-2.1661076033994044
5.0,18,8,0,holdout,-2.6200027465820312,-3.3356695349020273
5.0,18,8,1,train,-1.8977594375610352,-1.5370371410972439
5.0,18,8,2,train,2.726236343383789,2.4740739427962732
5.0,18,8,3,holdout,2.890094518661499,2.5857662428972037
5.0,18,8,4,train,0.6857678890228271,0.504096039569703
5.0,18,8,5,train,-0.8914262652397156,0.16127414099518753
5.0,18,8,6,validation,3.759706735610962,4.259621095067511
5.0,18,8,7,train,0.9475937485694885,0.09569359264700927
5.0,18,8,8,train,2.593989133834839,2.467738717876109
5.0,18,8,9,train,-2.309389352798462,-2.224126860928519
5.0,18,8,10,train,4.0821051597595215,4.124111995055859
5.0,18,8,11,holdout,2.2260031700134277,2.2507310988130023
5.0,18,8,12,validation,-2.4346139430999756,-2.5523613645647694
5.0,18,8,13,train,-3.97917103767395,-6.00110954449788
5.0,18,8,14,holdout,-0.4549262225627899,-0.4856020866759344
5.0,18,8,15,train,-2.0767433643341064,-1.8740624360119302
5.0,18,8,16,train,-2.1580896377563477,-2.086502486957328
5.0,18,8,17,holdout,3.49949049949646,3.9883152618342663
5.0,18,8,18,holdout,2.5348711013793945,2.1738125212037542
5.0,18,8,19,train,-1.6668988466262817,-2.084277918635839
5.0,18,8,20,validation,-1.5007237195968628,-1.6089413131906438
5.0,18,8,21,train,-2.9879305362701416,-4.0170412027269675
5.0,18,8,22,train,3.586888551712036,4.093497651436979
5.0,18,8,23,validation,-2.379807949066162,-2.7589810723533046
5.0,18,8,24,holdout,-1.9616647958755493,-1.832581593324039
5.0,18,8,25,holdout,-2.002155303955078,-1.6859850976019806
5.0,18,8,26,train,1.7471599578857422,1.64281859375325
5.0,18,8,27,train,-0.1473791003227234,-0.16209505217556502
5.0,18,8,28,train,-1.9401569366455078,-1.7631459990522633
5.0,18,8,29,train,0.5723230242729187,-0.04932625134608351
5.0,18,8,30,validation,0.39213860034942627,-0.1991294086669
5.0,18,8,31,train,1.6097757816314697,0.6318055988273737
5.0,18,8,32,validation,-1.3607021570205688,-2.0712908271004924
5.0,18,8,33,validation,1.8351984024047852,1.9653257087582119
5.0,18,8,34,train,-0.05657769739627838,0.03479068707991594
5.0,18,8,35,train,-2.1278300285339355,-1.8253897511412753
5.0,18,8,36,holdout,2.7008121013641357,2.303098337690657
5.0,18,8,37,holdout,0.04359252005815506,-0.06946418530182874
5.0,18,8,38,holdout,-3.321747303009033,-4.389873898942656
5.0,18,8,39,train,4.172214508056641,4.971861667819525
5.0,18,8,40,train,0.026721667498350143,0.05984727603693801
5.0,18,8,41,train,0.38174086809158325,0.11489721676747147
5.0,18,8,42,train,2.937838315963745,2.166065538214106
5.0,18,8,43,train,-1.7016037702560425,-2.022169370248653
5.0,18,8,44,holdout,-1.1482784748077393,-0.3597870175912539
5.0,18,8,45,train,-2.5549187660217285,-2.792650558604128
5.0,18,8,46,validation,-0.8094014525413513,-0.26799823394734446
5.0,18,8,47,validation,0.7934848070144653,0.4908021182442705
5.0,18,8,48,train,2.9753684997558594,2.3291556574672225
5.0,18,8,49,train,2.6008248329162598,2.4539702421940945
5.0,18,8,50,train,-1.7392616271972656,-1.7016794339873857
5.0,18,8,51,holdout,-1.9961237907409668,-1.9779046027382463
5.0,18,8,52,holdout,-0.317816823720932,-0.19710683781735328
5.0,18,8,53,holdout,0.33400747179985046,-0.14737639620042828
5.0,18,8,54,train,3.5592117309570312,3.704629539957264
5.0,18,8,55,holdout,0.253592848777771,-0.5985920057398674
5.0,18,8,56,validation,-1.8214988708496094,-1.764117344027357
5.0,18,8,57,validation,2.8238749504089355,2.397132222308694
5.0,18,8,58,train,2.0523452758789062,1.4402134514539582
5.0,18,8,59,train,-2.421593189239502,-2.3610294857727374
5.0,18,8,60,validation,-1.9905445575714111,-2.1501445319402492
5.0,18,8,61,train,0.3094598054885864,-0.11910779480208553
5.0,18,8,62,validation,1.6256043910980225,1.7967626141164112
5.0,18,8,63,holdout,-2.538951873779297,-2.3870968880502885
5.0,18,8,64,train,-1.7274999618530273,-1.9474967946721233
5.0,18,8,65,holdout,-2.1655080318450928,-2.082947526915419
5.0,18,8,66,train,-2.5843067169189453,-3.4631592680101186
5.0,18,8,67,train,3.7535276412963867,4.529488420424362
5.0,18,8,68,holdout,0.28179454803466797,0.5161343748373998
5.0,18,8,69,validation,-2.8011131286621094,-2.5943880615809367
5.0,18,8,70,validation,-4.028120994567871,-5.356040707566485
5.0,18,8,71,train,2.1274685859680176,2.2149023201572704
5.0,18,8,72,train,-2.3334970474243164,-2.5008780147973355
5.0,18,8,73,validation,-2.002901792526245,-2.1872124215587974
5.0,18,8,74,holdout,-1.8095600605010986,-2.377409206783472
5.0,18,8,75,holdout,-2.3091280460357666,-2.2866564013339667
5.0,18,8,76,train,-0.8017609119415283,-0.17544293958970433
5.0,18,8,77,train,-0.5771462321281433,-0.11951620535304147
5.0,18,8,78,holdout,0.17184792459011078,0.10286583348996578
5.0,18,8,79,train,3.301696300506592,4.1383743678333
5.0,18,8,80,train,-0.08156174421310425,-0.4222109533535937
5.0,18,8,81,train,-1.4306821823120117,-1.7383401493042492
5.0,18,8,82,holdout,0.0408666729927063,0.2935223289815641
5.0,18,8,83,holdout,-1.8736293315887451,-1.4326559752473789
5.0,18,8,84,train,1.951080560684204,1.5318053097721052
5.0,18,8,85,train,-0.07907894253730774,0.3633923323146983
5.0,18,8,86,train,-1.9400529861450195,-2.215175033395618
5.0,18,8,87,holdout,0.47777146100997925,0.023951982536042707
5.0,18,8,88,train,2.443077802658081,1.7641589497393608
5.0,18,8,89,train,-2.065854072570801,-2.320820373855131
5.0,18,8,90,validation,-1.6739674806594849,-2.458082552074069
5.0,18,8,91,train,2.1248185634613037,1.7697648054190636
5.0,18,8,92,train,-2.297814130783081,-2.586630891256669
5.0,18,8,93,validation,-2.180880069732666,-2.5197399759025814
5.0,18,8,94,holdout,-2.349069595336914,-2.3130896685909
5.0,18,8,95,validation,-3.6583333015441895,-5.907943025196741
5.0,18,8,96,holdout,-0.3515201807022095,-0.29388064712596434
5.0,18,8,97,train,-2.9600870609283447,-3.7598109268071105
5.0,18,8,98,train,-0.8773379325866699,-0.5118670624991257
5.0,18,8,99,train,0.4166964292526245,0.178287242366835
5.0,18,8,100,train,2.8563807010650635,2.545039788819849
5.0,18,8,101,train,-0.14233779907226562,-0.1341663785944056
5.0,18,8,102,train,0.028412234038114548,0.43618407014341887
5.0,18,8,103,holdout,-3.2425081729888916,-4.022170449214086
5.0,18,8,104,train,-0.010403148829936981,-0.2774126179223365
5.0,18,8,105,train,-2.5279359817504883,-3.2626174868210294
5.0,18,8,106,train,2.3429031372070312,1.6854341634041847
5.0,18,8,107,validation,-2.5862817764282227,-2.625820961638044
5.0,18,8,108,holdout,2.779998779296875,2.279779432353967
5.0,18,8,109,validation,0.08391149342060089,0.3085069175964842
5.0,18,8,110,train,2.9350974559783936,2.912701713554103
5.0,18,8,111,train,0.08358202874660492,0.421630715797289
5.0,18,8,112,validation,-2.9282259941101074,-4.591259099141769
5.0,18,8,113,holdout,2.8660953044891357,2.3495175091529523
5.0,18,8,114,holdout,-2.1690962314605713,-2.0916265373428664
5.0,18,8,115,train,-1.7479009628295898,-2.0632784010789167
5.0,18,8,116,train,3.887765884399414,4.053267957428588
5.0,18,8,117,train,-1.7682645320892334,-2.0772185490932316
5.0,18,8,118,validation,-0.07827425003051758,-0.13183861422073548
5.0,18,8,119,validation,2.5507190227508545,2.2085921288964365
5.0,18,8,120,holdout,-0.07703731954097748,0.044907407819351854
5.0,18,8,121,train,2.68339204788208,2.339341443730518
5.0,18,8,122,train,2.3897485733032227,1.9262906545749232
5.0,18,8,123,train,1.9694266319274902,2.2508027311993883
5.0,18,8,124,train,0.23317107558250427,0.2232308783631004
5.0,18,8,125,train,2.6281251907348633,2.196323902910981
5.0,18,8,126,train,-1.7019834518432617,-2.3358963463972433
5.0,18,8,127,train,1.7041230201721191,2.0103421031186977
5.0,18,9,0,validation,0.04545693099498749,-0.19974948008106785
5.0,18,9,1,holdout,3.669635534286499,4.449327029331592
5.0,18,9,2,train,-0.23550458252429962,-0.30140467440905516
5.0,18,9,3,holdout,3.8627147674560547,4.071370808520017
5.0,18,9,4,holdout,-1.582167148590088,-1.7208247396450094
5.0,18,9,5,train,-0.10725538432598114,0.07146802740588232
5.0,18,9,6,train,0.17222201824188232,0.0719255656203292
5.0,18,9,7,holdout,3.5409393310546875,3.8063760176763446
5.0,18,9,8,train,0.7503268718719482,0.31240982313950855
5.0,18,9,9,validation,-2.0871763229370117,-2.456072440574897
5.0,18,9,10,validation,-0.2683452367782593,-0.15231200319249183
5.0,18,9,11,holdout,-0.7492362260818481,-1.5883319065115429
5.0,18,9,12,validation,-2.0699148178100586,-2.4126877206005677
5.0,18,9,13,train,2.2499823570251465,2.021389555094797
5.0,18,9,14,holdout,4.576305389404297,6.555322722767139
5.0,18,9,15,train,0.09506194293498993,0.38004909704331813
5.0,18,9,16,train,-0.9416025280952454,-0.40525985469695336
5.0,18,9,17,train,-0.07303640991449356,0.06460688624287297
5.0,18,9,18,validation,-0.20795626938343048,0.21599516240238326
5.0,18,9,19,holdout,1.2793028354644775,0.5226998798134219
5.0,18,9,20,train,-3.748990774154663,-4.624161062167663
5.0,18,9,21,validation,0.13209059834480286,0.16180881865962216
5.0,18,9,22,train,2.541386842727661,2.7998366518085533
5.0,18,9,23,train,-2.522268056869507,-2.62429214897331
5.0,18,9,24,train,0.22999367117881775,0.08146008758219807
5.0,18,9,25,train,0.09623844176530838,-0.08855053519499687
5.0,18,9,26,train,-1.753976583480835,-2.3651774720012875
5.0,18,9,27,train,-1.9096901416778564,-2.1630553133432824
5.0,18,9,28,train,-3.7275941371917725,-5.02109624492003
5.0,18,9,29,validation,2.765810012817383,2.481837319440494
5.0,18,9,30,holdout,0.4975658357143402,-0.04193698330464274
5.0,18,9,31,holdout,-0.3099649250507355,-0.1856508871187217
5.0,18,9,32,holdout,-2.2239456176757812,-2.2368787086271604
5.0,18,9,33,train,3.2365875244140625,3.8763084281776203
5.0,18,9,34,train,-0.1779499351978302,-0.2158215627537127
5.0,18,9,35,holdout,1.0685663223266602,-0.08979300065989618
5.0,18,9,36,validation,0.1384463608264923,-0.18812067961941162
5.0,18,9,37,train,-2.134038209915161,-2.2772411654581473
5.0,18,9,38,validation,2.5829622745513916,2.0349799925959986
5.0,18,9,39,holdout,2.699613332748413,2.4930682958281123
5.0,18,9,40,train,0.01809062249958515,-0.1725882850587368
5.0,18,9,41,holdout,-1.4373646974563599,-1.5515310210807531
5.0,18,9,42,holdout,3.683309316635132,3.8702599592119364
5.0,18,9,43,holdout,2.0456035137176514,1.9239553118824777
5.0,18,9,44,holdout,2.9009594917297363,2.1316348221929124
5.0,18,9,45,train,0.4456896185874939,0.19222338373462358
5.0,18,9,46,train,4.321594715118408,5.143864263469974
5.0,18,9,47,train,-3.366225481033325,-5.209894891083493
5.0,18,9,48,validation,-3.460388660430908,-4.981704203514784
5.0,18,9,49,validation,0.09747722744941711,-0.09572748405237994
5.0,18,9,50,train,-0.09771835058927536,-0.3401783708843971
5.0,18,9,51,validation,0.3622862696647644,0.09926373628207337
5.0,18,9,52,holdout,-2.3410961627960205,-2.3990553667924055
5.0,18,9,53,holdout,0.3240651488304138,-0.46977557511158863
5.0,18,9,54,train,-0.3114028573036194,0.06740675709523736
5.0,18,9,55,holdout,-1.6854643821716309,-2.0463055407378574
5.0,18,9,56,holdout,0.4708237946033478,-0.14168268329339864
5.0,18,9,57,train,-3.988231658935547,-5.322374975647882
5.0,18,9,58,validation,-1.4102007150650024,-1.5706462985905991
5.0,18,9,59,train,-2.28503680229187,-2.382265441123532
5.0,18,9,60,train,-1.7937231063842773,-1.9541320650993534
5.0,18,9,61,train,0.23601406812667847,0.46284554031374336
5.0,18,9,62,train,-0.3627188205718994,-0.23287182287443725
5.0,18,9,63,train,3.1600427627563477,4.035563535242852
5.0,18,9,64,train,0.14148518443107605,0.3204908878504493
5.0,18,9,65,train,3.954465389251709,5.199040914033479
5.0,18,9,66,validation,3.1964004039764404,3.7171659042892267
5.0,18,9,67,holdout,2.558612823486328,1.9208469725432515
5.0,18,9,68,train,2.8489911556243896,2.3248941285552793
5.0,18,9,69,train,2.8652873039245605,2.3015350413345077
5.0,18,9,70,train,-1.963782787322998,-2.680749681355622
5.0,18,9,71,holdout,3.4227099418640137,3.724132424959522
5.0,18,9,72,train,-3.6921043395996094,-5.363879939571554
5.0,18,9,73,holdout,-2.1333541870117188,-1.6657530567969008
5.0,18,9,74,holdout,-2.5712671279907227,-2.6085251197218895
5.0,18,9,75,holdout,-1.1601656675338745,-0.6400420599303063
5.0,18,9,76,train,3.0425937175750732,2.486177027489368
5.0,18,9,77,train,1.4536304473876953,1.7688674542826355
5.0,18,9,78,train,-2.229769706726074,-2.141942118522377
5.0,18,9,79,train,2.5722837448120117,2.3089857270056515
5.0,18,9,80,holdout,3.8793044090270996,4.886205020419663
5.0,18,9,81,train,-1.9583029747009277,-1.8415334174471785
5.0,18,9,82,train,-0.09039586782455444,-0.03995617334163232
5.0,18,9,83,train,3.9182329177856445,3.8632219712767477
5.0,18,9,84,validation,2.6862268447875977,2.2021514221195355
5.0,18,9,85,train,2.6920969486236572,2.041542880857984
5.0,18,9,86,train,-0.13862502574920654,-0.33976115062951684
5.0,18,9,87,train,-2.923664093017578,-3.212272268647887
5.0,18,9,88,train,-1.4771785736083984,-1.2741324687535431
5.0,18,9,89,train,0.4337459206581116,-0.051382386997048765
5.0,18,9,90,validation,0.13060086965560913,0.10878576215419589
5.0,18,9,91,train,-2.4079959392547607,-2.2894332071354304
5.0,18,9,92,train,-2.4140655994415283,-2.4474428316335315
5.0,18,9,93,validation,1.9997166395187378,2.3034604952577333
5.0,18,9,94,train,-2.489793539047241,-2.7177186283276518
5.0,18,9,95,train,0.23721054196357727,-0.08183522465893546
5.0,18,9,96,holdout,3.600010395050049,4.168473127886211
5.0,18,9,97,train,-3.063516855239868,-3.9816858342733417
5.0,18,9,98,train,-0.8287444710731506,-0.44949019862432416
5.0,18,9,99,train,-0.0010228045284748077,0.5241560550492348
5.0,18,9,100,train,-3.363497734069824,-4.452247740896729
5.0,18,9,101,holdout,-0.5766500234603882,-0.08814235850445105
5.0,18,9,102,train,3.7790074348449707,4.767123838591457
5.0,18,9,103,train,4.502608299255371,5.615631037557362
5.0,18,9,104,train,-1.4454158544540405,-1.460703085595886
5.0,18,9,105,train,-1.8205056190490723,-2.2061695263477077
5.0,18,9,106,train,1.813305377960205,1.7935328699496527
5.0,18,9,107,validation,-4.567648410797119,-6.616270774636749
5.0,18,9,108,validation,2.363583564758301,2.0727444341729053
5.0,18,9,109,holdout,2.617220878601074,1.9873994932572088
5.0,18,9,110,holdout,0.03351813182234764,-0.15823343641353455
5.0,18,9,111,train,-0.26471638679504395,-0.3717442601919174
5.0,18,9,112,validation,2.615964412689209,2.317837823061113
5.0,18,9,113,validation,-0.21425339579582214,0.44284439411392806
5.0,18,9,114,train,-2.2019307613372803,-2.5649633196492987
5.0,18,9,115,train,-0.06677783280611038,0.15814491963494498
5.0,18,9,116,train,2.9648561477661133,2.8058978507490626
5.0,18,9,117,validation,-3.744138240814209,-4.9360823665054445
5.0,18,9,118,train,-2.1793484687805176,-2.746665427045894
5.0,18,9,119,validation,-0.2630767524242401,-0.40398294676351254
5.0,18,9,120,train,2.090047597885132,2.2902121817848333
5.0,18,9,121,train,-2.2715048789978027,-2.957895781488744
5.0,18,9,122,holdout,1.1698226928710938,0.35014425129610127
5.0,18,9,123,train,-2.3764498233795166,-2.6278303346286216
5.0,18,9,124,train,-2.736109733581543,-3.1738694258909006
5.0,18,9,125,holdout,-2.459217071533203,-2.7177601687640416
5.0,18,9,126,validation,0.2061627060174942,-0.399762216581516
5.0,18,9,127,train,-1.8037651777267456,-2.1958733951722165
8.0,18,7,0,train,3.699641466140747,3.7515603860091065
8.0,18,7,1,holdout,0.3964828550815582,0.7163436204827693
8.0,18,7,2,validation,-4.602816581726074,-7.395574249262647
8.0,18,7,3,validation,-0.6229172945022583,-0.10028105472515308
8.0,18,7,4,validation,0.019135527312755585,-0.29913828915774693
8.0,18,7,5,train,2.8097951412200928,2.697438692053159
8.0,18,7,6,validation,0.07608472555875778,0.2651599281519017
8.0,18,7,7,train,0.08790600299835205,-0.6722231531082409
8.0,18,7,8,train,0.12364517897367477,0.08711598565824619
8.0,18,7,9,holdout,3.595367908477783,3.7624686947960746
8.0,18,7,10,train,3.7769556045532227,4.107742134109403
8.0,18,7,11,holdout,0.22595158219337463,0.3278263731371904
8.0,18,7,12,train,2.79148530960083,3.198690985685389
8.0,18,7,13,train,4.4847235679626465,5.326805922397541
8.0,18,7,14,holdout,-0.03159281983971596,-0.5433796518536929
8.0,18,7,15,holdout,0.1877959966659546,0.4490877464050077
8.0,18,7,16,train,3.437681198120117,3.331812280359078
8.0,18,7,17,train,-0.2359848916530609,-0.21649146266281605
8.0,18,7,18,train,-2.5246288776397705,-3.5459732307064384
8.0,18,7,19,train,2.084616184234619,1.0300951459174803
8.0,18,7,20,train,5.030097484588623,6.273409197439638
8.0,18,7,21,train,-1.8308897018432617,-3.9822440121743066
8.0,18,7,22,validation,-1.1465121507644653,-0.4501810817850502
8.0,18,7,23,validation,-4.084414482116699,-6.366789255895668
8.0,18,7,24,train,-3.1946420669555664,-3.772758703230493
8.0,18,7,25,train,2.336277484893799,2.5114083278451953
8.0,18,7,26,train,1.9908275604248047,0.3037303138920928
8.0,18,7,27,train,-0.05513685569167137,0.24704169668257234
8.0,18,7,28,holdout,5.030097961425781,6.857715464674002
8.0,18,7,29,train,3.245819568634033,3.4208186564798235
8.0,18,7,30,train,3.613018274307251,4.1947502717375755
8.0,18,7,31,validation,-1.3082542419433594,-0.1834219222267472
8.0,18,7,32,train,-4.110291481018066,-7.258929337064425
8.0,18,7,33,train,-0.24062876403331757,-0.1822198628775401
8.0,18,7,34,train,3.089509963989258,3.7477844295696663
8.0,18,7,35,train,-3.8019051551818848,-5.5715701925660746
8.0,18,7,36,train,3.5298426151275635,3.831737068232873
8.0,18,7,37,train,2.5049924850463867,3.6526401479242274
8.0,18,7,38,train,2.156900644302368,2.701288485180447
8.0,18,7,39,train,-3.677677869796753,-4.792593470882266
8.0,18,7,40,train,-4.881997585296631,-6.742666176054708
8.0,18,7,41,train,2.773411750793457,3.230948246494323
8.0,18,7,42,train,-5.031799793243408,-6.749583206790125
8.0,18,7,43,holdout,4.957118034362793,6.345899845163028
8.0,18,7,44,train,5.398913383483887,7.84020476429441
8.0,18,7,45,holdout,0.09974583238363266,0.23120779792467755
8.0,18,7,46,train,3.454336643218994,3.5498665717920863
8.0,18,7,47,holdout,3.794987678527832,3.072301840755862
8.0,18,7,48,validation,1.4089245796203613,0.5640336269165737
8.0,18,7,49,holdout,0.2077329009771347,0.5690401033254512
8.0,18,7,50,train,-3.274186134338379,-3.176104268856665
8.0,18,7,51,holdout,0.08328695595264435,-0.2072081665198008
8.0,18,7,52,train,3.4788949489593506,3.4787168952008125
8.0,18,7,53,train,-3.2801828384399414,-4.673715277984329
8.0,18,7,54,train,-3.6167244911193848,-3.2269407239403765
8.0,18,7,55,train,0.7829175591468811,0.6255482892955306
8.0,18,7,56,train,-2.854677200317383,-4.279417695882003
8.0,18,7,57,validation,3.851719856262207,4.845355526852584
8.0,18,7,58,train,-0.23043815791606903,-0.48543700153439795
8.0,18,7,59,train,-0.025053709745407104,0.2646193355321883
8.0,18,7,60,train,-1.9162726402282715,-3.0464077333935466
8.0,18,7,61,train,-2.2909913063049316,-3.7843979778013086
8.0,18,7,62,train,-3.5997800827026367,-6.170873312365117
8.0,18,7,63,validation,2.0712342262268066,0.9209358246803242
8.0,18,7,64,train,-0.15814995765686035,-0.4709567837773383
8.0,18,7,65,train,-3.1329004764556885,-3.518087180000903
8.0,18,7,66,holdout,-0.22567766904830933,0.20332962227985263
8.0,18,7,67,holdout,5.358625411987305,5.6419875220398525
8.0,18,7,68,validation,1.4851083755493164,1.1343597885582455
8.0,18,7,69,validation,-2.938136577606201,-3.4479482897101836
8.0,18,7,70,train,0.046588651835918427,0.13018689341954182
8.0,18,7,71,train,0.602782130241394,0.4412755245963732
8.0,18,7,72,train,0.5238075256347656,0.11829766631126404
8.0,18,7,73,train,5.243319988250732,6.634654298342136
8.0,18,7,74,holdout,0.27749788761138916,0.17076988616167776
8.0,18,7,75,train,-0.11745849251747131,0.4215540141117672
8.0,18,7,76,validation,2.6152162551879883,2.880896692572742
8.0,18,7,77,validation,1.8797791004180908,0.7734135246525209
8.0,18,7,78,train,-3.8887343406677246,-6.539463361163254
8.0,18,7,79,train,3.2682905197143555,3.3478840970708785
8.0,18,7,80,train,-5.023612976074219,-7.913605564500082
8.0,18,7,81,train,1.3355777263641357,0.14280571370235184
8.0,18,7,82,holdout,-0.2784789800643921,-0.36822720576069023
8.0,18,7,83,holdout,4.099179267883301,3.876727606759646
8.0,18,7,84,train,-0.002700492739677429,-0.7570384890488967
8.0,18,7,85,holdout,-0.06521423906087875,-0.6957064828850635
8.0,18,7,86,train,3.7493722438812256,3.834818036372079
8.0,18,7,87,train,-0.1609858274459839,-0.027915203718750677
8.0,18,7,88,holdout,-2.7751071453094482,-4.553336908159737
8.0,18,7,89,train,3.4845967292785645,3.7022525386978353
8.0,18,7,90,holdout,3.344693183898926,3.4336194495360055
8.0,18,7,91,holdout,-3.044550657272339,-4.218656143158698
8.0,18,7,92,train,0.10562409460544586,-0.7067228580385232
8.0,18,7,93,train,-1.968100666999817,-2.7075258412708836
8.0,18,7,94,holdout,4.666220188140869,3.7051457363582334
8.0,18,7,95,validation,-0.1630537360906601,-0.42120296326300577
8.0,18,7,96,validation,3.701559543609619,3.681554591147443
8.0,18,7,97,train,5.119988441467285,6.592940146163622
8.0,18,7,98,train,-0.1637667566537857,0.051808612608137794
8.0,18,7,99,holdout,-0.42317497730255127,-0.48058288792769116
8.0,18,7,100,train,4.279655456542969,5.055980279928416
8.0,18,7,101,holdout,-0.15996778011322021,-0.010782631665640578
8.0,18,7,102,holdout,0.22632332146167755,-0.26432146015230096
8.0,18,7,103,validation,4.474302768707275,4.774638790962972
8.0,18,7,104,train,4.651310920715332,5.306120255997085
8.0,18,7,105,validation,3.732375144958496,3.966814659429594
8.0,18,7,106,holdout,-0.7915952205657959,0.05708351770324832
8.0,18,7,107,holdout,4.849343299865723,6.661824685831864
8.0,18,7,108,validation,-0.4450625777244568,-0.6367873689962361
8.0,18,7,109,train,-1.3792219161987305,-0.3733657093380896
8.0,18,7,110,holdout,6.543211936950684,9.474934036694748
8.0,18,7,111,train,-0.05631375312805176,0.047222082145609495
8.0,18,7,112,holdout,5.0152387619018555,8.711272144770536
8.0,18,7,113,train,0.11322663724422455,0.771859847009182
8.0,18,7,114,train,-4.219703674316406,-6.542862726496893
8.0,18,7,115,validation,-2.4449844360351562,-3.7552943685705875
8.0,18,7,116,holdout,1.5220563411712646,0.3097508810327474
8.0,18,7,117,train,-0.5870464444160461,-0.1448134731607925
8.0,18,7,118,holdout,4.392793655395508,4.787372618048291
8.0,18,7,119,train,2.8724794387817383,3.2796044399340945
8.0,18,7,120,holdout,0.32000744342803955,0.9083321864406266
8.0,18,7,121,holdout,-3.573303699493408,-5.541747688315809
8.0,18,7,122,validation,-1.5056663751602173,-0.5887734788538848
8.0,18,7,123,validation,2.5645055770874023,3.5615474927262776
8.0,18,7,124,train,2.833258628845215,3.4912160502059892
8.0,18,7,125,validation,3.315354347229004,3.0700633946832605
8.0,18,7,126,train,4.474843978881836,4.312239387047474
8.0,18,7,127,validation,-3.061167001724243,-3.4657721654390468
8.0,18,8,0,holdout,-3.551037311553955,-5.337071255843243
8.0,18,8,1,train,-2.5242719650268555,-2.45925942575559
8.0,18,8,2,train,3.6542930603027344,3.958518308474037
8.0,18,8,3,holdout,3.7274279594421387,4.137225988635526
8.0,18,8,4,train,0.9312723875045776,0.8065536633115247
8.0,18,8,5,train,-1.4589335918426514,0.2580386255923002
8.0,18,8,6,validation,5.087463855743408,6.815393752108018
8.0,18,8,7,train,1.0843757390975952,0.15310974823521453
8.0,18,8,8,train,3.3877012729644775,3.9483819486017753
8.0,18,8,9,train,-3.21303653717041,-3.558602977485631
8.0,18,8,10,train,5.909122467041016,6.5985791920893755
8.0,18,8,11,holdout,2.820331573486328,3.601169758100804
8.0,18,8,12,validation,-3.1489830017089844,-4.0837781833036315
8.0,18,8,13,train,-5.427757740020752,-9.601775271196608
8.0,18,8,14,holdout,-0.7112360000610352,-0.7769633386814949
8.0,18,8,15,train,-2.9397499561309814,-2.998499897619088
8.0,18,8,16,train,-2.7991292476654053,-3.338403979131725
8.0,18,8,17,holdout,4.559824466705322,6.381304418934826
8.0,18,8,18,holdout,3.366574764251709,3.4781000339260073
8.0,18,8,19,train,-2.3540961742401123,-3.334844669817343
8.0,18,8,20,validation,-2.149254322052002,-2.5743061011050306
8.0,18,8,21,train,-4.040319919586182,-6.427265924363148
8.0,18,8,22,train,4.853758811950684,6.549596242299167
8.0,18,8,23,validation,-3.0593950748443604,-4.414369715765287
8.0,18,8,24,holdout,-2.628622531890869,-2.932130549318462
8.0,18,8,25,holdout,-2.867206335067749,-2.697576156163169
8.0,18,8,26,train,2.7126240730285645,2.6285097500052017
8.0,18,8,27,train,-0.05502787232398987,-0.25935208348090394
8.0,18,8,28,train,-2.7372782230377197,-2.821033598483622
8.0,18,8,29,train,0.5926907658576965,-0.07892200215373374
8.0,18,8,30,validation,1.0013827085494995,-0.3186070538670395
8.0,18,8,31,train,2.349256753921509,1.0108889581237976
8.0,18,8,32,validation,-2.1676974296569824,-3.3140653233607873
8.0,18,8,33,validation,2.5061376094818115,3.144521134013139
8.0,18,8,34,train,-0.031813498586416245,0.05566509932786551
8.0,18,8,35,train,-3.074059247970581,-2.920623601826041
8.0,18,8,36,holdout,3.5117571353912354,3.6849573403050515
8.0,18,8,37,holdout,0.2699253261089325,-0.11114269648292605
8.0,18,8,38,holdout,-4.549875736236572,-7.023798238308249
8.0,18,8,39,train,5.695560455322266,7.95497866851124
8.0,18,8,40,train,0.23093652725219727,0.09575564165910083
8.0,18,8,41,train,0.493926465511322,0.18383554682795428
8.0,18,8,42,train,4.047218322753906,3.465704861142569
8.0,18,8,43,train,-2.2944016456604004,-3.2354709923978446
8.0,18,8,44,holdout,-1.4987261295318604,-0.5756592281460065
8.0,18,8,45,train,-3.384735584259033,-4.468240893766605
8.0,18,8,46,validation,-1.0732338428497314,-0.42879717431575065
8.0,18,8,47,validation,1.5172356367111206,0.785283389190833
8.0,18,8,48,train,3.895484447479248,3.7266490519475557
8.0,18,8,49,train,3.5045886039733887,3.9263523875105517
8.0,18,8,50,train,-2.467231035232544,-2.7226870943798174
8.0,18,8,51,holdout,-2.6978561878204346,-3.164647364381194
8.0,18,8,52,holdout,-0.1666659265756607,-0.3153709405077652
8.0,18,8,53,holdout,0.15330781042575836,-0.23580223392068517
8.0,18,8,54,train,4.605871200561523,5.927407263931622
8.0,18,8,55,holdout,0.28137171268463135,-0.9577472091837878
8.0,18,8,56,validation,-2.676319122314453,-2.822587750443771
8.0,18,8,57,validation,3.650956392288208,3.8354115556939106
8.0,18,8,58,train,2.95418643951416,2.3043415223263333
8.0,18,8,59,train,-3.0301132202148438,-3.77764717723638
8.0,18,8,60,validation,-2.6532182693481445,-3.4402312511043993
8.0,18,8,61,train,0.5078830718994141,-0.1905724716833368
8.0,18,8,62,validation,2.3165507316589355,2.874820182586258
8.0,18,8,63,holdout,-3.6734843254089355,-3.819355020880462
8.0,18,8,64,train,-2.5560801029205322,-3.1159948714753978
8.0,18,8,65,holdout,-2.9544312953948975,-3.332716043064671
8.0,18,8,66,train,-3.3011648654937744,-5.54105482881619
8.0,18,8,67,train,4.758901596069336,7.247181472678979
8.0,18,8,68,holdout,0.37922027707099915,0.8258149997398397
8.0,18,8,69,validation,-3.978055477142334,-4.1510208985295
8.0,18,8,70,validation,-5.6336517333984375,-8.569665132106374
8.0,18,8,71,train,2.7650930881500244,3.543843712251632
8.0,18,8,72,train,-3.298427104949951,-4.001404823675737
8.0,18,8,73,validation,-2.854065418243408,-3.4995398744940758
8.0,18,8,74,holdout,-2.515474796295166,-3.8038547308535553
8.0,18,8,75,holdout,-3.003753185272217,-3.6586502421343465
8.0,18,8,76,train,-1.2146528959274292,-0.2807087033435265
8.0,18,8,77,train,-0.8855289220809937,-0.19122592856486637
8.0,18,8,78,holdout,0.3997727930545807,0.16458533358394517
8.0,18,8,79,train,4.367238998413086,6.62139898853328
8.0,18,8,80,train,-0.1659608781337738,-0.67553752536575
8.0,18,8,81,train,-2.1792917251586914,-2.7813442388867986
8.0,18,8,82,holdout,0.08550888299942017,0.46963572637050255
8.0,18,8,83,holdout,-2.603456974029541,-2.292249560395806
8.0,18,8,84,train,2.6047024726867676,2.4508884956353683
8.0,18,8,85,train,0.18522033095359802,0.5814277317035174
8.0,18,8,86,train,-2.6779112815856934,-3.5442800534329892
8.0,18,8,87,holdout,0.6895886659622192,0.038323172057668387
8.0,18,8,88,train,3.4014534950256348,2.822654319582977
8.0,18,8,89,train,-2.5698132514953613,-3.7133125981682102
8.0,18,8,90,validation,-2.508423089981079,-3.9329320833185104
8.0,18,8,91,train,2.8054234981536865,2.831623688670502
8.0,18,8,92,train,-3.3991827964782715,-4.138609426010671
8.0,18,8,93,validation,-2.8128604888916016,-4.031583961444129
8.0,18,8,94,holdout,-3.1712090969085693,-3.700943469745441
8.0,18,8,95,validation,-5.22785758972168,-9.452708840314784
8.0,18,8,96,holdout,-0.5143051147460938,-0.4702090354015431
8.0,18,8,97,train,-3.8754851818084717,-6.015697482891377
8.0,18,8,98,train,-1.4437618255615234,-0.8189872999986014
8.0,18,8,99,train,0.6291385293006897,0.285259587786936
8.0,18,8,100,train,3.985990524291992,4.072063662111759
8.0,18,8,101,train,-0.2981065511703491,-0.214666205751049
8.0,18,8,102,train,-0.008023064583539963,0.6978945122294704
8.0,18,8,103,holdout,-4.6358747482299805,-6.435472718742535
8.0,18,8,104,train,-0.014263126999139786,-0.44386018867573884
8.0,18,8,105,train,-3.5587575435638428,-5.220187978913647
8.0,18,8,106,train,3.1138274669647217,2.6966946614466956
8.0,18,8,107,validation,-3.7151122093200684,-4.20131353862087
8.0,18,8,108,holdout,3.5878825187683105,3.6476470917663466
8.0,18,8,109,validation,-0.0149175263941288,0.4936110681543747
8.0,18,8,110,train,3.903090000152588,4.660322741686566
8.0,18,8,111,train,0.07969219982624054,0.6746091452756624
8.0,18,8,112,validation,-3.8666839599609375,-7.346014558626831
8.0,18,8,113,holdout,3.791372299194336,3.759228014644724
8.0,18,8,114,holdout,-2.90028977394104,-3.346602459748586
8.0,18,8,115,train,-2.8396894931793213,-3.301245441726267
8.0,18,8,116,train,5.623514175415039,6.485228731885741
8.0,18,8,117,train,-2.426548480987549,-3.32354967854917
8.0,18,8,118,validation,-0.2921615242958069,-0.2109417827531767
8.0,18,8,119,validation,3.45296573638916,3.5337474062342977
8.0,18,8,120,holdout,-0.07005754113197327,0.07185185251096296
8.0,18,8,121,train,3.538961410522461,3.7429463099688287
8.0,18,8,122,train,3.320171594619751,3.082065047319877
8.0,18,8,123,train,2.720914840698242,3.6012843699190205
8.0,18,8,124,train,0.31429287791252136,0.35716940538096065
8.0,18,8,125,train,3.444467782974243,3.5141182446575705
8.0,18,8,126,train,-2.420379400253296,-3.7374341542355896
8.0,18,8,127,train,2.6867012977600098,3.2165473649899163
8.0,18,9,0,validation,0.2356896847486496,-0.3195991681297085
8.0,18,9,1,holdout,4.883620262145996,7.118923246930547
8.0,18,9,2,train,-0.31458374857902527,-0.4822474790544883
8.0,18,9,3,holdout,5.486632347106934,6.514193293632028
8.0,18,9,4,holdout,-2.2207727432250977,-2.753319583432015
8.0,18,9,5,train,0.022216051816940308,0.1143488438494118
8.0,18,9,6,train,0.33304983377456665,0.11508090499252674
8.0,18,9,7,holdout,4.682285785675049,6.090201628282151
8.0,18,9,8,train,0.8022540807723999,0.49985571702321374
8.0,18,9,9,validation,-2.73614501953125,-3.929715904919835
8.0,18,9,10,validation,-0.3844582140445709,-0.24369920510798693
8.0,18,9,11,holdout,-1.4995908737182617,-2.541331050418468
8.0,18,9,12,validation,-2.6530604362487793,-3.860300352960908
8.0,18,9,13,train,3.1107325553894043,3.234223288151675
8.0,18,9,14,holdout,6.107229232788086,10.488516356427422
8.0,18,9,15,train,0.2918606102466583,0.60807855526931
8.0,18,9,16,train,-1.3255178928375244,-0.6484157675151252
8.0,18,9,17,train,-0.12592783570289612,0.10337101798859674
8.0,18,9,18,validation,-0.11793781816959381,0.3455922598438132
8.0,18,9,19,holdout,1.7598602771759033,0.8363198077014755
8.0,18,9,20,train,-5.361739158630371,-7.398657699468259
8.0,18,9,21,validation,0.07360021770000458,0.25889410985539546
8.0,18,9,22,train,3.366262435913086,4.479738642893685
8.0,18,9,23,train,-3.566071033477783,-4.198867438357296
8.0,18,9,24,train,0.3872659206390381,0.1303361401315169
8.0,18,9,25,train,0.2305106520652771,-0.14168085631199506
8.0,18,9,26,train,-2.3965904712677,-3.78428395520206
8.0,18,9,27,train,-2.4292731285095215,-3.4608885013492516
8.0,18,9,28,train,-5.128296852111816,-8.033753991872048
8.0,18,9,29,validation,3.638577699661255,3.9709397111047906
8.0,18,9,30,holdout,0.7197059392929077,-0.06709917328742837
8.0,18,9,31,holdout,-0.20648282766342163,-0.29704141938995476
8.0,18,9,32,holdout,-2.9399499893188477,-3.5790059338034577
8.0,18,9,33,train,4.208365440368652,6.202093485084193
8.0,18,9,34,train,-0.21805089712142944,-0.34531450040594036
8.0,18,9,35,holdout,1.5027822256088257,-0.14366880105583366
8.0,18,9,36,validation,0.06622328609228134,-0.3009930873910586
8.0,18,9,37,train,-2.949023723602295,-3.6435858647330353
8.0,18,9,38,validation,3.5058345794677734,3.255967988153598
8.0,18,9,39,holdout,3.428463935852051,3.9889092733249782
8.0,18,9,40,train,0.06693054735660553,-0.2761412560939789
8.0,18,9,41,holdout,-2.1778111457824707,-2.482449633729205
8.0,18,9,42,holdout,5.145075798034668,6.192415934739099
8.0,18,9,43,holdout,3.205759048461914,3.0783284990119646
8.0,18,9,44,holdout,3.8080525398254395,3.41061571550866
8.0,18,9,45,train,0.695338785648346,0.3075574139753977
8.0,18,9,46,train,6.116445541381836,8.230182821551958
8.0,18,9,47,train,-4.404692649841309,-8.335831825733587
8.0,18,9,48,validation,-4.815946578979492,-7.970726725623655
8.0,18,9,49,validation,0.18013964593410492,-0.1531639744838079
8.0,18,9,50,train,-0.00451592355966568,-0.5442853934150358
8.0,18,9,51,validation,0.3982381820678711,0.15882197805131743
8.0,18,9,52,holdout,-3.2477641105651855,-3.838488586867849
8.0,18,9,53,holdout,0.3596107065677643,-0.7516409201785417
8.0,18,9,54,train,-0.09556202590465546,0.10785081135237981
8.0,18,9,55,holdout,-2.3465960025787354,-3.274088865180572
8.0,18,9,56,holdout,0.3080705404281616,-0.22669229326943782
8.0,18,9,57,train,-5.596344947814941,-8.515799961036612
8.0,18,9,58,validation,-2.039992570877075,-2.5130340777449587
8.0,18,9,59,train,-3.06742787361145,-3.811624705797651
8.0,18,9,60,train,-2.4126386642456055,-3.1266113041589656
8.0,18,9,61,train,0.3755672574043274,0.7405528645019894
8.0,18,9,62,train,-0.33212703466415405,-0.37259491659909955
8.0,18,9,63,train,3.9419660568237305,6.456901656388563
8.0,18,9,64,train,0.1953836977481842,0.512785420560719
8.0,18,9,65,train,5.029526710510254,8.318465462453565
8.0,18,9,66,validation,4.06581974029541,5.947465446862763
8.0,18,9,67,holdout,3.339937686920166,3.0733551560692023
8.0,18,9,68,train,3.612639904022217,3.719830605688446
8.0,18,9,69,train,3.8677210807800293,3.682456066135212
8.0,18,9,70,train,-2.6444005966186523,-4.289199490168995
8.0,18,9,71,holdout,4.414481163024902,5.958611879935235
8.0,18,9,72,train,-5.13920259475708,-8.582207903314487
8.0,18,9,73,holdout,-2.9999823570251465,-2.6652048908750414
8.0,18,9,74,holdout,-3.6449341773986816,-4.173640191555023
8.0,18,9,75,holdout,-1.7521518468856812,-1.0240672958884898
8.0,18,9,76,train,4.390230655670166,3.9778832439829888
8.0,18,9,77,train,2.0889315605163574,2.8301879268522163
8.0,18,9,78,train,-2.9773659706115723,-3.427107389635804
8.0,18,9,79,train,3.32051420211792,3.694377163209043
8.0,18,9,80,holdout,5.158411502838135,7.8179280326714595
8.0,18,9,81,train,-2.870640277862549,-2.9464534679154855
8.0,18,9,82,train,-0.12501972913742065,-0.06392987734661204
8.0,18,9,83,train,5.733363151550293,6.181155154042797
8.0,18,9,84,validation,3.8245325088500977,3.5234422753912575
8.0,18,9,85,train,3.558443307876587,3.2664686093727746
8.0,18,9,86,train,-0.2970249056816101,-0.543617841007227
8.0,18,9,87,train,-3.8651280403137207,-5.139635629836619
8.0,18,9,88,train,-2.002720832824707,-2.038611950005669
8.0,18,9,89,train,0.4932402968406677,-0.08221181919527802
8.0,18,9,90,validation,0.17383374273777008,0.17405721944671346
8.0,18,9,91,train,-3.1295156478881836,-3.6630931314166895
8.0,18,9,92,train,-3.5485706329345703,-3.9159085306136503
8.0,18,9,93,validation,2.804065465927124,3.685536792412373
8.0,18,9,94,train,-3.220705032348633,-4.348349805324243
8.0,18,9,95,train,0.330255925655365,-0.13093635945429677
8.0,18,9,96,holdout,4.588665008544922,6.6695570046179355
8.0,18,9,97,train,-4.082729816436768,-6.370697334837347
8.0,18,9,98,train,-1.3776670694351196,-0.7191843177989186
8.0,18,9,99,train,0.2612137496471405,0.8386496880787757
8.0,18,9,100,train,-4.633477210998535,-7.123596385434765
8.0,18,9,101,holdout,-0.731535017490387,-0.14102777360712168
8.0,18,9,102,train,4.752641677856445,7.627398141746331
8.0,18,9,103,train,6.236447334289551,8.985009660091782
8.0,18,9,104,train,-2.0177154541015625,-2.3371249369534177
8.0,18,9,105,train,-2.420091152191162,-3.5298712421563323
8.0,18,9,106,train,2.495643377304077,2.869652591919444
8.0,18,9,107,validation,-6.4734601974487305,-10.586033239418798
8.0,18,9,108,validation,3.257850408554077,3.316391094676649
8.0,18,9,109,holdout,3.339171886444092,3.179839189211534
8.0,18,9,110,holdout,0.07122641801834106,-0.2531734982616553
8.0,18,9,111,train,-0.281747967004776,-0.5947908163070679
8.0,18,9,112,validation,3.5380005836486816,3.7085405168977807
8.0,18,9,113,validation,-0.02529839053750038,0.7085510305822849
8.0,18,9,114,train,-2.823747158050537,-4.103941311438878
8.0,18,9,115,train,-0.20574411749839783,0.25303187141591205
8.0,18,9,116,train,3.856480121612549,4.4894365611985
8.0,18,9,117,validation,-5.343087196350098,-7.897731786408712
8.0,18,9,118,train,-2.8288393020629883,-4.39466468327343
8.0,18,9,119,validation,-0.25989633798599243,-0.6463727148216201
8.0,18,9,120,train,2.747420310974121,3.6643394908557334
8.0,18,9,121,train,-3.07120943069458,-4.73263325038199
8.0,18,9,122,holdout,1.8662513494491577,0.5602308020737626
8.0,18,9,123,train,-3.0072221755981445,-4.204528535405794
8.0,18,9,124,train,-3.8198611736297607,-5.078191081425442
8.0,18,9,125,holdout,-3.4040470123291016,-4.348416270022467
8.0,18,9,126,validation,0.177842915058136,-0.6396195465304256
8.0,18,9,127,train,-2.5189123153686523,-3.5133974322755464
5.0,19,7,0,train,2.6611831188201904,2.8970411628412256
5.0,19,7,1,holdout,0.35118961334228516,0.4849974262253658
5.0,19,7,2,validation,-3.5755014419555664,-4.542237968960608
5.0,19,7,3,validation,-0.3186917304992676,-0.3613499470915962
5.0,19,7,4,validation,-0.2147648185491562,-0.5975072688242665
5.0,19,7,5,train,1.76104736328125,1.5776899022360642
5.0,19,7,6,validation,0.2907455265522003,0.479389639746217
5.0,19,7,7,train,0.07546176016330719,0.027496521615252623
5.0,19,7,8,train,-0.17966686189174652,-0.37837503813682677
5.0,19,7,9,holdout,2.4193365573883057,2.574217239162505
5.0,19,7,10,train,2.6841554641723633,3.033836499476522
5.0,19,7,11,holdout,0.14797650277614594,0.15901654985455158
5.0,19,7,12,train,1.9332383871078491,1.8573677013770096
5.0,19,7,13,train,3.014636278152466,3.42963704471817
5.0,19,7,14,holdout,-0.19452732801437378,-0.36389097892988786
5.0,19,7,15,holdout,0.04842033237218857,-0.009932206109229916
5.0,19,7,16,train,2.495830774307251,2.1600182063469493
5.0,19,7,17,train,-0.21681524813175201,-0.35121794790029526
5.0,19,7,18,train,-1.7090704441070557,-2.0713756758829462
5.0,19,7,19,train,0.889924943447113,0.5774003680337958
5.0,19,7,20,train,3.4270436763763428,4.22885437832782
5.0,19,7,21,train,-1.5615191459655762,-2.200081093188062
5.0,19,7,22,validation,-0.7464089393615723,-0.495973384454491
5.0,19,7,23,validation,-3.127819538116455,-3.8834395483957262
5.0,19,7,24,train,-2.450181007385254,-2.511321825617133
5.0,19,7,25,train,1.4116137027740479,1.379565858177473
5.0,19,7,26,train,0.866290271282196,0.7665046516232585
5.0,19,7,27,train,-0.10451319813728333,-0.36666979392369586
5.0,19,7,28,holdout,3.678969144821167,4.581537579931022
5.0,19,7,29,train,2.3448691368103027,2.156728134272051
5.0,19,7,30,train,2.4924869537353516,2.575330765297015
5.0,19,7,31,validation,-0.9351157546043396,-0.36114479104677827
5.0,19,7,32,train,-3.281907081604004,-3.9287761723001795
5.0,19,7,33,train,-0.04818565398454666,0.34481132546923204
5.0,19,7,34,train,2.1696557998657227,2.117794712001256
5.0,19,7,35,train,-3.0915157794952393,-3.453085019018015
5.0,19,7,36,train,2.580174684524536,2.9357332078379015
5.0,19,7,37,train,1.591240406036377,1.7658029860338371
5.0,19,7,38,train,1.400803804397583,0.973492624676189
5.0,19,7,39,train,-2.8750674724578857,-2.8962532168539914
5.0,19,7,40,train,-3.673088312149048,-4.214579708335679
5.0,19,7,41,train,1.8089817762374878,1.7085234065786026
5.0,19,7,42,train,-3.6637299060821533,-3.930477329425709
5.0,19,7,43,holdout,3.333047866821289,3.7702092900872226
5.0,19,7,44,train,3.8702526092529297,4.50056039712793
5.0,19,7,45,holdout,0.013587120920419693,-0.009554342056314141
5.0,19,7,46,train,2.2961177825927734,2.1505057891598303
5.0,19,7,47,holdout,2.627347469329834,2.564612041034993
5.0,19,7,48,validation,0.7630193829536438,0.3600940841872868
5.0,19,7,49,holdout,0.042909394949674606,0.03908608970262269
5.0,19,7,50,train,-2.511800527572632,-2.101106125605752
5.0,19,7,51,holdout,0.02176082879304886,0.022970056161284474
5.0,19,7,52,train,2.491915702819824,2.479514125881568
5.0,19,7,53,train,-2.6910128593444824,-3.351199775349797
5.0,19,7,54,train,-2.8254048824310303,-2.447858530171011
5.0,19,7,55,train,0.5285401940345764,0.6364280639255023
5.0,19,7,56,train,-2.3470211029052734,-2.4782912877555847
5.0,19,7,57,validation,2.922417640686035,3.3842360070554407
5.0,19,7,58,train,-0.3021862208843231,-0.39156496369326876
5.0,19,7,59,train,0.3200358748435974,0.560444537550211
5.0,19,7,60,train,-1.2201427221298218,-1.3687206386254898
5.0,19,7,61,train,-1.8698394298553467,-2.423828127465581
5.0,19,7,62,train,-3.034050703048706,-3.5600596736405583
5.0,19,7,63,validation,1.188492774963379,0.7179453806534423
5.0,19,7,64,train,-0.14466173946857452,-0.2711253216059152
5.0,19,7,65,train,-2.5174245834350586,-2.391636767564063
5.0,19,7,66,holdout,0.20879192650318146,0.3863455727696419
5.0,19,7,67,holdout,3.526736259460449,3.439459709250773
5.0,19,7,68,validation,0.8157991170883179,0.5529876315500006
5.0,19,7,69,validation,-2.2992119789123535,-2.7839737657594257
5.0,19,7,70,train,-0.19173862040042877,-0.061224554564790715
5.0,19,7,71,train,0.3482866585254669,0.3048367922504743
5.0,19,7,72,train,0.22115755081176758,0.05514200155933696
5.0,19,7,73,train,3.5311625003814697,3.4808811840464475
5.0,19,7,74,holdout,0.14863237738609314,0.03743917979560529
5.0,19,7,75,train,-0.06609636545181274,0.11541448021829309
5.0,19,7,76,validation,1.6702547073364258,1.7449020015100516
5.0,19,7,77,validation,1.128419280052185,1.3409733523925143
5.0,19,7,78,train,-3.174722671508789,-3.8563593375956526
5.0,19,7,79,train,2.278196334838867,2.301874470960633
5.0,19,7,80,train,-3.7318153381347656,-4.765858247344425
5.0,19,7,81,train,0.8105720281600952,0.6398122089974224
5.0,19,7,82,holdout,-0.2058001160621643,-0.27847938122060556
5.0,19,7,83,holdout,2.534740686416626,2.2942282755814323
5.0,19,7,84,train,-0.009878536686301231,-0.16644258560593778
5.0,19,7,85,holdout,-0.1685795783996582,-0.2981962585549288
5.0,19,7,86,train,2.5823569297790527,2.8347052096331127
5.0,19,7,87,train,0.05076690390706062,0.06866114418484592
5.0,19,7,88,holdout,-1.943772315979004,-2.425064578093392
5.0,19,7,89,train,2.347738027572632,2.028953838348463
5.0,19,7,90,holdout,2.4001007080078125,2.359253733108441
5.0,19,7,91,holdout,-2.4778289794921875,-2.538383171178534
5.0,19,7,92,train,-0.07574506103992462,-0.06902271878745564
5.0,19,7,93,train,-1.2632919549942017,-1.3097303174436092
5.0,19,7,94,holdout,2.877562999725342,3.245991983392745
5.0,19,7,95,validation,-0.2225545346736908,-0.36741954343739625
5.0,19,7,96,validation,2.5615506172180176,2.3086219686978424
5.0,19,7,97,train,3.5419063568115234,4.483174316343083
5.0,19,7,98,train,-0.30424267053604126,-0.275935547739504
5.0,19,7,99,holdout,-0.43991807103157043,-0.35203956688443816
5.0,19,7,100,train,2.7547497749328613,3.252262205531765
5.0,19,7,101,holdout,-0.2346516251564026,-0.2835137997309629
5.0,19,7,102,holdout,0.04654591530561447,-0.08781797978318567
5.0,19,7,103,validation,2.935122013092041,3.1908312649139434
5.0,19,7,104,train,3.055911064147949,3.2337624327156114
5.0,19,7,105,validation,2.6027588844299316,2.585845790957865
5.0,19,7,106,holdout,-0.5498802065849304,-0.13782945693086945
5.0,19,7,107,holdout,3.570618152618408,3.82715430110693
5.0,19,7,108,validation,-0.2798461318016052,-0.4131581368839462
5.0,19,7,109,train,-0.9181355834007263,-0.4430423906611839
5.0,19,7,110,holdout,4.413429260253906,5.726854615740121
5.0,19,7,111,train,-0.028782960027456284,-0.0004692492939628312
5.0,19,7,112,holdout,3.76065731048584,4.898796570689454
5.0,19,7,113,train,-0.10241802036762238,-0.08411114104092121
5.0,19,7,114,train,-3.249750852584839,-4.055525980098932
5.0,19,7,115,validation,-1.6871459484100342,-1.795903305791699
5.0,19,7,116,holdout,0.8895008563995361,0.5050494345511092
5.0,19,7,117,train,-0.539321780204773,-0.5418922675977533
5.0,19,7,118,holdout,2.807530403137207,2.9220758348477935
5.0,19,7,119,train,1.8721641302108765,1.8190187246849139
5.0,19,7,120,holdout,0.0935741513967514,0.08110175530115764
5.0,19,7,121,holdout,-2.8408031463623047,-3.3669163985177875
5.0,19,7,122,validation,-0.9431871175765991,-0.9518574080190414
5.0,19,7,123,validation,1.6528350114822388,1.573532669857051
5.0,19,7,124,train,1.893905520439148,1.8372349527252307
5.0,19,7,125,validation,2.3111703395843506,2.024025180481761
5.0,19,7,126,train,2.8490371704101562,3.0852970368665047
5.0,19,7,127,validation,-2.2907800674438477,-2.086358933489617
5.0,19,8,0,holdout,-2.849477529525757,-3.13150184595089
5.0,19,8,1,train,-1.8295378684997559,-1.544806002639234
5.0,19,8,2,train,2.5102550983428955,2.3701769558670684
5.0,19,8,3,holdout,2.6270506381988525,2.11445433744599
5.0,19,8,4,train,0.6284159421920776,0.6217696857971569
5.0,19,8,5,train,-0.6606122851371765,-0.19470745501678854
5.0,19,8,6,validation,3.5722179412841797,4.1133501039197045
5.0,19,8,7,train,0.6008830666542053,0.3988444124113121
5.0,19,8,8,train,2.451237916946411,2.3384679028060766
5.0,19,8,9,train,-2.409113883972168,-2.585371404793552
5.0,19,8,10,train,3.8241684436798096,4.826477839853319
5.0,19,8,11,holdout,2.0028440952301025,2.0844171014039254
5.0,19,8,12,validation,-2.6721978187561035,-2.900770869676885
5.0,19,8,13,train,-4.347968101501465,-6.163381700661157
5.0,19,8,14,holdout,-0.454164981842041,-0.6296969773987179
5.0,19,8,15,train,-2.2549350261688232,-1.8700875528156755
5.0,19,8,16,train,-2.1299846172332764,-2.2262266382809393
5.0,19,8,17,holdout,3.332071542739868,3.6272560460868553
5.0,19,8,18,holdout,2.2645206451416016,1.8330558687902427
5.0,19,8,19,train,-1.6392779350280762,-1.9812563076397618
5.0,19,8,20,validation,-1.4473273754119873,-1.4492448259421642
5.0,19,8,21,train,-3.280848979949951,-3.9379126788110086
5.0,19,8,22,train,3.509632110595703,4.024823216096752
5.0,19,8,23,validation,-2.414138078689575,-2.7577627836990337
5.0,19,8,24,holdout,-1.9666175842285156,-1.8473684614637662
5.0,19,8,25,holdout,-2.1050753593444824,-1.7143623748059194
5.0,19,8,26,train,1.4370919466018677,1.2301872339227196
5.0,19,8,27,train,-0.2552695870399475,-0.07398648274207076
5.0,19,8,28,train,-1.937873363494873,-2.077068967073747
5.0,19,8,29,train,0.41379258036613464,0.4547134582331779
5.0,19,8,30,validation,0.20437639951705933,0.1639761610651087
5.0,19,8,31,train,1.3749839067459106,1.1746387526798105
5.0,19,8,32,validation,-1.3653799295425415,-1.4321358458894886
5.0,19,8,33,validation,1.627182126045227,1.5540979761796117
5.0,19,8,34,train,-0.1525091975927353,-0.34234638347536106
5.0,19,8,35,train,-2.3139662742614746,-1.9957913940644547
5.0,19,8,36,holdout,2.501845598220825,2.5328843164812462
5.0,19,8,37,holdout,-0.052037596702575684,0.07384729084784337
5.0,19,8,38,holdout,-3.4928793907165527,-4.66979545610444
5.0,19,8,39,train,3.9567606449127197,5.0647402093767795
5.0,19,8,40,train,-0.07265468686819077,0.2109323814511299
5.0,19,8,41,train,0.35842418670654297,0.2335892876015165
5.0,19,8,42,train,2.6295642852783203,2.40998800121136
5.0,19,8,43,train,-1.6085515022277832,-2.1654744588020165
5.0,19,8,44,holdout,-1.3404486179351807,-1.1438953443692803
5.0,19,8,45,train,-2.691466808319092,-2.776833507357272
5.0,19,8,46,validation,-0.9949502944946289,-0.5133967709649364
5.0,19,8,47,validation,0.7240549325942993,0.35304373751084006
5.0,19,8,48,train,2.7232580184936523,3.0870980890763553
5.0,19,8,49,train,2.394132614135742,2.3956444821847653
5.0,19,8,50,train,-1.6769559383392334,-1.695729425836191
5.0,19,8,51,holdout,-1.9470945596694946,-1.7777400092340234
5.0,19,8,52,holdout,-0.27711424231529236,-0.10577055552099289
5.0,19,8,53,holdout,0.06780770421028137,-0.22577462001811485
5.0,19,8,54,train,3.249333381652832,3.9674119231093923
5.0,19,8,55,holdout,0.020921092480421066,-0.06182740850431395
5.0,19,8,56,validation,-1.9180570840835571,-1.4743630484724615
5.0,19,8,57,validation,2.564342975616455,2.2884619169732123
5.0,19,8,58,train,1.7728605270385742,1.319288772582713
5.0,19,8,59,train,-2.4169423580169678,-2.7073303346722657
5.0,19,8,60,validation,-1.8575379848480225,-2.08845343490061
5.0,19,8,61,train,0.2971040606498718,0.3926929125850594
5.0,19,8,62,validation,1.3225197792053223,1.245557600561448
5.0,19,8,63,holdout,-2.8176703453063965,-3.003517042579326
5.0,19,8,64,train,-1.6727474927902222,-1.4762466859677308
5.0,19,8,65,holdout,-2.2433815002441406,-2.5175881240872666
5.0,19,8,66,train,-2.5858206748962402,-2.743550118021339
5.0,19,8,67,train,3.505706787109375,4.799280185252428
5.0,19,8,68,holdout,0.31021934747695923,0.39809699743072735
5.0,19,8,69,validation,-2.8902077674865723,-2.8299900751556866
5.0,19,8,70,validation,-4.36622428894043,-5.646738079965989
5.0,19,8,71,train,1.9495049715042114,2.172527568148625
5.0,19,8,72,train,-2.710501194000244,-2.50715655934303
5.0,19,8,73,validation,-2.2179455757141113,-1.7470731555173793
5.0,19,8,74,holdout,-1.7930799722671509,-2.161138795146155
5.0,19,8,75,holdout,-2.4653520584106445,-2.3658074982358297
5.0,19,8,76,train,-0.8816314339637756,-0.3791011381412486
5.0,19,8,77,train,-0.4675356149673462,-0.12653134763240825
5.0,19,8,78,holdout,0.17287687957286835,0.039185557496356715
5.0,19,8,79,train,3.1810998916625977,4.130643018383908
5.0,19,8,80,train,-0.001060783863067627,-0.025933136542638166
5.0,19,8,81,train,-1.4397318363189697,-1.6621501988917413
5.0,19,8,82,holdout,0.17376773059368134,0.11382268795643552
5.0,19,8,83,holdout,-2.058013916015625,-1.5183351935586624
5.0,19,8,84,train,1.6407277584075928,1.689738312213391
5.0,19,8,85,train,-0.16351217031478882,-0.22651259416475872
5.0,19,8,86,train,-2.0272834300994873,-1.925143665686049
5.0,19,8,87,holdout,0.41923126578330994,0.14192934458454448
5.0,19,8,88,train,2.3761038780212402,1.912311576636574
5.0,19,8,89,train,-2.021501064300537,-1.9641725490096553
5.0,19,8,90,validation,-1.6399807929992676,-1.8157132202403983
5.0,19,8,91,train,1.892505168914795,1.8093183275790001
5.0,19,8,92,train,-2.479043960571289,-2.2876503049817707
5.0,19,8,93,validation,-2.085827350616455,-2.3522912618465295
5.0,19,8,94,holdout,-2.5472002029418945,-2.279220783814355
5.0,19,8,95,validation,-3.997561454772949,-5.472488165092209
5.0,19,8,96,holdout,-0.23147419095039368,-0.2642011766632398
5.0,19,8,97,train,-3.137552261352539,-3.7544224041952634
5.0,19,8,98,train,-0.9434284567832947,-0.7966743068148692
5.0,19,8,99,train,0.3507676124572754,0.32831289727081275
5.0,19,8,100,train,2.646740436553955,2.7818127162754536
5.0,19,8,101,train,-0.17366817593574524,-0.11035340551777428
5.0,19,8,102,train,0.09160968661308289,0.1428209309779082
5.0,19,8,103,holdout,-3.534616470336914,-4.468390176600359
5.0,19,8,104,train,-0.11322210729122162,-0.3022787251628243
5.0,19,8,105,train,-2.7258288860321045,-2.7538463264065904
5.0,19,8,106,train,2.0192058086395264,1.7101777873732933
5.0,19,8,107,validation,-2.863105297088623,-2.81193125181454
5.0,19,8,108,holdout,2.463632583618164,2.662169081075281
5.0,19,8,109,validation,0.09746347367763519,0.16874351849158598
5.0,19,8,110,train,2.7875120639801025,2.911320384727191
5.0,19,8,111,train,0.2516317367553711,0.18769750896443213
5.0,19,8,112,validation,-3.1915931701660156,-4.24753649493722
5.0,19,8,113,holdout,2.4768576622009277,2.438050546932209
5.0,19,8,114,holdout,-2.2553505897521973,-2.1554402572413287
5.0,19,8,115,train,-2.0339601039886475,-1.6842011592189148
5.0,19,8,116,train,3.701101779937744,4.239769016231009
5.0,19,8,117,train,-1.5559277534484863,-1.7685156129300594
5.0,19,8,118,validation,-0.07244782149791718,-0.15752994207951065
5.0,19,8,119,validation,2.3995440006256104,2.363278483758714
5.0,19,8,120,holdout,-0.1166047602891922,-0.2103141339637702
5.0,19,8,121,train,2.409010648727417,2.2655836772173643
5.0,19,8,122,train,1.9858607053756714,1.6267416078712902
5.0,19,8,123,train,1.835652470588684,1.4801739084453396
5.0,19,8,124,train,0.06945797801017761,0.3533046655186619
5.0,19,8,125,train,2.355328321456909,1.885319953040888
5.0,19,8,126,train,-1.6394739151000977,-1.914599777293216
5.0,19,8,127,train,1.5797927379608154,1.553155748794476
5.0,19,9,0,validation,0.07810843735933304,0.09232176401208197
5.0,19,9,1,holdout,3.591885805130005,4.7513372832307486
5.0,19,9,2,train,-0.17720581591129303,-0.5212328346205117
5.0,19,9,3,holdout,3.5873780250549316,4.679795912301096
5.0,19,9,4,holdout,-1.5171968936920166,-1.6805333355830268
5.0,19,9,5,train,-0.024704167619347572,-0.3949456848601257
5.0,19,9,6,train,0.16458584368228912,0.073860303941922
5.0,19,9,7,holdout,3.216811180114746,3.9928058390457553
5.0,19,9,8,train,0.5188381671905518,0.5688834997514882
5.0,19,9,9,validation,-2.0273852348327637,-2.005145460120829
5.0,19,9,10,validation,-0.30726128816604614,-0.5559825152158737
5.0,19,9,11,holdout,-0.9154943227767944,-0.9693033585760407
5.0,19,9,12,validation,-2.0431644916534424,-2.211133070295167
5.0,19,9,13,train,2.0622406005859375,2.217018831777953
5.0,19,9,14,holdout,4.314793109893799,5.986106849135484
5.0,19,9,15,train,0.10351082682609558,0.08747048243586897
5.0,19,9,16,train,-0.7776421904563904,-0.680766980133599
5.0,19,9,17,train,-0.08635455369949341,-0.013252393005417917
5.0,19,9,18,validation,-0.16517901420593262,-0.256405113056923
5.0,19,9,19,holdout,1.1111899614334106,0.7909712458536718
5.0,19,9,20,train,-4.078603744506836,-4.800697971885505
5.0,19,9,21,validation,0.2666635513305664,0.06517297757109058
5.0,19,9,22,train,2.3816869258880615,2.704508653106715
5.0,19,9,23,train,-2.7209410667419434,-2.6779377265562405
5.0,19,9,24,train,0.19093045592308044,0.09144743966436411
5.0,19,9,25,train,-0.012545950710773468,-0.2202855133599792
5.0,19,9,26,train,-1.6228537559509277,-1.7713118947601172
5.0,19,9,27,train,-1.9438297748565674,-2.0086577325732504
5.0,19,9,28,train,-4.065990924835205,-5.002163835705593
5.0,19,9,29,validation,2.615375280380249,2.812680742089889
5.0,19,9,30,holdout,0.4782133102416992,0.29689131434433813
5.0,19,9,31,holdout,-0.3618825674057007,-0.5962338998505308
5.0,19,9,32,holdout,-2.3022055625915527,-2.7588306080725395
5.0,19,9,33,train,3.2052724361419678,3.756299107337319
5.0,19,9,34,train,-0.14696341753005981,-0.32737125626309904
5.0,19,9,35,holdout,0.7322328090667725,0.45378693739266296
5.0,19,9,36,validation,0.08604031056165695,0.04997801656524342
5.0,19,9,37,train,-2.2873878479003906,-2.0676706308600257
5.0,19,9,38,validation,2.3399438858032227,1.935568108285593
5.0,19,9,39,holdout,2.5128188133239746,2.820206293232488
5.0,19,9,40,train,0.083629310131073,0.040790922939777374
5.0,19,9,41,holdout,-1.387710690498352,-1.5093745061020678
5.0,19,9,42,holdout,3.3640072345733643,3.9993787295375394
5.0,19,9,43,holdout,1.566823959350586,1.52105814816148
5.0,19,9,44,holdout,2.5174403190612793,2.6622026972472668
5.0,19,9,45,train,0.3852787911891937,0.38421659109493095
5.0,19,9,46,train,4.00174617767334,4.7122247858593855
5.0,19,9,47,train,-3.5610861778259277,-5.24416307435906
5.0,19,9,48,validation,-3.6810712814331055,-5.048977966678727
5.0,19,9,49,validation,0.0458555594086647,0.25034994818270206
5.0,19,9,50,train,-0.20084883272647858,-0.6290871687372815
5.0,19,9,51,validation,0.2563110589981079,0.2668915555245697
5.0,19,9,52,holdout,-2.485511302947998,-2.617265898734331
5.0,19,9,53,holdout,0.06671806424856186,0.09525010696194362
5.0,19,9,54,train,-0.3202565908432007,-0.31342686641227313
5.0,19,9,55,holdout,-1.6070339679718018,-1.8963119750238164
5.0,19,9,56,holdout,0.22018170356750488,0.25644114974829335
5.0,19,9,57,train,-4.3155927658081055,-5.671396937471555
5.0,19,9,58,validation,-1.472033977508545,-1.6233386367352516
5.0,19,9,59,train,-2.3254051208496094,-2.4699206726633904
5.0,19,9,60,train,-1.6740825176239014,-1.9063730941464503
5.0,19,9,61,train,0.2441042959690094,0.24525152431411013
5.0,19,9,62,train,-0.4465028643608093,-0.4668992942250692
5.0,19,9,63,train,3.1287527084350586,3.690676919650875
5.0,19,9,64,train,0.3586561381816864,0.15572487061637189
5.0,19,9,65,train,3.8621466159820557,5.139260762423861
5.0,19,9,66,validation,3.0679967403411865,3.3526433789655066
5.0,19,9,67,holdout,2.319758892059326,2.0747841372281677
5.0,19,9,68,train,2.6160528659820557,2.5608729752817463
5.0,19,9,69,train,2.620811700820923,2.721915107609204
5.0,19,9,70,train,-1.82340407371521,-1.913180005222975
5.0,19,9,71,holdout,3.227151393890381,4.060124555588276
5.0,19,9,72,train,-3.896547794342041,-5.526830084782394
5.0,19,9,73,holdout,-2.213658094406128,-2.1016779109916275
5.0,19,9,74,holdout,-2.802347183227539,-2.8225637041032314
5.0,19,9,75,holdout,-1.2193666696548462,-0.9716283254717653
5.0,19,9,76,train,2.8198204040527344,2.7635834406271425
5.0,19,9,77,train,1.403257966041565,1.1364954916190233
5.0,19,9,78,train,-2.3140597343444824,-2.176948314307502
5.0,19,9,79,train,2.2942402362823486,2.174028247923251
5.0,19,9,80,holdout,3.776367425918579,4.627135254047809
5.0,19,9,81,train,-2.202228307723999,-1.6621751110915473
5.0,19,9,82,train,-0.1469385176897049,-0.18410602087694075
5.0,19,9,83,train,3.7185535430908203,4.063220490628144
5.0,19,9,84,validation,2.396913766860962,2.2430145401865165
5.0,19,9,85,train,2.451005697250366,2.044876677294572
5.0,19,9,86,train,-0.19413572549819946,-0.37407305199293817
5.0,19,9,87,train,-3.066049575805664,-3.333018983383874
5.0,19,9,88,train,-1.4458839893341064,-1.3330838022306915
5.0,19,9,89,train,0.20714831352233887,0.30636960382697914
5.0,19,9,90,validation,0.09348312765359879,0.07560777576166638
5.0,19,9,91,train,-2.534811496734619,-2.4130693972702466
5.0,19,9,92,train,-2.5864317417144775,-2.5417695671033007
5.0,19,9,93,validation,1.9105687141418457,1.8341509651833623
5.0,19,9,94,train,-2.715775489807129,-3.1541338868874114
5.0,19,9,95,train,0.040649108588695526,-0.06652957748077613
5.0,19,9,96,holdout,3.3614158630371094,4.353757378369753
5.0,19,9,97,train,-3.1569323539733887,-3.615042711035291
5.0,19,9,98,train,-0.8354413509368896,-0.6668808743341988
5.0,19,9,99,train,0.05407235771417618,-0.04879822377413791
5.0,19,9,100,train,-3.575333833694458,-4.327366051109479
5.0,19,9,101,holdout,-0.5943163633346558,-0.3440270585987224
5.0,19,9,102,train,3.636981248855591,4.6617719687934365
5.0,19,9,103,train,4.236175537109375,5.852106300399455
5.0,19,9,104,train,-1.4379888772964478,-1.1029758794003053
5.0,19,9,105,train,-1.7067594528198242,-2.0743111882865515
5.0,19,9,106,train,1.4514399766921997,1.5367519810046908
5.0,19,9,107,validation,-4.895824432373047,-6.731824085099456
5.0,19,9,108,validation,2.186760663986206,2.1279496570843928
5.0,19,9,109,holdout,2.373206377029419,2.5094187484215333
5.0,19,9,110,holdout,-0.09837894141674042,0.01931411799810001
5.0,19,9,111,train,-0.37757375836372375,-0.41986940428614616
5.0,19,9,112,validation,2.332864761352539,2.2044488962227025
5.0,19,9,113,validation,-0.1294291466474533,0.006464169956979321
5.0,19,9,114,train,-2.208789825439453,-2.2081473749130964
5.0,19,9,115,train,-0.08973977714776993,0.21402439018535732
5.0,19,9,116,train,2.699657678604126,2.4650790071863216
5.0,19,9,117,validation,-4.074408531188965,-5.123098181947188
5.0,19,9,118,train,-2.0781056880950928,-2.4445288184611167
5.0,19,9,119,validation,-0.2766731381416321,-0.49405046362296784
5.0,19,9,120,train,1.8497405052185059,1.9440217688679695
5.0,19,9,121,train,-2.4035329818725586,-2.652243257869265
5.0,19,9,122,holdout,0.7482333183288574,0.740053121498572
5.0,19,9,123,train,-2.5051681995391846,-2.785188378766179
5.0,19,9,124,train,-2.988055467605591,-3.105253190310479
5.0,19,9,125,holdout,-2.7550148963928223,-2.76934369952789
5.0,19,9,126,validation,0.08366613835096359,-0.21558303763468173
5.0,19,9,127,train,-1.782724142074585,-1.7122058154594288
8.0,19,7,0,train,3.470118284225464,4.63526586054596
8.0,19,7,1,holdout,0.4348306357860565,0.7759958819605852
8.0,19,7,2,validation,-4.939236640930176,-7.267580750336973
8.0,19,7,3,validation,-0.49565255641937256,-0.5781599153465546
8.0,19,7,4,validation,0.017473798245191574,-0.956011630118826
8.0,19,7,5,train,2.611281394958496,2.5243038435777025
8.0,19,7,6,validation,0.07151177525520325,0.7670234235939476
8.0,19,7,7,train,-0.03180094435811043,0.04399443458440422
8.0,19,7,8,train,-0.12459911406040192,-0.605400061018923
8.0,19,7,9,holdout,3.2178268432617188,4.118747582660007
8.0,19,7,10,train,3.4818174839019775,4.8541383991624345
8.0,19,7,11,holdout,0.15390729904174805,0.25442647976728255
8.0,19,7,12,train,2.562366485595703,2.9717883222032153
8.0,19,7,13,train,4.110588073730469,5.487419271549073
8.0,19,7,14,holdout,-0.2477206587791443,-0.5822255662878206
8.0,19,7,15,holdout,0.06929744780063629,-0.015891529774767876
8.0,19,7,16,train,3.3106915950775146,3.4560291301551187
8.0,19,7,17,train,-0.25743281841278076,-0.5619487166404724
8.0,19,7,18,train,-2.496588706970215,-3.3142010814127145
8.0,19,7,19,train,1.4830327033996582,0.9238405888540729
8.0,19,7,20,train,4.674082279205322,6.766167005324513
8.0,19,7,21,train,-2.0468573570251465,-3.5201297491008994
8.0,19,7,22,validation,-1.0821974277496338,-0.7935574151271858
8.0,19,7,23,validation,-4.457058429718018,-6.213503277433161
8.0,19,7,24,train,-3.338162422180176,-4.018114920987413
8.0,19,7,25,train,2.2242729663848877,2.2073053730839565
8.0,19,7,26,train,1.4965312480926514,1.2264074425972142
8.0,19,7,27,train,-0.06962770968675613,-0.5866716702779133
8.0,19,7,28,holdout,4.652191638946533,7.330460127889635
8.0,19,7,29,train,3.162740707397461,3.4507650148352815
8.0,19,7,30,train,3.476999282836914,4.1205292244752245
8.0,19,7,31,validation,-1.2768359184265137,-0.5778316656748455
8.0,19,7,32,train,-4.303645133972168,-6.286041875680287
8.0,19,7,33,train,-0.30837661027908325,0.5516981207507714
8.0,19,7,34,train,2.9801156520843506,3.3884715392020093
8.0,19,7,35,train,-3.9558279514312744,-5.524936030428824
8.0,19,7,36,train,3.308361530303955,4.697173132540643
8.0,19,7,37,train,2.4173147678375244,2.825284777654139
8.0,19,7,38,train,1.9873347282409668,1.5575881994819027
8.0,19,7,39,train,-3.9326131343841553,-4.634005146966387
8.0,19,7,40,train,-5.247568607330322,-6.743327533337086
8.0,19,7,41,train,2.618894100189209,2.733637450525764
8.0,19,7,42,train,-5.265687465667725,-6.288763727081134
8.0,19,7,43,holdout,4.558183670043945,6.032334864139556
8.0,19,7,44,train,4.914933204650879,7.200896635404689
8.0,19,7,45,holdout,0.06934037804603577,-0.015286947290102632
8.0,19,7,46,train,2.9877240657806396,3.440809262655728
8.0,19,7,47,holdout,3.475621223449707,4.103379265655989
8.0,19,7,48,validation,1.325573444366455,0.5761505346996589
8.0,19,7,49,holdout,0.05504963919520378,0.06253774352419633
8.0,19,7,50,train,-3.5039196014404297,-3.3617698009692036
8.0,19,7,51,holdout,-0.0236782468855381,0.03675208985805514
8.0,19,7,52,train,3.2835655212402344,3.967222601410508
8.0,19,7,53,train,-3.5695858001708984,-5.361919640559676
8.0,19,7,54,train,-3.837038993835449,-3.9165736482736184
8.0,19,7,55,train,0.6599366664886475,1.0182849022808038
8.0,19,7,56,train,-3.327091693878174,-3.9652660604089354
8.0,19,7,57,validation,3.6961421966552734,5.414777611288705
8.0,19,7,58,train,-0.38869816064834595,-0.62650394190923
8.0,19,7,59,train,0.2412847876548767,0.896711260080337
8.0,19,7,60,train,-1.8532594442367554,-2.189953021800784
8.0,19,7,61,train,-2.431635618209839,-3.8781250039449295
8.0,19,7,62,train,-3.7986795902252197,-5.696095477824892
8.0,19,7,63,validation,1.723696231842041,1.148712609045508
8.0,19,7,64,train,-0.19232891499996185,-0.4338005145694644
8.0,19,7,65,train,-3.53379225730896,-3.8266188281025006
8.0,19,7,66,holdout,-0.18040895462036133,0.618152916431427
8.0,19,7,67,holdout,4.853496074676514,5.503135534801237
8.0,19,7,68,validation,1.318711280822754,0.8847802104800013
8.0,19,7,69,validation,-3.156949043273926,-4.454358025215081
8.0,19,7,70,train,-0.08765476942062378,-0.09795928730366513
8.0,19,7,71,train,0.4954216480255127,0.48773886760075885
8.0,19,7,72,train,0.21567387878894806,0.08822720249493918
8.0,19,7,73,train,4.9527812004089355,5.569409894474316
8.0,19,7,74,holdout,0.2024853229522705,0.05990268767296847
8.0,19,7,75,train,-0.08735779672861099,0.18466316834926894
8.0,19,7,76,validation,2.3956847190856934,2.7918432024160826
8.0,19,7,77,validation,1.518109917640686,2.145557363828023
8.0,19,7,78,train,-4.251326084136963,-6.170174940153044
8.0,19,7,79,train,3.0601210594177246,3.682999153537013
8.0,19,7,80,train,-5.25062370300293,-7.62537319575108
8.0,19,7,81,train,1.172593593597412,1.0236995343958766
8.0,19,7,82,holdout,-0.23834984004497528,-0.4455670099529689
8.0,19,7,83,holdout,3.6044936180114746,3.6707652409302916
8.0,19,7,84,train,-0.10180313885211945,-0.26630813696950045
8.0,19,7,85,holdout,-0.33603107929229736,-0.47711401368788614
8.0,19,7,86,train,3.403426170349121,4.535528335412981
8.0,19,7,87,train,-0.21111565828323364,0.10985783069575342
8.0,19,7,88,holdout,-2.800442934036255,-3.880103324949428
8.0,19,7,89,train,3.225783109664917,3.2463261413575415
8.0,19,7,90,holdout,3.2180941104888916,3.774805972973505
8.0,19,7,91,holdout,-3.3238606452941895,-4.061413073885655
8.0,19,7,92,train,-0.1537599265575409,-0.11043635005992904
8.0,19,7,93,train,-1.9945178031921387,-2.0955685079097743
8.0,19,7,94,holdout,4.175952911376953,5.1935871734283925
8.0,19,7,95,validation,-0.004774291068315506,-0.587871269499834
8.0,19,7,96,validation,3.5315399169921875,3.6937951499165482
8.0,19,7,97,train,4.668651103973389,7.173078906148932
8.0,19,7,98,train,-0.3704063892364502,-0.4414968763832062
8.0,19,7,99,holdout,-0.5741382241249084,-0.5632633070151011
8.0,19,7,100,train,3.9267425537109375,5.203619528850824
8.0,19,7,101,holdout,-0.35129767656326294,-0.4536220795695407
8.0,19,7,102,holdout,0.18945801258087158,-0.14050876765309656
8.0,19,7,103,validation,4.197052955627441,5.10533002386231
8.0,19,7,104,train,4.263670921325684,5.17401989234498
8.0,19,7,105,validation,3.484212636947632,4.1373532655325835
8.0,19,7,106,holdout,-0.8178899884223938,-0.22052713108939137
8.0,19,7,107,holdout,4.549774646759033,6.123446881771088
8.0,19,7,108,validation,-0.46535664796829224,-0.661053019014314
8.0,19,7,109,train,-1.4251935482025146,-0.7088678250578946
8.0,19,7,110,holdout,6.022531986236572,9.162967385184192
8.0,19,7,111,train,-0.1055489182472229,-0.0007507988703406437
8.0,19,7,112,holdout,4.873891830444336,7.838074513103125
8.0,19,7,113,train,0.011699944734573364,-0.13457782566547394
8.0,19,7,114,train,-4.588296890258789,-6.488841568158291
8.0,19,7,115,validation,-2.4121532440185547,-2.8734452892667184
8.0,19,7,116,holdout,1.2478522062301636,0.8080790952817752
8.0,19,7,117,train,-0.6042212843894958,-0.8670276281564053
8.0,19,7,118,holdout,4.079069137573242,4.675321335756469
8.0,19,7,119,train,2.819568395614624,2.910429959495862
8.0,19,7,120,holdout,0.20142598450183868,0.12976280848185223
8.0,19,7,121,holdout,-3.81929874420166,-5.38706623762846
8.0,19,7,122,validation,-1.557370662689209,-1.5229718528304668
8.0,19,7,123,validation,2.4947540760040283,2.517652271771282
8.0,19,7,124,train,2.710226535797119,2.939575924360369
8.0,19,7,125,validation,3.1065945625305176,3.238440288770818
8.0,19,7,126,train,4.09344482421875,4.936475258986407
8.0,19,7,127,validation,-3.2211437225341797,-3.3381742935833874
8.0,19,8,0,holdout,-3.766294002532959,-5.0104029535214245
8.0,19,8,1,train,-2.7815027236938477,-2.4716896042227745
8.0,19,8,2,train,3.4441375732421875,3.79228312938731
8.0,19,8,3,holdout,3.555459499359131,3.3831269399135846
8.0,19,8,4,train,0.7811140418052673,0.9948314972754511
8.0,19,8,5,train,-1.6433377265930176,-0.3115319280268616
8.0,19,8,6,validation,4.780247688293457,6.581360166271527
8.0,19,8,7,train,0.4953641891479492,0.6381510598580993
8.0,19,8,8,train,3.2654757499694824,3.741548644489723
8.0,19,8,9,train,-3.570647954940796,-4.136594247669683
8.0,19,8,10,train,5.351848602294922,7.722364543765311
8.0,19,8,11,holdout,2.6926705837249756,3.3350673622462814
8.0,19,8,12,validation,-3.4365482330322266,-4.641233391483016
8.0,19,8,13,train,-5.893009185791016,-9.861410721057851
8.0,19,8,14,holdout,-0.6239821910858154,-1.0075151638379485
8.0,19,8,15,train,-3.130910634994507,-2.9921400845050807
8.0,19,8,16,train,-3.126126289367676,-3.561962621249503
8.0,19,8,17,holdout,4.33077335357666,5.803609673738968
8.0,19,8,18,holdout,3.276273012161255,2.9328893900643886
8.0,19,8,19,train,-2.292668581008911,-3.170010092223619
8.0,19,8,20,validation,-2.0661256313323975,-2.3187917215074627
8.0,19,8,21,train,-4.392375946044922,-6.300660286097614
8.0,19,8,22,train,4.390313148498535,6.439717145754801
8.0,19,8,23,validation,-3.4357359409332275,-4.412420453918454
8.0,19,8,24,holdout,-2.8062329292297363,-2.955789538342026
8.0,19,8,25,holdout,-3.123227596282959,-2.7429797996894716
8.0,19,8,26,train,2.2411086559295654,1.9682995742763507
8.0,19,8,27,train,-0.31347769498825073,-0.1183783723873133
8.0,19,8,28,train,-2.9794020652770996,-3.323310347317996
8.0,19,8,29,train,0.49634993076324463,0.7275415331730847
8.0,19,8,30,validation,0.37852632999420166,0.26236185770417364
8.0,19,8,31,train,2.002777576446533,1.8794220042876966
8.0,19,8,32,validation,-2.0742154121398926,-2.291417353423182
8.0,19,8,33,validation,2.4617252349853516,2.4865567618873787
8.0,19,8,34,train,-0.07308167964220047,-0.5477542135605776
8.0,19,8,35,train,-3.2576358318328857,-3.1932662305031285
8.0,19,8,36,holdout,3.350428581237793,4.052614906369994
8.0,19,8,37,holdout,0.10063150525093079,0.11815566535654934
8.0,19,8,38,holdout,-4.814170837402344,-7.4716727297671035
8.0,19,8,39,train,5.272818088531494,8.103584335002846
8.0,19,8,40,train,0.0391092486679554,0.33749181032180786
8.0,19,8,41,train,0.4358820915222168,0.3737428601624264
8.0,19,8,42,train,3.652243137359619,3.855980801938177
8.0,19,8,43,train,-2.1870973110198975,-3.4647591340832267
8.0,19,8,44,holdout,-1.7192399501800537,-1.8302325509908484
8.0,19,8,45,train,-3.6685376167297363,-4.442933611771635
8.0,19,8,46,validation,-1.4845268726348877,-0.8214348335438983
8.0,19,8,47,validation,1.1493438482284546,0.5648699800173442
8.0,19,8,48,train,3.5306780338287354,4.939356942522169
8.0,19,8,49,train,3.2949233055114746,3.833031171495624
8.0,19,8,50,train,-2.4753315448760986,-2.7131670813379065
8.0,19,8,51,holdout,-3.0042529106140137,-2.8443840147744366
8.0,19,8,52,holdout,-0.3413692116737366,-0.16923288883358859
8.0,19,8,53,holdout,-0.07028141617774963,-0.36123939202898375
8.0,19,8,54,train,4.299163818359375,6.347859076975029
8.0,19,8,55,holdout,-0.009897725656628609,-0.09892385360690234
8.0,19,8,56,validation,-2.8813302516937256,-2.3589808775559384
8.0,19,8,57,validation,3.4297099113464355,3.6615390671571384
8.0,19,8,58,train,2.7457780838012695,2.1108620361323407
8.0,19,8,59,train,-3.221740245819092,-4.331728535475626
8.0,19,8,60,validation,-2.6030378341674805,-3.341525495840976
8.0,19,8,61,train,0.44745296239852905,0.6283086601360949
8.0,19,8,62,validation,2.0735762119293213,1.9928921608983168
8.0,19,8,63,holdout,-3.97774076461792,-4.805627268126922
8.0,19,8,64,train,-2.46799898147583,-2.3619946975483694
8.0,19,8,65,holdout,-3.1650876998901367,-4.0281409985396275
8.0,19,8,66,train,-3.5792646408081055,-4.3896801888341415
8.0,19,8,67,train,4.432838439941406,7.678848296403884
8.0,19,8,68,holdout,0.3403930068016052,0.6369551958891637
8.0,19,8,69,validation,-4.232297897338867,-4.527984120249098
8.0,19,8,70,validation,-6.1173200607299805,-9.034780927945583
8.0,19,8,71,train,2.6974103450775146,3.476044109037801
8.0,19,8,72,train,-3.7541141510009766,-4.011450494948848
8.0,19,8,73,validation,-3.179588794708252,-2.795317048827807
8.0,19,8,74,holdout,-2.5088186264038086,-3.4578220722338475
8.0,19,8,75,holdout,-3.2680435180664062,-3.785291997177328
8.0,19,8,76,train,-1.3261370658874512,-0.6065618210259979
8.0,19,8,77,train,-1.0720415115356445,-0.2024501562118536
8.0,19,8,78,holdout,0.35998672246932983,0.06269689199417039
8.0,19,8,79,train,4.112055778503418,6.609028829414251
8.0,19,8,80,train,-0.06273385882377625,-0.04149301846822109
8.0,19,8,81,train,-2.067462682723999,-2.6594403182267863
8.0,19,8,82,holdout,0.1383400559425354,0.18211630073029683
8.0,19,8,83,holdout,-2.8591461181640625,-2.4293363096938596
8.0,19,8,84,train,2.4699058532714844,2.7035812995414257
8.0,19,8,85,train,0.0883459523320198,-0.3624201506636138
8.0,19,8,86,train,-2.916314125061035,-3.0802298650976785
8.0,19,8,87,holdout,0.5433412790298462,0.2270869513352712
8.0,19,8,88,train,3.395810842514038,3.0596985226185187
8.0,19,8,89,train,-3.0946052074432373,-3.14267607841545
8.0,19,8,90,validation,-2.481462001800537,-2.9051411523846373
8.0,19,8,91,train,2.665663719177246,2.8949093241264006
8.0,19,8,92,train,-3.678327798843384,-3.660240487970833
8.0,19,8,93,validation,-3.108673572540283,-3.7636660189544475
8.0,19,8,94,holdout,-3.33992338180542,-3.646753254102968
8.0,19,8,95,validation,-5.546302795410156,-8.755981064147532
8.0,19,8,96,holdout,-0.3547438383102417,-0.42272188266118366
8.0,19,8,97,train,-4.141889572143555,-6.0070758467124215
8.0,19,8,98,train,-1.4332677125930786,-1.2746788909037905
8.0,19,8,99,train,0.5332499146461487,0.5253006356333004
8.0,19,8,100,train,3.5208740234375,4.450900346040726
8.0,19,8,101,train,-0.18058328330516815,-0.17656544882843883
8.0,19,8,102,train,0.05201239511370659,0.22851348956465317
8.0,19,8,103,holdout,-4.791051864624023,-7.149424282560572
8.0,19,8,104,train,-0.2554476857185364,-0.48364596026051954
8.0,19,8,105,train,-3.7268667221069336,-4.406154122250544
8.0,19,8,106,train,2.832493305206299,2.736284459797269
8.0,19,8,107,validation,-4.19932746887207,-4.499090002903264
8.0,19,8,108,holdout,3.266678810119629,4.25947052972045
8.0,19,8,109,validation,-0.05169897526502609,0.2699896295865376
8.0,19,8,110,train,3.6443910598754883,4.658112615563506
8.0,19,8,111,train,0.2497958242893219,0.3003160143430914
8.0,19,8,112,validation,-4.085165023803711,-6.796058391899552
8.0,19,8,113,holdout,3.3822574615478516,3.9008808750915343
8.0,19,8,114,holdout,-3.12125563621521,-3.448704411586126
8.0,19,8,115,train,-3.1703314781188965,-2.6947218547502625
8.0,19,8,116,train,5.08123779296875,6.783630425969615
8.0,19,8,117,train,-2.4980525970458984,-2.8296249806880946
8.0,19,8,118,validation,-0.2530113458633423,-0.2520479073272171
8.0,19,8,119,validation,3.226053237915039,3.7812455740139423
8.0,19,8,120,holdout,-0.20578183233737946,-0.33650261434203227
8.0,19,8,121,train,3.3830223083496094,3.624933883547783
8.0,19,8,122,train,2.7569174766540527,2.6027865725940638
8.0,19,8,123,train,2.6582534313201904,2.3682782535125435
8.0,19,8,124,train,0.1158583015203476,0.565287464829859
8.0,19,8,125,train,3.269680976867676,3.016511924865421
8.0,19,8,126,train,-2.3035690784454346,-3.0633596436691453
8.0,19,8,127,train,2.480320692062378,2.4850491980711618
8.0,19,9,0,validation,0.08073639869689941,0.14771482241933115
8.0,19,9,1,holdout,4.527606964111328,7.602139653169196
8.0,19,9,2,train,-0.239609956741333,-0.833972535392819
8.0,19,9,3,holdout,5.044589996337891,7.487673459681755
8.0,19,9,4,holdout,-2.1483397483825684,-2.6888533369328425
8.0,19,9,5,train,-0.059537190943956375,-0.6319130957762013
8.0,19,9,6,train,0.19497205317020416,0.11817648630707514
8.0,19,9,7,holdout,4.380375862121582,6.388489342473209
8.0,19,9,8,train,0.6083474159240723,0.9102135996023812
8.0,19,9,9,validation,-3.050365447998047,-3.2082327361933274
8.0,19,9,10,validation,-0.46230340003967285,-0.889572024345398
8.0,19,9,11,holdout,-1.581521987915039,-1.550885373721665
8.0,19,9,12,validation,-2.7786922454833984,-3.537812912472267
8.0,19,9,13,train,2.9356296062469482,3.5472301308447256
8.0,19,9,14,holdout,5.708636283874512,9.577770958616775
8.0,19,9,15,train,0.1894775629043579,0.13995277189739053
8.0,19,9,16,train,-1.3682241439819336,-1.089227168213758
8.0,19,9,17,train,-0.14165227115154266,-0.02120382880866868
8.0,19,9,18,validation,-0.268167644739151,-0.4102481808910768
8.0,19,9,19,holdout,1.5918751955032349,1.2655539933658746
8.0,19,9,20,train,-5.678280830383301,-7.681116755016808
8.0,19,9,21,validation,0.16523802280426025,0.10427676411374498
8.0,19,9,22,train,3.1731255054473877,4.3272138449707445
8.0,19,9,23,train,-3.837871551513672,-4.284700362489985
8.0,19,9,24,train,0.220108300447464,0.1463159034629825
8.0,19,9,25,train,0.24287588894367218,-0.3524568213759671
8.0,19,9,26,train,-2.380496025085449,-2.834099031616187
8.0,19,9,27,train,-2.4311811923980713,-3.213852372117201
8.0,19,9,28,train,-5.57335901260376,-8.003462137128949
8.0,19,9,29,validation,3.4459524154663086,4.500289187343822
8.0,19,9,30,holdout,0.5648026466369629,0.47502610295094105
8.0,19,9,31,holdout,-0.36702731251716614,-0.9539742397608493
8.0,19,9,32,holdout,-3.0380592346191406,-4.414128972916064
8.0,19,9,33,train,4.015026092529297,6.010078571739711
8.0,19,9,34,train,-0.19462928175926208,-0.5237940100209585
8.0,19,9,35,holdout,1.1337218284606934,0.726059099828261
8.0,19,9,36,validation,-0.05075381323695183,0.07996482650438946
8.0,19,9,37,train,-3.2285547256469727,-3.308273009376041
8.0,19,9,38,validation,3.184896469116211,3.096908973256949
8.0,19,9,39,holdout,3.2845616340637207,4.5123300691719805
8.0,19,9,40,train,0.15740352869033813,0.0652654767036438
8.0,19,9,41,holdout,-2.0851426124572754,-2.4149992097633084
8.0,19,9,42,holdout,4.656315326690674,6.399005967260065
8.0,19,9,43,holdout,2.5750162601470947,2.4336930370583674
8.0,19,9,44,holdout,3.520632266998291,4.259524315595627
8.0,19,9,45,train,0.48394137620925903,0.6147465457518895
8.0,19,9,46,train,5.560779571533203,7.539559657375018
8.0,19,9,47,train,-4.494192123413086,-8.390660918974495
8.0,19,9,48,validation,-5.055498123168945,-8.078364746685963
8.0,19,9,49,validation,0.07133211940526962,0.4005599170923233
8.0,19,9,50,train,-0.05622556805610657,-1.0065394699796502
8.0,19,9,51,validation,0.2339533120393753,0.42702648883931155
8.0,19,9,52,holdout,-3.3239994049072266,-4.18762543797493
8.0,19,9,53,holdout,-0.018172524869441986,0.1524001711391099
8.0,19,9,54,train,-0.22837384045124054,-0.501482986259637
8.0,19,9,55,holdout,-2.2759742736816406,-3.0340991600381058
8.0,19,9,56,holdout,0.32818150520324707,0.4103058395972694
8.0,19,9,57,train,-5.946005821228027,-9.074235099954487
8.0,19,9,58,validation,-1.9632757902145386,-2.5973418187764024
8.0,19,9,59,train,-3.300403118133545,-3.9518730762614247
8.0,19,9,60,train,-2.4835562705993652,-3.0501969506343203
8.0,19,9,61,train,0.309169203042984,0.39240243890257615
8.0,19,9,62,train,-0.5452439785003662,-0.7470388707601107
8.0,19,9,63,train,3.921893358230591,5.9050830714414
8.0,19,9,64,train,0.30049267411231995,0.249159792986195
8.0,19,9,65,train,4.837563514709473,8.222817219878177
8.0,19,9,66,validation,3.8944754600524902,5.36422940634481
8.0,19,9,67,holdout,3.1165761947631836,3.319654619565068
8.0,19,9,68,train,3.4601824283599854,4.097396760450795
8.0,19,9,69,train,3.4998326301574707,4.3550641721747265
8.0,19,9,70,train,-2.6459333896636963,-3.0610880083567604
8.0,19,9,71,holdout,4.239679336547852,6.4961992889412405
8.0,19,9,72,train,-5.502642631530762,-8.84292813565183
8.0,19,9,73,holdout,-3.140385150909424,-3.3626846575866045
8.0,19,9,74,holdout,-3.971698760986328,-4.51610192656517
8.0,19,9,75,holdout,-1.7104487419128418,-1.5546053207548245
8.0,19,9,76,train,4.063483715057373,4.421733505003428
8.0,19,9,77,train,2.006805896759033,1.8183927865904366
8.0,19,9,78,train,-3.1535472869873047,-3.4831173028920035
8.0,19,9,79,train,2.926856279373169,3.478445196677203
8.0,19,9,80,holdout,4.802181720733643,7.403416406476493
8.0,19,9,81,train,-3.184345006942749,-2.6594801777464747
8.0,19,9,82,train,-0.22918546199798584,-0.2945696334031055
8.0,19,9,83,train,5.2306365966796875,6.501152785005028
8.0,19,9,84,validation,3.2862966060638428,3.5888232642984264
8.0,19,9,85,train,3.395096778869629,3.271802683671315
8.0,19,9,86,train,-0.3630751371383667,-0.598516883188701
8.0,19,9,87,train,-4.288785934448242,-5.332830373414199
8.0,19,9,88,train,-2.074326515197754,-2.1329340835691064
8.0,19,9,89,train,0.25171899795532227,0.4901913661231666
8.0,19,9,90,validation,0.03222426772117615,0.12097244121866621
8.0,19,9,91,train,-3.5056588649749756,-3.860911035632394
8.0,19,9,92,train,-3.667963981628418,-4.06683130736528
8.0,19,9,93,validation,2.720032215118408,2.9346415442933798
8.0,19,9,94,train,-3.4984912872314453,-5.046614219019858
8.0,19,9,95,train,0.038656026124954224,-0.10644732396924178
8.0,19,9,96,holdout,4.340363502502441,6.966011805391606
8.0,19,9,97,train,-4.418875217437744,-5.784068337656466
8.0,19,9,98,train,-1.5968098640441895,-1.067009398934718
8.0,19,9,99,train,0.07985963672399521,-0.07807715803862061
8.0,19,9,100,train,-5.067882061004639,-6.923785681775167
8.0,19,9,101,holdout,-0.8368608951568604,-0.5504432937579558
8.0,19,9,102,train,4.570569038391113,7.458835150069498
8.0,19,9,103,train,5.654727935791016,9.363370080639129
8.0,19,9,104,train,-2.061610221862793,-1.7647614070404885
8.0,19,9,105,train,-2.4540998935699463,-3.3188979012584827
8.0,19,9,106,train,2.195906400680542,2.4588031696075054
8.0,19,9,107,validation,-6.753360271453857,-10.770918536159131
8.0,19,9,108,validation,3.2077465057373047,3.4047194513350294
8.0,19,9,109,holdout,3.125181198120117,4.015069997474455
8.0,19,9,110,holdout,-0.19004350900650024,0.03090258879695995
8.0,19,9,111,train,-0.5157462358474731,-0.6717910468578339
8.0,19,9,112,validation,3.276153564453125,3.5271182339563247
8.0,19,9,113,validation,0.008249370381236076,0.010342671931166919
8.0,19,9,114,train,-3.19287109375,-3.5330357998609543
8.0,19,9,115,train,-0.4204341471195221,0.34243902429657175
8.0,19,9,116,train,3.752714157104492,3.944126411498115
8.0,19,9,117,validation,-5.716088771820068,-8.1969570911155
8.0,19,9,118,train,-2.8437418937683105,-3.9112461095377875
8.0,19,9,119,validation,-0.3589927554130554,-0.7904807417967485
8.0,19,9,120,train,2.698880672454834,3.1104348301887508
8.0,19,9,121,train,-3.4102230072021484,-4.243589212590823
8.0,19,9,122,holdout,1.406036615371704,1.1840849943977156
8.0,19,9,123,train,-3.3317863941192627,-4.456301406025886
8.0,19,9,124,train,-4.169350624084473,-4.9684051044967665
8.0,19,9,125,holdout,-3.7363603115081787,-4.430949919244623
8.0,19,9,126,validation,0.04592079669237137,-0.3449328602154908
8.0,19,9,127,train,-2.643406391143799,-2.7395293047350866
