m_gain,repeat,gain,holdout_r2,n_train_available,epsilon,context_seed,design_seed
0,0,1.0,0.950392957280965,96,5.0,17,7
4,0,0.9132473034862918,0.9787700700622616,96,5.0,17,7
4,1,1.1951925884947687,0.7915653836277381,96,5.0,17,7
4,2,0.6952271833370302,0.9354088279285088,96,5.0,17,7
4,3,0.9070208116489289,0.9798076281826386,96,5.0,17,7
4,4,1.0524241605315146,0.9206526843129273,96,5.0,17,7
4,5,0.9788853865600774,0.9596915064524781,96,5.0,17,7
4,6,1.138037134778646,0.8516887559446971,96,5.0,17,7
4,7,0.9089977712026901,0.9794926944845677,96,5.0,17,7
4,8,0.7924478891337665,0.9750133560829449,96,5.0,17,7
4,9,0.8445330958718399,0.9828099225426831,96,5.0,17,7
4,10,0.7880692363179215,0.9739312314441699,96,5.0,17,7
4,11,0.8213938771346785,0.9805021911278293,96,5.0,17,7
4,12,1.1379427626352268,0.8517787041988418,96,5.0,17,7
4,13,0.7103017231945884,0.943686839308393,96,5.0,17,7
4,14,0.8310958096419996,0.9816947828608956,96,5.0,17,7
4,15,1.0362391881198612,0.9308466925621166,96,5.0,17,7
4,16,0.9301126825551225,0.9752875547034628,96,5.0,17,7
4,17,0.7085574412663651,0.9427691156365177,96,5.0,17,7
4,18,1.363376678459445,0.5492410812004704,96,5.0,17,7
4,19,1.2863145147686692,0.6723933431773128,96,5.0,17,7
4,20,0.9792248175931842,0.9595541964725955,96,5.0,17,7
4,21,0.8267769962373845,0.9812040244557005,96,5.0,17,7
4,22,1.0269503242471294,0.9362888539386593,96,5.0,17,7
4,23,1.0639205499330888,0.9128625272886082,96,5.0,17,7
4,24,0.8850874158769503,0.9823965701393925,96,5.0,17,7
4,25,0.8223417980002812,0.980633033743541,96,5.0,17,7
4,26,0.8390569269504933,0.9824307042907082,96,5.0,17,7
4,27,0.721733051506374,0.9494412970271888,96,5.0,17,7
4,28,0.7623353572410148,0.9662340756810921,96,5.0,17,7
4,29,0.9375837454506707,0.9734310712013334,96,5.0,17,7
4,30,0.8533710248935704,0.9832036075705336,96,5.0,17,7
4,31,1.2605186252494276,0.7090382881586517,96,5.0,17,7
4,32,0.7073733908468669,0.9421401640498489,96,5.0,17,7
4,33,0.7978007976190833,0.9762463519224615,96,5.0,17,7
4,34,0.9884092947846487,0.9556878383096342,96,5.0,17,7
4,35,1.0984007684718264,0.8867621706886715,96,5.0,17,7
4,36,0.7937417155160867,0.9753204414096202,96,5.0,17,7
4,37,0.8736302757452845,0.9830886927415216,96,5.0,17,7
4,38,1.0242566550482248,0.937811316382419,96,5.0,17,7
4,39,1.2200557230818445,0.7618917717116478,96,5.0,17,7
4,40,0.9361905115205932,0.9737918898854699,96,5.0,17,7
4,41,0.8173456164541454,0.9799084983861929,96,5.0,17,7
4,42,0.9003188597336833,0.9807748780630035,96,5.0,17,7
4,43,1.1529132607305312,0.8371256287643871,96,5.0,17,7
4,44,0.7805122009185502,0.9719079443863823,96,5.0,17,7
4,45,0.9138066420498385,0.9786703135147505,96,5.0,17,7
4,46,1.2479015024217524,0.7261253827251888,96,5.0,17,7
4,47,1.0275210313063392,0.9359630749295738,96,5.0,17,7
4,48,1.019739831281166,0.9403080180489842,96,5.0,17,7
4,49,1.3501255482657262,0.571876895848457,96,5.0,17,7
8,0,0.91538458934917,0.9783830703572809,96,5.0,17,7
8,1,0.8362740070514572,0.9821983229338188,96,5.0,17,7
8,2,0.8387249347832743,0.9824043863435294,96,5.0,17,7
8,3,0.95395191618793,0.968690314612795,96,5.0,17,7
8,4,0.9034841236527867,0.9803373757885059,96,5.0,17,7
8,5,0.8557613735805604,0.9832637647581277,96,5.0,17,7
8,6,0.9675403807309187,0.9640521220716084,96,5.0,17,7
8,7,0.8716895789789683,0.9831610558093351,96,5.0,17,7
8,8,0.9251107116558017,0.9764228189386439,96,5.0,17,7
8,9,1.0153288572717634,0.9426782464449411,96,5.0,17,7
8,10,0.8402433487385682,0.98252164619237,96,5.0,17,7
8,11,0.9121706596352654,0.9789590467858094,96,5.0,17,7
8,12,0.9247403962442174,0.9765034335158295,96,5.0,17,7
8,13,0.8521481328076165,0.9831652055978463,96,5.0,17,7
8,14,0.8828997178781316,0.9825637262740602,96,5.0,17,7
8,15,0.885164650680164,0.9823903669307966,96,5.0,17,7
8,16,0.8684853906473546,0.9832520800579644,96,5.0,17,7
8,17,0.9447414253030688,0.9714717509193669,96,5.0,17,7
8,18,0.9208261711342123,0.977326584168242,96,5.0,17,7
8,19,0.8304181278579669,0.9816220346198462,96,5.0,17,7
8,20,0.857279498897834,0.9832917305822331,96,5.0,17,7
8,21,0.8778695597781964,0.9828854070607596,96,5.0,17,7
8,22,1.0625104391943507,0.9138425895578174,96,5.0,17,7
8,23,1.1626519716034296,0.8271781102355057,96,5.0,17,7
8,24,0.8821045254060492,0.9826203911467083,96,5.0,17,7
8,25,0.9992813752170429,0.9507347243055776,96,5.0,17,7
8,26,0.8184660067826826,0.9800784692471768,96,5.0,17,7
8,27,1.1238421557049632,0.8648728751173753,96,5.0,17,7
8,28,0.9527297196832971,0.9690762503098733,96,5.0,17,7
8,29,0.8314171408307133,0.9817287233182632,96,5.0,17,7
8,30,1.3098898110579418,0.6368941350946092,96,5.0,17,7
8,31,0.8936748036960216,0.9815807389228992,96,5.0,17,7
8,32,0.8828520977798259,0.9825671810888394,96,5.0,17,7
8,33,0.931091954159416,0.9750551871964361,96,5.0,17,7
8,34,0.858179556914295,0.983304554504586,96,5.0,17,7
8,35,0.996020468447516,0.9522631659472883,96,5.0,17,7
8,36,0.8920719432859298,0.9817523373378015,96,5.0,17,7
8,37,1.116553844171165,0.8713719406604885,96,5.0,17,7
8,38,1.11980675723419,0.8684939379960375,96,5.0,17,7
8,39,1.0386225869151913,0.9294022940589846,96,5.0,17,7
8,40,0.8631608494469308,0.9833249658393628,96,5.0,17,7
8,41,1.2131368667296625,0.7703635467935255,96,5.0,17,7
8,42,0.7944472367610504,0.9754854600537173,96,5.0,17,7
8,43,1.0357249274855573,0.9311557754325104,96,5.0,17,7
8,44,1.0222724052776306,0.9389167952562749,96,5.0,17,7
8,45,0.9711742204680723,0.9627037637618631,96,5.0,17,7
8,46,0.9857267703777753,0.9568471930361379,96,5.0,17,7
8,47,1.0070800246488827,0.9469305133972039,96,5.0,17,7
8,48,0.8790601548912083,0.9828171574451027,96,5.0,17,7
8,49,0.8943993175594616,0.9815002640538758,96,5.0,17,7
16,0,0.8345230582808361,0.9820384132377805,96,5.0,17,7
16,1,0.9028578732317781,0.9804266802124045,96,5.0,17,7
16,2,0.9625307369821241,0.9658362504936275,96,5.0,17,7
16,3,0.8788629498766737,0.9828288001108434,96,5.0,17,7
16,4,0.8814156932073748,0.9826677126265583,96,5.0,17,7
16,5,0.8788170678858445,0.9828314896606529,96,5.0,17,7
16,6,0.8834006297742162,0.9825269111583964,96,5.0,17,7
16,7,0.9093974943394093,0.9794273781952223,96,5.0,17,7
16,8,0.9354227789911682,0.9739878534339207,96,5.0,17,7
16,9,0.9687138776915185,0.963621671756833,96,5.0,17,7
16,10,0.9109463896783557,0.9791690738238398,96,5.0,17,7
16,11,0.8890983497113898,0.982047197022808,96,5.0,17,7
16,12,0.828858156485187,0.9814485494053506,96,5.0,17,7
16,13,1.046928825288292,0.9242152698293706,96,5.0,17,7
16,14,0.7937417574975121,0.9753204512800248,96,5.0,17,7
16,15,0.8113531716645965,0.978925842541762,96,5.0,17,7
16,16,0.8464805756092715,0.9829198320143362,96,5.0,17,7
16,17,0.8015665794466817,0.9770545032517068,96,5.0,17,7
16,18,0.8828670653803607,0.982566096040231,96,5.0,17,7
16,19,0.8986522904618264,0.980991333507413,96,5.0,17,7
16,20,0.7972922168744897,0.9761334567918982,96,5.0,17,7
16,21,0.8612007845186394,0.9833271543804218,96,5.0,17,7
16,22,0.9866148536599737,0.9564661244679099,96,5.0,17,7
16,23,0.8359228280430103,0.9821670990206206,96,5.0,17,7
16,24,0.9972502631094118,0.9516910514808474,96,5.0,17,7
16,25,0.898262882462794,0.9810405284180069,96,5.0,17,7
16,26,1.0854721319959488,0.8970295862313491,96,5.0,17,7
16,27,0.9764513861497423,0.9606644818785902,96,5.0,17,7
16,28,0.9725847000905884,0.9621681175142874,96,5.0,17,7
16,29,0.8956100210132957,0.9813617424121004,96,5.0,17,7
16,30,0.92555546228378,0.9763253748155922,96,5.0,17,7
16,31,0.8166674869118383,0.9798035166168677,96,5.0,17,7
16,32,0.9106629950749303,0.9792169535940043,96,5.0,17,7
16,33,0.9836042711974327,0.9577469103267597,96,5.0,17,7
16,34,0.8425725852524867,0.9826860548358021,96,5.0,17,7
16,35,0.8930115658660602,0.9816528191175933,96,5.0,17,7
16,36,0.8354129132851377,0.9821210038557092,96,5.0,17,7
16,37,0.8128322300415208,0.979179903144569,96,5.0,17,7
16,38,1.0021982545923385,0.9493364346288555,96,5.0,17,7
16,39,0.9452161612764269,0.9713355448314758,96,5.0,17,7
16,40,0.9180715572230798,0.9778741679479107,96,5.0,17,7
16,41,0.9149097991348905,0.978470403193062,96,5.0,17,7
16,42,0.9338492541572947,0.9743831372289724,96,5.0,17,7
16,43,0.8530700016177788,0.983194633589732,96,5.0,17,7
16,44,0.8496179967578419,0.9830693647493814,96,5.0,17,7
16,45,0.9854514030238064,0.9569647977778962,96,5.0,17,7
16,46,0.8586479209451694,0.9833101215744975,96,5.0,17,7
16,47,0.7955315946435733,0.975735737461643,96,5.0,17,7
16,48,0.9855879447341045,0.9569065158358797,96,5.0,17,7
16,49,0.8522769513768758,0.9831694940689889,96,5.0,17,7
96,0,0.8849172770446743,0.9824101624127782,96,5.0,17,7
0,0,1.0,0.9418149399523413,96,5.0,17,8
4,0,0.8558811551271194,0.9623696979776475,96,5.0,17,8
4,1,0.8705624771618984,0.962732299200679,96,5.0,17,8
4,2,0.9416862116687655,0.956599962384849,96,5.0,17,8
4,3,1.0552107236865818,0.9197144304495173,96,5.0,17,8
4,4,0.9772291322857537,0.9486345470192593,96,5.0,17,8
4,5,0.9543680338649031,0.954132653357323,96,5.0,17,8
4,6,0.7485341463667348,0.942785075008141,96,5.0,17,8
4,7,0.8251049123154801,0.9598011006778858,96,5.0,17,8
4,8,0.8597294338462702,0.9625186334137323,96,5.0,17,8
4,9,0.970740201958598,0.9503324701820354,96,5.0,17,8
4,10,0.9105631472031713,0.9608927324864311,96,5.0,17,8
4,11,0.8753677741001258,0.962729935444151,96,5.0,17,8
4,12,1.1479839715112372,0.864830679089326,96,5.0,17,8
4,13,1.0018567968817313,0.9411997385386444,96,5.0,17,8
4,14,0.8354494877184173,0.9609376806859103,96,5.0,17,8
4,15,1.0168695136965757,0.9358982832614056,96,5.0,17,8
4,16,0.7467741693106829,0.9422157523029483,96,5.0,17,8
4,17,0.9286347283900189,0.9587050327719647,96,5.0,17,8
4,18,0.9836147777825155,0.9468573750942129,96,5.0,17,8
4,19,0.865822489949348,0.9626761439635619,96,5.0,17,8
4,20,0.9129453229788609,0.9606526662961622,96,5.0,17,8
4,21,1.0987000183095752,0.8967572274322659,96,5.0,17,8
4,22,1.1149385400507712,0.886931445855775,96,5.0,17,8
4,23,0.8855087538317855,0.962529015080694,96,5.0,17,8
4,24,0.9770575940195223,0.9486808333544245,96,5.0,17,8
4,25,0.9691009089105966,0.9507441906742753,96,5.0,17,8
4,26,1.0355009386170304,0.9285086463148,96,5.0,17,8
4,27,1.0183945642011456,0.9353271380049064,96,5.0,17,8
4,28,1.148119818583459,0.8647339977652158,96,5.0,17,8
4,29,0.8438037930759741,0.9616536474761871,96,5.0,17,8
4,30,1.0447038403985527,0.9245274415902446,96,5.0,17,8
4,31,0.8684168138697403,0.9627140750358616,96,5.0,17,8
4,32,0.7169360879470894,0.9313448641948316,96,5.0,17,8
4,33,0.8499776744742765,0.9620668035269205,96,5.0,17,8
4,34,1.168512343072594,0.8496796435849788,96,5.0,17,8
4,35,0.8321323073961652,0.9606033491171456,96,5.0,17,8
4,36,0.8724243216662187,0.9627384675790946,96,5.0,17,8
4,37,1.073433292313244,0.9106902533597407,96,5.0,17,8
4,38,0.73484465968923,0.9381456516895041,96,5.0,17,8
4,39,0.8229734640952149,0.9595325389829076,96,5.0,17,8
4,40,1.0296764221093597,0.9309152054546909,96,5.0,17,8
4,41,0.7483515232698875,0.9427263719081593,96,5.0,17,8
4,42,0.7113646961342143,0.9290600220272058,96,5.0,17,8
4,43,0.8418504300443471,0.961502406501837,96,5.0,17,8
4,44,0.8849221170046634,0.962547883352072,96,5.0,17,8
4,45,0.9778580445018746,0.9484641962778433,96,5.0,17,8
4,46,0.867069584920513,0.9626965493478281,96,5.0,17,8
4,47,0.9987611580369429,0.942220440603958,96,5.0,17,8
4,48,0.841274673207549,0.9614559456338975,96,5.0,17,8
4,49,0.8076128157743464,0.9572497717658311,96,5.0,17,8
8,0,0.8258184719725163,0.9598883846779409,96,5.0,17,8
8,1,0.769916507359335,0.9490622369864731,96,5.0,17,8
8,2,0.7240938458383014,0.9341624999524883,96,5.0,17,8
8,3,0.815279192280857,0.9584653343762857,96,5.0,17,8
8,4,1.0553380320241401,0.9196543627647138,96,5.0,17,8
8,5,0.888097919245212,0.9624351092346204,96,5.0,17,8
8,6,0.8889536846423044,0.9624002607758442,96,5.0,17,8
8,7,1.0097331148645932,0.9384910265969235,96,5.0,17,8
8,8,0.9201451608694112,0.9598379144026258,96,5.0,17,8
8,9,0.8700952568698824,0.9627293445969552,96,5.0,17,8
8,10,0.8888944968177896,0.9624027319681328,96,5.0,17,8
8,11,0.7454714518726588,0.9417891877399349,96,5.0,17,8
8,12,0.9994762413341445,0.9419868620153046,96,5.0,17,8
8,13,0.9455703918631927,0.9558884497029763,96,5.0,17,8
8,14,0.7890672716584749,0.9536808417982818,96,5.0,17,8
8,15,1.1253057179182882,0.8803018051239242,96,5.0,17,8
8,16,1.1483918850637491,0.8645402266668714,96,5.0,17,8
8,17,0.839417178959823,0.9613002119793693,96,5.0,17,8
8,18,0.9524252575691987,0.9545375997492112,96,5.0,17,8
8,19,0.8151933163805002,0.9584525596100337,96,5.0,17,8
8,20,0.8917891472111865,0.962271265467227,96,5.0,17,8
8,21,0.870039442789504,0.9627289539034369,96,5.0,17,8
8,22,0.7924886229592538,0.9544061414944471,96,5.0,17,8
8,23,0.8382740112789093,0.9611999337368595,96,5.0,17,8
8,24,0.94721118264764,0.9555761674388594,96,5.0,17,8
8,25,1.0211601350832105,0.9342760675976123,96,5.0,17,8
8,26,0.7629798255788517,0.9471553875373334,96,5.0,17,8
8,27,0.7643099508299117,0.9475306705500051,96,5.0,17,8
8,28,0.9347154091136352,0.9577790746208783,96,5.0,17,8
8,29,0.8194132788918915,0.9590577629503405,96,5.0,17,8
8,30,0.8834036830802291,0.9625925894953762,96,5.0,17,8
8,31,0.7614552281284823,0.9467196097709744,96,5.0,17,8
8,32,0.955389647614284,0.953915796446011,96,5.0,17,8
8,33,0.8698545832677601,0.9627276023909433,96,5.0,17,8
8,34,0.827059987763028,0.9600371116193482,96,5.0,17,8
8,35,0.8850207097645858,0.9625447744684313,96,5.0,17,8
8,36,0.7907513919080933,0.9540416441221948,96,5.0,17,8
8,37,0.9173556986429545,0.9601694803560825,96,5.0,17,8
8,38,0.9799012635281487,0.9479037006163481,96,5.0,17,8
8,39,0.9225412040284273,0.9595370505142258,96,5.0,17,8
8,40,0.9893294906090114,0.9451775394630012,96,5.0,17,8
8,41,0.9389099863158282,0.9570846147171482,96,5.0,17,8
8,42,0.673396702721058,0.9113523101967895,96,5.0,17,8
8,43,0.7591822757434361,0.9460587706994167,96,5.0,17,8
8,44,1.0688201392526406,0.9130559358599857,96,5.0,17,8
8,45,0.8394586083108934,0.9613037827054322,96,5.0,17,8
8,46,0.8423324392521898,0.9615406432984649,96,5.0,17,8
8,47,0.8003998385293077,0.9559673625025358,96,5.0,17,8
8,48,0.9480355373107631,0.9554166458286822,96,5.0,17,8
8,49,0.9013629422530014,0.9616821437611236,96,5.0,17,8
16,0,0.9290831310458548,0.9586400153086774,96,5.0,17,8
16,1,0.8642648530698482,0.9626450099713945,96,5.0,17,8
16,2,0.9557892182764666,0.9538302459199148,96,5.0,17,8
16,3,0.8368053599120233,0.9610661456433339,96,5.0,17,8
16,4,0.9752719241672916,0.949158144529611,96,5.0,17,8
16,5,0.9480557477502949,0.9554127128235406,96,5.0,17,8
16,6,0.9700399135625082,0.9505092027928356,96,5.0,17,8
16,7,0.8095226642168075,0.9575668047293963,96,5.0,17,8
16,8,0.9880045342926901,0.9455745279514105,96,5.0,17,8
16,9,0.8834129629542252,0.9625923343785364,96,5.0,17,8
16,10,0.8521195273060647,0.962187112191966,96,5.0,17,8
16,11,0.8004480331225141,0.9559763774816981,96,5.0,17,8
16,12,0.7689946793737124,0.9488159998632009,96,5.0,17,8
16,13,0.9044557939874109,0.9614411834406519,96,5.0,17,8
16,14,0.9008535018215474,0.9617194613730765,96,5.0,17,8
16,15,0.8949554958868277,0.9621026510283636,96,5.0,17,8
16,16,0.7938894282172291,0.954694369291567,96,5.0,17,8
16,17,0.9375513226606217,0.9573145376979059,96,5.0,17,8
16,18,0.9486091586362376,0.9553046072369207,96,5.0,17,8
16,19,0.9102972073512633,0.9609186224868798,96,5.0,17,8
16,20,0.8608695616592789,0.9625554064112742,96,5.0,17,8
16,21,0.8938720773853766,0.9621632624242213,96,5.0,17,8
16,22,0.8837996610069108,0.9625815055622489,96,5.0,17,8
16,23,0.914831939328277,0.9604521298879289,96,5.0,17,8
16,24,0.8064909813817837,0.9570591518823308,96,5.0,17,8
16,25,0.9300118417496567,0.9585037009008338,96,5.0,17,8
16,26,0.7784656835083675,0.951241210689693,96,5.0,17,8
16,27,0.8834827690742811,0.9625904081732249,96,5.0,17,8
16,28,0.8968655425658154,0.9619884031395824,96,5.0,17,8
16,29,0.8057154300136906,0.9569254695158491,96,5.0,17,8
16,30,0.9577719053045393,0.9533996347867103,96,5.0,17,8
16,31,0.8724727225494486,0.9627385084150959,96,5.0,17,8
16,32,0.8660778206154544,0.9626806491127087,96,5.0,17,8
16,33,0.8922086394711046,0.9622504162004486,96,5.0,17,8
16,34,0.9074357217107514,0.9611856279116058,96,5.0,17,8
16,35,0.8659687032951222,0.9626787444301701,96,5.0,17,8
16,36,0.928167094215021,0.9587722850188412,96,5.0,17,8
16,37,0.9668604079208721,0.9512956720676254,96,5.0,17,8
16,38,0.9222485486818156,0.9595745940948672,96,5.0,17,8
16,39,0.8044664502964279,0.9567069132743125,96,5.0,17,8
16,40,0.9184317915043956,0.9600439552971382,96,5.0,17,8
16,41,0.8688824557731286,0.9627190412111887,96,5.0,17,8
16,42,0.8814103655225782,0.9626422284578962,96,5.0,17,8
16,43,0.8536329531809889,0.9622649707640236,96,5.0,17,8
16,44,0.874803083706451,0.962733308718281,96,5.0,17,8
16,45,0.8888582134857617,0.962404242381052,96,5.0,17,8
16,46,0.76688481335379,0.9482441474301271,96,5.0,17,8
16,47,0.9261369094297369,0.9590576983599562,96,5.0,17,8
16,48,0.8341656343113204,0.9608116583672093,96,5.0,17,8
16,49,0.806925064403558,0.9571332963311282,96,5.0,17,8
96,0,0.8549377941055186,0.9623273449286762,96,5.0,17,8
0,0,1.0,0.9462821770618706,96,5.0,17,9
4,0,0.7515616591955216,0.9594517662206928,96,5.0,17,9
4,1,0.8030355940209913,0.9725189944232756,96,5.0,17,9
4,2,1.372890551647573,0.5655460285649063,96,5.0,17,9
4,3,0.7693928002343561,0.9649130265032609,96,5.0,17,9
4,4,0.6960235478617879,0.936093222681686,96,5.0,17,9
4,5,0.6633450275222497,0.917857714108391,96,5.0,17,9
4,6,0.7011818958733304,0.9386676382184037,96,5.0,17,9
4,7,0.8324270040241535,0.9762773580126672,96,5.0,17,9
4,8,0.9719650201222498,0.9573951853148461,96,5.0,17,9
4,9,0.8953764900830767,0.9752705272644484,96,5.0,17,9
4,10,0.9890732916724129,0.9509047497309597,96,5.0,17,9
4,11,0.6543020630386737,0.9122236810054345,96,5.0,17,9
4,12,0.7626828248785495,0.9629741806758723,96,5.0,17,9
4,13,0.747781282515274,0.9581666374063572,96,5.0,17,9
4,14,1.0006636838295975,0.9459894191829027,96,5.0,17,9
4,15,0.8755630782829127,0.9769190085053487,96,5.0,17,9
4,16,0.7848065352544004,0.9688355296124914,96,5.0,17,9
4,17,1.349521842945825,0.6021319620901354,96,5.0,17,9
4,18,0.7866573674371711,0.9692567472376463,96,5.0,17,9
4,19,0.9115801014104815,0.9730131244573756,96,5.0,17,9
4,20,0.7054609852866113,0.9407403178420991,96,5.0,17,9
4,21,0.6560591413067255,0.9133383378137374,96,5.0,17,9
4,22,0.9666109157508573,0.959239019698079,96,5.0,17,9
4,23,0.9048375196480272,0.9740518534352851,96,5.0,17,9
4,24,0.8377557015956851,0.9766705036054983,96,5.0,17,9
4,25,0.8044198752703581,0.9727564096850952,96,5.0,17,9
4,26,1.1193001328476877,0.871606729516541,96,5.0,17,9
4,27,0.7311273982565326,0.9519749918371078,96,5.0,17,9
4,28,0.781824277511827,0.9681343626920931,96,5.0,17,9
4,29,1.172595047801989,0.8239158200773342,96,5.0,17,9
4,30,0.9420163958126158,0.9665612456969782,96,5.0,17,9
4,31,0.670327089704087,0.9220334233080446,96,5.0,17,9
4,32,0.8350033659722892,0.9764784870329392,96,5.0,17,9
4,33,0.8189080597474514,0.9748829660400252,96,5.0,17,9
4,34,0.8042758892413319,0.9727319931698147,96,5.0,17,9
4,35,0.6714746801353815,0.9227052186708942,96,5.0,17,9
4,36,0.6743885652947534,0.9243925582725637,96,5.0,17,9
4,37,0.7135046749553696,0.944482042003463,96,5.0,17,9
4,38,0.6903243253615458,0.9331524602533751,96,5.0,17,9
4,39,0.9753582465985681,0.9561803895857499,96,5.0,17,9
4,40,1.0339911514147342,0.9295233614096622,96,5.0,17,9
4,41,1.0244413813596074,0.9345953811349083,96,5.0,17,9
4,42,0.8769811650253129,0.9768416655527463,96,5.0,17,9
4,43,0.9527866275998093,0.9635867280030539,96,5.0,17,9
4,44,0.7907997333169942,0.9701607996459676,96,5.0,17,9
4,45,0.7241787149983593,0.9491360609193994,96,5.0,17,9
4,46,0.820040121754177,0.9750215783367548,96,5.0,17,9
4,47,0.7753730713845112,0.966522786106603,96,5.0,17,9
4,48,0.7733699952859387,0.9659960133610896,96,5.0,17,9
4,49,0.8453686065096034,0.9770786764311078,96,5.0,17,9
8,0,0.8027433416708868,0.9724681074424004,96,5.0,17,9
8,1,0.7325907216119238,0.9525536641799096,96,5.0,17,9
8,2,0.8088317603994718,0.9734732419216566,96,5.0,17,9
8,3,0.6523706624905798,0.9109873383971893,96,5.0,17,9
8,4,1.0967112422232859,0.8891497629374938,96,5.0,17,9
8,5,1.034746324393974,0.9291101538395151,96,5.0,17,9
8,6,0.8352341043796316,0.9764954909778122,96,5.0,17,9
8,7,0.8115353420056208,0.9738825415775215,96,5.0,17,9
8,8,0.821813523536555,0.9752306900820048,96,5.0,17,9
8,9,0.8620363738522632,0.9773418041579054,96,5.0,17,9
8,10,1.0280882909648232,0.9326919945597937,96,5.0,17,9
8,11,0.8674154248881321,0.977241956472346,96,5.0,17,9
8,12,0.6548776104529145,0.9125898567464679,96,5.0,17,9
8,13,0.6758940303948665,0.9252539602935974,96,5.0,17,9
8,14,0.8568758883262217,0.9773528564978498,96,5.0,17,9
8,15,0.8336179413174821,0.9763729016221576,96,5.0,17,9
8,16,0.8746235323061559,0.9769668005425913,96,5.0,17,9
8,17,0.7429805219532176,0.9564704485069387,96,5.0,17,9
8,18,0.8051511846023787,0.9728794245997657,96,5.0,17,9
8,19,0.8788969645247455,0.9767272261341255,96,5.0,17,9
8,20,0.7846617003918978,0.9688021173569585,96,5.0,17,9
8,21,0.7884873892131341,0.9696627340162305,96,5.0,17,9
8,22,0.7874399038253844,0.9694316285018628,96,5.0,17,9
8,23,0.9218540815218923,0.971157983868609,96,5.0,17,9
8,24,0.7922594772089421,0.9704666413020105,96,5.0,17,9
8,25,0.9332308968305283,0.96871994570305,96,5.0,17,9
8,26,0.9844510913181799,0.9527482100043809,96,5.0,17,9
8,27,0.6878113542325245,0.931823630736714,96,5.0,17,9
8,28,0.9352516658648564,0.9682447168753282,96,5.0,17,9
8,29,0.7683323294724622,0.9646159379097208,96,5.0,17,9
8,30,0.8659382350006387,0.9772783565338966,96,5.0,17,9
8,31,0.8619316277017354,0.9773428535642451,96,5.0,17,9
8,32,0.8720821789391079,0.977082289602726,96,5.0,17,9
8,33,0.8301261142618852,0.9760802503922776,96,5.0,17,9
8,34,0.7699675285425186,0.9650725711965152,96,5.0,17,9
8,35,0.7473488571988406,0.9580167973477697,96,5.0,17,9
8,36,0.6960020664005676,0.9360823284081339,96,5.0,17,9
8,37,1.1456414503292227,0.8491413934738377,96,5.0,17,9
8,38,0.8734043410304588,0.9770247168208982,96,5.0,17,9
8,39,0.8047318761632323,0.9728090957653446,96,5.0,17,9
8,40,0.9579391370770006,0.9620358887309071,96,5.0,17,9
8,41,0.7666179601956425,0.9641282494965869,96,5.0,17,9
8,42,0.8661676612218182,0.9772731491534444,96,5.0,17,9
8,43,0.8779331153286621,0.9767862307529149,96,5.0,17,9
8,44,0.8940413880882983,0.9754200446418619,96,5.0,17,9
8,45,1.0255594728071578,0.93401623461553,96,5.0,17,9
8,46,0.7731833499840948,0.9659462922696548,96,5.0,17,9
8,47,0.754961923360166,0.9605696365670683,96,5.0,17,9
8,48,0.8862109574968675,0.9761851527186987,96,5.0,17,9
8,49,0.7790330784433407,0.967453009144128,96,5.0,17,9
16,0,0.973538633172288,0.9568362833928639,96,5.0,17,9
16,1,0.7602221289854205,0.9622280049738737,96,5.0,17,9
16,2,0.7505611389657029,0.9591159753478684,96,5.0,17,9
16,3,0.8378047002781536,0.9766737081426823,96,5.0,17,9
16,4,0.7474550576622132,0.9580536509365558,96,5.0,17,9
16,5,0.814358374614629,0.9742856174923129,96,5.0,17,9
16,6,0.811798157192733,0.9739211149611053,96,5.0,17,9
16,7,0.8476575115233974,0.977166087171896,96,5.0,17,9
16,8,0.8263763027241153,0.9757236702449117,96,5.0,17,9
16,9,0.7966632037610729,0.97134906906393,96,5.0,17,9
16,10,0.7625961602370356,0.9629482212415081,96,5.0,17,9
16,11,0.8236744295539764,0.9754395830236708,96,5.0,17,9
16,12,0.7430893352228366,0.9565096894836328,96,5.0,17,9
16,13,0.7947980922648252,0.9709827110144703,96,5.0,17,9
16,14,0.8871502494174521,0.976103459509175,96,5.0,17,9
16,15,0.8561346344886381,0.9773476282970174,96,5.0,17,9
16,16,0.8093440053293602,0.9735525403789689,96,5.0,17,9
16,17,0.7570315318598257,0.9612324034209128,96,5.0,17,9
16,18,0.8186728043376423,0.9748536596621783,96,5.0,17,9
16,19,0.8161332563711521,0.9745263227403279,96,5.0,17,9
16,20,0.8215138617524678,0.9751960433307734,96,5.0,17,9
16,21,0.7585935978428799,0.9617237975782479,96,5.0,17,9
16,22,0.7917304032927938,0.970356558291553,96,5.0,17,9
16,23,0.8039365726227315,0.9726741978547855,96,5.0,17,9
16,24,0.7211947352663101,0.9478707587322371,96,5.0,17,9
16,25,0.7574941524127587,0.9613787268681452,96,5.0,17,9
16,26,0.861008166990288,0.9773506259828391,96,5.0,17,9
16,27,0.793784993619518,0.9707791682097667,96,5.0,17,9
16,28,1.2316646818500678,0.7607164432066549,96,5.0,17,9
16,29,0.9788700506009099,0.9548853622599052,96,5.0,17,9
16,30,0.7457650553253898,0.9574630176655631,96,5.0,17,9
16,31,0.7986496234343023,0.9717273354208578,96,5.0,17,9
16,32,0.8043806754178502,0.9727497687467714,96,5.0,17,9
16,33,0.7591039814654406,0.9618827059096355,96,5.0,17,9
16,34,0.9170857446559735,0.9720598894092353,96,5.0,17,9
16,35,0.9498776899205177,0.9644257454505891,96,5.0,17,9
16,36,0.8060227140469255,0.9730238497993069,96,5.0,17,9
16,37,0.9386383697371782,0.9674197256110515,96,5.0,17,9
16,38,0.7661898604786571,0.9640050385417095,96,5.0,17,9
16,39,0.8673739984705992,0.9772430699458077,96,5.0,17,9
16,40,0.8187296357194843,0.9748607550933752,96,5.0,17,9
16,41,0.8172858134995751,0.9746773730450426,96,5.0,17,9
16,42,0.9981060681553753,0.9471100633338368,96,5.0,17,9
16,43,0.7567802040751838,0.9611526307482079,96,5.0,17,9
16,44,0.8031987631760169,0.9725472896613424,96,5.0,17,9
16,45,0.6990812566918227,0.9376292636809277,96,5.0,17,9
16,46,0.8907355846060007,0.9757663571382758,96,5.0,17,9
16,47,0.8643766544696846,0.9773094429470989,96,5.0,17,9
16,48,0.7575553691331733,0.961398039301127,96,5.0,17,9
16,49,0.9341495703951028,0.9685054765835508,96,5.0,17,9
96,0,0.7995040034499492,0.9718862503065852,96,5.0,17,9
0,0,1.0,0.7647196722478593,96,8.0,17,7
4,0,0.8141433490197868,0.9526774379701672,96,8.0,17,7
4,1,1.1877706329098814,0.3951494498631837,96,8.0,17,7
4,2,0.7968243814944745,0.9611802333058297,96,8.0,17,7
4,3,0.7580388560454099,0.9746490421714686,96,8.0,17,7
4,4,0.7934373367401026,0.9626634970950275,96,8.0,17,7
4,5,0.798633572512141,0.9603638706684591,96,8.0,17,7
4,6,0.7780098249103519,0.9686761664625455,96,8.0,17,7
4,7,0.6031300436044276,0.9515976849762628,96,8.0,17,7
4,8,0.7182297565654328,0.9804601924267856,96,8.0,17,7
4,9,0.7626075060377258,0.9734628785563136,96,8.0,17,7
4,10,0.8002882777098721,0.9596025372822722,96,8.0,17,7
4,11,0.9443723592692098,0.8395296155598053,96,8.0,17,7
4,12,0.7048882128942521,0.9805916270669438,96,8.0,17,7
4,13,0.8694917838842965,0.915203172908237,96,8.0,17,7
4,14,0.7203722248176994,0.9803541240273442,96,8.0,17,7
4,15,0.7174253915691615,0.9804939439428659,96,8.0,17,7
4,16,0.8677184716667127,0.9166471313910518,96,8.0,17,7
4,17,1.0312436826045526,0.7157508297824461,96,8.0,17,7
4,18,0.6767927770293459,0.9778868079037382,96,8.0,17,7
4,19,0.7183173866262489,0.9804563152405736,96,8.0,17,7
4,20,0.7406609038445534,0.9781841302947959,96,8.0,17,7
4,21,0.7312168920074276,0.9794565231730887,96,8.0,17,7
4,22,0.6593159962827053,0.974164474442401,96,8.0,17,7
4,23,0.9110948109821412,0.8767052724826934,96,8.0,17,7
4,24,1.0289745502434295,0.7194756704694152,96,8.0,17,7
4,25,0.8310259272820653,0.9429100860737958,96,8.0,17,7
4,26,1.132747187142285,0.5221533904740505,96,8.0,17,7
4,27,0.692779220360264,0.9799216397519019,96,8.0,17,7
4,28,0.5873082474202336,0.9423251086926554,96,8.0,17,7
4,29,0.5862983639144342,0.9416897192926663,96,8.0,17,7
4,30,0.7235259815385858,0.9801552111941766,96,8.0,17,7
4,31,0.6663710438071391,0.9758554171014333,96,8.0,17,7
4,32,0.7868797788594513,0.9653681855847365,96,8.0,17,7
4,33,0.8031877590241555,0.9582346610487569,96,8.0,17,7
4,34,0.7738845484861525,0.9700773588922484,96,8.0,17,7
4,35,0.7392066861410314,0.9784098143425096,96,8.0,17,7
4,36,0.9386402488194172,0.8463375617774431,96,8.0,17,7
4,37,0.6491549320717331,0.9712810638112658,96,8.0,17,7
4,38,0.6918954914840598,0.97984333665628,96,8.0,17,7
4,39,0.975666110600085,0.7993949855367444,96,8.0,17,7
4,40,0.7561859432079424,0.975099642520507,96,8.0,17,7
4,41,0.7483843780233487,0.9768039632132556,96,8.0,17,7
4,42,0.7319226724651035,0.9793772282625297,96,8.0,17,7
4,43,0.7308386312752192,0.9794979708436147,96,8.0,17,7
4,44,0.7155170482932266,0.9805607606563734,96,8.0,17,7
4,45,0.6972339755802449,0.9802554477826404,96,8.0,17,7
4,46,0.7151755713364433,0.9805707491773863,96,8.0,17,7
4,47,0.6216024534685276,0.9608012434059692,96,8.0,17,7
4,48,0.7980319458798304,0.9606372037544064,96,8.0,17,7
4,49,0.7675379699662083,0.9720628277663051,96,8.0,17,7
8,0,0.8445443010877739,0.9340365447054239,96,8.0,17,7
8,1,0.7081356353575701,0.9806435873876199,96,8.0,17,7
8,2,0.8029639340913249,0.9583417877914292,96,8.0,17,7
8,3,0.7659055740308958,0.9725401499826796,96,8.0,17,7
8,4,0.7705186752840933,0.971156036094797,96,8.0,17,7
8,5,0.6763959584644622,0.9778196487652405,96,8.0,17,7
8,6,0.6713195132452117,0.9768893318187555,96,8.0,17,7
8,7,0.8144222195712595,0.9525279570700279,96,8.0,17,7
8,8,0.8527171652526436,0.9282177979094872,96,8.0,17,7
8,9,0.8626154223547882,0.9207125316408288,96,8.0,17,7
8,10,0.887676369517305,0.899466485475119,96,8.0,17,7
8,11,0.7177465827732137,0.9804808640753327,96,8.0,17,7
8,12,0.7428938869081204,0.9778165008349065,96,8.0,17,7
8,13,0.6826549025008345,0.9787849686912641,96,8.0,17,7
8,14,0.7342813325903875,0.9790937196721394,96,8.0,17,7
8,15,0.7524735956686773,0.9759495165332293,96,8.0,17,7
8,16,0.7198020662145971,0.980384647130029,96,8.0,17,7
8,17,0.8094501198507331,0.9551333508762181,96,8.0,17,7
8,18,0.7934124318111352,0.9626741859013069,96,8.0,17,7
8,19,0.7100471829645576,0.980648916521744,96,8.0,17,7
8,20,0.8837679688775741,0.9029916626147682,96,8.0,17,7
8,21,0.7062531437527609,0.9806200472782425,96,8.0,17,7
8,22,0.8302076172963261,0.9434171832428415,96,8.0,17,7
8,23,0.7677432891309723,0.9720018248815006,96,8.0,17,7
8,24,0.7815497342959999,0.9674043070106328,96,8.0,17,7
8,25,0.7848642140426856,0.9661552576617319,96,8.0,17,7
8,26,0.747566023300917,0.9769646736567508,96,8.0,17,7
8,27,0.757484450038753,0.9747857090515057,96,8.0,17,7
8,28,1.0805680772410118,0.6282660068259336,96,8.0,17,7
8,29,0.7604915613576643,0.9740255351442086,96,8.0,17,7
8,30,0.7409673075974569,0.9781351970416856,96,8.0,17,7
8,31,0.7170134097825791,0.9805099474857102,96,8.0,17,7
8,32,0.7098099356905772,0.9806492724353717,96,8.0,17,7
8,33,0.7616544706710647,0.9737191412215667,96,8.0,17,7
8,34,0.6896751422293609,0.9796289504352107,96,8.0,17,7
8,35,0.6718921642221528,0.9770008820216193,96,8.0,17,7
8,36,0.7428368308245082,0.9778262122815546,96,8.0,17,7
8,37,0.7654032405402025,0.972684288882197,96,8.0,17,7
8,38,0.68051067305184,0.9784768594329699,96,8.0,17,7
8,39,0.65443448302468,0.9728452498823209,96,8.0,17,7
8,40,0.7530544346264179,0.9758212024693239,96,8.0,17,7
8,41,0.7064027360545919,0.9806225818031468,96,8.0,17,7
8,42,0.705664874667958,0.980608968631865,96,8.0,17,7
8,43,0.8047863715475587,0.9574620741754739,96,8.0,17,7
8,44,0.8046453790695828,0.9575307401901095,96,8.0,17,7
8,45,0.7314259489740251,0.9794333014350342,96,8.0,17,7
8,46,0.8435972421701464,0.9346886916735186,96,8.0,17,7
8,47,0.7542279494763366,0.9755566867429534,96,8.0,17,7
8,48,0.7690955620632053,0.9715946533166422,96,8.0,17,7
8,49,0.7592774285838423,0.974338033571871,96,8.0,17,7
16,0,0.7316327237264664,0.9794101129899548,96,8.0,17,7
16,1,0.684701772717106,0.9790571174653575,96,8.0,17,7
16,2,0.7273425451144081,0.9798463620079356,96,8.0,17,7
16,3,0.8357520836294396,0.9399142310260447,96,8.0,17,7
16,4,0.7659202013474922,0.9725359334736666,96,8.0,17,7
16,5,0.7748508195841015,0.9697569726390295,96,8.0,17,7
16,6,0.7176867390871214,0.9804833411449501,96,8.0,17,7
16,7,0.8063759056064802,0.9566808960133004,96,8.0,17,7
16,8,0.7876941824887407,0.9650442607339671,96,8.0,17,7
16,9,0.7731797240605551,0.9703080408083613,96,8.0,17,7
16,10,0.7497798953041162,0.9765219957189618,96,8.0,17,7
16,11,0.7181198367187627,0.9804650002097747,96,8.0,17,7
16,12,0.7494674762859224,0.9765859873290877,96,8.0,17,7
16,13,0.684737069973505,0.9790616223080564,96,8.0,17,7
16,14,0.8175658356429674,0.9508153532222207,96,8.0,17,7
16,15,0.6856828162043459,0.9791799477526435,96,8.0,17,7
16,16,0.744700456810938,0.9775003841449432,96,8.0,17,7
16,17,0.728198995920495,0.9797668050867229,96,8.0,17,7
16,18,0.8422042554414161,0.9356395572842703,96,8.0,17,7
16,19,0.7269233843374016,0.9798839290596671,96,8.0,17,7
16,20,0.7197360870465997,0.9803880717917492,96,8.0,17,7
16,21,0.7442009795487301,0.9775894555750415,96,8.0,17,7
16,22,0.7050869622149426,0.9805963589752511,96,8.0,17,7
16,23,0.7823952791375534,0.967091013117475,96,8.0,17,7
16,24,0.8155684685329762,0.9519093581378847,96,8.0,17,7
16,25,0.831302715234207,0.9427377875094519,96,8.0,17,7
16,26,0.6629551417429961,0.9750685359765939,96,8.0,17,7
16,27,0.6937872836738239,0.9800060754138782,96,8.0,17,7
16,28,0.8787342246597003,0.9074165607553165,96,8.0,17,7
16,29,0.7866944527572245,0.9654414235781448,96,8.0,17,7
16,30,0.7462454879710956,0.9772167697564592,96,8.0,17,7
16,31,0.7830533506066326,0.9668446482677643,96,8.0,17,7
16,32,0.804880440159481,0.9574162043442077,96,8.0,17,7
16,33,0.721389396182517,0.9802955352504643,96,8.0,17,7
16,34,0.7530004645458079,0.9758331979113825,96,8.0,17,7
16,35,0.7097872438122298,0.9806492913706313,96,8.0,17,7
16,36,0.723856161053479,0.9801314401161164,96,8.0,17,7
16,37,0.6968169966158136,0.9802285143458086,96,8.0,17,7
16,38,0.6928379767282316,0.9799267040539023,96,8.0,17,7
16,39,0.7959793220190988,0.961555805598007,96,8.0,17,7
16,40,0.7317905541688625,0.9793922659509473,96,8.0,17,7
16,41,0.7264388618769154,0.9799262327277627,96,8.0,17,7
16,42,0.6893104512172386,0.9795913231790494,96,8.0,17,7
16,43,0.7469823461092526,0.9770772017375529,96,8.0,17,7
16,44,0.7510520859444494,0.9762562547257025,96,8.0,17,7
16,45,0.7389446482624907,0.9784493289358412,96,8.0,17,7
16,46,0.7652016143896642,0.9727417797065541,96,8.0,17,7
16,47,0.8045894929788677,0.9575579295985707,96,8.0,17,7
16,48,0.7339720237490628,0.9791325217196175,96,8.0,17,7
16,49,0.7050565147344457,0.9805956471926888,96,8.0,17,7
96,0,0.7487693266385623,0.9767271797650634,96,8.0,17,7
0,0,1.0,0.8355047103226775,96,8.0,17,8
4,0,0.7532752903823857,0.9686617441995808,96,8.0,17,8
4,1,0.8366152045177973,0.9491276256157698,96,8.0,17,8
4,2,0.899864991323749,0.9169768244051344,96,8.0,17,8
4,3,0.7111343212704857,0.9686580316349511,96,8.0,17,8
4,4,0.7190367779340235,0.9691643235862063,96,8.0,17,8
4,5,0.6443662345727059,0.9550640307345787,96,8.0,17,8
4,6,0.8747920495696778,0.9315104474052183,96,8.0,17,8
4,7,0.6557442215815684,0.9585582630551192,96,8.0,17,8
4,8,0.7704586456001234,0.966758379982951,96,8.0,17,8
4,9,0.8922092190921347,0.9216636893819092,96,8.0,17,8
4,10,0.8656394325047907,0.9362304366539875,96,8.0,17,8
4,11,0.6879616319429522,0.9658278113783343,96,8.0,17,8
4,12,0.8190781044267889,0.9553945592071197,96,8.0,17,8
4,13,0.9709451206362396,0.8630035872083495,96,8.0,17,8
4,14,0.659163212796571,0.9595137149913843,96,8.0,17,8
4,15,0.7406264360970529,0.9693577112829754,96,8.0,17,8
4,16,0.6927604140889159,0.9665786782968943,96,8.0,17,8
4,17,0.7781261348294123,0.9655530102946249,96,8.0,17,8
4,18,0.8237152949711609,0.9538492267202655,96,8.0,17,8
4,19,0.6690409552636447,0.9620286621929313,96,8.0,17,8
4,20,0.8781996597920797,0.9296731699325632,96,8.0,17,8
4,21,0.7329512263248434,0.9694885253935889,96,8.0,17,8
4,22,0.7578804955135786,0.96825987637724,96,8.0,17,8
4,23,0.8239058830410911,0.9537839943383468,96,8.0,17,8
4,24,0.6059262542759724,0.9396804803178069,96,8.0,17,8
4,25,1.0088888868154189,0.8264616061954362,96,8.0,17,8
4,26,0.9405008983892887,0.8884325345160611,96,8.0,17,8
4,27,0.7213245561851379,0.9692673325210596,96,8.0,17,8
4,28,0.7029976926159005,0.9678928712537345,96,8.0,17,8
4,29,0.761961220026059,0.9678375428918858,96,8.0,17,8
4,30,0.7755820917960344,0.9659773036547336,96,8.0,17,8
4,31,0.7977222468603569,0.9614740558160004,96,8.0,17,8
4,32,0.8739511086570477,0.9319571803440527,96,8.0,17,8
4,33,0.9025722881833913,0.915266990359607,96,8.0,17,8
4,34,0.7608594475702946,0.9679577036609608,96,8.0,17,8
4,35,0.7937617636907326,0.9624141502626469,96,8.0,17,8
4,36,0.6611127360309401,0.9600389604193968,96,8.0,17,8
4,37,0.812720881998968,0.9573824813200673,96,8.0,17,8
4,38,0.8237509704673852,0.9538370264322188,96,8.0,17,8
4,39,0.801124646444344,0.960619620642895,96,8.0,17,8
4,40,0.7909577752985603,0.9630442856421353,96,8.0,17,8
4,41,0.8382889538974497,0.9484694217874038,96,8.0,17,8
4,42,0.854921937354338,0.9413594886783394,96,8.0,17,8
4,43,0.6836998386464188,0.9650888109177858,96,8.0,17,8
4,44,0.8838479668744197,0.9265321961577384,96,8.0,17,8
4,45,1.0094577892977863,0.8258727792199247,96,8.0,17,8
4,46,0.6834280506192807,0.9650393800308867,96,8.0,17,8
4,47,0.8556039471782528,0.9410458900406189,96,8.0,17,8
4,48,0.7523211325238242,0.9687350954287,96,8.0,17,8
4,49,0.6966072657718444,0.9671184481439392,96,8.0,17,8
8,0,0.6370651512374558,0.9525669935404345,96,8.0,17,8
8,1,0.668157587452889,0.9618185971415467,96,8.0,17,8
8,2,0.7919059880054312,0.9628344836640332,96,8.0,17,8
8,3,0.8604818651637605,0.9387522688685818,96,8.0,17,8
8,4,0.8185865206235754,0.9555536670503129,96,8.0,17,8
8,5,0.8564336556836983,0.9406620334584286,96,8.0,17,8
8,6,0.7010883487403077,0.9676774756235732,96,8.0,17,8
8,7,0.6428772138712906,0.9545709438181826,96,8.0,17,8
8,8,0.8980377543329783,0.9181153604476683,96,8.0,17,8
8,9,0.8059784105206012,0.959325825306925,96,8.0,17,8
8,10,0.7348351067912761,0.9694768042863687,96,8.0,17,8
8,11,0.725170844315782,0.9693964269102965,96,8.0,17,8
8,12,0.7545803685797122,0.968555906186121,96,8.0,17,8
8,13,0.7229216710573655,0.9693276495956027,96,8.0,17,8
8,14,0.7804339389373917,0.9651471932542908,96,8.0,17,8
8,15,0.7765457323240962,0.9658194343283738,96,8.0,17,8
8,16,0.9169965071574991,0.905695399863379,96,8.0,17,8
8,17,0.798719150729508,0.9612281872079326,96,8.0,17,8
8,18,0.8632407779641021,0.9374156433190142,96,8.0,17,8
8,19,0.8155896709488702,0.9565041031911775,96,8.0,17,8
8,20,0.7313897180374033,0.9694881874623127,96,8.0,17,8
8,21,0.6220950286752399,0.9468240641877826,96,8.0,17,8
8,22,0.7868380094342484,0.9639168117366028,96,8.0,17,8
8,23,0.8653301298536167,0.9363844747461256,96,8.0,17,8
8,24,0.8214179850885315,0.954624844422389,96,8.0,17,8
8,25,0.7008145039063823,0.9676454656448319,96,8.0,17,8
8,26,0.7204714267832473,0.9692312068380409,96,8.0,17,8
8,27,0.8293390355034891,0.9518672991317619,96,8.0,17,8
8,28,0.8307056969307016,0.9513678060290144,96,8.0,17,8
8,29,0.6857722401791662,0.965456646612596,96,8.0,17,8
8,30,0.8243581143071427,0.9536286663896126,96,8.0,17,8
8,31,0.6734135434430001,0.9630255191773901,96,8.0,17,8
8,32,0.9384277548119822,0.8900381844895626,96,8.0,17,8
8,33,0.8179840624163291,0.9557474292656777,96,8.0,17,8
8,34,0.7882339739958634,0.96362826530187,96,8.0,17,8
8,35,0.7386118976451898,0.9694133558437311,96,8.0,17,8
8,36,0.8818011050513695,0.9276842129776506,96,8.0,17,8
8,37,0.8416801917945015,0.9471037167703169,96,8.0,17,8
8,38,0.7462583036304011,0.9691216802844531,96,8.0,17,8
8,39,0.9052512052410628,0.9135481169388726,96,8.0,17,8
8,40,0.7521836517463828,0.9687453838682626,96,8.0,17,8
8,41,0.7885313654041174,0.9635658533493392,96,8.0,17,8
8,42,0.7946998171986073,0.962196783769636,96,8.0,17,8
8,43,0.7054921525224082,0.9681537473481386,96,8.0,17,8
8,44,0.6771106791451204,0.9638126366624868,96,8.0,17,8
8,45,0.702078317137551,0.9677908560300265,96,8.0,17,8
8,46,0.7256676517252587,0.9694090695027882,96,8.0,17,8
8,47,0.7211254641293183,0.969259145309822,96,8.0,17,8
8,48,0.7805487442976503,0.9651264855216216,96,8.0,17,8
8,49,0.6821448952805876,0.9648022804196194,96,8.0,17,8
16,0,0.76222077151099,0.9678085756072495,96,8.0,17,8
16,1,0.7048914791712754,0.9680930532799069,96,8.0,17,8
16,2,0.7168384253920439,0.969046912369545,96,8.0,17,8
16,3,0.6729616588114748,0.9629258097908705,96,8.0,17,8
16,4,0.6872744805910714,0.9657132484326498,96,8.0,17,8
16,5,0.749218217060831,0.9689501092790437,96,8.0,17,8
16,6,0.7383746504475612,0.9694189106806559,96,8.0,17,8
16,7,0.659994006608047,0.959739286318581,96,8.0,17,8
16,8,0.7268077736392883,0.9694345955053039,96,8.0,17,8
16,9,0.773236987224654,0.966346993178886,96,8.0,17,8
16,10,0.7483192925513273,0.9690056773097094,96,8.0,17,8
16,11,0.7051130009466309,0.9681155935377435,96,8.0,17,8
16,12,0.7472539191748022,0.9690676240347191,96,8.0,17,8
16,13,0.6743776006752671,0.9632356898402719,96,8.0,17,8
16,14,0.7237420493744559,0.9693549262225639,96,8.0,17,8
16,15,0.7612544116923637,0.9679151500064295,96,8.0,17,8
16,16,0.8175869972998095,0.9558743914698824,96,8.0,17,8
16,17,0.8176376179121038,0.9558582382192097,96,8.0,17,8
16,18,0.6785171281728881,0.9640986556369951,96,8.0,17,8
16,19,0.6963356945475941,0.9670821570552481,96,8.0,17,8
16,20,0.7587689670572267,0.9681732241484775,96,8.0,17,8
16,21,0.7044007019421891,0.9680424625319903,96,8.0,17,8
16,22,0.7336783098892644,0.9694855733263743,96,8.0,17,8
16,23,0.8013009011770659,0.9605741796249412,96,8.0,17,8
16,24,0.7760988811809026,0.9658930716639861,96,8.0,17,8
16,25,0.7753575716125733,0.9660135873967947,96,8.0,17,8
16,26,0.6652752111259571,0.9611128846445566,96,8.0,17,8
16,27,0.82062279561179,0.9548887210489793,96,8.0,17,8
16,28,0.7384781185268253,0.9694165139746377,96,8.0,17,8
16,29,0.7298308672386745,0.969478760699516,96,8.0,17,8
16,30,0.7332156183689993,0.9694876805174296,96,8.0,17,8
16,31,0.7254489329374616,0.9694036172754781,96,8.0,17,8
16,32,0.686112575400787,0.9655155191398477,96,8.0,17,8
16,33,0.7532541613794855,0.9686634053376676,96,8.0,17,8
16,34,0.816660349449928,0.9561683964902522,96,8.0,17,8
16,35,0.741327700751153,0.9693347824808405,96,8.0,17,8
16,36,0.6779728416529142,0.9639888450616976,96,8.0,17,8
16,37,0.7162678843726038,0.9690134884767787,96,8.0,17,8
16,38,0.8518006437914405,0.9427725245199851,96,8.0,17,8
16,39,0.6966809594792298,0.9671282485669864,96,8.0,17,8
16,40,0.7901907652814834,0.9632115362559787,96,8.0,17,8
16,41,0.705655035679154,0.9681699732094435,96,8.0,17,8
16,42,0.7421618998783593,0.9693051136926224,96,8.0,17,8
16,43,0.7235828025131453,0.9693498281858146,96,8.0,17,8
16,44,0.7939128526363709,0.9623793619986784,96,8.0,17,8
16,45,0.780583806644488,0.9651201514184183,96,8.0,17,8
16,46,0.67723036735613,0.963837264544887,96,8.0,17,8
16,47,0.6782250983152338,0.9640398758565065,96,8.0,17,8
16,48,0.7297769285253524,0.9694782719619244,96,8.0,17,8
16,49,0.7915758059237574,0.9629079212230339,96,8.0,17,8
96,0,0.722643917193975,0.9693178446462446,96,8.0,17,8
0,0,1.0,0.7505233342683195,96,8.0,17,9
4,0,0.7297153506988886,0.9725182547884201,96,8.0,17,9
4,1,0.894657139607905,0.8779261061779784,96,8.0,17,9
4,2,0.830413360260215,0.9299898533495069,96,8.0,17,9
4,3,0.7109733726339966,0.975166853844726,96,8.0,17,9
4,4,0.844468869844627,0.9202588475019218,96,8.0,17,9
4,5,0.7996762535767873,0.9480306677924466,96,8.0,17,9
4,6,0.6951823163859647,0.9761154251681213,96,8.0,17,9
4,7,0.5933517671679154,0.9540519467694873,96,8.0,17,9
4,8,0.6177383458269184,0.9637792120409253,96,8.0,17,9
4,9,0.8917910878972893,0.8806626637981687,96,8.0,17,9
4,10,0.6569585981671291,0.9735538565921663,96,8.0,17,9
4,11,0.8192431358589333,0.9370603371142765,96,8.0,17,9
4,12,0.7478158388221559,0.9683913145976428,96,8.0,17,9
4,13,0.7512669088753776,0.9674294742905419,96,8.0,17,9
4,14,0.6621974469832689,0.9743115071342199,96,8.0,17,9
4,15,0.7614892107550261,0.9642515814830844,96,8.0,17,9
4,16,0.5863730168477038,0.9507532743880441,96,8.0,17,9
4,17,0.7328267120801556,0.9719185854436381,96,8.0,17,9
4,18,0.8186588122126028,0.9374140399160408,96,8.0,17,9
4,19,0.6924286231954868,0.9761606911914996,96,8.0,17,9
4,20,0.842902568285939,0.9213892649609037,96,8.0,17,9
4,21,0.9125755076632738,0.8599410945606176,96,8.0,17,9
4,22,0.6969456524110325,0.9760676988761109,96,8.0,17,9
4,23,0.6198438635912226,0.9644878188360881,96,8.0,17,9
4,24,0.5762013817235742,0.9455349711090393,96,8.0,17,9
4,25,0.6568961959138548,0.9735440535544271,96,8.0,17,9
4,26,0.6847477032734313,0.9760983825054785,96,8.0,17,9
4,27,0.9182744843793855,0.8539042488980639,96,8.0,17,9
4,28,0.7043030927008259,0.9757106778835473,96,8.0,17,9
4,29,0.6015562845639398,0.9576369170440884,96,8.0,17,9
4,30,0.632890690333852,0.968413573376376,96,8.0,17,9
4,31,0.8390726044884897,0.924104766676557,96,8.0,17,9
4,32,0.6624740567557924,0.9743479213902425,96,8.0,17,9
4,33,1.0972624384102798,0.5865293362208155,96,8.0,17,9
4,34,0.7859114495206668,0.954668547490059,96,8.0,17,9
4,35,0.6184125345491832,0.9640083789950741,96,8.0,17,9
4,36,0.6975624742348399,0.9760475498262122,96,8.0,17,9
4,37,0.9294940352529328,0.8415729346805094,96,8.0,17,9
4,38,0.7166464893844329,0.9745395726995069,96,8.0,17,9
4,39,0.6156056853169147,0.9630402045213748,96,8.0,17,9
4,40,0.7319658220070488,0.972089067710314,96,8.0,17,9
4,41,0.7624917499778375,0.9639134369645411,96,8.0,17,9
4,42,0.6025441382476329,0.9580471954765067,96,8.0,17,9
4,43,0.8523449935545947,0.9143995842248918,96,8.0,17,9
4,44,0.7763816594516384,0.9587418507766117,96,8.0,17,9
4,45,0.8072688271089185,0.9439877357488882,96,8.0,17,9
4,46,0.9222211657124647,0.8496340182852813,96,8.0,17,9
4,47,0.6821984809519904,0.9760163447171079,96,8.0,17,9
4,48,0.7363888496834219,0.9711761052868318,96,8.0,17,9
4,49,0.8450477895759069,0.9198381126644768,96,8.0,17,9
8,0,0.7524931434678784,0.967074218733906,96,8.0,17,9
8,1,0.6138119339704178,0.962402064784741,96,8.0,17,9
8,2,0.6333382467348259,0.9685340322168775,96,8.0,17,9
8,3,0.6337231147511199,0.9686368648427205,96,8.0,17,9
8,4,0.644746339714829,0.9712862804242285,96,8.0,17,9
8,5,0.606612309072902,0.9596884067429358,96,8.0,17,9
8,6,0.6624439468373671,0.9743439750367181,96,8.0,17,9
8,7,0.6896646999279841,0.9761702447285038,96,8.0,17,9
8,8,0.623467707363147,0.9656585651731577,96,8.0,17,9
8,9,0.7186259147547934,0.974285066843287,96,8.0,17,9
8,10,0.6494179727053805,0.972236592525752,96,8.0,17,9
8,11,0.5567216694100422,0.9341824215892537,96,8.0,17,9
8,12,0.8313001672650444,0.9294033691916959,96,8.0,17,9
8,13,0.7479331392651043,0.9683595421076991,96,8.0,17,9
8,14,0.6355171936952067,0.9691070260601784,96,8.0,17,9
8,15,0.6796976532124381,0.9759061502586768,96,8.0,17,9
8,16,0.6563707844992916,0.9734607877762006,96,8.0,17,9
8,17,0.718550683778958,0.9742950767603678,96,8.0,17,9
8,18,0.6869244495790204,0.9761442297741059,96,8.0,17,9
8,19,0.7754944472334513,0.9590993258254001,96,8.0,17,9
8,20,0.6730432453414491,0.9754695976501288,96,8.0,17,9
8,21,0.7011304908627279,0.9758958664658652,96,8.0,17,9
8,22,0.8170366216986866,0.9383875627738518,96,8.0,17,9
8,23,0.6677236815936418,0.9749707516065036,96,8.0,17,9
8,24,0.8559377748647117,0.9116298689361083,96,8.0,17,9
8,25,0.5906955183795098,0.9528234214461279,96,8.0,17,9
8,26,0.6035228040160175,0.9584491298612501,96,8.0,17,9
8,27,0.8043126068605735,0.9455941263991158,96,8.0,17,9
8,28,0.6334821797631325,0.9685725711768594,96,8.0,17,9
8,29,0.724648666657095,0.9733972948187367,96,8.0,17,9
8,30,0.7661593052421718,0.9626361161765522,96,8.0,17,9
8,31,0.7926454678866305,0.9515325573292878,96,8.0,17,9
8,32,0.7888297937363603,0.9533356922302667,96,8.0,17,9
8,33,0.631666005091526,0.9680791335447185,96,8.0,17,9
8,34,0.847524790546672,0.9180201216725314,96,8.0,17,9
8,35,0.6367129492126381,0.9694119775308379,96,8.0,17,9
8,36,0.6605099412802424,0.9740815574615671,96,8.0,17,9
8,37,0.6517078806272211,0.9726649032976444,96,8.0,17,9
8,38,0.6498724145171355,0.9723235550813075,96,8.0,17,9
8,39,0.6665454068669184,0.9748422445101491,96,8.0,17,9
8,40,0.6504977969936631,0.9724416402117008,96,8.0,17,9
8,41,0.6567584032947619,0.9735223422180702,96,8.0,17,9
8,42,0.7421331444811504,0.9698530060691615,96,8.0,17,9
8,43,0.665312806073827,0.9747008207515048,96,8.0,17,9
8,44,0.6630462077748853,0.974422099574155,96,8.0,17,9
8,45,0.7053405651086443,0.9756398427796333,96,8.0,17,9
8,46,0.6690816969102343,0.9751107581340539,96,8.0,17,9
8,47,0.6395373546837081,0.9701055659092984,96,8.0,17,9
8,48,0.6179318307678976,0.9638451993321339,96,8.0,17,9
8,49,0.6817242554706169,0.9759977100133467,96,8.0,17,9
16,0,0.6062466219709711,0.9595440641330946,96,8.0,17,9
16,1,0.7068149859328903,0.9755304605597009,96,8.0,17,9
16,2,0.6234996714699471,0.9656686168047012,96,8.0,17,9
16,3,0.7291029385357474,0.9726309227686768,96,8.0,17,9
16,4,0.7755716562580068,0.9590683639509074,96,8.0,17,9
16,5,0.6544255392679784,0.9731412030016954,96,8.0,17,9
16,6,0.7069891186316046,0.9755168668444851,96,8.0,17,9
16,7,0.7505718839913613,0.9676276899928685,96,8.0,17,9
16,8,0.7070855215174755,0.9755092797660003,96,8.0,17,9
16,9,0.6622296180992422,0.97431576079843,96,8.0,17,9
16,10,0.710748284150004,0.9751886184578428,96,8.0,17,9
16,11,0.717921268645533,0.9743777805928391,96,8.0,17,9
16,12,0.6607314436911115,0.9741125047168351,96,8.0,17,9
16,13,0.7891988918732914,0.9531642642621306,96,8.0,17,9
16,14,0.6426694158112315,0.970830811534877,96,8.0,17,9
16,15,0.7037568506482077,0.9757459380648359,96,8.0,17,9
16,16,0.6410086704575292,0.9704520059950897,96,8.0,17,9
16,17,0.7494214699078241,0.9679507841463441,96,8.0,17,9
16,18,0.666764698350531,0.9748666560523798,96,8.0,17,9
16,19,0.6961283190371328,0.9760916399213861,96,8.0,17,9
16,20,0.6742053958153048,0.9755608562628485,96,8.0,17,9
16,21,0.6412128179842759,0.9704992703853275,96,8.0,17,9
16,22,0.6721514336605755,0.9753952578511195,96,8.0,17,9
16,23,0.7523492679487004,0.9671162676660235,96,8.0,17,9
16,24,0.6942126722603159,0.976135434536217,96,8.0,17,9
16,25,0.6807140315322273,0.9759544849318748,96,8.0,17,9
16,26,0.6512761721859134,0.9725860427529254,96,8.0,17,9
16,27,0.7404419384632117,0.9702586736430813,96,8.0,17,9
16,28,0.6542104471346437,0.9731047721931796,96,8.0,17,9
16,29,0.7264108543588113,0.9731052661865985,96,8.0,17,9
16,30,0.6584234174643416,0.9737787079103146,96,8.0,17,9
16,31,0.7824313016223968,0.9562055964488178,96,8.0,17,9
16,32,0.6660367754933267,0.9747847525258789,96,8.0,17,9
16,33,0.6689014053367245,0.9750926702930677,96,8.0,17,9
16,34,0.7066122787963541,0.975546105220894,96,8.0,17,9
16,35,0.8021068078444248,0.946765953351473,96,8.0,17,9
16,36,0.7168453523011917,0.9745148368691755,96,8.0,17,9
16,37,0.667827503672982,0.9749817616554615,96,8.0,17,9
16,38,0.6784110622742425,0.9758379941482964,96,8.0,17,9
16,39,0.6414747653298342,0.9705596293761035,96,8.0,17,9
16,40,0.6971320238193082,0.9760617996325941,96,8.0,17,9
16,41,0.6618857580098647,0.9742700434596478,96,8.0,17,9
16,42,0.641868686080432,0.9706497903582331,96,8.0,17,9
16,43,0.6819291487058627,0.9760058911359442,96,8.0,17,9
16,44,0.6600869948450108,0.974021824119442,96,8.0,17,9
16,45,0.6331309770736373,0.9684783632130084,96,8.0,17,9
16,46,0.6524624826215336,0.9728006408820814,96,8.0,17,9
16,47,0.7144608774623737,0.9747991713248789,96,8.0,17,9
16,48,0.6798216795359107,0.9759123088235346,96,8.0,17,9
16,49,0.6497223627296386,0.9722949484447688,96,8.0,17,9
96,0,0.6786633506080612,0.9758519728603329,96,8.0,17,9
0,0,1.0,0.9207086230368756,96,5.0,18,7
4,0,1.0231944616220523,0.9125168675376154,96,5.0,18,7
4,1,0.8981812497242899,0.937152822880745,96,5.0,18,7
4,2,0.7624898512154659,0.9096549123570536,96,5.0,18,7
4,3,0.6952990951142031,0.8751381432742407,96,5.0,18,7
4,4,0.9079761713125821,0.9369528891207379,96,5.0,18,7
4,5,1.0264396131204923,0.91123920294549,96,5.0,18,7
4,6,0.7029989717791209,0.8797959956974978,96,5.0,18,7
4,7,0.9546492371949457,0.9319593493089225,96,5.0,18,7
4,8,0.848152254876013,0.9335851970747602,96,5.0,18,7
4,9,0.8730948730021555,0.9363232496272633,96,5.0,18,7
4,10,0.7673138004963799,0.9116004051817026,96,5.0,18,7
4,11,0.8299441615409451,0.9303817827662147,96,5.0,18,7
4,12,0.8758125239617167,0.9365063237036896,96,5.0,18,7
4,13,0.7323415658567024,0.8958795923228449,96,5.0,18,7
4,14,1.078248127283092,0.8864682966779205,96,5.0,18,7
4,15,1.5139823836032087,0.35241761772837155,96,5.0,18,7
4,16,0.8498474816579944,0.9338317125421427,96,5.0,18,7
4,17,1.029117900405808,0.9101603972476551,96,5.0,18,7
4,18,0.9095874524069262,0.9368918212701258,96,5.0,18,7
4,19,0.8603542016421754,0.9351630100526591,96,5.0,18,7
4,20,0.8454149028167172,0.9331685351085968,96,5.0,18,7
4,21,0.8683226285784998,0.9359469654534702,96,5.0,18,7
4,22,0.8939432689072581,0.9371481461584419,96,5.0,18,7
4,23,0.8898393143988038,0.9370911277149463,96,5.0,18,7
4,24,0.8985406824707924,0.9371506859401435,96,5.0,18,7
4,25,0.9160414736111357,0.9365674030765959,96,5.0,18,7
4,26,1.162180404046514,0.8288702292527368,96,5.0,18,7
4,27,0.8354468670478115,0.9314570866836559,96,5.0,18,7
4,28,0.9365129930722336,0.9346932600852481,96,5.0,18,7
4,29,1.0151326235782192,0.9155511728033802,96,5.0,18,7
4,30,0.9041372314595588,0.937066306007254,96,5.0,18,7
4,31,0.7934608153450234,0.9209038663832961,96,5.0,18,7
4,32,0.8495053416730131,0.933782669231888,96,5.0,18,7
4,33,0.9044607370198133,0.937058492094537,96,5.0,18,7
4,34,0.9402785143778764,0.9342086017937421,96,5.0,18,7
4,35,0.7483924813989798,0.9035604883908187,96,5.0,18,7
4,36,0.9423130123457624,0.933928650441481,96,5.0,18,7
4,37,1.1775398482626949,0.8159916352783552,96,5.0,18,7
4,38,1.0550921525729415,0.8985569854494965,96,5.0,18,7
4,39,1.105753302701227,0.8699726325472323,96,5.0,18,7
4,40,0.7401810921318279,0.8997297644626905,96,5.0,18,7
4,41,0.5883531610886219,0.7916451655195997,96,5.0,18,7
4,42,0.9995637471750464,0.9208468916983865,96,5.0,18,7
4,43,0.8503819847736335,0.9339076113080778,96,5.0,18,7
4,44,0.9251414033875105,0.9358929739374036,96,5.0,18,7
4,45,0.8035737845370368,0.9239399721725853,96,5.0,18,7
4,46,0.9582513756380915,0.9312962941955271,96,5.0,18,7
4,47,0.8215859643291086,0.9285708500240756,96,5.0,18,7
4,48,0.9923797020122911,0.9230399119012934,96,5.0,18,7
4,49,0.8897657682544491,0.9370896348342066,96,5.0,18,7
8,0,0.9820212266894278,0.9259233599281855,96,5.0,18,7
8,1,1.063844943408833,0.894180838487541,96,5.0,18,7
8,2,0.8095613714449127,0.9255897520867913,96,5.0,18,7
8,3,0.9480578483404792,0.9330696274227928,96,5.0,18,7
8,4,0.909092632209071,0.9369114220695363,96,5.0,18,7
8,5,0.9330119310617729,0.9351048737122567,96,5.0,18,7
8,6,0.9163713499070769,0.936547390387381,96,5.0,18,7
8,7,0.8813707379082945,0.9368102252361151,96,5.0,18,7
8,8,0.88739506503629,0.9370326286021848,96,5.0,18,7
8,9,1.156320906282996,0.8335926750118806,96,5.0,18,7
8,10,1.0655904233600668,0.8932800525612603,96,5.0,18,7
8,11,0.9202000791126497,0.9362906997233568,96,5.0,18,7
8,12,1.0266009416370865,0.9111748429007435,96,5.0,18,7
8,13,0.8937942348969338,0.9371469792550718,96,5.0,18,7
8,14,0.9437794938546914,0.9337189876602067,96,5.0,18,7
8,15,0.9816429149376401,0.9260224413739343,96,5.0,18,7
8,16,1.0030691091726534,0.919719385757352,96,5.0,18,7
8,17,1.004405088791525,0.9192797487725488,96,5.0,18,7
8,18,0.9027493066631579,0.9370961878582335,96,5.0,18,7
8,19,0.9112459444738678,0.9368206496344685,96,5.0,18,7
8,20,0.9381117787996788,0.9344927924977919,96,5.0,18,7
8,21,0.9541369063436177,0.932050423420262,96,5.0,18,7
8,22,1.1384082397277318,0.8473764587517083,96,5.0,18,7
8,23,0.9561392246735272,0.9316899085476792,96,5.0,18,7
8,24,1.0566985753665217,0.8977714211383566,96,5.0,18,7
8,25,0.9308519378273478,0.9353400723170386,96,5.0,18,7
8,26,0.8445217514575315,0.9330276138068507,96,5.0,18,7
8,27,0.852000053846323,0.9341320348518658,96,5.0,18,7
8,28,0.9216969403578673,0.9361781228836541,96,5.0,18,7
8,29,0.9057044862940897,0.9370254620703103,96,5.0,18,7
8,30,0.9242452937514931,0.935970659397104,96,5.0,18,7
8,31,0.787673844317464,0.9190254322902839,96,5.0,18,7
8,32,0.9282114122545412,0.9356081604926109,96,5.0,18,7
8,33,0.8257318747831937,0.929495901436862,96,5.0,18,7
8,34,0.92284502164027,0.9360871215113293,96,5.0,18,7
8,35,0.8908376972951798,0.9371097526050379,96,5.0,18,7
8,36,0.757797176101915,0.9076938911104571,96,5.0,18,7
8,37,0.8713889238511038,0.9361967583265453,96,5.0,18,7
8,38,0.965783947521865,0.9297811581862981,96,5.0,18,7
8,39,0.9119305235401948,0.9367888126675069,96,5.0,18,7
8,40,0.8023328925250729,0.9235843124262313,96,5.0,18,7
8,41,0.8980602965704121,0.9371534528988172,96,5.0,18,7
8,42,0.7645182731594321,0.9104816665677831,96,5.0,18,7
8,43,0.9568522440141701,0.9315585618741893,96,5.0,18,7
8,44,1.0635100779666324,0.8943525836507885,96,5.0,18,7
8,45,0.8300021971881434,0.9303936081994435,96,5.0,18,7
8,46,1.0056622746090644,0.9188610423958974,96,5.0,18,7
8,47,0.8221739947053223,0.9287052613233103,96,5.0,18,7
8,48,1.0304168214874208,0.9096292751899536,96,5.0,18,7
8,49,0.9710623225604282,0.928615763903397,96,5.0,18,7
16,0,0.9343357948712047,0.9349536486187376,96,5.0,18,7
16,1,0.8572845115108957,0.9348090546662879,96,5.0,18,7
16,2,0.8363915265134743,0.9316323478966295,96,5.0,18,7
16,3,0.8424542880613838,0.9326920249352035,96,5.0,18,7
16,4,0.9244375956686439,0.9359541958870893,96,5.0,18,7
16,5,0.9165369933751261,0.9365372154069481,96,5.0,18,7
16,6,0.9072005519668311,0.9369794467491732,96,5.0,18,7
16,7,0.9379819734524982,0.9345093608093836,96,5.0,18,7
16,8,0.9662775269151757,0.9296758034550042,96,5.0,18,7
16,9,0.8552533050160417,0.9345589576087278,96,5.0,18,7
16,10,0.9240331991027643,0.9359886859140492,96,5.0,18,7
16,11,0.865318831732507,0.9356743082843763,96,5.0,18,7
16,12,0.9646162314864348,0.9300274333468449,96,5.0,18,7
16,13,0.9745867925414268,0.9277900396246085,96,5.0,18,7
16,14,1.0044294763022883,0.9192716725957096,96,5.0,18,7
16,15,0.886161670529309,0.936996154662984,96,5.0,18,7
16,16,0.9516825638770293,0.9324755540555039,96,5.0,18,7
16,17,0.9249088386060011,0.9359133720254483,96,5.0,18,7
16,18,0.9157282692643711,0.9365860955101906,96,5.0,18,7
16,19,0.9735162362906729,0.9280448808676456,96,5.0,18,7
16,20,0.9561416659159347,0.9316894615013521,96,5.0,18,7
16,21,1.001169910584864,0.92033494333767,96,5.0,18,7
16,22,1.1259004125860952,0.8564178416148721,96,5.0,18,7
16,23,0.9235432869002449,0.9360297976141181,96,5.0,18,7
16,24,0.8138202936599352,0.9266963189573283,96,5.0,18,7
16,25,0.9700715345949612,0.9288410298232705,96,5.0,18,7
16,26,0.8182909473731587,0.9277980617988164,96,5.0,18,7
16,27,0.9592777680430734,0.9311000795965596,96,5.0,18,7
16,28,0.9014424345016219,0.9371189250352504,96,5.0,18,7
16,29,0.8154028061344587,0.9270933191463814,96,5.0,18,7
16,30,0.9327693058092742,0.935132006088665,96,5.0,18,7
16,31,0.8948915491152241,0.9371539755748557,96,5.0,18,7
16,32,0.9571160520903521,0.9315095701748936,96,5.0,18,7
16,33,0.9184949489801691,0.9364105690890595,96,5.0,18,7
16,34,0.9189106654033133,0.9363821663891106,96,5.0,18,7
16,35,0.9115863818409043,0.9368049969175393,96,5.0,18,7
16,36,0.8063921970645694,0.9247302336060232,96,5.0,18,7
16,37,0.8980513095147347,0.9371534979199292,96,5.0,18,7
16,38,0.8566650178413635,0.9347341189291476,96,5.0,18,7
16,39,0.9535102623773019,0.932160724010402,96,5.0,18,7
16,40,0.967417112459892,0.929429704915107,96,5.0,18,7
16,41,0.8970846938003464,0.9371568943547097,96,5.0,18,7
16,42,0.8886557841171943,0.9370650895667705,96,5.0,18,7
16,43,1.0312427509066464,0.9092888661940557,96,5.0,18,7
16,44,1.1005238456656352,0.8732874965224765,96,5.0,18,7
16,45,0.826105184697508,0.9295766091272889,96,5.0,18,7
16,46,0.9897154499995287,0.9238129792390427,96,5.0,18,7
16,47,0.9147086857882244,0.9366448620751452,96,5.0,18,7
16,48,0.8700942091751787,0.9360948023382935,96,5.0,18,7
16,49,0.9417266399989433,0.9340106384722805,96,5.0,18,7
96,0,0.90544744388419,0.9370326771624018,96,5.0,18,7
0,0,1.0,0.9525551309920882,96,5.0,18,8
4,0,0.8727959102425789,0.948701817351061,96,5.0,18,8
4,1,0.960958973563014,0.9551402838724949,96,5.0,18,8
4,2,0.8128855954423595,0.9346157487646192,96,5.0,18,8
4,3,0.8991773300833227,0.9524126025225688,96,5.0,18,8
4,4,0.9308351178161797,0.9548542337605332,96,5.0,18,8
4,5,0.7481959523284577,0.9105826408683226,96,5.0,18,8
4,6,1.272816119061562,0.8413568527078903,96,5.0,18,8
4,7,0.9603276716473069,0.9551546703308842,96,5.0,18,8
4,8,0.9040599774954886,0.9529322894302678,96,5.0,18,8
4,9,0.7338209580873956,0.903997988027172,96,5.0,18,8
4,10,0.7901316864362097,0.92720688086989,96,5.0,18,8
4,11,1.0322379357321678,0.9479050463488065,96,5.0,18,8
4,12,0.9152131905049342,0.9539236053240411,96,5.0,18,8
4,13,0.8277167035216468,0.9388346905225681,96,5.0,18,8
4,14,1.036601737945259,0.9471007577444579,96,5.0,18,8
4,15,0.8938442642511687,0.9517853367993141,96,5.0,18,8
4,16,0.8282123893740141,0.9389673797105311,96,5.0,18,8
4,17,0.8188855841554419,0.9363805422358276,96,5.0,18,8
4,18,0.9411956803183574,0.9551767571473126,96,5.0,18,8
4,19,0.8476982125472066,0.94375728898079,96,5.0,18,8
4,20,1.019471066088846,0.9500186890870975,96,5.0,18,8
4,21,0.9762703946865368,0.9545241456164093,96,5.0,18,8
4,22,0.71013158924848,0.8921596861854553,96,5.0,18,8
4,23,0.946258631966172,0.9552488859207764,96,5.0,18,8
4,24,0.9183211979578764,0.9541513303904549,96,5.0,18,8
4,25,0.9479443278707129,0.955260447949173,96,5.0,18,8
4,26,0.7463119968720341,0.9097454307808382,96,5.0,18,8
4,27,0.9677697393447454,0.9549295921665286,96,5.0,18,8
4,28,0.8272108554588578,0.9386987264504977,96,5.0,18,8
4,29,1.1582403554247778,0.9079040395876992,96,5.0,18,8
4,30,1.0504679674056985,0.9442683745720606,96,5.0,18,8
4,31,0.8464392700387744,0.9434729406692556,96,5.0,18,8
4,32,0.843588651071577,0.9428162680855758,96,5.0,18,8
4,33,1.1187206864582293,0.9241913410155526,96,5.0,18,8
4,34,0.6746830030026587,0.8721501432941783,96,5.0,18,8
4,35,0.9672088665281616,0.9549507800420498,96,5.0,18,8
4,36,0.9651625598437292,0.9550222424635578,96,5.0,18,8
4,37,0.8893491481208508,0.9512082683901699,96,5.0,18,8
4,38,0.7735456731072305,0.9210920744878791,96,5.0,18,8
4,39,0.8405327096434345,0.9420925383844141,96,5.0,18,8
4,40,0.9228998794905835,0.9544482858971458,96,5.0,18,8
4,41,0.885890196866896,0.950734102342368,96,5.0,18,8
4,42,0.9688571633324958,0.9548865509029936,96,5.0,18,8
4,43,0.8223219755064667,0.9373558009574118,96,5.0,18,8
4,44,0.8406861925945509,0.942129374951739,96,5.0,18,8
4,45,0.9841693803612397,0.9540055932583762,96,5.0,18,8
4,46,0.9464655631283829,0.955250640211078,96,5.0,18,8
4,47,1.043813527415992,0.9456801759584571,96,5.0,18,8
4,48,0.8849401102733466,0.9505992753980739,96,5.0,18,8
4,49,0.7829385556588787,0.9246289315763825,96,5.0,18,8
8,0,0.9104777974133287,0.9535359835470332,96,5.0,18,8
8,1,0.7185862052861653,0.8965257130226023,96,5.0,18,8
8,2,0.8883322402882233,0.9510715852480771,96,5.0,18,8
8,3,0.9940520013696323,0.9531644556813134,96,5.0,18,8
8,4,0.9165956422553055,0.9540275094804835,96,5.0,18,8
8,5,0.8571767937449349,0.9457867373303273,96,5.0,18,8
8,6,0.9467434464234384,0.9552528485340703,96,5.0,18,8
8,7,0.8604230243070765,0.9464365661938451,96,5.0,18,8
8,8,0.9512301734896514,0.9552651031757979,96,5.0,18,8
8,9,0.6852216467404053,0.8783862228657038,96,5.0,18,8
8,10,0.9375083952623008,0.9550889078287174,96,5.0,18,8
8,11,1.0002970081611402,0.9525226744940349,96,5.0,18,8
8,12,0.8010643076469012,0.9309081075436565,96,5.0,18,8
8,13,0.9745854429784938,0.9546170821663277,96,5.0,18,8
8,14,0.9887281811102494,0.9536441486333329,96,5.0,18,8
8,15,0.8184688956923635,0.9362605272179061,96,5.0,18,8
8,16,1.0218090613897939,0.9496583086983966,96,5.0,18,8
8,17,1.109789173762767,0.9273985926975026,96,5.0,18,8
8,18,0.8720830559427711,0.9485804053678435,96,5.0,18,8
8,19,0.8225240438480682,0.9374123437770229,96,5.0,18,8
8,20,0.9639698880971453,0.955059664985712,96,5.0,18,8
8,21,0.8447287566648616,0.9430810391801535,96,5.0,18,8
8,22,0.9187801465838801,0.9541831657424517,96,5.0,18,8
8,23,0.9449093300833559,0.9552351484090107,96,5.0,18,8
8,24,0.8801892660026998,0.9498954342470443,96,5.0,18,8
8,25,1.1246767094791361,0.9219555053464604,96,5.0,18,8
8,26,1.0278034063618893,0.9486796608086159,96,5.0,18,8
8,27,0.9717298987609139,0.9547603919318435,96,5.0,18,8
8,28,0.970657326683132,0.9548096085554187,96,5.0,18,8
8,29,0.9342540543650532,0.9549866445218627,96,5.0,18,8
8,30,0.897841781571119,0.9522613619436562,96,5.0,18,8
8,31,0.7618501229019009,0.9164181677982897,96,5.0,18,8
8,32,0.7833334177215593,0.9247733848491237,96,5.0,18,8
8,33,0.9575134634224453,0.9552081878151865,96,5.0,18,8
8,34,0.8819479458336758,0.9501617443775625,96,5.0,18,8
8,35,1.2030905717645748,0.8852776451494797,96,5.0,18,8
8,36,0.9187699755041462,0.9541824652137105,96,5.0,18,8
8,37,0.7709770789241687,0.9200912467597732,96,5.0,18,8
8,38,0.9325037346375834,0.9549220541017281,96,5.0,18,8
8,39,1.0281976001696935,0.9486125472857514,96,5.0,18,8
8,40,0.9470023883280848,0.9552547541658246,96,5.0,18,8
8,41,0.8960124353422418,0.9520478648307017,96,5.0,18,8
8,42,0.8650344017642342,0.9473200051136508,96,5.0,18,8
8,43,0.8455954535611118,0.9432804115916561,96,5.0,18,8
8,44,0.8883065904311978,0.9510681083638269,96,5.0,18,8
8,45,0.9782927202732412,0.9544043935744606,96,5.0,18,8
8,46,0.992815031502181,0.9532814444100781,96,5.0,18,8
8,47,0.9320804649546409,0.9549054274702964,96,5.0,18,8
8,48,1.0206748090056956,0.9498346378245514,96,5.0,18,8
8,49,0.9256915005202462,0.9546068168432301,96,5.0,18,8
16,0,0.9120714458534935,0.9536719145081253,96,5.0,18,8
16,1,0.8179979927484958,0.9361244397574005,96,5.0,18,8
16,2,0.9262619672943905,0.9546371130704613,96,5.0,18,8
16,3,0.8736977424656742,0.9488538216735696,96,5.0,18,8
16,4,0.8818604747509806,0.9501486589877929,96,5.0,18,8
16,5,0.8303898908203396,0.939543898985118,96,5.0,18,8
16,6,0.8602645558686639,0.9464053796902987,96,5.0,18,8
16,7,0.8171070335039057,0.935865630917191,96,5.0,18,8
16,8,0.9712475180182953,0.9547828383626901,96,5.0,18,8
16,9,0.8818614073496763,0.950148798589873,96,5.0,18,8
16,10,0.9263081188761141,0.9546395329270032,96,5.0,18,8
16,11,0.884191849135094,0.9504916984334298,96,5.0,18,8
16,12,0.9158418242963671,0.953971371755841,96,5.0,18,8
16,13,0.7845821848450723,0.9252279773195085,96,5.0,18,8
16,14,0.9329283197587481,0.9549383383421325,96,5.0,18,8
16,15,0.7485475059797576,0.9107380073358482,96,5.0,18,8
16,16,0.9081706440690341,0.9533293421889388,96,5.0,18,8
16,17,0.8298400880567431,0.9393993118243792,96,5.0,18,8
16,18,0.8561938048521439,0.9455854122807505,96,5.0,18,8
16,19,0.9097940402547735,0.9534759575742826,96,5.0,18,8
16,20,0.8532462861528932,0.9449690517732493,96,5.0,18,8
16,21,0.8802954589034289,0.9499117067237997,96,5.0,18,8
16,22,0.911272117813228,0.9536044304882245,96,5.0,18,8
16,23,0.8366974901611839,0.9411553236062205,96,5.0,18,8
16,24,0.8070141336133434,0.9328124583475111,96,5.0,18,8
16,25,0.8448009369264616,0.9430977060928765,96,5.0,18,8
16,26,0.8379356852959594,0.9414614220771216,96,5.0,18,8
16,27,0.8427840740070426,0.9426277053096153,96,5.0,18,8
16,28,0.8832135309522692,0.9503491972928941,96,5.0,18,8
16,29,0.903383735842458,0.9528634271422307,96,5.0,18,8
16,30,0.9033179811864729,0.9528566778790151,96,5.0,18,8
16,31,0.8624520913173123,0.9468310266667779,96,5.0,18,8
16,32,0.8190341952234567,0.9364232533784821,96,5.0,18,8
16,33,0.8525038986499194,0.9448108112457746,96,5.0,18,8
16,34,0.7679452728684144,0.9188913464218081,96,5.0,18,8
16,35,0.9039860920093855,0.9529248143239185,96,5.0,18,8
16,36,0.8431323448171247,0.9427095009250973,96,5.0,18,8
16,37,0.8677425202932729,0.9478171228656911,96,5.0,18,8
16,38,0.8626204119833495,0.9468633441433376,96,5.0,18,8
16,39,0.873717442602,0.9488571222696756,96,5.0,18,8
16,40,0.8978759660909216,0.9522652817747899,96,5.0,18,8
16,41,0.9295160726944305,0.9547963077299474,96,5.0,18,8
16,42,0.8397331037950475,0.94189979531103,96,5.0,18,8
16,43,1.1028276141655768,0.92977733230692,96,5.0,18,8
16,44,0.8493451154321555,0.9441240244587916,96,5.0,18,8
16,45,0.9403572143166353,0.955159395500492,96,5.0,18,8
16,46,0.985460049512131,0.9539078798891927,96,5.0,18,8
16,47,0.7587012995325838,0.9151086327617945,96,5.0,18,8
16,48,0.8958251820256613,0.9520255977381133,96,5.0,18,8
16,49,0.7749871733057897,0.9216474132668712,96,5.0,18,8
96,0,0.8810239619471254,0.9500226732999275,96,5.0,18,8
0,0,1.0,0.9202061032079943,96,5.0,18,9
4,0,1.0204332913646972,0.9134879462427162,96,5.0,18,9
4,1,0.7088037677703776,0.8910200330551248,96,5.0,18,9
4,2,0.7664535096638718,0.9153335902516835,96,5.0,18,9
4,3,1.1365823878054186,0.8534603934484398,96,5.0,18,9
4,4,0.8830699227994229,0.9365388893838517,96,5.0,18,9
4,5,0.7967415418375191,0.9244407256652598,96,5.0,18,9
4,6,1.14257341904773,0.8493567642166704,96,5.0,18,9
4,7,0.7753833130819751,0.9182812081763013,96,5.0,18,9
4,8,0.9455099659093108,0.9325012171807258,96,5.0,18,9
4,9,0.8842413834611911,0.9365619463430112,96,5.0,18,9
4,10,0.7816904299130798,0.9202308095782481,96,5.0,18,9
4,11,0.8926503999464276,0.9366165461944332,96,5.0,18,9
4,12,0.7692003719141436,0.9162636766316071,96,5.0,18,9
4,13,0.8527917651163355,0.9346320260468781,96,5.0,18,9
4,14,0.9106576291843003,0.9360786052003542,96,5.0,18,9
4,15,1.1444575025925041,0.848045812164733,96,5.0,18,9
4,16,0.7325571692689952,0.9021463746620793,96,5.0,18,9
4,17,0.7931238285116329,0.9234857655238718,96,5.0,18,9
4,18,0.7781288613765407,0.9191433500919649,96,5.0,18,9
4,19,0.780024104751525,0.9197263754901965,96,5.0,18,9
4,20,0.7700117895408835,0.9165344474813217,96,5.0,18,9
4,21,-0.12033707073268299,-0.470901784841143,96,5.0,18,9
4,22,0.8287098861734873,0.9313131970922617,96,5.0,18,9
4,23,0.8856516386080268,0.9365846909990356,96,5.0,18,9
4,24,0.8559498955581848,0.9349488297570184,96,5.0,18,9
4,25,1.1314893336833627,0.856871226469979,96,5.0,18,9
4,26,0.8990623223698867,0.9365273523394945,96,5.0,18,9
4,27,0.7647120175331957,0.9147331610620594,96,5.0,18,9
4,28,0.9032722300893795,0.9364072291467146,96,5.0,18,9
4,29,0.7462025145602686,0.9078354531255516,96,5.0,18,9
4,30,0.6896449720718701,0.8809140237108294,96,5.0,18,9
4,31,0.7895596330940127,0.9225096926026214,96,5.0,18,9
4,32,1.0000313001167467,0.9201966913278827,96,5.0,18,9
4,33,0.9088961550409335,0.936170622429983,96,5.0,18,9
4,34,0.7637581526155542,0.9144007494227504,96,5.0,18,9
4,35,0.9684759239568145,0.928315872819936,96,5.0,18,9
4,36,0.927669430859092,0.9347502643393285,96,5.0,18,9
4,37,0.8266513246446168,0.930955416422163,96,5.0,18,9
4,38,0.8906869193661595,0.9366212200739232,96,5.0,18,9
4,39,1.2087220315296499,0.7974780587536782,96,5.0,18,9
4,40,0.8943593684892328,0.9366038379971081,96,5.0,18,9
4,41,0.8217824007064761,0.9300627566383057,96,5.0,18,9
4,42,0.8564114122646522,0.9349928264234874,96,5.0,18,9
4,43,0.8905635305513473,0.9366211593001359,96,5.0,18,9
4,44,0.8522495850894566,0.934574876033249,96,5.0,18,9
4,45,1.0421863379044647,0.9050725233394271,96,5.0,18,9
4,46,0.8507625313595482,0.9344139747131817,96,5.0,18,9
4,47,0.8608908211083994,0.9353893819839971,96,5.0,18,9
4,48,0.84921188111536,0.9342397074404492,96,5.0,18,9
4,49,0.9912569598928641,0.9227295062874972,96,5.0,18,9
8,0,0.9074098245101158,0.9362416208516404,96,5.0,18,9
8,1,0.7903078881301113,0.92271750673909,96,5.0,18,9
8,2,0.7955086048899936,0.9241193177177386,96,5.0,18,9
8,3,0.7772758729857706,0.9188777217998161,96,5.0,18,9
8,4,0.936886652385764,0.9336977279534839,96,5.0,18,9
8,5,0.7712152359128114,0.9169327005650787,96,5.0,18,9
8,6,0.7672505794579866,0.915605617263598,96,5.0,18,9
8,7,0.8718075772315169,0.9361244400213687,96,5.0,18,9
8,8,0.7596952833834877,0.9129568234188382,96,5.0,18,9
8,9,0.8241245421073847,0.9305003079274163,96,5.0,18,9
8,10,1.000523620805833,0.9200482966264137,96,5.0,18,9
8,11,0.8821313475070235,0.9365176897200703,96,5.0,18,9
8,12,0.9963632733562511,0.9212812950292205,96,5.0,18,9
8,13,0.8709990996931072,0.9360812534319842,96,5.0,18,9
8,14,0.806420098411317,0.9268183910765401,96,5.0,18,9
8,15,0.8170799225912608,0.929138649474106,96,5.0,18,9
8,16,1.014139233764346,0.915679851911673,96,5.0,18,9
8,17,0.7837053139391456,0.9208305491723637,96,5.0,18,9
8,18,0.8421598615396688,0.9333636601114842,96,5.0,18,9
8,19,0.8554080701720552,0.934896428804374,96,5.0,18,9
8,20,0.8131289995471455,0.9283151670164607,96,5.0,18,9
8,21,0.8349939095778989,0.9323331962641039,96,5.0,18,9
8,22,1.0760043824887837,0.8894024175154679,96,5.0,18,9
8,23,0.8425254702249182,0.933412443816152,96,5.0,18,9
8,24,1.0319527871585674,0.9091937832660207,96,5.0,18,9
8,25,0.9912300048666136,0.9227369605665453,96,5.0,18,9
8,26,0.882195645260486,0.9365192194063954,96,5.0,18,9
8,27,0.8732109494395063,0.9361951309351266,96,5.0,18,9
8,28,1.0792551259486887,0.8877302449775445,96,5.0,18,9
8,29,0.8331616151053801,0.9320470144624996,96,5.0,18,9
8,30,1.1060683745095667,0.8728278343081735,96,5.0,18,9
8,31,0.7824595504424054,0.9204610609301229,96,5.0,18,9
8,32,0.8272619733374089,0.9310627651695828,96,5.0,18,9
8,33,1.010717760881087,0.9168256172143819,96,5.0,18,9
8,34,0.7607786116026917,0.913346277207982,96,5.0,18,9
8,35,0.8503940176142774,0.9343731596295921,96,5.0,18,9
8,36,0.8072832579216928,0.9270179109936474,96,5.0,18,9
8,37,0.8942555893571001,0.9366048390512782,96,5.0,18,9
8,38,0.8121036318196789,0.9280944272789611,96,5.0,18,9
8,39,0.9467698381766296,0.9323092643428805,96,5.0,18,9
8,40,0.8266676829929395,0.9309583055151,96,5.0,18,9
8,41,0.7784734767188861,0.9192500982515985,96,5.0,18,9
8,42,0.8995207886852928,0.9365166384727316,96,5.0,18,9
8,43,0.8101734289774636,0.9276710421629949,96,5.0,18,9
8,44,0.9106394224594531,0.93607959999173,96,5.0,18,9
8,45,0.7847327112683267,0.9211320557781448,96,5.0,18,9
8,46,0.8450811621468904,0.9337431753582123,96,5.0,18,9
8,47,0.9098327950800106,0.9361227570959597,96,5.0,18,9
8,48,0.7778859311741524,0.9190679034575294,96,5.0,18,9
8,49,0.8737757830094851,0.9362220523686169,96,5.0,18,9
16,0,0.8463556654809877,0.9339013881810985,96,5.0,18,9
16,1,0.8269796193895876,0.9310132564795481,96,5.0,18,9
16,2,0.8086986237315018,0.927340634069713,96,5.0,18,9
16,3,0.8112695467153883,0.9279127314530653,96,5.0,18,9
16,4,0.925631285941769,0.934951423887973,96,5.0,18,9
16,5,0.906812970718616,0.936268419416874,96,5.0,18,9
16,6,0.8037563572217025,0.9261897319276291,96,5.0,18,9
16,7,0.8757750007401839,0.9363102832957281,96,5.0,18,9
16,8,0.8544844730426482,0.9348052427113976,96,5.0,18,9
16,9,0.9119209547539717,0.936007349932388,96,5.0,18,9
16,10,0.8844401277910436,0.936565483177584,96,5.0,18,9
16,11,0.9295342708985336,0.9345561894656632,96,5.0,18,9
16,12,0.8181749086499601,0.9293592686679483,96,5.0,18,9
16,13,0.9087837671981529,0.9361762035047,96,5.0,18,9
16,14,0.8551552399115866,0.9348717005219296,96,5.0,18,9
16,15,0.838243022598598,0.9328179386292424,96,5.0,18,9
16,16,0.8080128444119737,0.9271849556534757,96,5.0,18,9
16,17,0.9121069504418147,0.9359964881227372,96,5.0,18,9
16,18,0.8352784485463055,0.9323768085401498,96,5.0,18,9
16,19,0.9416149823186571,0.9330670118389104,96,5.0,18,9
16,20,0.9617493294598396,0.9296921177564708,96,5.0,18,9
16,21,0.9759096937276462,0.9266500258348936,96,5.0,18,9
16,22,0.898251909103533,0.9365448751698864,96,5.0,18,9
16,23,0.789869601736884,0.9225959677464038,96,5.0,18,9
16,24,0.9415950491323684,0.9330697999499751,96,5.0,18,9
16,25,0.7995107022204392,0.9251473467961302,96,5.0,18,9
16,26,0.8989807182584506,0.9365291986673356,96,5.0,18,9
16,27,0.793997282467273,0.9237196291905899,96,5.0,18,9
16,28,0.989860061132551,0.9231131772149473,96,5.0,18,9
16,29,0.9000908330959476,0.9365025100043523,96,5.0,18,9
16,30,0.9050927552347084,0.9363401693643385,96,5.0,18,9
16,31,0.8821249029084618,0.9365175357711485,96,5.0,18,9
16,32,0.7804655302421599,0.919860749281831,96,5.0,18,9
16,33,0.9789111140130755,0.925934314058077,96,5.0,18,9
16,34,0.8581638869469902,0.935154549438583,96,5.0,18,9
16,35,0.7671062339632548,0.9155564841914212,96,5.0,18,9
16,36,0.8569605689253827,0.935044413779475,96,5.0,18,9
16,37,0.8310037175219623,0.931698123699026,96,5.0,18,9
16,38,0.906415672250268,0.9362857142518904,96,5.0,18,9
16,39,0.8099352978139288,0.9276180978499761,96,5.0,18,9
16,40,0.8158530415189542,0.9288875342276944,96,5.0,18,9
16,41,0.7945192068154361,0.9238583696571773,96,5.0,18,9
16,42,0.8445081876522385,0.9336705908206478,96,5.0,18,9
16,43,0.9593536940226461,0.9301521737106854,96,5.0,18,9
16,44,0.7874826749154448,0.9219247773645969,96,5.0,18,9
16,45,0.8087303421390772,0.9273478031191166,96,5.0,18,9
16,46,0.8278978792947341,0.9311734627280889,96,5.0,18,9
16,47,0.9381155860115654,0.9335397198424044,96,5.0,18,9
16,48,0.7650656597296951,0.9148557649935674,96,5.0,18,9
16,49,0.8074196933529099,0.9270492603864496,96,5.0,18,9
96,0,0.8340612408180093,0.9321886800093433,96,5.0,18,9
0,0,1.0,0.8027882454122992,96,8.0,18,7
4,0,0.8308509089683556,0.914754637393864,96,8.0,18,7
4,1,0.704785307215314,0.9185835232937329,96,8.0,18,7
4,2,0.8151099097246778,0.9189479587520124,96,8.0,18,7
4,3,0.9036307611051748,0.8815836366853279,96,8.0,18,7
4,4,3.050242623470557,-10.289003482379076,96,8.0,18,7
4,5,0.8671694597333844,0.901034638489427,96,8.0,18,7
4,6,0.6934893627953591,0.9156071328742901,96,8.0,18,7
4,7,0.7815693503469492,0.9243467971479381,96,8.0,18,7
4,8,0.6687957344370963,0.9071992941131755,96,8.0,18,7
4,9,0.7823620701900309,0.9242747345915662,96,8.0,18,7
4,10,0.8328162265474818,0.9141566407136067,96,8.0,18,7
4,11,0.7036304386092727,0.9183042799201537,96,8.0,18,7
4,12,0.7081830344544272,0.9193719899411998,96,8.0,18,7
4,13,0.6787264271788387,0.9108941991786424,96,8.0,18,7
4,14,0.8979551864077473,0.8849851853349662,96,8.0,18,7
4,15,0.862808080125899,0.9029804062915077,96,8.0,18,7
4,16,0.8149450893814417,0.918986257525175,96,8.0,18,7
4,17,0.6961401389123131,0.9163546172034359,96,8.0,18,7
4,18,0.805740225667559,0.9209406504958154,96,8.0,18,7
4,19,0.7168402655685807,0.9211576938651126,96,8.0,18,7
4,20,0.9019769779960406,0.8825890295682488,96,8.0,18,7
4,21,0.9603648805029545,0.8400061972597228,96,8.0,18,7
4,22,0.8801480538609711,0.8947629653849849,96,8.0,18,7
4,23,0.6496093112402819,0.8988654629515771,96,8.0,18,7
4,24,0.6463075917646363,0.8972724796748776,96,8.0,18,7
4,25,1.0150366144645369,0.7869099361338968,96,8.0,18,7
4,26,0.7264153546230593,0.9227592429229372,96,8.0,18,7
4,27,0.7618478616438864,0.9252740705102447,96,8.0,18,7
4,28,0.7820274634754555,0.9243054801022673,96,8.0,18,7
4,29,0.7870089325655186,0.9237982331901627,96,8.0,18,7
4,30,0.9243204526828245,0.8680166690881945,96,8.0,18,7
4,31,0.7990945663155521,0.922126315806383,96,8.0,18,7
4,32,0.9101576207815807,0.8775015011294285,96,8.0,18,7
4,33,0.8613128206837493,0.9036287604495791,96,8.0,18,7
4,34,0.7228085882325432,0.9222020201097246,96,8.0,18,7
4,35,0.8943607217728586,0.8870681750789857,96,8.0,18,7
4,36,0.32777532705347023,0.5242757737372932,96,8.0,18,7
4,37,0.7269766611590259,0.9228409561199344,96,8.0,18,7
4,38,0.6719704059845358,0.9084263767162722,96,8.0,18,7
4,39,0.7321153833665578,0.9235263713964377,96,8.0,18,7
4,40,0.84740194295097,0.9092021171331774,96,8.0,18,7
4,41,0.6612401259637448,0.9041054349185174,96,8.0,18,7
4,42,0.8594944199929223,0.9044043399690955,96,8.0,18,7
4,43,0.816768546992967,0.9185560761829016,96,8.0,18,7
4,44,0.7499480660792041,0.9250285717984856,96,8.0,18,7
4,45,0.8679901422504533,0.9006594043186766,96,8.0,18,7
4,46,0.7490000772408825,0.9249829580097719,96,8.0,18,7
4,47,0.9255980356693885,0.8671188715944687,96,8.0,18,7
4,48,0.7709076303387592,0.9250547398596578,96,8.0,18,7
4,49,0.7156977410598511,0.9209403962646224,96,8.0,18,7
8,0,0.756362269433808,0.9252361744675657,96,8.0,18,7
8,1,0.8451258634932969,0.9100352028348355,96,8.0,18,7
8,2,0.7651176447284966,0.925235413479292,96,8.0,18,7
8,3,0.9288747731234126,0.864784279620399,96,8.0,18,7
8,4,0.8826730085561134,0.8934590798707909,96,8.0,18,7
8,5,0.7782996264120592,0.9246156157774813,96,8.0,18,7
8,6,0.837155261301634,0.9127778601946798,96,8.0,18,7
8,7,0.7479713785168676,0.924929110569776,96,8.0,18,7
8,8,0.9176005185135362,0.8726240023347819,96,8.0,18,7
8,9,0.8180555950536034,0.9182438773984231,96,8.0,18,7
8,10,0.8413940277876666,0.911353155944464,96,8.0,18,7
8,11,0.7961861789101878,0.9225857612141157,96,8.0,18,7
8,12,0.785969954086345,0.9239127921308333,96,8.0,18,7
8,13,0.8673705735899007,0.9009429513637861,96,8.0,18,7
8,14,0.7936850920722163,0.92295191986341,96,8.0,18,7
8,15,0.7217777941732665,0.9220325420113723,96,8.0,18,7
8,16,0.6530114926066682,0.9004581221567154,96,8.0,18,7
8,17,0.7620660904818516,0.9252729151695849,96,8.0,18,7
8,18,0.8018724655619267,0.9216536909564517,96,8.0,18,7
8,19,1.0231220423451732,0.7779719609974303,96,8.0,18,7
8,20,0.6837287110773621,0.9125955879123673,96,8.0,18,7
8,21,0.6873624919842313,0.9137643820569006,96,8.0,18,7
8,22,0.8576004399955034,0.9051971132491404,96,8.0,18,7
8,23,0.7220006432188588,0.9220695669464182,96,8.0,18,7
8,24,1.0152938007573216,0.7866299386745514,96,8.0,18,7
8,25,0.8464815248875027,0.9095416759958751,96,8.0,18,7
8,26,0.882916896697836,0.8933316914639784,96,8.0,18,7
8,27,0.8146655556091247,0.9190509461563524,96,8.0,18,7
8,28,0.8848126505715055,0.8923328177538722,96,8.0,18,7
8,29,0.7799913124217078,0.9244822457885427,96,8.0,18,7
8,30,0.8221221368975088,0.9172108829288097,96,8.0,18,7
8,31,0.8059690023937192,0.9208964694090557,96,8.0,18,7
8,32,0.7982605751122959,0.9222617646648473,96,8.0,18,7
8,33,0.7232366601528247,0.9222710655714046,96,8.0,18,7
8,34,0.6962136440229953,0.9163749162855968,96,8.0,18,7
8,35,0.7225286728399872,0.9221564474486362,96,8.0,18,7
8,36,0.7183661426437762,0.9214391908987596,96,8.0,18,7
8,37,0.7231037014594742,0.9222497040662453,96,8.0,18,7
8,38,0.7748693631930981,0.924848465029522,96,8.0,18,7
8,39,0.7377484901156592,0.9241479156965129,96,8.0,18,7
8,40,0.8340874487147009,0.9137610377503749,96,8.0,18,7
8,41,0.7483223174222658,0.9249479893855803,96,8.0,18,7
8,42,0.691035470124619,0.9148883689797309,96,8.0,18,7
8,43,0.6622968270363488,0.9045528230467094,96,8.0,18,7
8,44,0.8208204791369113,0.9175492330864974,96,8.0,18,7
8,45,0.7308101818097861,0.9233629846990098,96,8.0,18,7
8,46,0.8786234455991307,0.8955370641058902,96,8.0,18,7
8,47,0.895048568192754,0.8866738457722033,96,8.0,18,7
8,48,0.8054480196691107,0.9209967552854423,96,8.0,18,7
8,49,0.7879591282694435,0.9236894199471313,96,8.0,18,7
16,0,0.7425620440141077,0.9245714540722993,96,8.0,18,7
16,1,0.7379053454475913,0.9241632798336251,96,8.0,18,7
16,2,0.7509763587214452,0.9250737019419497,96,8.0,18,7
16,3,0.7369221051514897,0.9240652321653363,96,8.0,18,7
16,4,0.8662680174666332,0.9014434766861356,96,8.0,18,7
16,5,0.7537960441379452,0.9251742413800855,96,8.0,18,7
16,6,0.7434916253385626,0.9246418253694881,96,8.0,18,7
16,7,0.8817435455069497,0.8939422267349345,96,8.0,18,7
16,8,0.7341361362807609,0.9237649532602124,96,8.0,18,7
16,9,0.7436068665673987,0.9246502917856605,96,8.0,18,7
16,10,0.7482436530746361,0.9249438034453294,96,8.0,18,7
16,11,0.7375167765555322,0.9241250265010799,96,8.0,18,7
16,12,0.7204731513665071,0.9218115206443614,96,8.0,18,7
16,13,0.8323826082125405,0.9142900007572872,96,8.0,18,7
16,14,0.8324955251247672,0.9142553504435739,96,8.0,18,7
16,15,0.7310486752868119,0.9233933838550342,96,8.0,18,7
16,16,0.7139224930798639,0.9205916791796774,96,8.0,18,7
16,17,0.7825522717196817,0.9242570442775628,96,8.0,18,7
16,18,0.7862262377744892,0.9238849631377525,96,8.0,18,7
16,19,0.7402728742560039,0.9243823957317251,96,8.0,18,7
16,20,0.7716372565398143,0.9250217956173036,96,8.0,18,7
16,21,0.7749697220028215,0.924842367524654,96,8.0,18,7
16,22,0.7105566046058198,0.9198934876645896,96,8.0,18,7
16,23,0.7558255903719091,0.9252255525052511,96,8.0,18,7
16,24,0.7478854440775098,0.9249244073961665,96,8.0,18,7
16,25,0.7470478625789666,0.9248769119106863,96,8.0,18,7
16,26,0.7582693348827514,0.9252639489684215,96,8.0,18,7
16,27,0.7546007108406388,0.9251966936015723,96,8.0,18,7
16,28,0.8565632754224979,0.9056247409533528,96,8.0,18,7
16,29,0.705672225439779,0.9187941030190375,96,8.0,18,7
16,30,0.7642038600630666,0.9252508224530632,96,8.0,18,7
16,31,0.7653390191977152,0.9252311428765689,96,8.0,18,7
16,32,0.8086737304285905,0.9203571612805738,96,8.0,18,7
16,33,0.7771992290759548,0.9246957965193753,96,8.0,18,7
16,34,0.7950333180388084,0.9227578650564615,96,8.0,18,7
16,35,0.8219400916027971,0.9172586394388828,96,8.0,18,7
16,36,0.7658900043165655,0.9252196032358655,96,8.0,18,7
16,37,0.8806214121948942,0.8945206009524759,96,8.0,18,7
16,38,0.7680063847327113,0.925163201539539,96,8.0,18,7
16,39,0.7368315604927503,0.9240559951498893,96,8.0,18,7
16,40,0.7878267260018905,0.9237048138569082,96,8.0,18,7
16,41,0.8079706677563929,0.9205003588674859,96,8.0,18,7
16,42,0.7592671126738607,0.9252722799438847,96,8.0,18,7
16,43,0.7051538900659426,0.9186714441140911,96,8.0,18,7
16,44,0.6399719519438642,0.8940850922969387,96,8.0,18,7
16,45,0.7541165128850144,0.9251835152260752,96,8.0,18,7
16,46,0.7550828465442602,0.925208819118325,96,8.0,18,7
16,47,0.770291711902216,0.9250807769686892,96,8.0,18,7
16,48,0.8153825756303114,0.9188843450546733,96,8.0,18,7
16,49,0.9326862574112774,0.8620108961463737,96,8.0,18,7
96,0,0.7702870186422494,0.9250809691385704,96,8.0,18,7
0,0,1.0,0.8974962726742877,96,8.0,18,8
4,0,0.8943945414341744,0.9456402163513987,96,8.0,18,8
4,1,0.762867374145398,0.957013224888277,96,8.0,18,8
4,2,0.9126027238938521,0.9398184504403525,96,8.0,18,8
4,3,0.7865925865416358,0.958946116646804,96,8.0,18,8
4,4,0.9846656912253888,0.906643395439522,96,8.0,18,8
4,5,0.728391047106326,0.9510785052008385,96,8.0,18,8
4,6,0.6967523599000262,0.9423735638507607,96,8.0,18,8
4,7,0.9518646316741819,0.9237500024203509,96,8.0,18,8
4,8,0.8264983126025257,0.9582414911043102,96,8.0,18,8
4,9,0.8956170445897937,0.9452816898819436,96,8.0,18,8
4,10,0.7398546624774859,0.9534628138167,96,8.0,18,8
4,11,0.692723229313601,0.9410411265392844,96,8.0,18,8
4,12,0.9464792006171925,0.9262382728715691,96,8.0,18,8
4,13,0.9264194888928518,0.9347114503038755,96,8.0,18,8
4,14,0.8944543682810951,0.9456227791493124,96,8.0,18,8
4,15,0.7580475358251235,0.9564062205381552,96,8.0,18,8
4,16,0.6422057794552959,0.9200422290472497,96,8.0,18,8
4,17,0.6836308271250826,0.9378483997373912,96,8.0,18,8
4,18,0.8961806591430543,0.9451148290177289,96,8.0,18,8
4,19,0.766581058625389,0.9574315522192489,96,8.0,18,8
4,20,0.9401122432922812,0.9290634762783345,96,8.0,18,8
4,21,0.7288294732340164,0.9511772233249555,96,8.0,18,8
4,22,0.8221537357158498,0.9585588887134787,96,8.0,18,8
4,23,0.9807509400280585,0.9088612056046261,96,8.0,18,8
4,24,0.8309854340869777,0.9578519440238206,96,8.0,18,8
4,25,0.7775917605085618,0.9584192837194097,96,8.0,18,8
4,26,0.6829314426378802,0.9375921477989924,96,8.0,18,8
4,27,0.8553520771113905,0.9546412930039857,96,8.0,18,8
4,28,0.7270276278218114,0.9507676840782207,96,8.0,18,8
4,29,0.7762858870745609,0.95832188140176,96,8.0,18,8
4,30,0.8661304533821652,0.9526309672000827,96,8.0,18,8
4,31,0.8187129386775331,0.9587685283322037,96,8.0,18,8
4,32,0.8285746607806589,0.9580690319955352,96,8.0,18,8
4,33,0.930909787785569,0.9329236691419208,96,8.0,18,8
4,34,0.635728892801771,0.9167748695636984,96,8.0,18,8
4,35,0.7149724775475468,0.9477674483643642,96,8.0,18,8
4,36,0.6554448492466411,0.9263142395799255,96,8.0,18,8
4,37,0.7563505804635627,0.9561752803599647,96,8.0,18,8
4,38,0.6430096815604566,0.9204386509959087,96,8.0,18,8
4,39,0.7908164187799033,0.9591063250811515,96,8.0,18,8
4,40,0.610172091380817,0.9026069949885165,96,8.0,18,8
4,41,0.8948395658544271,0.9455102419689319,96,8.0,18,8
4,42,0.8398961167335354,0.9568923865914646,96,8.0,18,8
4,43,1.1770014444874086,0.7388776653861273,96,8.0,18,8
4,44,0.8523190597134486,0.9551417369127883,96,8.0,18,8
4,45,0.9813366514110611,0.9085324221801803,96,8.0,18,8
4,46,0.7905699248129068,0.9590985029502423,96,8.0,18,8
4,47,0.842344043597114,0.9565854627058137,96,8.0,18,8
4,48,0.707773989257835,0.9457600055895854,96,8.0,18,8
4,49,0.7593016402415536,0.9565711272439053,96,8.0,18,8
8,0,0.8919986282116009,0.9463293660331923,96,8.0,18,8
8,1,0.8164884759934006,0.9588844273558949,96,8.0,18,8
8,2,0.636949159880621,0.9174004437750088,96,8.0,18,8
8,3,0.7897665792134638,0.9590716960727181,96,8.0,18,8
8,4,0.6640195735655361,0.9300851251831871,96,8.0,18,8
8,5,0.8821377152300377,0.9489774278954151,96,8.0,18,8
8,6,0.8105218264369476,0.9591191645380686,96,8.0,18,8
8,7,0.7543601370072472,0.9558929652215631,96,8.0,18,8
8,8,0.8003983202726648,0.9592636832188272,96,8.0,18,8
8,9,0.7787347882268747,0.9585001790590134,96,8.0,18,8
8,10,0.7337281561443025,0.9522395046236402,96,8.0,18,8
8,11,0.7805926030719539,0.9586229769206887,96,8.0,18,8
8,12,0.8785600812204251,0.94986327175815,96,8.0,18,8
8,13,0.7693980293352062,0.9577202102172773,96,8.0,18,8
8,14,0.6257191952963855,0.9114682477184399,96,8.0,18,8
8,15,0.9230128828148293,0.9360258581180643,96,8.0,18,8
8,16,0.8060789761799659,0.9592219060852603,96,8.0,18,8
8,17,0.8902074667316451,0.9468328842299748,96,8.0,18,8
8,18,0.7546210908410248,0.9559306807683059,96,8.0,18,8
8,19,0.8175411826322115,0.9588315008288963,96,8.0,18,8
8,20,0.7692686251177758,0.9577074918203354,96,8.0,18,8
8,21,0.8597202306941838,0.9538701890637238,96,8.0,18,8
8,22,0.7527234069624119,0.9556515706598495,96,8.0,18,8
8,23,0.7695242406808939,0.9577325645466245,96,8.0,18,8
8,24,0.8474709981450761,0.9558821386294281,96,8.0,18,8
8,25,0.8300982104441926,0.9579339435022381,96,8.0,18,8
8,26,0.8068789751152298,0.9592079459904262,96,8.0,18,8
8,27,0.7441262650623092,0.9542465511912196,96,8.0,18,8
8,28,0.7483646899890025,0.9549680111343786,96,8.0,18,8
8,29,0.7753373593993697,0.9582478015047109,96,8.0,18,8
8,30,0.7245142031329845,0.9501795142824488,96,8.0,18,8
8,31,0.9080441081321489,0.9413729266647096,96,8.0,18,8
8,32,0.7821006160756113,0.9587147463996173,96,8.0,18,8
8,33,0.775874587585042,0.9582901031854821,96,8.0,18,8
8,34,0.7536418350529895,0.9557880535543135,96,8.0,18,8
8,35,0.6265235445197427,0.9119062066910328,96,8.0,18,8
8,36,0.7107909875837147,0.9466210091381332,96,8.0,18,8
8,37,0.7732637250313823,0.9580760881096299,96,8.0,18,8
8,38,0.728961410554457,0.951206813731773,96,8.0,18,8
8,39,0.812355389411332,0.9590588351312143,96,8.0,18,8
8,40,0.6543592663705039,0.925820498215574,96,8.0,18,8
8,41,0.7570536369976368,0.956272048526126,96,8.0,18,8
8,42,0.8659823062123914,0.9526610521831285,96,8.0,18,8
8,43,0.6999758669636029,0.9434031599288557,96,8.0,18,8
8,44,0.684011395126194,0.9379871982046554,96,8.0,18,8
8,45,0.819650606074238,0.9587150549022803,96,8.0,18,8
8,46,0.9936831274372854,0.9013531106832414,96,8.0,18,8
8,47,0.8401293838759034,0.9568639440835177,96,8.0,18,8
8,48,0.8022448468831341,0.9592611326169289,96,8.0,18,8
8,49,0.6702368541777418,0.9326760145854636,96,8.0,18,8
16,0,0.7204056175852294,0.949175674346174,96,8.0,18,8
16,1,0.8278144674456975,0.9581337314608382,96,8.0,18,8
16,2,0.7776786846475986,0.958425578600901,96,8.0,18,8
16,3,0.8566776937621878,0.9544135669445731,96,8.0,18,8
16,4,0.8401647641720158,0.9568596153197562,96,8.0,18,8
16,5,0.6930247364404823,0.9411425861033992,96,8.0,18,8
16,6,0.8468195935064889,0.9559760411262287,96,8.0,18,8
16,7,0.8107256434922794,0.9591129758502984,96,8.0,18,8
16,8,0.7746451736589861,0.9581919726698206,96,8.0,18,8
16,9,0.704694732336132,0.9448519906390107,96,8.0,18,8
16,10,0.7128623261548532,0.9471957171872434,96,8.0,18,8
16,11,0.765763892505211,0.9573431900089628,96,8.0,18,8
16,12,0.7567750307331009,0.9562338855942587,96,8.0,18,8
16,13,0.7084279704869747,0.9459490489232575,96,8.0,18,8
16,14,0.7825332135278023,0.958739764113856,96,8.0,18,8
16,15,0.7855370607291942,0.9588973998386997,96,8.0,18,8
16,16,0.7391376624395047,0.9533256892329004,96,8.0,18,8
16,17,0.8023743668080674,0.95926055500039,96,8.0,18,8
16,18,0.7821888049425876,0.9587198938012989,96,8.0,18,8
16,19,0.7738957455578576,0.9581298438283717,96,8.0,18,8
16,20,0.8019980185450843,0.959262088677023,96,8.0,18,8
16,21,0.7123108145922344,0.947044002056886,96,8.0,18,8
16,22,0.6819548120222668,0.9372317639286378,96,8.0,18,8
16,23,0.7216594146380667,0.9494875873308412,96,8.0,18,8
16,24,0.753231907784269,0.9557274610929279,96,8.0,18,8
16,25,0.87009833197436,0.9517997477781437,96,8.0,18,8
16,26,0.748387531617202,0.9549717475789515,96,8.0,18,8
16,27,0.8013844415412542,0.9592636428685669,96,8.0,18,8
16,28,0.7572247821959249,0.9562953717431482,96,8.0,18,8
16,29,0.7432640617519735,0.9540929368480889,96,8.0,18,8
16,30,0.779359586500825,0.9585426771244014,96,8.0,18,8
16,31,0.8041126958823331,0.9592477443943673,96,8.0,18,8
16,32,0.8152772663972218,0.9589410511415076,96,8.0,18,8
16,33,0.7907373179415287,0.959103835557349,96,8.0,18,8
16,34,0.8618799863738738,0.9534669668792067,96,8.0,18,8
16,35,0.7256681889261282,0.9504520039127621,96,8.0,18,8
16,36,0.7493136020734232,0.9551218656596157,96,8.0,18,8
16,37,0.6916520860672083,0.9406783877450486,96,8.0,18,8
16,38,0.7192528769447868,0.9488845799981654,96,8.0,18,8
16,39,0.7289633677375598,0.9512072522732072,96,8.0,18,8
16,40,0.7037196920489371,0.9445583112715255,96,8.0,18,8
16,41,0.701192547719696,0.9437833548151866,96,8.0,18,8
16,42,0.7626012647586339,0.9569815991903896,96,8.0,18,8
16,43,0.7517132935505273,0.9554984281243913,96,8.0,18,8
16,44,0.7268787176006503,0.9507333859209202,96,8.0,18,8
16,45,0.7096981231081176,0.9463123987878855,96,8.0,18,8
16,46,0.8181363499007996,0.9588000499589846,96,8.0,18,8
16,47,0.6896492405944081,0.9399905401265772,96,8.0,18,8
16,48,0.7210084834166569,0.9493262634484765,96,8.0,18,8
16,49,0.8117681058712398,0.9590792986380852,96,8.0,18,8
96,0,0.7541663559899338,0.9558648208576499,96,8.0,18,8
0,0,1.0,0.8190859519149026,96,8.0,18,9
4,0,0.8171646003868278,0.9269618260004072,96,8.0,18,9
4,1,0.8187128841201227,0.9265802603894508,96,8.0,18,9
4,2,0.6671781819114292,0.9208511366777983,96,8.0,18,9
4,3,0.6696617729938902,0.9216465969762772,96,8.0,18,9
4,4,0.6493559963029776,0.9144570803190162,96,8.0,18,9
4,5,0.6820046592084968,0.9252530336154295,96,8.0,18,9
4,6,0.7464724029023739,0.9347051222128799,96,8.0,18,9
4,7,0.6991796398801531,0.9293105494894865,96,8.0,18,9
4,8,0.933814206815117,0.8727684938397379,96,8.0,18,9
4,9,0.5256579008342015,0.8369013193357695,96,8.0,18,9
4,10,0.6429166342153119,0.911850751495501,96,8.0,18,9
4,11,0.7800531720756559,0.9333886735480197,96,8.0,18,9
4,12,0.7484860311032155,0.9347466493161888,96,8.0,18,9
4,13,0.728125035739797,0.9336187595794422,96,8.0,18,9
4,14,0.6254838720147711,0.9040061556318347,96,8.0,18,9
4,15,0.6088599682182622,0.8954525728792267,96,8.0,18,9
4,16,0.8207430180150982,0.9260661777137518,96,8.0,18,9
4,17,0.9265735592257057,0.8776337174914828,96,8.0,18,9
4,18,0.8569941711209497,0.9142564218383316,96,8.0,18,9
4,19,0.6815113540323672,0.9251199742370215,96,8.0,18,9
4,20,0.7148352070024413,0.9320350230862158,96,8.0,18,9
4,21,0.8799377179586977,0.904208049004367,96,8.0,18,9
4,22,0.7384393262905592,0.9343865034055796,96,8.0,18,9
4,23,0.6914400717022269,0.9276205071478404,96,8.0,18,9
4,24,0.634662700498988,0.9082801327143529,96,8.0,18,9
4,25,0.7839971827619686,0.9329535752216184,96,8.0,18,9
4,26,0.6494169176578153,0.9144809877055449,96,8.0,18,9
4,27,0.7212718779833293,0.9328856745301234,96,8.0,18,9
4,28,0.7943557758131381,0.9315300477636814,96,8.0,18,9
4,29,0.7359787651397853,0.9342399752310272,96,8.0,18,9
4,30,0.9128811192969001,0.8862909009579779,96,8.0,18,9
4,31,0.7532224092087618,0.9347837376810989,96,8.0,18,9
4,32,0.6450330714136405,0.9127247178701235,96,8.0,18,9
4,33,0.7198858369697377,0.9327157664352159,96,8.0,18,9
4,34,0.8706241527579855,0.9085276064199268,96,8.0,18,9
4,35,0.7117777675066866,0.9315759481858399,96,8.0,18,9
4,36,0.7929237824011719,0.9317510649498124,96,8.0,18,9
4,37,0.707952156228774,0.9309516284998047,96,8.0,18,9
4,38,0.7981717715569937,0.9309031246315919,96,8.0,18,9
4,39,0.7602332624015037,0.9346825527721832,96,8.0,18,9
4,40,0.7434054574798273,0.934612342094377,96,8.0,18,9
4,41,0.8225532865972528,0.925594595041381,96,8.0,18,9
4,42,0.7332270091786164,0.9340489235533962,96,8.0,18,9
4,43,0.7706386238394913,0.9341889275388252,96,8.0,18,9
4,44,0.8110226532313249,0.9283859583893065,96,8.0,18,9
4,45,0.8465145228993173,0.9181822835688236,96,8.0,18,9
4,46,0.7710776986311131,0.9341590741015563,96,8.0,18,9
4,47,1.0644909562373674,0.7508064851539066,96,8.0,18,9
4,48,0.6742796951176213,0.9230635033048202,96,8.0,18,9
4,49,0.7926678383309832,0.9317897491995061,96,8.0,18,9
8,0,0.7721329910311506,0.9340843342959807,96,8.0,18,9
8,1,0.6717124434705465,0.9222857767911998,96,8.0,18,9
8,2,0.644777015293487,0.9126198842680658,96,8.0,18,9
8,3,0.6850230031654637,0.9260470848639761,96,8.0,18,9
8,4,0.6750738370993334,0.9232990226531829,96,8.0,18,9
8,5,0.7086774016252768,0.9310742461093102,96,8.0,18,9
8,6,0.8495191238161842,0.9170992717865342,96,8.0,18,9
8,7,0.677644381441605,0.9240449795547283,96,8.0,18,9
8,8,0.7603081028073566,0.9346804676219512,96,8.0,18,9
8,9,0.7899752395653481,0.9321816713440686,96,8.0,18,9
8,10,0.717701471321468,0.9324332149017605,96,8.0,18,9
8,11,0.6820298332184936,0.9252597990736906,96,8.0,18,9
8,12,0.6683787632886892,0.921238585751412,96,8.0,18,9
8,13,0.7166337446580989,0.9322885218549182,96,8.0,18,9
8,14,0.7667395281020313,0.9344219767526042,96,8.0,18,9
8,15,0.6784056525433679,0.9242610889984372,96,8.0,18,9
8,16,0.8093955595077467,0.928739275456042,96,8.0,18,9
8,17,0.7724980587932083,0.9340574961096298,96,8.0,18,9
8,18,0.8785116818943826,0.9048907500024862,96,8.0,18,9
8,19,0.6832745519227,0.925591318773688,96,8.0,18,9
8,20,0.7169604426109618,0.9323332531583224,96,8.0,18,9
8,21,0.6654474118466976,0.9202829710387125,96,8.0,18,9
8,22,0.7314113917145167,0.9339071510469716,96,8.0,18,9
8,23,0.7550097112092794,0.9347756357893217,96,8.0,18,9
8,24,0.8042362626287806,0.9297932406655832,96,8.0,18,9
8,25,0.7898885026032367,0.9321938394988744,96,8.0,18,9
8,26,0.7257932161263073,0.9333893046957695,96,8.0,18,9
8,27,0.7263575305600444,0.9334467244728477,96,8.0,18,9
8,28,0.6567843570909068,0.9172684747660402,96,8.0,18,9
8,29,0.9056560140122552,0.890572625107996,96,8.0,18,9
8,30,0.6645145190689368,0.9199720178668251,96,8.0,18,9
8,31,0.6984531835534461,0.9291615730694172,96,8.0,18,9
8,32,0.7137799260878557,0.931880576748721,96,8.0,18,9
8,33,0.8046796581920503,0.9297066245978824,96,8.0,18,9
8,34,0.8328022341335931,0.9226904669179603,96,8.0,18,9
8,35,0.6603648878734312,0.9185488862581214,96,8.0,18,9
8,36,0.7660540042149835,0.9344569942573355,96,8.0,18,9
8,37,0.8081504947745612,0.9290028591997335,96,8.0,18,9
8,38,0.7041382303840512,0.9302739965983051,96,8.0,18,9
8,39,0.9221949560977077,0.8804794221019278,96,8.0,18,9
8,40,0.6767374675298821,0.9237846578463363,96,8.0,18,9
8,41,0.6892532794161752,0.9271018521344832,96,8.0,18,9
8,42,0.6411192252091018,0.9110951931518436,96,8.0,18,9
8,43,0.7070741456335633,0.9308005149982288,96,8.0,18,9
8,44,0.7019497441992082,0.9298602660625898,96,8.0,18,9
8,45,0.677501096026374,0.9240040580939738,96,8.0,18,9
8,46,0.7661201744930797,0.9344536918582258,96,8.0,18,9
8,47,0.7407250874581824,0.9345020613625591,96,8.0,18,9
8,48,0.6815067432213645,0.9251187262103979,96,8.0,18,9
8,49,0.7399653390891809,0.9344658490984099,96,8.0,18,9
16,0,0.6620140398554288,0.9191222842323956,96,8.0,18,9
16,1,0.7689716894032449,0.9342956120416712,96,8.0,18,9
16,2,0.7212844255155638,0.932887179413453,96,8.0,18,9
16,3,0.7080213800655395,0.9309634182738682,96,8.0,18,9
16,4,0.7457194127943986,0.9346856451675344,96,8.0,18,9
16,5,0.7426818823231941,0.9345852547953698,96,8.0,18,9
16,6,0.7087130436241167,0.9310802207237712,96,8.0,18,9
16,7,0.7347427709973999,0.9341577119599119,96,8.0,18,9
16,8,0.6861658765596805,0.9263387334360105,96,8.0,18,9
16,9,0.8044075697006622,0.9297598646499223,96,8.0,18,9
16,10,0.6873802192887675,0.9266431952882822,96,8.0,18,9
16,11,0.7274723273444132,0.933556609062967,96,8.0,18,9
16,12,0.6782406209862454,0.9242144263654104,96,8.0,18,9
16,13,0.6865453348245555,0.9264344721890743,96,8.0,18,9
16,14,0.8033086849381117,0.9299720302676105,96,8.0,18,9
16,15,0.7140193166863477,0.9319159830786717,96,8.0,18,9
16,16,0.7449939337156538,0.934664846960455,96,8.0,18,9
16,17,0.7348944692239878,0.9341681201721813,96,8.0,18,9
16,18,0.7278961398252642,0.9335971480922655,96,8.0,18,9
16,19,0.717014126791826,0.9323405648661656,96,8.0,18,9
16,20,0.7401193892200211,0.9344733685018187,96,8.0,18,9
16,21,0.6919787186799761,0.9277454791522073,96,8.0,18,9
16,22,0.7252409942288471,0.9333319468275862,96,8.0,18,9
16,23,0.6508364808480128,0.915034084343666,96,8.0,18,9
16,24,0.6827753036521452,0.9254590537988143,96,8.0,18,9
16,25,0.7487695442847008,0.9347512619404155,96,8.0,18,9
16,26,0.7120687569769507,0.9316211659255199,96,8.0,18,9
16,27,0.7037467866122399,0.9302013277989738,96,8.0,18,9
16,28,0.6616462614133372,0.918995303508585,96,8.0,18,9
16,29,0.6752543727431702,0.9233522307753804,96,8.0,18,9
16,30,0.7465849882178821,0.9347078496874853,96,8.0,18,9
16,31,0.7797319316573665,0.9334215156655248,96,8.0,18,9
16,32,0.7452647651291335,0.9346728445791584,96,8.0,18,9
16,33,0.7607021358450882,0.9346691392153358,96,8.0,18,9
16,34,0.7904954166326185,0.9321080984302356,96,8.0,18,9
16,35,0.7033790543346509,0.9301325317880585,96,8.0,18,9
16,36,0.6820281136058094,0.9252593370081076,96,8.0,18,9
16,37,0.6573676811426885,0.9174803871043165,96,8.0,18,9
16,38,0.7272225289759776,0.9335323961477818,96,8.0,18,9
16,39,0.6594695883083422,0.9182332798934171,96,8.0,18,9
16,40,0.6882503216329021,0.9268579114137642,96,8.0,18,9
16,41,0.6919144690311225,0.9277306302941529,96,8.0,18,9
16,42,0.804824465977115,0.9296781753822924,96,8.0,18,9
16,43,0.6573238402366225,0.9174645052250989,96,8.0,18,9
16,44,0.7173781651339763,0.9323898581675281,96,8.0,18,9
16,45,0.6789668564029415,0.9244189968425348,96,8.0,18,9
16,46,0.7279800568706805,0.9336050942797051,96,8.0,18,9
16,47,0.6636770957992739,0.9196900771148465,96,8.0,18,9
16,48,0.7305763863626198,0.9338377550696357,96,8.0,18,9
16,49,0.7667487019323829,0.9344214960626396,96,8.0,18,9
96,0,0.7086675036827553,0.9310725860778906,96,8.0,18,9
0,0,1.0,0.9535668085710514,96,5.0,19,7
4,0,0.9617518637465193,0.9670803188003549,96,5.0,19,7
4,1,0.9032591561967377,0.9785215271951355,96,5.0,19,7
4,2,0.8333910929090595,0.9775672307792688,96,5.0,19,7
4,3,0.8874807058988905,0.9796973470879595,96,5.0,19,7
4,4,0.84615362850338,0.9789296874872374,96,5.0,19,7
4,5,0.950623571044896,0.9701162957972799,96,5.0,19,7
4,6,1.0304709823057794,0.9393874292658283,96,5.0,19,7
4,7,0.9039048440379556,0.9784561216366292,96,5.0,19,7
4,8,0.8349806026572442,0.9777658704274245,96,5.0,19,7
4,9,0.9616892315777945,0.9670985357279646,96,5.0,19,7
4,10,0.9458871403402555,0.9712859702475601,96,5.0,19,7
4,11,0.9247810625106978,0.9756089840821156,96,5.0,19,7
4,12,0.8219342343435543,0.9758918042004949,96,5.0,19,7
4,13,0.9211359004804811,0.9762085135686864,96,5.0,19,7
4,14,1.0670805674771355,0.9183479746782361,96,5.0,19,7
4,15,0.802441242595672,0.9720576570776419,96,5.0,19,7
4,16,0.8496699722594907,0.9792117540765635,96,5.0,19,7
4,17,1.0208847088935122,0.9441746947682532,96,5.0,19,7
4,18,0.9662101319420364,0.9657507476139646,96,5.0,19,7
4,19,0.9970222530316158,0.954790099414996,96,5.0,19,7
4,20,0.8974962903002662,0.9790450746173095,96,5.0,19,7
4,21,0.949974429373644,0.9702809285062007,96,5.0,19,7
4,22,0.9521389194349096,0.9697266320885516,96,5.0,19,7
4,23,0.855291433331438,0.9795789425142569,96,5.0,19,7
4,24,0.932625889827451,0.9741717793729975,96,5.0,19,7
4,25,0.9028485262321104,0.9785624152175509,96,5.0,19,7
4,26,0.8771237290676522,0.9800278749192598,96,5.0,19,7
4,27,0.9393000396936394,0.9727910741483039,96,5.0,19,7
4,28,0.8612579119579643,0.9798559535350518,96,5.0,19,7
4,29,0.9530722942925087,0.969482893707833,96,5.0,19,7
4,30,0.8231521087610987,0.9760902323486573,96,5.0,19,7
4,31,1.177751929264551,0.8281727728564912,96,5.0,19,7
4,32,0.8915822956755455,0.979469772393459,96,5.0,19,7
4,33,0.9916970524423383,0.9569056688075974,96,5.0,19,7
4,34,1.071532319215935,0.9154915620307885,96,5.0,19,7
4,35,0.8229790651810381,0.976062333126584,96,5.0,19,7
4,36,1.0063539118400722,0.9508598912786209,96,5.0,19,7
4,37,0.8733548269082148,0.9800613613873488,96,5.0,19,7
4,38,0.8482443747652384,0.9791022575658863,96,5.0,19,7
4,39,0.8972108010656421,0.9790681958663112,96,5.0,19,7
4,40,0.7974028366565676,0.9708651382387208,96,5.0,19,7
4,41,0.9503165731712672,0.9701943266039819,96,5.0,19,7
4,42,0.8966932118988055,0.9791094368286253,96,5.0,19,7
4,43,1.3551105267456907,0.6003804517719056,96,5.0,19,7
4,44,0.9340512926840224,0.9738890979778623,96,5.0,19,7
4,45,1.093997670680533,0.9000911300268483,96,5.0,19,7
4,46,0.8911792939635225,0.9794945626823734,96,5.0,19,7
4,47,0.8749517431212576,0.9800528273449776,96,5.0,19,7
4,48,0.9994322897014074,0.9538022606384393,96,5.0,19,7
4,49,0.8263188464032625,0.9765835527968687,96,5.0,19,7
8,0,0.8737113528352801,0.9800601770296473,96,5.0,19,7
8,1,0.8178605193308632,0.9751929320532873,96,5.0,19,7
8,2,0.9094246490279374,0.9778415068662533,96,5.0,19,7
8,3,0.855211660161542,0.9795744525016487,96,5.0,19,7
8,4,0.9601147576714225,0.9675522784660769,96,5.0,19,7
8,5,1.0025786224972755,0.9524841246507979,96,5.0,19,7
8,6,0.8503855433210953,0.9792642174772752,96,5.0,19,7
8,7,0.9157701243625583,0.977012213713731,96,5.0,19,7
8,8,0.8724950934875056,0.9800625126929885,96,5.0,19,7
8,9,0.8622388720867052,0.9798903870831596,96,5.0,19,7
8,10,1.0347380787580394,0.937160124871673,96,5.0,19,7
8,11,0.8881222065203416,0.9796653723070287,96,5.0,19,7
8,12,0.8639097689841558,0.9799418151412808,96,5.0,19,7
8,13,1.0305943799012374,0.9393238527693483,96,5.0,19,7
8,14,0.8224238196839753,0.9759721535660685,96,5.0,19,7
8,15,0.8685710436161441,0.9800371649680196,96,5.0,19,7
8,16,0.9756453375757002,0.9627232197888811,96,5.0,19,7
8,17,0.9099838534817069,0.9777736991619185,96,5.0,19,7
8,18,0.9800359702837806,0.961215410113073,96,5.0,19,7
8,19,0.8156707419059989,0.974794901740607,96,5.0,19,7
8,20,0.9221439167428113,0.976047056104802,96,5.0,19,7
8,21,0.9667442155023309,0.9655871232780296,96,5.0,19,7
8,22,0.8620128649757584,0.9798827319675598,96,5.0,19,7
8,23,0.9759595282404082,0.9626174099444604,96,5.0,19,7
8,24,0.9380893932220662,0.9730523079354992,96,5.0,19,7
8,25,0.8954692395413352,0.9792034866011655,96,5.0,19,7
8,26,0.8416804647115562,0.9785126065337502,96,5.0,19,7
8,27,0.8754087523872713,0.9800488548045204,96,5.0,19,7
8,28,0.8385690127716352,0.978184020197444,96,5.0,19,7
8,29,0.8741327181620623,0.9800582429244358,96,5.0,19,7
8,30,0.8462347594380196,0.9789366498279096,96,5.0,19,7
8,31,0.9585969998742472,0.9679820252165929,96,5.0,19,7
8,32,0.8980482005138023,0.9789996229744231,96,5.0,19,7
8,33,0.9419939800191263,0.9721926265436426,96,5.0,19,7
8,34,0.9002829406131463,0.9788054324557096,96,5.0,19,7
8,35,0.9234983906654285,0.9758248886517039,96,5.0,19,7
8,36,0.9318446624716233,0.9743238995744813,96,5.0,19,7
8,37,0.9955457375086064,0.9553859462952685,96,5.0,19,7
8,38,0.9112795367728294,0.977612669876323,96,5.0,19,7
8,39,0.9871522945899746,0.95863806068883,96,5.0,19,7
8,40,0.9658914444508501,0.965847939156576,96,5.0,19,7
8,41,0.9092124843837222,0.9778669666083692,96,5.0,19,7
8,42,0.9850046033398105,0.9594332956191132,96,5.0,19,7
8,43,0.9047760327021251,0.978365719418093,96,5.0,19,7
8,44,0.8471959937123807,0.9790175057748981,96,5.0,19,7
8,45,0.8898708366061446,0.979571400545889,96,5.0,19,7
8,46,1.0139950017522916,0.9474302722502764,96,5.0,19,7
8,47,0.9280117261021683,0.9750414149038014,96,5.0,19,7
8,48,0.905199274002466,0.9783209070300081,96,5.0,19,7
8,49,0.9374633589545298,0.9731855193705746,96,5.0,19,7
16,0,0.9201460933520034,0.9763638306739348,96,5.0,19,7
16,1,0.9017491738171304,0.9786691758060514,96,5.0,19,7
16,2,0.8594633982923298,0.9797848430994224,96,5.0,19,7
16,3,0.9055471159896562,0.9782836405941557,96,5.0,19,7
16,4,0.9860750579347037,0.9590388136513426,96,5.0,19,7
16,5,0.9548764714740008,0.9690037051146986,96,5.0,19,7
16,6,0.9922372594932595,0.9566952720103765,96,5.0,19,7
16,7,0.9016790036023747,0.9786758564067212,96,5.0,19,7
16,8,0.9311619759766081,0.9744552026940266,96,5.0,19,7
16,9,0.8966191920887674,0.979115263259923,96,5.0,19,7
16,10,0.9010040840268286,0.9787392927521719,96,5.0,19,7
16,11,0.8510874653121466,0.9793140581300888,96,5.0,19,7
16,12,0.9350809252557266,0.9736807835954933,96,5.0,19,7
16,13,0.9392286464154491,0.9728066120146414,96,5.0,19,7
16,14,0.8979090170793878,0.9790111788422845,96,5.0,19,7
16,15,0.9104990734918356,0.9777103224539286,96,5.0,19,7
16,16,0.8908660399787645,0.9795134664429671,96,5.0,19,7
16,17,0.893279449727134,0.9793595628314709,96,5.0,19,7
16,18,0.9064061195291109,0.9781899202533479,96,5.0,19,7
16,19,0.9545220994804008,0.9690986637161584,96,5.0,19,7
16,20,0.9033554987489063,0.9785118543666018,96,5.0,19,7
16,21,0.9279627147952872,0.975050279519204,96,5.0,19,7
16,22,0.8649011838538984,0.9799680266645622,96,5.0,19,7
16,23,0.8759143800988742,0.9800436661521104,96,5.0,19,7
16,24,0.913048388066881,0.9773839975627513,96,5.0,19,7
16,25,0.9284686420412658,0.9749583962172775,96,5.0,19,7
16,26,0.9328624541130466,0.974125323174621,96,5.0,19,7
16,27,0.9537071139852106,0.9693154960818395,96,5.0,19,7
16,28,0.8581542989845358,0.9797263444013776,96,5.0,19,7
16,29,0.9958642312519685,0.9552580196223189,96,5.0,19,7
16,30,0.9260492302574714,0.9753902472434487,96,5.0,19,7
16,31,0.8746917408296634,0.9800547834904086,96,5.0,19,7
16,32,0.9032991198333234,0.9785175185040758,96,5.0,19,7
16,33,1.0037962780785743,0.9519653328005553,96,5.0,19,7
16,34,0.883145756843634,0.9798782484452915,96,5.0,19,7
16,35,0.871290707133196,0.9800600727597217,96,5.0,19,7
16,36,0.9008085784746731,0.9787573910855071,96,5.0,19,7
16,37,0.8343220339540436,0.9776845691534165,96,5.0,19,7
16,38,0.9403958215843963,0.9725505057067255,96,5.0,19,7
16,39,0.9065440306207448,0.9781746495280311,96,5.0,19,7
16,40,0.8273528879199883,0.9767375563490565,96,5.0,19,7
16,41,0.9095502879438164,0.9778263610157887,96,5.0,19,7
16,42,0.8631681097238006,0.9799201113494105,96,5.0,19,7
16,43,0.8925598035774708,0.9794074419263815,96,5.0,19,7
16,44,0.9209637574440701,0.9762357551225744,96,5.0,19,7
16,45,0.9254094767344218,0.9755012489851733,96,5.0,19,7
16,46,0.9071255848345166,0.9781095726397123,96,5.0,19,7
16,47,0.8822398733169452,0.979908312075206,96,5.0,19,7
16,48,0.8857596862869124,0.9797765006443019,96,5.0,19,7
16,49,0.882434532986304,0.9799020775904953,96,5.0,19,7
96,0,0.9033578767652459,0.9785116152301513,96,5.0,19,7
0,0,1.0,0.9670179998599797,96,5.0,19,8
4,0,0.7940901858823505,0.9481843462879302,96,5.0,19,8
4,1,1.0644493328524467,0.9523282977815076,96,5.0,19,8
4,2,0.8359498116954833,0.9601255637182573,96,5.0,19,8
4,3,0.9821436993329336,0.9693517049737203,96,5.0,19,8
4,4,1.153636001776234,0.9158129536527592,96,5.0,19,8
4,5,0.9199949788721014,0.9716001705964721,96,5.0,19,8
4,6,0.8538577919906692,0.9639697083594047,96,5.0,19,8
4,7,0.7913509023009722,0.9472585901323013,96,5.0,19,8
4,8,1.0034944280748668,0.9664731605822822,96,5.0,19,8
4,9,0.9709103355300424,0.9704337951176861,96,5.0,19,8
4,10,0.777002688975429,0.9421198910732032,96,5.0,19,8
4,11,1.0483919459303264,0.9569061744835893,96,5.0,19,8
4,12,0.9646523310856132,0.9709073045690216,96,5.0,19,8
4,13,0.8254859937775696,0.9575286708124803,96,5.0,19,8
4,14,0.9357533374570565,0.9718936700162486,96,5.0,19,8
4,15,1.1579564873976156,0.9135667686325765,96,5.0,19,8
4,16,0.8877979238246497,0.9691764509005649,96,5.0,19,8
4,17,0.8943501169547161,0.9698681891071705,96,5.0,19,8
4,18,0.9754618366629894,0.9700312851981105,96,5.0,19,8
4,19,0.918687586555554,0.9715494623108951,96,5.0,19,8
4,20,0.8006214205709762,0.9503200844583398,96,5.0,19,8
4,21,0.8320196248139643,0.9591805119474368,96,5.0,19,8
4,22,1.0253405857588753,0.9624129871754886,96,5.0,19,8
4,23,0.9908826197210809,0.9683037098059399,96,5.0,19,8
4,24,1.0299574387892012,0.961410597469505,96,5.0,19,8
4,25,0.9851112047813307,0.9690160664583196,96,5.0,19,8
4,26,0.8355643170040785,0.9600344820429562,96,5.0,19,8
4,27,0.9767931786194126,0.9699042960680256,96,5.0,19,8
4,28,0.8273542786086366,0.95801131000299,96,5.0,19,8
4,29,0.9440409556139966,0.9718126005876884,96,5.0,19,8
4,30,1.0177514339252312,0.9639512752727362,96,5.0,19,8
4,31,0.9055711174854025,0.9708172273238366,96,5.0,19,8
4,32,0.850410219944361,0.9632885439298939,96,5.0,19,8
4,33,1.1194486585982182,0.9320314335068847,96,5.0,19,8
4,34,0.9034826366715967,0.9706631221646937,96,5.0,19,8
4,35,0.9910102781449799,0.9682870634840975,96,5.0,19,8
4,36,1.060154880078783,0.9536123006309682,96,5.0,19,8
4,37,1.1535316100227861,0.9158666803733482,96,5.0,19,8
4,38,1.1496802642760755,0.9178308330335566,96,5.0,19,8
4,39,0.8388480765406934,0.9607990998427618,96,5.0,19,8
4,40,0.8297634819141608,0.9586215118288234,96,5.0,19,8
4,41,0.949168656136523,0.9716811759014247,96,5.0,19,8
4,42,1.0301198570092127,0.9613744169582822,96,5.0,19,8
4,43,1.0336928407407107,0.9605627269965578,96,5.0,19,8
4,44,0.8720770163439353,0.9671030813660072,96,5.0,19,8
4,45,1.071069655139928,0.9502635164203621,96,5.0,19,8
4,46,1.0161694661058809,0.9642547935896462,96,5.0,19,8
4,47,0.9174853221869326,0.9714992670113674,96,5.0,19,8
4,48,0.9009657378940823,0.9704637113456398,96,5.0,19,8
4,49,0.813038324665584,0.9541025110659607,96,5.0,19,8
8,0,1.0965175034333097,0.9413626370619328,96,5.0,19,8
8,1,0.9346549192666161,0.9718922351426192,96,5.0,19,8
8,2,0.8876438502537121,0.9691589641568108,96,5.0,19,8
8,3,0.9332021874630468,0.9718859591383545,96,5.0,19,8
8,4,1.0330823308229655,0.9607035557736421,96,5.0,19,8
8,5,1.0138372819639903,0.9646914652584154,96,5.0,19,8
8,6,1.0135659972615498,0.9647414254776148,96,5.0,19,8
8,7,0.9483517823886137,0.97170627269801,96,5.0,19,8
8,8,0.9773727987073675,0.9698477008936511,96,5.0,19,8
8,9,0.934032000224005,0.9718901546984564,96,5.0,19,8
8,10,0.8058738285572746,0.9519645240937687,96,5.0,19,8
8,11,0.9614098131666795,0.9711162558464479,96,5.0,19,8
8,12,0.9426091054939101,0.971838203692515,96,5.0,19,8
8,13,1.0635223889435574,0.9526091333042452,96,5.0,19,8
8,14,0.9208072554186264,0.9716296413920272,96,5.0,19,8
8,15,0.9863003709388592,0.968875726857632,96,5.0,19,8
8,16,0.9971728184302872,0.9674376906501359,96,5.0,19,8
8,17,1.0831807172224879,0.9462182538035738,96,5.0,19,8
8,18,1.0702095302058174,0.9505376298074573,96,5.0,19,8
8,19,0.9780762382266888,0.9697779495180332,96,5.0,19,8
8,20,0.9970429574587588,0.9674565146651443,96,5.0,19,8
8,21,0.8373494549960381,0.9604533088087162,96,5.0,19,8
8,22,0.7985765790028772,0.9496622513853509,96,5.0,19,8
8,23,0.8902494796600676,0.9694471464809226,96,5.0,19,8
8,24,0.8717915886875256,0.9670600401906122,96,5.0,19,8
8,25,0.950975059635854,0.9716200796863277,96,5.0,19,8
8,26,1.029115873910103,0.9615970674937252,96,5.0,19,8
8,27,0.8453108291243693,0.9622295276093598,96,5.0,19,8
8,28,0.9401469311894424,0.9718709035433862,96,5.0,19,8
8,29,1.0054413199789123,0.9661570929081026,96,5.0,19,8
8,30,0.8935626138126191,0.9697904126554652,96,5.0,19,8
8,31,0.8841443668519806,0.9687466821955272,96,5.0,19,8
8,32,0.8231530770683785,0.9569144233953182,96,5.0,19,8
8,33,0.7765056857996611,0.9419331770915791,96,5.0,19,8
8,34,0.8392815676253931,0.960898133861328,96,5.0,19,8
8,35,1.0023639454211695,0.9666525786422911,96,5.0,19,8
8,36,0.9830619799250072,0.9692500662580849,96,5.0,19,8
8,37,0.8933355435026352,0.9697677142685263,96,5.0,19,8
8,38,0.892126741004271,0.9696448295615877,96,5.0,19,8
8,39,1.0709560221442294,0.9502998303527775,96,5.0,19,8
8,40,0.8458763114535709,0.9623499930170362,96,5.0,19,8
8,41,1.1013008407308211,0.9395187399853844,96,5.0,19,8
8,42,0.8536019459175821,0.9639201234897389,96,5.0,19,8
8,43,0.8793011027755644,0.9681283521807833,96,5.0,19,8
8,44,1.082157480262782,0.9465734322373373,96,5.0,19,8
8,45,0.866560364985048,0.9662371030389234,96,5.0,19,8
8,46,0.8806050143240015,0.968300271994719,96,5.0,19,8
8,47,0.9679523359835184,0.9706691427512779,96,5.0,19,8
8,48,0.8276180247039325,0.9580787799645122,96,5.0,19,8
8,49,0.9098448495097217,0.9711004564663571,96,5.0,19,8
16,0,0.9107539380794597,0.9711551375095809,96,5.0,19,8
16,1,0.8502483825665031,0.9632558783451537,96,5.0,19,8
16,2,0.9427581727153957,0.9718357641024568,96,5.0,19,8
16,3,0.8842177718588915,0.9687556273056294,96,5.0,19,8
16,4,0.8448463087639362,0.9621300050251551,96,5.0,19,8
16,5,0.8863043214999698,0.9690045693390374,96,5.0,19,8
16,6,0.8246516653827123,0.9573104726362083,96,5.0,19,8
16,7,0.9954115066719101,0.9676896072038126,96,5.0,19,8
16,8,0.8563981705099878,0.9644536608238823,96,5.0,19,8
16,9,0.9237680549794801,0.9717238669413731,96,5.0,19,8
16,10,0.9820718573920755,0.9693595726742805,96,5.0,19,8
16,11,0.8820765952952019,0.9684894737949359,96,5.0,19,8
16,12,0.8936464021733821,0.9697987575317621,96,5.0,19,8
16,13,0.9245331548859701,0.9717448480656398,96,5.0,19,8
16,14,0.8176283879562329,0.9554085114874732,96,5.0,19,8
16,15,0.9752060877535922,0.9700552001197998,96,5.0,19,8
16,16,0.8355917534588839,0.9600409761197597,96,5.0,19,8
16,17,0.8560414293185171,0.9643866204454086,96,5.0,19,8
16,18,0.8233860645911888,0.9569763460458598,96,5.0,19,8
16,19,0.8120630595639934,0.9538186090307451,96,5.0,19,8
16,20,0.9382431844824997,0.9718863679681343,96,5.0,19,8
16,21,0.8424943228675239,0.9616182708274864,96,5.0,19,8
16,22,0.8082095817084864,0.952674870154416,96,5.0,19,8
16,23,0.8726539160604291,0.9671894874854927,96,5.0,19,8
16,24,0.8668941393525111,0.9662915410410279,96,5.0,19,8
16,25,0.8891645269355513,0.9693290999135551,96,5.0,19,8
16,26,0.9520703892540109,0.9715792786406089,96,5.0,19,8
16,27,0.8427513282668209,0.9616748249421337,96,5.0,19,8
16,28,0.9290996711624657,0.9718413118787216,96,5.0,19,8
16,29,0.9429730021144136,0.9718321559142915,96,5.0,19,8
16,30,0.9156006867016099,0.9714137095003128,96,5.0,19,8
16,31,0.8763014265576259,0.9677175963628768,96,5.0,19,8
16,32,0.8352897218815455,0.9599693887211771,96,5.0,19,8
16,33,0.8204805179199399,0.9561949459323816,96,5.0,19,8
16,34,0.8215037790004928,0.9564724109508013,96,5.0,19,8
16,35,0.9468080736552493,0.9717493950892071,96,5.0,19,8
16,36,0.8791100207553012,0.9681028206764791,96,5.0,19,8
16,37,0.8656637903484439,0.9660895701603309,96,5.0,19,8
16,38,0.8862897642225653,0.9690028681725009,96,5.0,19,8
16,39,0.8603963645795517,0.9651844493697883,96,5.0,19,8
16,40,0.8902959355396642,0.9694521389464668,96,5.0,19,8
16,41,0.9009661356189952,0.9704637440392948,96,5.0,19,8
16,42,0.8772893608425294,0.9678552254678146,96,5.0,19,8
16,43,0.845148833387507,0.9621948782334666,96,5.0,19,8
16,44,0.8520506422034273,0.9636161574310118,96,5.0,19,8
16,45,0.9289636365863227,0.9718391502678798,96,5.0,19,8
16,46,0.8592355830039028,0.9649761730615958,96,5.0,19,8
16,47,0.8148436394944365,0.9546221123638328,96,5.0,19,8
16,48,0.8993779854084004,0.9703302165190008,96,5.0,19,8
16,49,1.0214209055028742,0.9632244810371061,96,5.0,19,8
96,0,0.8867584921458667,0.9690573923262387,96,5.0,19,8
0,0,1.0,0.9377251053395129,96,5.0,19,9
4,0,1.1132653687484846,0.8583140050908966,96,5.0,19,9
4,1,0.9587953228473381,0.956647227691632,96,5.0,19,9
4,2,0.8578494000151284,0.9805340315996193,96,5.0,19,9
4,3,0.8746180186922679,0.9787763978553133,96,5.0,19,9
4,4,0.9380752716721885,0.9641531704896925,96,5.0,19,9
4,5,0.9498514323222711,0.960052124493638,96,5.0,19,9
4,6,0.7841219695104821,0.9778141895278165,96,5.0,19,9
4,7,0.6779667694475177,0.9439965507705412,96,5.0,19,9
4,8,1.068017178268692,0.8948570958990284,96,5.0,19,9
4,9,0.9322103872759641,0.9660336037544203,96,5.0,19,9
4,10,0.8557170479512259,0.9806944269157359,96,5.0,19,9
4,11,1.014012791625362,0.9300785006008383,96,5.0,19,9
4,12,0.8241337073375747,0.9814026723909326,96,5.0,19,9
4,13,0.8408945637864036,0.9814158431857471,96,5.0,19,9
4,14,0.9576875380614048,0.9570825492157161,96,5.0,19,9
4,15,0.7740402066135236,0.9761191735983891,96,5.0,19,9
4,16,0.7433452714254344,0.9689985937114226,96,5.0,19,9
4,17,0.8785284673927007,0.9782398917046427,96,5.0,19,9
4,18,0.9349334434625606,0.9651739185023396,96,5.0,19,9
4,19,0.8421071611832995,0.9813826680455024,96,5.0,19,9
4,20,0.7220214904864868,0.9623149775246626,96,5.0,19,9
4,21,0.9277331140183327,0.9673966248191141,96,5.0,19,9
4,22,1.085817537767972,0.8812463361739727,96,5.0,19,9
4,23,1.0481197608771704,0.9088967773332172,96,5.0,19,9
4,24,0.9927775743483102,0.9414261314470023,96,5.0,19,9
4,25,0.9514932575598529,0.9594458624688653,96,5.0,19,9
4,26,0.8109864159634598,0.9807766136358304,96,5.0,19,9
4,27,0.8923937157198288,0.9759516683458476,96,5.0,19,9
4,28,0.8575570169357479,0.9805568670404383,96,5.0,19,9
4,29,0.8417683659740448,0.9813924006241588,96,5.0,19,9
4,30,0.8685424768308888,0.9795149473321022,96,5.0,19,9
4,31,0.9296800013532002,0.9668116460251709,96,5.0,19,9
4,32,0.7885438866586119,0.9784572056691779,96,5.0,19,9
4,33,0.9016247789694591,0.9740943839863845,96,5.0,19,9
4,34,0.842609950782436,0.9813675618026685,96,5.0,19,9
4,35,0.8623347781291683,0.9801501613823066,96,5.0,19,9
4,36,1.0003938671289139,0.9375185765207054,96,5.0,19,9
4,37,0.8159997622427977,0.9810791978949105,96,5.0,19,9
4,38,0.9749232040726881,0.9498742426637656,96,5.0,19,9
4,39,0.9981484969783971,0.9386894526123832,96,5.0,19,9
4,40,0.8466041439895841,0.9812194304998798,96,5.0,19,9
4,41,0.7612957169924106,0.9735209485950822,96,5.0,19,9
4,42,0.8765028437382371,0.9785237819356687,96,5.0,19,9
4,43,1.0080688118916628,0.933397157516807,96,5.0,19,9
4,44,0.9880773151680992,0.9437469580091358,96,5.0,19,9
4,45,0.9536168945062814,0.9586491645287383,96,5.0,19,9
4,46,0.7511841746106077,0.9710976100814499,96,5.0,19,9
4,47,0.8274854805052025,0.9814756841638791,96,5.0,19,9
4,48,0.9735695953198599,0.9504740131760845,96,5.0,19,9
4,49,0.9075390828514179,0.9727641656174737,96,5.0,19,9
8,0,0.9137380556346929,0.9712523379228724,96,5.0,19,9
8,1,0.8799243314417863,0.9780367833853237,96,5.0,19,9
8,2,0.8122513220821153,0.9808603825650154,96,5.0,19,9
8,3,0.811058131901443,0.9807814970482418,96,5.0,19,9
8,4,0.7851411678598075,0.9779678275573825,96,5.0,19,9
8,5,0.8143243493998753,0.9809868342410465,96,5.0,19,9
8,6,0.9731041824880236,0.9506789072703895,96,5.0,19,9
8,7,0.8396795582419058,0.9814444655213485,96,5.0,19,9
8,8,0.8043645980240863,0.9802563029830406,96,5.0,19,9
8,9,0.8958502054655011,0.9752874795813649,96,5.0,19,9
8,10,0.8859043440938695,0.9770975800147804,96,5.0,19,9
8,11,0.8670839109133359,0.9796750445776302,96,5.0,19,9
8,12,0.9590290460493311,0.9565548914955341,96,5.0,19,9
8,13,0.9341148177195415,0.9654348048396256,96,5.0,19,9
8,14,0.9395360235214004,0.9636680592080848,96,5.0,19,9
8,15,0.9091820068010346,0.9723752045436682,96,5.0,19,9
8,16,0.7229576183448841,0.9626382784435095,96,5.0,19,9
8,17,0.8328736311970928,0.9815193132176574,96,5.0,19,9
8,18,0.8042332293218909,0.9802445914656341,96,5.0,19,9
8,19,0.8853424695167901,0.9771905934769086,96,5.0,19,9
8,20,0.7908616093546047,0.9787697786666796,96,5.0,19,9
8,21,1.0013130219427264,0.9370347171501805,96,5.0,19,9
8,22,0.8975947346314646,0.9749380481730472,96,5.0,19,9
8,23,0.8548772175807234,0.9807536901978666,96,5.0,19,9
8,24,0.8162971635360305,0.9810946745604964,96,5.0,19,9
8,25,0.9390108181656374,0.9638432477310723,96,5.0,19,9
8,26,0.8206366324637236,0.9812889908475404,96,5.0,19,9
8,27,0.761386605485265,0.9735412789584923,96,5.0,19,9
8,28,0.8131009882162222,0.9809138386413275,96,5.0,19,9
8,29,0.7813561710359423,0.9773808693832684,96,5.0,19,9
8,30,0.7793031213274239,0.9770437243035025,96,5.0,19,9
8,31,0.7919428823186418,0.978909846386554,96,5.0,19,9
8,32,0.832836156704708,0.9815193237621263,96,5.0,19,9
8,33,0.9475128238773262,0.9609011049674364,96,5.0,19,9
8,34,0.8357676855719764,0.9815052138335102,96,5.0,19,9
8,35,0.812368334590268,0.9808678785585511,96,5.0,19,9
8,36,0.8078679863723291,0.9805486899318373,96,5.0,19,9
8,37,0.8345383473816105,0.981514407582297,96,5.0,19,9
8,38,0.9760254273194522,0.9493816198737649,96,5.0,19,9
8,39,0.8417354147591912,0.9813933280331216,96,5.0,19,9
8,40,0.8200977871025057,0.9812680688625057,96,5.0,19,9
8,41,0.8177319627501973,0.9811654492263912,96,5.0,19,9
8,42,1.0688417845264897,0.8942484938279757,96,5.0,19,9
8,43,0.9500454051981803,0.9599809376484891,96,5.0,19,9
8,44,0.82542530870334,0.9814349741048904,96,5.0,19,9
8,45,0.9093849169667292,0.9723265792184563,96,5.0,19,9
8,46,0.7902215931385278,0.97868514611751,96,5.0,19,9
8,47,0.9076020867731359,0.9727494053549692,96,5.0,19,9
8,48,0.9000913221330338,0.9744213983243368,96,5.0,19,9
8,49,0.863078563767212,0.9800804159331753,96,5.0,19,9
16,0,0.8416330023314749,0.9813961887137581,96,5.0,19,9
16,1,0.8866186054612939,0.9769779129361725,96,5.0,19,9
16,2,0.8072059231388508,0.9804963809022175,96,5.0,19,9
16,3,0.9759860954736967,0.9493992641382117,96,5.0,19,9
16,4,0.8668413962955418,0.9797010178321612,96,5.0,19,9
16,5,0.8091569178196879,0.9806465895089828,96,5.0,19,9
16,6,0.8672224937042365,0.9796601196951167,96,5.0,19,9
16,7,0.8620148039762419,0.9801796326541328,96,5.0,19,9
16,8,0.8621601259436771,0.9801662874941695,96,5.0,19,9
16,9,0.8542183153477974,0.9807986397951529,96,5.0,19,9
16,10,0.8933605267665053,0.975769658004396,96,5.0,19,9
16,11,0.8380576360343981,0.981475468626156,96,5.0,19,9
16,12,0.9341963619475053,0.9654089117768514,96,5.0,19,9
16,13,0.9118108889705959,0.9717352334409805,96,5.0,19,9
16,14,0.8348830036214953,0.9815123074894678,96,5.0,19,9
16,15,0.8416184829384113,0.981396591624611,96,5.0,19,9
16,16,0.8713679186774712,0.9791858631168144,96,5.0,19,9
16,17,0.8231704899687146,0.9813751823085448,96,5.0,19,9
16,18,0.8252838781530777,0.9814316917852951,96,5.0,19,9
16,19,0.8703862952499967,0.9793030287052478,96,5.0,19,9
16,20,0.8539915290171554,0.9808137963842237,96,5.0,19,9
16,21,0.8820393865006846,0.9777173995637637,96,5.0,19,9
16,22,0.926516063512059,0.9677562807072082,96,5.0,19,9
16,23,0.9698963183049394,0.952072691031004,96,5.0,19,9
16,24,0.8459870118622765,0.9812455813435044,96,5.0,19,9
16,25,0.8201540717863187,0.9812702967835298,96,5.0,19,9
16,26,0.8156971554087652,0.9810631660204425,96,5.0,19,9
16,27,0.8616418877718218,0.9802135755505029,96,5.0,19,9
16,28,0.9953916489577604,0.9401054509236189,96,5.0,19,9
16,29,0.9459950301340289,0.9614429411416406,96,5.0,19,9
16,30,0.9021729536324861,0.9739756972313345,96,5.0,19,9
16,31,0.8057038769773848,0.9803726154779753,96,5.0,19,9
16,32,0.8169818080572928,0.9811292504030521,96,5.0,19,9
16,33,0.8728644645793203,0.9790014294706507,96,5.0,19,9
16,34,0.8638528667202251,0.9800059681997234,96,5.0,19,9
16,35,0.8574212485449049,0.9805673796768131,96,5.0,19,9
16,36,0.851855123905169,0.9809486708679508,96,5.0,19,9
16,37,0.8272694828008967,0.9814720396923444,96,5.0,19,9
16,38,0.8412744069719444,0.9814059464715511,96,5.0,19,9
16,39,0.8475457683590881,0.9811772310024278,96,5.0,19,9
16,40,0.7886926910629758,0.9784777791309806,96,5.0,19,9
16,41,0.7959150701262676,0.9793929695179336,96,5.0,19,9
16,42,0.8194713380117362,0.9812426023490677,96,5.0,19,9
16,43,0.8494082549220353,0.9810855844024949,96,5.0,19,9
16,44,0.8196508960770211,0.9812500274256065,96,5.0,19,9
16,45,0.9011378636254133,0.9741990181100684,96,5.0,19,9
16,46,0.8834820308035795,0.977491516156813,96,5.0,19,9
16,47,0.9195150438001125,0.9697350888964377,96,5.0,19,9
16,48,0.8687819927762748,0.9794880203552232,96,5.0,19,9
16,49,0.8416223265256588,0.9813964850299289,96,5.0,19,9
96,0,0.8481752643586087,0.9811474710447062,96,5.0,19,9
0,0,1.0,0.8115843862336324,96,8.0,19,7
4,0,0.9628921583720765,0.8532087860597579,96,8.0,19,7
4,1,0.7361062146364659,0.9717652036270179,96,8.0,19,7
4,2,0.7458708883390087,0.9714702552320971,96,8.0,19,7
4,3,0.7049267931914932,0.9698095337599781,96,8.0,19,7
4,4,0.9362568658265797,0.8792325269435661,96,8.0,19,7
4,5,0.760680410947739,0.9701969254251128,96,8.0,19,7
4,6,0.8486860212238737,0.9420936700992126,96,8.0,19,7
4,7,1.038039037474698,0.7624276229239909,96,8.0,19,7
4,8,0.7139667010378339,0.9708307905721508,96,8.0,19,7
4,9,0.7648475745023657,0.9696591491887188,96,8.0,19,7
4,10,0.8239347783331841,0.95355102226143,96,8.0,19,7
4,11,0.7389425534269508,0.9717241312728127,96,8.0,19,7
4,12,0.7525146536345259,0.9710221527469828,96,8.0,19,7
4,13,0.859539982603629,0.9361922473842379,96,8.0,19,7
4,14,0.8047339192102722,0.9605237028309703,96,8.0,19,7
4,15,0.7456956575958128,0.9714793620324794,96,8.0,19,7
4,16,0.7519218120522518,0.9710702799495702,96,8.0,19,7
4,17,0.8848418351656937,0.9203590451177123,96,8.0,19,7
4,18,0.7723803125813751,0.9684870130681771,96,8.0,19,7
4,19,0.8696016657502407,0.9302439553463917,96,8.0,19,7
4,20,0.85159221217392,0.9405659646776329,96,8.0,19,7
4,21,0.783953654791319,0.9661842686895065,96,8.0,19,7
4,22,0.7901082448791523,0.964712054473611,96,8.0,19,7
4,23,0.7162638080006378,0.9710311924468299,96,8.0,19,7
4,24,0.5239472250250727,0.8713114595835175,96,8.0,19,7
4,25,0.7675760135372766,0.9692643399414718,96,8.0,19,7
4,26,0.9253436770925857,0.8889651039881372,96,8.0,19,7
4,27,0.6920093202836304,0.9677064709798135,96,8.0,19,7
4,28,0.8780834612210773,0.9248726903839607,96,8.0,19,7
4,29,0.8902787237769207,0.9165774790844976,96,8.0,19,7
4,30,0.9773927243250298,0.8376873253101527,96,8.0,19,7
4,31,0.7521831796408666,0.9710492586209938,96,8.0,19,7
4,32,0.9811606442304441,0.8334979000592622,96,8.0,19,7
4,33,0.788343969996029,0.965151659499737,96,8.0,19,7
4,34,0.6924932286942522,0.9677989107636158,96,8.0,19,7
4,35,1.0203345271366329,0.7861237597875983,96,8.0,19,7
4,36,0.7890553458847487,0.9649761056894917,96,8.0,19,7
4,37,0.7655430464670325,0.9695617223388464,96,8.0,19,7
4,38,0.833973442350833,0.9492393390382736,96,8.0,19,7
4,39,0.6767310476793912,0.9642413271611234,96,8.0,19,7
4,40,1.0426540307628493,0.7560170225502172,96,8.0,19,7
4,41,0.8410572409918012,0.9459215026350779,96,8.0,19,7
4,42,0.7123006833359079,0.9706704598756648,96,8.0,19,7
4,43,0.8490625176720926,0.941897917833718,96,8.0,19,7
4,44,1.028666374124597,0.7751494585899054,96,8.0,19,7
4,45,0.7078084631708376,0.9701753591152928,96,8.0,19,7
4,46,0.6850114928570373,0.9662508643903418,96,8.0,19,7
4,47,0.8087351065869458,0.9592087275396415,96,8.0,19,7
4,48,0.7571080291662106,0.9705951918720839,96,8.0,19,7
4,49,0.8568525368509123,0.9377032544773708,96,8.0,19,7
8,0,0.8770782685555857,0.9255263059323849,96,8.0,19,7
8,1,0.7681952692986392,0.9691700275340992,96,8.0,19,7
8,2,0.7432309353854621,0.9715926864258496,96,8.0,19,7
8,3,0.7299663856070626,0.9717290278011458,96,8.0,19,7
8,4,0.800010133773214,0.961982613890893,96,8.0,19,7
8,5,0.8646080823525423,0.9332535152274037,96,8.0,19,7
8,6,0.7686393411245963,0.9691013238561694,96,8.0,19,7
8,7,0.8785015361988593,0.9245994911818114,96,8.0,19,7
8,8,0.7734686924120524,0.9682963588482892,96,8.0,19,7
8,9,0.7804876855339237,0.9669376684811598,96,8.0,19,7
8,10,0.8013446719710186,0.9615807160714787,96,8.0,19,7
8,11,0.846213404763466,0.9433632714980265,96,8.0,19,7
8,12,0.8369352428933325,0.9478798306085287,96,8.0,19,7
8,13,0.8218316977477975,0.9543963558510925,96,8.0,19,7
8,14,0.757584706257877,0.9705453988100898,96,8.0,19,7
8,15,0.7615530021708684,0.9700908415591994,96,8.0,19,7
8,16,0.8651626649456163,0.9329248637941716,96,8.0,19,7
8,17,0.7077990114464334,0.970174220842691,96,8.0,19,7
8,18,0.7871795090911426,0.9654340682450677,96,8.0,19,7
8,19,0.7997143654597046,0.9620705904729945,96,8.0,19,7
8,20,0.7595645075974955,0.9703275532895648,96,8.0,19,7
8,21,0.8067917792618194,0.9598564713552976,96,8.0,19,7
8,22,0.8890404715299836,0.9174505311936743,96,8.0,19,7
8,23,0.8657142966134935,0.932596576117954,96,8.0,19,7
8,24,0.8220659681963702,0.9543031844740003,96,8.0,19,7
8,25,0.7968128685883697,0.9629125884220338,96,8.0,19,7
8,26,0.8339588918790154,0.9492459196186489,96,8.0,19,7
8,27,1.0069041704188066,0.8031502085776102,96,8.0,19,7
8,28,0.7775222612245141,0.9675389781903865,96,8.0,19,7
8,29,0.6949669793580334,0.9682548590971387,96,8.0,19,7
8,30,0.7673191925266035,0.9693029430200897,96,8.0,19,7
8,31,0.8008082113974903,0.9617432435543459,96,8.0,19,7
8,32,0.7659065021310245,0.9695099332573331,96,8.0,19,7
8,33,0.8483126008713517,0.942287187426915,96,8.0,19,7
8,34,0.7444281688491735,0.9715410834957058,96,8.0,19,7
8,35,0.7161015148310129,0.9710178201865893,96,8.0,19,7
8,36,0.7428469722491815,0.9716078579797894,96,8.0,19,7
8,37,0.7118102305612551,0.970620860228265,96,8.0,19,7
8,38,0.7694399114820083,0.9689752036934975,96,8.0,19,7
8,39,0.7676421381189807,0.9692543522075764,96,8.0,19,7
8,40,0.7682415847321843,0.969162903747182,96,8.0,19,7
8,41,0.7026497979563012,0.9694938114205747,96,8.0,19,7
8,42,0.8079767213419558,0.9594635497530429,96,8.0,19,7
8,43,0.7484923295427566,0.9713173785469583,96,8.0,19,7
8,44,0.7692661424511517,0.9690028261066876,96,8.0,19,7
8,45,0.8489075218099618,0.9419785829455165,96,8.0,19,7
8,46,0.7587755687979874,0.9704164957813244,96,8.0,19,7
8,47,0.8613071615682827,0.9351807901614351,96,8.0,19,7
8,48,0.7394773061670774,0.9717122961457271,96,8.0,19,7
8,49,0.7823558569271437,0.9665383577724814,96,8.0,19,7
16,0,0.7850304462875604,0.965939103651178,96,8.0,19,7
16,1,0.777821896902462,0.9674800329083317,96,8.0,19,7
16,2,0.8061596715994982,0.9600634686326908,96,8.0,19,7
16,3,0.7573743073058409,0.9705675039641823,96,8.0,19,7
16,4,0.7207473253840091,0.9713533391921653,96,8.0,19,7
16,5,0.7481030663521054,0.9713420516294564,96,8.0,19,7
16,6,0.8355020248176003,0.948542670350344,96,8.0,19,7
16,7,0.7755013286253303,0.9679258984649523,96,8.0,19,7
16,8,0.7298631148460424,0.9717269560200906,96,8.0,19,7
16,9,0.7602097998602119,0.9702527045021468,96,8.0,19,7
16,10,0.8350274306204184,0.9487601073216149,96,8.0,19,7
16,11,0.8145464719139796,0.9571694187716432,96,8.0,19,7
16,12,0.7839930262054057,0.9661753972670347,96,8.0,19,7
16,13,0.7679105521563213,0.9692136060237863,96,8.0,19,7
16,14,0.7804815146458897,0.9669389612208069,96,8.0,19,7
16,15,0.8077097803876291,0.9595526223863913,96,8.0,19,7
16,16,0.7401044680594454,0.9716967619096005,96,8.0,19,7
16,17,0.7606297347008212,0.9702029801160672,96,8.0,19,7
16,18,0.8120550251467195,0.9580624837851783,96,8.0,19,7
16,19,0.7725391388378559,0.9684595261606259,96,8.0,19,7
16,20,0.8506249599105261,0.9410786794441393,96,8.0,19,7
16,21,0.8262930957575855,0.9525792163059548,96,8.0,19,7
16,22,0.8213481030160469,0.9545878977229676,96,8.0,19,7
16,23,0.7739619362783803,0.9682081854721069,96,8.0,19,7
16,24,0.7800122625144519,0.9670367585300429,96,8.0,19,7
16,25,0.841395809003394,0.9457572240734504,96,8.0,19,7
16,26,0.7772395248664086,0.9675942252691626,96,8.0,19,7
16,27,0.7279975907099864,0.9716811944947665,96,8.0,19,7
16,28,0.7774556046002895,0.9675520356778381,96,8.0,19,7
16,29,0.7783740214249975,0.9673703498533505,96,8.0,19,7
16,30,0.7354994816815466,0.9717692482288267,96,8.0,19,7
16,31,0.8015398605814694,0.9615212570974743,96,8.0,19,7
16,32,0.8030180450936429,0.9610653537382059,96,8.0,19,7
16,33,0.798915620673212,0.9623061937015351,96,8.0,19,7
16,34,0.7538922391013255,0.9709041587992594,96,8.0,19,7
16,35,0.8829671617813175,0.9216318432534404,96,8.0,19,7
16,36,0.7866820024264631,0.9655528484994319,96,8.0,19,7
16,37,0.7673265556156926,0.9693018404340584,96,8.0,19,7
16,38,0.8052193238149974,0.9603680497524495,96,8.0,19,7
16,39,0.8143039038599956,0.9572576059747999,96,8.0,19,7
16,40,0.855270927700342,0.9385771841388199,96,8.0,19,7
16,41,0.7814435548146457,0.9667353362420318,96,8.0,19,7
16,42,0.7876588077383607,0.9653185725666309,96,8.0,19,7
16,43,0.809142852720705,0.9590706430878438,96,8.0,19,7
16,44,0.8153431657905789,0.9568778962899103,96,8.0,19,7
16,45,0.7527067535977304,0.9710062157331032,96,8.0,19,7
16,46,0.8227971494841316,0.9540107851804942,96,8.0,19,7
16,47,0.7589398491082073,0.9703982082425555,96,8.0,19,7
16,48,0.778909364169895,0.9672626792886496,96,8.0,19,7
16,49,0.7803463785827291,0.9669672275410588,96,8.0,19,7
96,0,0.7725731524738484,0.9684536247804391,96,8.0,19,7
0,0,1.0,0.9025358878538691,96,8.0,19,8
4,0,0.770094902233355,0.96645749837108,96,8.0,19,8
4,1,0.8773906981062705,0.9579720822295517,96,8.0,19,8
4,2,0.6858412667487463,0.946933324253222,96,8.0,19,8
4,3,0.9484266588522979,0.9317987328480043,96,8.0,19,8
4,4,0.9663660416831443,0.9225989360893131,96,8.0,19,8
4,5,0.9180474710449688,0.9449961600675568,96,8.0,19,8
4,6,0.7614165228302778,0.9655106897539949,96,8.0,19,8
4,7,0.627074455422943,0.9196772028525309,96,8.0,19,8
4,8,0.8955421249124899,0.9528417686861427,96,8.0,19,8
4,9,0.7601853174504586,0.9653565682451296,96,8.0,19,8
4,10,0.8196155357277319,0.9671836594666451,96,8.0,19,8
4,11,0.9041097749612047,0.9500487571153741,96,8.0,19,8
4,12,1.021138928014055,0.888047516216806,96,8.0,19,8
4,13,0.8040738512407568,0.9678126579288917,96,8.0,19,8
4,14,0.946232335789831,0.9328523526945061,96,8.0,19,8
4,15,0.9315128202118956,0.9395160554294655,96,8.0,19,8
4,16,0.7401278305348492,0.962152922368351,96,8.0,19,8
4,17,1.2569874224487567,0.6280515340025346,96,8.0,19,8
4,18,0.8532852991114797,0.9631323775121784,96,8.0,19,8
4,19,0.810857552324037,0.9676345133718834,96,8.0,19,8
4,20,0.9877335298073971,0.910278279517446,96,8.0,19,8
4,21,0.8369791005559399,0.9655538285851303,96,8.0,19,8
4,22,0.8710156866777449,0.9595202038296919,96,8.0,19,8
4,23,1.1795649414595684,0.7333038018349771,96,8.0,19,8
4,24,0.9225804968518128,0.9432170183452651,96,8.0,19,8
4,25,0.9455039880024112,0.9331986199299149,96,8.0,19,8
4,26,0.8595891123185043,0.9619649953989798,96,8.0,19,8
4,27,0.7765210165899423,0.9670010871555524,96,8.0,19,8
4,28,0.7223473244198009,0.9582212873172704,96,8.0,19,8
4,29,0.9313263599406211,0.9395959583360909,96,8.0,19,8
4,30,0.9180054630574309,0.94501233569419,96,8.0,19,8
4,31,0.9082234145756687,0.9486230840156713,96,8.0,19,8
4,32,0.9384556452433946,0.9364605643296028,96,8.0,19,8
4,33,1.0346715861192821,0.8780110527660399,96,8.0,19,8
4,34,0.8539799937240465,0.9630100521457091,96,8.0,19,8
4,35,0.6872585266895952,0.9474522459588833,96,8.0,19,8
4,36,0.9992855781451581,0.9030002107130437,96,8.0,19,8
4,37,0.9207755098748468,0.9439334374871017,96,8.0,19,8
4,38,1.2232884576116287,0.6762545662545414,96,8.0,19,8
4,39,0.8453026281690813,0.964425609133443,96,8.0,19,8
4,40,1.0119925998939363,0.8944942857657012,96,8.0,19,8
4,41,0.944071375849068,0.9338746813992468,96,8.0,19,8
4,42,0.630231103011885,0.9214261005046027,96,8.0,19,8
4,43,0.9266245168125924,0.9415735213827289,96,8.0,19,8
4,44,0.8813224588959417,0.9569515295400701,96,8.0,19,8
4,45,0.8379876609349415,0.9654290935794327,96,8.0,19,8
4,46,0.9883020052565062,0.9099302578587145,96,8.0,19,8
4,47,0.8876094883054202,0.9552153807428694,96,8.0,19,8
4,48,0.810065446139819,0.9676630156170929,96,8.0,19,8
4,49,0.8260550250918559,0.9666933620324519,96,8.0,19,8
8,0,0.7420141112740958,0.9625098226662026,96,8.0,19,8
8,1,0.7802026292646308,0.9672521341553776,96,8.0,19,8
8,2,0.8464297057933267,0.9642555548335737,96,8.0,19,8
8,3,0.8588944318075998,0.9620999636586895,96,8.0,19,8
8,4,0.9348310683888961,0.9380752323442219,96,8.0,19,8
8,5,0.9486641214726999,0.9316837764743313,96,8.0,19,8
8,6,0.7310062224292286,0.9602641083801061,96,8.0,19,8
8,7,0.8743181853386647,0.9587346827448855,96,8.0,19,8
8,8,0.7185783897277083,0.957256110386547,96,8.0,19,8
8,9,0.6922138902344006,0.9492153835490793,96,8.0,19,8
8,10,0.8533740755342966,0.9631168325910742,96,8.0,19,8
8,11,0.9859412575358322,0.9113686461740973,96,8.0,19,8
8,12,0.7278906102427973,0.959557092302066,96,8.0,19,8
8,13,0.7139617140115907,0.9560110193998435,96,8.0,19,8
8,14,0.980186479196858,0.9147992132693943,96,8.0,19,8
8,15,0.844862581298275,0.9644908847444575,96,8.0,19,8
8,16,0.7718974596373952,0.9666235011877544,96,8.0,19,8
8,17,0.7462476256021777,0.9632687997674332,96,8.0,19,8
8,18,0.8533923686619492,0.9631136262513441,96,8.0,19,8
8,19,0.8389260971756399,0.9653100664939755,96,8.0,19,8
8,20,0.7456682045878488,0.9631683577163395,96,8.0,19,8
8,21,0.8113099156246596,0.9676173225794902,96,8.0,19,8
8,22,0.7566325872320517,0.9648842613308565,96,8.0,19,8
8,23,0.954200056633568,0.9289519521313683,96,8.0,19,8
8,24,0.9222898838903749,0.9433330799366791,96,8.0,19,8
8,25,0.7419457566134299,0.9624970910202114,96,8.0,19,8
8,26,0.9664200593674622,0.9225696572301059,96,8.0,19,8
8,27,0.8979802056517318,0.952071215732919,96,8.0,19,8
8,28,0.832233216336948,0.9660964678270435,96,8.0,19,8
8,29,0.7146842246871392,0.9562104418023145,96,8.0,19,8
8,30,0.8216587415399124,0.9670426668133313,96,8.0,19,8
8,31,0.9006255948154891,0.9512133223296322,96,8.0,19,8
8,32,0.6818311000984326,0.9454297079153042,96,8.0,19,8
8,33,0.7555942899036612,0.9647384931785103,96,8.0,19,8
8,34,0.8087229882394449,0.9677066713218229,96,8.0,19,8
8,35,0.6888052703126741,0.9480111383138009,96,8.0,19,8
8,36,0.7596041981755095,0.9652821151786805,96,8.0,19,8
8,37,0.7662655075983086,0.9660698427813961,96,8.0,19,8
8,38,0.7812259341930129,0.9673141004219222,96,8.0,19,8
8,39,0.9247890155850775,0.9423260501206683,96,8.0,19,8
8,40,0.6836202454911098,0.9461069978449175,96,8.0,19,8
8,41,0.7460083787020757,0.9632274586168266,96,8.0,19,8
8,42,0.8076252674222811,0.9677380219104151,96,8.0,19,8
8,43,0.7913013842793093,0.9677427683135678,96,8.0,19,8
8,44,0.8299496844256721,0.9663315179763956,96,8.0,19,8
8,45,0.8442591656485661,0.9645793724504602,96,8.0,19,8
8,46,0.6722553257135048,0.941628162434842,96,8.0,19,8
8,47,0.8211759187324114,0.9670772067696514,96,8.0,19,8
8,48,0.9296556661621654,0.9403068579416556,96,8.0,19,8
8,49,0.7290073888065896,0.9598141414901054,96,8.0,19,8
16,0,0.7534487228318512,0.9644261891790036,96,8.0,19,8
16,1,0.7357299559040033,0.9612759625141725,96,8.0,19,8
16,2,0.75665453140624,0.9648873043546007,96,8.0,19,8
16,3,0.8283253863870075,0.9664884117313094,96,8.0,19,8
16,4,0.7852885046784284,0.9675265830316158,96,8.0,19,8
16,5,0.7701777813750069,0.9664653622223048,96,8.0,19,8
16,6,0.7831314113503725,0.9674204311624559,96,8.0,19,8
16,7,0.7626607627061389,0.9656614451122474,96,8.0,19,8
16,8,0.7396881534673468,0.9620680723188246,96,8.0,19,8
16,9,0.7634394483646825,0.9657532366877482,96,8.0,19,8
16,10,0.7171856174602642,0.9568877735936109,96,8.0,19,8
16,11,0.7199573071010646,0.9576145814638742,96,8.0,19,8
16,12,0.7462624283198396,0.9632713515307547,96,8.0,19,8
16,13,0.7803655466215746,0.9672622270701959,96,8.0,19,8
16,14,0.740629666737139,0.962249001380433,96,8.0,19,8
16,15,0.7738043137128263,0.9667876315804207,96,8.0,19,8
16,16,0.9243162461777729,0.9425181079324123,96,8.0,19,8
16,17,0.8271078624594943,0.9666004001687265,96,8.0,19,8
16,18,0.7457774003402245,0.9631873700072962,96,8.0,19,8
16,19,0.7762632929809953,0.966981865735677,96,8.0,19,8
16,20,0.8579885452461078,0.9622736140578277,96,8.0,19,8
16,21,0.747310737998322,0.9634502557883693,96,8.0,19,8
16,22,0.6988026098309007,0.9514362565851514,96,8.0,19,8
16,23,0.6846746877813,0.9465012969289114,96,8.0,19,8
16,24,0.747778419832022,0.9635289197960561,96,8.0,19,8
16,25,0.805950085589303,0.9677783272792163,96,8.0,19,8
16,26,0.7508711798616059,0.9640312537041607,96,8.0,19,8
16,27,0.7754551767449466,0.9669201975800588,96,8.0,19,8
16,28,0.6956121962969948,0.9503784500818953,96,8.0,19,8
16,29,0.8568660831375252,0.9624850857328607,96,8.0,19,8
16,30,0.7355338549875786,0.96123539713062,96,8.0,19,8
16,31,0.7790936943613208,0.9671811458119064,96,8.0,19,8
16,32,0.8200292904015118,0.9671562020458487,96,8.0,19,8
16,33,0.8288537689026767,0.9664383139595185,96,8.0,19,8
16,34,0.7882695385023444,0.9676484276869137,96,8.0,19,8
16,35,0.7634611861550328,0.9657557709085702,96,8.0,19,8
16,36,0.7354799777077194,0.9612242302368842,96,8.0,19,8
16,37,0.8334947769533203,0.9659593549612712,96,8.0,19,8
16,38,0.8493732120241339,0.9637919943524845,96,8.0,19,8
16,39,0.8745282765450569,0.9586835137176256,96,8.0,19,8
16,40,0.9776118338242517,0.9162992257131134,96,8.0,19,8
16,41,0.7631727539853234,0.965722020279952,96,8.0,19,8
16,42,0.8639045918645095,0.9610914649989228,96,8.0,19,8
16,43,0.840796168632584,0.9650643526645953,96,8.0,19,8
16,44,0.7264443432305484,0.9592181898087572,96,8.0,19,8
16,45,0.8107205495521773,0.9676395887566195,96,8.0,19,8
16,46,0.8261629702197001,0.9666839963578957,96,8.0,19,8
16,47,0.6887245387716424,0.9479821592402577,96,8.0,19,8
16,48,0.8831103134814912,0.9564708698686879,96,8.0,19,8
16,49,0.841215302861398,0.965007724570749,96,8.0,19,8
96,0,0.7641190590167759,0.9658317411342292,96,8.0,19,8
0,0,1.0,0.7756106302326319,96,8.0,19,9
4,0,0.6227555061835571,0.957680487889101,96,8.0,19,9
4,1,0.8864649060308702,0.8955836005300952,96,8.0,19,9
4,2,0.6604386797100594,0.9673486780113318,96,8.0,19,9
4,3,0.7529649883795484,0.9648606654980908,96,8.0,19,9
4,4,0.690425192156198,0.9706248253398412,96,8.0,19,9
4,5,0.7065477081046617,0.9707679706898912,96,8.0,19,9
4,6,0.7869401989870826,0.9545908825230968,96,8.0,19,9
4,7,0.7714580306997908,0.9598939990236584,96,8.0,19,9
4,8,0.7891909705388709,0.9537330376156706,96,8.0,19,9
4,9,0.7657074110718812,0.9615979572729615,96,8.0,19,9
4,10,0.6519037755561035,0.9657004866594717,96,8.0,19,9
4,11,0.706590439248934,0.9707668463579116,96,8.0,19,9
4,12,0.8712248124011429,0.9074155706038386,96,8.0,19,9
4,13,0.739144351059934,0.9676002659431128,96,8.0,19,9
4,14,0.7696341517982731,0.960450020936314,96,8.0,19,9
4,15,0.8400538018962125,0.9284665445730087,96,8.0,19,9
4,16,0.8113800862438161,0.9440954778349403,96,8.0,19,9
4,17,0.6717631285198729,0.9690459836180128,96,8.0,19,9
4,18,0.9399230574173257,0.8460855513313656,96,8.0,19,9
4,19,0.7932596869568259,0.9521263393593097,96,8.0,19,9
4,20,0.7807175756634829,0.9568477523878085,96,8.0,19,9
4,21,0.8366367872698224,0.9305169003060887,96,8.0,19,9
4,22,0.872072656044114,0.9067838927387657,96,8.0,19,9
4,23,0.7902012278712318,0.9533408226935332,96,8.0,19,9
4,24,0.8182804963862741,0.9406614011939629,96,8.0,19,9
4,25,0.7160717238979395,0.9703208017817431,96,8.0,19,9
4,26,0.6713413710295758,0.9689927807987401,96,8.0,19,9
4,27,0.8034455385272041,0.9477879643758458,96,8.0,19,9
4,28,0.6976494074980091,0.9708289053919823,96,8.0,19,9
4,29,0.7199690320127923,0.9700239485051497,96,8.0,19,9
4,30,0.8545278259809158,0.9192177839233964,96,8.0,19,9
4,31,0.8115814647759017,0.9439981960016982,96,8.0,19,9
4,32,0.5150319156164952,0.8959437394096789,96,8.0,19,9
4,33,0.8067312361475427,0.9462921567989522,96,8.0,19,9
4,34,0.827007367519239,0.9360214813604258,96,8.0,19,9
4,35,0.6300945962063708,0.9600482373365058,96,8.0,19,9
4,36,0.9711318210977494,0.8114365169801081,96,8.0,19,9
4,37,0.7981174542149396,0.9501136551854349,96,8.0,19,9
4,38,0.6672239449214704,0.968432699926131,96,8.0,19,9
4,39,0.7078761721140885,0.9707292981731488,96,8.0,19,9
4,40,0.8513803336446748,0.9213066083116338,96,8.0,19,9
4,41,0.8815280318979859,0.8995271778159849,96,8.0,19,9
4,42,0.719490472338048,0.9700639614169597,96,8.0,19,9
4,43,0.7890665493245855,0.953781034665763,96,8.0,19,9
4,44,0.6789567723246321,0.9698341727726799,96,8.0,19,9
4,45,0.9103034187597318,0.875048103971805,96,8.0,19,9
4,46,0.9073415831723742,0.8777341594034254,96,8.0,19,9
4,47,0.6944586044630366,0.9707667834989747,96,8.0,19,9
4,48,0.6694502704694167,0.9687447054361098,96,8.0,19,9
4,49,0.8235903949458123,0.9378777214506755,96,8.0,19,9
8,0,0.7957682099310717,0.95109982971827,96,8.0,19,9
8,1,0.7015634740180544,0.9708445708568012,96,8.0,19,9
8,2,0.7165631734904064,0.97028701239386,96,8.0,19,9
8,3,0.8444173800604193,0.9257743010805778,96,8.0,19,9
8,4,0.6619436153236529,0.9676064072633747,96,8.0,19,9
8,5,0.7845866206027844,0.9554643200093539,96,8.0,19,9
8,6,0.6959848931191305,0.9708020294003084,96,8.0,19,9
8,7,0.7038663029944305,0.9708226218976903,96,8.0,19,9
8,8,0.6999635885814991,0.9708462274183711,96,8.0,19,9
8,9,0.8690825753453976,0.9089976798598166,96,8.0,19,9
8,10,0.7852568856597588,0.9552180337951373,96,8.0,19,9
8,11,0.7300236189845297,0.9689527238917975,96,8.0,19,9
8,12,0.7657224791617474,0.9615936806051006,96,8.0,19,9
8,13,0.688835165775803,0.9705493987875278,96,8.0,19,9
8,14,0.8595613824836319,0.9157876335260734,96,8.0,19,9
8,15,0.6634561705648918,0.9678555057180047,96,8.0,19,9
8,16,0.7619300509773282,0.9626388731882819,96,8.0,19,9
8,17,0.7363215810260546,0.9680575378992895,96,8.0,19,9
8,18,0.6941637782237617,0.9707588063957582,96,8.0,19,9
8,19,0.829213580892951,0.9347959687898938,96,8.0,19,9
8,20,0.8081726620004925,0.9456211173693367,96,8.0,19,9
8,21,0.7842824273081257,0.9555754493295815,96,8.0,19,9
8,22,0.8697964742807145,0.9084726628812843,96,8.0,19,9
8,23,0.7855394953032375,0.955113603787188,96,8.0,19,9
8,24,0.741150391216164,0.9672542120580303,96,8.0,19,9
8,25,0.7879987230724299,0.9541901906293629,96,8.0,19,9
8,26,0.8156380689875032,0.9420009320715853,96,8.0,19,9
8,27,0.7031364945555625,0.9708320770288246,96,8.0,19,9
8,28,0.7996600395899583,0.949453033875761,96,8.0,19,9
8,29,0.716749205540306,0.9702739474831297,96,8.0,19,9
8,30,0.6147696625027466,0.9548376653565296,96,8.0,19,9
8,31,0.8464285954376547,0.9245055096112531,96,8.0,19,9
8,32,0.711731158027399,0.9705735774472891,96,8.0,19,9
8,33,0.823499129102282,0.9379266038022299,96,8.0,19,9
8,34,0.7071324765568718,0.970751894388998,96,8.0,19,9
8,35,0.7178707302706462,0.9701919911728877,96,8.0,19,9
8,36,0.7490175830914307,0.9657279835446575,96,8.0,19,9
8,37,0.7905415690196902,0.9532076904838824,96,8.0,19,9
8,38,0.908784486446923,0.8764303777124289,96,8.0,19,9
8,39,0.641663393515548,0.9633044003270046,96,8.0,19,9
8,40,0.7254580057356603,0.96949370302036,96,8.0,19,9
8,41,0.7199678173753746,0.970024051324526,96,8.0,19,9
8,42,0.6974065208745998,0.9708257353126635,96,8.0,19,9
8,43,0.6940783565848745,0.9707564244362333,96,8.0,19,9
8,44,0.8283205041669222,0.935294610078036,96,8.0,19,9
8,45,0.7483586390565528,0.9658661581052648,96,8.0,19,9
8,46,0.8997585312576006,0.8844370726199939,96,8.0,19,9
8,47,0.7026149793532022,0.9708374129684966,96,8.0,19,9
8,48,0.7954235753664228,0.9512424806459983,96,8.0,19,9
8,49,0.7120900721843035,0.9705557868151621,96,8.0,19,9
16,0,0.6947439788962869,0.970774144423545,96,8.0,19,9
16,1,0.6494969625487769,0.9651783741551447,96,8.0,19,9
16,2,0.7045435126671116,0.9708117739516695,96,8.0,19,9
16,3,0.9255120221205635,0.8606540084814965,96,8.0,19,9
16,4,0.6930678080149895,0.9707258345589642,96,8.0,19,9
16,5,0.7354804716687466,0.9681870839631561,96,8.0,19,9
16,6,0.716076853911676,0.9703204545010616,96,8.0,19,9
16,7,0.7248895140259816,0.9695547098020081,96,8.0,19,9
16,8,0.7360600715085696,0.9680981450548153,96,8.0,19,9
16,9,0.8004651244688172,0.9491041369852571,96,8.0,19,9
16,10,0.6895263475832583,0.970583539024705,96,8.0,19,9
16,11,0.7108833226687411,0.9706133756358952,96,8.0,19,9
16,12,0.7230561361708322,0.9697418697043021,96,8.0,19,9
16,13,0.8011867992189939,0.9487889886811736,96,8.0,19,9
16,14,0.7420093838780715,0.9671006732239658,96,8.0,19,9
16,15,0.7440913753237849,0.9667152025724518,96,8.0,19,9
16,16,0.7098287439832558,0.9706585111252769,96,8.0,19,9
16,17,0.74517135037171,0.9665078165862944,96,8.0,19,9
16,18,0.6506742856397753,0.9654369232041478,96,8.0,19,9
16,19,0.7278301092254316,0.9692239596716735,96,8.0,19,9
16,20,0.6983375252970104,0.9708364918673402,96,8.0,19,9
16,21,0.7400896823003598,0.9674393735078495,96,8.0,19,9
16,22,0.8303323160769528,0.9341664335996593,96,8.0,19,9
16,23,0.7123783482638448,0.9705410914205251,96,8.0,19,9
16,24,0.7434061021403626,0.9668441611879836,96,8.0,19,9
16,25,0.8027407259917975,0.9481027062315129,96,8.0,19,9
16,26,0.6905025465363319,0.9706282140457269,96,8.0,19,9
16,27,0.7415254300080145,0.9671875716523873,96,8.0,19,9
16,28,0.7169898517059605,0.9702568235360122,96,8.0,19,9
16,29,0.8140153465782447,0.942808475145369,96,8.0,19,9
16,30,0.6468791098548005,0.9645818458085446,96,8.0,19,9
16,31,0.7008867579514921,0.970846631515612,96,8.0,19,9
16,32,0.7117316211059059,0.9705735548547939,96,8.0,19,9
16,33,0.7025890782712211,0.9708376471124748,96,8.0,19,9
16,34,0.7324130772285583,0.9686334193574881,96,8.0,19,9
16,35,0.7888072779436771,0.9538808353050281,96,8.0,19,9
16,36,0.7352524518438627,0.9682216724489293,96,8.0,19,9
16,37,0.7342838307975614,0.9683660800052671,96,8.0,19,9
16,38,0.7294535872028899,0.9690252250692218,96,8.0,19,9
16,39,0.8555811795790078,0.9185090959901712,96,8.0,19,9
16,40,0.7760983797244513,0.9584140576646029,96,8.0,19,9
16,41,0.7199358704511993,0.9700267533337978,96,8.0,19,9
16,42,0.6922022088403774,0.9706960970896858,96,8.0,19,9
16,43,0.6902355407122983,0.9706164069400007,96,8.0,19,9
16,44,0.8176345275227164,0.9409916709089119,96,8.0,19,9
16,45,0.6954310408635266,0.9707904119939643,96,8.0,19,9
16,46,0.8025638829629776,0.9481813380347212,96,8.0,19,9
16,47,0.6874576034482631,0.9704751516436704,96,8.0,19,9
16,48,0.7372019078756505,0.9679186526772681,96,8.0,19,9
16,49,0.7351087279370878,0.9682433577190617,96,8.0,19,9
96,0,0.7242305235328212,0.9696236674118379,96,8.0,19,9
