fold_seed,model,n_rows,mae,rmse,r2
0,additive_head,239,0.385275048046964,0.4571588792943077,0.7568218994789545
0,count_additive,239,0.39049539770394837,0.4674006752051929,0.7458039404921719
0,count_plus_PB_count,239,0.3802305241466209,0.44363799698613005,0.7709936026397988
0,count_plus_PE_count,239,0.2619854125150431,0.31970643809553273,0.8810695924819424
0,count_plus_BE_count,239,0.39336459021717507,0.46615779543126756,0.7471540244830486
0,count_plus_all_pairs,239,0.23225064022226702,0.283580415232726,0.9064287112026237
1,additive_head,239,0.37883342412260995,0.4468703922873531,0.7676443136248855
1,count_additive,239,0.3840396270985152,0.4562422341238828,0.757796110266643
1,count_plus_PB_count,239,0.37621883509947596,0.43634297310143894,0.7784630787345521
1,count_plus_PE_count,239,0.2595199178136857,0.31491308774759963,0.8846090992428548
1,count_plus_BE_count,239,0.380761663909591,0.4509469294906485,0.7633856873108078
1,count_plus_all_pairs,239,0.23083967349262247,0.2815909277155205,0.9077370237135753
2,additive_head,239,0.3848395519412049,0.4552574305112305,0.7588405810337531
2,count_additive,239,0.385506762306782,0.4626537995264501,0.7509409028966865
2,count_plus_PB_count,239,0.37417643149977775,0.43691313722985964,0.7778837412002245
2,count_plus_PE_count,239,0.25749867476473415,0.3132169693216943,0.8858487401262248
2,count_plus_BE_count,239,0.38847015776391997,0.46290329488810733,0.7506722102178582
2,count_plus_all_pairs,239,0.22698665694231324,0.27705377119194563,0.910686260124132
3,additive_head,239,0.39430113272009654,0.4679900715871669,0.7451624493291431
3,count_additive,239,0.40620822145371965,0.48279592040709346,0.7287827385807295
3,count_plus_PB_count,239,0.39432503140745745,0.4620518490617686,0.7515885738311331
3,count_plus_PE_count,239,0.25638006402910213,0.3114679324806765,0.8871200461649985
3,count_plus_BE_count,239,0.4000957420386127,0.47135732067182623,0.7414820781538484
3,count_plus_all_pairs,239,0.227821117457209,0.2784469908277985,0.9097857379964296
4,additive_head,239,0.3849805017829868,0.4574581611843067,0.7565033991615632
4,count_additive,239,0.39118310603767154,0.4679525598675839,0.7452033006728103
4,count_plus_PB_count,239,0.3832954379042161,0.4501043922436538,0.7642690291078877
4,count_plus_PE_count,239,0.25469993787965145,0.30857733725573255,0.889205501162932
4,count_plus_BE_count,239,0.39106644859827006,0.4742736132799989,0.738273276219737
4,count_plus_all_pairs,239,0.2264140820288886,0.275934591766961,0.9114063817488887
5,additive_head,239,0.38183196411125025,0.4552167771860789,0.7588836489504198
5,count_additive,239,0.3845340383433841,0.46232509524942467,0.7512946780449788
5,count_plus_PB_count,239,0.3712281230467513,0.4348882136536384,0.7799378162983591
5,count_plus_PE_count,239,0.25673803276125434,0.3156847874516261,0.88404287171436
5,count_plus_BE_count,239,0.3817934197962472,0.4589702493590695,0.7548910250942861
5,count_plus_all_pairs,239,0.22665104928064075,0.2776653840502554,0.9102914939676632
6,additive_head,239,0.37636201220476634,0.4502878725763792,0.7640768034227807
6,count_additive,239,0.3863509198106225,0.46283294896372984,0.7507479835439568
6,count_plus_PB_count,239,0.37914024107067795,0.442888831038818,0.7717663900789465
6,count_plus_PE_count,239,0.26276681407551367,0.3212605014342703,0.8799105629871516
6,count_plus_BE_count,239,0.38536975420803415,0.45630565382918936,0.7577287707449984
6,count_plus_all_pairs,239,0.2293383557044429,0.27948160326406696,0.9091140826791864
7,additive_head,239,0.3799838733080168,0.45364379994956183,0.760547099315193
7,count_additive,239,0.38392173163589166,0.46202661851624505,0.7516157023219634
7,count_plus_PB_count,239,0.37613899832853664,0.44105784716173907,0.7736496086630801
7,count_plus_PE_count,239,0.2547529796377036,0.309002454104753,0.8889000150042073
7,count_plus_BE_count,239,0.38297326263103826,0.45758886507069385,0.7563642367140603
7,count_plus_all_pairs,239,0.2269576545703169,0.2763569085843282,0.9111349898506158
8,additive_head,239,0.3819482946216434,0.45393138895084373,0.7602433991484212
8,count_additive,239,0.3906015159705709,0.4675114609474318,0.7456834244634635
8,count_plus_PB_count,239,0.3770250484017153,0.44109897617066013,0.773607391972517
8,count_plus_PE_count,239,0.2636497603255029,0.3230661397375039,0.8785568487682743
8,count_plus_BE_count,239,0.38924098942569546,0.46226840352043896,0.751355668332507
8,count_plus_all_pairs,239,0.23285621160873873,0.2870390502651217,0.904132343332277
9,additive_head,239,0.3847236840509695,0.4517744867644429,0.7625164428154124
9,count_additive,239,0.3983003366576165,0.47011087824164205,0.7428475036951416
9,count_plus_PB_count,239,0.39019102254108023,0.45365839124312346,0.7605316952304951
9,count_plus_PE_count,239,0.2679324529597285,0.3230943396777179,0.8785356466758804
9,count_plus_BE_count,239,0.38999424523729237,0.4590352678049458,0.7548215751312735
9,count_plus_all_pairs,239,0.23032334841385121,0.2803986886638052,0.908516641569617
10,additive_head,239,0.3804460899529681,0.4510562962627731,0.7632709027100064
10,count_additive,239,0.3894996901695064,0.46422368668207564,0.7492478095130369
10,count_plus_PB_count,239,0.381495136699286,0.4407148094779187,0.7740015648483038
10,count_plus_PE_count,239,0.25844597744645226,0.311458615209349,0.887126799460069
10,count_plus_BE_count,239,0.39578850313343217,0.4664463060166726,0.746840948886978
10,count_plus_all_pairs,239,0.22821901617099746,0.27797409667138057,0.9100919044976402
11,additive_head,239,0.38630645050131507,0.4615054104243203,0.7521757864356968
11,count_additive,239,0.39410430564209464,0.47592356011428427,0.7364490704394344
11,count_plus_PB_count,239,0.38302933463887096,0.4498350208679922,0.7645510977835845
11,count_plus_PE_count,239,0.25956778417756343,0.31861277360123097,0.8818818844740384
11,count_plus_BE_count,239,0.39070762769579276,0.4660936111116784,0.7472236473867385
11,count_plus_all_pairs,239,0.22763860731476537,0.28031948508984084,0.9085683164588753
12,additive_head,239,0.3811495910885897,0.4564080367862995,0.7576200399966619
12,count_additive,239,0.389141030160303,0.4690504633486072,0.7440062975118835
12,count_plus_PB_count,239,0.3727877040497605,0.4387313976515382,0.7760311735758294
12,count_plus_PE_count,239,0.2590694169032875,0.31946253568884914,0.8812509860628216
12,count_plus_BE_count,239,0.38733607966748607,0.4660672640176926,0.7472522241958885
12,count_plus_all_pairs,239,0.22989618612865192,0.28037029996158197,0.9085351649255076
13,additive_head,239,0.3754982219720732,0.4447370770702392,0.7698575045071467
13,count_additive,239,0.38418652745140486,0.4601381081580773,0.7536420689310951
13,count_plus_PB_count,239,0.37344610775862663,0.4386388911235983,0.7761256112857983
13,count_plus_PE_count,239,0.2603562058392453,0.316588634703503,0.88337791999788
13,count_plus_BE_count,239,0.3804387861739214,0.4506033209127668,0.7637461365211845
13,count_plus_all_pairs,239,0.23041907632123232,0.2806757912898988,0.9083357362656012
14,additive_head,239,0.3764125160504662,0.449414195606445,0.7649914214344974
14,count_additive,239,0.3799066735312072,0.4551518597473288,0.7589524141657646
14,count_plus_PB_count,239,0.3736450929586369,0.4355336406864928,0.7792841334633734
14,count_plus_PE_count,239,0.25419801925442986,0.30608326805956454,0.8909892513056448
14,count_plus_BE_count,239,0.3760036332553296,0.44778331533352655,0.7666939730326373
14,count_plus_all_pairs,239,0.23037188607240175,0.27750666611539815,0.91039402226396
15,additive_head,239,0.38186879402752855,0.4566557364720594,0.757356881915692
15,count_additive,239,0.38873239356906897,0.46522519189861217,0.7481647087381063
15,count_plus_PB_count,239,0.3771470365278527,0.4395019831345979,0.7752437273489199
15,count_plus_PE_count,239,0.25625907366203166,0.3123134790922915,0.8865063405096045
15,count_plus_BE_count,239,0.38671490261888836,0.45910342807212257,0.7547487586449473
15,count_plus_all_pairs,239,0.224080690528792,0.27570131857881136,0.9115561112915487
16,additive_head,239,0.38144725101226407,0.4517215513603878,0.762572092489848
16,count_additive,239,0.3898193080641122,0.4660814403389129,0.7472368483545604
16,count_plus_PB_count,239,0.3844693959759571,0.4477771096071945,0.7667004396573319
16,count_plus_PE_count,239,0.26428429284922644,0.3205698400117245,0.8804263561555239
16,count_plus_BE_count,239,0.3877324975330418,0.4606045316812207,0.7531423695125985
16,count_plus_all_pairs,239,0.23447146953047807,0.2870942429905617,0.9040954723493794
17,additive_head,239,0.3789284065875827,0.4495707215142626,0.7648276912392638
17,count_additive,239,0.38256798057519814,0.4560677206163144,0.7579813617116755
17,count_plus_PB_count,239,0.36781612894197174,0.43113393966586994,0.7837208926723315
17,count_plus_PE_count,239,0.2653707829740723,0.3222483464207213,0.8791709007177312
17,count_plus_BE_count,239,0.37716103513470667,0.4478939110868748,0.7665787126316188
17,count_plus_all_pairs,239,0.23176821048677954,0.28403392646042996,0.9061291872579912
18,additive_head,239,0.38117508206198186,0.45105290344248206,0.7632744640227325
18,count_additive,239,0.39052836739805297,0.46407637845671845,0.7494069224607527
18,count_plus_PB_count,239,0.37833872734169444,0.4408406687606789,0.7738724652044593
18,count_plus_PE_count,239,0.269834964703802,0.3289437259281022,0.8740977887628003
18,count_plus_BE_count,239,0.38540140463509365,0.45604952292465245,0.7580006750394587
18,count_plus_all_pairs,239,0.23831223512178093,0.28997749728399647,0.9021594832953697
19,additive_head,239,0.38943493888436626,0.4618767765219258,0.7517767855227777
19,count_additive,239,0.39589568089538035,0.47735540006787025,0.7348608725025181
19,count_plus_PB_count,239,0.3908667523357251,0.4596347842999101,0.7541807333207963
19,count_plus_PE_count,239,0.2614642003030458,0.32126133786435507,0.8799099376594298
19,count_plus_BE_count,239,0.391392431702849,0.468322285445901,0.7448005159448409
19,count_plus_all_pairs,239,0.23378024082390783,0.2844145057587644,0.9058774622419654
20,additive_head,239,0.3834910618271463,0.45759962087147094,0.7563527830763955
20,count_additive,239,0.38443916342262197,0.46561722883581125,0.7477400957272295
20,count_plus_PB_count,239,0.3785707703128671,0.44413682741346655,0.7704783195330732
20,count_plus_PE_count,239,0.2515156726104541,0.30550543749329095,0.8914004484700798
20,count_plus_BE_count,239,0.3808730814452287,0.4577461891421059,0.7561966786188101
20,count_plus_all_pairs,239,0.22407380331400087,0.27374082861962024,0.9128094739053649
21,additive_head,239,0.3752349349165178,0.4455300027095708,0.7690361267869761
21,count_additive,239,0.3770962150403999,0.45351071164158546,0.7606875782843001
21,count_plus_PB_count,239,0.3706791272605358,0.4313240527312216,0.7835301095032219
21,count_plus_PE_count,239,0.2524266148071565,0.30779827654510566,0.8897642374709394
21,count_plus_BE_count,239,0.37960875611466266,0.4547665709182314,0.7593603379448656
21,count_plus_all_pairs,239,0.22793665622584697,0.2781812498557688,0.9099578510853211
22,additive_head,239,0.3847480240370256,0.4555836932135694,0.7584948007690078
22,count_additive,239,0.38431650010565277,0.45823317565033916,0.7556776482583478
22,count_plus_PB_count,239,0.3784977737876546,0.4403008866735382,0.7744258844968773
22,count_plus_PE_count,239,0.25568205462480476,0.31101906014685776,0.8874451658477835
22,count_plus_BE_count,239,0.38215604133594233,0.4574750099210649,0.7564854622832683
22,count_plus_all_pairs,239,0.22650400841737062,0.27882394937420796,0.9095413104581759
23,additive_head,239,0.37994993334187904,0.4514613739183249,0.7628455157777043
23,count_additive,239,0.38812908991102346,0.4642116297716277,0.7492608345159879
23,count_plus_PB_count,239,0.3800949935789359,0.44838593535469107,0.7660655910303342
23,count_plus_PE_count,239,0.25652401405900804,0.3173330445426395,0.8828288371821797
23,count_plus_BE_count,239,0.38292719880456033,0.45331970842293157,0.7608891162679048
23,count_plus_all_pairs,239,0.2295374788480134,0.2805840246836334,0.9083956655046678
24,additive_head,239,0.3761571419345197,0.448568592395726,0.7658749585109395
24,count_additive,239,0.37921266667869313,0.4531868691748801,0.7610292321971275
24,count_plus_PB_count,239,0.3685586192752564,0.43114537705644806,0.783709417345486
24,count_plus_PE_count,239,0.2561641466174932,0.30890016639476264,0.8889735566992977
24,count_plus_BE_count,239,0.3763373606814655,0.4473241268141103,0.7671722245233219
24,count_plus_all_pairs,239,0.2258236316389231,0.2759106231021628,0.9114217721970336
25,additive_head,239,0.3817725030447708,0.4535811520288451,0.7606132313355545
25,count_additive,239,0.3898734953575088,0.4663510004296517,0.7469443906197957
25,count_plus_PB_count,239,0.3773180303871916,0.4403722429153201,0.7743527643833312
25,count_plus_PE_count,239,0.26004921383119994,0.319140980377419,0.8814899196129901
25,count_plus_BE_count,239,0.38755612196044875,0.45842967046838884,0.7554680677575625
25,count_plus_all_pairs,239,0.22976572129825887,0.2801474360142179,0.9086805163594788
26,additive_head,239,0.38237486274850296,0.45405619697202126,0.7601115393062909
26,count_additive,239,0.38348424119318825,0.45986376440769255,0.7539357486296232
26,count_plus_PB_count,239,0.37345473377156446,0.4375906261661313,0.7771943685758015
26,count_plus_PE_count,239,0.25865275096266316,0.3169440663963971,0.8831159115285638
26,count_plus_BE_count,239,0.37751575922648156,0.45088125264960116,0.7634546042850374
26,count_plus_all_pairs,239,0.22887881016082465,0.2801130540242683,0.908702929935314
27,additive_head,239,0.3850494607662783,0.4585410792995416,0.7553491996788058
27,count_additive,239,0.3899483429604114,0.4688030606214908,0.7442762762979236
27,count_plus_PB_count,239,0.37743956242395776,0.44493049255612205,0.7696572837284954
27,count_plus_PE_count,239,0.2597874693662295,0.31823226722461545,0.8821638434038415
27,count_plus_BE_count,239,0.3898981131022764,0.46987881521374497,0.7431013198083856
27,count_plus_all_pairs,239,0.2315155175307012,0.28685212377707503,0.9042571651593784
28,additive_head,239,0.3875027417001647,0.4620448151235711,0.7515961370399933
28,count_additive,239,0.3920024779443454,0.4705360515503052,0.7423821504164232
28,count_plus_PB_count,239,0.38346661579508606,0.44791068419060315,0.7665612295952197
28,count_plus_PE_count,239,0.2621259349073999,0.31920095531082604,0.8814453731431133
28,count_plus_BE_count,239,0.3926245332097961,0.47242428709296996,0.7403103890141078
28,count_plus_all_pairs,239,0.23056452273560685,0.28269751836860296,0.9070104523135862
29,additive_head,239,0.3813019325827839,0.45428594123016836,0.7598687194091084
29,count_additive,239,0.3909113350101076,0.4663239954885682,0.7469736971033465
29,count_plus_PB_count,239,0.3784590520952227,0.44155207697630133,0.7731420480769416
29,count_plus_PE_count,239,0.26302622674673865,0.316157732212593,0.883695167935789
29,count_plus_BE_count,239,0.3909400128150285,0.46081972676502997,0.7529116511662013
29,count_plus_all_pairs,239,0.2309895240766258,0.28117670280880025,0.9080082647913941
30,additive_head,239,0.3889765994582745,0.459789825198884,0.7540148691641181
30,count_additive,239,0.3958857350350433,0.4685176301478522,0.7445875759857347
30,count_plus_PB_count,239,0.39074646802078905,0.45297057448250244,0.7612572872336127
30,count_plus_PE_count,239,0.2595087506989227,0.3136277477661305,0.8855491291228008
30,count_plus_BE_count,239,0.39459934460161455,0.4660456437276095,0.7472756729720947
30,count_plus_all_pairs,239,0.23281898475172147,0.28488563298235636,0.9055653795863163
31,additive_head,239,0.3804360660440376,0.4517276164778215,0.7625657167134249
31,count_additive,239,0.3887230222165761,0.46633980034507727,0.7469565454567759
31,count_plus_PB_count,239,0.38254367866003686,0.4467119499437839,0.7678090524555066
31,count_plus_PE_count,239,0.25853093027911545,0.31438795984582696,0.8849936146021354
31,count_plus_BE_count,239,0.3919444229229997,0.4695068376007104,0.7435079043561335
31,count_plus_all_pairs,239,0.2303731929723839,0.28275118434343466,0.9069751435607591
32,additive_head,239,0.3811984507190978,0.45230005007932594,0.7619635773995044
32,count_additive,239,0.38160973608123944,0.45599603199541067,0.7580574408464988
32,count_plus_PB_count,239,0.37299319517892765,0.43295484275568463,0.7818901161136275
32,count_plus_PE_count,239,0.2552035450154427,0.30920918649949125,0.8887513064823465
32,count_plus_BE_count,239,0.37839648728330677,0.4502817817174664,0.7640831858517709
32,count_plus_all_pairs,239,0.2266649643670578,0.27684793785985257,0.9108189196842218
33,additive_head,239,0.38332883181508104,0.4538131989595211,0.7603682336156443
33,count_additive,239,0.3932919566365105,0.4661259122098875,0.7471886104906352
33,count_plus_PB_count,239,0.38016603540837696,0.4358382471086951,0.7789752940326462
33,count_plus_PE_count,239,0.2601936135155531,0.3173161959508105,0.8828412791054007
33,count_plus_BE_count,239,0.3942550527208787,0.463375856900093,0.7501628900902053
33,count_plus_all_pairs,239,0.22851855641481728,0.2780675985409636,0.9100314097322902
34,additive_head,239,0.3735257073393272,0.4423488166167204,0.7723226213193883
34,count_additive,239,0.3820060047098014,0.4557549494602466,0.7583132005573623
34,count_plus_PB_count,239,0.37241081024558287,0.43623353586187796,0.7785741901780946
34,count_plus_PE_count,239,0.25452256762576225,0.3085004596755648,0.8892606999796837
34,count_plus_BE_count,239,0.3781961728721226,0.45010325948193414,0.7642702156178999
34,count_plus_all_pairs,239,0.22535492177428879,0.276350276928278,0.9111392547348507
35,additive_head,239,0.38014105598682074,0.4525901559993681,0.7616581256463679
35,count_additive,239,0.3887485312497022,0.4658554756689755,0.7474818771923147
35,count_plus_PB_count,239,0.3786823253879861,0.443083807164259,0.7715653920083763
35,count_plus_PE_count,239,0.2637597019856597,0.321511429263906,0.8797228925452801
35,count_plus_BE_count,239,0.383095006862559,0.45557539803873953,0.7585035952436201
35,count_plus_all_pairs,239,0.23351791229787633,0.2827640400593049,0.9069666843331682
36,additive_head,239,0.37954076869825465,0.4501333768572086,0.7642386681907106
36,count_additive,239,0.38287570435618407,0.45773710283315894,0.7562063575647685
36,count_plus_PB_count,239,0.3734343607019178,0.4368115477153732,0.7779870205829571
36,count_plus_PE_count,239,0.258906478903747,0.3152833856068325,0.8843375695596898
36,count_plus_BE_count,239,0.38141967191699017,0.452587509583511,0.7616609129357654
36,count_plus_all_pairs,239,0.22888716853700922,0.28138156120554064,0.9078741701505345
37,additive_head,239,0.38088868002645093,0.44887727025365326,0.7655526261712347
37,count_additive,239,0.39004829927736717,0.46376956538387637,0.7497381602496098
37,count_plus_PB_count,239,0.3796949782077025,0.4432963854084308,0.7713461473600467
37,count_plus_PE_count,239,0.26397249614184803,0.3179154593077309,0.8823983441064951
37,count_plus_BE_count,239,0.3854293266549447,0.4558233039639851,0.7582406983492093
37,count_plus_all_pairs,239,0.22919540229505067,0.2796720313396456,0.9089901881088618
38,additive_head,239,0.3946339086569474,0.46847459375348355,0.7446344964184122
38,count_additive,239,0.39714634895417533,0.47532789555128324,0.737108376763391
38,count_plus_PB_count,239,0.3833251377398456,0.446391295763641,0.7681422706574732
38,count_plus_PE_count,239,0.26355481534579966,0.3210171420763894,0.8800924329588221
38,count_plus_BE_count,239,0.3976299425701128,0.4702171024556737,0.742731280441637
38,count_plus_all_pairs,239,0.23521947506782565,0.285968591213642,0.9048460514155314
39,additive_head,239,0.3778210412714419,0.44988867663452287,0.7644949263243745
39,count_additive,239,0.3854336657124264,0.4563739374486968,0.7576562562184167
39,count_plus_PB_count,239,0.37582813566045886,0.436159554886825,0.7786492871475451
39,count_plus_PE_count,239,0.25501932265838667,0.3095943951031822,0.888473949604211
39,count_plus_BE_count,239,0.38141585549668716,0.4477191732548542,0.7667608074198204
39,count_plus_all_pairs,239,0.22756716370688104,0.27710420224870286,0.9106537422760222
40,additive_head,239,0.37688394987879764,0.44951950970178506,0.7648812664106011
40,count_additive,239,0.38530846252730444,0.46374748190383897,0.7497619932959003
40,count_plus_PB_count,239,0.37553052099170187,0.4395614196749391,0.7751829329085271
40,count_plus_PE_count,239,0.2616323898160231,0.31924254575600164,0.8814144768638063
40,count_plus_BE_count,239,0.3847833102021054,0.45536332562925014,0.758728378251294
40,count_plus_all_pairs,239,0.2320238288046429,0.2818484343855589,0.9075682029697107
41,additive_head,239,0.38760979036466864,0.462783373102286,0.7508013774160345
41,count_additive,239,0.39201475825886484,0.4738010757877049,0.7387945537050462
41,count_plus_PB_count,239,0.382568976178979,0.44882758432764724,0.7656045249459997
41,count_plus_PE_count,239,0.25894221491556835,0.3153678116314302,0.8842756175060164
41,count_plus_BE_count,239,0.3891940560776737,0.46539801418507476,0.7479775699694332
41,count_plus_all_pairs,239,0.22816418051172466,0.27675250579904553,0.9108803921841122
42,additive_head,239,0.3746753497558972,0.44581835108628715,0.7687370689962593
42,count_additive,239,0.3779835421220913,0.44964291583829313,0.7647521548741765
42,count_plus_PB_count,239,0.3678826417585737,0.4265304568729853,0.7883149250237264
42,count_plus_PE_count,239,0.25422068323341235,0.3089631802623768,0.8889282545599402
42,count_plus_BE_count,239,0.37421742480880915,0.44082202312741037,0.7738915932124637
42,count_plus_all_pairs,239,0.22110365781632135,0.2699603659002565,0.9152011116008736
43,additive_head,239,0.3778256565692427,0.45113253879322046,0.7631908667989078
43,count_additive,239,0.37907996489697066,0.4563420152055314,0.7576901577396089
43,count_plus_PB_count,239,0.37990356411633347,0.44184254129660766,0.7728434839089565
43,count_plus_PE_count,239,0.2628060473219336,0.3176001341027459,0.882631515377983
43,count_plus_BE_count,239,0.37760315756264284,0.4491777062901812,0.7652386873011431
43,count_plus_all_pairs,239,0.2347152858547796,0.2850604644780316,0.9054494368354362
44,additive_head,239,0.38240521475502315,0.4502230678819678,0.7641447058976679
44,count_additive,239,0.38844986871109344,0.4633234772320165,0.7502193697062997
44,count_plus_PB_count,239,0.37913116960165066,0.4408899112142331,0.7738219449266379
44,count_plus_PE_count,239,0.2589011940771343,0.31240207287432076,0.8864419420168846
44,count_plus_BE_count,239,0.39006237768231183,0.46489061507063717,0.748526804154737
44,count_plus_all_pairs,239,0.22947464409483395,0.2797977073288417,0.9089083757233553
45,additive_head,239,0.3843966055139407,0.45854086453639675,0.7553494288489513
45,count_additive,239,0.39469556535558764,0.47499201171558675,0.7374797828990672
45,count_plus_PB_count,239,0.38101441519453616,0.4477267538879253,0.766752909095108
45,count_plus_PE_count,239,0.25233413978615327,0.30794072833215674,0.8896621776715484
45,count_plus_BE_count,239,0.3911459528336026,0.46852470115050016,0.7445798664122253
45,count_plus_all_pairs,239,0.22504273987331563,0.2726851667554425,0.9134806652200905
46,additive_head,239,0.3726456742886477,0.44251961223827724,0.7721467700221598
46,count_additive,239,0.3795844085037642,0.45633548612278535,0.7576970913536089
46,count_plus_PB_count,239,0.3682134453964698,0.4323866895375024,0.7824621781955847
46,count_plus_PE_count,239,0.24857485106744023,0.30399376109227694,0.8924725159325695
46,count_plus_BE_count,239,0.37403067212362784,0.4490266763051998,0.7653965314516104
46,count_plus_all_pairs,239,0.21949578143204498,0.27008932022552173,0.9151200790007543
47,additive_head,239,0.37660824502245877,0.44780174993427313,0.7666747628841452
47,count_additive,239,0.38329484368248185,0.4596649760674133,0.7541484382806731
47,count_plus_PB_count,239,0.3732769632335803,0.4361376695740038,0.7786715001565323
47,count_plus_PE_count,239,0.25890738567806554,0.31677758335393985,0.8832386720405785
47,count_plus_BE_count,239,0.38093108104207724,0.45448648012893716,0.7596566666596904
47,count_plus_all_pairs,239,0.22897542253093353,0.278918182611265,0.909480156058739
48,additive_head,239,0.3803374218649093,0.45405819237638484,0.7601094308644891
48,count_additive,239,0.3845527964215987,0.4633332499142771,0.7502088325649787
48,count_plus_PB_count,239,0.37956947366165317,0.4474059708015881,0.7670870187602807
48,count_plus_PE_count,239,0.25947723917316234,0.3177049418128764,0.8825540396437352
48,count_plus_BE_count,239,0.37967794331175014,0.4550065589038011,0.7591062917179495
48,count_plus_all_pairs,239,0.23145099294302487,0.28330854676795714,0.906608038737568
49,additive_head,239,0.38218049321047076,0.45445015125076205,0.759695088285377
49,count_additive,239,0.38184262657864054,0.45767840329866816,0.7562688810335925
49,count_plus_PB_count,239,0.37155290406145425,0.4321361421460291,0.7827142106657035
49,count_plus_PE_count,239,0.25916141541579285,0.31846587483151106,0.8819907778222835
49,count_plus_BE_count,239,0.3801527925244761,0.4526118441887588,0.7616352823410211
49,count_plus_all_pairs,239,0.22899156420794872,0.28056755903325503,0.908406416513673
50,additive_head,239,0.3805256767149925,0.4532117709686307,0.7610029694579802
50,count_additive,239,0.38199198954748925,0.45812359533234753,0.7557944871134387
50,count_plus_PB_count,239,0.3790663923886155,0.4429568175766066,0.7716963137851783
50,count_plus_PE_count,239,0.26539029685786775,0.3174532481445463,0.8827400530886899
50,count_plus_BE_count,239,0.3821642784710698,0.45270347640638087,0.7615387576966468
50,count_plus_all_pairs,239,0.23404729203240024,0.2823099362647554,0.9072652573669161
51,additive_head,239,0.3836942774444281,0.4573248145835096,0.756645334378585
51,count_additive,239,0.3960712583813718,0.4764019895637592,0.7359189268872872
51,count_plus_PB_count,239,0.3857071254880013,0.4514894144259166,0.7628160552789115
51,count_plus_PE_count,239,0.2599210093368117,0.3180035865122262,0.8823331359429495
51,count_plus_BE_count,239,0.39107546085899025,0.4669576423755185,0.7462855993024626
51,count_plus_all_pairs,239,0.22892894727133042,0.2780421364421374,0.9100478854688893
52,additive_head,239,0.3893245729018686,0.46630721453693313,0.7469919073854445
52,count_additive,239,0.3997618386749412,0.4824437411618475,0.7291782773520636
52,count_plus_PB_count,239,0.39036303332709915,0.4580960708972641,0.7558238303602602
52,count_plus_PE_count,239,0.2622525755883057,0.3174174694479686,0.8827664832585697
52,count_plus_BE_count,239,0.39702468061093793,0.4797822770371757,0.7321580824264171
52,count_plus_all_pairs,239,0.2352826269455509,0.2845275857513458,0.9058026032492007
53,additive_head,239,0.38077802612390266,0.45610943599528,0.7579370860022583
53,count_additive,239,0.3845694708026651,0.46483821924296553,0.7485834858914422
53,count_plus_PB_count,239,0.37777952235138906,0.44169422752139903,0.7729959580727712
53,count_plus_PE_count,239,0.2608282747572004,0.31813506881566467,0.8822358143444726
53,count_plus_BE_count,239,0.3834116541925971,0.45912926215928923,0.7547211569333471
53,count_plus_all_pairs,239,0.2312481215825529,0.2805685664536318,0.9084057587511836
54,additive_head,239,0.3769364700134051,0.4486835679263652,0.7657549229079808
54,count_additive,239,0.3806344939909384,0.4567560828082159,0.7572502325467126
54,count_plus_PB_count,239,0.3736947504694617,0.434651023633395,0.7801777966797497
54,count_plus_PE_count,239,0.25982718408747607,0.3188965335587034,0.8816713962601186
54,count_plus_BE_count,239,0.38640948019916355,0.4588211376174441,0.7550502628190371
54,count_plus_all_pairs,239,0.2250940371706053,0.27627665245790073,0.9111865964917408
55,additive_head,239,0.38222043363430286,0.45450100054656645,0.7596413089252962
55,count_additive,239,0.39085182282908004,0.4649387292246251,0.7484747486999909
55,count_plus_PB_count,239,0.379168535691146,0.44147747461614595,0.7732186990986821
55,count_plus_PE_count,239,0.2589589354644257,0.313380894651796,0.8857292243820429
55,count_plus_BE_count,239,0.3850355045133708,0.4588378701232039,0.7550323966080565
55,count_plus_all_pairs,239,0.22905095858965827,0.27918917285410605,0.9093041767759247
56,additive_head,239,0.3793070992847079,0.45468115691562744,0.7594507230690837
56,count_additive,239,0.3888823326930179,0.4706821515842562,0.7422221464393167
56,count_plus_PB_count,239,0.3773375432742827,0.44370551895372023,0.7709238875144867
56,count_plus_PE_count,239,0.25345480916605173,0.30893819469307254,0.8889462183741236
56,count_plus_BE_count,239,0.3856462679399627,0.46692323079192155,0.7463229919557577
56,count_plus_all_pairs,239,0.22353315682815086,0.2737308527320589,0.9128158287267489
57,additive_head,239,0.38871632759817343,0.46069988512701815,0.7530401509691863
57,count_additive,239,0.4004775365718358,0.4808980620266177,0.7309108437769345
57,count_plus_PB_count,239,0.3905594758055233,0.45538334320796503,0.7587071653886703
57,count_plus_PE_count,239,0.26101827950285156,0.3177510036986284,0.8825199817877829
57,count_plus_BE_count,239,0.3964609113661794,0.47824935224492005,0.733866880865899
57,count_plus_all_pairs,239,0.23106886096778556,0.28166073231436856,0.9076912752346378
58,additive_head,239,0.3744633503297785,0.4448426035067463,0.7697482759315488
58,count_additive,239,0.38045372655192067,0.45767448329400884,0.7562730561182085
58,count_plus_PB_count,239,0.3749593734088772,0.439877041304305,0.7748599627806179
58,count_plus_PE_count,239,0.2516776742739826,0.3060157534190877,0.8910373363241605
58,count_plus_BE_count,239,0.38359626167754385,0.456991383767409,0.7570000597829147
58,count_plus_all_pairs,239,0.2246573528877404,0.27343865091525293,0.913001863846877
59,additive_head,239,0.38638188673791407,0.4594194167562588,0.7544110426457672
59,count_additive,239,0.3948865713391318,0.4758632290297244,0.7365158849741094
59,count_plus_PB_count,239,0.38424344992367543,0.4494578279706749,0.7649457865713245
59,count_plus_PE_count,239,0.25374609209513077,0.3093168195820903,0.8886738435583978
59,count_plus_BE_count,239,0.3962656127221113,0.47360446042360854,0.7390112959229416
59,count_plus_all_pairs,239,0.22604600382089673,0.2770782834217496,0.9106704554248861
60,additive_head,239,0.3883075713816597,0.46356005524543603,0.7499642231623662
60,count_additive,239,0.3973169149789753,0.47794031823910904,0.734210708249357
60,count_plus_PB_count,239,0.38818245292224196,0.45293132578530854,0.7612986582851156
60,count_plus_PE_count,239,0.2631475821265731,0.31928540147053197,0.8813826364433635
60,count_plus_BE_count,239,0.39618809321277065,0.4750289483275855,0.7374389528043355
60,count_plus_all_pairs,239,0.23815874173378512,0.2861305113971555,0.9047382654051925
61,additive_head,239,0.378685897803534,0.448202043163994,0.766257434199932
61,count_additive,239,0.38376802814030025,0.45513102111355885,0.7589744858645444
61,count_plus_PB_count,239,0.3753071138778333,0.43480646786712324,0.7800205385475095
61,count_plus_PE_count,239,0.25567989780793093,0.30778319900704776,0.8897750370323588
61,count_plus_BE_count,239,0.382721320560883,0.4503544840093288,0.7640069976583943
61,count_plus_all_pairs,239,0.22417188289030687,0.27442468965307965,0.9123732899217103
62,additive_head,239,0.3796446264556229,0.4506600639900366,0.7636866313436501
62,count_additive,239,0.388060023612506,0.4630577783288237,0.7505057674971183
62,count_plus_PB_count,239,0.37472894467514883,0.4355419586303592,0.7792757027955762
62,count_plus_PE_count,239,0.26051435861041544,0.3164657020238727,0.8834684720880961
62,count_plus_BE_count,239,0.3847664071324365,0.461052974724446,0.7526614559792307
62,count_plus_all_pairs,239,0.23297935701080216,0.2815425450978202,0.9077687260191339
63,additive_head,239,0.3836382132053947,0.45516827997990555,0.7589350216022372
63,count_additive,239,0.3872601588414083,0.46137730165854796,0.7523133538266848
63,count_plus_PB_count,239,0.37662726488886644,0.4380571001292404,0.7767190913817396
63,count_plus_PE_count,239,0.2552976910745758,0.30631321314049326,0.8908254011142296
63,count_plus_BE_count,239,0.3863318951873077,0.4570645547351165,0.7569222379032392
63,count_plus_all_pairs,239,0.22470430876409933,0.27210256257767623,0.9138499752092591
64,additive_head,239,0.3803297791292775,0.45268171755926234,0.7615616800610259
64,count_additive,239,0.3847987248611855,0.4621167909925815,0.7515187398876384
64,count_plus_PB_count,239,0.3766819916448596,0.4419075082169476,0.7727766784619367
64,count_plus_PE_count,239,0.25118724370269324,0.3077720937084874,0.8897829910665175
64,count_plus_BE_count,239,0.38555581365879676,0.4589518763024122,0.7549106486361236
64,count_plus_all_pairs,239,0.2279970066496562,0.2767501596729134,0.9108819031728126
65,additive_head,239,0.37888428172729693,0.45103988124560096,0.7632881326722996
65,count_additive,239,0.3845531574402685,0.4608417106397281,0.7528880754008717
65,count_plus_PB_count,239,0.3788457266737556,0.4445569133659111,0.7700439289283113
65,count_plus_PE_count,239,0.25961915052893225,0.3164317027746557,0.8834935096931661
65,count_plus_BE_count,239,0.3764135208113906,0.4488542369818322,0.7655766859840137
65,count_plus_all_pairs,239,0.22786559823601357,0.2786565625904396,0.9096498882482421
66,additive_head,239,0.39717510901411834,0.46857285646033603,0.7445273591794836
66,count_additive,239,0.40804652665688074,0.4864467619085885,0.7246654088083448
66,count_plus_PB_count,239,0.40064647202226455,0.46751211392957515,0.7456827140453779
66,count_plus_PE_count,239,0.26445575905034313,0.31774058236102753,0.8825276876885676
66,count_plus_BE_count,239,0.4099644779381892,0.48241059502858835,0.7292154895025059
66,count_plus_all_pairs,239,0.23391283175757924,0.28654255288284614,0.9044637050398834
67,additive_head,239,0.3763621602660533,0.44646598344949046,0.7680646778992812
67,count_additive,239,0.37983747294959735,0.4548923048472441,0.759227255371114
67,count_plus_PB_count,239,0.3678334353282308,0.43041268523535003,0.7844439245119839
67,count_plus_PE_count,239,0.2513696483207657,0.3049458840098716,0.8917978987297032
67,count_plus_BE_count,239,0.37994847671612164,0.44914674405204896,0.765271050818058
67,count_plus_all_pairs,239,0.22213108294928458,0.26932230685721226,0.9156014870859165
68,additive_head,239,0.38088869172900003,0.4532502114183645,0.7609624253082252
68,count_additive,239,0.38613784950201696,0.46012412464708274,0.7536570422464147
68,count_plus_PB_count,239,0.3782134962961174,0.4411814082871618,0.7735227680372196
68,count_plus_PE_count,239,0.26011743573753604,0.3183332560671197,0.8820890425335379
68,count_plus_BE_count,239,0.38302198086540257,0.4570129178976476,0.7569771581885519
68,count_plus_all_pairs,239,0.2282533864807748,0.2788390290214215,0.909531525631473
69,additive_head,239,0.3869940148062919,0.4544812832008525,0.7596621631482875
69,count_additive,239,0.39117695951009224,0.4625203141815368,0.7510845997320625
69,count_plus_PB_count,239,0.3804189344841903,0.4417609002454511,0.7729274214281967
69,count_plus_PE_count,239,0.2635217419298696,0.31867683598228735,0.8818343804874964
69,count_plus_BE_count,239,0.38689643751595265,0.45371727801646816,0.760469523202923
69,count_plus_all_pairs,239,0.23382119548138558,0.2890493730304043,0.9027847927321772
70,additive_head,239,0.3912852383311803,0.4633002952292414,0.7502443642109596
70,count_additive,239,0.40420334888792164,0.479201885848736,0.7328057056118549
70,count_plus_PB_count,239,0.3995221290907249,0.4611071029420509,0.7526033768380007
70,count_plus_PE_count,239,0.2661774774753382,0.3240461248490066,0.8778189628001449
70,count_plus_BE_count,239,0.40388532422487866,0.48295552574693595,0.7286033879420966
70,count_plus_all_pairs,239,0.23272383014928882,0.2860421449077802,0.9047970962173841
71,additive_head,239,0.3838725844267307,0.454594253883075,0.7595426664610402
71,count_additive,239,0.3850219433413573,0.46171854662657297,0.7519468291690381
71,count_plus_PB_count,239,0.3751610509900078,0.4375005115935723,0.7772861254173289
71,count_plus_PE_count,239,0.25257227509168545,0.3087854189534725,0.889056027577594
71,count_plus_BE_count,239,0.38169700998057654,0.4530593196959952,0.7611637299489018
71,count_plus_all_pairs,239,0.21939354485846638,0.2689739310401676,0.9158196894682534
72,additive_head,239,0.38917876347656877,0.4596077998432777,0.7542095958214261
72,count_additive,239,0.3988349395794302,0.47629110635697736,0.7360418430343555
72,count_plus_PB_count,239,0.3891818473764469,0.4555124701580574,0.758570305638653
72,count_plus_PE_count,239,0.2708588754268008,0.33089202116169575,0.8726019638875322
72,count_plus_BE_count,239,0.39372649226174694,0.46745157007837745,0.745748579080588
72,count_plus_all_pairs,239,0.24596604327044588,0.29997679134982824,0.8952954742651209
73,additive_head,239,0.3883269331096408,0.45884685841531186,0.7550227990482828
73,count_additive,239,0.39505425808315564,0.472711979193725,0.7399940064739486
73,count_plus_PB_count,239,0.38324777999253895,0.4497220879608544,0.7646693037480896
73,count_plus_PE_count,239,0.25583517932529304,0.3090765570469155,0.8888467220751359
73,count_plus_BE_count,239,0.38951772877098945,0.46650850193358206,0.746773431966578
73,count_plus_all_pairs,239,0.2228002103031161,0.2710448166782062,0.9145184563844777
74,additive_head,239,0.38826086474814897,0.4651591114630559,0.7482362448636484
74,count_additive,239,0.39150540046330007,0.47371130648535975,0.7388935235493834
74,count_plus_PB_count,239,0.3804233824929629,0.4457313371347388,0.768827335077189
74,count_plus_PE_count,239,0.2590772015660494,0.3155612763377419,0.8841335900062712
74,count_plus_BE_count,239,0.39012382295523135,0.4657535125409537,0.747592403831195
74,count_plus_all_pairs,239,0.22546323230833556,0.2743544543692159,0.9124181379219787
75,additive_head,239,0.3772242418220124,0.4526616395861587,0.7615828306921255
75,count_additive,239,0.38063912263029787,0.46318911503156157,0.7503642197321179
75,count_plus_PB_count,239,0.37424941640402953,0.438000909971811,0.7767763687766018
75,count_plus_PE_count,239,0.2583713091467993,0.31105055026506423,0.8874223727465456
75,count_plus_BE_count,239,0.37941492695241047,0.45362512418110573,0.7605668146728285
75,count_plus_all_pairs,239,0.22416323423045204,0.272702387986142,0.9134697367453891
76,additive_head,239,0.38915742118248875,0.4613510512525149,0.7523415376581959
76,count_additive,239,0.3903512653329626,0.46783350104215254,0.7453329374747202
76,count_plus_PB_count,239,0.38055437359187166,0.4443110392615155,0.7702982253109699
76,count_plus_PE_count,239,0.25361590206538676,0.30644035216800153,0.8907347538137543
76,count_plus_BE_count,239,0.3850493154060529,0.46165643563718706,0.7520135615613137
76,count_plus_all_pairs,239,0.22868087281553026,0.2744651957249643,0.9123474199770266
77,additive_head,239,0.38837251105738085,0.4599443650718042,0.7538494853417671
77,count_additive,239,0.3944517050034329,0.469427567653095,0.7435945075616865
77,count_plus_PB_count,239,0.3855870661659096,0.44529507218126074,0.7692796397198752
77,count_plus_PE_count,239,0.2622228714872827,0.3184753784080495,0.8819837345156203
77,count_plus_BE_count,239,0.39253453080285966,0.4616914732118709,0.7519759181000382
77,count_plus_all_pairs,239,0.2310294298775007,0.28191741659491015,0.907522952196071
78,additive_head,239,0.38022878775369007,0.44889251812497405,0.765536698057512
78,count_additive,239,0.3769136144434388,0.4514344519573697,0.7628737993641431
78,count_plus_PB_count,239,0.3726271330322752,0.4355064843575176,0.7793116566912416
78,count_plus_PE_count,239,0.25472461148083214,0.3084689558768024,0.8892833160269639
78,count_plus_BE_count,239,0.37708287384401556,0.4477630652535574,0.7667150741264677
78,count_plus_all_pairs,239,0.22517160343288545,0.2751715823582363,0.9118956593257274
79,additive_head,239,0.38094125530977807,0.4535372416701444,0.7606595782793413
79,count_additive,239,0.3893682787109643,0.46518550821411225,0.7482076699800388
79,count_plus_PB_count,239,0.3748260257794787,0.43633967999695583,0.7784664226246598
79,count_plus_PE_count,239,0.2539286595157615,0.3073914678014033,0.8900554362225047
79,count_plus_BE_count,239,0.38500817149279604,0.45879483731582477,0.755078343771729
79,count_plus_all_pairs,239,0.22185295682867523,0.270653477680189,0.9147651175276221
80,additive_head,239,0.37797869432785974,0.44990648610106276,0.7644762803660988
80,count_additive,239,0.38537160025116385,0.4601808443329107,0.7535963049122096
80,count_plus_PB_count,239,0.37943815166621986,0.4407999381692239,0.7739142484763084
80,count_plus_PE_count,239,0.25451982732827677,0.3134700971470217,0.8856641617747129
80,count_plus_BE_count,239,0.38645214170646225,0.45856244428454435,0.7553264009256004
80,count_plus_all_pairs,239,0.23016608383700013,0.2813325790958783,0.9079062413688327
81,additive_head,239,0.37735543686797435,0.45039101634321477,0.7639687090429087
81,count_additive,239,0.3911840415041999,0.47083349187287715,0.7420563511292722
81,count_plus_PB_count,239,0.37899755804851165,0.444948586839511,0.76963854834756
81,count_plus_PE_count,239,0.26444405971217005,0.31918463729686836,0.8814574942008636
81,count_plus_BE_count,239,0.38954147444595166,0.46480399250727444,0.7486205088788598
81,count_plus_all_pairs,239,0.23199288670987703,0.2814471285272676,0.9078312309638366
82,additive_head,239,0.3937488848063519,0.4707273006450803,0.7421726906180388
82,count_additive,239,0.39966347147768416,0.4829801833217425,0.7285756746114117
82,count_plus_PB_count,239,0.38784999616650867,0.45456164869759497,0.7595771582071658
82,count_plus_PE_count,239,0.2593828786288035,0.31545241789176554,0.8842135165545089
82,count_plus_BE_count,239,0.4002984712554684,0.4796633646015081,0.7322908334236569
82,count_plus_all_pairs,239,0.2296909881674001,0.2799504246454645,0.9088089105416208
83,additive_head,239,0.37856967315935647,0.4494278619821731,0.7649771283196005
83,count_additive,239,0.39143947569048915,0.4645839059050753,0.7488585109639814
83,count_plus_PB_count,239,0.3810846023183958,0.4395930307325593,0.7751505963089846
83,count_plus_PE_count,239,0.25879802436190047,0.3149625292256194,0.8845728635654145
83,count_plus_BE_count,239,0.39031320645110634,0.4589496234575208,0.7549130547574034
83,count_plus_all_pairs,239,0.23056356179683457,0.2792916064340123,0.9092376125746693
84,additive_head,239,0.37974462745123555,0.44946546015355954,0.7649378036556218
84,count_additive,239,0.38377751975923075,0.4549111404727838,0.7592073157102242
84,count_plus_PB_count,239,0.37914918145358606,0.43798758899740614,0.7767899464244689
84,count_plus_PE_count,239,0.25159345550692075,0.3069564982455089,0.8903663667967892
84,count_plus_BE_count,239,0.38152965331047267,0.45069676160227573,0.7636481434005091
84,count_plus_all_pairs,239,0.2288132651368326,0.27956109277236807,0.9090623762042027
85,additive_head,239,0.3814042956033667,0.4565367609934119,0.7574833002135474
85,count_additive,239,0.3893168930756006,0.47446534135855944,0.7380616241129541
85,count_plus_PB_count,239,0.3781724432599188,0.4516255052938481,0.7626730466825954
85,count_plus_PE_count,239,0.2598340442165654,0.31661353971075146,0.8833595707100523
85,count_plus_BE_count,239,0.3907730741198367,0.4735993529015718,0.7390169250860135
85,count_plus_all_pairs,239,0.22976335366293257,0.2796744889561794,0.9089885886053283
86,additive_head,239,0.38242489306886635,0.4527573579263667,0.7614819902119829
86,count_additive,239,0.3893460567900226,0.4640136317859802,0.7494746820755966
86,count_plus_PB_count,239,0.37946024418840557,0.4449032180847702,0.7696855231203179
86,count_plus_PE_count,239,0.2676655526375475,0.3236663302591912,0.8781051967643035
86,count_plus_BE_count,239,0.38751361305885884,0.4572472871962489,0.756727836143762
86,count_plus_all_pairs,239,0.23772004459559817,0.2901002358264811,0.902076640012654
87,additive_head,239,0.37796469600639404,0.44786341674275515,0.7666104959918042
87,count_additive,239,0.38167839892744,0.45724527348656957,0.7567299788724171
87,count_plus_PB_count,239,0.3715692298554979,0.4331140230478086,0.7817297059555064
87,count_plus_PE_count,239,0.2580185334451537,0.31269027569684743,0.8862323220945199
87,count_plus_BE_count,239,0.3778199285385199,0.44928086928304156,0.7651308392915552
87,count_plus_all_pairs,239,0.22814065999060015,0.27662770056878117,0.9109607534094
88,additive_head,239,0.3760840371846038,0.4506653628998439,0.7636810741146495
88,count_additive,239,0.38178079623772215,0.4614668999280176,0.7522171442835148
88,count_plus_PB_count,239,0.37319818543458927,0.44003568234266044,0.774697540619563
88,count_plus_PE_count,239,0.25248076481104764,0.3102507996415386,0.8880005313965286
88,count_plus_BE_count,239,0.3805902073652448,0.45738171689180157,0.7565847721556536
88,count_plus_all_pairs,239,0.2237730392765599,0.2739550924879156,0.9126729280284159
89,additive_head,239,0.3867056378774099,0.4592390323202964,0.754603858739178
89,count_additive,239,0.39069546975616254,0.4666708870588126,0.746597111987494
89,count_plus_PB_count,239,0.37819555330339966,0.4414076637091625,0.7732904153581507
89,count_plus_PE_count,239,0.26590228590093035,0.32341918009940784,0.8782912823414522
89,count_plus_BE_count,239,0.3832543412258651,0.4538211387048651,0.7603598485274647
89,count_plus_all_pairs,239,0.2360705319201012,0.28549428967907076,0.9051614303627443
90,additive_head,239,0.3776490226921286,0.44636600203640936,0.7681685452737919
90,count_additive,239,0.3873688688746376,0.4680535261851493,0.7450933379885647
90,count_plus_PB_count,239,0.37580067013330465,0.44390162716874304,0.7707213494199325
90,count_plus_PE_count,239,0.26178437028214596,0.3176948262583871,0.8825615183571076
90,count_plus_BE_count,239,0.384398271759871,0.4599264972637839,0.7538686097622166
90,count_plus_all_pairs,239,0.2277399218882754,0.2785525739487115,0.9097173091066331
91,additive_head,239,0.3814051383690566,0.45502013583614415,0.7590919154576039
91,count_additive,239,0.3919604702248229,0.473758352252755,0.7388416583548335
91,count_plus_PB_count,239,0.3855822132196305,0.45164769246262454,0.7626497276164683
91,count_plus_PE_count,239,0.2569380288538584,0.31411297321901555,0.8851947125521801
91,count_plus_BE_count,239,0.3860659719213221,0.4626058730026641,0.7509925005210784
91,count_plus_all_pairs,239,0.226370819777598,0.2778123657990834,0.9101964947079453
92,additive_head,239,0.379655837585225,0.44955538658578337,0.7648437344950008
92,count_additive,239,0.38010900634452394,0.4549313480230387,0.7591859227923194
92,count_plus_PB_count,239,0.37000511651090834,0.43432288134198543,0.7805095834649287
92,count_plus_PE_count,239,0.25326203401535996,0.3105385690781349,0.8877926674922039
92,count_plus_BE_count,239,0.37545344775638184,0.4457556802890741,0.7688020838773708
92,count_plus_all_pairs,239,0.22266583337677656,0.27298434734694677,0.9132907091174607
93,additive_head,239,0.3851572014608694,0.45798752353818817,0.7559395333311535
93,count_additive,239,0.38994299935474264,0.46808226605958486,0.7450620329776301
93,count_plus_PB_count,239,0.3833366105321651,0.44950608967642564,0.764895304743531
93,count_plus_PE_count,239,0.2632064449677463,0.3206503492931335,0.880366288140408
93,count_plus_BE_count,239,0.3847737550271859,0.458984919381364,0.7548753560543131
93,count_plus_all_pairs,239,0.2339926987993607,0.285407249013282,0.905219249760123
94,additive_head,239,0.3809878607435833,0.4536507361581173,0.7605397767949421
94,count_additive,239,0.39141700189958994,0.465832943372523,0.7475063039765801
94,count_plus_PB_count,239,0.3829330457001977,0.4443186481176274,0.7702903579272539
94,count_plus_PE_count,239,0.26665387472788493,0.32111587172979617,0.8800186658513802
94,count_plus_BE_count,239,0.3910176521984736,0.4618638077951407,0.7517907247118423
94,count_plus_all_pairs,239,0.24144061054858956,0.2914569246930886,0.901158597460694
95,additive_head,239,0.3806410503942069,0.45229063554850746,0.761973486652944
95,count_additive,239,0.38383164743970943,0.4594155639037473,0.7544151618189191
95,count_plus_PB_count,239,0.3791728157879151,0.4454709070013804,0.7690973934507773
95,count_plus_PE_count,239,0.2585345910825976,0.31647975908851145,0.8834581194489888
95,count_plus_BE_count,239,0.383194811792784,0.4507502300549175,0.7635920608246143
95,count_plus_all_pairs,239,0.22772718566800917,0.2804195944729298,0.908502999530595
96,additive_head,239,0.38484094726839063,0.45746583075552866,0.7564952343485336
96,count_additive,239,0.39092230362685254,0.4678658451115982,0.7452977230068702
96,count_plus_PB_count,239,0.38328970159230397,0.4465013406094559,0.7680279409504213
96,count_plus_PE_count,239,0.25206781095675507,0.3068644939904333,0.8904320780565691
96,count_plus_BE_count,239,0.3862633342954508,0.45861600868419716,0.7552692372391774
96,count_plus_all_pairs,239,0.22570087248076273,0.2748319895322128,0.9121129865634705
97,additive_head,239,0.3753807142954502,0.4456065340997941,0.7689567718418253
97,count_additive,239,0.3820773368487073,0.45548247292138205,0.7586021027273941
97,count_plus_PB_count,239,0.37061619222726827,0.43484373128581333,0.7799828319417649
97,count_plus_PE_count,239,0.26593204164208567,0.32276142537519936,0.878785829872428
97,count_plus_BE_count,239,0.3793340126903737,0.44818182959322145,0.7662785169478873
97,count_plus_all_pairs,239,0.23258019999120405,0.2861834898813485,0.9047029857735456
98,additive_head,239,0.3886907683449161,0.4624559433382661,0.7511538800587474
98,count_additive,239,0.39455365849263024,0.4733295721015319,0.7393141728278899
98,count_plus_PB_count,239,0.380428643296594,0.4486375260575076,0.7658029947721314
98,count_plus_PE_count,239,0.2647437785188721,0.32478817927291864,0.8772587413869207
98,count_plus_BE_count,239,0.3908326243768706,0.4691697829949871,0.7438760387633853
98,count_plus_all_pairs,239,0.23409968145569376,0.2883336988454435,0.9032655983594345
99,additive_head,239,0.37228876054180005,0.44221287192009856,0.7724625415584642
99,count_additive,239,0.3779547920208977,0.45214137552746836,0.7621305625565452
99,count_plus_PB_count,239,0.3694723775126911,0.4310103124810765,0.7838449104828822
99,count_plus_PE_count,239,0.2545709276149187,0.3069798418721863,0.89034969118358
99,count_plus_BE_count,239,0.3784015398553661,0.4479060964754979,0.7665660115534374
99,count_plus_all_pairs,239,0.22583113509386002,0.273209005603928,0.9131479318918398
100,additive_head,239,0.3823066327648447,0.45364692168723025,0.7605438037263986
100,count_additive,239,0.3875794266673992,0.46130039472404505,0.7523959206672426
100,count_plus_PB_count,239,0.38093899795328756,0.4404214372132925,0.7743023471395118
100,count_plus_PE_count,239,0.25226841060551597,0.308170926072926,0.8894971523361506
100,count_plus_BE_count,239,0.3841965210501397,0.4547341909285335,0.7593946044581905
100,count_plus_all_pairs,239,0.23144323949094858,0.27946525728799465,0.9091247136156628
101,additive_head,239,0.3784846332865922,0.45108049793215005,0.7632454983731434
101,count_additive,239,0.3873565823707121,0.46398375447615964,0.7495069431173107
101,count_plus_PB_count,239,0.38018060925658215,0.4427855222347183,0.7718728537766693
101,count_plus_PE_count,239,0.2582862171013003,0.31234183912107416,0.8864857276971349
101,count_plus_BE_count,239,0.38378432472331614,0.45452254804544406,0.7596185179902315
101,count_plus_all_pairs,239,0.2273112678283144,0.2755082360272973,0.9116799481451975
102,additive_head,239,0.3811597848144943,0.4503204827403071,0.7640426307382939
102,count_additive,239,0.3832038743028689,0.4584053669820667,0.7554939946175411
102,count_plus_PB_count,239,0.3745872506824672,0.4331699108231905,0.7816733723918002
102,count_plus_PE_count,239,0.26793548653199123,0.3245558068526606,0.8774343110788644
102,count_plus_BE_count,239,0.3841178185629904,0.4538143068341434,0.7603670636087898
102,count_plus_all_pairs,239,0.2366856000884206,0.287009874086342,0.9041518313408523
103,additive_head,239,0.3777910337215238,0.44937169895478485,0.7650358642029214
103,count_additive,239,0.38492070297021097,0.4628597307135206,0.7507191368583864
103,count_plus_PB_count,239,0.37525010511856305,0.4385488730830975,0.7762174894403034
103,count_plus_PE_count,239,0.2549498481192709,0.30713451369877753,0.8902391687072544
103,count_plus_BE_count,239,0.3818472508234856,0.45567377526719144,0.7583992862216031
103,count_plus_all_pairs,239,0.2269883669040336,0.27510183361537743,0.9119403179211452
104,additive_head,239,0.3794205809280839,0.45531756337007623,0.7587768695507406
104,count_additive,239,0.3823317723615153,0.46280631917981013,0.7507766648917502
104,count_plus_PB_count,239,0.3704433897825525,0.431786857910809,0.7830653214458128
104,count_plus_PE_count,239,0.2531981947753174,0.30935604543408457,0.8886456062305194
104,count_plus_BE_count,239,0.37806820482825115,0.45308280687229757,0.7611389661498037
104,count_plus_all_pairs,239,0.22252584892820304,0.27184673089900563,0.9140118960986259
105,additive_head,239,0.38844566359121485,0.45918435826772475,0.7546622858410784
105,count_additive,239,0.40295031694563754,0.4832218997910186,0.7283039278641015
105,count_plus_PB_count,239,0.39463590425566225,0.47099380383136474,0.7418806691014308
105,count_plus_PE_count,239,0.26679336534423953,0.3289542720798344,0.8740897156183487
105,count_plus_BE_count,239,0.40326345413682,0.47791217173775347,0.7342420126532385
105,count_plus_all_pairs,239,0.2366022058831965,0.2899450060428948,0.9021814076291566
106,additive_head,239,0.3791858857659723,0.44928721921137527,0.7651242001801234
106,count_additive,239,0.381165179069234,0.45670327139510664,0.7573063641127453
106,count_plus_PB_count,239,0.3721712777832797,0.43529408526906355,0.7795268662197798
106,count_plus_PE_count,239,0.25335340172768867,0.3071879217817559,0.8902009924358812
106,count_plus_BE_count,239,0.3808641265587808,0.45231637222359566,0.7619463970567907
106,count_plus_all_pairs,239,0.22538472573680393,0.2752461920442668,0.9118478758424464
107,additive_head,239,0.38469796686391255,0.45517012653135785,0.7589330656672194
107,count_additive,239,0.39294409428341776,0.46587450561602056,0.7474612463103993
107,count_plus_PB_count,239,0.3831047062372193,0.44618779901390077,0.7683536168026883
107,count_plus_PE_count,239,0.2644424254800152,0.32091667230135534,0.8801674769331082
107,count_plus_BE_count,239,0.39229082048622965,0.4622705404345919,0.751353369525946
107,count_plus_all_pairs,239,0.23662539322388274,0.2874439405744308,0.9038616954082594
108,additive_head,239,0.3897725206765343,0.4633686666410476,0.7501706435351689
108,count_additive,239,0.39501734067148836,0.47405675002864844,0.7385125723985322
108,count_plus_PB_count,239,0.3847835142166637,0.45118377161467166,0.7631370773339352
108,count_plus_PE_count,239,0.2591171859541091,0.3176982723860627,0.8825589705649289
108,count_plus_BE_count,239,0.38687585903295385,0.4639262355112971,0.7495690453272656
108,count_plus_all_pairs,239,0.22875826874012586,0.280417838449007,0.908504145459209
109,additive_head,239,0.3825594739609249,0.4532011315415743,0.7610141905329355
109,count_additive,239,0.3843661551497666,0.45859936662467726,0.7552869982852232
109,count_plus_PB_count,239,0.37490155010870546,0.4375894684816025,0.7771955474780713
109,count_plus_PE_count,239,0.2594079560750335,0.3136896622234474,0.8855039362910845
109,count_plus_BE_count,239,0.3834939043051192,0.45361946181084717,0.7605727920793416
109,count_plus_all_pairs,239,0.2287597895111377,0.2795608843415656,0.9090625118038647
110,additive_head,239,0.3758862742949144,0.44607037236046265,0.7684755290567302
110,count_additive,239,0.3857001710800531,0.45816486821070035,0.7557504836237849
110,count_plus_PB_count,239,0.37814132433658404,0.43997115696279754,0.7747636109928383
110,count_plus_PE_count,239,0.25488804508219487,0.3081936473849119,0.889480857079047
110,count_plus_BE_count,239,0.3842199691148447,0.453190540022201,0.7610253608194897
110,count_plus_all_pairs,239,0.22229124360057403,0.27101436680248864,0.9145376617410143
111,additive_head,239,0.3852043390677619,0.4541640756672944,0.7599975361120297
111,count_additive,239,0.38910819666635565,0.4619670800401076,0.7516797136543928
111,count_plus_PB_count,239,0.3835324119025553,0.4434807086109683,0.7711559587007085
111,count_plus_PE_count,239,0.2575316162544432,0.31216514617018465,0.8866141222701387
111,count_plus_BE_count,239,0.39007511895511515,0.460885736208627,0.7528408584824631
111,count_plus_all_pairs,239,0.23282127123160065,0.2828707010036111,0.9068964852171709
112,additive_head,239,0.3799030299775979,0.45873433232663163,0.7551429391150436
112,count_additive,239,0.38465365993215433,0.46614347232766173,0.7471695620692551
112,count_plus_PB_count,239,0.3723730575537824,0.4385754620584684,0.7761903529982601
112,count_plus_PE_count,239,0.2580043041759628,0.3160092847013443,0.8838043609606474
112,count_plus_BE_count,239,0.38440301683435657,0.4674534472441526,0.7457465370593199
112,count_plus_all_pairs,239,0.22800672896263216,0.27846067879695596,0.9097768682263973
113,additive_head,239,0.38082711602365554,0.45662911075418733,0.7573851761353668
113,count_additive,239,0.38847862408909783,0.46843356882644477,0.7446792198359827
113,count_plus_PB_count,239,0.37500869820695754,0.44009975289979025,0.7746319263724311
113,count_plus_PE_count,239,0.2682993635108218,0.33171042351577745,0.871970991946465
113,count_plus_BE_count,239,0.38397879752510095,0.45787519657827397,0.7560592361919105
113,count_plus_all_pairs,239,0.23513228358556465,0.2883563852002295,0.903250375461112
114,additive_head,239,0.3849197185443345,0.4558117433466693,0.7582529612208202
114,count_additive,239,0.382895921000738,0.46020147427395536,0.7535742118255128
114,count_plus_PB_count,239,0.3772229694225994,0.4417958678827709,0.7728914720907983
114,count_plus_PE_count,239,0.2616127916874861,0.3144622342583146,0.8849392674780093
114,count_plus_BE_count,239,0.3811942149232598,0.4542194892394221,0.7599389660669713
114,count_plus_all_pairs,239,0.23350568250235604,0.28451654993575454,0.9058099102731354
115,additive_head,239,0.3780135157989846,0.45146092651090425,0.7628459858273238
115,count_additive,239,0.3876732401141879,0.46631559108674986,0.7469828174384687
115,count_plus_PB_count,239,0.3790187446443057,0.44583478886185257,0.7687200148833956
115,count_plus_PE_count,239,0.2542571672098767,0.30752962930571875,0.8899565816893126
115,count_plus_BE_count,239,0.3831245612337065,0.4588758935167723,0.7549917945298802
115,count_plus_all_pairs,239,0.22576457262005145,0.2727003666682099,0.9134710194956127
116,additive_head,239,0.38546046250964355,0.4576451463726248,0.7563043008971467
116,count_additive,239,0.391407136171122,0.4683781414786644,0.7447396378647797
116,count_plus_PB_count,239,0.38608300458552575,0.44806114685186516,0.7664043692241987
116,count_plus_PE_count,239,0.2666385493973284,0.32334880691742457,0.878344242081789
116,count_plus_BE_count,239,0.3926269336629123,0.46660445574146353,0.7466692514329689
116,count_plus_all_pairs,239,0.2362453732652256,0.2868716977912284,0.9042440982486624
117,additive_head,239,0.38239816907713714,0.45410052299228026,0.7600647000830262
117,count_additive,239,0.39563806867391044,0.46878098109266225,0.7443003637104901
117,count_plus_PB_count,239,0.38676578781892906,0.4525712627216834,0.7616780242905021
117,count_plus_PE_count,239,0.26309618726458184,0.31522953881049925,0.8843770738265155
117,count_plus_BE_count,239,0.3993867806887084,0.4682101892986158,0.7449226688135573
117,count_plus_all_pairs,239,0.23450246125736873,0.2896393388531642,0.9023875444688043
118,additive_head,239,0.3870324962882212,0.45791661729907895,0.7560150990149073
118,count_additive,239,0.39361087440143333,0.4667246165198383,0.7465387582964632
118,count_plus_PB_count,239,0.38507048766561824,0.4480135812862944,0.7664539629843391
118,count_plus_PE_count,239,0.25192294704904694,0.30612388800659296,0.8909603160117713
118,count_plus_BE_count,239,0.3935900002404179,0.46645557088431744,0.746830891959245
118,count_plus_all_pairs,239,0.22658062240741286,0.27755881903654483,0.9103603390902599
119,additive_head,239,0.3821298635139132,0.4543707152183601,0.7597790895795677
119,count_additive,239,0.3915712645836237,0.4720871166936859,0.7406809389898245
119,count_plus_PB_count,239,0.3820680385613745,0.45013634918622336,0.7642355546132833
119,count_plus_PE_count,239,0.2586268992505562,0.31445795045768,0.8849424023147434
119,count_plus_BE_count,239,0.39040045899973824,0.47028797712347337,0.742653719633622
119,count_plus_all_pairs,239,0.2307383382891639,0.28134550477890974,0.9078977787721249
120,additive_head,239,0.3823900703372367,0.4531321649920651,0.7610869210334804
120,count_additive,239,0.39298016441431405,0.46906680821308216,0.7439884561254951
120,count_plus_PB_count,239,0.3822850369493073,0.4445267925935209,0.7700750890323101
120,count_plus_PE_count,239,0.25688619125596257,0.31237398011435596,0.886462364517914
120,count_plus_BE_count,239,0.38957119042866106,0.4623958978693826,0.7512184964276098
120,count_plus_all_pairs,239,0.22937102822951178,0.27797033627077083,0.9100943370132909
121,additive_head,239,0.38441477014056397,0.4544766336837951,0.7596670806188073
121,count_additive,239,0.38631075320365454,0.4600890582951119,0.7536945887223868
121,count_plus_PB_count,239,0.3784639473900712,0.44155785558436944,0.7731361102415755
121,count_plus_PE_count,239,0.25973820979865436,0.3193611101478138,0.881326376881453
121,count_plus_BE_count,239,0.3871775808535303,0.46017715231874445,0.7536002586721053
121,count_plus_all_pairs,239,0.23031668960122448,0.28402508870629883,0.9061350287732409
122,additive_head,239,0.37919899192606527,0.45207685450475427,0.7621984461219499
122,count_additive,239,0.39574545337674033,0.47707189105912534,0.7351757197172828
122,count_plus_PB_count,239,0.3842664493368706,0.4523264452579559,0.7619357940851983
122,count_plus_PE_count,239,0.26206639184878033,0.3215593354949839,0.8796870465276365
122,count_plus_BE_count,239,0.3927688487937833,0.4705408822478035,0.7423768607886231
122,count_plus_all_pairs,239,0.23044207960467436,0.28050669542316714,0.9084461510539641
123,additive_head,239,0.3822748817153333,0.4573040726093127,0.7566674085874002
123,count_additive,239,0.3926903540515694,0.47477736563410494,0.7377169919579376
123,count_plus_PB_count,239,0.3818814273688835,0.4542202065205995,0.7599382078811114
123,count_plus_PE_count,239,0.25552828709977227,0.3149577877397063,0.8845763388487964
123,count_plus_BE_count,239,0.38698864570287794,0.46802771831285284,0.7451214476676715
123,count_plus_all_pairs,239,0.22288413761232345,0.27541999093425995,0.9117365167845184
124,additive_head,239,0.380601205411113,0.45305619191175256,0.7611670276439759
124,count_additive,239,0.38341602106046613,0.4616891916465245,0.7519783694416156
124,count_plus_PB_count,239,0.37368533731210646,0.4385143981701527,0.7762526717417754
124,count_plus_PE_count,239,0.25953057736559454,0.3153371738567698,0.8842981015085016
124,count_plus_BE_count,239,0.3809066569830968,0.45436203149412396,0.7597882714750488
124,count_plus_all_pairs,239,0.22831632033251403,0.27575774009389636,0.9115199079912838
125,additive_head,239,0.3759466794361411,0.44974120406380463,0.7646492971638132
125,count_additive,239,0.3832556980089534,0.462642314066648,0.7509532686126672
125,count_plus_PB_count,239,0.3728471672625136,0.43980302249793835,0.7749357257469317
125,count_plus_PE_count,239,0.25695499199558525,0.3125732637866934,0.8863174522284833
125,count_plus_BE_count,239,0.379745136040163,0.45220722608901803,0.7620612701735361
125,count_plus_all_pairs,239,0.22749513268516885,0.2752040572044581,0.911874862528881
126,additive_head,239,0.38481310992516155,0.46076264787754734,0.7529728579843293
126,count_additive,239,0.38859155077846913,0.4718036630909313,0.740992249560934
126,count_plus_PB_count,239,0.38169290444941206,0.4483600217132479,0.7660926298678334
126,count_plus_PE_count,239,0.26961473688300425,0.33203470705477145,0.8717205446228536
126,count_plus_BE_count,239,0.3860218611512877,0.4644630654090878,0.7489891401780993
126,count_plus_all_pairs,239,0.2442009681887676,0.2938088226955604,0.8995569691601188
127,additive_head,239,0.3895018326845422,0.45677105388203265,0.7572343190892514
127,count_additive,239,0.39117969905292665,0.4667040816742145,0.7465610612682211
127,count_plus_PB_count,239,0.38586503366855607,0.44635345207609145,0.7681815813681305
127,count_plus_PE_count,239,0.2629233334615744,0.31876029640967635,0.8817724779992925
127,count_plus_BE_count,239,0.39022896386903155,0.4612446256960965,0.7524557853639955
127,count_plus_all_pairs,239,0.23489344967600043,0.2847609354056693,0.9056480316386926
128,additive_head,239,0.3725945541173665,0.44465851903821446,0.7699388017305389
128,count_additive,239,0.3718360257668964,0.44873087917937554,0.7657055205532166
128,count_plus_PB_count,239,0.36635839169935175,0.42853533292665,0.7863202267911665
128,count_plus_PE_count,239,0.24955795393925745,0.305272363957906,0.8915660889008403
128,count_plus_BE_count,239,0.370293721172016,0.4403233871749061,0.7744028290793918
128,count_plus_all_pairs,239,0.22572636853041947,0.27622876480644676,0.9112173822760418
129,additive_head,239,0.38229297443799004,0.4548638346803618,0.7592573927273043
129,count_additive,239,0.3848195992226421,0.4650532178888603,0.7483508599647237
129,count_plus_PB_count,239,0.37499332225798676,0.4380670600453262,0.7767089379821293
129,count_plus_PE_count,239,0.2549280082368315,0.3110621712096153,0.8874139607196171
129,count_plus_BE_count,239,0.3829007928319211,0.4613875319903623,0.7523023695643031
129,count_plus_all_pairs,239,0.22655738964245797,0.2753268601051864,0.9117961977217818
130,additive_head,239,0.3797662201288605,0.45428140335531975,0.7598735167411725
130,count_additive,239,0.3819364233928239,0.46017038988500836,0.7536075004470254
130,count_plus_PB_count,239,0.3790763853785268,0.447283244645825,0.767214780105581
130,count_plus_PE_count,239,0.25704936479777835,0.3128803898823364,0.8860939396360951
130,count_plus_BE_count,239,0.38970050522617883,0.4664619471850979,0.7468239704279553
130,count_plus_all_pairs,239,0.23254935529821558,0.2855276878005005,0.9051392399691147
131,additive_head,239,0.37920861304313724,0.44927628575342216,0.7651356315021168
131,count_additive,239,0.38818202489152154,0.46145481367701213,0.7522301234444109
131,count_plus_PB_count,239,0.37443773094175553,0.4331145266509368,0.7817291983678463
131,count_plus_PE_count,239,0.2597221204956279,0.31376826333307,0.885446550624664
131,count_plus_BE_count,239,0.38604900180340684,0.4573476404010402,0.7566210413262979
131,count_plus_all_pairs,239,0.2297293606689474,0.275899565950971,0.911428871620904
132,additive_head,239,0.3756732959481105,0.4471740174393697,0.7673284591891874
132,count_additive,239,0.3899416055264504,0.4681544922991637,0.7449833518028841
132,count_plus_PB_count,239,0.3790329203068453,0.442753588620724,0.7719057575694519
132,count_plus_PE_count,239,0.2640219921604375,0.320293048753885,0.8806327551776721
132,count_plus_BE_count,239,0.3886649138296766,0.46471779266395874,0.7487137389879173
132,count_plus_all_pairs,239,0.23220839329533838,0.28443404309512094,0.9058645306452869
133,additive_head,239,0.388899684143066,0.45894404700611996,0.7549190105619892
133,count_additive,239,0.395739682427602,0.4709293432137493,0.7419513171344665
133,count_plus_PB_count,239,0.38949892546265663,0.4552085142677832,0.7588924021718579
133,count_plus_PE_count,239,0.26406331978992736,0.3171904919182304,0.8829340849990783
133,count_plus_BE_count,239,0.3975534530945738,0.46947736015663233,0.7435401104645623
133,count_plus_all_pairs,239,0.23189370500506154,0.28299105371608935,0.9068172430457402
134,additive_head,239,0.3853367858133522,0.45607479372202303,0.7579738547708906
134,count_additive,239,0.3852641347764315,0.4607505608145642,0.7529858182078829
134,count_plus_PB_count,239,0.3787887889040204,0.44376232523881237,0.770865227906242
134,count_plus_PE_count,239,0.2646720046121531,0.31741595828923086,0.8827675995048291
134,count_plus_BE_count,239,0.38222688204185484,0.45342898574101864,0.7607738221609325
134,count_plus_all_pairs,239,0.22984844351100028,0.27902077512769136,0.9094135532549152
135,additive_head,239,0.3794223333233265,0.45184732780478337,0.7624398561801506
135,count_additive,239,0.38437405557527454,0.46005189889998394,0.7537343731525032
135,count_plus_PB_count,239,0.37541953701382463,0.43875039678282196,0.7760117753504238
135,count_plus_PE_count,239,0.2590698302856754,0.3177445646439479,0.8825247430794086
135,count_plus_BE_count,239,0.3814431138599205,0.4503302910609082,0.764032351966536
135,count_plus_all_pairs,239,0.23041776169081615,0.2815462778868473,0.9077662803342756
136,additive_head,239,0.38818806683247137,0.4617484298596857,0.7519147192585236
136,count_additive,239,0.396356244062892,0.4733452524136378,0.7392969007068161
136,count_plus_PB_count,239,0.3884606369939298,0.45261126044005195,0.7616358971945992
136,count_plus_PE_count,239,0.2626957202834617,0.31873506170321464,0.8817911962572115
136,count_plus_BE_count,239,0.3939950904878262,0.4674700006033579,0.7457285296044783
136,count_plus_all_pairs,239,0.2341827270700409,0.28648455523378574,0.9045023751759653
137,additive_head,239,0.38172559928126953,0.45388887061189453,0.7602883115525679
137,count_additive,239,0.38673040785040397,0.4680772444599527,0.7450675029115594
137,count_plus_PB_count,239,0.371924632568179,0.4376729532368229,0.7771105246387244
137,count_plus_PE_count,239,0.26590897319666806,0.3266070507830696,0.8758801462646169
137,count_plus_BE_count,239,0.3856263661013455,0.4599586688347694,0.7538341750841336
137,count_plus_all_pairs,239,0.23178298742372874,0.2833609591195422,0.906573480337233
138,additive_head,239,0.3752340876671272,0.4471506348611819,0.7673527911854259
138,count_additive,239,0.3806358364736014,0.4597061767430789,0.7541043639877163
138,count_plus_PB_count,239,0.37739161218053197,0.4412963402223386,0.7734047537396302
138,count_plus_PE_count,239,0.2562684443558376,0.30993370329181047,0.888229355777242
138,count_plus_BE_count,239,0.38156106099221326,0.4543807859083167,0.7597684409306191
138,count_plus_all_pairs,239,0.22921512299996913,0.28139714870186305,0.9078639630082991
139,additive_head,239,0.3859143803464953,0.45802362554519455,0.7559010544665462
139,count_additive,239,0.3864370032375559,0.46787354337699427,0.7452893411945325
139,count_plus_PB_count,239,0.37420352818747005,0.4415689793264925,0.7731246797702939
139,count_plus_PE_count,239,0.2565347530131734,0.31584256371641084,0.8839269342019559
139,count_plus_BE_count,239,0.3839460205995442,0.4599923615020401,0.7537981097262322
139,count_plus_all_pairs,239,0.2289879665071041,0.2838686410270491,0.9062384063485729
140,additive_head,239,0.3893062206178065,0.4599361651599216,0.7538582620316938
140,count_additive,239,0.38951488144680624,0.4639076131575301,0.7495891499037033
140,count_plus_PB_count,239,0.3781155971099046,0.4372816148162238,0.777508932715261
140,count_plus_PE_count,239,0.2602761813214478,0.31823058868542253,0.8821650864712857
140,count_plus_BE_count,239,0.3836655040062666,0.45670262792760224,0.7573070479938031
140,count_plus_all_pairs,239,0.23590638146912962,0.284672706861146,0.905706489426931
141,additive_head,239,0.38442540732770347,0.45927008092825533,0.7545706757315883
141,count_additive,239,0.3854380908492037,0.46199838590654785,0.7516460569482819
141,count_plus_PB_count,239,0.3746609131379283,0.43775793489395587,0.7770239606610209
141,count_plus_PE_count,239,0.2589033852457384,0.31265912652516514,0.8862549872855867
141,count_plus_BE_count,239,0.3845787351050178,0.457913614857881,0.7560182984965995
141,count_plus_all_pairs,239,0.2278915271951257,0.2783166221857538,0.909870194700555
142,additive_head,239,0.3829852348019654,0.45562823104043754,0.7584475794014747
142,count_additive,239,0.38936366789811,0.46592513998989254,0.7474063481074987
142,count_plus_PB_count,239,0.37617111499654526,0.4374846316805,0.7773022927711466
142,count_plus_PE_count,239,0.2699323093015715,0.3297335633398339,0.8734924471445269
142,count_plus_BE_count,239,0.3895285600112642,0.4606400119418844,0.753104337275356
142,count_plus_all_pairs,239,0.2304147898783399,0.28161918860293045,0.9077185034831896
143,additive_head,239,0.38217875744289836,0.4550937974394259,0.7590139096255732
143,count_additive,239,0.38744245105379815,0.4648525801210728,0.7485679509481575
143,count_plus_PB_count,239,0.3777124758014996,0.44668481388328635,0.767837261041496
143,count_plus_PE_count,239,0.25525007862955834,0.3125164964223542,0.8863587409331809
143,count_plus_BE_count,239,0.3824976583766354,0.4569097691719148,0.7570868472874079
143,count_plus_all_pairs,239,0.23174496487480997,0.28250791241497425,0.9071351471412241
144,additive_head,239,0.3797199025600483,0.4507094780425197,0.7636348058444491
144,count_additive,239,0.3774197932845352,0.4516536079537017,0.7626435101481335
144,count_plus_PB_count,239,0.3705772943965055,0.43212208458715734,0.7827283472203467
144,count_plus_PE_count,239,0.26042637241834427,0.31780290381875986,0.8824816012638187
144,count_plus_BE_count,239,0.37949652356783786,0.44724115266235825,0.7672585909601177
144,count_plus_all_pairs,239,0.2349211746799173,0.28717520635892396,0.9040413727033056
145,additive_head,239,0.3821123354558592,0.4542310780009997,0.7599267162818268
145,count_additive,239,0.38900997125198494,0.4637696915253599,0.7497380241112928
145,count_plus_PB_count,239,0.3744717061563042,0.4341057389444459,0.7807289997711209
145,count_plus_PE_count,239,0.2570884521598845,0.314495770526105,0.8849147245416802
145,count_plus_BE_count,239,0.3868963410621089,0.458826531849555,0.7550445031737343
145,count_plus_all_pairs,239,0.22563105981731726,0.27565759965185105,0.911584158784064
146,additive_head,239,0.3799767705203308,0.45212032840919686,0.7621527076196997
146,count_additive,239,0.38939306377187827,0.4662916108146361,0.7470088395788164
146,count_plus_PB_count,239,0.3780704547532712,0.4425770163328726,0.7720876514820441
146,count_plus_PE_count,239,0.2567886886409917,0.31075097571968935,0.8876391166225323
146,count_plus_BE_count,239,0.3892039517838255,0.46062247166199827,0.7531231395350981
146,count_plus_all_pairs,239,0.22709916378623918,0.27722874770326433,0.9105734102501888
147,additive_head,239,0.3845723337661298,0.4561694287611979,0.7578734040099877
147,count_additive,239,0.3861901752400566,0.4608587037293853,0.7528698510413411
147,count_plus_PB_count,239,0.3774270361969576,0.4406147453928989,0.7741041788692403
147,count_plus_PE_count,239,0.25603977213693396,0.31206186046330525,0.8866891415556011
147,count_plus_BE_count,239,0.384596083995454,0.4546340381415173,0.7595005769043541
147,count_plus_all_pairs,239,0.23140209226165823,0.2801515744055679,0.9086778183618965
148,additive_head,239,0.38239795110656344,0.455045872787426,0.759064662092328
148,count_additive,239,0.3855024331614601,0.46183335541199705,0.7518234543375083
148,count_plus_PB_count,239,0.3765306247235595,0.43680246955930024,0.7779962485786198
148,count_plus_PE_count,239,0.2606934983074554,0.31523708198036876,0.8843715402473257
148,count_plus_BE_count,239,0.3813322600607645,0.45437727397878247,0.7597721544373215
148,count_plus_all_pairs,239,0.22768661412377747,0.2777606770185656,0.91022990864069
149,additive_head,239,0.38424733059141125,0.4546672118825881,0.7594654780952058
149,count_additive,239,0.3894930400089631,0.4626802943462316,0.7509123763187325
149,count_plus_PB_count,239,0.3815991284475084,0.4441423311856431,0.770472631002927
149,count_plus_PE_count,239,0.2591252905360339,0.31317205180724844,0.8858814779643027
149,count_plus_BE_count,239,0.3879318101490961,0.45927017211331933,0.7545705782748116
149,count_plus_all_pairs,239,0.23597145487467766,0.28545879133582075,0.9051850133408833
150,additive_head,239,0.3798151905639699,0.44869781421344357,0.7657400474998646
150,count_additive,239,0.3805136591334009,0.45346196290288204,0.760739023824197
150,count_plus_PB_count,239,0.374551798614086,0.4375984959701168,0.7771863544534297
150,count_plus_PE_count,239,0.25135171058900313,0.3051894881199836,0.8916249565381416
150,count_plus_BE_count,239,0.37916949033712943,0.44685206899855434,0.7676633680672122
150,count_plus_all_pairs,239,0.22432972879732266,0.27279979454589826,0.9134079102199294
151,additive_head,239,0.3797072921230301,0.4543730385316661,0.7597766329517713
151,count_additive,239,0.38788412579326415,0.46741830994079486,0.745784758813143
151,count_plus_PB_count,239,0.3746274162191016,0.4401054768492184,0.7746260640476443
151,count_plus_PE_count,239,0.2595605783074151,0.3179588718116158,0.8823662240521029
151,count_plus_BE_count,239,0.3863139066592387,0.45978468762140096,0.7540203662871059
151,count_plus_all_pairs,239,0.22772413568987693,0.27888917479319797,0.9094989834194915
152,additive_head,239,0.3812749327761002,0.4529245439149604,0.7613058065185876
152,count_additive,239,0.3831495651259199,0.4567913330640871,0.7572127625624853
152,count_plus_PB_count,239,0.37531614729914436,0.4385754223387763,0.7761903935370073
152,count_plus_PE_count,239,0.2585718629048043,0.3149383582820059,0.8845905791696057
152,count_plus_BE_count,239,0.38180102794855897,0.44849276385568787,0.7659541074296103
152,count_plus_all_pairs,239,0.23311746686066429,0.281526250914242,0.907779401420405
153,additive_head,239,0.3800941108134118,0.4528838816341104,0.7613486631700149
153,count_additive,239,0.39131952038391726,0.46966549295819915,0.7433345278790178
153,count_plus_PB_count,239,0.37894543466833364,0.44549299244954,0.7690744976168193
153,count_plus_PE_count,239,0.2622492474323775,0.3191351219408481,0.8814942705265938
153,count_plus_BE_count,239,0.39158769840829416,0.4671258872160546,0.7461027397669473
153,count_plus_all_pairs,239,0.2332192627036022,0.2848754550758497,0.9055721270628977
154,additive_head,239,0.3853288773269409,0.45853250561128767,0.7553583484341861
154,count_additive,239,0.38933118814671724,0.46716887756471065,0.7460560044679302
154,count_plus_PB_count,239,0.3815243588696184,0.44554836653764657,0.769017086685326
154,count_plus_PE_count,239,0.2634866796546294,0.3193325133241716,0.8813476289163533
154,count_plus_BE_count,239,0.39060644957164803,0.461791584630756,0.751868345245769
154,count_plus_all_pairs,239,0.2297752556891144,0.28223690142755153,0.9073132329418148
155,additive_head,239,0.3815725312043506,0.4537918666092816,0.7603907617775985
155,count_additive,239,0.38617275962694503,0.46401290809378926,0.7494754635314093
155,count_plus_PB_count,239,0.3775357457984445,0.4415949339834941,0.773098008312599
155,count_plus_PE_count,239,0.26160808610185504,0.31901250651482027,0.88158531559239
155,count_plus_BE_count,239,0.3839796077844079,0.458260965673369,0.755648012998278
155,count_plus_all_pairs,239,0.23176730452172145,0.28018174253244416,0.9086581492416693
156,additive_head,239,0.37815350139391285,0.4480919221049236,0.766372278909788
156,count_additive,239,0.38079988241093865,0.45247919097376993,0.7617749835570207
156,count_plus_PB_count,239,0.3678407579516003,0.431047997978748,0.7838071096785546
156,count_plus_PE_count,239,0.2519606840949574,0.305116790835217,0.891676581075356
156,count_plus_BE_count,239,0.3798292269241116,0.4480157490965317,0.7664517028532363
156,count_plus_all_pairs,239,0.21892486506318556,0.26841788783902576,0.9161673774896196
157,additive_head,239,0.3853627043216823,0.45754207171011724,0.7564140628968088
157,count_additive,239,0.38970342713852946,0.46583274136523484,0.7475065229630493
157,count_plus_PB_count,239,0.38418284969673444,0.44592931045617584,0.7686219369816761
157,count_plus_PE_count,239,0.2601606787644579,0.3155239996925007,0.8841609625407386
157,count_plus_BE_count,239,0.38557913239250824,0.46007014866494456,0.7537148345788753
157,count_plus_all_pairs,239,0.22916697604851863,0.277912484153089,0.9101317560545895
158,additive_head,239,0.38429269424116475,0.4581305123053007,0.7557871127904535
158,count_additive,239,0.3875995059672782,0.46922431407359566,0.7438164973008365
158,count_plus_PB_count,239,0.37761920118783726,0.44478474259814027,0.7698081699588774
158,count_plus_PE_count,239,0.25542617252308364,0.3108690649595168,0.8875537033272568
158,count_plus_BE_count,239,0.3881793042925529,0.46613366548860075,0.7471802001731003
158,count_plus_all_pairs,239,0.22888386745610043,0.2802277714330033,0.9086281350781567
159,additive_head,239,0.3832860081641212,0.4507719773184435,0.7635692484135096
159,count_additive,239,0.3808314955984386,0.454816298184918,0.7593077087163479
159,count_plus_PB_count,239,0.37125410313088897,0.43208690215234985,0.7827637253454056
159,count_plus_PE_count,239,0.25711004479708865,0.31045220746385815,0.8878550691380526
159,count_plus_BE_count,239,0.37876187587494153,0.4490253631809418,0.7653979035885963
159,count_plus_all_pairs,239,0.22465109867564612,0.27394492071694715,0.9126794127006074
160,additive_head,239,0.3896596194641119,0.46372033216673203,0.7497912924187617
160,count_additive,239,0.39849327653189165,0.4735791718466227,0.7390391666770387
160,count_plus_PB_count,239,0.3894830552834422,0.45306456589903704,0.761158198704906
160,count_plus_PE_count,239,0.2594272564222881,0.3159321761288473,0.8838610592108367
160,count_plus_BE_count,239,0.3961965026488389,0.4673744440673565,0.7458324713228865
160,count_plus_all_pairs,239,0.23299322276287207,0.2816163317218035,0.9077203757698746
161,additive_head,239,0.3776350996200724,0.44761000224346825,0.7668745387748728
161,count_additive,239,0.3881616937378544,0.4627462891063113,0.7508413136410172
161,count_plus_PB_count,239,0.37038495525329945,0.434628611306411,0.7802004659008512
161,count_plus_PE_count,239,0.2568299446857838,0.3098655012160718,0.8882785414651997
161,count_plus_BE_count,239,0.38575625998557195,0.4576371927715925,0.7563127713967748
161,count_plus_all_pairs,239,0.22433488049056075,0.27267159955457765,0.9134892743865247
162,additive_head,239,0.3779090849597007,0.4471103469809424,0.7673947119159927
162,count_additive,239,0.3775982718388265,0.45197173266151486,0.7623090256882334
162,count_plus_PB_count,239,0.37351913322250774,0.4371867676035658,0.7776054397178657
162,count_plus_PE_count,239,0.2591371217156588,0.3155496682876431,0.8841421142356678
162,count_plus_BE_count,239,0.374021441142339,0.4447598799457304,0.7698339038429438
162,count_plus_all_pairs,239,0.2312251639369507,0.28432120661081123,0.9059392039045802
163,additive_head,239,0.3853078298779403,0.4535852929480781,0.7606088604052592
163,count_additive,239,0.38639542165577084,0.460358852413015,0.7534056392962992
163,count_plus_PB_count,239,0.3749992135518093,0.4363603559307519,0.778445427412394
163,count_plus_PE_count,239,0.25729794869224176,0.3099680779981728,0.8882045614673832
163,count_plus_BE_count,239,0.38765635079066024,0.4589763405876823,0.754884519118308
163,count_plus_all_pairs,239,0.2268887155492859,0.27631173991792113,0.9111640362456975
164,additive_head,239,0.3797329296857761,0.4531315526156975,0.7610875667816126
164,count_additive,239,0.3845098976105507,0.4605616506110755,0.7531883309649887
164,count_plus_PB_count,239,0.375097128601209,0.436836386081699,0.7779617712665223
164,count_plus_PE_count,239,0.252809563341452,0.3067876775663379,0.890486926777562
164,count_plus_BE_count,239,0.382344811255536,0.4553488900281004,0.7587436752482108
164,count_plus_all_pairs,239,0.2241031224296573,0.2729651392147969,0.9133029110252847
165,additive_head,239,0.3870973948947162,0.45864312895681597,0.7552402920601035
165,count_additive,239,0.3949608734871762,0.4694944722543198,0.7435214145825664
165,count_plus_PB_count,239,0.38565362696838523,0.4490162451139639,0.7654074313172494
165,count_plus_PE_count,239,0.27111312507991503,0.326075633549378,0.8762837246220428
165,count_plus_BE_count,239,0.39421136133541235,0.46347416090789695,0.750056874232857
165,count_plus_all_pairs,239,0.23919623136389118,0.2908407370787334,0.9015760894567316
166,additive_head,239,0.38288823768553304,0.45599945182450585,0.7580538118442807
166,count_additive,239,0.38527755749313575,0.46438693984198304,0.749071414871379
166,count_plus_PB_count,239,0.38361854600176293,0.45212948251934143,0.7621430761025261
166,count_plus_PE_count,239,0.259870767578255,0.3154517821397821,0.8842139832582534
166,count_plus_BE_count,239,0.38264328887819965,0.4549904464751377,0.7591233521927562
166,count_plus_all_pairs,239,0.23274571004584013,0.2799610424879939,0.9088019930954986
167,additive_head,239,0.3855184079226551,0.46197588376589027,0.7516702490642415
167,count_additive,239,0.3902943226381981,0.4693878255688889,0.7436379206802305
167,count_plus_PB_count,239,0.3803077378863323,0.44663598941480015,0.7678880109326349
167,count_plus_PE_count,239,0.2566359928828282,0.3112621108458394,0.8872691816480008
167,count_plus_BE_count,239,0.3886727442854764,0.4648774749895186,0.7485410196772126
167,count_plus_all_pairs,239,0.22663443977779021,0.27623650584359,0.9112124061167197
168,additive_head,239,0.3799633828914968,0.4543430732813163,0.759808316680173
168,count_additive,239,0.3858987774183482,0.46706010786123847,0.746174240929768
168,count_plus_PB_count,239,0.3756013475159131,0.4420039598899708,0.7726774791461131
168,count_plus_PE_count,239,0.25649442012033874,0.30928527855847354,0.8886965462482068
168,count_plus_BE_count,239,0.38909773128899966,0.4699701039760095,0.7430014887884546
168,count_plus_all_pairs,239,0.23565309459421413,0.28274526463704946,0.9069790386749274
169,additive_head,239,0.38765480583970224,0.46456250914939357,0.7488816434456333
169,count_additive,239,0.39845604675916674,0.48105819031041425,0.7307316126176623
169,count_plus_PB_count,239,0.3808032509608113,0.4477138466893987,0.766766357132721
169,count_plus_PE_count,239,0.2582927564791559,0.3186796670825414,0.8818322809298025
169,count_plus_BE_count,239,0.39235053402858705,0.4741944681362155,0.7383606210360281
169,count_plus_all_pairs,239,0.22799551943564259,0.27999066200219613,0.9087826948136335
170,additive_head,239,0.3737276368515666,0.4468263959504492,0.7676900642317558
170,count_additive,239,0.38577736418157904,0.46273374782233,0.7508548187844277
170,count_plus_PB_count,239,0.3778275634218214,0.44220168617722677,0.7724740525002545
170,count_plus_PE_count,239,0.2557590334635824,0.31306444165961905,0.8859598898218889
170,count_plus_BE_count,239,0.38433510270236526,0.45723503366050017,0.7567408746211792
170,count_plus_all_pairs,239,0.2279490598591292,0.2778446923054264,0.9101755942525249
171,additive_head,239,0.38064630547797473,0.44953433752817895,0.7648657549269487
171,count_additive,239,0.38629170961023496,0.46010033317291676,0.7536825167228818
171,count_plus_PB_count,239,0.3820476028448427,0.4401276901507697,0.7746033130217874
171,count_plus_PE_count,239,0.2586069620560547,0.3157685723355517,0.8839813119294495
171,count_plus_BE_count,239,0.3867146133547664,0.45537488895175765,0.7587161245767444
171,count_plus_all_pairs,239,0.2286788609955656,0.28134148331291403,0.9079004117148761
172,additive_head,239,0.3777992937838308,0.44580455536529134,0.7687513815049365
172,count_additive,239,0.38198575397586837,0.4561678984350366,0.7578750285469221
172,count_plus_PB_count,239,0.3746416623629396,0.4352085825309037,0.7796134706826259
172,count_plus_PE_count,239,0.2650264169720923,0.3204859220657426,0.880488951321671
172,count_plus_BE_count,239,0.38280103099116686,0.4500767472566901,0.7642979849661389
172,count_plus_all_pairs,239,0.2339410607875353,0.2832446895872078,0.9066501347160376
173,additive_head,239,0.37777670068200564,0.4512338112710422,0.7630845346793874
173,count_additive,239,0.3871671721359281,0.4670747268112255,0.7461583512226978
173,count_plus_PB_count,239,0.37821940670684273,0.4423233733618739,0.7723488119036185
173,count_plus_PE_count,239,0.25968781347255177,0.3176968230103941,0.8825600421211638
173,count_plus_BE_count,239,0.394078944724946,0.47110115725520874,0.7417629896259448
173,count_plus_all_pairs,239,0.22828650532877975,0.28146360912063867,0.9078204364640982
174,additive_head,239,0.3824021911174607,0.45340772369749727,0.7607962570661054
174,count_additive,239,0.3860735843785345,0.4631079297986782,0.7504517216279023
174,count_plus_PB_count,239,0.3789206538562335,0.4398518745095951,0.7748857240296898
174,count_plus_PE_count,239,0.2547459025657273,0.31134011472291534,0.8872126727287871
174,count_plus_BE_count,239,0.38464048498312026,0.45591877634641464,0.7581394145688489
174,count_plus_all_pairs,239,0.2300012526082764,0.2778312034067207,0.9101843156924705
175,additive_head,239,0.38126600930790655,0.4534469775855696,0.7607548370244182
175,count_additive,239,0.38689696545128704,0.46441742142473985,0.7490384727242109
175,count_plus_PB_count,239,0.3758843874164683,0.4409139288625881,0.7737973019814647
175,count_plus_PE_count,239,0.25695182690552815,0.3122002532345182,0.8865886173783165
175,count_plus_BE_count,239,0.3822928302363287,0.45675491191359313,0.7572514771236051
175,count_plus_all_pairs,239,0.23071101611692277,0.28090394296904936,0.9081866542555992
176,additive_head,239,0.38856593628721836,0.46419577806977874,0.7492779584929674
176,count_additive,239,0.39698817190422075,0.47482689898442376,0.7376622613209146
176,count_plus_PB_count,239,0.38592393639628836,0.4556793735316601,0.7583933497246027
176,count_plus_PE_count,239,0.2670978105845392,0.32481294969501806,0.877240018607477
176,count_plus_BE_count,239,0.3961415319866176,0.4703703220305111,0.7425635918319637
176,count_plus_all_pairs,239,0.23611108510360934,0.28875621822151815,0.9029818846910097
177,additive_head,239,0.38445096250603616,0.45721519075077227,0.7567619878945313
177,count_additive,239,0.38683442571000515,0.46391462108529435,0.7495815842835073
177,count_plus_PB_count,239,0.37619081113466424,0.4371260346596718,0.7776672244707223
177,count_plus_PE_count,239,0.260694788793211,0.3150252311679392,0.8845269011070815
177,count_plus_BE_count,239,0.37962247988735337,0.4524748564135268,0.7617795477259808
177,count_plus_all_pairs,239,0.23301325202293832,0.28070960625522,0.9083136480719471
178,additive_head,239,0.3895099385372385,0.4635529268237668,0.7499719129825971
178,count_additive,239,0.400623679621628,0.48372898626181254,0.7277334003645315
178,count_plus_PB_count,239,0.39190962497744586,0.46008327159399554,0.7537007844221518
178,count_plus_PE_count,239,0.264096384853848,0.3174881616303302,0.8827142591890225
178,count_plus_BE_count,239,0.4004798979127588,0.4844247006721914,0.7269496722150827
178,count_plus_all_pairs,239,0.2334268183702283,0.28530602936406885,0.9052864658040521
179,additive_head,239,0.3851292053610036,0.4563152531409583,0.7577185773077488
179,count_additive,239,0.38858538187988745,0.4655556803103679,0.7478067822585379
179,count_plus_PB_count,239,0.3749699054809819,0.44026806372659055,0.7744595148232206
179,count_plus_PE_count,239,0.2630424588225787,0.3212096065311011,0.8799486097193618
179,count_plus_BE_count,239,0.3862677749066358,0.4610041309870044,0.7527138590636531
179,count_plus_all_pairs,239,0.2337135337188831,0.282964081444565,0.9068350049559736
180,additive_head,239,0.3814299359282092,0.4523827641813916,0.7618765079010371
180,count_additive,239,0.38849482584972495,0.46453012015841194,0.7489166578365732
180,count_plus_PB_count,239,0.37756325976910804,0.43997848915952564,0.7747561037221935
180,count_plus_PE_count,239,0.2614545872059611,0.3198507477209107,0.8809622022389152
180,count_plus_BE_count,239,0.3884000812288812,0.46055796489868533,0.7531922812425922
180,count_plus_all_pairs,239,0.23318752101713558,0.28381070020845917,0.9062766780579007
181,additive_head,239,0.38999363355413397,0.4646517374759826,0.7487851697865286
181,count_additive,239,0.3921273602044063,0.47185789823718105,0.7409326988125471
181,count_plus_PB_count,239,0.3852281593935472,0.4538290325942593,0.7603515117218773
181,count_plus_PE_count,239,0.26000014068665794,0.3152207742464735,0.8843835032395405
181,count_plus_BE_count,239,0.3851670227710606,0.4599609133788436,0.753831772557867
181,count_plus_all_pairs,239,0.2288249753638711,0.2802545692881661,0.9086106586726844
182,additive_head,239,0.37650097581005837,0.44931244266768505,0.7650978270917198
182,count_additive,239,0.3795285014868069,0.4557687297870165,0.7582985849248716
182,count_plus_PB_count,239,0.3707004555442527,0.43603789830964446,0.7787727512065252
182,count_plus_PE_count,239,0.25261514820292785,0.3096339700734591,0.8884454353785421
182,count_plus_BE_count,239,0.3762822741068597,0.4483457198457184,0.7661075520674281
182,count_plus_all_pairs,239,0.22576539751347197,0.27467783289523495,0.9122115527218417
183,additive_head,239,0.37835972019555814,0.4526669317940677,0.761577255841091
183,count_additive,239,0.3916670958247896,0.471713030206433,0.7410917501228993
183,count_plus_PB_count,239,0.38662658009013073,0.45108707109241747,0.7632385983336647
183,count_plus_PE_count,239,0.26245577918834717,0.3200661686717131,0.8808018032329633
183,count_plus_BE_count,239,0.39246146731220444,0.46578950239944394,0.747553394078617
183,count_plus_all_pairs,239,0.23552288053119785,0.28595999236387876,0.9048517737377155
184,additive_head,239,0.3788195103168413,0.451636985907616,0.7626609805185408
184,count_additive,239,0.3767896083392547,0.4529644822144916,0.7612637091731057
184,count_plus_PB_count,239,0.37027143941656093,0.4333710625211042,0.7814705560484163
184,count_plus_PE_count,239,0.25362977205701354,0.3080529727033393,0.8895817267569766
184,count_plus_BE_count,239,0.37729100744453187,0.4478210646116772,0.7666546347856033
184,count_plus_all_pairs,239,0.2263968264820494,0.27644893681143734,0.9110757950141254
185,additive_head,239,0.3816445880098782,0.4529850804798878,0.7612419959241313
185,count_additive,239,0.39494103724969326,0.47191655581242437,0.7408682844865071
185,count_plus_PB_count,239,0.3858720280154307,0.44748277443628975,0.7670070462068959
185,count_plus_PE_count,239,0.2634979134403739,0.31841704861519005,0.8820269606761679
185,count_plus_BE_count,239,0.3913910634567654,0.4688825297122464,0.7441895710011106
185,count_plus_all_pairs,239,0.23277310270013993,0.2851761518290689,0.9053726775150455
186,additive_head,239,0.38111044723931686,0.45639424519499455,0.7576346880947389
186,count_additive,239,0.3873023490818365,0.4645715116638419,0.7488719107681442
186,count_plus_PB_count,239,0.3787474184643167,0.44142444073778075,0.7732731814685548
186,count_plus_PE_count,239,0.25582716422159574,0.30858506919508294,0.8891999487974506
186,count_plus_BE_count,239,0.38447979666314047,0.45527878330428945,0.7588179584576753
186,count_plus_all_pairs,239,0.22671249945784686,0.2743980719858127,0.9123902877035038
187,additive_head,239,0.374471338766248,0.4476624734232895,0.7668198792055756
187,count_additive,239,0.377311522857732,0.4516318264619262,0.7626664031514288
187,count_plus_PB_count,239,0.367844738434734,0.4291225899155298,0.7857341797995405
187,count_plus_PE_count,239,0.2534251798818773,0.3112483031633526,0.8872791829733628
187,count_plus_BE_count,239,0.3778037173459632,0.44771085151315904,0.7667694777577981
187,count_plus_all_pairs,239,0.22666830545027644,0.2761634940357681,0.9112593346428711
188,additive_head,239,0.38106862724747337,0.45359604615761967,0.7605975097127204
188,count_additive,239,0.3825146923593818,0.45958956907133075,0.7542290944458461
188,count_plus_PB_count,239,0.38015190836805424,0.44557751741815527,0.7689868606713494
188,count_plus_PE_count,239,0.2572845321781821,0.3138721759943982,0.8853706632500085
188,count_plus_BE_count,239,0.3795209350243794,0.4504708365500637,0.7638850406958877
188,count_plus_all_pairs,239,0.22742705259860943,0.2786433676653185,0.9096584445493933
189,additive_head,239,0.38919384936459495,0.4664065662047096,0.7468840838176074
189,count_additive,239,0.3995243634222307,0.484539569721841,0.726820162921576
189,count_plus_PB_count,239,0.3866582529119923,0.4572748639450696,0.7566984915949968
189,count_plus_PE_count,239,0.26740034865538664,0.32348928157526036,0.8782385156169464
189,count_plus_BE_count,239,0.3976085763546469,0.48177202522991325,0.729931893196569
189,count_plus_all_pairs,239,0.23384285598586121,0.2841252562033395,0.9060688101358885
190,additive_head,239,0.3814273042144082,0.4536064025132758,0.7605865776701726
190,count_additive,239,0.3915562218621879,0.472189302243206,0.7405686650992854
190,count_plus_PB_count,239,0.38291936250420133,0.4498449055033933,0.7645407502027326
190,count_plus_PE_count,239,0.2570942962833133,0.3138102189936746,0.8854159134472689
190,count_plus_BE_count,239,0.3946513020982422,0.4732370386044104,0.7394160883420673
190,count_plus_all_pairs,239,0.23161567413636217,0.2833956587191871,0.9065505974296273
191,additive_head,239,0.3795254268157747,0.45012089802188965,0.7642517398099473
191,count_additive,239,0.38621364444289896,0.4595663565260999,0.754253920179826
191,count_plus_PB_count,239,0.37704091864676204,0.439906404041684,0.774829904615241
191,count_plus_PE_count,239,0.2577710781636924,0.3168054731939181,0.8832181112542319
191,count_plus_BE_count,239,0.38296377677282406,0.4498780407122545,0.764506061452592
191,count_plus_all_pairs,239,0.22781011484632332,0.27734447226787917,0.9104987353600231
192,additive_head,239,0.38535771739357905,0.45562175764694657,0.7584544431234863
192,count_additive,239,0.3907620896349915,0.46745432733193226,0.7457455796780977
192,count_plus_PB_count,239,0.3808143900016077,0.4419906989094962,0.7726911191790689
192,count_plus_PE_count,239,0.2676858471145301,0.3248946104687837,0.8771782850145139
192,count_plus_BE_count,239,0.3859129957187741,0.45939283974449285,0.7544394560370168
192,count_plus_all_pairs,239,0.2336643166266887,0.2838607875074536,0.9062435942997628
193,additive_head,239,0.3823325283558651,0.45309133632477655,0.7611299727694176
193,count_additive,239,0.3867516157418815,0.46372254025073617,0.7497889095896211
193,count_plus_PB_count,239,0.375565163628165,0.4403187888717015,0.7744075408835231
193,count_plus_PE_count,239,0.2556371810255469,0.31169018086559264,0.8869588973892655
193,count_plus_BE_count,239,0.386919145998732,0.45900868775023324,0.7548499680140337
193,count_plus_all_pairs,239,0.22824285769181288,0.27743241630443605,0.9104419658822585
194,additive_head,239,0.37988930529199344,0.44814461251341814,0.7663173318634091
194,count_additive,239,0.38670682192807326,0.46046314838872876,0.7532938929372832
194,count_plus_PB_count,239,0.37250978827496606,0.4326206358717872,0.7822267132979639
194,count_plus_PE_count,239,0.25436334760565293,0.31016406728371176,0.8880631428076833
194,count_plus_BE_count,239,0.38312515821195814,0.45546825234387756,0.7586171758163661
194,count_plus_all_pairs,239,0.22597642016788413,0.2754320034341042,0.9117288173564804
195,additive_head,239,0.38351562478687234,0.4580812844472973,0.755839593169308
195,count_additive,239,0.38653036939177676,0.46401807257622685,0.7494698868039242
195,count_plus_PB_count,239,0.3775596293349169,0.441657956021177,0.773033239244085
195,count_plus_PE_count,239,0.2559858626705895,0.31008963606174367,0.8881168601673692
195,count_plus_BE_count,239,0.38467345489149757,0.45886987603494495,0.7549982203316186
195,count_plus_all_pairs,239,0.22819431119211123,0.27810639331503884,0.9100063039333545
196,additive_head,239,0.38589026368834156,0.4574876531770962,0.7564720020542913
196,count_additive,239,0.3977120299225651,0.4731098489394462,0.7395561413125424
196,count_plus_PB_count,239,0.3882799113269979,0.453068645801077,0.7611538970860499
196,count_plus_PE_count,239,0.26417517661310513,0.3209357650700648,0.8801532177630245
196,count_plus_BE_count,239,0.3935059291062489,0.46541381572684865,0.7479604559704884
196,count_plus_all_pairs,239,0.2362960289779438,0.2870256265025902,0.904141309879264
197,additive_head,239,0.38033848437540024,0.4511333482168455,0.763190017030547
197,count_additive,239,0.3882115317310932,0.4651725990682628,0.7482216445289191
197,count_plus_PB_count,239,0.38351436012667833,0.4479558137369119,0.7665141866605412
197,count_plus_PE_count,239,0.25389786734548236,0.30996443228988135,0.888207191229538
197,count_plus_BE_count,239,0.3826195581019176,0.4554289641761263,0.7586588168300814
197,count_plus_all_pairs,239,0.22687746996159502,0.27522891101971214,0.9118589445601614
198,additive_head,239,0.38281176701032127,0.4542300781939892,0.7599277731302001
198,count_additive,239,0.38577736812063623,0.4595390777053621,0.7542830931782671
198,count_plus_PB_count,239,0.37740101553387406,0.4390065129253363,0.7757501972677961
198,count_plus_PE_count,239,0.25953533015659613,0.3136766485776527,0.885513436000449
198,count_plus_BE_count,239,0.3833185040602195,0.45225032000652976,0.7620159183968392
198,count_plus_all_pairs,239,0.2332417046690618,0.28359549080576785,0.906418762149593
199,additive_head,239,0.3837911844557798,0.4569714378450228,0.7570212713520874
199,count_additive,239,0.39089947120500806,0.4688117807854262,0.7442667628210728
199,count_plus_PB_count,239,0.3806043884239142,0.4441431749944407,0.7704717588617972
199,count_plus_PE_count,239,0.2583242270730778,0.3148518163925471,0.8846539971484636
199,count_plus_BE_count,239,0.38777887773393327,0.4599505929088043,0.753842819337016
199,count_plus_all_pairs,239,0.22884136652085565,0.2777562345221739,0.9102327801783173
