bootstrap,baseline,model,delta_mae
0,count_additive,additive_head,0.005882128929034225
1,count_additive,additive_head,0.007141875038427281
2,count_additive,additive_head,0.006302772866935646
3,count_additive,additive_head,0.005913871346153954
4,count_additive,additive_head,0.005667018464048934
5,count_additive,additive_head,0.00641085091453536
6,count_additive,additive_head,0.005521264962004724
7,count_additive,additive_head,0.005482100549663416
8,count_additive,additive_head,0.0060412235101584555
9,count_additive,additive_head,0.006077935334657669
10,count_additive,additive_head,0.006401067026843232
11,count_additive,additive_head,0.006411957342949748
12,count_additive,additive_head,0.006465777461187094
13,count_additive,additive_head,0.006493765173230859
14,count_additive,additive_head,0.004907436509481389
15,count_additive,additive_head,0.006485883599797071
16,count_additive,additive_head,0.0062726147861492665
17,count_additive,additive_head,0.00582746561235864
18,count_additive,additive_head,0.0056175878833561455
19,count_additive,additive_head,0.006702360343202651
20,count_additive,additive_head,0.005634827949438592
21,count_additive,additive_head,0.005190551322394543
22,count_additive,additive_head,0.0060769652454580325
23,count_additive,additive_head,0.006409572214198633
24,count_additive,additive_head,0.005383239118991745
25,count_additive,additive_head,0.006813145662730891
26,count_additive,additive_head,0.005979889090876878
27,count_additive,additive_head,0.005994476052302966
28,count_additive,additive_head,0.00765095082418954
29,count_additive,additive_head,0.006222862274506247
30,count_additive,additive_head,0.00551850395199549
31,count_additive,additive_head,0.006973026810235983
32,count_additive,additive_head,0.006347429296013063
33,count_additive,additive_head,0.005018284139248874
34,count_additive,additive_head,0.005426911283834823
35,count_additive,additive_head,0.007188945109886935
36,count_additive,additive_head,0.004979724441169897
37,count_additive,additive_head,0.004709613438838189
38,count_additive,additive_head,0.006475602093918287
39,count_additive,additive_head,0.006087098587372275
40,count_additive,additive_head,0.006461978687851422
41,count_additive,additive_head,0.006567673027395693
42,count_additive,additive_head,0.005613725684079973
43,count_additive,additive_head,0.00524351817936064
44,count_additive,additive_head,0.006980038933710853
45,count_additive,additive_head,0.006084504364034349
46,count_additive,additive_head,0.005740815271033817
47,count_additive,additive_head,0.0065225462389307265
48,count_additive,additive_head,0.00692592803609654
49,count_additive,additive_head,0.00600324213909742
50,count_additive,additive_head,0.006895548722939848
51,count_additive,additive_head,0.00627361901528195
52,count_additive,additive_head,0.0057344717755755115
53,count_additive,additive_head,0.006837493730992683
54,count_additive,additive_head,0.00539794259369647
55,count_additive,additive_head,0.006021597150451585
56,count_additive,additive_head,0.006205405733704039
57,count_additive,additive_head,0.005995965039075624
58,count_additive,additive_head,0.0064703969617110335
59,count_additive,additive_head,0.004941558064467666
60,count_additive,additive_head,0.006283507296450774
61,count_additive,additive_head,0.006229219386787221
62,count_additive,additive_head,0.006177097122690323
63,count_additive,additive_head,0.005344494130576971
64,count_additive,additive_head,0.005975367670528642
65,count_additive,additive_head,0.006196209448252554
66,count_additive,additive_head,0.006305266299855838
67,count_additive,additive_head,0.007473330386100485
68,count_additive,additive_head,0.005429224458745885
69,count_additive,additive_head,0.005235743520145109
70,count_additive,additive_head,0.004858036256848441
71,count_additive,additive_head,0.0057426856504337875
72,count_additive,additive_head,0.005621786518735961
73,count_additive,additive_head,0.007112110895084289
74,count_additive,additive_head,0.005692569993757057
75,count_additive,additive_head,0.006006505643877724
76,count_additive,additive_head,0.006122327230257074
77,count_additive,additive_head,0.006417723611990445
78,count_additive,additive_head,0.006354647737824015
79,count_additive,additive_head,0.005552919253111965
80,count_additive,additive_head,0.004875447035333991
81,count_additive,additive_head,0.005703885021291488
82,count_additive,additive_head,0.006178503327116225
83,count_additive,additive_head,0.006069009470413278
84,count_additive,additive_head,0.006057489479922962
85,count_additive,additive_head,0.006028411959440594
86,count_additive,additive_head,0.0067032181128083845
87,count_additive,additive_head,0.00544162339294979
88,count_additive,additive_head,0.006652826266830503
89,count_additive,additive_head,0.006013382914839327
90,count_additive,additive_head,0.006339094680619661
91,count_additive,additive_head,0.0069255525238156035
92,count_additive,additive_head,0.005702581052415556
93,count_additive,additive_head,0.006569064337948516
94,count_additive,additive_head,0.005346553577120883
95,count_additive,additive_head,0.005347991329597623
96,count_additive,additive_head,0.005584244046994535
97,count_additive,additive_head,0.005550654121902643
98,count_additive,additive_head,0.005835371202972839
99,count_additive,additive_head,0.006491314999335862
100,count_additive,additive_head,0.0054191815686441824
101,count_additive,additive_head,0.006341940518553579
102,count_additive,additive_head,0.00540302291474587
103,count_additive,additive_head,0.006117570002411421
104,count_additive,additive_head,0.006854608237985671
105,count_additive,additive_head,0.006657759326717139
106,count_additive,additive_head,0.005204277561196291
107,count_additive,additive_head,0.005169635941121631
108,count_additive,additive_head,0.007417041739951669
109,count_additive,additive_head,0.0064271570534212286
110,count_additive,additive_head,0.006672352906526402
111,count_additive,additive_head,0.006396516444674982
112,count_additive,additive_head,0.005917986141237563
113,count_additive,additive_head,0.006376803860757507
114,count_additive,additive_head,0.006344663356350699
115,count_additive,additive_head,0.006801320247875886
116,count_additive,additive_head,0.00578016739664311
117,count_additive,additive_head,0.0059887008156804256
118,count_additive,additive_head,0.00561868404630711
119,count_additive,additive_head,0.00565687195264164
120,count_additive,additive_head,0.005968787850572643
121,count_additive,additive_head,0.004939162056201318
122,count_additive,additive_head,0.005672011677712141
123,count_additive,additive_head,0.006176878185276902
124,count_additive,additive_head,0.006351323437055689
125,count_additive,additive_head,0.006825143413919321
126,count_additive,additive_head,0.005839838806940778
127,count_additive,additive_head,0.006544211978629699
128,count_additive,additive_head,0.005736072174627349
129,count_additive,additive_head,0.006555967429329235
130,count_additive,additive_head,0.007622799464215846
131,count_additive,additive_head,0.006195366098849575
132,count_additive,additive_head,0.005330690485300715
133,count_additive,additive_head,0.005529949383914379
134,count_additive,additive_head,0.006562147172397725
135,count_additive,additive_head,0.00619671080782519
136,count_additive,additive_head,0.006167140048930542
137,count_additive,additive_head,0.0060448840608157695
138,count_additive,additive_head,0.0056403741948745645
139,count_additive,additive_head,0.0053308408394036055
140,count_additive,additive_head,0.005952986838267116
141,count_additive,additive_head,0.006354842073577838
142,count_additive,additive_head,0.005394291617058289
143,count_additive,additive_head,0.005467137067100225
144,count_additive,additive_head,0.005771879903219257
145,count_additive,additive_head,0.006681538585064817
146,count_additive,additive_head,0.006579778460017616
147,count_additive,additive_head,0.006416724695513465
148,count_additive,additive_head,0.00589101577565021
149,count_additive,additive_head,0.005725936067341286
150,count_additive,additive_head,0.0067546080805454545
151,count_additive,additive_head,0.006285009792607266
152,count_additive,additive_head,0.0057147497267151515
153,count_additive,additive_head,0.006993427849422973
154,count_additive,additive_head,0.005541220829225868
155,count_additive,additive_head,0.006530720141939672
156,count_additive,additive_head,0.006330564686327311
157,count_additive,additive_head,0.0057407144656390074
158,count_additive,additive_head,0.006475226326116079
159,count_additive,additive_head,0.006055002346313565
160,count_additive,additive_head,0.006392589110247537
161,count_additive,additive_head,0.006442243821044413
162,count_additive,additive_head,0.006353218019229112
163,count_additive,additive_head,0.006620130435888494
164,count_additive,additive_head,0.006344600122164368
165,count_additive,additive_head,0.005462504766229059
166,count_additive,additive_head,0.005174227476205717
167,count_additive,additive_head,0.006741406138079664
168,count_additive,additive_head,0.0063953092023238955
169,count_additive,additive_head,0.006747507952100107
170,count_additive,additive_head,0.006147087030660914
171,count_additive,additive_head,0.007280391334274883
172,count_additive,additive_head,0.0060866092201928845
173,count_additive,additive_head,0.005964610438912998
174,count_additive,additive_head,0.0063681986244160105
175,count_additive,additive_head,0.0067052568925690115
176,count_additive,additive_head,0.0060055748387232155
177,count_additive,additive_head,0.006889443919201321
178,count_additive,additive_head,0.0058212942535985635
179,count_additive,additive_head,0.005647282064600634
180,count_additive,additive_head,0.006717317008406776
181,count_additive,additive_head,0.0063808491776024545
182,count_additive,additive_head,0.005668493496575722
183,count_additive,additive_head,0.005460058489095421
184,count_additive,additive_head,0.006096631375678729
185,count_additive,additive_head,0.007086146788014891
186,count_additive,additive_head,0.006819675018056082
187,count_additive,additive_head,0.005728808793669826
188,count_additive,additive_head,0.006154782044635765
189,count_additive,additive_head,0.006166925886337882
190,count_additive,additive_head,0.005061265385027436
191,count_additive,additive_head,0.005872251994441302
192,count_additive,additive_head,0.005363673088864818
193,count_additive,additive_head,0.00517668690271067
194,count_additive,additive_head,0.006191699825338626
195,count_additive,additive_head,0.006435375709174684
196,count_additive,additive_head,0.0063514444627207345
197,count_additive,additive_head,0.006057801640104221
198,count_additive,additive_head,0.006693572565058592
199,count_additive,additive_head,0.006881000147200056
200,count_additive,additive_head,0.0058596960994590774
201,count_additive,additive_head,0.004806117951780209
202,count_additive,additive_head,0.006075236888702207
203,count_additive,additive_head,0.005755778474554829
204,count_additive,additive_head,0.006774504776747514
205,count_additive,additive_head,0.006917001708236392
206,count_additive,additive_head,0.0060843762871555795
207,count_additive,additive_head,0.00620458152960196
208,count_additive,additive_head,0.0054359554848610325
209,count_additive,additive_head,0.006218792210594459
210,count_additive,additive_head,0.005102605710453345
211,count_additive,additive_head,0.006414717294311922
212,count_additive,additive_head,0.0065244544960118
213,count_additive,additive_head,0.006121358373235575
214,count_additive,additive_head,0.006342403573243116
215,count_additive,additive_head,0.004723130744386683
216,count_additive,additive_head,0.006032671820444202
217,count_additive,additive_head,0.006041424845130761
218,count_additive,additive_head,0.005746729839016473
219,count_additive,additive_head,0.006008500472114042
220,count_additive,additive_head,0.007129930114040672
221,count_additive,additive_head,0.0066154260640977625
222,count_additive,additive_head,0.006632839705563998
223,count_additive,additive_head,0.005925492491087536
224,count_additive,additive_head,0.005643449091350283
225,count_additive,additive_head,0.006054747215405609
226,count_additive,additive_head,0.005775202206781294
227,count_additive,additive_head,0.0055764893444048
228,count_additive,additive_head,0.006544728569516212
229,count_additive,additive_head,0.006225242665542419
230,count_additive,additive_head,0.005707275081896335
231,count_additive,additive_head,0.006810028258188938
232,count_additive,additive_head,0.007592411804139443
233,count_additive,additive_head,0.005596695499863136
234,count_additive,additive_head,0.006232367452462639
235,count_additive,additive_head,0.0064067011019595665
236,count_additive,additive_head,0.0057593037963732385
237,count_additive,additive_head,0.007183888541687888
238,count_additive,additive_head,0.005324418571040435
239,count_additive,additive_head,0.006131646131219026
240,count_additive,additive_head,0.006240629358764516
241,count_additive,additive_head,0.005980350541205326
242,count_additive,additive_head,0.0051853220216781515
243,count_additive,additive_head,0.006218229506657791
244,count_additive,additive_head,0.00551835499831016
245,count_additive,additive_head,0.007270771811339893
246,count_additive,additive_head,0.005899867969796413
247,count_additive,additive_head,0.00589812060019973
248,count_additive,additive_head,0.005562276797995314
249,count_additive,additive_head,0.005303109408395845
250,count_additive,additive_head,0.007307173307790016
251,count_additive,additive_head,0.005462620489193493
252,count_additive,additive_head,0.005983524540920437
253,count_additive,additive_head,0.005717577040120381
254,count_additive,additive_head,0.0072522103609488076
255,count_additive,additive_head,0.006258531108215837
256,count_additive,additive_head,0.00672897838119102
257,count_additive,additive_head,0.0069013950459183016
258,count_additive,additive_head,0.00616930437875951
259,count_additive,additive_head,0.005968315131719915
260,count_additive,additive_head,0.005857550015646529
261,count_additive,additive_head,0.005216736004756972
262,count_additive,additive_head,0.006516213257114434
263,count_additive,additive_head,0.005634641442352595
264,count_additive,additive_head,0.0070159330138777065
265,count_additive,additive_head,0.004779145153847308
266,count_additive,additive_head,0.0064347351207487136
267,count_additive,additive_head,0.006350445340484456
268,count_additive,additive_head,0.006734504067656744
269,count_additive,additive_head,0.005378222945935096
270,count_additive,additive_head,0.006057147182376876
271,count_additive,additive_head,0.006534699313757664
272,count_additive,additive_head,0.006832362855753227
273,count_additive,additive_head,0.006108689151825164
274,count_additive,additive_head,0.005449857036850192
275,count_additive,additive_head,0.007366341302299351
276,count_additive,additive_head,0.006394462746233731
277,count_additive,additive_head,0.006439931555181855
278,count_additive,additive_head,0.007033834947234696
279,count_additive,additive_head,0.006333344529251161
280,count_additive,additive_head,0.005552673400775809
281,count_additive,additive_head,0.006663427076333384
282,count_additive,additive_head,0.00691158301740985
283,count_additive,additive_head,0.00522038158164817
284,count_additive,additive_head,0.006262898084238799
285,count_additive,additive_head,0.006252160601003365
286,count_additive,additive_head,0.006421612606570926
287,count_additive,additive_head,0.005789196295425292
288,count_additive,additive_head,0.0047009170244186604
289,count_additive,additive_head,0.006157938314747591
290,count_additive,additive_head,0.00726564558981424
291,count_additive,additive_head,0.005971908929825076
292,count_additive,additive_head,0.00639608292817645
293,count_additive,additive_head,0.0062808041830911265
294,count_additive,additive_head,0.00556005179803426
295,count_additive,additive_head,0.005347397499402273
296,count_additive,additive_head,0.006279926487963827
297,count_additive,additive_head,0.006085829088257999
298,count_additive,additive_head,0.006027645081088273
299,count_additive,additive_head,0.006122845763750773
300,count_additive,additive_head,0.005914584545701984
301,count_additive,additive_head,0.0066139154756446605
302,count_additive,additive_head,0.006134414708031388
303,count_additive,additive_head,0.006376549201413173
304,count_additive,additive_head,0.005988788199723094
305,count_additive,additive_head,0.006021638760645542
306,count_additive,additive_head,0.006593241739533129
307,count_additive,additive_head,0.006948224576722839
308,count_additive,additive_head,0.006122484283639484
309,count_additive,additive_head,0.005894040591284511
310,count_additive,additive_head,0.005814831897359762
311,count_additive,additive_head,0.005610087627513527
312,count_additive,additive_head,0.006724455184836886
313,count_additive,additive_head,0.0054466851539121675
314,count_additive,additive_head,0.005646759852537764
315,count_additive,additive_head,0.00579403453823113
316,count_additive,additive_head,0.00608856637581684
317,count_additive,additive_head,0.005850300973541889
318,count_additive,additive_head,0.007245895396715718
319,count_additive,additive_head,0.006173337877786178
320,count_additive,additive_head,0.00662390317236955
321,count_additive,additive_head,0.004996664670540996
322,count_additive,additive_head,0.005454431998427156
323,count_additive,additive_head,0.006915800564566588
324,count_additive,additive_head,0.00629043801395518
325,count_additive,additive_head,0.006146367503451988
326,count_additive,additive_head,0.006610382646220381
327,count_additive,additive_head,0.005663382117059634
328,count_additive,additive_head,0.005490082841792532
329,count_additive,additive_head,0.004238952445540289
330,count_additive,additive_head,0.006144150630058187
331,count_additive,additive_head,0.005118819407524067
332,count_additive,additive_head,0.006391582153557118
333,count_additive,additive_head,0.006160518117013847
334,count_additive,additive_head,0.006079547155403708
335,count_additive,additive_head,0.005987501590264843
336,count_additive,additive_head,0.005913122269892879
337,count_additive,additive_head,0.005831487545957248
338,count_additive,additive_head,0.005998698661205559
339,count_additive,additive_head,0.006478085600778061
340,count_additive,additive_head,0.006571922591637802
341,count_additive,additive_head,0.006533134154076525
342,count_additive,additive_head,0.00548471911710896
343,count_additive,additive_head,0.006240927533055163
344,count_additive,additive_head,0.006122400822239027
345,count_additive,additive_head,0.006362977413601201
346,count_additive,additive_head,0.00598122621723135
347,count_additive,additive_head,0.006459461425580071
348,count_additive,additive_head,0.005696581264185985
349,count_additive,additive_head,0.005432249551310442
350,count_additive,additive_head,0.006410163738485353
351,count_additive,additive_head,0.005819013998083267
352,count_additive,additive_head,0.0063052073904946715
353,count_additive,additive_head,0.006642608375770576
354,count_additive,additive_head,0.006827709640363555
355,count_additive,additive_head,0.006717999585767631
356,count_additive,additive_head,0.006992554164621245
357,count_additive,additive_head,0.006360236067909253
358,count_additive,additive_head,0.00594719974957264
359,count_additive,additive_head,0.0052769938726079935
360,count_additive,additive_head,0.006252567372826701
361,count_additive,additive_head,0.006905459581236395
362,count_additive,additive_head,0.006061644713832248
363,count_additive,additive_head,0.0068910486555508466
364,count_additive,additive_head,0.005354033438519867
365,count_additive,additive_head,0.0062785593225169745
366,count_additive,additive_head,0.005909396289818625
367,count_additive,additive_head,0.006452966200060528
368,count_additive,additive_head,0.005824814644658449
369,count_additive,additive_head,0.006551696972510734
370,count_additive,additive_head,0.006092608466112537
371,count_additive,additive_head,0.005312751185437725
372,count_additive,additive_head,0.005408557570396155
373,count_additive,additive_head,0.0058471482287146825
374,count_additive,additive_head,0.0052274176638225645
375,count_additive,additive_head,0.006205155523922701
376,count_additive,additive_head,0.005956720735654453
377,count_additive,additive_head,0.0058965369280425395
378,count_additive,additive_head,0.006140060140129799
379,count_additive,additive_head,0.006409519319252988
380,count_additive,additive_head,0.005829615560609069
381,count_additive,additive_head,0.00576655480835403
382,count_additive,additive_head,0.006587524571545433
383,count_additive,additive_head,0.005064223786654443
384,count_additive,additive_head,0.006847828502777875
385,count_additive,additive_head,0.006229681688932787
386,count_additive,additive_head,0.0058917185592402554
387,count_additive,additive_head,0.00554824506682966
388,count_additive,additive_head,0.006159278976078375
389,count_additive,additive_head,0.006865162718075024
390,count_additive,additive_head,0.005819483798010394
391,count_additive,additive_head,0.0066931483293731775
392,count_additive,additive_head,0.006374406750222383
393,count_additive,additive_head,0.005515220239918295
394,count_additive,additive_head,0.005860560418195104
395,count_additive,additive_head,0.0069606104363804655
396,count_additive,additive_head,0.006858416313671956
397,count_additive,additive_head,0.006804725118765231
398,count_additive,additive_head,0.00614657299566268
399,count_additive,additive_head,0.005102251506751698
400,count_additive,additive_head,0.006317038424726917
401,count_additive,additive_head,0.006239496775179265
402,count_additive,additive_head,0.005968822547409325
403,count_additive,additive_head,0.006614420476508065
404,count_additive,additive_head,0.006175912656443461
405,count_additive,additive_head,0.005471246805998253
406,count_additive,additive_head,0.005506486670063482
407,count_additive,additive_head,0.006777009443643622
408,count_additive,additive_head,0.006103343055679722
409,count_additive,additive_head,0.00603678725522705
410,count_additive,additive_head,0.005563876738888529
411,count_additive,additive_head,0.006345854771715842
412,count_additive,additive_head,0.005817339681019107
413,count_additive,additive_head,0.0066732179284942905
414,count_additive,additive_head,0.0066225198850494715
415,count_additive,additive_head,0.00601980345908143
416,count_additive,additive_head,0.006448266323731022
417,count_additive,additive_head,0.0046330697564627155
418,count_additive,additive_head,0.006734773732934185
419,count_additive,additive_head,0.006459031382394176
420,count_additive,additive_head,0.006357294778005396
421,count_additive,additive_head,0.005789012594355436
422,count_additive,additive_head,0.006268038215581639
423,count_additive,additive_head,0.00518724989884739
424,count_additive,additive_head,0.005561764446171458
425,count_additive,additive_head,0.006275220143366955
426,count_additive,additive_head,0.006263075259773598
427,count_additive,additive_head,0.006605867701516055
428,count_additive,additive_head,0.005957359651291627
429,count_additive,additive_head,0.006798079842745608
430,count_additive,additive_head,0.0074102047829926465
431,count_additive,additive_head,0.006648196432862186
432,count_additive,additive_head,0.006981605056061602
433,count_additive,additive_head,0.006219546240391893
434,count_additive,additive_head,0.007020528902570211
435,count_additive,additive_head,0.006164644341101255
436,count_additive,additive_head,0.006995457997758248
437,count_additive,additive_head,0.00551708586220101
438,count_additive,additive_head,0.005635393279745771
439,count_additive,additive_head,0.0049993242070451305
440,count_additive,additive_head,0.005732573057451729
441,count_additive,additive_head,0.007051604566951308
442,count_additive,additive_head,0.006262912485237304
443,count_additive,additive_head,0.0054902565880464715
444,count_additive,additive_head,0.005320963742778906
445,count_additive,additive_head,0.004943369596313141
446,count_additive,additive_head,0.005929100326480419
447,count_additive,additive_head,0.00622073278911639
448,count_additive,additive_head,0.0059359724001314396
449,count_additive,additive_head,0.005873127786447219
450,count_additive,additive_head,0.007199613159768636
451,count_additive,additive_head,0.006938070661359597
452,count_additive,additive_head,0.006350000048064186
453,count_additive,additive_head,0.006209850027302677
454,count_additive,additive_head,0.006642115284528904
455,count_additive,additive_head,0.006075030058656006
456,count_additive,additive_head,0.006633651439862498
457,count_additive,additive_head,0.006569183143468438
458,count_additive,additive_head,0.006403967232450958
459,count_additive,additive_head,0.00575851326010135
460,count_additive,additive_head,0.0070126984821076155
461,count_additive,additive_head,0.006109254400125996
462,count_additive,additive_head,0.006605483982243643
463,count_additive,additive_head,0.005345283435787718
464,count_additive,additive_head,0.00711420668306445
465,count_additive,additive_head,0.007029180108852284
466,count_additive,additive_head,0.006468106020822262
467,count_additive,additive_head,0.005172065414589366
468,count_additive,additive_head,0.006679741117766702
469,count_additive,additive_head,0.006427810001444101
470,count_additive,additive_head,0.005860931575569828
471,count_additive,additive_head,0.006596111585871145
472,count_additive,additive_head,0.005707689000419625
473,count_additive,additive_head,0.007050128522377408
474,count_additive,additive_head,0.006636583442398147
475,count_additive,additive_head,0.0052752309738537395
476,count_additive,additive_head,0.005323659398781877
477,count_additive,additive_head,0.006272066777674223
478,count_additive,additive_head,0.006068345542247222
479,count_additive,additive_head,0.0058512191962410975
480,count_additive,additive_head,0.0064128278947194195
481,count_additive,additive_head,0.007203894899238117
482,count_additive,additive_head,0.006264734221475443
483,count_additive,additive_head,0.006033639082219822
484,count_additive,additive_head,0.00474196454868836
485,count_additive,additive_head,0.0063448752511433
486,count_additive,additive_head,0.006922348792965549
487,count_additive,additive_head,0.006540157642505484
488,count_additive,additive_head,0.007133751032592395
489,count_additive,additive_head,0.005967689140671195
490,count_additive,additive_head,0.0050279410352583875
491,count_additive,additive_head,0.0061295181308751445
492,count_additive,additive_head,0.006438023898871881
493,count_additive,additive_head,0.004842985012379286
494,count_additive,additive_head,0.005809963558474296
495,count_additive,additive_head,0.0066208009798493506
496,count_additive,additive_head,0.0057958885317094255
497,count_additive,additive_head,0.005295329520561887
498,count_additive,additive_head,0.005838432999250465
499,count_additive,additive_head,0.006673438309299007
500,count_additive,additive_head,0.007243137652800269
501,count_additive,additive_head,0.005573575927280416
502,count_additive,additive_head,0.005024465475438167
503,count_additive,additive_head,0.006216614775422069
504,count_additive,additive_head,0.005470492695433982
505,count_additive,additive_head,0.0061561017934011475
506,count_additive,additive_head,0.006911502738974895
507,count_additive,additive_head,0.007085933954860291
508,count_additive,additive_head,0.005938388800587946
509,count_additive,additive_head,0.0067594224326908425
510,count_additive,additive_head,0.005516414928809943
511,count_additive,additive_head,0.006094297056848885
512,count_additive,additive_head,0.006763023379419919
513,count_additive,additive_head,0.006746144045082558
514,count_additive,additive_head,0.00733697578147291
515,count_additive,additive_head,0.006123333206748238
516,count_additive,additive_head,0.006276657328081137
517,count_additive,additive_head,0.0065081526799425915
518,count_additive,additive_head,0.006250823130647787
519,count_additive,additive_head,0.006698720726411311
520,count_additive,additive_head,0.007216588264771173
521,count_additive,additive_head,0.006575724145916506
522,count_additive,additive_head,0.006251621192787771
523,count_additive,additive_head,0.004924455752065626
524,count_additive,additive_head,0.0063642316559278655
525,count_additive,additive_head,0.004874995317999176
526,count_additive,additive_head,0.006013665519865485
527,count_additive,additive_head,0.006224261739838144
528,count_additive,additive_head,0.00580908957426185
529,count_additive,additive_head,0.0056447546403607385
530,count_additive,additive_head,0.005611620307664045
531,count_additive,additive_head,0.006047572543632029
532,count_additive,additive_head,0.005758740057933476
533,count_additive,additive_head,0.006444398215655622
534,count_additive,additive_head,0.0054093887423435905
535,count_additive,additive_head,0.00711308051739129
536,count_additive,additive_head,0.00543382571248302
537,count_additive,additive_head,0.006281119446181538
538,count_additive,additive_head,0.007207732754246798
539,count_additive,additive_head,0.005876141534525703
540,count_additive,additive_head,0.0059642448868932885
541,count_additive,additive_head,0.0065181445053596465
542,count_additive,additive_head,0.0059002004789084905
543,count_additive,additive_head,0.006986596534680811
544,count_additive,additive_head,0.004990580116938925
545,count_additive,additive_head,0.007121372305703921
546,count_additive,additive_head,0.006536219218027828
547,count_additive,additive_head,0.006501118881597767
548,count_additive,additive_head,0.006237526880995825
549,count_additive,additive_head,0.0058019498225349575
550,count_additive,additive_head,0.00692226585050848
551,count_additive,additive_head,0.005915182457973955
552,count_additive,additive_head,0.006293640313255577
553,count_additive,additive_head,0.005570067000490064
554,count_additive,additive_head,0.00596254835995208
555,count_additive,additive_head,0.005612001904527375
556,count_additive,additive_head,0.005852852155678101
557,count_additive,additive_head,0.006782056011208681
558,count_additive,additive_head,0.006542597932297334
559,count_additive,additive_head,0.006445692251061341
560,count_additive,additive_head,0.004369550782653886
561,count_additive,additive_head,0.00587200438226021
562,count_additive,additive_head,0.006090805568523261
563,count_additive,additive_head,0.006418281191145514
564,count_additive,additive_head,0.006037940132395725
565,count_additive,additive_head,0.005738123117362159
566,count_additive,additive_head,0.006066190331825705
567,count_additive,additive_head,0.00730785582158594
568,count_additive,additive_head,0.005479888450373505
569,count_additive,additive_head,0.005467965340997749
570,count_additive,additive_head,0.006288273222410712
571,count_additive,additive_head,0.006785722679807482
572,count_additive,additive_head,0.006169469124759297
573,count_additive,additive_head,0.006341588651858965
574,count_additive,additive_head,0.0061520410040747375
575,count_additive,additive_head,0.00621383205349868
576,count_additive,additive_head,0.005422193972380085
577,count_additive,additive_head,0.0064900800256533775
578,count_additive,additive_head,0.005001846893326389
579,count_additive,additive_head,0.004824078752309224
580,count_additive,additive_head,0.006853974860067169
581,count_additive,additive_head,0.006545173060603204
582,count_additive,additive_head,0.006103836425175313
583,count_additive,additive_head,0.0065594935124667075
584,count_additive,additive_head,0.00450195437988532
585,count_additive,additive_head,0.006735502629205525
586,count_additive,additive_head,0.0062924210149318816
587,count_additive,additive_head,0.0057854933275715
588,count_additive,additive_head,0.005835597896682199
589,count_additive,additive_head,0.00639216056363201
590,count_additive,additive_head,0.0072250539917039225
591,count_additive,additive_head,0.005489081570161036
592,count_additive,additive_head,0.005131691697322749
593,count_additive,additive_head,0.005219850554162131
594,count_additive,additive_head,0.006041565372296609
595,count_additive,additive_head,0.006282389908710995
596,count_additive,additive_head,0.005568909320206095
597,count_additive,additive_head,0.005626612889894689
598,count_additive,additive_head,0.0060387224989857935
599,count_additive,additive_head,0.006114579943450882
600,count_additive,additive_head,0.005989607796979546
601,count_additive,additive_head,0.0060862001813865585
602,count_additive,additive_head,0.00542174790053801
603,count_additive,additive_head,0.006896471838118923
604,count_additive,additive_head,0.0051152516035368745
605,count_additive,additive_head,0.004943408968737295
606,count_additive,additive_head,0.0061048039413277855
607,count_additive,additive_head,0.006994625840601398
608,count_additive,additive_head,0.006052147530216712
609,count_additive,additive_head,0.007305342695053008
610,count_additive,additive_head,0.0065979387493408925
611,count_additive,additive_head,0.005783981922808434
612,count_additive,additive_head,0.006663881827607909
613,count_additive,additive_head,0.006023586909391254
614,count_additive,additive_head,0.0064082199931401185
615,count_additive,additive_head,0.005747402987783368
616,count_additive,additive_head,0.005381616033780623
617,count_additive,additive_head,0.00622871198305136
618,count_additive,additive_head,0.0065755870383572
619,count_additive,additive_head,0.0066941988877911585
620,count_additive,additive_head,0.006695472098478317
621,count_additive,additive_head,0.005910447364964655
622,count_additive,additive_head,0.00641972394306739
623,count_additive,additive_head,0.006093674037671082
624,count_additive,additive_head,0.006192098372643617
625,count_additive,additive_head,0.007010009580822207
626,count_additive,additive_head,0.006587054063239672
627,count_additive,additive_head,0.00612086402402473
628,count_additive,additive_head,0.005949481489417541
629,count_additive,additive_head,0.0062168846212972695
630,count_additive,additive_head,0.006042101368131547
631,count_additive,additive_head,0.006348497702683031
632,count_additive,additive_head,0.006971032241563313
633,count_additive,additive_head,0.0053655735298051566
634,count_additive,additive_head,0.005209496366077759
635,count_additive,additive_head,0.006555328072183786
636,count_additive,additive_head,0.006113680306100433
637,count_additive,additive_head,0.005534340300781315
638,count_additive,additive_head,0.006655814584848485
639,count_additive,additive_head,0.007416366396174157
640,count_additive,additive_head,0.006102413678231722
641,count_additive,additive_head,0.006444840599195312
642,count_additive,additive_head,0.006986893656206972
643,count_additive,additive_head,0.006977201341021533
644,count_additive,additive_head,0.0057800247135991745
645,count_additive,additive_head,0.00602735623482098
646,count_additive,additive_head,0.006557413169892445
647,count_additive,additive_head,0.005829419082167497
648,count_additive,additive_head,0.005615031734520104
649,count_additive,additive_head,0.006273747272458607
650,count_additive,additive_head,0.005850279260722124
651,count_additive,additive_head,0.005693481405532996
652,count_additive,additive_head,0.0062390205518342845
653,count_additive,additive_head,0.0052283941914347265
654,count_additive,additive_head,0.007095795527660709
655,count_additive,additive_head,0.006344058388505935
656,count_additive,additive_head,0.006168845425228386
657,count_additive,additive_head,0.00666535090960807
658,count_additive,additive_head,0.006361282115455835
659,count_additive,additive_head,0.006021258270226593
660,count_additive,additive_head,0.006471268301586397
661,count_additive,additive_head,0.006129083884294784
662,count_additive,additive_head,0.00583202935917998
663,count_additive,additive_head,0.005853960862504282
664,count_additive,additive_head,0.006295100893796035
665,count_additive,additive_head,0.0057057644319236656
666,count_additive,additive_head,0.006467369094608655
667,count_additive,additive_head,0.005412356657105377
668,count_additive,additive_head,0.006485936595363562
669,count_additive,additive_head,0.007100393489278323
670,count_additive,additive_head,0.006297516910848622
671,count_additive,additive_head,0.005781622364292471
672,count_additive,additive_head,0.006073217055035274
673,count_additive,additive_head,0.006989899181953252
674,count_additive,additive_head,0.005630520110566639
675,count_additive,additive_head,0.00683332749418647
676,count_additive,additive_head,0.006528347810241142
677,count_additive,additive_head,0.006052248889548584
678,count_additive,additive_head,0.0071919475705797264
679,count_additive,additive_head,0.006967872281527399
680,count_additive,additive_head,0.006549671333784646
681,count_additive,additive_head,0.006555141748731896
682,count_additive,additive_head,0.007292725438161951
683,count_additive,additive_head,0.005650755393999507
684,count_additive,additive_head,0.006138606356689946
685,count_additive,additive_head,0.007026861584964794
686,count_additive,additive_head,0.005718832169985477
687,count_additive,additive_head,0.005917167042135518
688,count_additive,additive_head,0.006053042241278672
689,count_additive,additive_head,0.005291322971888446
690,count_additive,additive_head,0.005509935918813602
691,count_additive,additive_head,0.006977410078639001
692,count_additive,additive_head,0.00560731264118558
693,count_additive,additive_head,0.005114990408608355
694,count_additive,additive_head,0.004677340184549239
695,count_additive,additive_head,0.006087158632352707
696,count_additive,additive_head,0.005854215541877927
697,count_additive,additive_head,0.0060685668880951504
698,count_additive,additive_head,0.0065358349451902775
699,count_additive,additive_head,0.005228219752858476
700,count_additive,additive_head,0.00667357454000167
701,count_additive,additive_head,0.0047991679289767775
702,count_additive,additive_head,0.006426351255110707
703,count_additive,additive_head,0.004607009525860073
704,count_additive,additive_head,0.006168289853149822
705,count_additive,additive_head,0.005026251417323879
706,count_additive,additive_head,0.006627248499049221
707,count_additive,additive_head,0.006649152833623939
708,count_additive,additive_head,0.006458283794083308
709,count_additive,additive_head,0.006169953429538466
710,count_additive,additive_head,0.006056813766534663
711,count_additive,additive_head,0.005639679265242226
712,count_additive,additive_head,0.005605455412841631
713,count_additive,additive_head,0.005649711311009831
714,count_additive,additive_head,0.006061613284783829
715,count_additive,additive_head,0.005789187533738971
716,count_additive,additive_head,0.005818190112753696
717,count_additive,additive_head,0.005834498656891618
718,count_additive,additive_head,0.006410529188092873
719,count_additive,additive_head,0.00480665218310794
720,count_additive,additive_head,0.006744198409899593
721,count_additive,additive_head,0.0053160642365074895
722,count_additive,additive_head,0.005964541841331661
723,count_additive,additive_head,0.00675239351218726
724,count_additive,additive_head,0.005638801004645921
725,count_additive,additive_head,0.005830912281002798
726,count_additive,additive_head,0.006834934288494465
727,count_additive,additive_head,0.00575126013968591
728,count_additive,additive_head,0.0059363767295753656
729,count_additive,additive_head,0.006098121504927501
730,count_additive,additive_head,0.006883625280879324
731,count_additive,additive_head,0.00561457986492403
732,count_additive,additive_head,0.005838325598798766
733,count_additive,additive_head,0.005728172022984479
734,count_additive,additive_head,0.006397639205345085
735,count_additive,additive_head,0.006164956395323884
736,count_additive,additive_head,0.0058279778733466014
737,count_additive,additive_head,0.006068804934709793
738,count_additive,additive_head,0.006942904294172048
739,count_additive,additive_head,0.005370727402087605
740,count_additive,additive_head,0.005995338599613209
741,count_additive,additive_head,0.0055017132569797345
742,count_additive,additive_head,0.004708235027902852
743,count_additive,additive_head,0.005944609966910541
744,count_additive,additive_head,0.005866553813185682
745,count_additive,additive_head,0.006726626252656909
746,count_additive,additive_head,0.006444539137903604
747,count_additive,additive_head,0.00547410268766968
748,count_additive,additive_head,0.0065033652208045245
749,count_additive,additive_head,0.006606544944004755
750,count_additive,additive_head,0.005103693606875959
751,count_additive,additive_head,0.0067065594925521665
752,count_additive,additive_head,0.006376702532419176
753,count_additive,additive_head,0.006146773818000106
754,count_additive,additive_head,0.006297190849891665
755,count_additive,additive_head,0.005952214297157976
756,count_additive,additive_head,0.006511302496933713
757,count_additive,additive_head,0.006525522388133809
758,count_additive,additive_head,0.0061760850674381085
759,count_additive,additive_head,0.00590052577508432
760,count_additive,additive_head,0.0057590261375291
761,count_additive,additive_head,0.005930247388590992
762,count_additive,additive_head,0.00495157115444822
763,count_additive,additive_head,0.005257883463614832
764,count_additive,additive_head,0.005967715183705813
765,count_additive,additive_head,0.005638741958336135
766,count_additive,additive_head,0.006714053057182812
767,count_additive,additive_head,0.00512266730609523
768,count_additive,additive_head,0.006750480697773287
769,count_additive,additive_head,0.005134564612527537
770,count_additive,additive_head,0.005960334256120359
771,count_additive,additive_head,0.0067887244574872385
772,count_additive,additive_head,0.005486864182776496
773,count_additive,additive_head,0.005164489554140006
774,count_additive,additive_head,0.006198653021551981
775,count_additive,additive_head,0.005984455407535283
776,count_additive,additive_head,0.005489567025116271
777,count_additive,additive_head,0.006084382695505264
778,count_additive,additive_head,0.005408052903170701
779,count_additive,additive_head,0.006452415550993629
780,count_additive,additive_head,0.005996225746973893
781,count_additive,additive_head,0.0059502663826069835
782,count_additive,additive_head,0.00700959938902046
783,count_additive,additive_head,0.00558177756360323
784,count_additive,additive_head,0.005133232025814671
785,count_additive,additive_head,0.00633441767536691
786,count_additive,additive_head,0.0062781399911091
787,count_additive,additive_head,0.006303366387456766
788,count_additive,additive_head,0.006135978069151726
789,count_additive,additive_head,0.0067108127187703315
790,count_additive,additive_head,0.006509153794795719
791,count_additive,additive_head,0.006166178948069645
792,count_additive,additive_head,0.0060873321283813064
793,count_additive,additive_head,0.006213410335163372
794,count_additive,additive_head,0.0066532813847450245
795,count_additive,additive_head,0.006532542754889403
796,count_additive,additive_head,0.00593086065193138
797,count_additive,additive_head,0.006498630116352155
798,count_additive,additive_head,0.005712080116950069
799,count_additive,additive_head,0.006667292604582931
800,count_additive,additive_head,0.005735466495417618
801,count_additive,additive_head,0.0070544581176298915
802,count_additive,additive_head,0.006567860215346333
803,count_additive,additive_head,0.0065214912655388035
804,count_additive,additive_head,0.006242784112440836
805,count_additive,additive_head,0.006946865816965964
806,count_additive,additive_head,0.005914522980726311
807,count_additive,additive_head,0.006761459566060168
808,count_additive,additive_head,0.006457167813152642
809,count_additive,additive_head,0.005452243565948145
810,count_additive,additive_head,0.00632671196292961
811,count_additive,additive_head,0.006447998506345087
812,count_additive,additive_head,0.006045988035730754
813,count_additive,additive_head,0.00591277111980304
814,count_additive,additive_head,0.005502402032720455
815,count_additive,additive_head,0.005329109931553444
816,count_additive,additive_head,0.005856665545611317
817,count_additive,additive_head,0.005939503908771959
818,count_additive,additive_head,0.00545097245677284
819,count_additive,additive_head,0.006143705920285847
820,count_additive,additive_head,0.0055501488157399526
821,count_additive,additive_head,0.006038346304337416
822,count_additive,additive_head,0.00681414651249429
823,count_additive,additive_head,0.006606364667817333
824,count_additive,additive_head,0.005051849278356557
825,count_additive,additive_head,0.0062302865840057065
826,count_additive,additive_head,0.005166373212862785
827,count_additive,additive_head,0.0063067377468006836
828,count_additive,additive_head,0.00663640006211097
829,count_additive,additive_head,0.006190045255867027
830,count_additive,additive_head,0.005914410576063622
831,count_additive,additive_head,0.006481727546300553
832,count_additive,additive_head,0.005225265277082336
833,count_additive,additive_head,0.005714353314469955
834,count_additive,additive_head,0.005695698125558424
835,count_additive,additive_head,0.006772372729409004
836,count_additive,additive_head,0.005433281644349142
837,count_additive,additive_head,0.004701496113540038
838,count_additive,additive_head,0.006360060552610292
839,count_additive,additive_head,0.0055011992786667685
840,count_additive,additive_head,0.0057959734024518594
841,count_additive,additive_head,0.006303271730050797
842,count_additive,additive_head,0.0059278354008796
843,count_additive,additive_head,0.006433728066625899
844,count_additive,additive_head,0.007329759314381568
845,count_additive,additive_head,0.005690886875812762
846,count_additive,additive_head,0.006455275824874429
847,count_additive,additive_head,0.005364292658503855
848,count_additive,additive_head,0.006297704713336405
849,count_additive,additive_head,0.0067643803843724926
850,count_additive,additive_head,0.0065178955780146874
851,count_additive,additive_head,0.00633761258987775
852,count_additive,additive_head,0.0055801126057172246
853,count_additive,additive_head,0.006332956177269311
854,count_additive,additive_head,0.006138710267373615
855,count_additive,additive_head,0.005919214479908119
856,count_additive,additive_head,0.00519825074221697
857,count_additive,additive_head,0.006566749002758332
858,count_additive,additive_head,0.00724792087930326
859,count_additive,additive_head,0.00714468060589496
860,count_additive,additive_head,0.00664776027105074
861,count_additive,additive_head,0.0058864510800109016
862,count_additive,additive_head,0.006182763526378643
863,count_additive,additive_head,0.00542001823520305
864,count_additive,additive_head,0.0057072330799708415
865,count_additive,additive_head,0.005638957970815928
866,count_additive,additive_head,0.0065022440701233974
867,count_additive,additive_head,0.005520486893199561
868,count_additive,additive_head,0.006242110367166487
869,count_additive,additive_head,0.005755158994084131
870,count_additive,additive_head,0.005085059211548004
871,count_additive,additive_head,0.005827672720050414
872,count_additive,additive_head,0.0059852572931258785
873,count_additive,additive_head,0.0066128185296632225
874,count_additive,additive_head,0.00531775803690232
875,count_additive,additive_head,0.006878698987155651
876,count_additive,additive_head,0.0053017176478129535
877,count_additive,additive_head,0.005869195329460952
878,count_additive,additive_head,0.007324057066147138
879,count_additive,additive_head,0.005482018679468292
880,count_additive,additive_head,0.005162322033809008
881,count_additive,additive_head,0.006206015516258656
882,count_additive,additive_head,0.005556247773770284
883,count_additive,additive_head,0.005841601011759012
884,count_additive,additive_head,0.006380260798757864
885,count_additive,additive_head,0.005862364310857737
886,count_additive,additive_head,0.005942857555570558
887,count_additive,additive_head,0.006898821241248798
888,count_additive,additive_head,0.0067033415601908675
889,count_additive,additive_head,0.005822253091719964
890,count_additive,additive_head,0.006355291397685703
891,count_additive,additive_head,0.005929924610713955
892,count_additive,additive_head,0.006169755010059064
893,count_additive,additive_head,0.0060460865976122435
894,count_additive,additive_head,0.006873106151992547
895,count_additive,additive_head,0.006840460598638687
896,count_additive,additive_head,0.005483416964075061
897,count_additive,additive_head,0.005851845062118277
898,count_additive,additive_head,0.006556022312531662
899,count_additive,additive_head,0.00502085774171146
900,count_additive,additive_head,0.005401419382766837
901,count_additive,additive_head,0.00668072614067261
902,count_additive,additive_head,0.005321186725144034
903,count_additive,additive_head,0.0055754928190039355
904,count_additive,additive_head,0.00714218165850089
905,count_additive,additive_head,0.005629588004428809
906,count_additive,additive_head,0.006473456659524479
907,count_additive,additive_head,0.004959986420691731
908,count_additive,additive_head,0.005712193086369499
909,count_additive,additive_head,0.006119599794212671
910,count_additive,additive_head,0.00676848740505287
911,count_additive,additive_head,0.006236297088412834
912,count_additive,additive_head,0.006290374896936013
913,count_additive,additive_head,0.006316341416241877
914,count_additive,additive_head,0.0055030259826717165
915,count_additive,additive_head,0.0061755769783521375
916,count_additive,additive_head,0.006608726023601574
917,count_additive,additive_head,0.006177972599160975
918,count_additive,additive_head,0.005990134278615944
919,count_additive,additive_head,0.0063997439046007965
920,count_additive,additive_head,0.006302061616169252
921,count_additive,additive_head,0.005895572243908576
922,count_additive,additive_head,0.007148674508589692
923,count_additive,additive_head,0.006283558734837658
924,count_additive,additive_head,0.005692224628335685
925,count_additive,additive_head,0.0061754440501041175
926,count_additive,additive_head,0.006888943961276539
927,count_additive,additive_head,0.006306158107418081
928,count_additive,additive_head,0.004853147436926719
929,count_additive,additive_head,0.00622916146513286
930,count_additive,additive_head,0.006722701638498918
931,count_additive,additive_head,0.006117777239546984
932,count_additive,additive_head,0.006832307516282998
933,count_additive,additive_head,0.0056897853512681285
934,count_additive,additive_head,0.00654014632030292
935,count_additive,additive_head,0.00588347270359596
936,count_additive,additive_head,0.005905305113174497
937,count_additive,additive_head,0.007200268857232406
938,count_additive,additive_head,0.005691138918847483
939,count_additive,additive_head,0.006131265358694127
940,count_additive,additive_head,0.0054943466442153865
941,count_additive,additive_head,0.00583557425735548
942,count_additive,additive_head,0.007552908471017139
943,count_additive,additive_head,0.006191228942849902
944,count_additive,additive_head,0.005771641291481944
945,count_additive,additive_head,0.0064918985143030405
946,count_additive,additive_head,0.005645256306969604
947,count_additive,additive_head,0.007012518718965299
948,count_additive,additive_head,0.006658057403683526
949,count_additive,additive_head,0.004937224453186839
950,count_additive,additive_head,0.005908352260934446
951,count_additive,additive_head,0.005963620773185685
952,count_additive,additive_head,0.006103938949439003
953,count_additive,additive_head,0.0058640867439014865
954,count_additive,additive_head,0.006583279463842351
955,count_additive,additive_head,0.005731641805085119
956,count_additive,additive_head,0.005561325654304561
957,count_additive,additive_head,0.00615111229428833
958,count_additive,additive_head,0.005986508180327699
959,count_additive,additive_head,0.006030798695864259
960,count_additive,additive_head,0.006433936940820617
961,count_additive,additive_head,0.005786073028144489
962,count_additive,additive_head,0.005720049664181048
963,count_additive,additive_head,0.0056357312246329005
964,count_additive,additive_head,0.005534422048984855
965,count_additive,additive_head,0.00669496629097821
966,count_additive,additive_head,0.006150986436598949
967,count_additive,additive_head,0.005359728867209923
968,count_additive,additive_head,0.006983008428361859
969,count_additive,additive_head,0.006372355255677142
970,count_additive,additive_head,0.0057892529008889415
971,count_additive,additive_head,0.006676736190287247
972,count_additive,additive_head,0.005806165776925554
973,count_additive,additive_head,0.005800187474630958
974,count_additive,additive_head,0.006480607214746581
975,count_additive,additive_head,0.006483797121229873
976,count_additive,additive_head,0.006780698710125654
977,count_additive,additive_head,0.007438066338927463
978,count_additive,additive_head,0.006356118518807963
979,count_additive,additive_head,0.006060803022610861
980,count_additive,additive_head,0.0062651690264166615
981,count_additive,additive_head,0.005843692835471148
982,count_additive,additive_head,0.006553159118229346
983,count_additive,additive_head,0.004826763516643406
984,count_additive,additive_head,0.005974373938351485
985,count_additive,additive_head,0.006718346387906915
986,count_additive,additive_head,0.006654454446410829
987,count_additive,additive_head,0.006817388569145322
988,count_additive,additive_head,0.006425432870722836
989,count_additive,additive_head,0.006392968451330527
990,count_additive,additive_head,0.0064569022561363765
991,count_additive,additive_head,0.005588729298868611
992,count_additive,additive_head,0.005135693126413876
993,count_additive,additive_head,0.005602724969758166
994,count_additive,additive_head,0.007109346384273685
995,count_additive,additive_head,0.0069631166907317965
996,count_additive,additive_head,0.0066642279180055275
997,count_additive,additive_head,0.006723104806097946
998,count_additive,additive_head,0.006436031672546971
999,count_additive,additive_head,0.00565121921921613
1000,count_additive,additive_head,0.007043220813883311
1001,count_additive,additive_head,0.005856923193260921
1002,count_additive,additive_head,0.0064515964404516235
1003,count_additive,additive_head,0.00659234925612695
1004,count_additive,additive_head,0.006304769146880829
1005,count_additive,additive_head,0.005640738208702589
1006,count_additive,additive_head,0.006533355630226945
1007,count_additive,additive_head,0.005217788254398725
1008,count_additive,additive_head,0.006122852890222019
1009,count_additive,additive_head,0.006304900375123101
1010,count_additive,additive_head,0.0062943020251001736
1011,count_additive,additive_head,0.0059759736062703905
1012,count_additive,additive_head,0.0059175520829609085
1013,count_additive,additive_head,0.006101569558652209
1014,count_additive,additive_head,0.00545690129915638
1015,count_additive,additive_head,0.006006865088085234
1016,count_additive,additive_head,0.0064696003633199495
1017,count_additive,additive_head,0.005953038507852448
1018,count_additive,additive_head,0.006841098735408169
1019,count_additive,additive_head,0.006252680946641387
1020,count_additive,additive_head,0.005124755459436192
1021,count_additive,additive_head,0.00567379590478595
1022,count_additive,additive_head,0.006432734666386664
1023,count_additive,additive_head,0.005707139057382404
1024,count_additive,additive_head,0.006140917320666572
1025,count_additive,additive_head,0.006465999913534581
1026,count_additive,additive_head,0.0061021627493324515
1027,count_additive,additive_head,0.006308061948811561
1028,count_additive,additive_head,0.006186317160443655
1029,count_additive,additive_head,0.005800000387845339
1030,count_additive,additive_head,0.006588297994829739
1031,count_additive,additive_head,0.006391751740398133
1032,count_additive,additive_head,0.005905577257394823
1033,count_additive,additive_head,0.006391797196016236
1034,count_additive,additive_head,0.007109559141299238
1035,count_additive,additive_head,0.005956693204680674
1036,count_additive,additive_head,0.006579784937659761
1037,count_additive,additive_head,0.006058485268989111
1038,count_additive,additive_head,0.00565708224021827
1039,count_additive,additive_head,0.006932765977574806
1040,count_additive,additive_head,0.006152431131762448
1041,count_additive,additive_head,0.00594455564836277
1042,count_additive,additive_head,0.005228108874510695
1043,count_additive,additive_head,0.005784690374223245
1044,count_additive,additive_head,0.006204203923337481
1045,count_additive,additive_head,0.006037112142322387
1046,count_additive,additive_head,0.006219117373263583
1047,count_additive,additive_head,0.005797348542807612
1048,count_additive,additive_head,0.006613426061274963
1049,count_additive,additive_head,0.006080443431197957
1050,count_additive,additive_head,0.006064271024615264
1051,count_additive,additive_head,0.005615380677987947
1052,count_additive,additive_head,0.005614020788634488
1053,count_additive,additive_head,0.006681781382821161
1054,count_additive,additive_head,0.005901233820485963
1055,count_additive,additive_head,0.006305397883196451
1056,count_additive,additive_head,0.006499359260010218
1057,count_additive,additive_head,0.005808308129278239
1058,count_additive,additive_head,0.00581576047904081
1059,count_additive,additive_head,0.006616565026813626
1060,count_additive,additive_head,0.0063605580270697515
1061,count_additive,additive_head,0.006149720597819541
1062,count_additive,additive_head,0.006526310335701335
1063,count_additive,additive_head,0.005637788648818365
1064,count_additive,additive_head,0.005899848947339137
1065,count_additive,additive_head,0.006054427713440558
1066,count_additive,additive_head,0.00594430091749798
1067,count_additive,additive_head,0.006959166941311712
1068,count_additive,additive_head,0.006804187295609221
1069,count_additive,additive_head,0.007151478409526568
1070,count_additive,additive_head,0.007360892418793341
1071,count_additive,additive_head,0.006815237313005151
1072,count_additive,additive_head,0.006053231785309143
1073,count_additive,additive_head,0.0073902871315799645
1074,count_additive,additive_head,0.006009208767492058
1075,count_additive,additive_head,0.005648045448849559
1076,count_additive,additive_head,0.006475013730411705
1077,count_additive,additive_head,0.005515300364963227
1078,count_additive,additive_head,0.006518173932679616
1079,count_additive,additive_head,0.006469104964380079
1080,count_additive,additive_head,0.006376007886818358
1081,count_additive,additive_head,0.006985266504316967
1082,count_additive,additive_head,0.005881696597299313
1083,count_additive,additive_head,0.006534702316965346
1084,count_additive,additive_head,0.005880194823493723
1085,count_additive,additive_head,0.0066171110752912266
1086,count_additive,additive_head,0.006894166551193459
1087,count_additive,additive_head,0.006051800955405584
1088,count_additive,additive_head,0.00620510346192471
1089,count_additive,additive_head,0.006490607355652822
1090,count_additive,additive_head,0.006784207847917445
1091,count_additive,additive_head,0.006302181562108045
1092,count_additive,additive_head,0.006868898554679204
1093,count_additive,additive_head,0.005405605463781382
1094,count_additive,additive_head,0.006112629838730843
1095,count_additive,additive_head,0.00605559759605484
1096,count_additive,additive_head,0.00659534735629963
1097,count_additive,additive_head,0.005859241513186009
1098,count_additive,additive_head,0.00658556190815357
1099,count_additive,additive_head,0.006682710075119114
1100,count_additive,additive_head,0.006175816894248232
1101,count_additive,additive_head,0.005710294895031942
1102,count_additive,additive_head,0.006451953483337491
1103,count_additive,additive_head,0.005872312162798765
1104,count_additive,additive_head,0.006231766291910468
1105,count_additive,additive_head,0.005764728285163945
1106,count_additive,additive_head,0.005013754855519692
1107,count_additive,additive_head,0.00601332183118386
1108,count_additive,additive_head,0.006050564585827645
1109,count_additive,additive_head,0.006033111361450183
1110,count_additive,additive_head,0.006450936640031435
1111,count_additive,additive_head,0.006391214749523144
1112,count_additive,additive_head,0.00690369908972438
1113,count_additive,additive_head,0.0069249030042948245
1114,count_additive,additive_head,0.00623611229352361
1115,count_additive,additive_head,0.005995714201854685
1116,count_additive,additive_head,0.006233108529256792
1117,count_additive,additive_head,0.005723884630541187
1118,count_additive,additive_head,0.005903099696008107
1119,count_additive,additive_head,0.005332235238604266
1120,count_additive,additive_head,0.005006361563428929
1121,count_additive,additive_head,0.00610367975496362
1122,count_additive,additive_head,0.0054939731135617564
1123,count_additive,additive_head,0.006681012245769002
1124,count_additive,additive_head,0.006298947487057338
1125,count_additive,additive_head,0.005453047931129051
1126,count_additive,additive_head,0.006598644535013964
1127,count_additive,additive_head,0.006770680439872112
1128,count_additive,additive_head,0.006368577648558471
1129,count_additive,additive_head,0.006801587539744858
1130,count_additive,additive_head,0.005244170799366954
1131,count_additive,additive_head,0.006108206565314467
1132,count_additive,additive_head,0.0059196341601684965
1133,count_additive,additive_head,0.006973252827977894
1134,count_additive,additive_head,0.005254294373735757
1135,count_additive,additive_head,0.007032660099262844
1136,count_additive,additive_head,0.005987333200473011
1137,count_additive,additive_head,0.0062530529032702176
1138,count_additive,additive_head,0.00636863928743886
1139,count_additive,additive_head,0.005741869986570558
1140,count_additive,additive_head,0.0061754477759525805
1141,count_additive,additive_head,0.0057681608607724755
1142,count_additive,additive_head,0.006355871108026934
1143,count_additive,additive_head,0.006118661954972904
1144,count_additive,additive_head,0.006672846316687631
1145,count_additive,additive_head,0.005658467932635913
1146,count_additive,additive_head,0.006339696729793509
1147,count_additive,additive_head,0.0060715275673983715
1148,count_additive,additive_head,0.00606724220126259
1149,count_additive,additive_head,0.005753222917910195
1150,count_additive,additive_head,0.005319337950849767
1151,count_additive,additive_head,0.006112780287242103
1152,count_additive,additive_head,0.0064419942578698985
1153,count_additive,additive_head,0.005562877516109177
1154,count_additive,additive_head,0.0053371665608378804
1155,count_additive,additive_head,0.006532601879275068
1156,count_additive,additive_head,0.005266913116083072
1157,count_additive,additive_head,0.00635187017876826
1158,count_additive,additive_head,0.0062900682868090585
1159,count_additive,additive_head,0.005995584901771267
1160,count_additive,additive_head,0.005934421581013871
1161,count_additive,additive_head,0.006255762040112911
1162,count_additive,additive_head,0.0064824180150195865
1163,count_additive,additive_head,0.006237245748595577
1164,count_additive,additive_head,0.004772073155131118
1165,count_additive,additive_head,0.006452743165158092
1166,count_additive,additive_head,0.006388352776010464
1167,count_additive,additive_head,0.006121372876853992
1168,count_additive,additive_head,0.006973141155864726
1169,count_additive,additive_head,0.005902141117747561
1170,count_additive,additive_head,0.007047965336446027
1171,count_additive,additive_head,0.005269976014847411
1172,count_additive,additive_head,0.006777509883961419
1173,count_additive,additive_head,0.005591611818583642
1174,count_additive,additive_head,0.006275185857467502
1175,count_additive,additive_head,0.005897711110740944
1176,count_additive,additive_head,0.006399296404051513
1177,count_additive,additive_head,0.007110079981956674
1178,count_additive,additive_head,0.005404819227723068
1179,count_additive,additive_head,0.007652436447404376
1180,count_additive,additive_head,0.006102900389018062
1181,count_additive,additive_head,0.006078703069693769
1182,count_additive,additive_head,0.006678889227857865
1183,count_additive,additive_head,0.006351086385309901
1184,count_additive,additive_head,0.00732546564307196
1185,count_additive,additive_head,0.007175566536661682
1186,count_additive,additive_head,0.006382727632873231
1187,count_additive,additive_head,0.005690815292105467
1188,count_additive,additive_head,0.006590587640207701
1189,count_additive,additive_head,0.005402147136624846
1190,count_additive,additive_head,0.006510491551359521
1191,count_additive,additive_head,0.006434421409525826
1192,count_additive,additive_head,0.006641073992583624
1193,count_additive,additive_head,0.00551473930676194
1194,count_additive,additive_head,0.007524744921082793
1195,count_additive,additive_head,0.005622511665226315
1196,count_additive,additive_head,0.005321989913791791
1197,count_additive,additive_head,0.005529250887124637
1198,count_additive,additive_head,0.006771056072580384
1199,count_additive,additive_head,0.006051822098433413
1200,count_additive,additive_head,0.005862007568874783
1201,count_additive,additive_head,0.004767140940500292
1202,count_additive,additive_head,0.006509074829804673
1203,count_additive,additive_head,0.00536563555558045
1204,count_additive,additive_head,0.005810994327872687
1205,count_additive,additive_head,0.007501209115145957
1206,count_additive,additive_head,0.006863133951618028
1207,count_additive,additive_head,0.006246139750690882
1208,count_additive,additive_head,0.005366220654034637
1209,count_additive,additive_head,0.005361955990913381
1210,count_additive,additive_head,0.005872101489333592
1211,count_additive,additive_head,0.0063374266348808495
1212,count_additive,additive_head,0.0058572819281002
1213,count_additive,additive_head,0.006760772930476333
1214,count_additive,additive_head,0.006478286011416645
1215,count_additive,additive_head,0.0072280265710994995
1216,count_additive,additive_head,0.005928896160510011
1217,count_additive,additive_head,0.005852986631292356
1218,count_additive,additive_head,0.005971206217562197
1219,count_additive,additive_head,0.005725769589189911
1220,count_additive,additive_head,0.0049875133575867925
1221,count_additive,additive_head,0.006909271627386304
1222,count_additive,additive_head,0.005920280931029309
1223,count_additive,additive_head,0.006644368484173269
1224,count_additive,additive_head,0.0052805855874408225
1225,count_additive,additive_head,0.006759316886164435
1226,count_additive,additive_head,0.004500521736111318
1227,count_additive,additive_head,0.0056761658465318
1228,count_additive,additive_head,0.006291777047137459
1229,count_additive,additive_head,0.006121235452495211
1230,count_additive,additive_head,0.006628868870249438
1231,count_additive,additive_head,0.006388019069848039
1232,count_additive,additive_head,0.0067600008161115555
1233,count_additive,additive_head,0.0062931479782454836
1234,count_additive,additive_head,0.0056248632187895775
1235,count_additive,additive_head,0.006269780754709409
1236,count_additive,additive_head,0.006815462498631297
1237,count_additive,additive_head,0.006892769157847423
1238,count_additive,additive_head,0.006194794550744009
1239,count_additive,additive_head,0.006690026516914027
1240,count_additive,additive_head,0.006077331157328836
1241,count_additive,additive_head,0.005746306022959613
1242,count_additive,additive_head,0.0063131095705770135
1243,count_additive,additive_head,0.006004014126350932
1244,count_additive,additive_head,0.006610438275212349
1245,count_additive,additive_head,0.006231973869870344
1246,count_additive,additive_head,0.006486090547727197
1247,count_additive,additive_head,0.005943997051145955
1248,count_additive,additive_head,0.0060491959525372785
1249,count_additive,additive_head,0.005893533843536081
1250,count_additive,additive_head,0.0056904692183152306
1251,count_additive,additive_head,0.005918184843894669
1252,count_additive,additive_head,0.0053945382388368435
1253,count_additive,additive_head,0.005329841351323528
1254,count_additive,additive_head,0.006420971954643917
1255,count_additive,additive_head,0.007169949809542553
1256,count_additive,additive_head,0.006757886018885162
1257,count_additive,additive_head,0.006185809896536054
1258,count_additive,additive_head,0.005644629756137609
1259,count_additive,additive_head,0.0062355035528096625
1260,count_additive,additive_head,0.005467405829017946
1261,count_additive,additive_head,0.006601741162756636
1262,count_additive,additive_head,0.006231313329903954
1263,count_additive,additive_head,0.005874294930110657
1264,count_additive,additive_head,0.004934024986978758
1265,count_additive,additive_head,0.005518321090480838
1266,count_additive,additive_head,0.006073364712366247
1267,count_additive,additive_head,0.005835649293174927
1268,count_additive,additive_head,0.005486264511047223
1269,count_additive,additive_head,0.006753704178217523
1270,count_additive,additive_head,0.007166344657510204
1271,count_additive,additive_head,0.005909102529932986
1272,count_additive,additive_head,0.005085304305093852
1273,count_additive,additive_head,0.0069860060011871505
1274,count_additive,additive_head,0.006909160496143929
1275,count_additive,additive_head,0.0058215516398416045
1276,count_additive,additive_head,0.005475765764457241
1277,count_additive,additive_head,0.006831669788268713
1278,count_additive,additive_head,0.005558868430628805
1279,count_additive,additive_head,0.006381325204798005
1280,count_additive,additive_head,0.007525424609646503
1281,count_additive,additive_head,0.005269180778322946
1282,count_additive,additive_head,0.005784691858444657
1283,count_additive,additive_head,0.00570833791896086
1284,count_additive,additive_head,0.006441625310428023
1285,count_additive,additive_head,0.006570429984719461
1286,count_additive,additive_head,0.006147975734634381
1287,count_additive,additive_head,0.006406958271497343
1288,count_additive,additive_head,0.00715463157325652
1289,count_additive,additive_head,0.004748132689633644
1290,count_additive,additive_head,0.005859584027247233
1291,count_additive,additive_head,0.00610578055244726
1292,count_additive,additive_head,0.0074264081552720684
1293,count_additive,additive_head,0.006797866667675123
1294,count_additive,additive_head,0.005937977838019359
1295,count_additive,additive_head,0.006910032168224334
1296,count_additive,additive_head,0.005583158289492796
1297,count_additive,additive_head,0.006769744513648812
1298,count_additive,additive_head,0.005743856067820963
1299,count_additive,additive_head,0.006461277149582778
1300,count_additive,additive_head,0.006515717720530223
1301,count_additive,additive_head,0.0061446951690894425
1302,count_additive,additive_head,0.006242485918062035
1303,count_additive,additive_head,0.006038589962553964
1304,count_additive,additive_head,0.006880616165040321
1305,count_additive,additive_head,0.006442915063083421
1306,count_additive,additive_head,0.005839429899694992
1307,count_additive,additive_head,0.0059564772262957755
1308,count_additive,additive_head,0.007048143506740767
1309,count_additive,additive_head,0.005974719338166734
1310,count_additive,additive_head,0.006246707918352079
1311,count_additive,additive_head,0.005655170516381536
1312,count_additive,additive_head,0.007095364378241487
1313,count_additive,additive_head,0.005300618133399271
1314,count_additive,additive_head,0.006481004415333336
1315,count_additive,additive_head,0.00671398016203284
1316,count_additive,additive_head,0.006333046892133931
1317,count_additive,additive_head,0.0061839399422327634
1318,count_additive,additive_head,0.006025044669680069
1319,count_additive,additive_head,0.005589498656851377
1320,count_additive,additive_head,0.005586194673375733
1321,count_additive,additive_head,0.005214283803035569
1322,count_additive,additive_head,0.006524313219267552
1323,count_additive,additive_head,0.006518486689440217
1324,count_additive,additive_head,0.0056782212533775245
1325,count_additive,additive_head,0.0052149657707393215
1326,count_additive,additive_head,0.006036040702481038
1327,count_additive,additive_head,0.006205419456054906
1328,count_additive,additive_head,0.006249077865432551
1329,count_additive,additive_head,0.006417350472798067
1330,count_additive,additive_head,0.006342483793743692
1331,count_additive,additive_head,0.005902837267367844
1332,count_additive,additive_head,0.0067508418220698085
1333,count_additive,additive_head,0.005387312090943841
1334,count_additive,additive_head,0.006488890346799447
1335,count_additive,additive_head,0.006129558149305936
1336,count_additive,additive_head,0.006115549618525895
1337,count_additive,additive_head,0.005111215222823318
1338,count_additive,additive_head,0.006562950983955929
1339,count_additive,additive_head,0.006230051674617487
1340,count_additive,additive_head,0.0061861827899409305
1341,count_additive,additive_head,0.005998968924604109
1342,count_additive,additive_head,0.006852429149800221
1343,count_additive,additive_head,0.006143610356234008
1344,count_additive,additive_head,0.006846375701916485
1345,count_additive,additive_head,0.006463426828969554
1346,count_additive,additive_head,0.005511917104061459
1347,count_additive,additive_head,0.0062566857834992495
1348,count_additive,additive_head,0.0060066179335326875
1349,count_additive,additive_head,0.006154536383718323
1350,count_additive,additive_head,0.0054570087273926315
1351,count_additive,additive_head,0.006115301963777187
1352,count_additive,additive_head,0.005819174227752522
1353,count_additive,additive_head,0.004989239115074595
1354,count_additive,additive_head,0.004951613688910894
1355,count_additive,additive_head,0.006007262616986309
1356,count_additive,additive_head,0.006185564494980311
1357,count_additive,additive_head,0.007111475699201897
1358,count_additive,additive_head,0.0062345687227579605
1359,count_additive,additive_head,0.006268091182099589
1360,count_additive,additive_head,0.007091310175323051
1361,count_additive,additive_head,0.006599215721564966
1362,count_additive,additive_head,0.006450100841443485
1363,count_additive,additive_head,0.005922397874643048
1364,count_additive,additive_head,0.0070079918218913795
1365,count_additive,additive_head,0.0064040209420583305
1366,count_additive,additive_head,0.005706264320917087
1367,count_additive,additive_head,0.005678597447313305
1368,count_additive,additive_head,0.006243899800030539
1369,count_additive,additive_head,0.0073995752022567585
1370,count_additive,additive_head,0.005345915706200799
1371,count_additive,additive_head,0.006026998698738961
1372,count_additive,additive_head,0.005868250975301137
1373,count_additive,additive_head,0.0064722532181648584
1374,count_additive,additive_head,0.005917904885376191
1375,count_additive,additive_head,0.006640197134302639
1376,count_additive,additive_head,0.005305192368558753
1377,count_additive,additive_head,0.004981914395352949
1378,count_additive,additive_head,0.0058935926734097754
1379,count_additive,additive_head,0.006110710973741884
1380,count_additive,additive_head,0.007496520537805307
1381,count_additive,additive_head,0.006262345571522665
1382,count_additive,additive_head,0.006137274502629353
1383,count_additive,additive_head,0.006861203048933562
1384,count_additive,additive_head,0.005678281558030018
1385,count_additive,additive_head,0.0050035534370364565
1386,count_additive,additive_head,0.005439458003890729
1387,count_additive,additive_head,0.006505458016752341
1388,count_additive,additive_head,0.005179262262390738
1389,count_additive,additive_head,0.005942811541910009
1390,count_additive,additive_head,0.006251245928924121
1391,count_additive,additive_head,0.006792059110217963
1392,count_additive,additive_head,0.005444342717499107
1393,count_additive,additive_head,0.005777714829795666
1394,count_additive,additive_head,0.004827014133447771
1395,count_additive,additive_head,0.006108890567739167
1396,count_additive,additive_head,0.005846113617548054
1397,count_additive,additive_head,0.00621086452194991
1398,count_additive,additive_head,0.0063790811510275325
1399,count_additive,additive_head,0.006159809092064483
1400,count_additive,additive_head,0.007009870277509156
1401,count_additive,additive_head,0.007814341782107936
1402,count_additive,additive_head,0.00618822531096741
1403,count_additive,additive_head,0.005443826449183342
1404,count_additive,additive_head,0.005743063658220471
1405,count_additive,additive_head,0.005413062581897221
1406,count_additive,additive_head,0.006943079672108443
1407,count_additive,additive_head,0.006602860091974749
1408,count_additive,additive_head,0.006681067900407789
1409,count_additive,additive_head,0.005429592798899097
1410,count_additive,additive_head,0.005595403228451201
1411,count_additive,additive_head,0.007148348226030721
1412,count_additive,additive_head,0.006729203102773362
1413,count_additive,additive_head,0.006844613465628702
1414,count_additive,additive_head,0.006988797358300325
1415,count_additive,additive_head,0.00570711609004898
1416,count_additive,additive_head,0.006750716380356514
1417,count_additive,additive_head,0.005847628910218894
1418,count_additive,additive_head,0.006821640928637351
1419,count_additive,additive_head,0.005144628991335776
1420,count_additive,additive_head,0.006571306902328433
1421,count_additive,additive_head,0.005644652409909745
1422,count_additive,additive_head,0.005862271031427058
1423,count_additive,additive_head,0.005257130018813283
1424,count_additive,additive_head,0.006651902751056871
1425,count_additive,additive_head,0.006463967230835532
1426,count_additive,additive_head,0.0070012928667900765
1427,count_additive,additive_head,0.0047554825429781955
1428,count_additive,additive_head,0.006712567779920797
1429,count_additive,additive_head,0.006243210406539079
1430,count_additive,additive_head,0.004777028913770354
1431,count_additive,additive_head,0.006966538251703014
1432,count_additive,additive_head,0.005984123550216325
1433,count_additive,additive_head,0.006558203130681284
1434,count_additive,additive_head,0.006663395898501789
1435,count_additive,additive_head,0.006910853725271393
1436,count_additive,additive_head,0.0068020124006916705
1437,count_additive,additive_head,0.006223342348079364
1438,count_additive,additive_head,0.0064752217174189886
1439,count_additive,additive_head,0.0064422919958379565
1440,count_additive,additive_head,0.005171176454341231
1441,count_additive,additive_head,0.006696539567817905
1442,count_additive,additive_head,0.006094916399349226
1443,count_additive,additive_head,0.006657599378193435
1444,count_additive,additive_head,0.006504839913878235
1445,count_additive,additive_head,0.005871988764495906
1446,count_additive,additive_head,0.006034026034824835
1447,count_additive,additive_head,0.0064771986859060715
1448,count_additive,additive_head,0.0056852905667337805
1449,count_additive,additive_head,0.006093164462589451
1450,count_additive,additive_head,0.00607155615987548
1451,count_additive,additive_head,0.006228945482218418
1452,count_additive,additive_head,0.005687583564301935
1453,count_additive,additive_head,0.006311741338908827
1454,count_additive,additive_head,0.00626535524241878
1455,count_additive,additive_head,0.005155970844667845
1456,count_additive,additive_head,0.00609402813125981
1457,count_additive,additive_head,0.006272014703025741
1458,count_additive,additive_head,0.005066153373828264
1459,count_additive,additive_head,0.005274673801348551
1460,count_additive,additive_head,0.007067701955746797
1461,count_additive,additive_head,0.006463169051827866
1462,count_additive,additive_head,0.005393092143970379
1463,count_additive,additive_head,0.0063066432160479025
1464,count_additive,additive_head,0.00564277366257071
1465,count_additive,additive_head,0.00582225050739138
1466,count_additive,additive_head,0.005908170938718926
1467,count_additive,additive_head,0.007086137545996574
1468,count_additive,additive_head,0.005208669963647827
1469,count_additive,additive_head,0.006686180085939852
1470,count_additive,additive_head,0.006526085030448658
1471,count_additive,additive_head,0.006412239047427937
1472,count_additive,additive_head,0.005948739954913185
1473,count_additive,additive_head,0.007015631535108424
1474,count_additive,additive_head,0.0065415200585172695
1475,count_additive,additive_head,0.0059840900511791695
1476,count_additive,additive_head,0.00669497437419031
1477,count_additive,additive_head,0.006301664491585812
1478,count_additive,additive_head,0.005805421678196088
1479,count_additive,additive_head,0.0059765190333676
1480,count_additive,additive_head,0.006825986637810255
1481,count_additive,additive_head,0.006185632845372324
1482,count_additive,additive_head,0.006571267635383959
1483,count_additive,additive_head,0.007061139664542249
1484,count_additive,additive_head,0.006529425909389153
1485,count_additive,additive_head,0.0066422631623128114
1486,count_additive,additive_head,0.006503743881465129
1487,count_additive,additive_head,0.005596031704029447
1488,count_additive,additive_head,0.005976361320781276
1489,count_additive,additive_head,0.006273686703794801
1490,count_additive,additive_head,0.00572497437945757
1491,count_additive,additive_head,0.005687259581471926
1492,count_additive,additive_head,0.006587761351833865
1493,count_additive,additive_head,0.006518124490083432
1494,count_additive,additive_head,0.006807766918291658
1495,count_additive,additive_head,0.006309374179038374
1496,count_additive,additive_head,0.005904620643406966
1497,count_additive,additive_head,0.006239243252442406
1498,count_additive,additive_head,0.006214120154181102
1499,count_additive,additive_head,0.004301164476038233
1500,count_additive,additive_head,0.005630464499477239
1501,count_additive,additive_head,0.005655788779533599
1502,count_additive,additive_head,0.00591748873740755
1503,count_additive,additive_head,0.005761014673181519
1504,count_additive,additive_head,0.005827259463903944
1505,count_additive,additive_head,0.0070760635134596295
1506,count_additive,additive_head,0.005919482575126422
1507,count_additive,additive_head,0.006352525683972543
1508,count_additive,additive_head,0.007009877665493047
1509,count_additive,additive_head,0.005931927885465926
1510,count_additive,additive_head,0.006386461579225344
1511,count_additive,additive_head,0.0066430214930405795
1512,count_additive,additive_head,0.006998553564986687
1513,count_additive,additive_head,0.0052913564818692915
1514,count_additive,additive_head,0.006807109945851819
1515,count_additive,additive_head,0.006794663527173894
1516,count_additive,additive_head,0.006020993556604015
1517,count_additive,additive_head,0.004857222249693927
1518,count_additive,additive_head,0.006158786486532397
1519,count_additive,additive_head,0.005637825892535753
1520,count_additive,additive_head,0.005967107837447305
1521,count_additive,additive_head,0.0060484765102212235
1522,count_additive,additive_head,0.005997866746374869
1523,count_additive,additive_head,0.0062609220735249105
1524,count_additive,additive_head,0.006373306822611613
1525,count_additive,additive_head,0.005840570413770396
1526,count_additive,additive_head,0.006390620498468225
1527,count_additive,additive_head,0.006124224398598999
1528,count_additive,additive_head,0.00585865582152495
1529,count_additive,additive_head,0.006379351414061096
1530,count_additive,additive_head,0.007090674724063273
1531,count_additive,additive_head,0.0069078967779194755
1532,count_additive,additive_head,0.006394241924004784
1533,count_additive,additive_head,0.0056745825065541156
1534,count_additive,additive_head,0.006618301153503592
1535,count_additive,additive_head,0.0055751179525742045
1536,count_additive,additive_head,0.006860207793025874
1537,count_additive,additive_head,0.0064796010099237855
1538,count_additive,additive_head,0.006126716743226068
1539,count_additive,additive_head,0.006992032240900226
1540,count_additive,additive_head,0.005554654648676827
1541,count_additive,additive_head,0.006495414320209947
1542,count_additive,additive_head,0.006214818895652674
1543,count_additive,additive_head,0.0071165143364990135
1544,count_additive,additive_head,0.006449734836535714
1545,count_additive,additive_head,0.00635868510997134
1546,count_additive,additive_head,0.005819727823408227
1547,count_additive,additive_head,0.0057924839767292124
1548,count_additive,additive_head,0.005942218362303964
1549,count_additive,additive_head,0.004807534639129529
1550,count_additive,additive_head,0.0066144979338310095
1551,count_additive,additive_head,0.006804637687196913
1552,count_additive,additive_head,0.006495300839028106
1553,count_additive,additive_head,0.006316357487738955
1554,count_additive,additive_head,0.005406978534555851
1555,count_additive,additive_head,0.006747110331747408
1556,count_additive,additive_head,0.005486479920748855
1557,count_additive,additive_head,0.006865396747547492
1558,count_additive,additive_head,0.005923559900623654
1559,count_additive,additive_head,0.006289177523081724
1560,count_additive,additive_head,0.006408443601411573
1561,count_additive,additive_head,0.005744001587811964
1562,count_additive,additive_head,0.0058210733808372606
1563,count_additive,additive_head,0.005942988686145179
1564,count_additive,additive_head,0.006159215909906646
1565,count_additive,additive_head,0.006174482991987917
1566,count_additive,additive_head,0.005424968382654327
1567,count_additive,additive_head,0.006895634363484948
1568,count_additive,additive_head,0.005024835355778856
1569,count_additive,additive_head,0.005559995203215817
1570,count_additive,additive_head,0.006427955408488895
1571,count_additive,additive_head,0.00607588612023624
1572,count_additive,additive_head,0.006369604749878743
1573,count_additive,additive_head,0.005305419889425678
1574,count_additive,additive_head,0.005741889234550657
1575,count_additive,additive_head,0.005490900428775869
1576,count_additive,additive_head,0.0063598743747253494
1577,count_additive,additive_head,0.005332338783448465
1578,count_additive,additive_head,0.005929392768947439
1579,count_additive,additive_head,0.005696124337282005
1580,count_additive,additive_head,0.005694647966447974
1581,count_additive,additive_head,0.0066232991166984
1582,count_additive,additive_head,0.005730258669300048
1583,count_additive,additive_head,0.00702459107317005
1584,count_additive,additive_head,0.00606629528621605
1585,count_additive,additive_head,0.005775980880255771
1586,count_additive,additive_head,0.005980596884307132
1587,count_additive,additive_head,0.006283569425642455
1588,count_additive,additive_head,0.005607398118329332
1589,count_additive,additive_head,0.006402382913189841
1590,count_additive,additive_head,0.0051972810687862525
1591,count_additive,additive_head,0.00601071742942888
1592,count_additive,additive_head,0.0053696988933875645
1593,count_additive,additive_head,0.0060822580266769455
1594,count_additive,additive_head,0.007064005408078111
1595,count_additive,additive_head,0.006655998572647426
1596,count_additive,additive_head,0.006474403285369745
1597,count_additive,additive_head,0.00615655463256537
1598,count_additive,additive_head,0.005437482952849626
1599,count_additive,additive_head,0.0054000021215449
1600,count_additive,additive_head,0.006496638179773029
1601,count_additive,additive_head,0.005835820328675023
1602,count_additive,additive_head,0.006691584592015132
1603,count_additive,additive_head,0.006423943084660211
1604,count_additive,additive_head,0.007112590530449714
1605,count_additive,additive_head,0.0060581422274949
1606,count_additive,additive_head,0.005480099459797605
1607,count_additive,additive_head,0.006448396007387447
1608,count_additive,additive_head,0.005680904946034848
1609,count_additive,additive_head,0.005905747327373312
1610,count_additive,additive_head,0.006052319516820448
1611,count_additive,additive_head,0.006931392830975713
1612,count_additive,additive_head,0.005889476017886863
1613,count_additive,additive_head,0.004848884067380765
1614,count_additive,additive_head,0.006019550274762364
1615,count_additive,additive_head,0.006639353641681056
1616,count_additive,additive_head,0.005958207036969865
1617,count_additive,additive_head,0.005763203561425068
1618,count_additive,additive_head,0.0060013961920143966
1619,count_additive,additive_head,0.006109975062038531
1620,count_additive,additive_head,0.005012029914808702
1621,count_additive,additive_head,0.005686984643533066
1622,count_additive,additive_head,0.005234404096291889
1623,count_additive,additive_head,0.005881194682202329
1624,count_additive,additive_head,0.0055443321740662466
1625,count_additive,additive_head,0.006854465374044605
1626,count_additive,additive_head,0.005766111883096614
1627,count_additive,additive_head,0.006536446796134021
1628,count_additive,additive_head,0.006756593884556794
1629,count_additive,additive_head,0.005412158878157769
1630,count_additive,additive_head,0.00623999508417733
1631,count_additive,additive_head,0.00569317295319266
1632,count_additive,additive_head,0.006239217125357965
1633,count_additive,additive_head,0.006447555663584514
1634,count_additive,additive_head,0.006445150573567593
1635,count_additive,additive_head,0.005863665132033957
1636,count_additive,additive_head,0.005689315634320846
1637,count_additive,additive_head,0.007039103952805881
1638,count_additive,additive_head,0.005398952417048852
1639,count_additive,additive_head,0.006296204754939749
1640,count_additive,additive_head,0.0059044910615271284
1641,count_additive,additive_head,0.006143166095590902
1642,count_additive,additive_head,0.005665511969381698
1643,count_additive,additive_head,0.006744225310132579
1644,count_additive,additive_head,0.0067477651949260364
1645,count_additive,additive_head,0.006039912741579445
1646,count_additive,additive_head,0.006105428405120239
1647,count_additive,additive_head,0.006371720094646927
1648,count_additive,additive_head,0.006863639042584413
1649,count_additive,additive_head,0.006890399359322508
1650,count_additive,additive_head,0.005443507530451641
1651,count_additive,additive_head,0.005827355576649207
1652,count_additive,additive_head,0.006417529770297248
1653,count_additive,additive_head,0.005844087993295499
1654,count_additive,additive_head,0.005818889409986705
1655,count_additive,additive_head,0.006353880823492364
1656,count_additive,additive_head,0.005362465839095221
1657,count_additive,additive_head,0.006883331472707921
1658,count_additive,additive_head,0.007197473070195359
1659,count_additive,additive_head,0.005559698917432743
1660,count_additive,additive_head,0.005940882536901337
1661,count_additive,additive_head,0.006424261189024449
1662,count_additive,additive_head,0.005883833519625736
1663,count_additive,additive_head,0.006366103781353771
1664,count_additive,additive_head,0.006941975713544879
1665,count_additive,additive_head,0.006663355221399714
1666,count_additive,additive_head,0.005972212529555043
1667,count_additive,additive_head,0.005476842992043374
1668,count_additive,additive_head,0.006308401084639148
1669,count_additive,additive_head,0.0050050620355630016
1670,count_additive,additive_head,0.005898254690014704
1671,count_additive,additive_head,0.00704877307269558
1672,count_additive,additive_head,0.00646839900037105
1673,count_additive,additive_head,0.006185541343662726
1674,count_additive,additive_head,0.005869509668575634
1675,count_additive,additive_head,0.006004172093044324
1676,count_additive,additive_head,0.006115446958284254
1677,count_additive,additive_head,0.005293184485657909
1678,count_additive,additive_head,0.00594492720815909
1679,count_additive,additive_head,0.005887887413824344
1680,count_additive,additive_head,0.006790136343804654
1681,count_additive,additive_head,0.005663584261722809
1682,count_additive,additive_head,0.006647319351930248
1683,count_additive,additive_head,0.006290809608148207
1684,count_additive,additive_head,0.007702619446579684
1685,count_additive,additive_head,0.00575665676598508
1686,count_additive,additive_head,0.005934640631476196
1687,count_additive,additive_head,0.006354307554345406
1688,count_additive,additive_head,0.00706579954365516
1689,count_additive,additive_head,0.005664639503810409
1690,count_additive,additive_head,0.006003133901441415
1691,count_additive,additive_head,0.005582254752578508
1692,count_additive,additive_head,0.0069759884467881506
1693,count_additive,additive_head,0.006209156462862686
1694,count_additive,additive_head,0.005316505384514558
1695,count_additive,additive_head,0.006145630296930993
1696,count_additive,additive_head,0.006555700159658229
1697,count_additive,additive_head,0.0064061417240478535
1698,count_additive,additive_head,0.006539325278575092
1699,count_additive,additive_head,0.007150035442682612
1700,count_additive,additive_head,0.006152672546296534
1701,count_additive,additive_head,0.005978331152246552
1702,count_additive,additive_head,0.006712957269027042
1703,count_additive,additive_head,0.005753311354125212
1704,count_additive,additive_head,0.0073436393419909485
1705,count_additive,additive_head,0.007170341446108841
1706,count_additive,additive_head,0.006163083935828206
1707,count_additive,additive_head,0.006227550373020474
1708,count_additive,additive_head,0.006424845936807033
1709,count_additive,additive_head,0.0067904769066569615
1710,count_additive,additive_head,0.006500349472268296
1711,count_additive,additive_head,0.006635220197654612
1712,count_additive,additive_head,0.006086979699903294
1713,count_additive,additive_head,0.006844567868106166
1714,count_additive,additive_head,0.005303994405660539
1715,count_additive,additive_head,0.006102092212711907
1716,count_additive,additive_head,0.006575216714752696
1717,count_additive,additive_head,0.0056562019478947345
1718,count_additive,additive_head,0.006328294172038895
1719,count_additive,additive_head,0.00681904280487361
1720,count_additive,additive_head,0.0060385981015561585
1721,count_additive,additive_head,0.0062841439525421205
1722,count_additive,additive_head,0.006597950376404538
1723,count_additive,additive_head,0.006213207642827623
1724,count_additive,additive_head,0.006104245745235715
1725,count_additive,additive_head,0.005874400866663521
1726,count_additive,additive_head,0.0066852065072907085
1727,count_additive,additive_head,0.005445390168733355
1728,count_additive,additive_head,0.005668484868957213
1729,count_additive,additive_head,0.006181367021821371
1730,count_additive,additive_head,0.006800637960321154
1731,count_additive,additive_head,0.006459230469110844
1732,count_additive,additive_head,0.0054985276175852915
1733,count_additive,additive_head,0.00545074771402243
1734,count_additive,additive_head,0.006054856042783718
1735,count_additive,additive_head,0.005891654580770955
1736,count_additive,additive_head,0.0059572024123810685
1737,count_additive,additive_head,0.005716972727360603
1738,count_additive,additive_head,0.0071893474183954975
1739,count_additive,additive_head,0.00641958053444619
1740,count_additive,additive_head,0.005757186712320839
1741,count_additive,additive_head,0.006318991787349848
1742,count_additive,additive_head,0.007336157386097886
1743,count_additive,additive_head,0.005631437398205819
1744,count_additive,additive_head,0.005720148393074942
1745,count_additive,additive_head,0.006902482997840631
1746,count_additive,additive_head,0.007333708814375617
1747,count_additive,additive_head,0.005892389722905844
1748,count_additive,additive_head,0.007001905344422299
1749,count_additive,additive_head,0.005989395191776881
1750,count_additive,additive_head,0.005214525500786438
1751,count_additive,additive_head,0.006211398161797221
1752,count_additive,additive_head,0.004575905284599668
1753,count_additive,additive_head,0.006607291045405861
1754,count_additive,additive_head,0.006637569082609873
1755,count_additive,additive_head,0.006358387689107958
1756,count_additive,additive_head,0.0066931475184250355
1757,count_additive,additive_head,0.0060406931602057234
1758,count_additive,additive_head,0.006365696331155857
1759,count_additive,additive_head,0.0065150653302548656
1760,count_additive,additive_head,0.005494087653545754
1761,count_additive,additive_head,0.006733923520299112
1762,count_additive,additive_head,0.004984851044453509
1763,count_additive,additive_head,0.0059810975796648624
1764,count_additive,additive_head,0.006689038249959367
1765,count_additive,additive_head,0.006844761170413105
1766,count_additive,additive_head,0.005560879172208433
1767,count_additive,additive_head,0.006411146026262748
1768,count_additive,additive_head,0.006188187179669735
1769,count_additive,additive_head,0.006301108491776675
1770,count_additive,additive_head,0.0053747709992461035
1771,count_additive,additive_head,0.006571844307757979
1772,count_additive,additive_head,0.006267395833472356
1773,count_additive,additive_head,0.0069879678198569994
1774,count_additive,additive_head,0.0055009941000172535
1775,count_additive,additive_head,0.006291499083028784
1776,count_additive,additive_head,0.006290856990678884
1777,count_additive,additive_head,0.006062814510126191
1778,count_additive,additive_head,0.005567973858293884
1779,count_additive,additive_head,0.00647685200248177
1780,count_additive,additive_head,0.005537832862358039
1781,count_additive,additive_head,0.005565486201995262
1782,count_additive,additive_head,0.006360220099533742
1783,count_additive,additive_head,0.0057281254651904145
1784,count_additive,additive_head,0.005970706316428986
1785,count_additive,additive_head,0.006207683123236718
1786,count_additive,additive_head,0.005466014558122234
1787,count_additive,additive_head,0.005363025449433789
1788,count_additive,additive_head,0.006134834395590039
1789,count_additive,additive_head,0.006107860330739678
1790,count_additive,additive_head,0.005394300841164934
1791,count_additive,additive_head,0.005567018091250153
1792,count_additive,additive_head,0.004975137772993077
1793,count_additive,additive_head,0.006649474141325051
1794,count_additive,additive_head,0.005921399163405006
1795,count_additive,additive_head,0.006798913046516586
1796,count_additive,additive_head,0.007428954148987643
1797,count_additive,additive_head,0.005796822296252946
1798,count_additive,additive_head,0.0070564062889142964
1799,count_additive,additive_head,0.006904630100130982
1800,count_additive,additive_head,0.007303230108029801
1801,count_additive,additive_head,0.005267906621252927
1802,count_additive,additive_head,0.006214815544496821
1803,count_additive,additive_head,0.005318007764252453
1804,count_additive,additive_head,0.006487225848745559
1805,count_additive,additive_head,0.005575519682638919
1806,count_additive,additive_head,0.006858585683744367
1807,count_additive,additive_head,0.006189589294139153
1808,count_additive,additive_head,0.0054679542376628865
1809,count_additive,additive_head,0.007272352274337313
1810,count_additive,additive_head,0.006668091187487679
1811,count_additive,additive_head,0.006369875604112896
1812,count_additive,additive_head,0.005031537979434952
1813,count_additive,additive_head,0.006663224302624726
1814,count_additive,additive_head,0.0059163339587938735
1815,count_additive,additive_head,0.006186351346810226
1816,count_additive,additive_head,0.005317570115234427
1817,count_additive,additive_head,0.006665116718032826
1818,count_additive,additive_head,0.004841117375525061
1819,count_additive,additive_head,0.005927852315606608
1820,count_additive,additive_head,0.006093659246852179
1821,count_additive,additive_head,0.005697354067975724
1822,count_additive,additive_head,0.00630200981642165
1823,count_additive,additive_head,0.006638316368977826
1824,count_additive,additive_head,0.0059098714875035485
1825,count_additive,additive_head,0.005902655879763463
1826,count_additive,additive_head,0.005870686537177594
1827,count_additive,additive_head,0.007700722823582973
1828,count_additive,additive_head,0.006424075090584902
1829,count_additive,additive_head,0.006843350127633652
1830,count_additive,additive_head,0.006736158170697337
1831,count_additive,additive_head,0.006863351893146685
1832,count_additive,additive_head,0.00622261832462484
1833,count_additive,additive_head,0.006378083098069365
1834,count_additive,additive_head,0.005267662117304117
1835,count_additive,additive_head,0.0064202861350055596
1836,count_additive,additive_head,0.0063786840766674735
1837,count_additive,additive_head,0.005866307580164543
1838,count_additive,additive_head,0.00733883112882161
1839,count_additive,additive_head,0.005974786410358868
1840,count_additive,additive_head,0.005985605238559233
1841,count_additive,additive_head,0.006375473919767838
1842,count_additive,additive_head,0.00574733868037991
1843,count_additive,additive_head,0.004981065094632309
1844,count_additive,additive_head,0.005518162738022636
1845,count_additive,additive_head,0.0055473899764570955
1846,count_additive,additive_head,0.006897118200460184
1847,count_additive,additive_head,0.005450678094150008
1848,count_additive,additive_head,0.005809283768664686
1849,count_additive,additive_head,0.006047846788315991
1850,count_additive,additive_head,0.00620314736735933
1851,count_additive,additive_head,0.006926083718800324
1852,count_additive,additive_head,0.006647873009309024
1853,count_additive,additive_head,0.00615604956080712
1854,count_additive,additive_head,0.006702248684284817
1855,count_additive,additive_head,0.006823137046526373
1856,count_additive,additive_head,0.00516112581122713
1857,count_additive,additive_head,0.005825055033959581
1858,count_additive,additive_head,0.0072519547944861484
1859,count_additive,additive_head,0.005599247846728328
1860,count_additive,additive_head,0.006307909751952112
1861,count_additive,additive_head,0.0058115358481176105
1862,count_additive,additive_head,0.006490792177455296
1863,count_additive,additive_head,0.006389996788631669
1864,count_additive,additive_head,0.006056195782070617
1865,count_additive,additive_head,0.005403740520665168
1866,count_additive,additive_head,0.006883483889091879
1867,count_additive,additive_head,0.006676482556610963
1868,count_additive,additive_head,0.006257724625871597
1869,count_additive,additive_head,0.006874963565162429
1870,count_additive,additive_head,0.006261186196555746
1871,count_additive,additive_head,0.006279392730127342
1872,count_additive,additive_head,0.0049964895417297095
1873,count_additive,additive_head,0.005130991103945215
1874,count_additive,additive_head,0.0064144465779911175
1875,count_additive,additive_head,0.006219130288569075
1876,count_additive,additive_head,0.006366404698193773
1877,count_additive,additive_head,0.007180665992934154
1878,count_additive,additive_head,0.0064309675948883704
1879,count_additive,additive_head,0.006502730585264349
1880,count_additive,additive_head,0.005399557287169843
1881,count_additive,additive_head,0.007161485202673568
1882,count_additive,additive_head,0.005448759391290137
1883,count_additive,additive_head,0.006279849394646819
1884,count_additive,additive_head,0.0069628655433329745
1885,count_additive,additive_head,0.006172872963366438
1886,count_additive,additive_head,0.004972613578079765
1887,count_additive,additive_head,0.006010734270401663
1888,count_additive,additive_head,0.005964981263222202
1889,count_additive,additive_head,0.006093928427227169
1890,count_additive,additive_head,0.005709844396543429
1891,count_additive,additive_head,0.006852654401088176
1892,count_additive,additive_head,0.006147094501723738
1893,count_additive,additive_head,0.00627024814348931
1894,count_additive,additive_head,0.006329699689266333
1895,count_additive,additive_head,0.005645888488378992
1896,count_additive,additive_head,0.006314694037377833
1897,count_additive,additive_head,0.004873823947059819
1898,count_additive,additive_head,0.006381948157589135
1899,count_additive,additive_head,0.006484954807306431
1900,count_additive,additive_head,0.005931809425547663
1901,count_additive,additive_head,0.006354132024050774
1902,count_additive,additive_head,0.006797064887886173
1903,count_additive,additive_head,0.0065077275421508984
1904,count_additive,additive_head,0.0063015645857312785
1905,count_additive,additive_head,0.006154283591386311
1906,count_additive,additive_head,0.005678783217655026
1907,count_additive,additive_head,0.005237781746204373
1908,count_additive,additive_head,0.005327206981656951
1909,count_additive,additive_head,0.0057418217769868996
1910,count_additive,additive_head,0.005573941269836569
1911,count_additive,additive_head,0.0059170582653462755
1912,count_additive,additive_head,0.006670400765768136
1913,count_additive,additive_head,0.007037585100824695
1914,count_additive,additive_head,0.004760530304763089
1915,count_additive,additive_head,0.006998289704843341
1916,count_additive,additive_head,0.005402641841171396
1917,count_additive,additive_head,0.0055747398736825104
1918,count_additive,additive_head,0.005538821191605314
1919,count_additive,additive_head,0.0058983535993328284
1920,count_additive,additive_head,0.00574348941586289
1921,count_additive,additive_head,0.00635798377151503
1922,count_additive,additive_head,0.0062526691637400655
1923,count_additive,additive_head,0.007053748227564105
1924,count_additive,additive_head,0.005667252788077004
1925,count_additive,additive_head,0.0056468324810591275
1926,count_additive,additive_head,0.006600119160079354
1927,count_additive,additive_head,0.005572661044534966
1928,count_additive,additive_head,0.0062446457263511945
1929,count_additive,additive_head,0.005867788911391836
1930,count_additive,additive_head,0.006371435991670893
1931,count_additive,additive_head,0.0058443623390767585
1932,count_additive,additive_head,0.006236075945109443
1933,count_additive,additive_head,0.00674864289176913
1934,count_additive,additive_head,0.007352517505688161
1935,count_additive,additive_head,0.0058367476479380676
1936,count_additive,additive_head,0.006914222477550858
1937,count_additive,additive_head,0.006137238059203798
1938,count_additive,additive_head,0.004756904475290036
1939,count_additive,additive_head,0.004761259589021349
1940,count_additive,additive_head,0.004690684565806014
1941,count_additive,additive_head,0.005064829019157224
1942,count_additive,additive_head,0.005090610822837405
1943,count_additive,additive_head,0.006159221216961885
1944,count_additive,additive_head,0.005992951677993019
1945,count_additive,additive_head,0.006650232950220436
1946,count_additive,additive_head,0.004818393522839859
1947,count_additive,additive_head,0.005809648004139634
1948,count_additive,additive_head,0.005732988691489416
1949,count_additive,additive_head,0.005421123141117534
1950,count_additive,additive_head,0.0054121359673249825
1951,count_additive,additive_head,0.005089957331334494
1952,count_additive,additive_head,0.006612318130268746
1953,count_additive,additive_head,0.006033326382948234
1954,count_additive,additive_head,0.005023870305537803
1955,count_additive,additive_head,0.00542325973230845
1956,count_additive,additive_head,0.006266844696971141
1957,count_additive,additive_head,0.006391480370109892
1958,count_additive,additive_head,0.0057008531043682975
1959,count_additive,additive_head,0.0059676142871478155
1960,count_additive,additive_head,0.004770129875605322
1961,count_additive,additive_head,0.006090229534903235
1962,count_additive,additive_head,0.007763980629278022
1963,count_additive,additive_head,0.007191900614184399
1964,count_additive,additive_head,0.004670130225063296
1965,count_additive,additive_head,0.006436241990500691
1966,count_additive,additive_head,0.005184407314134221
1967,count_additive,additive_head,0.006764982587349755
1968,count_additive,additive_head,0.006795927816417191
1969,count_additive,additive_head,0.006741716544252763
1970,count_additive,additive_head,0.005214403944627577
1971,count_additive,additive_head,0.005326152130455342
1972,count_additive,additive_head,0.005919966153888789
1973,count_additive,additive_head,0.0061239322213053615
1974,count_additive,additive_head,0.006868046343895984
1975,count_additive,additive_head,0.006552890794341126
1976,count_additive,additive_head,0.003754064340702634
1977,count_additive,additive_head,0.006147672011156791
1978,count_additive,additive_head,0.006821381983022734
1979,count_additive,additive_head,0.006357061661415198
1980,count_additive,additive_head,0.005553745521176989
1981,count_additive,additive_head,0.00580869158986097
1982,count_additive,additive_head,0.0057690520808468815
1983,count_additive,additive_head,0.0060800848281143405
1984,count_additive,additive_head,0.006723776000958304
1985,count_additive,additive_head,0.007200404329157584
1986,count_additive,additive_head,0.0065233476440940685
1987,count_additive,additive_head,0.006387863845315589
1988,count_additive,additive_head,0.0057955846853468
1989,count_additive,additive_head,0.006204947030695573
1990,count_additive,additive_head,0.005903724629282903
1991,count_additive,additive_head,0.0053275180673450495
1992,count_additive,additive_head,0.006763448710819131
1993,count_additive,additive_head,0.006173333899326616
1994,count_additive,additive_head,0.006475999510923258
1995,count_additive,additive_head,0.00638480336267333
1996,count_additive,additive_head,0.007343430572899101
1997,count_additive,additive_head,0.00492113760203966
1998,count_additive,additive_head,0.00570464056251585
1999,count_additive,additive_head,0.0048340803087406625
0,count_additive,count_plus_PB_count,0.00804727398619376
1,count_additive,count_plus_PB_count,0.008648597206736552
2,count_additive,count_plus_PB_count,0.007522493164949684
3,count_additive,count_plus_PB_count,0.007653734247658028
4,count_additive,count_plus_PB_count,0.00802677238010746
5,count_additive,count_plus_PB_count,0.007237489573635014
6,count_additive,count_plus_PB_count,0.0064271637119526215
7,count_additive,count_plus_PB_count,0.007547427803766715
8,count_additive,count_plus_PB_count,0.007733750775454795
9,count_additive,count_plus_PB_count,0.00785240460470582
10,count_additive,count_plus_PB_count,0.007284833978487726
11,count_additive,count_plus_PB_count,0.009367018105092217
12,count_additive,count_plus_PB_count,0.009342374493596095
13,count_additive,count_plus_PB_count,0.007708913131757145
14,count_additive,count_plus_PB_count,0.007137981801685234
15,count_additive,count_plus_PB_count,0.009410129764999942
16,count_additive,count_plus_PB_count,0.00832400526735172
17,count_additive,count_plus_PB_count,0.007321506025367908
18,count_additive,count_plus_PB_count,0.008525557178028664
19,count_additive,count_plus_PB_count,0.007423070568855661
20,count_additive,count_plus_PB_count,0.008730290850341493
21,count_additive,count_plus_PB_count,0.008566143972208395
22,count_additive,count_plus_PB_count,0.010192862974371497
23,count_additive,count_plus_PB_count,0.007999468237073981
24,count_additive,count_plus_PB_count,0.008105988934858144
25,count_additive,count_plus_PB_count,0.008033182337958245
26,count_additive,count_plus_PB_count,0.00964763625079107
27,count_additive,count_plus_PB_count,0.008010426170424634
28,count_additive,count_plus_PB_count,0.010219719862268994
29,count_additive,count_plus_PB_count,0.0073387078387987525
30,count_additive,count_plus_PB_count,0.008989592788251732
31,count_additive,count_plus_PB_count,0.008352137092120404
32,count_additive,count_plus_PB_count,0.007577333917865914
33,count_additive,count_plus_PB_count,0.0082646792892066
34,count_additive,count_plus_PB_count,0.007659881232012944
35,count_additive,count_plus_PB_count,0.008521584100999624
36,count_additive,count_plus_PB_count,0.007416190644822962
37,count_additive,count_plus_PB_count,0.007988323267249409
38,count_additive,count_plus_PB_count,0.005229699461240522
39,count_additive,count_plus_PB_count,0.009055086324669337
40,count_additive,count_plus_PB_count,0.008473778598669046
41,count_additive,count_plus_PB_count,0.00785189231919231
42,count_additive,count_plus_PB_count,0.008273164767873098
43,count_additive,count_plus_PB_count,0.006851107980853921
44,count_additive,count_plus_PB_count,0.009121370379073013
45,count_additive,count_plus_PB_count,0.007910833370212533
46,count_additive,count_plus_PB_count,0.007457087918505689
47,count_additive,count_plus_PB_count,0.007383183750897859
48,count_additive,count_plus_PB_count,0.008495161035817211
49,count_additive,count_plus_PB_count,0.008581609001295953
50,count_additive,count_plus_PB_count,0.009693598558926098
51,count_additive,count_plus_PB_count,0.009088063079620401
52,count_additive,count_plus_PB_count,0.008924005325769313
53,count_additive,count_plus_PB_count,0.0075646549318773015
54,count_additive,count_plus_PB_count,0.006600827193530112
55,count_additive,count_plus_PB_count,0.007502922230208875
56,count_additive,count_plus_PB_count,0.007098513813988461
57,count_additive,count_plus_PB_count,0.008673543578659959
58,count_additive,count_plus_PB_count,0.008351694675471422
59,count_additive,count_plus_PB_count,0.009027085670432144
60,count_additive,count_plus_PB_count,0.007781555607459245
61,count_additive,count_plus_PB_count,0.007637426413932058
62,count_additive,count_plus_PB_count,0.008132872308939276
63,count_additive,count_plus_PB_count,0.008546332429775927
64,count_additive,count_plus_PB_count,0.008310437349258293
65,count_additive,count_plus_PB_count,0.008801376967440211
66,count_additive,count_plus_PB_count,0.009213444252298253
67,count_additive,count_plus_PB_count,0.01056474155370446
68,count_additive,count_plus_PB_count,0.006611088058595449
69,count_additive,count_plus_PB_count,0.007298305432432761
70,count_additive,count_plus_PB_count,0.007187259439892457
71,count_additive,count_plus_PB_count,0.007152442067576981
72,count_additive,count_plus_PB_count,0.008073781519470302
73,count_additive,count_plus_PB_count,0.008705364647070002
74,count_additive,count_plus_PB_count,0.008850954003204126
75,count_additive,count_plus_PB_count,0.00978409110278089
76,count_additive,count_plus_PB_count,0.008678508784411565
77,count_additive,count_plus_PB_count,0.005105777674694112
78,count_additive,count_plus_PB_count,0.008866125866592134
79,count_additive,count_plus_PB_count,0.0080626408253614
80,count_additive,count_plus_PB_count,0.007283647020650763
81,count_additive,count_plus_PB_count,0.0065874387777524746
82,count_additive,count_plus_PB_count,0.009835782574649399
83,count_additive,count_plus_PB_count,0.009674739172741809
84,count_additive,count_plus_PB_count,0.0073576515702424294
85,count_additive,count_plus_PB_count,0.008247813036441953
86,count_additive,count_plus_PB_count,0.008946145644043058
87,count_additive,count_plus_PB_count,0.008139678083301904
88,count_additive,count_plus_PB_count,0.008654619336883829
89,count_additive,count_plus_PB_count,0.008562795826911274
90,count_additive,count_plus_PB_count,0.007870748079060685
91,count_additive,count_plus_PB_count,0.009331317334231481
92,count_additive,count_plus_PB_count,0.00861368982728311
93,count_additive,count_plus_PB_count,0.008932172346519884
94,count_additive,count_plus_PB_count,0.00840585689366552
95,count_additive,count_plus_PB_count,0.009281873411762676
96,count_additive,count_plus_PB_count,0.009202289354191817
97,count_additive,count_plus_PB_count,0.006827608411805242
98,count_additive,count_plus_PB_count,0.009602806517387708
99,count_additive,count_plus_PB_count,0.009558727780866638
100,count_additive,count_plus_PB_count,0.00819002437235794
101,count_additive,count_plus_PB_count,0.009166444054968248
102,count_additive,count_plus_PB_count,0.006132651197308936
103,count_additive,count_plus_PB_count,0.008310994996351684
104,count_additive,count_plus_PB_count,0.007646218400196025
105,count_additive,count_plus_PB_count,0.007709719505981927
106,count_additive,count_plus_PB_count,0.008079493328500886
107,count_additive,count_plus_PB_count,0.007818700577784832
108,count_additive,count_plus_PB_count,0.007044497422367457
109,count_additive,count_plus_PB_count,0.00946087186149741
110,count_additive,count_plus_PB_count,0.008490041097038492
111,count_additive,count_plus_PB_count,0.009828852128440535
112,count_additive,count_plus_PB_count,0.008225386415985025
113,count_additive,count_plus_PB_count,0.009061695128165181
114,count_additive,count_plus_PB_count,0.007590029436788381
115,count_additive,count_plus_PB_count,0.009060113575795614
116,count_additive,count_plus_PB_count,0.006299459361665483
117,count_additive,count_plus_PB_count,0.008665155989216355
118,count_additive,count_plus_PB_count,0.008421588058572682
119,count_additive,count_plus_PB_count,0.00894667675358718
120,count_additive,count_plus_PB_count,0.007513170959757898
121,count_additive,count_plus_PB_count,0.008761903717870112
122,count_additive,count_plus_PB_count,0.007662478712558207
123,count_additive,count_plus_PB_count,0.008225295643915831
124,count_additive,count_plus_PB_count,0.008499681790063718
125,count_additive,count_plus_PB_count,0.009637430363202526
126,count_additive,count_plus_PB_count,0.007629240002230198
127,count_additive,count_plus_PB_count,0.008309750746749833
128,count_additive,count_plus_PB_count,0.008585863267943528
129,count_additive,count_plus_PB_count,0.00857101640086666
130,count_additive,count_plus_PB_count,0.009526788597471136
131,count_additive,count_plus_PB_count,0.009214095238051168
132,count_additive,count_plus_PB_count,0.008296495079426758
133,count_additive,count_plus_PB_count,0.0072752062921451754
134,count_additive,count_plus_PB_count,0.008421451119400514
135,count_additive,count_plus_PB_count,0.008527573667163113
136,count_additive,count_plus_PB_count,0.0090791234959407
137,count_additive,count_plus_PB_count,0.010067416859926626
138,count_additive,count_plus_PB_count,0.008315246227960205
139,count_additive,count_plus_PB_count,0.008854084771954374
140,count_additive,count_plus_PB_count,0.008493544752333881
141,count_additive,count_plus_PB_count,0.008175570449513558
142,count_additive,count_plus_PB_count,0.008968724573551856
143,count_additive,count_plus_PB_count,0.00979862284055899
144,count_additive,count_plus_PB_count,0.009293723144037092
145,count_additive,count_plus_PB_count,0.00904415980992368
146,count_additive,count_plus_PB_count,0.008398042319615273
147,count_additive,count_plus_PB_count,0.006987027351187947
148,count_additive,count_plus_PB_count,0.0077338845218934416
149,count_additive,count_plus_PB_count,0.00905618944873221
150,count_additive,count_plus_PB_count,0.007614972085018823
151,count_additive,count_plus_PB_count,0.007705765760895544
152,count_additive,count_plus_PB_count,0.007179408507751228
153,count_additive,count_plus_PB_count,0.007381859929960044
154,count_additive,count_plus_PB_count,0.007067502287799454
155,count_additive,count_plus_PB_count,0.0076607361040216815
156,count_additive,count_plus_PB_count,0.007824616561245556
157,count_additive,count_plus_PB_count,0.00796542228111774
158,count_additive,count_plus_PB_count,0.007636435170877032
159,count_additive,count_plus_PB_count,0.007692523866864753
160,count_additive,count_plus_PB_count,0.007912312821795664
161,count_additive,count_plus_PB_count,0.009138105633418325
162,count_additive,count_plus_PB_count,0.008343548136825807
163,count_additive,count_plus_PB_count,0.007240538247500761
164,count_additive,count_plus_PB_count,0.008674201766152634
165,count_additive,count_plus_PB_count,0.007881965705277938
166,count_additive,count_plus_PB_count,0.0075940788827783545
167,count_additive,count_plus_PB_count,0.0080469256196542
168,count_additive,count_plus_PB_count,0.007114508338998848
169,count_additive,count_plus_PB_count,0.007250287696517588
170,count_additive,count_plus_PB_count,0.006883624079754069
171,count_additive,count_plus_PB_count,0.009371622933704027
172,count_additive,count_plus_PB_count,0.0076866090753276994
173,count_additive,count_plus_PB_count,0.008366063931190604
174,count_additive,count_plus_PB_count,0.009593409609370829
175,count_additive,count_plus_PB_count,0.00850509203426858
176,count_additive,count_plus_PB_count,0.006399198899392333
177,count_additive,count_plus_PB_count,0.008896316978360075
178,count_additive,count_plus_PB_count,0.007654900533598186
179,count_additive,count_plus_PB_count,0.00833051116482364
180,count_additive,count_plus_PB_count,0.008573371800107643
181,count_additive,count_plus_PB_count,0.008805131832162028
182,count_additive,count_plus_PB_count,0.0075770169270860666
183,count_additive,count_plus_PB_count,0.007316591967475916
184,count_additive,count_plus_PB_count,0.00827087789637071
185,count_additive,count_plus_PB_count,0.007051333195282283
186,count_additive,count_plus_PB_count,0.009446186405799306
187,count_additive,count_plus_PB_count,0.009927197987910419
188,count_additive,count_plus_PB_count,0.008493671566782435
189,count_additive,count_plus_PB_count,0.00843065435679724
190,count_additive,count_plus_PB_count,0.007759761206261984
191,count_additive,count_plus_PB_count,0.005939077404968629
192,count_additive,count_plus_PB_count,0.009246709203650283
193,count_additive,count_plus_PB_count,0.007431834550257699
194,count_additive,count_plus_PB_count,0.009419755013050923
195,count_additive,count_plus_PB_count,0.00818749752057124
196,count_additive,count_plus_PB_count,0.008295996766538416
197,count_additive,count_plus_PB_count,0.0076122728028140685
198,count_additive,count_plus_PB_count,0.00913041951507465
199,count_additive,count_plus_PB_count,0.007706234132250522
200,count_additive,count_plus_PB_count,0.008468798846623826
201,count_additive,count_plus_PB_count,0.010718477162615814
202,count_additive,count_plus_PB_count,0.010233592297445637
203,count_additive,count_plus_PB_count,0.00767987199020681
204,count_additive,count_plus_PB_count,0.008278139444926724
205,count_additive,count_plus_PB_count,0.00802091938303151
206,count_additive,count_plus_PB_count,0.00903536599239585
207,count_additive,count_plus_PB_count,0.008735887870793602
208,count_additive,count_plus_PB_count,0.008664793836254014
209,count_additive,count_plus_PB_count,0.0074131762981352045
210,count_additive,count_plus_PB_count,0.006359244935687569
211,count_additive,count_plus_PB_count,0.008596682081098317
212,count_additive,count_plus_PB_count,0.008069607555881098
213,count_additive,count_plus_PB_count,0.006662938453553924
214,count_additive,count_plus_PB_count,0.008447556275841539
215,count_additive,count_plus_PB_count,0.006300528180642473
216,count_additive,count_plus_PB_count,0.00811937202797508
217,count_additive,count_plus_PB_count,0.006914391946141518
218,count_additive,count_plus_PB_count,0.0070172554015923705
219,count_additive,count_plus_PB_count,0.008443185087910199
220,count_additive,count_plus_PB_count,0.008451462628103534
221,count_additive,count_plus_PB_count,0.009158766258066442
222,count_additive,count_plus_PB_count,0.008041588776372455
223,count_additive,count_plus_PB_count,0.0075830062544332
224,count_additive,count_plus_PB_count,0.008955868058419303
225,count_additive,count_plus_PB_count,0.007829180419178683
226,count_additive,count_plus_PB_count,0.009088282031089134
227,count_additive,count_plus_PB_count,0.009508929018388457
228,count_additive,count_plus_PB_count,0.008478827743260808
229,count_additive,count_plus_PB_count,0.00886622986083796
230,count_additive,count_plus_PB_count,0.008605271981504625
231,count_additive,count_plus_PB_count,0.009329937024256496
232,count_additive,count_plus_PB_count,0.009085065592844943
233,count_additive,count_plus_PB_count,0.008885422422278577
234,count_additive,count_plus_PB_count,0.007504599737430451
235,count_additive,count_plus_PB_count,0.009044633270288704
236,count_additive,count_plus_PB_count,0.008021901351836058
237,count_additive,count_plus_PB_count,0.008879614550619919
238,count_additive,count_plus_PB_count,0.008803963270161252
239,count_additive,count_plus_PB_count,0.007408249644907328
240,count_additive,count_plus_PB_count,0.007998753278153026
241,count_additive,count_plus_PB_count,0.007735311290340274
242,count_additive,count_plus_PB_count,0.008525559415801964
243,count_additive,count_plus_PB_count,0.008770673890232894
244,count_additive,count_plus_PB_count,0.008441211540730353
245,count_additive,count_plus_PB_count,0.007952812820835653
246,count_additive,count_plus_PB_count,0.00853065686093879
247,count_additive,count_plus_PB_count,0.006944924661987595
248,count_additive,count_plus_PB_count,0.007695197809665599
249,count_additive,count_plus_PB_count,0.010106973984955248
250,count_additive,count_plus_PB_count,0.007776504533929918
251,count_additive,count_plus_PB_count,0.009238777127908604
252,count_additive,count_plus_PB_count,0.007753389591657611
253,count_additive,count_plus_PB_count,0.008074189152570022
254,count_additive,count_plus_PB_count,0.008785335049037113
255,count_additive,count_plus_PB_count,0.008999423011716912
256,count_additive,count_plus_PB_count,0.008537352877671545
257,count_additive,count_plus_PB_count,0.008003586178826572
258,count_additive,count_plus_PB_count,0.008746129116736057
259,count_additive,count_plus_PB_count,0.0075209789383896
260,count_additive,count_plus_PB_count,0.007546289439916143
261,count_additive,count_plus_PB_count,0.007300371551248852
262,count_additive,count_plus_PB_count,0.00876427096911181
263,count_additive,count_plus_PB_count,0.007722852653608336
264,count_additive,count_plus_PB_count,0.006934720304162534
265,count_additive,count_plus_PB_count,0.007332401542661016
266,count_additive,count_plus_PB_count,0.008325515509661152
267,count_additive,count_plus_PB_count,0.008313050706459102
268,count_additive,count_plus_PB_count,0.007815718483773104
269,count_additive,count_plus_PB_count,0.00863199872849435
270,count_additive,count_plus_PB_count,0.006645103384997297
271,count_additive,count_plus_PB_count,0.009345021888843119
272,count_additive,count_plus_PB_count,0.00827501944323561
273,count_additive,count_plus_PB_count,0.008064435476944354
274,count_additive,count_plus_PB_count,0.009000002978761079
275,count_additive,count_plus_PB_count,0.0084311688768835
276,count_additive,count_plus_PB_count,0.008466697223591446
277,count_additive,count_plus_PB_count,0.01110504202701934
278,count_additive,count_plus_PB_count,0.0073724876938470185
279,count_additive,count_plus_PB_count,0.008143712036008388
280,count_additive,count_plus_PB_count,0.008267458984775322
281,count_additive,count_plus_PB_count,0.008831695023666541
282,count_additive,count_plus_PB_count,0.007908683981520226
283,count_additive,count_plus_PB_count,0.009764515976339316
284,count_additive,count_plus_PB_count,0.008242171156318479
285,count_additive,count_plus_PB_count,0.00776431697733565
286,count_additive,count_plus_PB_count,0.00951069335710697
287,count_additive,count_plus_PB_count,0.008522055405419948
288,count_additive,count_plus_PB_count,0.007466160506775454
289,count_additive,count_plus_PB_count,0.005963905898848321
290,count_additive,count_plus_PB_count,0.0076174387915093345
291,count_additive,count_plus_PB_count,0.007962045515311322
292,count_additive,count_plus_PB_count,0.00683160207013056
293,count_additive,count_plus_PB_count,0.00742439700045644
294,count_additive,count_plus_PB_count,0.009202192795231545
295,count_additive,count_plus_PB_count,0.007485989676371596
296,count_additive,count_plus_PB_count,0.006926653820962025
297,count_additive,count_plus_PB_count,0.008839311105097392
298,count_additive,count_plus_PB_count,0.007535806944461598
299,count_additive,count_plus_PB_count,0.006343939322604852
300,count_additive,count_plus_PB_count,0.00711495821842878
301,count_additive,count_plus_PB_count,0.00823904858075064
302,count_additive,count_plus_PB_count,0.007442511917428507
303,count_additive,count_plus_PB_count,0.007713117974437966
304,count_additive,count_plus_PB_count,0.008709184578492624
305,count_additive,count_plus_PB_count,0.0067886882735990195
306,count_additive,count_plus_PB_count,0.00634271102661349
307,count_additive,count_plus_PB_count,0.008764192728205222
308,count_additive,count_plus_PB_count,0.008199534538651687
309,count_additive,count_plus_PB_count,0.007839455327500744
310,count_additive,count_plus_PB_count,0.007996069822640672
311,count_additive,count_plus_PB_count,0.008759450907755484
312,count_additive,count_plus_PB_count,0.010490763381681367
313,count_additive,count_plus_PB_count,0.007961008769488853
314,count_additive,count_plus_PB_count,0.007961066302513309
315,count_additive,count_plus_PB_count,0.009566894785364544
316,count_additive,count_plus_PB_count,0.00889914596262098
317,count_additive,count_plus_PB_count,0.006267830241082795
318,count_additive,count_plus_PB_count,0.009172360062385754
319,count_additive,count_plus_PB_count,0.008217127572183403
320,count_additive,count_plus_PB_count,0.008027088150545425
321,count_additive,count_plus_PB_count,0.007724303533431787
322,count_additive,count_plus_PB_count,0.00894876614014023
323,count_additive,count_plus_PB_count,0.007427991015175106
324,count_additive,count_plus_PB_count,0.009751475843447766
325,count_additive,count_plus_PB_count,0.008107571251783352
326,count_additive,count_plus_PB_count,0.009134834077518195
327,count_additive,count_plus_PB_count,0.007721247443315815
328,count_additive,count_plus_PB_count,0.008074692557316465
329,count_additive,count_plus_PB_count,0.006484135614172826
330,count_additive,count_plus_PB_count,0.008640007295343533
331,count_additive,count_plus_PB_count,0.007424830563094009
332,count_additive,count_plus_PB_count,0.009717194580503907
333,count_additive,count_plus_PB_count,0.00983536162845311
334,count_additive,count_plus_PB_count,0.009031381821128726
335,count_additive,count_plus_PB_count,0.008773393064197443
336,count_additive,count_plus_PB_count,0.007904556427371145
337,count_additive,count_plus_PB_count,0.008996421622019024
338,count_additive,count_plus_PB_count,0.007540864422855842
339,count_additive,count_plus_PB_count,0.007654062826977559
340,count_additive,count_plus_PB_count,0.00984503349645749
341,count_additive,count_plus_PB_count,0.008319271996181987
342,count_additive,count_plus_PB_count,0.008240574414013935
343,count_additive,count_plus_PB_count,0.008760169916752214
344,count_additive,count_plus_PB_count,0.00761929485413243
345,count_additive,count_plus_PB_count,0.009363163654830864
346,count_additive,count_plus_PB_count,0.008621337093426995
347,count_additive,count_plus_PB_count,0.008078535939375797
348,count_additive,count_plus_PB_count,0.007506113975418449
349,count_additive,count_plus_PB_count,0.00903459296484077
350,count_additive,count_plus_PB_count,0.008272542634124469
351,count_additive,count_plus_PB_count,0.007986361198180247
352,count_additive,count_plus_PB_count,0.008667111802551752
353,count_additive,count_plus_PB_count,0.0096587597588782
354,count_additive,count_plus_PB_count,0.009190453363186357
355,count_additive,count_plus_PB_count,0.009377662492492944
356,count_additive,count_plus_PB_count,0.00904418669756607
357,count_additive,count_plus_PB_count,0.00829812643757738
358,count_additive,count_plus_PB_count,0.007682540725628018
359,count_additive,count_plus_PB_count,0.007456741416956569
360,count_additive,count_plus_PB_count,0.009275922209375842
361,count_additive,count_plus_PB_count,0.009545422541240633
362,count_additive,count_plus_PB_count,0.007708534604349004
363,count_additive,count_plus_PB_count,0.007954530932835602
364,count_additive,count_plus_PB_count,0.005994429635461929
365,count_additive,count_plus_PB_count,0.009918674495124902
366,count_additive,count_plus_PB_count,0.00975529791660995
367,count_additive,count_plus_PB_count,0.009092333437747069
368,count_additive,count_plus_PB_count,0.007297554241388449
369,count_additive,count_plus_PB_count,0.00827890021317812
370,count_additive,count_plus_PB_count,0.009143768337918246
371,count_additive,count_plus_PB_count,0.008622040482485716
372,count_additive,count_plus_PB_count,0.007573840328603976
373,count_additive,count_plus_PB_count,0.008213412544803067
374,count_additive,count_plus_PB_count,0.0077726782007001005
375,count_additive,count_plus_PB_count,0.008197047559989512
376,count_additive,count_plus_PB_count,0.008270071865534911
377,count_additive,count_plus_PB_count,0.008367063462081492
378,count_additive,count_plus_PB_count,0.008376700180881214
379,count_additive,count_plus_PB_count,0.008456580968098926
380,count_additive,count_plus_PB_count,0.007955112267540476
381,count_additive,count_plus_PB_count,0.008605585622308065
382,count_additive,count_plus_PB_count,0.008301713573471037
383,count_additive,count_plus_PB_count,0.007905258921085345
384,count_additive,count_plus_PB_count,0.008659437426001781
385,count_additive,count_plus_PB_count,0.008240260437219038
386,count_additive,count_plus_PB_count,0.008157743961025699
387,count_additive,count_plus_PB_count,0.006631012734763186
388,count_additive,count_plus_PB_count,0.007250524366068489
389,count_additive,count_plus_PB_count,0.0063542714371607745
390,count_additive,count_plus_PB_count,0.008017671987654906
391,count_additive,count_plus_PB_count,0.007464885002138322
392,count_additive,count_plus_PB_count,0.009091527604892735
393,count_additive,count_plus_PB_count,0.008398304889032704
394,count_additive,count_plus_PB_count,0.009258451850670979
395,count_additive,count_plus_PB_count,0.007775169724200726
396,count_additive,count_plus_PB_count,0.008464439926255785
397,count_additive,count_plus_PB_count,0.007726427461556495
398,count_additive,count_plus_PB_count,0.008969266383607677
399,count_additive,count_plus_PB_count,0.007108529036704558
400,count_additive,count_plus_PB_count,0.007958857091629135
401,count_additive,count_plus_PB_count,0.009566734945874178
402,count_additive,count_plus_PB_count,0.007719646251994228
403,count_additive,count_plus_PB_count,0.009558426042864221
404,count_additive,count_plus_PB_count,0.008508617986242473
405,count_additive,count_plus_PB_count,0.009296014802701369
406,count_additive,count_plus_PB_count,0.006353512636636027
407,count_additive,count_plus_PB_count,0.0072038991693498255
408,count_additive,count_plus_PB_count,0.007745954860391091
409,count_additive,count_plus_PB_count,0.008951055435438726
410,count_additive,count_plus_PB_count,0.007973729357704351
411,count_additive,count_plus_PB_count,0.009032886836596865
412,count_additive,count_plus_PB_count,0.008781077128503623
413,count_additive,count_plus_PB_count,0.007280710934325141
414,count_additive,count_plus_PB_count,0.007869395367922971
415,count_additive,count_plus_PB_count,0.009107806182203804
416,count_additive,count_plus_PB_count,0.008348594351308247
417,count_additive,count_plus_PB_count,0.008741706541202265
418,count_additive,count_plus_PB_count,0.007600560785851862
419,count_additive,count_plus_PB_count,0.008155321746976418
420,count_additive,count_plus_PB_count,0.007659430799961453
421,count_additive,count_plus_PB_count,0.008901962157428445
422,count_additive,count_plus_PB_count,0.008103529808541066
423,count_additive,count_plus_PB_count,0.009038737376952988
424,count_additive,count_plus_PB_count,0.008387681681876702
425,count_additive,count_plus_PB_count,0.0077422679522966
426,count_additive,count_plus_PB_count,0.009949276830028886
427,count_additive,count_plus_PB_count,0.008499257249557801
428,count_additive,count_plus_PB_count,0.007357330674244711
429,count_additive,count_plus_PB_count,0.009872841594398607
430,count_additive,count_plus_PB_count,0.008810581731954925
431,count_additive,count_plus_PB_count,0.006857119659176458
432,count_additive,count_plus_PB_count,0.008033160137624229
433,count_additive,count_plus_PB_count,0.008271679522546704
434,count_additive,count_plus_PB_count,0.010020474321152606
435,count_additive,count_plus_PB_count,0.008812554646486115
436,count_additive,count_plus_PB_count,0.009647464537616057
437,count_additive,count_plus_PB_count,0.00714614838761235
438,count_additive,count_plus_PB_count,0.007732582186615156
439,count_additive,count_plus_PB_count,0.009240654238432233
440,count_additive,count_plus_PB_count,0.008738539738186446
441,count_additive,count_plus_PB_count,0.008777204110654191
442,count_additive,count_plus_PB_count,0.008951136303236351
443,count_additive,count_plus_PB_count,0.010489816019934262
444,count_additive,count_plus_PB_count,0.0073856702401260965
445,count_additive,count_plus_PB_count,0.009012622023826411
446,count_additive,count_plus_PB_count,0.00759344439235593
447,count_additive,count_plus_PB_count,0.009513953335905767
448,count_additive,count_plus_PB_count,0.007667064716788685
449,count_additive,count_plus_PB_count,0.007497149493518096
450,count_additive,count_plus_PB_count,0.009947185257919267
451,count_additive,count_plus_PB_count,0.007298782347974708
452,count_additive,count_plus_PB_count,0.00904743818980619
453,count_additive,count_plus_PB_count,0.007199840092071308
454,count_additive,count_plus_PB_count,0.006694844078413642
455,count_additive,count_plus_PB_count,0.006993862937070272
456,count_additive,count_plus_PB_count,0.00825132101641679
457,count_additive,count_plus_PB_count,0.008002626568493154
458,count_additive,count_plus_PB_count,0.007407398844523794
459,count_additive,count_plus_PB_count,0.008641980362709856
460,count_additive,count_plus_PB_count,0.00883460780137213
461,count_additive,count_plus_PB_count,0.007063280817161177
462,count_additive,count_plus_PB_count,0.007585223197978552
463,count_additive,count_plus_PB_count,0.0073718509550992906
464,count_additive,count_plus_PB_count,0.008585547563225882
465,count_additive,count_plus_PB_count,0.00928120286145151
466,count_additive,count_plus_PB_count,0.007725202379071594
467,count_additive,count_plus_PB_count,0.007963893422781254
468,count_additive,count_plus_PB_count,0.009965636999886673
469,count_additive,count_plus_PB_count,0.007541964237739618
470,count_additive,count_plus_PB_count,0.00834958429429461
471,count_additive,count_plus_PB_count,0.008362869108742399
472,count_additive,count_plus_PB_count,0.007837198194727557
473,count_additive,count_plus_PB_count,0.00821554833251631
474,count_additive,count_plus_PB_count,0.008107081606961108
475,count_additive,count_plus_PB_count,0.00792575751304564
476,count_additive,count_plus_PB_count,0.009051236221521153
477,count_additive,count_plus_PB_count,0.006600624000328903
478,count_additive,count_plus_PB_count,0.00868256106050147
479,count_additive,count_plus_PB_count,0.009202801977904795
480,count_additive,count_plus_PB_count,0.009283911931460775
481,count_additive,count_plus_PB_count,0.009361254996847201
482,count_additive,count_plus_PB_count,0.0071126237508380985
483,count_additive,count_plus_PB_count,0.009813065033642765
484,count_additive,count_plus_PB_count,0.00783644942401368
485,count_additive,count_plus_PB_count,0.007836831228477614
486,count_additive,count_plus_PB_count,0.009815542028656477
487,count_additive,count_plus_PB_count,0.007212443123129575
488,count_additive,count_plus_PB_count,0.0077998002099865515
489,count_additive,count_plus_PB_count,0.00884414289819474
490,count_additive,count_plus_PB_count,0.008195765316428905
491,count_additive,count_plus_PB_count,0.007812170676435248
492,count_additive,count_plus_PB_count,0.007745801240510053
493,count_additive,count_plus_PB_count,0.008197892594677125
494,count_additive,count_plus_PB_count,0.008033030845125133
495,count_additive,count_plus_PB_count,0.010126577299047645
496,count_additive,count_plus_PB_count,0.009967289819864333
497,count_additive,count_plus_PB_count,0.008049385485430216
498,count_additive,count_plus_PB_count,0.008761456386782385
499,count_additive,count_plus_PB_count,0.007473191638939669
500,count_additive,count_plus_PB_count,0.007942889342696546
501,count_additive,count_plus_PB_count,0.009133256696190306
502,count_additive,count_plus_PB_count,0.009336820953038616
503,count_additive,count_plus_PB_count,0.00853395698937276
504,count_additive,count_plus_PB_count,0.008934032196757757
505,count_additive,count_plus_PB_count,0.010752903735523234
506,count_additive,count_plus_PB_count,0.00884103297077976
507,count_additive,count_plus_PB_count,0.00839143994369057
508,count_additive,count_plus_PB_count,0.008348436105297119
509,count_additive,count_plus_PB_count,0.009861618828409302
510,count_additive,count_plus_PB_count,0.009724469518056167
511,count_additive,count_plus_PB_count,0.008638075400823508
512,count_additive,count_plus_PB_count,0.006375702925094817
513,count_additive,count_plus_PB_count,0.008688337459298257
514,count_additive,count_plus_PB_count,0.007181175256761763
515,count_additive,count_plus_PB_count,0.00822273402494339
516,count_additive,count_plus_PB_count,0.008194165097066719
517,count_additive,count_plus_PB_count,0.008774263566609375
518,count_additive,count_plus_PB_count,0.008458434971309603
519,count_additive,count_plus_PB_count,0.008180341676882141
520,count_additive,count_plus_PB_count,0.008305050695223581
521,count_additive,count_plus_PB_count,0.010143461690384714
522,count_additive,count_plus_PB_count,0.00754630301467013
523,count_additive,count_plus_PB_count,0.007309549997351061
524,count_additive,count_plus_PB_count,0.010093906999168734
525,count_additive,count_plus_PB_count,0.007472662977983491
526,count_additive,count_plus_PB_count,0.009523360825314742
527,count_additive,count_plus_PB_count,0.008713941239206213
528,count_additive,count_plus_PB_count,0.007837459280518877
529,count_additive,count_plus_PB_count,0.006890850278572114
530,count_additive,count_plus_PB_count,0.007695154134738147
531,count_additive,count_plus_PB_count,0.007318483054011782
532,count_additive,count_plus_PB_count,0.00818136375775741
533,count_additive,count_plus_PB_count,0.007737647275954884
534,count_additive,count_plus_PB_count,0.008413575953898356
535,count_additive,count_plus_PB_count,0.008613532404743607
536,count_additive,count_plus_PB_count,0.007468458727931948
537,count_additive,count_plus_PB_count,0.00899741478798688
538,count_additive,count_plus_PB_count,0.007401580082407211
539,count_additive,count_plus_PB_count,0.008239790605502895
540,count_additive,count_plus_PB_count,0.007397062463367687
541,count_additive,count_plus_PB_count,0.0076595197554629735
542,count_additive,count_plus_PB_count,0.006780416691271607
543,count_additive,count_plus_PB_count,0.008676394545192478
544,count_additive,count_plus_PB_count,0.006160792060011522
545,count_additive,count_plus_PB_count,0.009281856614677009
546,count_additive,count_plus_PB_count,0.007708614244747614
547,count_additive,count_plus_PB_count,0.008099174512413654
548,count_additive,count_plus_PB_count,0.00873915700661948
549,count_additive,count_plus_PB_count,0.009104198809816222
550,count_additive,count_plus_PB_count,0.007938056121955639
551,count_additive,count_plus_PB_count,0.009297284603133893
552,count_additive,count_plus_PB_count,0.008080333637809578
553,count_additive,count_plus_PB_count,0.006069660608547356
554,count_additive,count_plus_PB_count,0.007856141079007894
555,count_additive,count_plus_PB_count,0.009247156598854889
556,count_additive,count_plus_PB_count,0.008580027734518103
557,count_additive,count_plus_PB_count,0.007548948479785822
558,count_additive,count_plus_PB_count,0.009580102711062466
559,count_additive,count_plus_PB_count,0.008053723740515661
560,count_additive,count_plus_PB_count,0.006555516131621364
561,count_additive,count_plus_PB_count,0.008611639485009981
562,count_additive,count_plus_PB_count,0.008191503674200518
563,count_additive,count_plus_PB_count,0.008627380654400163
564,count_additive,count_plus_PB_count,0.007573293769933986
565,count_additive,count_plus_PB_count,0.006975554715502763
566,count_additive,count_plus_PB_count,0.009679884004397454
567,count_additive,count_plus_PB_count,0.009874748287558688
568,count_additive,count_plus_PB_count,0.00546592335706686
569,count_additive,count_plus_PB_count,0.008638366563284261
570,count_additive,count_plus_PB_count,0.00759700188415624
571,count_additive,count_plus_PB_count,0.007522326069160201
572,count_additive,count_plus_PB_count,0.009537859989795505
573,count_additive,count_plus_PB_count,0.008675786265490537
574,count_additive,count_plus_PB_count,0.00904061542740281
575,count_additive,count_plus_PB_count,0.009286679468490489
576,count_additive,count_plus_PB_count,0.010575754197674314
577,count_additive,count_plus_PB_count,0.007436658478150782
578,count_additive,count_plus_PB_count,0.007158031819240296
579,count_additive,count_plus_PB_count,0.007257396087995915
580,count_additive,count_plus_PB_count,0.006835371534424262
581,count_additive,count_plus_PB_count,0.009458754576167738
582,count_additive,count_plus_PB_count,0.008871050808894387
583,count_additive,count_plus_PB_count,0.009454823544416513
584,count_additive,count_plus_PB_count,0.008351694983869895
585,count_additive,count_plus_PB_count,0.008606867121908057
586,count_additive,count_plus_PB_count,0.008919471285818437
587,count_additive,count_plus_PB_count,0.008665949970580011
588,count_additive,count_plus_PB_count,0.007843860080153753
589,count_additive,count_plus_PB_count,0.00851249947575805
590,count_additive,count_plus_PB_count,0.008223293108099272
591,count_additive,count_plus_PB_count,0.008616309848789527
592,count_additive,count_plus_PB_count,0.009156331380852867
593,count_additive,count_plus_PB_count,0.008839628490484863
594,count_additive,count_plus_PB_count,0.007649696700277209
595,count_additive,count_plus_PB_count,0.007755195380722724
596,count_additive,count_plus_PB_count,0.00914601722091496
597,count_additive,count_plus_PB_count,0.007172545871401592
598,count_additive,count_plus_PB_count,0.007776470913324729
599,count_additive,count_plus_PB_count,0.009057169407076349
600,count_additive,count_plus_PB_count,0.010289900550594533
601,count_additive,count_plus_PB_count,0.009898704364325162
602,count_additive,count_plus_PB_count,0.006878676736274347
603,count_additive,count_plus_PB_count,0.00912436042658038
604,count_additive,count_plus_PB_count,0.009422364097902813
605,count_additive,count_plus_PB_count,0.007391058892460445
606,count_additive,count_plus_PB_count,0.009004813796720301
607,count_additive,count_plus_PB_count,0.0071765323883249965
608,count_additive,count_plus_PB_count,0.00858198636550983
609,count_additive,count_plus_PB_count,0.008959026615335597
610,count_additive,count_plus_PB_count,0.00925050708846914
611,count_additive,count_plus_PB_count,0.008523746910787555
612,count_additive,count_plus_PB_count,0.008246575877363438
613,count_additive,count_plus_PB_count,0.006543129945084325
614,count_additive,count_plus_PB_count,0.008556998313768216
615,count_additive,count_plus_PB_count,0.007670949461632326
616,count_additive,count_plus_PB_count,0.008508024506879985
617,count_additive,count_plus_PB_count,0.008438577817463377
618,count_additive,count_plus_PB_count,0.008301555456482701
619,count_additive,count_plus_PB_count,0.010245672839373443
620,count_additive,count_plus_PB_count,0.00820813274379023
621,count_additive,count_plus_PB_count,0.007229376335102067
622,count_additive,count_plus_PB_count,0.009876933260380805
623,count_additive,count_plus_PB_count,0.009106131058194966
624,count_additive,count_plus_PB_count,0.008941593961313665
625,count_additive,count_plus_PB_count,0.009154798910577466
626,count_additive,count_plus_PB_count,0.008619702144909591
627,count_additive,count_plus_PB_count,0.009762989200292116
628,count_additive,count_plus_PB_count,0.008781288089404038
629,count_additive,count_plus_PB_count,0.008280476186694696
630,count_additive,count_plus_PB_count,0.009594736738139875
631,count_additive,count_plus_PB_count,0.006712553580144498
632,count_additive,count_plus_PB_count,0.010087432539852392
633,count_additive,count_plus_PB_count,0.008662086148323422
634,count_additive,count_plus_PB_count,0.008492453391503563
635,count_additive,count_plus_PB_count,0.006731307940272491
636,count_additive,count_plus_PB_count,0.008846538617453215
637,count_additive,count_plus_PB_count,0.007759918034511981
638,count_additive,count_plus_PB_count,0.010013546238366478
639,count_additive,count_plus_PB_count,0.006709257624924414
640,count_additive,count_plus_PB_count,0.008050919138282042
641,count_additive,count_plus_PB_count,0.006592513988051052
642,count_additive,count_plus_PB_count,0.00839223088011487
643,count_additive,count_plus_PB_count,0.008135667952518966
644,count_additive,count_plus_PB_count,0.007409459134567309
645,count_additive,count_plus_PB_count,0.008803460940495944
646,count_additive,count_plus_PB_count,0.007750366084954163
647,count_additive,count_plus_PB_count,0.008489672781087754
648,count_additive,count_plus_PB_count,0.00870108601621472
649,count_additive,count_plus_PB_count,0.008609720041591162
650,count_additive,count_plus_PB_count,0.007421289658757491
651,count_additive,count_plus_PB_count,0.008533027819911165
652,count_additive,count_plus_PB_count,0.00874862883822658
653,count_additive,count_plus_PB_count,0.00826033044748159
654,count_additive,count_plus_PB_count,0.0084402633066194
655,count_additive,count_plus_PB_count,0.007410952054143716
656,count_additive,count_plus_PB_count,0.008374430217147733
657,count_additive,count_plus_PB_count,0.007284247273685374
658,count_additive,count_plus_PB_count,0.009612808935109352
659,count_additive,count_plus_PB_count,0.008147291976286608
660,count_additive,count_plus_PB_count,0.007814432003364569
661,count_additive,count_plus_PB_count,0.009229548270009214
662,count_additive,count_plus_PB_count,0.00959581191780462
663,count_additive,count_plus_PB_count,0.008067922554510776
664,count_additive,count_plus_PB_count,0.006183111061307089
665,count_additive,count_plus_PB_count,0.008898380745684109
666,count_additive,count_plus_PB_count,0.008028958907568384
667,count_additive,count_plus_PB_count,0.008756218075934852
668,count_additive,count_plus_PB_count,0.0091117194133164
669,count_additive,count_plus_PB_count,0.008821435278728584
670,count_additive,count_plus_PB_count,0.008099667739729643
671,count_additive,count_plus_PB_count,0.0074301357157562364
672,count_additive,count_plus_PB_count,0.007382842247535937
673,count_additive,count_plus_PB_count,0.007580693064236421
674,count_additive,count_plus_PB_count,0.007499685366071984
675,count_additive,count_plus_PB_count,0.010198241705737798
676,count_additive,count_plus_PB_count,0.00882921991879615
677,count_additive,count_plus_PB_count,0.009713809886964409
678,count_additive,count_plus_PB_count,0.007734882394676235
679,count_additive,count_plus_PB_count,0.009642431472527357
680,count_additive,count_plus_PB_count,0.009211495308750095
681,count_additive,count_plus_PB_count,0.006805330504550566
682,count_additive,count_plus_PB_count,0.00953761666825148
683,count_additive,count_plus_PB_count,0.007185400844523238
684,count_additive,count_plus_PB_count,0.009545270690177354
685,count_additive,count_plus_PB_count,0.00905077826745554
686,count_additive,count_plus_PB_count,0.008217310606236705
687,count_additive,count_plus_PB_count,0.008069405246893313
688,count_additive,count_plus_PB_count,0.008460979405172764
689,count_additive,count_plus_PB_count,0.007418985270977507
690,count_additive,count_plus_PB_count,0.008198381413764555
691,count_additive,count_plus_PB_count,0.00910484093159225
692,count_additive,count_plus_PB_count,0.008512453372075013
693,count_additive,count_plus_PB_count,0.007242957488136581
694,count_additive,count_plus_PB_count,0.008667868388452626
695,count_additive,count_plus_PB_count,0.00900399776774824
696,count_additive,count_plus_PB_count,0.00814177791297721
697,count_additive,count_plus_PB_count,0.007644999426850929
698,count_additive,count_plus_PB_count,0.009229789741805716
699,count_additive,count_plus_PB_count,0.007217209237771194
700,count_additive,count_plus_PB_count,0.007431797019071318
701,count_additive,count_plus_PB_count,0.006660434878798416
702,count_additive,count_plus_PB_count,0.006612231480276454
703,count_additive,count_plus_PB_count,0.007361151030030266
704,count_additive,count_plus_PB_count,0.007160868880828786
705,count_additive,count_plus_PB_count,0.0092665889193434
706,count_additive,count_plus_PB_count,0.009426684167364086
707,count_additive,count_plus_PB_count,0.007784853299133199
708,count_additive,count_plus_PB_count,0.007039510729447307
709,count_additive,count_plus_PB_count,0.008346546375700648
710,count_additive,count_plus_PB_count,0.010243241320445073
711,count_additive,count_plus_PB_count,0.009531080762384625
712,count_additive,count_plus_PB_count,0.008730492630438735
713,count_additive,count_plus_PB_count,0.007126139554051614
714,count_additive,count_plus_PB_count,0.008902992538575905
715,count_additive,count_plus_PB_count,0.008797758765836272
716,count_additive,count_plus_PB_count,0.00856450827564842
717,count_additive,count_plus_PB_count,0.009192553994368913
718,count_additive,count_plus_PB_count,0.01005437306908924
719,count_additive,count_plus_PB_count,0.006727514315320093
720,count_additive,count_plus_PB_count,0.00791361206765756
721,count_additive,count_plus_PB_count,0.007588153656384933
722,count_additive,count_plus_PB_count,0.006976130266160729
723,count_additive,count_plus_PB_count,0.00764447024863929
724,count_additive,count_plus_PB_count,0.008643768855367273
725,count_additive,count_plus_PB_count,0.00986173053629713
726,count_additive,count_plus_PB_count,0.008591129102035244
727,count_additive,count_plus_PB_count,0.007624116927289815
728,count_additive,count_plus_PB_count,0.008795751268472818
729,count_additive,count_plus_PB_count,0.008283720561458319
730,count_additive,count_plus_PB_count,0.009488402346322478
731,count_additive,count_plus_PB_count,0.009564939846799958
732,count_additive,count_plus_PB_count,0.008274133611907375
733,count_additive,count_plus_PB_count,0.007558789174460956
734,count_additive,count_plus_PB_count,0.008248509105056423
735,count_additive,count_plus_PB_count,0.007851101255713866
736,count_additive,count_plus_PB_count,0.008969976540465219
737,count_additive,count_plus_PB_count,0.010079099649718481
738,count_additive,count_plus_PB_count,0.008784984161544607
739,count_additive,count_plus_PB_count,0.0063352945868260235
740,count_additive,count_plus_PB_count,0.008112493454573877
741,count_additive,count_plus_PB_count,0.009289258828893143
742,count_additive,count_plus_PB_count,0.009073656420600651
743,count_additive,count_plus_PB_count,0.00930906498663292
744,count_additive,count_plus_PB_count,0.009433298879912289
745,count_additive,count_plus_PB_count,0.008476081195865903
746,count_additive,count_plus_PB_count,0.008713616807545677
747,count_additive,count_plus_PB_count,0.008076844870186395
748,count_additive,count_plus_PB_count,0.007784597830003237
749,count_additive,count_plus_PB_count,0.009298839599564512
750,count_additive,count_plus_PB_count,0.006886686709715595
751,count_additive,count_plus_PB_count,0.007556386320237973
752,count_additive,count_plus_PB_count,0.00949402344717859
753,count_additive,count_plus_PB_count,0.007994480413441862
754,count_additive,count_plus_PB_count,0.00858563169958243
755,count_additive,count_plus_PB_count,0.009288930295819287
756,count_additive,count_plus_PB_count,0.010762593756530658
757,count_additive,count_plus_PB_count,0.010033704809334965
758,count_additive,count_plus_PB_count,0.009322316627634386
759,count_additive,count_plus_PB_count,0.00887380890485956
760,count_additive,count_plus_PB_count,0.006816154864967727
761,count_additive,count_plus_PB_count,0.008368380003877851
762,count_additive,count_plus_PB_count,0.0074072843107036435
763,count_additive,count_plus_PB_count,0.008911335773815254
764,count_additive,count_plus_PB_count,0.010000620401383109
765,count_additive,count_plus_PB_count,0.007559158556030565
766,count_additive,count_plus_PB_count,0.009319234139105015
767,count_additive,count_plus_PB_count,0.00853997142248697
768,count_additive,count_plus_PB_count,0.007968163156990837
769,count_additive,count_plus_PB_count,0.008434915654121744
770,count_additive,count_plus_PB_count,0.010044385248740795
771,count_additive,count_plus_PB_count,0.006458067339950524
772,count_additive,count_plus_PB_count,0.008385800692312817
773,count_additive,count_plus_PB_count,0.007957069218141266
774,count_additive,count_plus_PB_count,0.006541883093627909
775,count_additive,count_plus_PB_count,0.008270873010868596
776,count_additive,count_plus_PB_count,0.007713597404964911
777,count_additive,count_plus_PB_count,0.00804010855689763
778,count_additive,count_plus_PB_count,0.007731725690169611
779,count_additive,count_plus_PB_count,0.009743722900240892
780,count_additive,count_plus_PB_count,0.009427774187062421
781,count_additive,count_plus_PB_count,0.008134625133629614
782,count_additive,count_plus_PB_count,0.008172432241872196
783,count_additive,count_plus_PB_count,0.00805543113439755
784,count_additive,count_plus_PB_count,0.008981386411633097
785,count_additive,count_plus_PB_count,0.009339522065092143
786,count_additive,count_plus_PB_count,0.00896007882868255
787,count_additive,count_plus_PB_count,0.009502273321328247
788,count_additive,count_plus_PB_count,0.008227229561962146
789,count_additive,count_plus_PB_count,0.009003794811227761
790,count_additive,count_plus_PB_count,0.009119620457386346
791,count_additive,count_plus_PB_count,0.007303035782148526
792,count_additive,count_plus_PB_count,0.009305879362420721
793,count_additive,count_plus_PB_count,0.00927797969973193
794,count_additive,count_plus_PB_count,0.008213251228583573
795,count_additive,count_plus_PB_count,0.00791037256741578
796,count_additive,count_plus_PB_count,0.008217211498166177
797,count_additive,count_plus_PB_count,0.00737584770043781
798,count_additive,count_plus_PB_count,0.006422108881314503
799,count_additive,count_plus_PB_count,0.008725068653288481
800,count_additive,count_plus_PB_count,0.006296083795271912
801,count_additive,count_plus_PB_count,0.009796658537621239
802,count_additive,count_plus_PB_count,0.009106367053746067
803,count_additive,count_plus_PB_count,0.00911238399738823
804,count_additive,count_plus_PB_count,0.010298376766786743
805,count_additive,count_plus_PB_count,0.008179094390005748
806,count_additive,count_plus_PB_count,0.0073421896027972
807,count_additive,count_plus_PB_count,0.007960330884772604
808,count_additive,count_plus_PB_count,0.009588571319071537
809,count_additive,count_plus_PB_count,0.008435960920015695
810,count_additive,count_plus_PB_count,0.007981845605130655
811,count_additive,count_plus_PB_count,0.00757492947640398
812,count_additive,count_plus_PB_count,0.007693668728925629
813,count_additive,count_plus_PB_count,0.007754790518014143
814,count_additive,count_plus_PB_count,0.007722871531536446
815,count_additive,count_plus_PB_count,0.00888472237661947
816,count_additive,count_plus_PB_count,0.007094033269852473
817,count_additive,count_plus_PB_count,0.0067717502791241335
818,count_additive,count_plus_PB_count,0.009937877178939458
819,count_additive,count_plus_PB_count,0.007472551474311695
820,count_additive,count_plus_PB_count,0.00943274335551958
821,count_additive,count_plus_PB_count,0.0067261763584898215
822,count_additive,count_plus_PB_count,0.008348804595784798
823,count_additive,count_plus_PB_count,0.007943323323408469
824,count_additive,count_plus_PB_count,0.007607906972970646
825,count_additive,count_plus_PB_count,0.008314672488422215
826,count_additive,count_plus_PB_count,0.008209452560331398
827,count_additive,count_plus_PB_count,0.006039616352837729
828,count_additive,count_plus_PB_count,0.008244730250410282
829,count_additive,count_plus_PB_count,0.009288551958660074
830,count_additive,count_plus_PB_count,0.008699220746033354
831,count_additive,count_plus_PB_count,0.00845385821244099
832,count_additive,count_plus_PB_count,0.009044071297788892
833,count_additive,count_plus_PB_count,0.006919541387835626
834,count_additive,count_plus_PB_count,0.008252242785055097
835,count_additive,count_plus_PB_count,0.01011354751634208
836,count_additive,count_plus_PB_count,0.0061386722070850275
837,count_additive,count_plus_PB_count,0.007695257706466507
838,count_additive,count_plus_PB_count,0.008882717399227469
839,count_additive,count_plus_PB_count,0.007593083476550189
840,count_additive,count_plus_PB_count,0.007696419991070791
841,count_additive,count_plus_PB_count,0.007205913086019311
842,count_additive,count_plus_PB_count,0.008138024004446742
843,count_additive,count_plus_PB_count,0.009430656863032294
844,count_additive,count_plus_PB_count,0.0078783301749904
845,count_additive,count_plus_PB_count,0.010368326525535987
846,count_additive,count_plus_PB_count,0.008344860359051742
847,count_additive,count_plus_PB_count,0.00795208474110276
848,count_additive,count_plus_PB_count,0.006284348942335816
849,count_additive,count_plus_PB_count,0.008395396327241067
850,count_additive,count_plus_PB_count,0.00869148457014396
851,count_additive,count_plus_PB_count,0.008551511341054863
852,count_additive,count_plus_PB_count,0.00815361578249213
853,count_additive,count_plus_PB_count,0.006199835324470548
854,count_additive,count_plus_PB_count,0.00697476367540345
855,count_additive,count_plus_PB_count,0.00800203454738263
856,count_additive,count_plus_PB_count,0.0077644269945235656
857,count_additive,count_plus_PB_count,0.007477575668419112
858,count_additive,count_plus_PB_count,0.009581676132320527
859,count_additive,count_plus_PB_count,0.009230456362684658
860,count_additive,count_plus_PB_count,0.008621091069406617
861,count_additive,count_plus_PB_count,0.008399915223687493
862,count_additive,count_plus_PB_count,0.007691098336280733
863,count_additive,count_plus_PB_count,0.007716719231765923
864,count_additive,count_plus_PB_count,0.00870543251151279
865,count_additive,count_plus_PB_count,0.007049751366003332
866,count_additive,count_plus_PB_count,0.0072302500340537534
867,count_additive,count_plus_PB_count,0.008792758234036191
868,count_additive,count_plus_PB_count,0.007802966301963532
869,count_additive,count_plus_PB_count,0.00872157177725641
870,count_additive,count_plus_PB_count,0.007709957872224671
871,count_additive,count_plus_PB_count,0.006881499063383478
872,count_additive,count_plus_PB_count,0.009664171073679673
873,count_additive,count_plus_PB_count,0.00715594153290422
874,count_additive,count_plus_PB_count,0.008282388990934975
875,count_additive,count_plus_PB_count,0.008237169052824178
876,count_additive,count_plus_PB_count,0.008162138523048479
877,count_additive,count_plus_PB_count,0.008518901038447713
878,count_additive,count_plus_PB_count,0.008626848594747605
879,count_additive,count_plus_PB_count,0.006799520571814488
880,count_additive,count_plus_PB_count,0.00699298375048929
881,count_additive,count_plus_PB_count,0.009110275189134043
882,count_additive,count_plus_PB_count,0.01026220748898099
883,count_additive,count_plus_PB_count,0.007420787494047898
884,count_additive,count_plus_PB_count,0.00870446330934449
885,count_additive,count_plus_PB_count,0.008043591443415266
886,count_additive,count_plus_PB_count,0.007874570686666693
887,count_additive,count_plus_PB_count,0.007019855075721615
888,count_additive,count_plus_PB_count,0.0076555104426983545
889,count_additive,count_plus_PB_count,0.006656284043418725
890,count_additive,count_plus_PB_count,0.0077804199993050105
891,count_additive,count_plus_PB_count,0.008111753437323399
892,count_additive,count_plus_PB_count,0.008209752549442728
893,count_additive,count_plus_PB_count,0.008499590285006853
894,count_additive,count_plus_PB_count,0.008977579209179076
895,count_additive,count_plus_PB_count,0.008113988921792048
896,count_additive,count_plus_PB_count,0.00837126402197741
897,count_additive,count_plus_PB_count,0.00850739314487614
898,count_additive,count_plus_PB_count,0.008035924517115156
899,count_additive,count_plus_PB_count,0.007285436531608291
900,count_additive,count_plus_PB_count,0.008696825152064047
901,count_additive,count_plus_PB_count,0.008717935342206717
902,count_additive,count_plus_PB_count,0.007588276240694802
903,count_additive,count_plus_PB_count,0.0071602023908283186
904,count_additive,count_plus_PB_count,0.006799855632273033
905,count_additive,count_plus_PB_count,0.008075537251208298
906,count_additive,count_plus_PB_count,0.009002670390592826
907,count_additive,count_plus_PB_count,0.007820769498227687
908,count_additive,count_plus_PB_count,0.008630871215857372
909,count_additive,count_plus_PB_count,0.00783625041558983
910,count_additive,count_plus_PB_count,0.009725884786954853
911,count_additive,count_plus_PB_count,0.00976705053046062
912,count_additive,count_plus_PB_count,0.009434993410812387
913,count_additive,count_plus_PB_count,0.006972233602959621
914,count_additive,count_plus_PB_count,0.007583717383427446
915,count_additive,count_plus_PB_count,0.00734459466119991
916,count_additive,count_plus_PB_count,0.009324531111266299
917,count_additive,count_plus_PB_count,0.007632729208296496
918,count_additive,count_plus_PB_count,0.00766040743426083
919,count_additive,count_plus_PB_count,0.00917654250913491
920,count_additive,count_plus_PB_count,0.009221336876647168
921,count_additive,count_plus_PB_count,0.00791493556249473
922,count_additive,count_plus_PB_count,0.010224666847559627
923,count_additive,count_plus_PB_count,0.009626987704315026
924,count_additive,count_plus_PB_count,0.00857708662770984
925,count_additive,count_plus_PB_count,0.008503639272533003
926,count_additive,count_plus_PB_count,0.009867605829752268
927,count_additive,count_plus_PB_count,0.008477925771494699
928,count_additive,count_plus_PB_count,0.009084401368404105
929,count_additive,count_plus_PB_count,0.008917166905859863
930,count_additive,count_plus_PB_count,0.008925167641122
931,count_additive,count_plus_PB_count,0.008682865875035584
932,count_additive,count_plus_PB_count,0.008073412837462601
933,count_additive,count_plus_PB_count,0.008371318035516218
934,count_additive,count_plus_PB_count,0.006530557678690485
935,count_additive,count_plus_PB_count,0.007735709216360909
936,count_additive,count_plus_PB_count,0.009279801208523453
937,count_additive,count_plus_PB_count,0.008763079350890546
938,count_additive,count_plus_PB_count,0.007109471935867695
939,count_additive,count_plus_PB_count,0.00926245740613002
940,count_additive,count_plus_PB_count,0.008201998769659546
941,count_additive,count_plus_PB_count,0.0054400940869887005
942,count_additive,count_plus_PB_count,0.008672537332048036
943,count_additive,count_plus_PB_count,0.006870709684218657
944,count_additive,count_plus_PB_count,0.009627111847933467
945,count_additive,count_plus_PB_count,0.008843801219584446
946,count_additive,count_plus_PB_count,0.0076596323486822215
947,count_additive,count_plus_PB_count,0.007277110437046208
948,count_additive,count_plus_PB_count,0.008993217599583048
949,count_additive,count_plus_PB_count,0.009176413127487126
950,count_additive,count_plus_PB_count,0.00845867989033594
951,count_additive,count_plus_PB_count,0.008182498038949548
952,count_additive,count_plus_PB_count,0.008679222082967453
953,count_additive,count_plus_PB_count,0.0067174882559351
954,count_additive,count_plus_PB_count,0.007480372333106
955,count_additive,count_plus_PB_count,0.00954369445954345
956,count_additive,count_plus_PB_count,0.007695769761354332
957,count_additive,count_plus_PB_count,0.008501803145079534
958,count_additive,count_plus_PB_count,0.007755071006921077
959,count_additive,count_plus_PB_count,0.009625007287171194
960,count_additive,count_plus_PB_count,0.009006685824460348
961,count_additive,count_plus_PB_count,0.007339173901602547
962,count_additive,count_plus_PB_count,0.009205037565460261
963,count_additive,count_plus_PB_count,0.009328989708344282
964,count_additive,count_plus_PB_count,0.008242002983751162
965,count_additive,count_plus_PB_count,0.009036745112729727
966,count_additive,count_plus_PB_count,0.00826945898945941
967,count_additive,count_plus_PB_count,0.009715408339997289
968,count_additive,count_plus_PB_count,0.006967178146004671
969,count_additive,count_plus_PB_count,0.008511818302052665
970,count_additive,count_plus_PB_count,0.006062635380951253
971,count_additive,count_plus_PB_count,0.008739757433763817
972,count_additive,count_plus_PB_count,0.009149324267541059
973,count_additive,count_plus_PB_count,0.008199651545651887
974,count_additive,count_plus_PB_count,0.008564987856864659
975,count_additive,count_plus_PB_count,0.008704205503835383
976,count_additive,count_plus_PB_count,0.006874719216765968
977,count_additive,count_plus_PB_count,0.008360704693501975
978,count_additive,count_plus_PB_count,0.009945647657664924
979,count_additive,count_plus_PB_count,0.00858581472805725
980,count_additive,count_plus_PB_count,0.008449223837161013
981,count_additive,count_plus_PB_count,0.007052518288120702
982,count_additive,count_plus_PB_count,0.009065795164104884
983,count_additive,count_plus_PB_count,0.007894034218140888
984,count_additive,count_plus_PB_count,0.008246368722106323
985,count_additive,count_plus_PB_count,0.00783769271585022
986,count_additive,count_plus_PB_count,0.008967727909812484
987,count_additive,count_plus_PB_count,0.008281341383713225
988,count_additive,count_plus_PB_count,0.007201473778255751
989,count_additive,count_plus_PB_count,0.00827164827849669
990,count_additive,count_plus_PB_count,0.00898212885016153
991,count_additive,count_plus_PB_count,0.008737311477867105
992,count_additive,count_plus_PB_count,0.008931420626376418
993,count_additive,count_plus_PB_count,0.008302754350320185
994,count_additive,count_plus_PB_count,0.009480903155019371
995,count_additive,count_plus_PB_count,0.008659858057168235
996,count_additive,count_plus_PB_count,0.00845773597887206
997,count_additive,count_plus_PB_count,0.009165950095436415
998,count_additive,count_plus_PB_count,0.008037220741003992
999,count_additive,count_plus_PB_count,0.00925345232581598
1000,count_additive,count_plus_PB_count,0.00809203163830513
1001,count_additive,count_plus_PB_count,0.00887362321509333
1002,count_additive,count_plus_PB_count,0.007006158701637233
1003,count_additive,count_plus_PB_count,0.008632537274324281
1004,count_additive,count_plus_PB_count,0.008035860078175305
1005,count_additive,count_plus_PB_count,0.0075531586261176065
1006,count_additive,count_plus_PB_count,0.009027752890653162
1007,count_additive,count_plus_PB_count,0.008545907850817491
1008,count_additive,count_plus_PB_count,0.010179957752528057
1009,count_additive,count_plus_PB_count,0.007336156942351513
1010,count_additive,count_plus_PB_count,0.008656512564591823
1011,count_additive,count_plus_PB_count,0.007721877637124452
1012,count_additive,count_plus_PB_count,0.007528849228496726
1013,count_additive,count_plus_PB_count,0.008538684831673582
1014,count_additive,count_plus_PB_count,0.009408931715369884
1015,count_additive,count_plus_PB_count,0.007793606534975073
1016,count_additive,count_plus_PB_count,0.007909990801203581
1017,count_additive,count_plus_PB_count,0.00871728135084704
1018,count_additive,count_plus_PB_count,0.008100208696783573
1019,count_additive,count_plus_PB_count,0.007920924601774904
1020,count_additive,count_plus_PB_count,0.008463887545208548
1021,count_additive,count_plus_PB_count,0.008421643347300833
1022,count_additive,count_plus_PB_count,0.00903467826355675
1023,count_additive,count_plus_PB_count,0.00845880601363358
1024,count_additive,count_plus_PB_count,0.008181678329406916
1025,count_additive,count_plus_PB_count,0.009259027382468477
1026,count_additive,count_plus_PB_count,0.006682290980076722
1027,count_additive,count_plus_PB_count,0.00814240274765432
1028,count_additive,count_plus_PB_count,0.008432676460064903
1029,count_additive,count_plus_PB_count,0.006958532259516759
1030,count_additive,count_plus_PB_count,0.007947184721232126
1031,count_additive,count_plus_PB_count,0.011155921362056065
1032,count_additive,count_plus_PB_count,0.00899432265644673
1033,count_additive,count_plus_PB_count,0.008942528476033051
1034,count_additive,count_plus_PB_count,0.008446549921069968
1035,count_additive,count_plus_PB_count,0.006329840360224104
1036,count_additive,count_plus_PB_count,0.008791703091914571
1037,count_additive,count_plus_PB_count,0.00858830215898626
1038,count_additive,count_plus_PB_count,0.00875337260128406
1039,count_additive,count_plus_PB_count,0.009935957704922838
1040,count_additive,count_plus_PB_count,0.007663571783030787
1041,count_additive,count_plus_PB_count,0.008230003750309245
1042,count_additive,count_plus_PB_count,0.00695586923741548
1043,count_additive,count_plus_PB_count,0.008393101263909686
1044,count_additive,count_plus_PB_count,0.007924909858028961
1045,count_additive,count_plus_PB_count,0.008965965919175034
1046,count_additive,count_plus_PB_count,0.010154313705836804
1047,count_additive,count_plus_PB_count,0.008169075892400679
1048,count_additive,count_plus_PB_count,0.00725686295829292
1049,count_additive,count_plus_PB_count,0.006059775684578772
1050,count_additive,count_plus_PB_count,0.00873459715285052
1051,count_additive,count_plus_PB_count,0.008855960123450246
1052,count_additive,count_plus_PB_count,0.009685935722028971
1053,count_additive,count_plus_PB_count,0.009136422033792835
1054,count_additive,count_plus_PB_count,0.00827000808367151
1055,count_additive,count_plus_PB_count,0.00880232513721163
1056,count_additive,count_plus_PB_count,0.0077929676982533835
1057,count_additive,count_plus_PB_count,0.00983701462573855
1058,count_additive,count_plus_PB_count,0.007275112658797045
1059,count_additive,count_plus_PB_count,0.007169654387141566
1060,count_additive,count_plus_PB_count,0.008037847647899332
1061,count_additive,count_plus_PB_count,0.00876212371098678
1062,count_additive,count_plus_PB_count,0.008019712374635057
1063,count_additive,count_plus_PB_count,0.006868371152937369
1064,count_additive,count_plus_PB_count,0.008735003304734923
1065,count_additive,count_plus_PB_count,0.00860027888004472
1066,count_additive,count_plus_PB_count,0.007572596721760472
1067,count_additive,count_plus_PB_count,0.0101080374812893
1068,count_additive,count_plus_PB_count,0.008494136659864038
1069,count_additive,count_plus_PB_count,0.008233202357518343
1070,count_additive,count_plus_PB_count,0.007762941265127943
1071,count_additive,count_plus_PB_count,0.008578305968114264
1072,count_additive,count_plus_PB_count,0.007398254557789086
1073,count_additive,count_plus_PB_count,0.00819234828773241
1074,count_additive,count_plus_PB_count,0.008148100543286962
1075,count_additive,count_plus_PB_count,0.009088276456337252
1076,count_additive,count_plus_PB_count,0.008115594581275032
1077,count_additive,count_plus_PB_count,0.009064809506474425
1078,count_additive,count_plus_PB_count,0.007327264412481882
1079,count_additive,count_plus_PB_count,0.008759252657845051
1080,count_additive,count_plus_PB_count,0.00973535798807662
1081,count_additive,count_plus_PB_count,0.009282673065636127
1082,count_additive,count_plus_PB_count,0.0077759182976149255
1083,count_additive,count_plus_PB_count,0.008877272073514797
1084,count_additive,count_plus_PB_count,0.008721439813008547
1085,count_additive,count_plus_PB_count,0.009817505775506385
1086,count_additive,count_plus_PB_count,0.008065355600650637
1087,count_additive,count_plus_PB_count,0.00867797201160192
1088,count_additive,count_plus_PB_count,0.010163323154202486
1089,count_additive,count_plus_PB_count,0.01073411540811331
1090,count_additive,count_plus_PB_count,0.0078300054679879
1091,count_additive,count_plus_PB_count,0.008499959157129366
1092,count_additive,count_plus_PB_count,0.006077851549215696
1093,count_additive,count_plus_PB_count,0.008688303837685374
1094,count_additive,count_plus_PB_count,0.00899698876816113
1095,count_additive,count_plus_PB_count,0.007333677790074933
1096,count_additive,count_plus_PB_count,0.005667100183715745
1097,count_additive,count_plus_PB_count,0.008403061013856017
1098,count_additive,count_plus_PB_count,0.007336933087878417
1099,count_additive,count_plus_PB_count,0.009787792956652441
1100,count_additive,count_plus_PB_count,0.00875386941184958
1101,count_additive,count_plus_PB_count,0.007457300800945865
1102,count_additive,count_plus_PB_count,0.008595784322399325
1103,count_additive,count_plus_PB_count,0.0092735838667094
1104,count_additive,count_plus_PB_count,0.00817436863619908
1105,count_additive,count_plus_PB_count,0.007099959913775156
1106,count_additive,count_plus_PB_count,0.008871117997620526
1107,count_additive,count_plus_PB_count,0.007779782395357593
1108,count_additive,count_plus_PB_count,0.006716183258877295
1109,count_additive,count_plus_PB_count,0.008634007371669195
1110,count_additive,count_plus_PB_count,0.008294259388868186
1111,count_additive,count_plus_PB_count,0.007633293354596726
1112,count_additive,count_plus_PB_count,0.00846025092883973
1113,count_additive,count_plus_PB_count,0.010348641804697856
1114,count_additive,count_plus_PB_count,0.00805820860881612
1115,count_additive,count_plus_PB_count,0.009518732692854637
1116,count_additive,count_plus_PB_count,0.007081747474267819
1117,count_additive,count_plus_PB_count,0.009376216312668662
1118,count_additive,count_plus_PB_count,0.007459036981471934
1119,count_additive,count_plus_PB_count,0.007703390953686828
1120,count_additive,count_plus_PB_count,0.00841655095049404
1121,count_additive,count_plus_PB_count,0.007719702895412628
1122,count_additive,count_plus_PB_count,0.006934129266439493
1123,count_additive,count_plus_PB_count,0.007567697184886757
1124,count_additive,count_plus_PB_count,0.007866424760951896
1125,count_additive,count_plus_PB_count,0.007820946117688798
1126,count_additive,count_plus_PB_count,0.009233539516709133
1127,count_additive,count_plus_PB_count,0.008422847109870846
1128,count_additive,count_plus_PB_count,0.00741038177737724
1129,count_additive,count_plus_PB_count,0.010286644385374466
1130,count_additive,count_plus_PB_count,0.008293384567045314
1131,count_additive,count_plus_PB_count,0.009319487227579915
1132,count_additive,count_plus_PB_count,0.007139918213823648
1133,count_additive,count_plus_PB_count,0.008018162100276116
1134,count_additive,count_plus_PB_count,0.008667320954049151
1135,count_additive,count_plus_PB_count,0.00863035770102566
1136,count_additive,count_plus_PB_count,0.007772272273127434
1137,count_additive,count_plus_PB_count,0.0074297265643150645
1138,count_additive,count_plus_PB_count,0.008700291041476294
1139,count_additive,count_plus_PB_count,0.00816044209273914
1140,count_additive,count_plus_PB_count,0.00948107363709283
1141,count_additive,count_plus_PB_count,0.008664668890815796
1142,count_additive,count_plus_PB_count,0.007362969198111247
1143,count_additive,count_plus_PB_count,0.007759581477615574
1144,count_additive,count_plus_PB_count,0.0077697758517116244
1145,count_additive,count_plus_PB_count,0.007849480532929887
1146,count_additive,count_plus_PB_count,0.009682350961605968
1147,count_additive,count_plus_PB_count,0.007356731246955017
1148,count_additive,count_plus_PB_count,0.008767949811347486
1149,count_additive,count_plus_PB_count,0.00929529201023016
1150,count_additive,count_plus_PB_count,0.008217049328316406
1151,count_additive,count_plus_PB_count,0.00863881340935696
1152,count_additive,count_plus_PB_count,0.008726770656066751
1153,count_additive,count_plus_PB_count,0.007602047397934963
1154,count_additive,count_plus_PB_count,0.009018400970719098
1155,count_additive,count_plus_PB_count,0.007718267941271839
1156,count_additive,count_plus_PB_count,0.007544552198148313
1157,count_additive,count_plus_PB_count,0.008060229363098415
1158,count_additive,count_plus_PB_count,0.007034556793441227
1159,count_additive,count_plus_PB_count,0.007261233531986044
1160,count_additive,count_plus_PB_count,0.008041508698665545
1161,count_additive,count_plus_PB_count,0.007783742417704742
1162,count_additive,count_plus_PB_count,0.007067795082000727
1163,count_additive,count_plus_PB_count,0.009746736263582634
1164,count_additive,count_plus_PB_count,0.005585347201143176
1165,count_additive,count_plus_PB_count,0.008673754268714251
1166,count_additive,count_plus_PB_count,0.007538025920699132
1167,count_additive,count_plus_PB_count,0.008001801916870166
1168,count_additive,count_plus_PB_count,0.0076267410800549
1169,count_additive,count_plus_PB_count,0.006468215738046124
1170,count_additive,count_plus_PB_count,0.008653369863109828
1171,count_additive,count_plus_PB_count,0.006882464068307559
1172,count_additive,count_plus_PB_count,0.009017040668304999
1173,count_additive,count_plus_PB_count,0.008123502103570046
1174,count_additive,count_plus_PB_count,0.00836589623958256
1175,count_additive,count_plus_PB_count,0.008684579423734073
1176,count_additive,count_plus_PB_count,0.008533299985602816
1177,count_additive,count_plus_PB_count,0.006978308326701432
1178,count_additive,count_plus_PB_count,0.008059363651448992
1179,count_additive,count_plus_PB_count,0.008814678011741073
1180,count_additive,count_plus_PB_count,0.008724798813971757
1181,count_additive,count_plus_PB_count,0.007568295837837746
1182,count_additive,count_plus_PB_count,0.009529266164436223
1183,count_additive,count_plus_PB_count,0.008734559417895194
1184,count_additive,count_plus_PB_count,0.0076790420891746924
1185,count_additive,count_plus_PB_count,0.00981564552861286
1186,count_additive,count_plus_PB_count,0.00799852249827715
1187,count_additive,count_plus_PB_count,0.007934424200907675
1188,count_additive,count_plus_PB_count,0.007087045943222292
1189,count_additive,count_plus_PB_count,0.006196849776905211
1190,count_additive,count_plus_PB_count,0.007720303445453935
1191,count_additive,count_plus_PB_count,0.008121640165658583
1192,count_additive,count_plus_PB_count,0.008365087526623016
1193,count_additive,count_plus_PB_count,0.008919766516992611
1194,count_additive,count_plus_PB_count,0.008927063221220055
1195,count_additive,count_plus_PB_count,0.009272198298139245
1196,count_additive,count_plus_PB_count,0.00877485410337503
1197,count_additive,count_plus_PB_count,0.0054553865525762135
1198,count_additive,count_plus_PB_count,0.008550829130483717
1199,count_additive,count_plus_PB_count,0.009649210699619326
1200,count_additive,count_plus_PB_count,0.007752435215572395
1201,count_additive,count_plus_PB_count,0.00878775812466348
1202,count_additive,count_plus_PB_count,0.009017944729450111
1203,count_additive,count_plus_PB_count,0.006822457187538378
1204,count_additive,count_plus_PB_count,0.008947134602450002
1205,count_additive,count_plus_PB_count,0.009215537411208785
1206,count_additive,count_plus_PB_count,0.008378399933378022
1207,count_additive,count_plus_PB_count,0.00867392577555326
1208,count_additive,count_plus_PB_count,0.008531333312682188
1209,count_additive,count_plus_PB_count,0.00857171602165796
1210,count_additive,count_plus_PB_count,0.008178882753558436
1211,count_additive,count_plus_PB_count,0.008080452164389518
1212,count_additive,count_plus_PB_count,0.008812672944136402
1213,count_additive,count_plus_PB_count,0.008245298564598769
1214,count_additive,count_plus_PB_count,0.008262588080539313
1215,count_additive,count_plus_PB_count,0.008845535002343585
1216,count_additive,count_plus_PB_count,0.008864888894427159
1217,count_additive,count_plus_PB_count,0.008757893042612985
1218,count_additive,count_plus_PB_count,0.00881636463411517
1219,count_additive,count_plus_PB_count,0.007758013403513231
1220,count_additive,count_plus_PB_count,0.009119399280140827
1221,count_additive,count_plus_PB_count,0.008742341508919504
1222,count_additive,count_plus_PB_count,0.006406702474898551
1223,count_additive,count_plus_PB_count,0.008170584831615813
1224,count_additive,count_plus_PB_count,0.007216279891957
1225,count_additive,count_plus_PB_count,0.008186413190341857
1226,count_additive,count_plus_PB_count,0.007648746821733554
1227,count_additive,count_plus_PB_count,0.006760722252995233
1228,count_additive,count_plus_PB_count,0.008562843107118967
1229,count_additive,count_plus_PB_count,0.008893352179331848
1230,count_additive,count_plus_PB_count,0.008350765657388515
1231,count_additive,count_plus_PB_count,0.007618571334590318
1232,count_additive,count_plus_PB_count,0.008196510380626354
1233,count_additive,count_plus_PB_count,0.008439651661359626
1234,count_additive,count_plus_PB_count,0.008517165110094871
1235,count_additive,count_plus_PB_count,0.009083219657745223
1236,count_additive,count_plus_PB_count,0.007796661677949401
1237,count_additive,count_plus_PB_count,0.007897966064263073
1238,count_additive,count_plus_PB_count,0.007816232255370703
1239,count_additive,count_plus_PB_count,0.007520063285891776
1240,count_additive,count_plus_PB_count,0.006507375281333938
1241,count_additive,count_plus_PB_count,0.008733831149943139
1242,count_additive,count_plus_PB_count,0.008619421034755215
1243,count_additive,count_plus_PB_count,0.008619614176087032
1244,count_additive,count_plus_PB_count,0.008604726207149638
1245,count_additive,count_plus_PB_count,0.008855612226069343
1246,count_additive,count_plus_PB_count,0.008356715680964077
1247,count_additive,count_plus_PB_count,0.00881375136805107
1248,count_additive,count_plus_PB_count,0.008195555032854906
1249,count_additive,count_plus_PB_count,0.00910902357629817
1250,count_additive,count_plus_PB_count,0.0076040660380473635
1251,count_additive,count_plus_PB_count,0.00912824282720126
1252,count_additive,count_plus_PB_count,0.009844407602758898
1253,count_additive,count_plus_PB_count,0.008080379972835616
1254,count_additive,count_plus_PB_count,0.010039822591728087
1255,count_additive,count_plus_PB_count,0.0096196614176971
1256,count_additive,count_plus_PB_count,0.008358724061818146
1257,count_additive,count_plus_PB_count,0.007943984007313165
1258,count_additive,count_plus_PB_count,0.00624274751602405
1259,count_additive,count_plus_PB_count,0.007349496577296499
1260,count_additive,count_plus_PB_count,0.007588233865952976
1261,count_additive,count_plus_PB_count,0.007557894050739367
1262,count_additive,count_plus_PB_count,0.008204623161591984
1263,count_additive,count_plus_PB_count,0.007540505204111869
1264,count_additive,count_plus_PB_count,0.008506699638947679
1265,count_additive,count_plus_PB_count,0.008391090550090574
1266,count_additive,count_plus_PB_count,0.007617147811128433
1267,count_additive,count_plus_PB_count,0.008273394062027373
1268,count_additive,count_plus_PB_count,0.007460854741823675
1269,count_additive,count_plus_PB_count,0.008613158443037283
1270,count_additive,count_plus_PB_count,0.008669845295668388
1271,count_additive,count_plus_PB_count,0.008582141945276012
1272,count_additive,count_plus_PB_count,0.007326134562521569
1273,count_additive,count_plus_PB_count,0.008352184986477329
1274,count_additive,count_plus_PB_count,0.008522958440874528
1275,count_additive,count_plus_PB_count,0.008857235346454273
1276,count_additive,count_plus_PB_count,0.00841192747910302
1277,count_additive,count_plus_PB_count,0.008356068189905808
1278,count_additive,count_plus_PB_count,0.009442927802313594
1279,count_additive,count_plus_PB_count,0.008367077701345593
1280,count_additive,count_plus_PB_count,0.00725612946154891
1281,count_additive,count_plus_PB_count,0.00823838966607604
1282,count_additive,count_plus_PB_count,0.006257255977154763
1283,count_additive,count_plus_PB_count,0.007740057726023208
1284,count_additive,count_plus_PB_count,0.00839123183792767
1285,count_additive,count_plus_PB_count,0.007918736991198327
1286,count_additive,count_plus_PB_count,0.006398330137423747
1287,count_additive,count_plus_PB_count,0.008834865999950037
1288,count_additive,count_plus_PB_count,0.008222627954461104
1289,count_additive,count_plus_PB_count,0.007300809866117253
1290,count_additive,count_plus_PB_count,0.008361856806358536
1291,count_additive,count_plus_PB_count,0.007387464297458568
1292,count_additive,count_plus_PB_count,0.01025965321888539
1293,count_additive,count_plus_PB_count,0.006648866053929836
1294,count_additive,count_plus_PB_count,0.008421171657010618
1295,count_additive,count_plus_PB_count,0.01031392448789964
1296,count_additive,count_plus_PB_count,0.0065415774957511275
1297,count_additive,count_plus_PB_count,0.009543450884166749
1298,count_additive,count_plus_PB_count,0.007889411168815919
1299,count_additive,count_plus_PB_count,0.008391949367689056
1300,count_additive,count_plus_PB_count,0.007864223641626422
1301,count_additive,count_plus_PB_count,0.008470410639954407
1302,count_additive,count_plus_PB_count,0.007990628447119785
1303,count_additive,count_plus_PB_count,0.00955878603130289
1304,count_additive,count_plus_PB_count,0.008345807007455353
1305,count_additive,count_plus_PB_count,0.0072570161902776875
1306,count_additive,count_plus_PB_count,0.007475047213581387
1307,count_additive,count_plus_PB_count,0.008876997598477765
1308,count_additive,count_plus_PB_count,0.007855327137547774
1309,count_additive,count_plus_PB_count,0.009267875360351951
1310,count_additive,count_plus_PB_count,0.008289523292786538
1311,count_additive,count_plus_PB_count,0.007977764109216023
1312,count_additive,count_plus_PB_count,0.008517845902216992
1313,count_additive,count_plus_PB_count,0.007332258140798353
1314,count_additive,count_plus_PB_count,0.007995402851969147
1315,count_additive,count_plus_PB_count,0.007651758653389573
1316,count_additive,count_plus_PB_count,0.009953532457199488
1317,count_additive,count_plus_PB_count,0.008091885651026587
1318,count_additive,count_plus_PB_count,0.008146978765545598
1319,count_additive,count_plus_PB_count,0.006755812053160726
1320,count_additive,count_plus_PB_count,0.008863622147452066
1321,count_additive,count_plus_PB_count,0.007713585783362897
1322,count_additive,count_plus_PB_count,0.008336042481370598
1323,count_additive,count_plus_PB_count,0.00863572549886893
1324,count_additive,count_plus_PB_count,0.009664203827702555
1325,count_additive,count_plus_PB_count,0.008776095857864652
1326,count_additive,count_plus_PB_count,0.007552931822622344
1327,count_additive,count_plus_PB_count,0.007153887686588756
1328,count_additive,count_plus_PB_count,0.00857057638304376
1329,count_additive,count_plus_PB_count,0.00827285264637756
1330,count_additive,count_plus_PB_count,0.00945269000177934
1331,count_additive,count_plus_PB_count,0.010346289143724818
1332,count_additive,count_plus_PB_count,0.008882597730788033
1333,count_additive,count_plus_PB_count,0.00755786038679751
1334,count_additive,count_plus_PB_count,0.009396904103125547
1335,count_additive,count_plus_PB_count,0.009244156320055541
1336,count_additive,count_plus_PB_count,0.00830971918425033
1337,count_additive,count_plus_PB_count,0.009803415979459218
1338,count_additive,count_plus_PB_count,0.009058207953677788
1339,count_additive,count_plus_PB_count,0.00916176706958699
1340,count_additive,count_plus_PB_count,0.007905679923480458
1341,count_additive,count_plus_PB_count,0.008047525857101168
1342,count_additive,count_plus_PB_count,0.007941122606949458
1343,count_additive,count_plus_PB_count,0.006302503165719842
1344,count_additive,count_plus_PB_count,0.008013896913020124
1345,count_additive,count_plus_PB_count,0.008905971814578806
1346,count_additive,count_plus_PB_count,0.009173915992057136
1347,count_additive,count_plus_PB_count,0.006575073715645086
1348,count_additive,count_plus_PB_count,0.00843639769605714
1349,count_additive,count_plus_PB_count,0.008506326665882025
1350,count_additive,count_plus_PB_count,0.008743401246790572
1351,count_additive,count_plus_PB_count,0.008350275631747117
1352,count_additive,count_plus_PB_count,0.008028764125064813
1353,count_additive,count_plus_PB_count,0.007647701388156569
1354,count_additive,count_plus_PB_count,0.00665740444931523
1355,count_additive,count_plus_PB_count,0.00854159675915106
1356,count_additive,count_plus_PB_count,0.00752697937386948
1357,count_additive,count_plus_PB_count,0.007985758992749392
1358,count_additive,count_plus_PB_count,0.008041925219967216
1359,count_additive,count_plus_PB_count,0.007239548913775373
1360,count_additive,count_plus_PB_count,0.008839669205051193
1361,count_additive,count_plus_PB_count,0.00979552277593787
1362,count_additive,count_plus_PB_count,0.007698461142510049
1363,count_additive,count_plus_PB_count,0.007842755005726343
1364,count_additive,count_plus_PB_count,0.008855002439663362
1365,count_additive,count_plus_PB_count,0.009090126782094421
1366,count_additive,count_plus_PB_count,0.006990158253871337
1367,count_additive,count_plus_PB_count,0.008642590743821621
1368,count_additive,count_plus_PB_count,0.006815002387917435
1369,count_additive,count_plus_PB_count,0.008437040042259647
1370,count_additive,count_plus_PB_count,0.00934777137552456
1371,count_additive,count_plus_PB_count,0.009189448131786071
1372,count_additive,count_plus_PB_count,0.00935393903119719
1373,count_additive,count_plus_PB_count,0.01016878991887421
1374,count_additive,count_plus_PB_count,0.007244838150217092
1375,count_additive,count_plus_PB_count,0.007713665301983086
1376,count_additive,count_plus_PB_count,0.006985131096891084
1377,count_additive,count_plus_PB_count,0.008878327511253226
1378,count_additive,count_plus_PB_count,0.008966578992705976
1379,count_additive,count_plus_PB_count,0.008272329822633262
1380,count_additive,count_plus_PB_count,0.009342093585667066
1381,count_additive,count_plus_PB_count,0.009822433701910938
1382,count_additive,count_plus_PB_count,0.007201633946475827
1383,count_additive,count_plus_PB_count,0.009403046117708147
1384,count_additive,count_plus_PB_count,0.00815551617155752
1385,count_additive,count_plus_PB_count,0.0076435108590448
1386,count_additive,count_plus_PB_count,0.008966264079254382
1387,count_additive,count_plus_PB_count,0.0089920303547798
1388,count_additive,count_plus_PB_count,0.008676736617131031
1389,count_additive,count_plus_PB_count,0.009838101694847778
1390,count_additive,count_plus_PB_count,0.008533039534928066
1391,count_additive,count_plus_PB_count,0.008433075282221203
1392,count_additive,count_plus_PB_count,0.008159971607752337
1393,count_additive,count_plus_PB_count,0.008010226702556578
1394,count_additive,count_plus_PB_count,0.007389318919247989
1395,count_additive,count_plus_PB_count,0.007304150556100508
1396,count_additive,count_plus_PB_count,0.008849660906616819
1397,count_additive,count_plus_PB_count,0.007147540528119445
1398,count_additive,count_plus_PB_count,0.007137028205139895
1399,count_additive,count_plus_PB_count,0.00693928802972682
1400,count_additive,count_plus_PB_count,0.008221914898265292
1401,count_additive,count_plus_PB_count,0.00917190868786677
1402,count_additive,count_plus_PB_count,0.00951529489412467
1403,count_additive,count_plus_PB_count,0.008204730986916431
1404,count_additive,count_plus_PB_count,0.00822271522528728
1405,count_additive,count_plus_PB_count,0.0076691612627606265
1406,count_additive,count_plus_PB_count,0.008126426666100972
1407,count_additive,count_plus_PB_count,0.008811812182777101
1408,count_additive,count_plus_PB_count,0.0072568651560079855
1409,count_additive,count_plus_PB_count,0.007678283245313389
1410,count_additive,count_plus_PB_count,0.007638914142314102
1411,count_additive,count_plus_PB_count,0.0072357552215451815
1412,count_additive,count_plus_PB_count,0.01053433689486527
1413,count_additive,count_plus_PB_count,0.008112259457625559
1414,count_additive,count_plus_PB_count,0.01033144912876588
1415,count_additive,count_plus_PB_count,0.009058363958738158
1416,count_additive,count_plus_PB_count,0.008471730788545684
1417,count_additive,count_plus_PB_count,0.009551916700460183
1418,count_additive,count_plus_PB_count,0.008233184973833296
1419,count_additive,count_plus_PB_count,0.007283688682430789
1420,count_additive,count_plus_PB_count,0.008036303003471967
1421,count_additive,count_plus_PB_count,0.008427501538625426
1422,count_additive,count_plus_PB_count,0.006178143688400084
1423,count_additive,count_plus_PB_count,0.009058368778674719
1424,count_additive,count_plus_PB_count,0.007682553010170845
1425,count_additive,count_plus_PB_count,0.006782739899587442
1426,count_additive,count_plus_PB_count,0.008951256913512284
1427,count_additive,count_plus_PB_count,0.006792386995327804
1428,count_additive,count_plus_PB_count,0.007430826058587858
1429,count_additive,count_plus_PB_count,0.007014535789303555
1430,count_additive,count_plus_PB_count,0.009402000973874336
1431,count_additive,count_plus_PB_count,0.007294678211526295
1432,count_additive,count_plus_PB_count,0.008046531531343715
1433,count_additive,count_plus_PB_count,0.007837147189000193
1434,count_additive,count_plus_PB_count,0.008296598468552352
1435,count_additive,count_plus_PB_count,0.00835365018256784
1436,count_additive,count_plus_PB_count,0.007427440152549869
1437,count_additive,count_plus_PB_count,0.009133841281473654
1438,count_additive,count_plus_PB_count,0.007297992686581933
1439,count_additive,count_plus_PB_count,0.007691686397700737
1440,count_additive,count_plus_PB_count,0.009342348209626594
1441,count_additive,count_plus_PB_count,0.008731972091335638
1442,count_additive,count_plus_PB_count,0.007100675923145894
1443,count_additive,count_plus_PB_count,0.009063343130745305
1444,count_additive,count_plus_PB_count,0.00977332644299761
1445,count_additive,count_plus_PB_count,0.006813075066866681
1446,count_additive,count_plus_PB_count,0.010128465593287839
1447,count_additive,count_plus_PB_count,0.009818885812237887
1448,count_additive,count_plus_PB_count,0.007341629553261897
1449,count_additive,count_plus_PB_count,0.009097635235954027
1450,count_additive,count_plus_PB_count,0.007528735367137607
1451,count_additive,count_plus_PB_count,0.008622423550578018
1452,count_additive,count_plus_PB_count,0.008448640163027266
1453,count_additive,count_plus_PB_count,0.007039012391529487
1454,count_additive,count_plus_PB_count,0.008304903408293873
1455,count_additive,count_plus_PB_count,0.0070359827073917525
1456,count_additive,count_plus_PB_count,0.008011387944816595
1457,count_additive,count_plus_PB_count,0.00926892814508301
1458,count_additive,count_plus_PB_count,0.00703097515242912
1459,count_additive,count_plus_PB_count,0.008072376642080548
1460,count_additive,count_plus_PB_count,0.0084897817865916
1461,count_additive,count_plus_PB_count,0.009408348247259446
1462,count_additive,count_plus_PB_count,0.008482759192255274
1463,count_additive,count_plus_PB_count,0.008473383468344586
1464,count_additive,count_plus_PB_count,0.010540392002352628
1465,count_additive,count_plus_PB_count,0.01064932238779498
1466,count_additive,count_plus_PB_count,0.00874644650749673
1467,count_additive,count_plus_PB_count,0.008849869197251281
1468,count_additive,count_plus_PB_count,0.008783256755878932
1469,count_additive,count_plus_PB_count,0.009277158511626471
1470,count_additive,count_plus_PB_count,0.007794067714738007
1471,count_additive,count_plus_PB_count,0.008421136431307152
1472,count_additive,count_plus_PB_count,0.007632469801452324
1473,count_additive,count_plus_PB_count,0.009147907782121434
1474,count_additive,count_plus_PB_count,0.009559131679848398
1475,count_additive,count_plus_PB_count,0.006726622024683382
1476,count_additive,count_plus_PB_count,0.007346383014533608
1477,count_additive,count_plus_PB_count,0.009637217181960256
1478,count_additive,count_plus_PB_count,0.008908845832038104
1479,count_additive,count_plus_PB_count,0.007349368892363928
1480,count_additive,count_plus_PB_count,0.008433173236620184
1481,count_additive,count_plus_PB_count,0.007716401650790905
1482,count_additive,count_plus_PB_count,0.008303411253691328
1483,count_additive,count_plus_PB_count,0.009205005900575824
1484,count_additive,count_plus_PB_count,0.007527347833303388
1485,count_additive,count_plus_PB_count,0.007751502090544482
1486,count_additive,count_plus_PB_count,0.008241654285225997
1487,count_additive,count_plus_PB_count,0.006792213027704719
1488,count_additive,count_plus_PB_count,0.00744886965073821
1489,count_additive,count_plus_PB_count,0.009128171253118766
1490,count_additive,count_plus_PB_count,0.007030701639094417
1491,count_additive,count_plus_PB_count,0.008031418255238343
1492,count_additive,count_plus_PB_count,0.00921560449566644
1493,count_additive,count_plus_PB_count,0.008636187172649745
1494,count_additive,count_plus_PB_count,0.008462452563614165
1495,count_additive,count_plus_PB_count,0.008009343023704318
1496,count_additive,count_plus_PB_count,0.007488439756704657
1497,count_additive,count_plus_PB_count,0.008620011661158111
1498,count_additive,count_plus_PB_count,0.007802279878835416
1499,count_additive,count_plus_PB_count,0.010088686663678292
1500,count_additive,count_plus_PB_count,0.008321115910926657
1501,count_additive,count_plus_PB_count,0.0073599168058666176
1502,count_additive,count_plus_PB_count,0.007028406798277764
1503,count_additive,count_plus_PB_count,0.009051133045143211
1504,count_additive,count_plus_PB_count,0.008484558144425114
1505,count_additive,count_plus_PB_count,0.009761988693396784
1506,count_additive,count_plus_PB_count,0.009667399962427659
1507,count_additive,count_plus_PB_count,0.008514906900303265
1508,count_additive,count_plus_PB_count,0.007768705574151824
1509,count_additive,count_plus_PB_count,0.009460978787875773
1510,count_additive,count_plus_PB_count,0.007229654127670571
1511,count_additive,count_plus_PB_count,0.008693899056615495
1512,count_additive,count_plus_PB_count,0.008174637497000481
1513,count_additive,count_plus_PB_count,0.007842275495592521
1514,count_additive,count_plus_PB_count,0.008425147003016553
1515,count_additive,count_plus_PB_count,0.008189420779906476
1516,count_additive,count_plus_PB_count,0.009800868466803392
1517,count_additive,count_plus_PB_count,0.008931049702126548
1518,count_additive,count_plus_PB_count,0.009373562563768423
1519,count_additive,count_plus_PB_count,0.00692173996241463
1520,count_additive,count_plus_PB_count,0.009205600600907526
1521,count_additive,count_plus_PB_count,0.009286211318728477
1522,count_additive,count_plus_PB_count,0.009069061732582151
1523,count_additive,count_plus_PB_count,0.008794130832448066
1524,count_additive,count_plus_PB_count,0.009249549872920593
1525,count_additive,count_plus_PB_count,0.008715638765215583
1526,count_additive,count_plus_PB_count,0.007739397474768317
1527,count_additive,count_plus_PB_count,0.009798375710156515
1528,count_additive,count_plus_PB_count,0.009352100654204665
1529,count_additive,count_plus_PB_count,0.007768356989337644
1530,count_additive,count_plus_PB_count,0.009340903049045224
1531,count_additive,count_plus_PB_count,0.008504879977310031
1532,count_additive,count_plus_PB_count,0.010040965663060342
1533,count_additive,count_plus_PB_count,0.009064321034103484
1534,count_additive,count_plus_PB_count,0.007536547385485426
1535,count_additive,count_plus_PB_count,0.00694845478121342
1536,count_additive,count_plus_PB_count,0.008004545045826594
1537,count_additive,count_plus_PB_count,0.009934488884802417
1538,count_additive,count_plus_PB_count,0.008167208057631659
1539,count_additive,count_plus_PB_count,0.008756018816299505
1540,count_additive,count_plus_PB_count,0.007684644618666969
1541,count_additive,count_plus_PB_count,0.007803095395811255
1542,count_additive,count_plus_PB_count,0.0055921446446645096
1543,count_additive,count_plus_PB_count,0.00880533415140411
1544,count_additive,count_plus_PB_count,0.008806411189319185
1545,count_additive,count_plus_PB_count,0.009578458167861847
1546,count_additive,count_plus_PB_count,0.00806809314973389
1547,count_additive,count_plus_PB_count,0.00826165575537735
1548,count_additive,count_plus_PB_count,0.008596152943186053
1549,count_additive,count_plus_PB_count,0.008472207054546321
1550,count_additive,count_plus_PB_count,0.009362583040198491
1551,count_additive,count_plus_PB_count,0.008560169320389888
1552,count_additive,count_plus_PB_count,0.009199889151610463
1553,count_additive,count_plus_PB_count,0.008039111367371898
1554,count_additive,count_plus_PB_count,0.00964984506258404
1555,count_additive,count_plus_PB_count,0.007966678412571315
1556,count_additive,count_plus_PB_count,0.007419386013367002
1557,count_additive,count_plus_PB_count,0.009235412612412619
1558,count_additive,count_plus_PB_count,0.008655075092403264
1559,count_additive,count_plus_PB_count,0.009068842798037935
1560,count_additive,count_plus_PB_count,0.008688702192839903
1561,count_additive,count_plus_PB_count,0.009505352756271679
1562,count_additive,count_plus_PB_count,0.009393707602325663
1563,count_additive,count_plus_PB_count,0.006950507352432356
1564,count_additive,count_plus_PB_count,0.00794770780120485
1565,count_additive,count_plus_PB_count,0.00922843779769128
1566,count_additive,count_plus_PB_count,0.007241074510652312
1567,count_additive,count_plus_PB_count,0.007116420684469327
1568,count_additive,count_plus_PB_count,0.009970653208261404
1569,count_additive,count_plus_PB_count,0.007794955081982524
1570,count_additive,count_plus_PB_count,0.009448327369365184
1571,count_additive,count_plus_PB_count,0.00671135485963803
1572,count_additive,count_plus_PB_count,0.010022495675079623
1573,count_additive,count_plus_PB_count,0.00837926044242382
1574,count_additive,count_plus_PB_count,0.007854169885250728
1575,count_additive,count_plus_PB_count,0.007475431918579356
1576,count_additive,count_plus_PB_count,0.008840966329348665
1577,count_additive,count_plus_PB_count,0.006947053986868124
1578,count_additive,count_plus_PB_count,0.008279138392009167
1579,count_additive,count_plus_PB_count,0.007855274270353874
1580,count_additive,count_plus_PB_count,0.009233958011684085
1581,count_additive,count_plus_PB_count,0.008177917481994257
1582,count_additive,count_plus_PB_count,0.007105712140340947
1583,count_additive,count_plus_PB_count,0.00954513318822553
1584,count_additive,count_plus_PB_count,0.008056149322014927
1585,count_additive,count_plus_PB_count,0.008648170254258736
1586,count_additive,count_plus_PB_count,0.008353938715229214
1587,count_additive,count_plus_PB_count,0.008272311429946111
1588,count_additive,count_plus_PB_count,0.007962641636683754
1589,count_additive,count_plus_PB_count,0.00951910612914253
1590,count_additive,count_plus_PB_count,0.00952061962479589
1591,count_additive,count_plus_PB_count,0.009457340736880204
1592,count_additive,count_plus_PB_count,0.007896272042827834
1593,count_additive,count_plus_PB_count,0.0074502446330868555
1594,count_additive,count_plus_PB_count,0.00618358078071618
1595,count_additive,count_plus_PB_count,0.009591340539477688
1596,count_additive,count_plus_PB_count,0.008921387401215064
1597,count_additive,count_plus_PB_count,0.007993040341860047
1598,count_additive,count_plus_PB_count,0.007979543040154469
1599,count_additive,count_plus_PB_count,0.006528938342831525
1600,count_additive,count_plus_PB_count,0.008064254181183172
1601,count_additive,count_plus_PB_count,0.010081690071001348
1602,count_additive,count_plus_PB_count,0.008425694171119935
1603,count_additive,count_plus_PB_count,0.008633004538517564
1604,count_additive,count_plus_PB_count,0.010836901719615821
1605,count_additive,count_plus_PB_count,0.007118358341394404
1606,count_additive,count_plus_PB_count,0.009251553147504588
1607,count_additive,count_plus_PB_count,0.009904433496189802
1608,count_additive,count_plus_PB_count,0.007782651892227488
1609,count_additive,count_plus_PB_count,0.008780464694645884
1610,count_additive,count_plus_PB_count,0.007505918529477573
1611,count_additive,count_plus_PB_count,0.0077139950566948445
1612,count_additive,count_plus_PB_count,0.007901290687790885
1613,count_additive,count_plus_PB_count,0.008929691868124423
1614,count_additive,count_plus_PB_count,0.009123305685870053
1615,count_additive,count_plus_PB_count,0.009464108687793071
1616,count_additive,count_plus_PB_count,0.009686623935155902
1617,count_additive,count_plus_PB_count,0.009929546426903968
1618,count_additive,count_plus_PB_count,0.00719704092933654
1619,count_additive,count_plus_PB_count,0.00774656577842775
1620,count_additive,count_plus_PB_count,0.0067231968913042395
1621,count_additive,count_plus_PB_count,0.0070137091713857735
1622,count_additive,count_plus_PB_count,0.008823523672891187
1623,count_additive,count_plus_PB_count,0.008311029448698992
1624,count_additive,count_plus_PB_count,0.006837237763183235
1625,count_additive,count_plus_PB_count,0.007320809193068489
1626,count_additive,count_plus_PB_count,0.007857256921264877
1627,count_additive,count_plus_PB_count,0.009821716640366629
1628,count_additive,count_plus_PB_count,0.007977318204448025
1629,count_additive,count_plus_PB_count,0.009348270342316778
1630,count_additive,count_plus_PB_count,0.008442533449858236
1631,count_additive,count_plus_PB_count,0.009399498554466201
1632,count_additive,count_plus_PB_count,0.00720066875624531
1633,count_additive,count_plus_PB_count,0.007779257768800618
1634,count_additive,count_plus_PB_count,0.008403332249502127
1635,count_additive,count_plus_PB_count,0.0076817105368292005
1636,count_additive,count_plus_PB_count,0.007082423364767221
1637,count_additive,count_plus_PB_count,0.009435704771955433
1638,count_additive,count_plus_PB_count,0.007210084947621043
1639,count_additive,count_plus_PB_count,0.008920717232953512
1640,count_additive,count_plus_PB_count,0.00996451220869754
1641,count_additive,count_plus_PB_count,0.007313794778419591
1642,count_additive,count_plus_PB_count,0.009137025769922091
1643,count_additive,count_plus_PB_count,0.008286364248687672
1644,count_additive,count_plus_PB_count,0.008417612362845217
1645,count_additive,count_plus_PB_count,0.008838685713168648
1646,count_additive,count_plus_PB_count,0.007254505187288651
1647,count_additive,count_plus_PB_count,0.008497717680664318
1648,count_additive,count_plus_PB_count,0.007508018634515168
1649,count_additive,count_plus_PB_count,0.008778089525782184
1650,count_additive,count_plus_PB_count,0.008045499624107555
1651,count_additive,count_plus_PB_count,0.008829522930174138
1652,count_additive,count_plus_PB_count,0.007865618893419635
1653,count_additive,count_plus_PB_count,0.00847000608483689
1654,count_additive,count_plus_PB_count,0.008833482986939034
1655,count_additive,count_plus_PB_count,0.008750248760474755
1656,count_additive,count_plus_PB_count,0.008269690906048899
1657,count_additive,count_plus_PB_count,0.008341528520425523
1658,count_additive,count_plus_PB_count,0.008554206194770264
1659,count_additive,count_plus_PB_count,0.010262216010338943
1660,count_additive,count_plus_PB_count,0.008859281252618922
1661,count_additive,count_plus_PB_count,0.00877924953630893
1662,count_additive,count_plus_PB_count,0.009147369808771455
1663,count_additive,count_plus_PB_count,0.008723893559347384
1664,count_additive,count_plus_PB_count,0.007253309084769011
1665,count_additive,count_plus_PB_count,0.008130823057297842
1666,count_additive,count_plus_PB_count,0.0074783368770549585
1667,count_additive,count_plus_PB_count,0.010591816458204839
1668,count_additive,count_plus_PB_count,0.00882222343165634
1669,count_additive,count_plus_PB_count,0.005016304154734974
1670,count_additive,count_plus_PB_count,0.009145650123166593
1671,count_additive,count_plus_PB_count,0.009932794306143466
1672,count_additive,count_plus_PB_count,0.00853896610729804
1673,count_additive,count_plus_PB_count,0.008913709769317768
1674,count_additive,count_plus_PB_count,0.008362911812163754
1675,count_additive,count_plus_PB_count,0.007340684564772382
1676,count_additive,count_plus_PB_count,0.007246745279638034
1677,count_additive,count_plus_PB_count,0.00899787379830358
1678,count_additive,count_plus_PB_count,0.007718042784431445
1679,count_additive,count_plus_PB_count,0.00739619799544472
1680,count_additive,count_plus_PB_count,0.00888516792572941
1681,count_additive,count_plus_PB_count,0.008644119658850313
1682,count_additive,count_plus_PB_count,0.008597497204435534
1683,count_additive,count_plus_PB_count,0.009085166088620533
1684,count_additive,count_plus_PB_count,0.007782115977368442
1685,count_additive,count_plus_PB_count,0.009393688572161218
1686,count_additive,count_plus_PB_count,0.009378316853386748
1687,count_additive,count_plus_PB_count,0.007374647597273798
1688,count_additive,count_plus_PB_count,0.00986937955423084
1689,count_additive,count_plus_PB_count,0.006710280450105632
1690,count_additive,count_plus_PB_count,0.008669429150629682
1691,count_additive,count_plus_PB_count,0.008169002023692418
1692,count_additive,count_plus_PB_count,0.008685340401630104
1693,count_additive,count_plus_PB_count,0.007005113429852439
1694,count_additive,count_plus_PB_count,0.009443599194196628
1695,count_additive,count_plus_PB_count,0.008186089963036658
1696,count_additive,count_plus_PB_count,0.009271408601609132
1697,count_additive,count_plus_PB_count,0.007791922736089418
1698,count_additive,count_plus_PB_count,0.00962765607038113
1699,count_additive,count_plus_PB_count,0.008037161136570159
1700,count_additive,count_plus_PB_count,0.009692217921905888
1701,count_additive,count_plus_PB_count,0.007916178453899358
1702,count_additive,count_plus_PB_count,0.008566324307420603
1703,count_additive,count_plus_PB_count,0.008484638067976225
1704,count_additive,count_plus_PB_count,0.009042723887647819
1705,count_additive,count_plus_PB_count,0.008132388467052498
1706,count_additive,count_plus_PB_count,0.008365098984885466
1707,count_additive,count_plus_PB_count,0.009237022589909771
1708,count_additive,count_plus_PB_count,0.007936992294080902
1709,count_additive,count_plus_PB_count,0.008062450327543269
1710,count_additive,count_plus_PB_count,0.008815958863999385
1711,count_additive,count_plus_PB_count,0.0079295283804654
1712,count_additive,count_plus_PB_count,0.007920941547309768
1713,count_additive,count_plus_PB_count,0.008085352187557016
1714,count_additive,count_plus_PB_count,0.0066591796747395016
1715,count_additive,count_plus_PB_count,0.006665688854512519
1716,count_additive,count_plus_PB_count,0.010449617424359847
1717,count_additive,count_plus_PB_count,0.009549382181494204
1718,count_additive,count_plus_PB_count,0.008203220466980132
1719,count_additive,count_plus_PB_count,0.008358703345864194
1720,count_additive,count_plus_PB_count,0.007827879591630782
1721,count_additive,count_plus_PB_count,0.007078386763355815
1722,count_additive,count_plus_PB_count,0.008072548100698462
1723,count_additive,count_plus_PB_count,0.0075006549088563745
1724,count_additive,count_plus_PB_count,0.008437307558523344
1725,count_additive,count_plus_PB_count,0.007810872623086995
1726,count_additive,count_plus_PB_count,0.00906539162229475
1727,count_additive,count_plus_PB_count,0.007032825416769695
1728,count_additive,count_plus_PB_count,0.00693200979753178
1729,count_additive,count_plus_PB_count,0.009504066833478764
1730,count_additive,count_plus_PB_count,0.009115480151502264
1731,count_additive,count_plus_PB_count,0.008369752431605038
1732,count_additive,count_plus_PB_count,0.006595395436802598
1733,count_additive,count_plus_PB_count,0.00760777963997189
1734,count_additive,count_plus_PB_count,0.006903711394699696
1735,count_additive,count_plus_PB_count,0.0063049652881070894
1736,count_additive,count_plus_PB_count,0.009069005935619434
1737,count_additive,count_plus_PB_count,0.0077483913795193815
1738,count_additive,count_plus_PB_count,0.008429948485797811
1739,count_additive,count_plus_PB_count,0.008488861969301209
1740,count_additive,count_plus_PB_count,0.007851551723996153
1741,count_additive,count_plus_PB_count,0.006734759907938259
1742,count_additive,count_plus_PB_count,0.007561017734906694
1743,count_additive,count_plus_PB_count,0.008695786549613227
1744,count_additive,count_plus_PB_count,0.008952657191352409
1745,count_additive,count_plus_PB_count,0.009476929888433794
1746,count_additive,count_plus_PB_count,0.007715606841543876
1747,count_additive,count_plus_PB_count,0.008923835149339365
1748,count_additive,count_plus_PB_count,0.00831946442734921
1749,count_additive,count_plus_PB_count,0.00789346931835655
1750,count_additive,count_plus_PB_count,0.009503794303626023
1751,count_additive,count_plus_PB_count,0.006799985203580605
1752,count_additive,count_plus_PB_count,0.008606700112790022
1753,count_additive,count_plus_PB_count,0.006541632096135452
1754,count_additive,count_plus_PB_count,0.009954952676918816
1755,count_additive,count_plus_PB_count,0.008793263766970205
1756,count_additive,count_plus_PB_count,0.008294682717933433
1757,count_additive,count_plus_PB_count,0.0074731898717193546
1758,count_additive,count_plus_PB_count,0.010413139902146595
1759,count_additive,count_plus_PB_count,0.0069886745879327306
1760,count_additive,count_plus_PB_count,0.008536235545124782
1761,count_additive,count_plus_PB_count,0.008781703904427507
1762,count_additive,count_plus_PB_count,0.007390111261660615
1763,count_additive,count_plus_PB_count,0.006673633459746975
1764,count_additive,count_plus_PB_count,0.008354665626049695
1765,count_additive,count_plus_PB_count,0.00832423763729867
1766,count_additive,count_plus_PB_count,0.005839718053248011
1767,count_additive,count_plus_PB_count,0.008893416735120618
1768,count_additive,count_plus_PB_count,0.008465511459742892
1769,count_additive,count_plus_PB_count,0.009024905933974814
1770,count_additive,count_plus_PB_count,0.008679336024433326
1771,count_additive,count_plus_PB_count,0.008297540558310557
1772,count_additive,count_plus_PB_count,0.00783759447859278
1773,count_additive,count_plus_PB_count,0.009069535349160496
1774,count_additive,count_plus_PB_count,0.0076626613254507925
1775,count_additive,count_plus_PB_count,0.00932805369391071
1776,count_additive,count_plus_PB_count,0.008695491173668635
1777,count_additive,count_plus_PB_count,0.007515135894934577
1778,count_additive,count_plus_PB_count,0.009152539543447968
1779,count_additive,count_plus_PB_count,0.0085994444554357
1780,count_additive,count_plus_PB_count,0.005641413001104045
1781,count_additive,count_plus_PB_count,0.008368719082491427
1782,count_additive,count_plus_PB_count,0.008738372777035375
1783,count_additive,count_plus_PB_count,0.00842457145105835
1784,count_additive,count_plus_PB_count,0.00772457997744741
1785,count_additive,count_plus_PB_count,0.009334171816022307
1786,count_additive,count_plus_PB_count,0.007444002713088593
1787,count_additive,count_plus_PB_count,0.00764452085288736
1788,count_additive,count_plus_PB_count,0.009715247235516089
1789,count_additive,count_plus_PB_count,0.008021571432643704
1790,count_additive,count_plus_PB_count,0.010587778142915949
1791,count_additive,count_plus_PB_count,0.008437959907024506
1792,count_additive,count_plus_PB_count,0.0066171988401155235
1793,count_additive,count_plus_PB_count,0.008449502180862212
1794,count_additive,count_plus_PB_count,0.009560773967929315
1795,count_additive,count_plus_PB_count,0.008716555587182151
1796,count_additive,count_plus_PB_count,0.007549750175984082
1797,count_additive,count_plus_PB_count,0.007372375082864702
1798,count_additive,count_plus_PB_count,0.007607982150150738
1799,count_additive,count_plus_PB_count,0.009823573229183036
1800,count_additive,count_plus_PB_count,0.007958715698101693
1801,count_additive,count_plus_PB_count,0.00805212191325333
1802,count_additive,count_plus_PB_count,0.006678879010613092
1803,count_additive,count_plus_PB_count,0.00925654236031409
1804,count_additive,count_plus_PB_count,0.006717718715600063
1805,count_additive,count_plus_PB_count,0.006453460739723971
1806,count_additive,count_plus_PB_count,0.007985387365428531
1807,count_additive,count_plus_PB_count,0.007492304206980549
1808,count_additive,count_plus_PB_count,0.008728928008852499
1809,count_additive,count_plus_PB_count,0.007868426050520572
1810,count_additive,count_plus_PB_count,0.008154204947352917
1811,count_additive,count_plus_PB_count,0.009370309864129567
1812,count_additive,count_plus_PB_count,0.006878670738269199
1813,count_additive,count_plus_PB_count,0.008814937933576683
1814,count_additive,count_plus_PB_count,0.008259667088687472
1815,count_additive,count_plus_PB_count,0.0068199552070875025
1816,count_additive,count_plus_PB_count,0.008470547289827268
1817,count_additive,count_plus_PB_count,0.00723456548347412
1818,count_additive,count_plus_PB_count,0.00781741881042336
1819,count_additive,count_plus_PB_count,0.007477725757141784
1820,count_additive,count_plus_PB_count,0.009354892525978875
1821,count_additive,count_plus_PB_count,0.006660619885351549
1822,count_additive,count_plus_PB_count,0.008708537085501289
1823,count_additive,count_plus_PB_count,0.009269038188270629
1824,count_additive,count_plus_PB_count,0.008347334332264922
1825,count_additive,count_plus_PB_count,0.009178426371880655
1826,count_additive,count_plus_PB_count,0.007927105936153755
1827,count_additive,count_plus_PB_count,0.008381622187872195
1828,count_additive,count_plus_PB_count,0.009174617532252516
1829,count_additive,count_plus_PB_count,0.008497758196987115
1830,count_additive,count_plus_PB_count,0.008911361300619924
1831,count_additive,count_plus_PB_count,0.007741800512124475
1832,count_additive,count_plus_PB_count,0.00925860964064329
1833,count_additive,count_plus_PB_count,0.008886240463158168
1834,count_additive,count_plus_PB_count,0.008804925764840932
1835,count_additive,count_plus_PB_count,0.010456999028495895
1836,count_additive,count_plus_PB_count,0.007864954316914974
1837,count_additive,count_plus_PB_count,0.007588525478939012
1838,count_additive,count_plus_PB_count,0.007022966428542554
1839,count_additive,count_plus_PB_count,0.007865167366398973
1840,count_additive,count_plus_PB_count,0.009153513884605446
1841,count_additive,count_plus_PB_count,0.007422847352199169
1842,count_additive,count_plus_PB_count,0.0074487949407092136
1843,count_additive,count_plus_PB_count,0.008208120292771848
1844,count_additive,count_plus_PB_count,0.007532025355124927
1845,count_additive,count_plus_PB_count,0.007001867827155284
1846,count_additive,count_plus_PB_count,0.007912462353382665
1847,count_additive,count_plus_PB_count,0.0095150362153823
1848,count_additive,count_plus_PB_count,0.007656270390524911
1849,count_additive,count_plus_PB_count,0.00782959961735108
1850,count_additive,count_plus_PB_count,0.007397409811315647
1851,count_additive,count_plus_PB_count,0.008799673282486598
1852,count_additive,count_plus_PB_count,0.007863606082117558
1853,count_additive,count_plus_PB_count,0.008293345475038294
1854,count_additive,count_plus_PB_count,0.007312119153409902
1855,count_additive,count_plus_PB_count,0.007881794856889446
1856,count_additive,count_plus_PB_count,0.007440525569698431
1857,count_additive,count_plus_PB_count,0.008612666866868568
1858,count_additive,count_plus_PB_count,0.0079089638294913
1859,count_additive,count_plus_PB_count,0.007933418458038799
1860,count_additive,count_plus_PB_count,0.008013363378292171
1861,count_additive,count_plus_PB_count,0.0069621886880393835
1862,count_additive,count_plus_PB_count,0.008214947511118065
1863,count_additive,count_plus_PB_count,0.009235872910431542
1864,count_additive,count_plus_PB_count,0.0070480773632423666
1865,count_additive,count_plus_PB_count,0.009029224018803017
1866,count_additive,count_plus_PB_count,0.009414033160689672
1867,count_additive,count_plus_PB_count,0.007703949299755319
1868,count_additive,count_plus_PB_count,0.006922830128190838
1869,count_additive,count_plus_PB_count,0.008723923283535606
1870,count_additive,count_plus_PB_count,0.010065699453149224
1871,count_additive,count_plus_PB_count,0.007282119135011145
1872,count_additive,count_plus_PB_count,0.007973764254248894
1873,count_additive,count_plus_PB_count,0.009107558031594742
1874,count_additive,count_plus_PB_count,0.007850041588822076
1875,count_additive,count_plus_PB_count,0.007644751001634309
1876,count_additive,count_plus_PB_count,0.007010678323877029
1877,count_additive,count_plus_PB_count,0.008064754796459683
1878,count_additive,count_plus_PB_count,0.007787816306489226
1879,count_additive,count_plus_PB_count,0.0082919215911616
1880,count_additive,count_plus_PB_count,0.007824007436080471
1881,count_additive,count_plus_PB_count,0.009089447069568934
1882,count_additive,count_plus_PB_count,0.00941310708183557
1883,count_additive,count_plus_PB_count,0.007877131809597038
1884,count_additive,count_plus_PB_count,0.007210745846143729
1885,count_additive,count_plus_PB_count,0.008252806884975428
1886,count_additive,count_plus_PB_count,0.007730574170652593
1887,count_additive,count_plus_PB_count,0.0067223875645792686
1888,count_additive,count_plus_PB_count,0.008717700053776478
1889,count_additive,count_plus_PB_count,0.008897417454596268
1890,count_additive,count_plus_PB_count,0.007984570467743757
1891,count_additive,count_plus_PB_count,0.008204048719881896
1892,count_additive,count_plus_PB_count,0.008610536944973546
1893,count_additive,count_plus_PB_count,0.008923074897862704
1894,count_additive,count_plus_PB_count,0.008100502780728658
1895,count_additive,count_plus_PB_count,0.007133871872237185
1896,count_additive,count_plus_PB_count,0.009303733254011404
1897,count_additive,count_plus_PB_count,0.008450151205576961
1898,count_additive,count_plus_PB_count,0.007619621066689564
1899,count_additive,count_plus_PB_count,0.007910198552857128
1900,count_additive,count_plus_PB_count,0.00815901629041893
1901,count_additive,count_plus_PB_count,0.00908582058996632
1902,count_additive,count_plus_PB_count,0.008610641000304842
1903,count_additive,count_plus_PB_count,0.009712162328338936
1904,count_additive,count_plus_PB_count,0.007380537763200468
1905,count_additive,count_plus_PB_count,0.007501819666241971
1906,count_additive,count_plus_PB_count,0.008447454793612863
1907,count_additive,count_plus_PB_count,0.009074360781128887
1908,count_additive,count_plus_PB_count,0.007529654226059501
1909,count_additive,count_plus_PB_count,0.008107843401022663
1910,count_additive,count_plus_PB_count,0.008442232176512299
1911,count_additive,count_plus_PB_count,0.007713006788195698
1912,count_additive,count_plus_PB_count,0.009369912060275654
1913,count_additive,count_plus_PB_count,0.008407073979537771
1914,count_additive,count_plus_PB_count,0.008289299089617508
1915,count_additive,count_plus_PB_count,0.00765040421922103
1916,count_additive,count_plus_PB_count,0.008258914734733336
1917,count_additive,count_plus_PB_count,0.008595324758116973
1918,count_additive,count_plus_PB_count,0.008272230907309774
1919,count_additive,count_plus_PB_count,0.006861133204053571
1920,count_additive,count_plus_PB_count,0.008415359285188218
1921,count_additive,count_plus_PB_count,0.007492049625189456
1922,count_additive,count_plus_PB_count,0.008406178982663826
1923,count_additive,count_plus_PB_count,0.008974744843737337
1924,count_additive,count_plus_PB_count,0.008055555514919654
1925,count_additive,count_plus_PB_count,0.009685797310036659
1926,count_additive,count_plus_PB_count,0.008598613054271453
1927,count_additive,count_plus_PB_count,0.00806438809362231
1928,count_additive,count_plus_PB_count,0.009148779471729984
1929,count_additive,count_plus_PB_count,0.008689037269860977
1930,count_additive,count_plus_PB_count,0.007620598721089222
1931,count_additive,count_plus_PB_count,0.01001383916080012
1932,count_additive,count_plus_PB_count,0.008815041390772826
1933,count_additive,count_plus_PB_count,0.0075046405706297725
1934,count_additive,count_plus_PB_count,0.006606732981635444
1935,count_additive,count_plus_PB_count,0.0076642059202557955
1936,count_additive,count_plus_PB_count,0.008368618765055957
1937,count_additive,count_plus_PB_count,0.006982373385812923
1938,count_additive,count_plus_PB_count,0.008470828652687945
1939,count_additive,count_plus_PB_count,0.008336621652348497
1940,count_additive,count_plus_PB_count,0.007440903324114456
1941,count_additive,count_plus_PB_count,0.007034640383406898
1942,count_additive,count_plus_PB_count,0.007934074115635181
1943,count_additive,count_plus_PB_count,0.006776166487494406
1944,count_additive,count_plus_PB_count,0.008773700782676697
1945,count_additive,count_plus_PB_count,0.008081443125170507
1946,count_additive,count_plus_PB_count,0.004479886295281232
1947,count_additive,count_plus_PB_count,0.008596533710725163
1948,count_additive,count_plus_PB_count,0.00727197147500358
1949,count_additive,count_plus_PB_count,0.00906640951954768
1950,count_additive,count_plus_PB_count,0.00893648125798474
1951,count_additive,count_plus_PB_count,0.00807157696827504
1952,count_additive,count_plus_PB_count,0.008455063478429614
1953,count_additive,count_plus_PB_count,0.0067056328954034905
1954,count_additive,count_plus_PB_count,0.006716594869479953
1955,count_additive,count_plus_PB_count,0.008685361229724686
1956,count_additive,count_plus_PB_count,0.007615461044224225
1957,count_additive,count_plus_PB_count,0.00958451498760099
1958,count_additive,count_plus_PB_count,0.00894190481467122
1959,count_additive,count_plus_PB_count,0.008833469277732042
1960,count_additive,count_plus_PB_count,0.01016550785730147
1961,count_additive,count_plus_PB_count,0.00753845602851233
1962,count_additive,count_plus_PB_count,0.009258893394851475
1963,count_additive,count_plus_PB_count,0.007711920295309427
1964,count_additive,count_plus_PB_count,0.008544959681184183
1965,count_additive,count_plus_PB_count,0.007241655666611058
1966,count_additive,count_plus_PB_count,0.008406174401303479
1967,count_additive,count_plus_PB_count,0.008070799785747595
1968,count_additive,count_plus_PB_count,0.007198883992006855
1969,count_additive,count_plus_PB_count,0.00979956586671471
1970,count_additive,count_plus_PB_count,0.008317209895501387
1971,count_additive,count_plus_PB_count,0.0074621273759704065
1972,count_additive,count_plus_PB_count,0.007585748652991053
1973,count_additive,count_plus_PB_count,0.0074221902422823005
1974,count_additive,count_plus_PB_count,0.00760912956606008
1975,count_additive,count_plus_PB_count,0.008816222805992258
1976,count_additive,count_plus_PB_count,0.006774709707444149
1977,count_additive,count_plus_PB_count,0.008387178663679773
1978,count_additive,count_plus_PB_count,0.00731936741870387
1979,count_additive,count_plus_PB_count,0.006256204657847153
1980,count_additive,count_plus_PB_count,0.007310956690952941
1981,count_additive,count_plus_PB_count,0.009260688341902246
1982,count_additive,count_plus_PB_count,0.009666077560162412
1983,count_additive,count_plus_PB_count,0.008225306348242145
1984,count_additive,count_plus_PB_count,0.009516111269380567
1985,count_additive,count_plus_PB_count,0.007928830751843086
1986,count_additive,count_plus_PB_count,0.009192566456542539
1987,count_additive,count_plus_PB_count,0.00659748865875498
1988,count_additive,count_plus_PB_count,0.006624492715791297
1989,count_additive,count_plus_PB_count,0.007955277266726235
1990,count_additive,count_plus_PB_count,0.006972635023981932
1991,count_additive,count_plus_PB_count,0.006353116686430738
1992,count_additive,count_plus_PB_count,0.010247698093869384
1993,count_additive,count_plus_PB_count,0.00884353609205396
1994,count_additive,count_plus_PB_count,0.007568973144772173
1995,count_additive,count_plus_PB_count,0.0085748534018808
1996,count_additive,count_plus_PB_count,0.007130125649447039
1997,count_additive,count_plus_PB_count,0.007387051787588805
1998,count_additive,count_plus_PB_count,0.008716684087246018
1999,count_additive,count_plus_PB_count,0.008847248222178083
0,count_additive,count_plus_PE_count,0.13241135732730452
1,count_additive,count_plus_PE_count,0.1296694541779333
2,count_additive,count_plus_PE_count,0.13033631978155036
3,count_additive,count_plus_PE_count,0.12236880410343631
4,count_additive,count_plus_PE_count,0.12558409030137696
5,count_additive,count_plus_PE_count,0.12658280566893937
6,count_additive,count_plus_PE_count,0.1237261550698403
7,count_additive,count_plus_PE_count,0.12288668475522166
8,count_additive,count_plus_PE_count,0.12433373142693233
9,count_additive,count_plus_PE_count,0.12953883385428833
10,count_additive,count_plus_PE_count,0.1257653980891403
11,count_additive,count_plus_PE_count,0.13151281965261097
12,count_additive,count_plus_PE_count,0.12771202277021731
13,count_additive,count_plus_PE_count,0.1277133146960467
14,count_additive,count_plus_PE_count,0.1253870040758588
15,count_additive,count_plus_PE_count,0.1285816921885719
16,count_additive,count_plus_PE_count,0.1269046138132992
17,count_additive,count_plus_PE_count,0.12788345033816123
18,count_additive,count_plus_PE_count,0.12327426813379688
19,count_additive,count_plus_PE_count,0.13229619044040175
20,count_additive,count_plus_PE_count,0.12940078869992971
21,count_additive,count_plus_PE_count,0.11953485054297566
22,count_additive,count_plus_PE_count,0.12801424332611394
23,count_additive,count_plus_PE_count,0.12619385335060346
24,count_additive,count_plus_PE_count,0.12564551273852725
25,count_additive,count_plus_PE_count,0.13179913627975864
26,count_additive,count_plus_PE_count,0.12192441344869687
27,count_additive,count_plus_PE_count,0.1273009578807182
28,count_additive,count_plus_PE_count,0.1277040956429486
29,count_additive,count_plus_PE_count,0.12396552761815077
30,count_additive,count_plus_PE_count,0.12288266470627218
31,count_additive,count_plus_PE_count,0.12630734400817545
32,count_additive,count_plus_PE_count,0.12709206722733307
33,count_additive,count_plus_PE_count,0.1241460646887646
34,count_additive,count_plus_PE_count,0.12722036477574028
35,count_additive,count_plus_PE_count,0.13407712201480743
36,count_additive,count_plus_PE_count,0.12243291401264825
37,count_additive,count_plus_PE_count,0.11869948213846868
38,count_additive,count_plus_PE_count,0.13417077245152337
39,count_additive,count_plus_PE_count,0.1285277608910665
40,count_additive,count_plus_PE_count,0.12098436537855634
41,count_additive,count_plus_PE_count,0.12880021443669953
42,count_additive,count_plus_PE_count,0.1212519729132786
43,count_additive,count_plus_PE_count,0.1187105044512835
44,count_additive,count_plus_PE_count,0.12989384281011962
45,count_additive,count_plus_PE_count,0.12780209213341293
46,count_additive,count_plus_PE_count,0.12187703831564858
47,count_additive,count_plus_PE_count,0.13187871473085006
48,count_additive,count_plus_PE_count,0.13362371680155932
49,count_additive,count_plus_PE_count,0.1277425664863796
50,count_additive,count_plus_PE_count,0.12181575913314524
51,count_additive,count_plus_PE_count,0.1255215975496804
52,count_additive,count_plus_PE_count,0.12800048549008564
53,count_additive,count_plus_PE_count,0.12793592126765974
54,count_additive,count_plus_PE_count,0.12860287903895956
55,count_additive,count_plus_PE_count,0.12569241162876538
56,count_additive,count_plus_PE_count,0.1270056423541403
57,count_additive,count_plus_PE_count,0.13079611705607774
58,count_additive,count_plus_PE_count,0.12794888472882937
59,count_additive,count_plus_PE_count,0.12529735002885473
60,count_additive,count_plus_PE_count,0.12761314633097287
61,count_additive,count_plus_PE_count,0.12805616848206397
62,count_additive,count_plus_PE_count,0.12894227534138197
63,count_additive,count_plus_PE_count,0.12834645347763585
64,count_additive,count_plus_PE_count,0.12387853843197638
65,count_additive,count_plus_PE_count,0.13033494327739092
66,count_additive,count_plus_PE_count,0.12016952111140972
67,count_additive,count_plus_PE_count,0.13375355735562866
68,count_additive,count_plus_PE_count,0.12279364475680468
69,count_additive,count_plus_PE_count,0.12747513487480966
70,count_additive,count_plus_PE_count,0.11849980782974914
71,count_additive,count_plus_PE_count,0.12669880825331914
72,count_additive,count_plus_PE_count,0.1266310378265012
73,count_additive,count_plus_PE_count,0.12858057950163138
74,count_additive,count_plus_PE_count,0.12266152774835992
75,count_additive,count_plus_PE_count,0.11730037008795458
76,count_additive,count_plus_PE_count,0.12657256380340676
77,count_additive,count_plus_PE_count,0.13149600853293159
78,count_additive,count_plus_PE_count,0.12599518539513804
79,count_additive,count_plus_PE_count,0.11985525223157537
80,count_additive,count_plus_PE_count,0.1161070811179003
81,count_additive,count_plus_PE_count,0.1244086826325616
82,count_additive,count_plus_PE_count,0.13259971745990173
83,count_additive,count_plus_PE_count,0.1313670936160124
84,count_additive,count_plus_PE_count,0.12511791352539692
85,count_additive,count_plus_PE_count,0.12775323936589306
86,count_additive,count_plus_PE_count,0.13359967726540273
87,count_additive,count_plus_PE_count,0.12137668839070753
88,count_additive,count_plus_PE_count,0.12604201949359162
89,count_additive,count_plus_PE_count,0.12007253510175475
90,count_additive,count_plus_PE_count,0.12697576557125195
91,count_additive,count_plus_PE_count,0.12390932570883517
92,count_additive,count_plus_PE_count,0.12861180510053377
93,count_additive,count_plus_PE_count,0.12602282807298143
94,count_additive,count_plus_PE_count,0.13199792353118206
95,count_additive,count_plus_PE_count,0.12029929945524792
96,count_additive,count_plus_PE_count,0.12830016257545518
97,count_additive,count_plus_PE_count,0.12622763837359618
98,count_additive,count_plus_PE_count,0.12366830829680914
99,count_additive,count_plus_PE_count,0.13191851500308277
100,count_additive,count_plus_PE_count,0.12052716498539895
101,count_additive,count_plus_PE_count,0.12910887100651486
102,count_additive,count_plus_PE_count,0.1265855540816793
103,count_additive,count_plus_PE_count,0.12643288688899224
104,count_additive,count_plus_PE_count,0.1284804812220221
105,count_additive,count_plus_PE_count,0.12512578308440253
106,count_additive,count_plus_PE_count,0.1231243222436394
107,count_additive,count_plus_PE_count,0.12145890905087742
108,count_additive,count_plus_PE_count,0.13655348350887653
109,count_additive,count_plus_PE_count,0.1291883700760313
110,count_additive,count_plus_PE_count,0.12498065714867057
111,count_additive,count_plus_PE_count,0.12996895202107933
112,count_additive,count_plus_PE_count,0.12309873477618632
113,count_additive,count_plus_PE_count,0.12936278503253468
114,count_additive,count_plus_PE_count,0.12350094396105532
115,count_additive,count_plus_PE_count,0.128859347252206
116,count_additive,count_plus_PE_count,0.1327970262237223
117,count_additive,count_plus_PE_count,0.12814203145001196
118,count_additive,count_plus_PE_count,0.13117423728314398
119,count_additive,count_plus_PE_count,0.12410679618522102
120,count_additive,count_plus_PE_count,0.12960368086635526
121,count_additive,count_plus_PE_count,0.12284605316159897
122,count_additive,count_plus_PE_count,0.1222672227225941
123,count_additive,count_plus_PE_count,0.12078661867462007
124,count_additive,count_plus_PE_count,0.12585221955641707
125,count_additive,count_plus_PE_count,0.126360272501161
126,count_additive,count_plus_PE_count,0.12702664061374963
127,count_additive,count_plus_PE_count,0.12872704757954806
128,count_additive,count_plus_PE_count,0.12835553498834845
129,count_additive,count_plus_PE_count,0.12474796912765407
130,count_additive,count_plus_PE_count,0.13177874934715578
131,count_additive,count_plus_PE_count,0.1230556890024142
132,count_additive,count_plus_PE_count,0.11976839281282134
133,count_additive,count_plus_PE_count,0.12406560316396317
134,count_additive,count_plus_PE_count,0.12426859096822312
135,count_additive,count_plus_PE_count,0.13275721686141623
136,count_additive,count_plus_PE_count,0.12115004920833322
137,count_additive,count_plus_PE_count,0.12575058827199787
138,count_additive,count_plus_PE_count,0.11936282414608365
139,count_additive,count_plus_PE_count,0.12345334916312317
140,count_additive,count_plus_PE_count,0.12232355972421394
141,count_additive,count_plus_PE_count,0.12722286960324586
142,count_additive,count_plus_PE_count,0.12349612853923359
143,count_additive,count_plus_PE_count,0.12037477875333197
144,count_additive,count_plus_PE_count,0.12705846141173793
145,count_additive,count_plus_PE_count,0.12878841971008553
146,count_additive,count_plus_PE_count,0.12399520365244532
147,count_additive,count_plus_PE_count,0.12819624441948752
148,count_additive,count_plus_PE_count,0.1278435907242041
149,count_additive,count_plus_PE_count,0.12283397589253536
150,count_additive,count_plus_PE_count,0.12920558408486715
151,count_additive,count_plus_PE_count,0.12329488195926225
152,count_additive,count_plus_PE_count,0.12648220615170536
153,count_additive,count_plus_PE_count,0.12758368844794254
154,count_additive,count_plus_PE_count,0.1297007937234243
155,count_additive,count_plus_PE_count,0.13181912271718682
156,count_additive,count_plus_PE_count,0.12716685611796397
157,count_additive,count_plus_PE_count,0.12361812057465227
158,count_additive,count_plus_PE_count,0.1325660966746562
159,count_additive,count_plus_PE_count,0.12377625937540154
160,count_additive,count_plus_PE_count,0.12107222502873649
161,count_additive,count_plus_PE_count,0.13051841259414027
162,count_additive,count_plus_PE_count,0.1298217786270961
163,count_additive,count_plus_PE_count,0.13028085240506437
164,count_additive,count_plus_PE_count,0.12825065098948124
165,count_additive,count_plus_PE_count,0.12069474971120542
166,count_additive,count_plus_PE_count,0.12199379479166042
167,count_additive,count_plus_PE_count,0.1280701056707324
168,count_additive,count_plus_PE_count,0.13252606749539753
169,count_additive,count_plus_PE_count,0.12922648254221258
170,count_additive,count_plus_PE_count,0.12470509803187196
171,count_additive,count_plus_PE_count,0.1373775601154587
172,count_additive,count_plus_PE_count,0.12338950587796513
173,count_additive,count_plus_PE_count,0.12526577949055262
174,count_additive,count_plus_PE_count,0.12749401934536347
175,count_additive,count_plus_PE_count,0.13140383154229107
176,count_additive,count_plus_PE_count,0.1287912146975514
177,count_additive,count_plus_PE_count,0.13120704287053508
178,count_additive,count_plus_PE_count,0.12663119704708486
179,count_additive,count_plus_PE_count,0.1287134219855272
180,count_additive,count_plus_PE_count,0.1276345318215979
181,count_additive,count_plus_PE_count,0.13371290905131417
182,count_additive,count_plus_PE_count,0.12733150043119157
183,count_additive,count_plus_PE_count,0.11981775597426506
184,count_additive,count_plus_PE_count,0.12392304474304572
185,count_additive,count_plus_PE_count,0.133325388663403
186,count_additive,count_plus_PE_count,0.12792631200714677
187,count_additive,count_plus_PE_count,0.12260387437736825
188,count_additive,count_plus_PE_count,0.12417588525581158
189,count_additive,count_plus_PE_count,0.12603452152148542
190,count_additive,count_plus_PE_count,0.12529754837577523
191,count_additive,count_plus_PE_count,0.12712953794564313
192,count_additive,count_plus_PE_count,0.12676557285583745
193,count_additive,count_plus_PE_count,0.12696578356561605
194,count_additive,count_plus_PE_count,0.12632920863163494
195,count_additive,count_plus_PE_count,0.12915526708449865
196,count_additive,count_plus_PE_count,0.12829476827333425
197,count_additive,count_plus_PE_count,0.12930346292696637
198,count_additive,count_plus_PE_count,0.12596266235346432
199,count_additive,count_plus_PE_count,0.13122904943030778
200,count_additive,count_plus_PE_count,0.12281037870506589
201,count_additive,count_plus_PE_count,0.1207033066203878
202,count_additive,count_plus_PE_count,0.12453313938271543
203,count_additive,count_plus_PE_count,0.1266797436737767
204,count_additive,count_plus_PE_count,0.12936174968396402
205,count_additive,count_plus_PE_count,0.13051851578490276
206,count_additive,count_plus_PE_count,0.12536021383375384
207,count_additive,count_plus_PE_count,0.12646271193392455
208,count_additive,count_plus_PE_count,0.12363143400278376
209,count_additive,count_plus_PE_count,0.12825588601248727
210,count_additive,count_plus_PE_count,0.11777608991696292
211,count_additive,count_plus_PE_count,0.13214846297985444
212,count_additive,count_plus_PE_count,0.12867531585160857
213,count_additive,count_plus_PE_count,0.12753365179533344
214,count_additive,count_plus_PE_count,0.13115707308323865
215,count_additive,count_plus_PE_count,0.11878961149746473
216,count_additive,count_plus_PE_count,0.12607579455313322
217,count_additive,count_plus_PE_count,0.1270746539910863
218,count_additive,count_plus_PE_count,0.13091264629666122
219,count_additive,count_plus_PE_count,0.12796309387992927
220,count_additive,count_plus_PE_count,0.1292353298378262
221,count_additive,count_plus_PE_count,0.12810306268223898
222,count_additive,count_plus_PE_count,0.12562235271641742
223,count_additive,count_plus_PE_count,0.1295433449539698
224,count_additive,count_plus_PE_count,0.12095427707827505
225,count_additive,count_plus_PE_count,0.12282543387538972
226,count_additive,count_plus_PE_count,0.1263797686226919
227,count_additive,count_plus_PE_count,0.12672177856253636
228,count_additive,count_plus_PE_count,0.12848204999308183
229,count_additive,count_plus_PE_count,0.1279856379376717
230,count_additive,count_plus_PE_count,0.12576025284126813
231,count_additive,count_plus_PE_count,0.12791223908848914
232,count_additive,count_plus_PE_count,0.13494640212528264
233,count_additive,count_plus_PE_count,0.12297832439462236
234,count_additive,count_plus_PE_count,0.12677706256881427
235,count_additive,count_plus_PE_count,0.13082679504586386
236,count_additive,count_plus_PE_count,0.11818075279256535
237,count_additive,count_plus_PE_count,0.1286482845028194
238,count_additive,count_plus_PE_count,0.11876363401202503
239,count_additive,count_plus_PE_count,0.12550855867020672
240,count_additive,count_plus_PE_count,0.1306172607475049
241,count_additive,count_plus_PE_count,0.12209842356599732
242,count_additive,count_plus_PE_count,0.13015039098011888
243,count_additive,count_plus_PE_count,0.12424607999036646
244,count_additive,count_plus_PE_count,0.1227313128143459
245,count_additive,count_plus_PE_count,0.1306709959841989
246,count_additive,count_plus_PE_count,0.12315198697533081
247,count_additive,count_plus_PE_count,0.12379984415270762
248,count_additive,count_plus_PE_count,0.12204423729723318
249,count_additive,count_plus_PE_count,0.12552909077090751
250,count_additive,count_plus_PE_count,0.13037096902253043
251,count_additive,count_plus_PE_count,0.12557536238197775
252,count_additive,count_plus_PE_count,0.12866799215766678
253,count_additive,count_plus_PE_count,0.1265735627730517
254,count_additive,count_plus_PE_count,0.13198426821795095
255,count_additive,count_plus_PE_count,0.12653301266231715
256,count_additive,count_plus_PE_count,0.1286203107489028
257,count_additive,count_plus_PE_count,0.13174752360058456
258,count_additive,count_plus_PE_count,0.1278861222716693
259,count_additive,count_plus_PE_count,0.12650874466796252
260,count_additive,count_plus_PE_count,0.12918379265687346
261,count_additive,count_plus_PE_count,0.1264303011496673
262,count_additive,count_plus_PE_count,0.1310521220834152
263,count_additive,count_plus_PE_count,0.1198560842809111
264,count_additive,count_plus_PE_count,0.13263533905942798
265,count_additive,count_plus_PE_count,0.12172975105855782
266,count_additive,count_plus_PE_count,0.1277933552728252
267,count_additive,count_plus_PE_count,0.12326433510836798
268,count_additive,count_plus_PE_count,0.13142406520892902
269,count_additive,count_plus_PE_count,0.12170817826310337
270,count_additive,count_plus_PE_count,0.1335127360267801
271,count_additive,count_plus_PE_count,0.12484415060185378
272,count_additive,count_plus_PE_count,0.13231699339151448
273,count_additive,count_plus_PE_count,0.1273897085321523
274,count_additive,count_plus_PE_count,0.12241225868758782
275,count_additive,count_plus_PE_count,0.12984864200626706
276,count_additive,count_plus_PE_count,0.12712769643028204
277,count_additive,count_plus_PE_count,0.12881894640578812
278,count_additive,count_plus_PE_count,0.12826254259569997
279,count_additive,count_plus_PE_count,0.12768717409286573
280,count_additive,count_plus_PE_count,0.12683890613546583
281,count_additive,count_plus_PE_count,0.1304683216586986
282,count_additive,count_plus_PE_count,0.12555419432149123
283,count_additive,count_plus_PE_count,0.12129609637534067
284,count_additive,count_plus_PE_count,0.12797153907644027
285,count_additive,count_plus_PE_count,0.12655331156442062
286,count_additive,count_plus_PE_count,0.12436527742965414
287,count_additive,count_plus_PE_count,0.11981296226976051
288,count_additive,count_plus_PE_count,0.1225712979396151
289,count_additive,count_plus_PE_count,0.12909437021558118
290,count_additive,count_plus_PE_count,0.12992482102794606
291,count_additive,count_plus_PE_count,0.1231655518007429
292,count_additive,count_plus_PE_count,0.1276640745717626
293,count_additive,count_plus_PE_count,0.13415472035445386
294,count_additive,count_plus_PE_count,0.12362021022117653
295,count_additive,count_plus_PE_count,0.12648954030844112
296,count_additive,count_plus_PE_count,0.12338187189860514
297,count_additive,count_plus_PE_count,0.12725077097488363
298,count_additive,count_plus_PE_count,0.12726150320623214
299,count_additive,count_plus_PE_count,0.13019594436526205
300,count_additive,count_plus_PE_count,0.12634278781868205
301,count_additive,count_plus_PE_count,0.13075995749221558
302,count_additive,count_plus_PE_count,0.12839494307415772
303,count_additive,count_plus_PE_count,0.13125993726506824
304,count_additive,count_plus_PE_count,0.12708753543097112
305,count_additive,count_plus_PE_count,0.12761719306242336
306,count_additive,count_plus_PE_count,0.12828537797820855
307,count_additive,count_plus_PE_count,0.13090585959270368
308,count_additive,count_plus_PE_count,0.12729716600833535
309,count_additive,count_plus_PE_count,0.12214238317700332
310,count_additive,count_plus_PE_count,0.12576330488674342
311,count_additive,count_plus_PE_count,0.1242232364758134
312,count_additive,count_plus_PE_count,0.12753874498045398
313,count_additive,count_plus_PE_count,0.1247867363005703
314,count_additive,count_plus_PE_count,0.12641923745989914
315,count_additive,count_plus_PE_count,0.12258557971279882
316,count_additive,count_plus_PE_count,0.12963456322734462
317,count_additive,count_plus_PE_count,0.1309381878663199
318,count_additive,count_plus_PE_count,0.12705108396828713
319,count_additive,count_plus_PE_count,0.12666798749737262
320,count_additive,count_plus_PE_count,0.1305275326613472
321,count_additive,count_plus_PE_count,0.12158412701034632
322,count_additive,count_plus_PE_count,0.12582207136957785
323,count_additive,count_plus_PE_count,0.1334051789526835
324,count_additive,count_plus_PE_count,0.1225280700560254
325,count_additive,count_plus_PE_count,0.12142953307995913
326,count_additive,count_plus_PE_count,0.12553460436547215
327,count_additive,count_plus_PE_count,0.12327186345405938
328,count_additive,count_plus_PE_count,0.12494870298218513
329,count_additive,count_plus_PE_count,0.12416464159128851
330,count_additive,count_plus_PE_count,0.1322526734694615
331,count_additive,count_plus_PE_count,0.1283381620592774
332,count_additive,count_plus_PE_count,0.1279240516143374
333,count_additive,count_plus_PE_count,0.12522604929521564
334,count_additive,count_plus_PE_count,0.12575069032415415
335,count_additive,count_plus_PE_count,0.12196925058490365
336,count_additive,count_plus_PE_count,0.12484680430524162
337,count_additive,count_plus_PE_count,0.12789061287249287
338,count_additive,count_plus_PE_count,0.12212087559407298
339,count_additive,count_plus_PE_count,0.12792308926498053
340,count_additive,count_plus_PE_count,0.1293853328058741
341,count_additive,count_plus_PE_count,0.12417437414867527
342,count_additive,count_plus_PE_count,0.1234524789589111
343,count_additive,count_plus_PE_count,0.12316827121538665
344,count_additive,count_plus_PE_count,0.13061810752830894
345,count_additive,count_plus_PE_count,0.12358015675780304
346,count_additive,count_plus_PE_count,0.1265718933098342
347,count_additive,count_plus_PE_count,0.12528894438328714
348,count_additive,count_plus_PE_count,0.12360107087556971
349,count_additive,count_plus_PE_count,0.12226526512143826
350,count_additive,count_plus_PE_count,0.12285885750189995
351,count_additive,count_plus_PE_count,0.12390617501984241
352,count_additive,count_plus_PE_count,0.12707095819610104
353,count_additive,count_plus_PE_count,0.12481880743008239
354,count_additive,count_plus_PE_count,0.13014668329304085
355,count_additive,count_plus_PE_count,0.12856756147031473
356,count_additive,count_plus_PE_count,0.1332110714594959
357,count_additive,count_plus_PE_count,0.12405212249644992
358,count_additive,count_plus_PE_count,0.1286311465850214
359,count_additive,count_plus_PE_count,0.12907184838066083
360,count_additive,count_plus_PE_count,0.12587486431733547
361,count_additive,count_plus_PE_count,0.1269822345459271
362,count_additive,count_plus_PE_count,0.1290030080153477
363,count_additive,count_plus_PE_count,0.13261399771404847
364,count_additive,count_plus_PE_count,0.1255981295711034
365,count_additive,count_plus_PE_count,0.12684033596468391
366,count_additive,count_plus_PE_count,0.11853339433260984
367,count_additive,count_plus_PE_count,0.12739309394595072
368,count_additive,count_plus_PE_count,0.1249390377980023
369,count_additive,count_plus_PE_count,0.12815701742813318
370,count_additive,count_plus_PE_count,0.11764734946563199
371,count_additive,count_plus_PE_count,0.12363071640870288
372,count_additive,count_plus_PE_count,0.12265662367189917
373,count_additive,count_plus_PE_count,0.12561435564080786
374,count_additive,count_plus_PE_count,0.1264563797597782
375,count_additive,count_plus_PE_count,0.1228038217556984
376,count_additive,count_plus_PE_count,0.1268050258336645
377,count_additive,count_plus_PE_count,0.12547210622375693
378,count_additive,count_plus_PE_count,0.1284680030832137
379,count_additive,count_plus_PE_count,0.12481753599523476
380,count_additive,count_plus_PE_count,0.1287183127690255
381,count_additive,count_plus_PE_count,0.12566734836934274
382,count_additive,count_plus_PE_count,0.1262940025053837
383,count_additive,count_plus_PE_count,0.12318304865357166
384,count_additive,count_plus_PE_count,0.12772587178390543
385,count_additive,count_plus_PE_count,0.13005941950022265
386,count_additive,count_plus_PE_count,0.12221672644002934
387,count_additive,count_plus_PE_count,0.1257104948737373
388,count_additive,count_plus_PE_count,0.12426898804611661
389,count_additive,count_plus_PE_count,0.1307444084398393
390,count_additive,count_plus_PE_count,0.12025768647462101
391,count_additive,count_plus_PE_count,0.12217428467563007
392,count_additive,count_plus_PE_count,0.12361577114423339
393,count_additive,count_plus_PE_count,0.1266992482209922
394,count_additive,count_plus_PE_count,0.12924626526964145
395,count_additive,count_plus_PE_count,0.1327604398639629
396,count_additive,count_plus_PE_count,0.1266928733545583
397,count_additive,count_plus_PE_count,0.13193728241357533
398,count_additive,count_plus_PE_count,0.11906723125120944
399,count_additive,count_plus_PE_count,0.11879653557631459
400,count_additive,count_plus_PE_count,0.12804997102634647
401,count_additive,count_plus_PE_count,0.12744475070735478
402,count_additive,count_plus_PE_count,0.12512114624747872
403,count_additive,count_plus_PE_count,0.12892622096962086
404,count_additive,count_plus_PE_count,0.12174213094470854
405,count_additive,count_plus_PE_count,0.12155270297562654
406,count_additive,count_plus_PE_count,0.1264423752954396
407,count_additive,count_plus_PE_count,0.13058891082871843
408,count_additive,count_plus_PE_count,0.12809970083965977
409,count_additive,count_plus_PE_count,0.1256464782242533
410,count_additive,count_plus_PE_count,0.12266266348504187
411,count_additive,count_plus_PE_count,0.12405357810336809
412,count_additive,count_plus_PE_count,0.12449529278499744
413,count_additive,count_plus_PE_count,0.1266527541480984
414,count_additive,count_plus_PE_count,0.13015758924766785
415,count_additive,count_plus_PE_count,0.12082083120867854
416,count_additive,count_plus_PE_count,0.1266451180114911
417,count_additive,count_plus_PE_count,0.12053704429271486
418,count_additive,count_plus_PE_count,0.13108594312280308
419,count_additive,count_plus_PE_count,0.13068952910558596
420,count_additive,count_plus_PE_count,0.12658458102223735
421,count_additive,count_plus_PE_count,0.12217520112418775
422,count_additive,count_plus_PE_count,0.13288945949947117
423,count_additive,count_plus_PE_count,0.120393142495267
424,count_additive,count_plus_PE_count,0.12354689954129855
425,count_additive,count_plus_PE_count,0.13236019979631158
426,count_additive,count_plus_PE_count,0.12590370788859873
427,count_additive,count_plus_PE_count,0.12947293676632998
428,count_additive,count_plus_PE_count,0.13136348956499044
429,count_additive,count_plus_PE_count,0.12865740105213297
430,count_additive,count_plus_PE_count,0.13043930061328113
431,count_additive,count_plus_PE_count,0.13176847322955088
432,count_additive,count_plus_PE_count,0.127159112406161
433,count_additive,count_plus_PE_count,0.12648838272321006
434,count_additive,count_plus_PE_count,0.13134420539252178
435,count_additive,count_plus_PE_count,0.12354272617697959
436,count_additive,count_plus_PE_count,0.12517704892119652
437,count_additive,count_plus_PE_count,0.1174647043966984
438,count_additive,count_plus_PE_count,0.11928648014308918
439,count_additive,count_plus_PE_count,0.1203648426411087
440,count_additive,count_plus_PE_count,0.1259305892904224
441,count_additive,count_plus_PE_count,0.1305485647336902
442,count_additive,count_plus_PE_count,0.12297745837916191
443,count_additive,count_plus_PE_count,0.12373156726242202
444,count_additive,count_plus_PE_count,0.1200517219808773
445,count_additive,count_plus_PE_count,0.11755342980307396
446,count_additive,count_plus_PE_count,0.12256053381988602
447,count_additive,count_plus_PE_count,0.12541352984630355
448,count_additive,count_plus_PE_count,0.12242317389960086
449,count_additive,count_plus_PE_count,0.12438682752479796
450,count_additive,count_plus_PE_count,0.131973593907997
451,count_additive,count_plus_PE_count,0.1264355323631195
452,count_additive,count_plus_PE_count,0.13540460133519444
453,count_additive,count_plus_PE_count,0.12794403767379098
454,count_additive,count_plus_PE_count,0.13222119578195063
455,count_additive,count_plus_PE_count,0.12523548042819144
456,count_additive,count_plus_PE_count,0.13371335915107224
457,count_additive,count_plus_PE_count,0.1297247654038523
458,count_additive,count_plus_PE_count,0.12566852667065392
459,count_additive,count_plus_PE_count,0.12183095289562745
460,count_additive,count_plus_PE_count,0.13079865482839742
461,count_additive,count_plus_PE_count,0.12124503558186778
462,count_additive,count_plus_PE_count,0.13092129886396398
463,count_additive,count_plus_PE_count,0.12638809358180136
464,count_additive,count_plus_PE_count,0.12803755659963162
465,count_additive,count_plus_PE_count,0.1266852129964406
466,count_additive,count_plus_PE_count,0.12781303167048474
467,count_additive,count_plus_PE_count,0.12342045702935667
468,count_additive,count_plus_PE_count,0.1271941110816439
469,count_additive,count_plus_PE_count,0.12987688055132174
470,count_additive,count_plus_PE_count,0.1264052062838657
471,count_additive,count_plus_PE_count,0.12490706817635794
472,count_additive,count_plus_PE_count,0.12552783043860277
473,count_additive,count_plus_PE_count,0.13304526982071818
474,count_additive,count_plus_PE_count,0.13057856491484882
475,count_additive,count_plus_PE_count,0.12401640376618794
476,count_additive,count_plus_PE_count,0.12539795653169505
477,count_additive,count_plus_PE_count,0.1261359629702256
478,count_additive,count_plus_PE_count,0.12704721028393484
479,count_additive,count_plus_PE_count,0.12279716720992745
480,count_additive,count_plus_PE_count,0.12654045506761313
481,count_additive,count_plus_PE_count,0.12982604889188226
482,count_additive,count_plus_PE_count,0.13028058394766157
483,count_additive,count_plus_PE_count,0.12650599256894118
484,count_additive,count_plus_PE_count,0.12233829226320975
485,count_additive,count_plus_PE_count,0.1243675863793956
486,count_additive,count_plus_PE_count,0.12981624229953198
487,count_additive,count_plus_PE_count,0.12667275591547522
488,count_additive,count_plus_PE_count,0.13211390748987056
489,count_additive,count_plus_PE_count,0.12242071717333791
490,count_additive,count_plus_PE_count,0.12717705832075388
491,count_additive,count_plus_PE_count,0.12290010969321719
492,count_additive,count_plus_PE_count,0.12411086288606465
493,count_additive,count_plus_PE_count,0.12233490927507928
494,count_additive,count_plus_PE_count,0.13158552902054244
495,count_additive,count_plus_PE_count,0.1312531391049997
496,count_additive,count_plus_PE_count,0.12431847851899991
497,count_additive,count_plus_PE_count,0.12329543643902735
498,count_additive,count_plus_PE_count,0.12772253866312205
499,count_additive,count_plus_PE_count,0.1337328810192041
500,count_additive,count_plus_PE_count,0.13446686630265298
501,count_additive,count_plus_PE_count,0.12151198966615478
502,count_additive,count_plus_PE_count,0.11895174658481622
503,count_additive,count_plus_PE_count,0.12289433705570454
504,count_additive,count_plus_PE_count,0.12247437504143671
505,count_additive,count_plus_PE_count,0.12701313684786114
506,count_additive,count_plus_PE_count,0.12944251565823062
507,count_additive,count_plus_PE_count,0.13424608312120417
508,count_additive,count_plus_PE_count,0.12946185811090583
509,count_additive,count_plus_PE_count,0.12956863405425312
510,count_additive,count_plus_PE_count,0.12744313790777634
511,count_additive,count_plus_PE_count,0.12446490975361552
512,count_additive,count_plus_PE_count,0.13430361237807315
513,count_additive,count_plus_PE_count,0.1288542749588351
514,count_additive,count_plus_PE_count,0.13220351695134064
515,count_additive,count_plus_PE_count,0.1247358136209123
516,count_additive,count_plus_PE_count,0.12438027556516229
517,count_additive,count_plus_PE_count,0.1219376835339041
518,count_additive,count_plus_PE_count,0.128794844761761
519,count_additive,count_plus_PE_count,0.12699108260208963
520,count_additive,count_plus_PE_count,0.13099206462147567
521,count_additive,count_plus_PE_count,0.12627312753007824
522,count_additive,count_plus_PE_count,0.12980202652755052
523,count_additive,count_plus_PE_count,0.12527822614924322
524,count_additive,count_plus_PE_count,0.12678903069914937
525,count_additive,count_plus_PE_count,0.12557067743488864
526,count_additive,count_plus_PE_count,0.1280724993880955
527,count_additive,count_plus_PE_count,0.12350619809791313
528,count_additive,count_plus_PE_count,0.12424691670476457
529,count_additive,count_plus_PE_count,0.12789531400382947
530,count_additive,count_plus_PE_count,0.12943371417630967
531,count_additive,count_plus_PE_count,0.12774386576721747
532,count_additive,count_plus_PE_count,0.12254633319454175
533,count_additive,count_plus_PE_count,0.12718093588156865
534,count_additive,count_plus_PE_count,0.1228529141189203
535,count_additive,count_plus_PE_count,0.12564186250801973
536,count_additive,count_plus_PE_count,0.12770760404102965
537,count_additive,count_plus_PE_count,0.1322477688635459
538,count_additive,count_plus_PE_count,0.1323128965130761
539,count_additive,count_plus_PE_count,0.12193313092535807
540,count_additive,count_plus_PE_count,0.13179246691695296
541,count_additive,count_plus_PE_count,0.1237654629400276
542,count_additive,count_plus_PE_count,0.12858951164638227
543,count_additive,count_plus_PE_count,0.12868426752380768
544,count_additive,count_plus_PE_count,0.126424590211825
545,count_additive,count_plus_PE_count,0.13396926117480862
546,count_additive,count_plus_PE_count,0.12529264121727574
547,count_additive,count_plus_PE_count,0.12395040362149434
548,count_additive,count_plus_PE_count,0.12396975320739478
549,count_additive,count_plus_PE_count,0.12563758819897947
550,count_additive,count_plus_PE_count,0.12831007198265432
551,count_additive,count_plus_PE_count,0.12158330563784747
552,count_additive,count_plus_PE_count,0.12507554146491245
553,count_additive,count_plus_PE_count,0.12897246921983785
554,count_additive,count_plus_PE_count,0.12682177610563317
555,count_additive,count_plus_PE_count,0.12258516567801914
556,count_additive,count_plus_PE_count,0.12746543017943468
557,count_additive,count_plus_PE_count,0.12548336158128726
558,count_additive,count_plus_PE_count,0.12106296978575987
559,count_additive,count_plus_PE_count,0.1312819913730217
560,count_additive,count_plus_PE_count,0.12230842650019216
561,count_additive,count_plus_PE_count,0.1252429217267219
562,count_additive,count_plus_PE_count,0.12750200555817987
563,count_additive,count_plus_PE_count,0.126715929422006
564,count_additive,count_plus_PE_count,0.12876599091312513
565,count_additive,count_plus_PE_count,0.12032222166726514
566,count_additive,count_plus_PE_count,0.12375356525050757
567,count_additive,count_plus_PE_count,0.133800060121385
568,count_additive,count_plus_PE_count,0.12858186930964582
569,count_additive,count_plus_PE_count,0.12331920466261667
570,count_additive,count_plus_PE_count,0.12398829159236496
571,count_additive,count_plus_PE_count,0.12401916187382278
572,count_additive,count_plus_PE_count,0.12631774945260738
573,count_additive,count_plus_PE_count,0.12796289402189853
574,count_additive,count_plus_PE_count,0.12566636571134948
575,count_additive,count_plus_PE_count,0.12766885936678335
576,count_additive,count_plus_PE_count,0.1251735927018483
577,count_additive,count_plus_PE_count,0.1302707222811455
578,count_additive,count_plus_PE_count,0.12661386579726108
579,count_additive,count_plus_PE_count,0.11915507106318438
580,count_additive,count_plus_PE_count,0.1361116103958116
581,count_additive,count_plus_PE_count,0.13026676054829545
582,count_additive,count_plus_PE_count,0.12698793502326094
583,count_additive,count_plus_PE_count,0.12461689594500647
584,count_additive,count_plus_PE_count,0.12046823413785401
585,count_additive,count_plus_PE_count,0.12447543533449035
586,count_additive,count_plus_PE_count,0.12008520729392219
587,count_additive,count_plus_PE_count,0.12886567880086763
588,count_additive,count_plus_PE_count,0.12896884040728424
589,count_additive,count_plus_PE_count,0.1277813213096637
590,count_additive,count_plus_PE_count,0.13482077999338477
591,count_additive,count_plus_PE_count,0.12173156045923711
592,count_additive,count_plus_PE_count,0.12214980841906697
593,count_additive,count_plus_PE_count,0.121424010406253
594,count_additive,count_plus_PE_count,0.126613402372186
595,count_additive,count_plus_PE_count,0.130319640745025
596,count_additive,count_plus_PE_count,0.12327113730420874
597,count_additive,count_plus_PE_count,0.13164378298832036
598,count_additive,count_plus_PE_count,0.1225978687298866
599,count_additive,count_plus_PE_count,0.1326067302317232
600,count_additive,count_plus_PE_count,0.12563889745058504
601,count_additive,count_plus_PE_count,0.12915845258355618
602,count_additive,count_plus_PE_count,0.12584114695577603
603,count_additive,count_plus_PE_count,0.1304577384634854
604,count_additive,count_plus_PE_count,0.12614242585447027
605,count_additive,count_plus_PE_count,0.12312162841408103
606,count_additive,count_plus_PE_count,0.13355596278832743
607,count_additive,count_plus_PE_count,0.13495020451944312
608,count_additive,count_plus_PE_count,0.1286139393868992
609,count_additive,count_plus_PE_count,0.129866406390919
610,count_additive,count_plus_PE_count,0.12840898581031368
611,count_additive,count_plus_PE_count,0.12236442671765935
612,count_additive,count_plus_PE_count,0.13107202330998557
613,count_additive,count_plus_PE_count,0.12842792679927156
614,count_additive,count_plus_PE_count,0.12707282334398118
615,count_additive,count_plus_PE_count,0.1284090763089406
616,count_additive,count_plus_PE_count,0.11996693464794941
617,count_additive,count_plus_PE_count,0.1297573998960837
618,count_additive,count_plus_PE_count,0.13099109114953117
619,count_additive,count_plus_PE_count,0.12656747272027813
620,count_additive,count_plus_PE_count,0.12853256059310775
621,count_additive,count_plus_PE_count,0.12519836203867668
622,count_additive,count_plus_PE_count,0.12944475103845154
623,count_additive,count_plus_PE_count,0.12445098615661937
624,count_additive,count_plus_PE_count,0.1266476438777252
625,count_additive,count_plus_PE_count,0.13062339143595064
626,count_additive,count_plus_PE_count,0.12795094912199478
627,count_additive,count_plus_PE_count,0.12253784450148258
628,count_additive,count_plus_PE_count,0.12270237659092698
629,count_additive,count_plus_PE_count,0.1280557261164526
630,count_additive,count_plus_PE_count,0.1279323730464182
631,count_additive,count_plus_PE_count,0.12920457825614362
632,count_additive,count_plus_PE_count,0.13048291575112853
633,count_additive,count_plus_PE_count,0.12476400964304613
634,count_additive,count_plus_PE_count,0.12036202862313805
635,count_additive,count_plus_PE_count,0.13596314114939523
636,count_additive,count_plus_PE_count,0.1265133222264142
637,count_additive,count_plus_PE_count,0.12175024883798241
638,count_additive,count_plus_PE_count,0.12638311475793096
639,count_additive,count_plus_PE_count,0.1322162133596108
640,count_additive,count_plus_PE_count,0.1225386505471956
641,count_additive,count_plus_PE_count,0.1363970559443865
642,count_additive,count_plus_PE_count,0.12698137221952438
643,count_additive,count_plus_PE_count,0.130482170174123
644,count_additive,count_plus_PE_count,0.12520460964791857
645,count_additive,count_plus_PE_count,0.11987762268600177
646,count_additive,count_plus_PE_count,0.1260170985010058
647,count_additive,count_plus_PE_count,0.12309311930893957
648,count_additive,count_plus_PE_count,0.1240327373080033
649,count_additive,count_plus_PE_count,0.12050150876004881
650,count_additive,count_plus_PE_count,0.12244591098356367
651,count_additive,count_plus_PE_count,0.12192527873668091
652,count_additive,count_plus_PE_count,0.1276425263019082
653,count_additive,count_plus_PE_count,0.12619859331021233
654,count_additive,count_plus_PE_count,0.1297062071921663
655,count_additive,count_plus_PE_count,0.12843449919342192
656,count_additive,count_plus_PE_count,0.12957598660348502
657,count_additive,count_plus_PE_count,0.1299620953421579
658,count_additive,count_plus_PE_count,0.12508825162960147
659,count_additive,count_plus_PE_count,0.12033396591522222
660,count_additive,count_plus_PE_count,0.1315300877337902
661,count_additive,count_plus_PE_count,0.128458884912095
662,count_additive,count_plus_PE_count,0.12170101871536598
663,count_additive,count_plus_PE_count,0.13148023789202884
664,count_additive,count_plus_PE_count,0.1307103865610555
665,count_additive,count_plus_PE_count,0.12328055242328878
666,count_additive,count_plus_PE_count,0.12824927732164382
667,count_additive,count_plus_PE_count,0.12399244700333162
668,count_additive,count_plus_PE_count,0.12540122687491606
669,count_additive,count_plus_PE_count,0.13189677558045065
670,count_additive,count_plus_PE_count,0.12678770684759672
671,count_additive,count_plus_PE_count,0.12784000248188598
672,count_additive,count_plus_PE_count,0.12536719188836543
673,count_additive,count_plus_PE_count,0.12461819702604338
674,count_additive,count_plus_PE_count,0.12614376908404706
675,count_additive,count_plus_PE_count,0.12910766345734515
676,count_additive,count_plus_PE_count,0.12628476901092622
677,count_additive,count_plus_PE_count,0.12939567930552565
678,count_additive,count_plus_PE_count,0.1317362489947808
679,count_additive,count_plus_PE_count,0.12822521020649258
680,count_additive,count_plus_PE_count,0.12919648068327333
681,count_additive,count_plus_PE_count,0.12182612839237653
682,count_additive,count_plus_PE_count,0.13121485861183496
683,count_additive,count_plus_PE_count,0.12682584068282998
684,count_additive,count_plus_PE_count,0.12743001822914868
685,count_additive,count_plus_PE_count,0.12951884598135044
686,count_additive,count_plus_PE_count,0.1208908072875684
687,count_additive,count_plus_PE_count,0.12554434420892474
688,count_additive,count_plus_PE_count,0.12336007115398834
689,count_additive,count_plus_PE_count,0.12638958873114903
690,count_additive,count_plus_PE_count,0.12442612669697184
691,count_additive,count_plus_PE_count,0.13073396062304882
692,count_additive,count_plus_PE_count,0.12011366962056988
693,count_additive,count_plus_PE_count,0.12696886699191834
694,count_additive,count_plus_PE_count,0.12177687838034493
695,count_additive,count_plus_PE_count,0.12867376261311048
696,count_additive,count_plus_PE_count,0.12847598371639712
697,count_additive,count_plus_PE_count,0.13158221081469612
698,count_additive,count_plus_PE_count,0.1297760439237447
699,count_additive,count_plus_PE_count,0.12266625393897901
700,count_additive,count_plus_PE_count,0.12940685551708608
701,count_additive,count_plus_PE_count,0.1295954157001829
702,count_additive,count_plus_PE_count,0.12777245722784863
703,count_additive,count_plus_PE_count,0.12345151997541898
704,count_additive,count_plus_PE_count,0.1280934805383806
705,count_additive,count_plus_PE_count,0.12401186706221745
706,count_additive,count_plus_PE_count,0.12197429187599218
707,count_additive,count_plus_PE_count,0.12948816208306702
708,count_additive,count_plus_PE_count,0.1263259241098309
709,count_additive,count_plus_PE_count,0.12604853736843852
710,count_additive,count_plus_PE_count,0.12368222931685408
711,count_additive,count_plus_PE_count,0.12359660278809886
712,count_additive,count_plus_PE_count,0.1222625481692435
713,count_additive,count_plus_PE_count,0.1236640763344437
714,count_additive,count_plus_PE_count,0.12339914826685289
715,count_additive,count_plus_PE_count,0.12825414612715236
716,count_additive,count_plus_PE_count,0.12450407969667737
717,count_additive,count_plus_PE_count,0.12380772079024521
718,count_additive,count_plus_PE_count,0.12407899420285629
719,count_additive,count_plus_PE_count,0.11915628570607162
720,count_additive,count_plus_PE_count,0.12393838385637279
721,count_additive,count_plus_PE_count,0.12644007154299114
722,count_additive,count_plus_PE_count,0.1260727778951532
723,count_additive,count_plus_PE_count,0.1281599543856845
724,count_additive,count_plus_PE_count,0.12917327620077573
725,count_additive,count_plus_PE_count,0.12065621598030954
726,count_additive,count_plus_PE_count,0.12843301350619774
727,count_additive,count_plus_PE_count,0.1275014574716397
728,count_additive,count_plus_PE_count,0.1247411557681039
729,count_additive,count_plus_PE_count,0.12262480557470917
730,count_additive,count_plus_PE_count,0.1307246135587291
731,count_additive,count_plus_PE_count,0.12286464720588697
732,count_additive,count_plus_PE_count,0.12938948965012476
733,count_additive,count_plus_PE_count,0.12391193335617978
734,count_additive,count_plus_PE_count,0.12428507325683036
735,count_additive,count_plus_PE_count,0.12798319563209465
736,count_additive,count_plus_PE_count,0.12737675971634344
737,count_additive,count_plus_PE_count,0.1297751813468232
738,count_additive,count_plus_PE_count,0.12607542554180845
739,count_additive,count_plus_PE_count,0.1242564495527928
740,count_additive,count_plus_PE_count,0.12727579039483145
741,count_additive,count_plus_PE_count,0.12305036952442078
742,count_additive,count_plus_PE_count,0.11834183361220482
743,count_additive,count_plus_PE_count,0.12210599534971722
744,count_additive,count_plus_PE_count,0.12322948114468324
745,count_additive,count_plus_PE_count,0.1249633255350005
746,count_additive,count_plus_PE_count,0.12062867452052833
747,count_additive,count_plus_PE_count,0.12634374560489217
748,count_additive,count_plus_PE_count,0.1322120771254398
749,count_additive,count_plus_PE_count,0.12865021557158435
750,count_additive,count_plus_PE_count,0.12914747346272165
751,count_additive,count_plus_PE_count,0.12888117661994453
752,count_additive,count_plus_PE_count,0.1266279106158183
753,count_additive,count_plus_PE_count,0.12660126580253656
754,count_additive,count_plus_PE_count,0.12866837122728542
755,count_additive,count_plus_PE_count,0.12169297577937255
756,count_additive,count_plus_PE_count,0.12389784394727821
757,count_additive,count_plus_PE_count,0.12412569459416584
758,count_additive,count_plus_PE_count,0.12242939867959923
759,count_additive,count_plus_PE_count,0.12271262183441894
760,count_additive,count_plus_PE_count,0.12029753405015395
761,count_additive,count_plus_PE_count,0.12679469533922838
762,count_additive,count_plus_PE_count,0.1256917206432661
763,count_additive,count_plus_PE_count,0.1189886034532662
764,count_additive,count_plus_PE_count,0.12922412587038207
765,count_additive,count_plus_PE_count,0.1261236130554017
766,count_additive,count_plus_PE_count,0.13131728118902564
767,count_additive,count_plus_PE_count,0.12354333892735259
768,count_additive,count_plus_PE_count,0.12675377267814913
769,count_additive,count_plus_PE_count,0.12199941566556868
770,count_additive,count_plus_PE_count,0.1276443303995637
771,count_additive,count_plus_PE_count,0.13337820536788358
772,count_additive,count_plus_PE_count,0.1255369275754688
773,count_additive,count_plus_PE_count,0.1222664999488261
774,count_additive,count_plus_PE_count,0.12835820228053657
775,count_additive,count_plus_PE_count,0.12658013869738188
776,count_additive,count_plus_PE_count,0.12162172760859927
777,count_additive,count_plus_PE_count,0.12513247481497863
778,count_additive,count_plus_PE_count,0.12354737470898214
779,count_additive,count_plus_PE_count,0.12325502392119514
780,count_additive,count_plus_PE_count,0.1241869034687027
781,count_additive,count_plus_PE_count,0.12338231114770604
782,count_additive,count_plus_PE_count,0.1288798969893808
783,count_additive,count_plus_PE_count,0.1253393507857558
784,count_additive,count_plus_PE_count,0.12214353680703643
785,count_additive,count_plus_PE_count,0.12438602729461068
786,count_additive,count_plus_PE_count,0.1313721679488991
787,count_additive,count_plus_PE_count,0.12575765473547335
788,count_additive,count_plus_PE_count,0.12050635014786606
789,count_additive,count_plus_PE_count,0.1271150724771986
790,count_additive,count_plus_PE_count,0.12863343666011778
791,count_additive,count_plus_PE_count,0.1276456121406303
792,count_additive,count_plus_PE_count,0.12699334318452926
793,count_additive,count_plus_PE_count,0.12892845586284535
794,count_additive,count_plus_PE_count,0.13413576925501858
795,count_additive,count_plus_PE_count,0.12843321420053666
796,count_additive,count_plus_PE_count,0.13017495342074842
797,count_additive,count_plus_PE_count,0.1265434002100133
798,count_additive,count_plus_PE_count,0.12710458367107536
799,count_additive,count_plus_PE_count,0.13122688362686447
800,count_additive,count_plus_PE_count,0.12839403083634132
801,count_additive,count_plus_PE_count,0.12759906478948235
802,count_additive,count_plus_PE_count,0.12648951393093
803,count_additive,count_plus_PE_count,0.1306136620684188
804,count_additive,count_plus_PE_count,0.12952965152387197
805,count_additive,count_plus_PE_count,0.13482940917562602
806,count_additive,count_plus_PE_count,0.13027069024678561
807,count_additive,count_plus_PE_count,0.12466565524668943
808,count_additive,count_plus_PE_count,0.12760332928343
809,count_additive,count_plus_PE_count,0.1164168665450647
810,count_additive,count_plus_PE_count,0.13260158290478363
811,count_additive,count_plus_PE_count,0.12424214200273198
812,count_additive,count_plus_PE_count,0.12407676554592229
813,count_additive,count_plus_PE_count,0.124663289952743
814,count_additive,count_plus_PE_count,0.12307437917608782
815,count_additive,count_plus_PE_count,0.1285381979404695
816,count_additive,count_plus_PE_count,0.12390519526639948
817,count_additive,count_plus_PE_count,0.12811601794534178
818,count_additive,count_plus_PE_count,0.12014581984990619
819,count_additive,count_plus_PE_count,0.1285021574314162
820,count_additive,count_plus_PE_count,0.12296355741278708
821,count_additive,count_plus_PE_count,0.1312571686157213
822,count_additive,count_plus_PE_count,0.12368145432741379
823,count_additive,count_plus_PE_count,0.12694151350220778
824,count_additive,count_plus_PE_count,0.12413902355410578
825,count_additive,count_plus_PE_count,0.13147000972436867
826,count_additive,count_plus_PE_count,0.12018691522557143
827,count_additive,count_plus_PE_count,0.13350035173605834
828,count_additive,count_plus_PE_count,0.1264009397144742
829,count_additive,count_plus_PE_count,0.13183508668446925
830,count_additive,count_plus_PE_count,0.12071856356113647
831,count_additive,count_plus_PE_count,0.12672473690981462
832,count_additive,count_plus_PE_count,0.12082964323427531
833,count_additive,count_plus_PE_count,0.12886361443738975
834,count_additive,count_plus_PE_count,0.12312888295376334
835,count_additive,count_plus_PE_count,0.12428524075353337
836,count_additive,count_plus_PE_count,0.12488893352505631
837,count_additive,count_plus_PE_count,0.11903831810922533
838,count_additive,count_plus_PE_count,0.13024384306498432
839,count_additive,count_plus_PE_count,0.12623508705958764
840,count_additive,count_plus_PE_count,0.12946164624408213
841,count_additive,count_plus_PE_count,0.12954114123797894
842,count_additive,count_plus_PE_count,0.1315039739190812
843,count_additive,count_plus_PE_count,0.12550147394810435
844,count_additive,count_plus_PE_count,0.13397182417560793
845,count_additive,count_plus_PE_count,0.12675903124830135
846,count_additive,count_plus_PE_count,0.13276221869190125
847,count_additive,count_plus_PE_count,0.12364990858562719
848,count_additive,count_plus_PE_count,0.13175504166378343
849,count_additive,count_plus_PE_count,0.1256375753225567
850,count_additive,count_plus_PE_count,0.12460698598961284
851,count_additive,count_plus_PE_count,0.12249508418581911
852,count_additive,count_plus_PE_count,0.12149584553261822
853,count_additive,count_plus_PE_count,0.12844525807411866
854,count_additive,count_plus_PE_count,0.13060805158075262
855,count_additive,count_plus_PE_count,0.12435480056729653
856,count_additive,count_plus_PE_count,0.12863619480559946
857,count_additive,count_plus_PE_count,0.130435795637716
858,count_additive,count_plus_PE_count,0.12883207988224876
859,count_additive,count_plus_PE_count,0.12714664845191914
860,count_additive,count_plus_PE_count,0.1264319503672739
861,count_additive,count_plus_PE_count,0.1254664337268706
862,count_additive,count_plus_PE_count,0.12412608612392567
863,count_additive,count_plus_PE_count,0.12176485348126029
864,count_additive,count_plus_PE_count,0.12332079361803466
865,count_additive,count_plus_PE_count,0.1279888250090377
866,count_additive,count_plus_PE_count,0.13104009967761598
867,count_additive,count_plus_PE_count,0.12340496768759157
868,count_additive,count_plus_PE_count,0.12802399112666923
869,count_additive,count_plus_PE_count,0.12261436955405502
870,count_additive,count_plus_PE_count,0.11856341279214275
871,count_additive,count_plus_PE_count,0.12259409106084654
872,count_additive,count_plus_PE_count,0.1258701384411855
873,count_additive,count_plus_PE_count,0.12748815301744443
874,count_additive,count_plus_PE_count,0.12688973745080595
875,count_additive,count_plus_PE_count,0.13235061878574977
876,count_additive,count_plus_PE_count,0.11955182963262415
877,count_additive,count_plus_PE_count,0.11932848107733071
878,count_additive,count_plus_PE_count,0.13655936211753134
879,count_additive,count_plus_PE_count,0.1265897279481238
880,count_additive,count_plus_PE_count,0.120745836635092
881,count_additive,count_plus_PE_count,0.1297347618520538
882,count_additive,count_plus_PE_count,0.12329437696376833
883,count_additive,count_plus_PE_count,0.12311138610009004
884,count_additive,count_plus_PE_count,0.13140989028156957
885,count_additive,count_plus_PE_count,0.1240384358238758
886,count_additive,count_plus_PE_count,0.12476581401340298
887,count_additive,count_plus_PE_count,0.12635608204021986
888,count_additive,count_plus_PE_count,0.12708071794986503
889,count_additive,count_plus_PE_count,0.12586930749085834
890,count_additive,count_plus_PE_count,0.12497851435974144
891,count_additive,count_plus_PE_count,0.12249461363063252
892,count_additive,count_plus_PE_count,0.12236432837018751
893,count_additive,count_plus_PE_count,0.1287153011177764
894,count_additive,count_plus_PE_count,0.12998219217111207
895,count_additive,count_plus_PE_count,0.12995182591555948
896,count_additive,count_plus_PE_count,0.124217487507159
897,count_additive,count_plus_PE_count,0.12462421172645238
898,count_additive,count_plus_PE_count,0.1268333699146898
899,count_additive,count_plus_PE_count,0.12620164296820152
900,count_additive,count_plus_PE_count,0.12058359880884678
901,count_additive,count_plus_PE_count,0.13013083514377527
902,count_additive,count_plus_PE_count,0.12817532826497546
903,count_additive,count_plus_PE_count,0.12234288137189761
904,count_additive,count_plus_PE_count,0.13343902599342855
905,count_additive,count_plus_PE_count,0.12085261156501378
906,count_additive,count_plus_PE_count,0.12920083027889234
907,count_additive,count_plus_PE_count,0.12333439470494187
908,count_additive,count_plus_PE_count,0.1262081932560044
909,count_additive,count_plus_PE_count,0.12849479495498373
910,count_additive,count_plus_PE_count,0.13051829672396664
911,count_additive,count_plus_PE_count,0.12596433149583985
912,count_additive,count_plus_PE_count,0.12723263179281885
913,count_additive,count_plus_PE_count,0.12794681163569865
914,count_additive,count_plus_PE_count,0.12793802268985677
915,count_additive,count_plus_PE_count,0.12854336616885959
916,count_additive,count_plus_PE_count,0.12414683454912301
917,count_additive,count_plus_PE_count,0.1258062511807468
918,count_additive,count_plus_PE_count,0.12565348769470788
919,count_additive,count_plus_PE_count,0.12482812321224035
920,count_additive,count_plus_PE_count,0.12327509190775882
921,count_additive,count_plus_PE_count,0.12332203475856596
922,count_additive,count_plus_PE_count,0.13040183734737532
923,count_additive,count_plus_PE_count,0.12999712387506185
924,count_additive,count_plus_PE_count,0.11909303948679623
925,count_additive,count_plus_PE_count,0.1295557726574999
926,count_additive,count_plus_PE_count,0.12604622069239518
927,count_additive,count_plus_PE_count,0.12836641904761364
928,count_additive,count_plus_PE_count,0.1202808803510779
929,count_additive,count_plus_PE_count,0.12845814623558266
930,count_additive,count_plus_PE_count,0.12958006662196986
931,count_additive,count_plus_PE_count,0.1250858317855475
932,count_additive,count_plus_PE_count,0.130337640762557
933,count_additive,count_plus_PE_count,0.12723096969258174
934,count_additive,count_plus_PE_count,0.13085517763741777
935,count_additive,count_plus_PE_count,0.12760006344404135
936,count_additive,count_plus_PE_count,0.12856805300331547
937,count_additive,count_plus_PE_count,0.12824961794788936
938,count_additive,count_plus_PE_count,0.12583998461989265
939,count_additive,count_plus_PE_count,0.12566421565716202
940,count_additive,count_plus_PE_count,0.12524298845129417
941,count_additive,count_plus_PE_count,0.12639043176822887
942,count_additive,count_plus_PE_count,0.12757980682674935
943,count_additive,count_plus_PE_count,0.12830567672199827
944,count_additive,count_plus_PE_count,0.12577505030244235
945,count_additive,count_plus_PE_count,0.12659310471862445
946,count_additive,count_plus_PE_count,0.12930306380088008
947,count_additive,count_plus_PE_count,0.12684837782588732
948,count_additive,count_plus_PE_count,0.12577278403895076
949,count_additive,count_plus_PE_count,0.1186977675120332
950,count_additive,count_plus_PE_count,0.12626035453671447
951,count_additive,count_plus_PE_count,0.1300316642926599
952,count_additive,count_plus_PE_count,0.12400950864176491
953,count_additive,count_plus_PE_count,0.1264231586493259
954,count_additive,count_plus_PE_count,0.1271577849229874
955,count_additive,count_plus_PE_count,0.12466787719028471
956,count_additive,count_plus_PE_count,0.12422614866465786
957,count_additive,count_plus_PE_count,0.1268942182250502
958,count_additive,count_plus_PE_count,0.1261020317234906
959,count_additive,count_plus_PE_count,0.1240457429577666
960,count_additive,count_plus_PE_count,0.12518158446157374
961,count_additive,count_plus_PE_count,0.12234066087619183
962,count_additive,count_plus_PE_count,0.1249329697932226
963,count_additive,count_plus_PE_count,0.12470525806289329
964,count_additive,count_plus_PE_count,0.1252499986959446
965,count_additive,count_plus_PE_count,0.13294942992100706
966,count_additive,count_plus_PE_count,0.12410595865586094
967,count_additive,count_plus_PE_count,0.12628876546223078
968,count_additive,count_plus_PE_count,0.13033550115386233
969,count_additive,count_plus_PE_count,0.12728797697513744
970,count_additive,count_plus_PE_count,0.12423096244033721
971,count_additive,count_plus_PE_count,0.12734238168884404
972,count_additive,count_plus_PE_count,0.1260155302808837
973,count_additive,count_plus_PE_count,0.1270522781478649
974,count_additive,count_plus_PE_count,0.1309099934408488
975,count_additive,count_plus_PE_count,0.1276958310707959
976,count_additive,count_plus_PE_count,0.13038749724667592
977,count_additive,count_plus_PE_count,0.13203765624852237
978,count_additive,count_plus_PE_count,0.1263956190272234
979,count_additive,count_plus_PE_count,0.12831112900648733
980,count_additive,count_plus_PE_count,0.12643011409762017
981,count_additive,count_plus_PE_count,0.12681448801094386
982,count_additive,count_plus_PE_count,0.12798353820094216
983,count_additive,count_plus_PE_count,0.12516668582579327
984,count_additive,count_plus_PE_count,0.11920439734346844
985,count_additive,count_plus_PE_count,0.12813118622053266
986,count_additive,count_plus_PE_count,0.1286742894155557
987,count_additive,count_plus_PE_count,0.12618880786181674
988,count_additive,count_plus_PE_count,0.13385661418005085
989,count_additive,count_plus_PE_count,0.12986774070813378
990,count_additive,count_plus_PE_count,0.12610870242310673
991,count_additive,count_plus_PE_count,0.12347756228314871
992,count_additive,count_plus_PE_count,0.12426575161361764
993,count_additive,count_plus_PE_count,0.12328165344196945
994,count_additive,count_plus_PE_count,0.13030411094498223
995,count_additive,count_plus_PE_count,0.13115865789458103
996,count_additive,count_plus_PE_count,0.12913879328461159
997,count_additive,count_plus_PE_count,0.12799815917581148
998,count_additive,count_plus_PE_count,0.126045904812279
999,count_additive,count_plus_PE_count,0.13033249924485107
1000,count_additive,count_plus_PE_count,0.12855689263422243
1001,count_additive,count_plus_PE_count,0.1283272593424441
1002,count_additive,count_plus_PE_count,0.13040432570548227
1003,count_additive,count_plus_PE_count,0.12762729785059262
1004,count_additive,count_plus_PE_count,0.12830334909444197
1005,count_additive,count_plus_PE_count,0.12702896735875746
1006,count_additive,count_plus_PE_count,0.12778596331347436
1007,count_additive,count_plus_PE_count,0.12226457768063098
1008,count_additive,count_plus_PE_count,0.12665528958693967
1009,count_additive,count_plus_PE_count,0.12598349497944394
1010,count_additive,count_plus_PE_count,0.12883063899668212
1011,count_additive,count_plus_PE_count,0.12873208567701427
1012,count_additive,count_plus_PE_count,0.12774425930003996
1013,count_additive,count_plus_PE_count,0.12352600729000413
1014,count_additive,count_plus_PE_count,0.12671114146079349
1015,count_additive,count_plus_PE_count,0.12622143689494192
1016,count_additive,count_plus_PE_count,0.1287370213995171
1017,count_additive,count_plus_PE_count,0.129699824792177
1018,count_additive,count_plus_PE_count,0.12963688195476664
1019,count_additive,count_plus_PE_count,0.12716852195541145
1020,count_additive,count_plus_PE_count,0.12036371071576038
1021,count_additive,count_plus_PE_count,0.12756028992008217
1022,count_additive,count_plus_PE_count,0.13440285992675088
1023,count_additive,count_plus_PE_count,0.1224718639802114
1024,count_additive,count_plus_PE_count,0.13168153577165748
1025,count_additive,count_plus_PE_count,0.12646840173881907
1026,count_additive,count_plus_PE_count,0.1263986982105852
1027,count_additive,count_plus_PE_count,0.1265203389924796
1028,count_additive,count_plus_PE_count,0.12806227988512942
1029,count_additive,count_plus_PE_count,0.12348556357515056
1030,count_additive,count_plus_PE_count,0.1244098789890265
1031,count_additive,count_plus_PE_count,0.13005967840566285
1032,count_additive,count_plus_PE_count,0.12802910006994683
1033,count_additive,count_plus_PE_count,0.13044083746924695
1034,count_additive,count_plus_PE_count,0.13203597819055163
1035,count_additive,count_plus_PE_count,0.12909307931177055
1036,count_additive,count_plus_PE_count,0.1279363651234992
1037,count_additive,count_plus_PE_count,0.1232864242182663
1038,count_additive,count_plus_PE_count,0.12013679799705959
1039,count_additive,count_plus_PE_count,0.12943222393872372
1040,count_additive,count_plus_PE_count,0.12876512268471108
1041,count_additive,count_plus_PE_count,0.12122122325393314
1042,count_additive,count_plus_PE_count,0.12146326395646578
1043,count_additive,count_plus_PE_count,0.12778788761913323
1044,count_additive,count_plus_PE_count,0.12456942782508601
1045,count_additive,count_plus_PE_count,0.12433496180867548
1046,count_additive,count_plus_PE_count,0.12444602304275865
1047,count_additive,count_plus_PE_count,0.1255782251364158
1048,count_additive,count_plus_PE_count,0.12712122258214525
1049,count_additive,count_plus_PE_count,0.12233410154518307
1050,count_additive,count_plus_PE_count,0.12776404308020023
1051,count_additive,count_plus_PE_count,0.1235747031663898
1052,count_additive,count_plus_PE_count,0.12810448013730186
1053,count_additive,count_plus_PE_count,0.12434311951056082
1054,count_additive,count_plus_PE_count,0.12243352274417374
1055,count_additive,count_plus_PE_count,0.12743249141045976
1056,count_additive,count_plus_PE_count,0.13044764400586167
1057,count_additive,count_plus_PE_count,0.1286798041259048
1058,count_additive,count_plus_PE_count,0.12698443777791968
1059,count_additive,count_plus_PE_count,0.13198283904300623
1060,count_additive,count_plus_PE_count,0.12884446119881449
1061,count_additive,count_plus_PE_count,0.12612963070579264
1062,count_additive,count_plus_PE_count,0.12613834635063553
1063,count_additive,count_plus_PE_count,0.126184871602935
1064,count_additive,count_plus_PE_count,0.12726930065865888
1065,count_additive,count_plus_PE_count,0.12577257349210524
1066,count_additive,count_plus_PE_count,0.128539835379126
1067,count_additive,count_plus_PE_count,0.133140248869489
1068,count_additive,count_plus_PE_count,0.12625421650971547
1069,count_additive,count_plus_PE_count,0.12589459972932387
1070,count_additive,count_plus_PE_count,0.14076555250051198
1071,count_additive,count_plus_PE_count,0.1287925599319545
1072,count_additive,count_plus_PE_count,0.12687631817941136
1073,count_additive,count_plus_PE_count,0.1285977460967248
1074,count_additive,count_plus_PE_count,0.12757318944094825
1075,count_additive,count_plus_PE_count,0.12204594165975569
1076,count_additive,count_plus_PE_count,0.127486484389357
1077,count_additive,count_plus_PE_count,0.12282476145949511
1078,count_additive,count_plus_PE_count,0.13301590283505332
1079,count_additive,count_plus_PE_count,0.12661455447884262
1080,count_additive,count_plus_PE_count,0.1293832242629362
1081,count_additive,count_plus_PE_count,0.13371212229973234
1082,count_additive,count_plus_PE_count,0.1281531064629156
1083,count_additive,count_plus_PE_count,0.128437887726925
1084,count_additive,count_plus_PE_count,0.13061731761216672
1085,count_additive,count_plus_PE_count,0.126336977484094
1086,count_additive,count_plus_PE_count,0.12956239514125378
1087,count_additive,count_plus_PE_count,0.1245756043255064
1088,count_additive,count_plus_PE_count,0.12587985987300315
1089,count_additive,count_plus_PE_count,0.12503849598251304
1090,count_additive,count_plus_PE_count,0.1317734675646977
1091,count_additive,count_plus_PE_count,0.12573076862963956
1092,count_additive,count_plus_PE_count,0.13136956272689093
1093,count_additive,count_plus_PE_count,0.12398272133845745
1094,count_additive,count_plus_PE_count,0.1241743636525805
1095,count_additive,count_plus_PE_count,0.12636653940777365
1096,count_additive,count_plus_PE_count,0.12661498351136308
1097,count_additive,count_plus_PE_count,0.12193686402162993
1098,count_additive,count_plus_PE_count,0.12890389982816497
1099,count_additive,count_plus_PE_count,0.12976603600894726
1100,count_additive,count_plus_PE_count,0.12472679690722055
1101,count_additive,count_plus_PE_count,0.12549912701640858
1102,count_additive,count_plus_PE_count,0.12829331426686158
1103,count_additive,count_plus_PE_count,0.12228618241872019
1104,count_additive,count_plus_PE_count,0.127067447664654
1105,count_additive,count_plus_PE_count,0.12634160537838707
1106,count_additive,count_plus_PE_count,0.11880452780442977
1107,count_additive,count_plus_PE_count,0.12578733317645246
1108,count_additive,count_plus_PE_count,0.1321675689357414
1109,count_additive,count_plus_PE_count,0.12301073842309318
1110,count_additive,count_plus_PE_count,0.12762916984541817
1111,count_additive,count_plus_PE_count,0.1337459690127919
1112,count_additive,count_plus_PE_count,0.1322690336009354
1113,count_additive,count_plus_PE_count,0.1317478961030526
1114,count_additive,count_plus_PE_count,0.12853040192489823
1115,count_additive,count_plus_PE_count,0.12042519192846207
1116,count_additive,count_plus_PE_count,0.12277284776432135
1117,count_additive,count_plus_PE_count,0.1278867259716686
1118,count_additive,count_plus_PE_count,0.12927852169114246
1119,count_additive,count_plus_PE_count,0.1183641265922043
1120,count_additive,count_plus_PE_count,0.1215848428202998
1121,count_additive,count_plus_PE_count,0.12407773385374177
1122,count_additive,count_plus_PE_count,0.12580891771661917
1123,count_additive,count_plus_PE_count,0.12958875652731155
1124,count_additive,count_plus_PE_count,0.13214191844141615
1125,count_additive,count_plus_PE_count,0.12463177292583155
1126,count_additive,count_plus_PE_count,0.1215554105615283
1127,count_additive,count_plus_PE_count,0.12717118218175327
1128,count_additive,count_plus_PE_count,0.11943363962852255
1129,count_additive,count_plus_PE_count,0.12703056665220525
1130,count_additive,count_plus_PE_count,0.12525030719702868
1131,count_additive,count_plus_PE_count,0.12905383475230753
1132,count_additive,count_plus_PE_count,0.12646032066028806
1133,count_additive,count_plus_PE_count,0.13071880210716796
1134,count_additive,count_plus_PE_count,0.1272466887819238
1135,count_additive,count_plus_PE_count,0.12579821235987493
1136,count_additive,count_plus_PE_count,0.12405317045410014
1137,count_additive,count_plus_PE_count,0.12765168590661063
1138,count_additive,count_plus_PE_count,0.12876384283054199
1139,count_additive,count_plus_PE_count,0.12437809741763967
1140,count_additive,count_plus_PE_count,0.12286030515435764
1141,count_additive,count_plus_PE_count,0.12242817406370343
1142,count_additive,count_plus_PE_count,0.12990845522047212
1143,count_additive,count_plus_PE_count,0.12741133945688066
1144,count_additive,count_plus_PE_count,0.12445788475955566
1145,count_additive,count_plus_PE_count,0.12401451694777388
1146,count_additive,count_plus_PE_count,0.12488253888301792
1147,count_additive,count_plus_PE_count,0.13069030310620566
1148,count_additive,count_plus_PE_count,0.12188197807805945
1149,count_additive,count_plus_PE_count,0.12593553839787763
1150,count_additive,count_plus_PE_count,0.12874746118219543
1151,count_additive,count_plus_PE_count,0.13244580656730226
1152,count_additive,count_plus_PE_count,0.1277640037062906
1153,count_additive,count_plus_PE_count,0.12214293463365533
1154,count_additive,count_plus_PE_count,0.1249117772627904
1155,count_additive,count_plus_PE_count,0.12874681254134973
1156,count_additive,count_plus_PE_count,0.12365572259010121
1157,count_additive,count_plus_PE_count,0.1290813431892146
1158,count_additive,count_plus_PE_count,0.12976635891458876
1159,count_additive,count_plus_PE_count,0.12455511580292739
1160,count_additive,count_plus_PE_count,0.12978366566886168
1161,count_additive,count_plus_PE_count,0.12709982877275333
1162,count_additive,count_plus_PE_count,0.1248140108759607
1163,count_additive,count_plus_PE_count,0.12984660226943806
1164,count_additive,count_plus_PE_count,0.12499987223766984
1165,count_additive,count_plus_PE_count,0.128800688182652
1166,count_additive,count_plus_PE_count,0.13189751130279087
1167,count_additive,count_plus_PE_count,0.12858267730330525
1168,count_additive,count_plus_PE_count,0.1281745148262209
1169,count_additive,count_plus_PE_count,0.12479705662153529
1170,count_additive,count_plus_PE_count,0.13290645645910892
1171,count_additive,count_plus_PE_count,0.12119710067544695
1172,count_additive,count_plus_PE_count,0.12743076872605752
1173,count_additive,count_plus_PE_count,0.12533600907055842
1174,count_additive,count_plus_PE_count,0.12697214728559486
1175,count_additive,count_plus_PE_count,0.12756515875720897
1176,count_additive,count_plus_PE_count,0.12684441942660662
1177,count_additive,count_plus_PE_count,0.13371889532446557
1178,count_additive,count_plus_PE_count,0.1247264343395803
1179,count_additive,count_plus_PE_count,0.13366288496179918
1180,count_additive,count_plus_PE_count,0.12640776943811405
1181,count_additive,count_plus_PE_count,0.12387481844393416
1182,count_additive,count_plus_PE_count,0.12825802835182248
1183,count_additive,count_plus_PE_count,0.1287765857974068
1184,count_additive,count_plus_PE_count,0.13479639181984027
1185,count_additive,count_plus_PE_count,0.13234729083466562
1186,count_additive,count_plus_PE_count,0.129442190964406
1187,count_additive,count_plus_PE_count,0.12111324275878757
1188,count_additive,count_plus_PE_count,0.12935932374983095
1189,count_additive,count_plus_PE_count,0.1270639701470269
1190,count_additive,count_plus_PE_count,0.13111774069361049
1191,count_additive,count_plus_PE_count,0.12127562392789881
1192,count_additive,count_plus_PE_count,0.12918658397388882
1193,count_additive,count_plus_PE_count,0.12024556895723254
1194,count_additive,count_plus_PE_count,0.13534425617728668
1195,count_additive,count_plus_PE_count,0.12671982748901944
1196,count_additive,count_plus_PE_count,0.12158961660520662
1197,count_additive,count_plus_PE_count,0.12519227763621454
1198,count_additive,count_plus_PE_count,0.12863456864581568
1199,count_additive,count_plus_PE_count,0.12382129038132489
1200,count_additive,count_plus_PE_count,0.12448476759747346
1201,count_additive,count_plus_PE_count,0.116432873313535
1202,count_additive,count_plus_PE_count,0.12450353319101626
1203,count_additive,count_plus_PE_count,0.1272660036893451
1204,count_additive,count_plus_PE_count,0.12300645104288566
1205,count_additive,count_plus_PE_count,0.12542728627808325
1206,count_additive,count_plus_PE_count,0.1290019978068454
1207,count_additive,count_plus_PE_count,0.12391011283518
1208,count_additive,count_plus_PE_count,0.11839719579138053
1209,count_additive,count_plus_PE_count,0.1203614264004575
1210,count_additive,count_plus_PE_count,0.12990046492683455
1211,count_additive,count_plus_PE_count,0.12499203905477863
1212,count_additive,count_plus_PE_count,0.12504703265900008
1213,count_additive,count_plus_PE_count,0.13219989031503981
1214,count_additive,count_plus_PE_count,0.12872217900374605
1215,count_additive,count_plus_PE_count,0.1298839077363833
1216,count_additive,count_plus_PE_count,0.12603641279372746
1217,count_additive,count_plus_PE_count,0.12440619796398616
1218,count_additive,count_plus_PE_count,0.12547614910081462
1219,count_additive,count_plus_PE_count,0.12559921580607042
1220,count_additive,count_plus_PE_count,0.12419042510518791
1221,count_additive,count_plus_PE_count,0.12760918721326064
1222,count_additive,count_plus_PE_count,0.12851980760311033
1223,count_additive,count_plus_PE_count,0.12557007327092767
1224,count_additive,count_plus_PE_count,0.12605393984953922
1225,count_additive,count_plus_PE_count,0.12889905165820909
1226,count_additive,count_plus_PE_count,0.11418571497140456
1227,count_additive,count_plus_PE_count,0.12220575773185463
1228,count_additive,count_plus_PE_count,0.12697732279197843
1229,count_additive,count_plus_PE_count,0.12560506585823
1230,count_additive,count_plus_PE_count,0.12996082207215925
1231,count_additive,count_plus_PE_count,0.13096675800129753
1232,count_additive,count_plus_PE_count,0.12830321464722455
1233,count_additive,count_plus_PE_count,0.1283233634650397
1234,count_additive,count_plus_PE_count,0.12431303359895612
1235,count_additive,count_plus_PE_count,0.13062724509675938
1236,count_additive,count_plus_PE_count,0.13129672747366256
1237,count_additive,count_plus_PE_count,0.12823647856233467
1238,count_additive,count_plus_PE_count,0.126311324359143
1239,count_additive,count_plus_PE_count,0.1362821892082145
1240,count_additive,count_plus_PE_count,0.1298124595481963
1241,count_additive,count_plus_PE_count,0.12490302436252126
1242,count_additive,count_plus_PE_count,0.12790176225824107
1243,count_additive,count_plus_PE_count,0.12457609033481576
1244,count_additive,count_plus_PE_count,0.12403706777757739
1245,count_additive,count_plus_PE_count,0.1272336812936798
1246,count_additive,count_plus_PE_count,0.12576186209674978
1247,count_additive,count_plus_PE_count,0.1250364690373985
1248,count_additive,count_plus_PE_count,0.11971607691170491
1249,count_additive,count_plus_PE_count,0.12292895134597409
1250,count_additive,count_plus_PE_count,0.11797617109074812
1251,count_additive,count_plus_PE_count,0.1241018494484944
1252,count_additive,count_plus_PE_count,0.12187141474925867
1253,count_additive,count_plus_PE_count,0.12403196654428511
1254,count_additive,count_plus_PE_count,0.12601627595519405
1255,count_additive,count_plus_PE_count,0.13188148264353772
1256,count_additive,count_plus_PE_count,0.1313693284186459
1257,count_additive,count_plus_PE_count,0.13013562835203824
1258,count_additive,count_plus_PE_count,0.12471284425163659
1259,count_additive,count_plus_PE_count,0.13456291856634223
1260,count_additive,count_plus_PE_count,0.12023326860424904
1261,count_additive,count_plus_PE_count,0.13061565866604846
1262,count_additive,count_plus_PE_count,0.1220507096973239
1263,count_additive,count_plus_PE_count,0.12363988878904361
1264,count_additive,count_plus_PE_count,0.12391163915422382
1265,count_additive,count_plus_PE_count,0.11751362960300135
1266,count_additive,count_plus_PE_count,0.12387517895219552
1267,count_additive,count_plus_PE_count,0.12424138720866762
1268,count_additive,count_plus_PE_count,0.12858546431799966
1269,count_additive,count_plus_PE_count,0.12386664490747956
1270,count_additive,count_plus_PE_count,0.12804916472038375
1271,count_additive,count_plus_PE_count,0.13258736404844818
1272,count_additive,count_plus_PE_count,0.12747904301618224
1273,count_additive,count_plus_PE_count,0.12870339814053106
1274,count_additive,count_plus_PE_count,0.13171303871082246
1275,count_additive,count_plus_PE_count,0.12633079636097394
1276,count_additive,count_plus_PE_count,0.12040574618453731
1277,count_additive,count_plus_PE_count,0.13099836844960516
1278,count_additive,count_plus_PE_count,0.1236167594720094
1279,count_additive,count_plus_PE_count,0.12787707596802173
1280,count_additive,count_plus_PE_count,0.13106112681890048
1281,count_additive,count_plus_PE_count,0.12134785205777829
1282,count_additive,count_plus_PE_count,0.1251790400945258
1283,count_additive,count_plus_PE_count,0.12189077976339321
1284,count_additive,count_plus_PE_count,0.12709293365760466
1285,count_additive,count_plus_PE_count,0.13315489934143915
1286,count_additive,count_plus_PE_count,0.12721107927413022
1287,count_additive,count_plus_PE_count,0.12137113392347809
1288,count_additive,count_plus_PE_count,0.1286605285512163
1289,count_additive,count_plus_PE_count,0.12346162408204814
1290,count_additive,count_plus_PE_count,0.12216856879350879
1291,count_additive,count_plus_PE_count,0.1292484686629921
1292,count_additive,count_plus_PE_count,0.12992793025293498
1293,count_additive,count_plus_PE_count,0.12827716484676877
1294,count_additive,count_plus_PE_count,0.13237135921796728
1295,count_additive,count_plus_PE_count,0.12844604812755678
1296,count_additive,count_plus_PE_count,0.13065113842528064
1297,count_additive,count_plus_PE_count,0.12116533198998974
1298,count_additive,count_plus_PE_count,0.12447075664500307
1299,count_additive,count_plus_PE_count,0.12192955833714869
1300,count_additive,count_plus_PE_count,0.13139907012448515
1301,count_additive,count_plus_PE_count,0.129588453164308
1302,count_additive,count_plus_PE_count,0.12656863247012662
1303,count_additive,count_plus_PE_count,0.12828605066173648
1304,count_additive,count_plus_PE_count,0.12331874970914158
1305,count_additive,count_plus_PE_count,0.12552760491462134
1306,count_additive,count_plus_PE_count,0.12346495219392306
1307,count_additive,count_plus_PE_count,0.12579021209727553
1308,count_additive,count_plus_PE_count,0.1348669719220119
1309,count_additive,count_plus_PE_count,0.12134533377952089
1310,count_additive,count_plus_PE_count,0.1255204258691498
1311,count_additive,count_plus_PE_count,0.12477626131860187
1312,count_additive,count_plus_PE_count,0.13135735716266606
1313,count_additive,count_plus_PE_count,0.12746746146446303
1314,count_additive,count_plus_PE_count,0.1310470825595944
1315,count_additive,count_plus_PE_count,0.12404359420505154
1316,count_additive,count_plus_PE_count,0.12426213343650766
1317,count_additive,count_plus_PE_count,0.1281174744063397
1318,count_additive,count_plus_PE_count,0.12768054820987945
1319,count_additive,count_plus_PE_count,0.12977691873071917
1320,count_additive,count_plus_PE_count,0.12356098496350054
1321,count_additive,count_plus_PE_count,0.11618727828199771
1322,count_additive,count_plus_PE_count,0.12815763699162913
1323,count_additive,count_plus_PE_count,0.1260977759412787
1324,count_additive,count_plus_PE_count,0.1286435971603168
1325,count_additive,count_plus_PE_count,0.12367264049979981
1326,count_additive,count_plus_PE_count,0.12498945728918148
1327,count_additive,count_plus_PE_count,0.12360997924306122
1328,count_additive,count_plus_PE_count,0.12607279872420196
1329,count_additive,count_plus_PE_count,0.1306518492270129
1330,count_additive,count_plus_PE_count,0.1314828128133853
1331,count_additive,count_plus_PE_count,0.12764125992006037
1332,count_additive,count_plus_PE_count,0.13159887271610227
1333,count_additive,count_plus_PE_count,0.12892249451332
1334,count_additive,count_plus_PE_count,0.12981157884240097
1335,count_additive,count_plus_PE_count,0.12365549996914954
1336,count_additive,count_plus_PE_count,0.1290228512713752
1337,count_additive,count_plus_PE_count,0.12407861911849322
1338,count_additive,count_plus_PE_count,0.12821647796699265
1339,count_additive,count_plus_PE_count,0.12575576269240824
1340,count_additive,count_plus_PE_count,0.12501797078126548
1341,count_additive,count_plus_PE_count,0.12243791885777627
1342,count_additive,count_plus_PE_count,0.13041427852448356
1343,count_additive,count_plus_PE_count,0.12324414078404472
1344,count_additive,count_plus_PE_count,0.1293909929422845
1345,count_additive,count_plus_PE_count,0.12768115787688417
1346,count_additive,count_plus_PE_count,0.11984677186362969
1347,count_additive,count_plus_PE_count,0.12891062789655455
1348,count_additive,count_plus_PE_count,0.12370792311725873
1349,count_additive,count_plus_PE_count,0.12553110951274027
1350,count_additive,count_plus_PE_count,0.12453299538325624
1351,count_additive,count_plus_PE_count,0.12069234280255164
1352,count_additive,count_plus_PE_count,0.12401108395186738
1353,count_additive,count_plus_PE_count,0.12201098411274988
1354,count_additive,count_plus_PE_count,0.12787814401533598
1355,count_additive,count_plus_PE_count,0.12635440882511262
1356,count_additive,count_plus_PE_count,0.12773204275751787
1357,count_additive,count_plus_PE_count,0.12846275382763622
1358,count_additive,count_plus_PE_count,0.12616272854922467
1359,count_additive,count_plus_PE_count,0.1255601591128388
1360,count_additive,count_plus_PE_count,0.12725132730149702
1361,count_additive,count_plus_PE_count,0.12515979764594581
1362,count_additive,count_plus_PE_count,0.12740088893100548
1363,count_additive,count_plus_PE_count,0.13078148709651205
1364,count_additive,count_plus_PE_count,0.1284285065101059
1365,count_additive,count_plus_PE_count,0.12788773905042955
1366,count_additive,count_plus_PE_count,0.12503114806016763
1367,count_additive,count_plus_PE_count,0.12702393072710672
1368,count_additive,count_plus_PE_count,0.1301110375994453
1369,count_additive,count_plus_PE_count,0.13694098536667976
1370,count_additive,count_plus_PE_count,0.1251059187180535
1371,count_additive,count_plus_PE_count,0.12517095332560974
1372,count_additive,count_plus_PE_count,0.12396479936857036
1373,count_additive,count_plus_PE_count,0.12712041563652965
1374,count_additive,count_plus_PE_count,0.1310892682822259
1375,count_additive,count_plus_PE_count,0.12752642171032302
1376,count_additive,count_plus_PE_count,0.12320356574828933
1377,count_additive,count_plus_PE_count,0.12146451033841171
1378,count_additive,count_plus_PE_count,0.1258446099508086
1379,count_additive,count_plus_PE_count,0.12531235081142678
1380,count_additive,count_plus_PE_count,0.131902658344139
1381,count_additive,count_plus_PE_count,0.12772261809391966
1382,count_additive,count_plus_PE_count,0.12282773380149045
1383,count_additive,count_plus_PE_count,0.12547031311237694
1384,count_additive,count_plus_PE_count,0.12202058425856277
1385,count_additive,count_plus_PE_count,0.12062865083337951
1386,count_additive,count_plus_PE_count,0.12032600533370322
1387,count_additive,count_plus_PE_count,0.12703777956294765
1388,count_additive,count_plus_PE_count,0.12227815107978651
1389,count_additive,count_plus_PE_count,0.12343107544607496
1390,count_additive,count_plus_PE_count,0.1236839964513819
1391,count_additive,count_plus_PE_count,0.12485197054503316
1392,count_additive,count_plus_PE_count,0.1278059713462828
1393,count_additive,count_plus_PE_count,0.12445390484419022
1394,count_additive,count_plus_PE_count,0.12035426196569335
1395,count_additive,count_plus_PE_count,0.1276947845884192
1396,count_additive,count_plus_PE_count,0.13072333607915954
1397,count_additive,count_plus_PE_count,0.12699818419515652
1398,count_additive,count_plus_PE_count,0.12431981297557954
1399,count_additive,count_plus_PE_count,0.12754801304425062
1400,count_additive,count_plus_PE_count,0.12955428268708025
1401,count_additive,count_plus_PE_count,0.13239191951096774
1402,count_additive,count_plus_PE_count,0.12913775763253055
1403,count_additive,count_plus_PE_count,0.12131196163743027
1404,count_additive,count_plus_PE_count,0.12881610363972978
1405,count_additive,count_plus_PE_count,0.1298981424108736
1406,count_additive,count_plus_PE_count,0.13404670080284325
1407,count_additive,count_plus_PE_count,0.1289109147978993
1408,count_additive,count_plus_PE_count,0.12810830507128934
1409,count_additive,count_plus_PE_count,0.12006339284368422
1410,count_additive,count_plus_PE_count,0.12253070890056378
1411,count_additive,count_plus_PE_count,0.13254334817228258
1412,count_additive,count_plus_PE_count,0.12460174474715618
1413,count_additive,count_plus_PE_count,0.13187556699743685
1414,count_additive,count_plus_PE_count,0.1292386690490001
1415,count_additive,count_plus_PE_count,0.12086071326428927
1416,count_additive,count_plus_PE_count,0.12741967575506852
1417,count_additive,count_plus_PE_count,0.12252066131381767
1418,count_additive,count_plus_PE_count,0.12499308901003248
1419,count_additive,count_plus_PE_count,0.12095307186676288
1420,count_additive,count_plus_PE_count,0.12760031322454157
1421,count_additive,count_plus_PE_count,0.1242822399698843
1422,count_additive,count_plus_PE_count,0.12709987579392418
1423,count_additive,count_plus_PE_count,0.11992611255888022
1424,count_additive,count_plus_PE_count,0.13504696012721662
1425,count_additive,count_plus_PE_count,0.12886857427396375
1426,count_additive,count_plus_PE_count,0.13442100312807087
1427,count_additive,count_plus_PE_count,0.1262477607621328
1428,count_additive,count_plus_PE_count,0.12848403746306725
1429,count_additive,count_plus_PE_count,0.12447393712205945
1430,count_additive,count_plus_PE_count,0.1197718744009156
1431,count_additive,count_plus_PE_count,0.12382629226873343
1432,count_additive,count_plus_PE_count,0.12426824292648381
1433,count_additive,count_plus_PE_count,0.1254604784724817
1434,count_additive,count_plus_PE_count,0.12976606597207269
1435,count_additive,count_plus_PE_count,0.1312392145382471
1436,count_additive,count_plus_PE_count,0.12528185230699906
1437,count_additive,count_plus_PE_count,0.12341884107714468
1438,count_additive,count_plus_PE_count,0.13312553692922863
1439,count_additive,count_plus_PE_count,0.1268746705518417
1440,count_additive,count_plus_PE_count,0.12370241018396205
1441,count_additive,count_plus_PE_count,0.1309116259672245
1442,count_additive,count_plus_PE_count,0.1259826083684607
1443,count_additive,count_plus_PE_count,0.12747437653515992
1444,count_additive,count_plus_PE_count,0.12330888562521702
1445,count_additive,count_plus_PE_count,0.12633950431243718
1446,count_additive,count_plus_PE_count,0.12643982329846942
1447,count_additive,count_plus_PE_count,0.12531683399614485
1448,count_additive,count_plus_PE_count,0.12623057199487414
1449,count_additive,count_plus_PE_count,0.12205750618244465
1450,count_additive,count_plus_PE_count,0.13016326817716406
1451,count_additive,count_plus_PE_count,0.12364886991723822
1452,count_additive,count_plus_PE_count,0.1269499211911992
1453,count_additive,count_plus_PE_count,0.1283569051780814
1454,count_additive,count_plus_PE_count,0.1277187003774507
1455,count_additive,count_plus_PE_count,0.12313420242267875
1456,count_additive,count_plus_PE_count,0.1255997761961395
1457,count_additive,count_plus_PE_count,0.12528719147019313
1458,count_additive,count_plus_PE_count,0.11934190160194375
1459,count_additive,count_plus_PE_count,0.12361692028794108
1460,count_additive,count_plus_PE_count,0.13354663508443937
1461,count_additive,count_plus_PE_count,0.12501794368605418
1462,count_additive,count_plus_PE_count,0.12471687026926692
1463,count_additive,count_plus_PE_count,0.12691721264596878
1464,count_additive,count_plus_PE_count,0.12567481104152312
1465,count_additive,count_plus_PE_count,0.12255759586171666
1466,count_additive,count_plus_PE_count,0.12574251688655552
1467,count_additive,count_plus_PE_count,0.12906022918877363
1468,count_additive,count_plus_PE_count,0.119813681108065
1469,count_additive,count_plus_PE_count,0.12782768293732466
1470,count_additive,count_plus_PE_count,0.1319606348090248
1471,count_additive,count_plus_PE_count,0.13234267331261285
1472,count_additive,count_plus_PE_count,0.1292504294957474
1473,count_additive,count_plus_PE_count,0.1322422479432389
1474,count_additive,count_plus_PE_count,0.1268134234031953
1475,count_additive,count_plus_PE_count,0.1280573052322706
1476,count_additive,count_plus_PE_count,0.12919958114290941
1477,count_additive,count_plus_PE_count,0.12280724604501969
1478,count_additive,count_plus_PE_count,0.12632895321076332
1479,count_additive,count_plus_PE_count,0.12427572716221369
1480,count_additive,count_plus_PE_count,0.1312283247325564
1481,count_additive,count_plus_PE_count,0.12535796118598025
1482,count_additive,count_plus_PE_count,0.12417395802979608
1483,count_additive,count_plus_PE_count,0.130176274952075
1484,count_additive,count_plus_PE_count,0.1251238959331652
1485,count_additive,count_plus_PE_count,0.12981649030721965
1486,count_additive,count_plus_PE_count,0.12542170561579757
1487,count_additive,count_plus_PE_count,0.1271269287184853
1488,count_additive,count_plus_PE_count,0.12280713488897743
1489,count_additive,count_plus_PE_count,0.1265363132291505
1490,count_additive,count_plus_PE_count,0.12884262400920088
1491,count_additive,count_plus_PE_count,0.12157701239094851
1492,count_additive,count_plus_PE_count,0.12718636917159404
1493,count_additive,count_plus_PE_count,0.12815298873016545
1494,count_additive,count_plus_PE_count,0.12488965551061842
1495,count_additive,count_plus_PE_count,0.12514375565940306
1496,count_additive,count_plus_PE_count,0.12192960827777272
1497,count_additive,count_plus_PE_count,0.12867736331067942
1498,count_additive,count_plus_PE_count,0.12468925308064494
1499,count_additive,count_plus_PE_count,0.11619738738801663
1500,count_additive,count_plus_PE_count,0.1252601666260144
1501,count_additive,count_plus_PE_count,0.12938195315486167
1502,count_additive,count_plus_PE_count,0.12394491531929253
1503,count_additive,count_plus_PE_count,0.12043028291239449
1504,count_additive,count_plus_PE_count,0.12151565765365863
1505,count_additive,count_plus_PE_count,0.12422053062297073
1506,count_additive,count_plus_PE_count,0.12641788113586244
1507,count_additive,count_plus_PE_count,0.13306405768883406
1508,count_additive,count_plus_PE_count,0.12912154194681763
1509,count_additive,count_plus_PE_count,0.12457563045636716
1510,count_additive,count_plus_PE_count,0.1290968322344645
1511,count_additive,count_plus_PE_count,0.1315883663635597
1512,count_additive,count_plus_PE_count,0.13126458302101995
1513,count_additive,count_plus_PE_count,0.11827183826420748
1514,count_additive,count_plus_PE_count,0.12705457568237932
1515,count_additive,count_plus_PE_count,0.12841043322109746
1516,count_additive,count_plus_PE_count,0.12064979476178228
1517,count_additive,count_plus_PE_count,0.12069104811629605
1518,count_additive,count_plus_PE_count,0.12673485279694363
1519,count_additive,count_plus_PE_count,0.12459772017835063
1520,count_additive,count_plus_PE_count,0.1206238499151937
1521,count_additive,count_plus_PE_count,0.1249803516302675
1522,count_additive,count_plus_PE_count,0.12879219359734
1523,count_additive,count_plus_PE_count,0.12848234357436067
1524,count_additive,count_plus_PE_count,0.12288256920881202
1525,count_additive,count_plus_PE_count,0.13006328677205942
1526,count_additive,count_plus_PE_count,0.12984834400647605
1527,count_additive,count_plus_PE_count,0.12790301153527472
1528,count_additive,count_plus_PE_count,0.12280246753359136
1529,count_additive,count_plus_PE_count,0.13422043128842698
1530,count_additive,count_plus_PE_count,0.12736341107447963
1531,count_additive,count_plus_PE_count,0.129852132446999
1532,count_additive,count_plus_PE_count,0.12248012862609586
1533,count_additive,count_plus_PE_count,0.12254343957724989
1534,count_additive,count_plus_PE_count,0.12699475537796495
1535,count_additive,count_plus_PE_count,0.12543325114981196
1536,count_additive,count_plus_PE_count,0.13241811919221136
1537,count_additive,count_plus_PE_count,0.12969809655591924
1538,count_additive,count_plus_PE_count,0.13357775744738304
1539,count_additive,count_plus_PE_count,0.13472758099443366
1540,count_additive,count_plus_PE_count,0.12445950468421835
1541,count_additive,count_plus_PE_count,0.12744596269013153
1542,count_additive,count_plus_PE_count,0.12646452985798345
1543,count_additive,count_plus_PE_count,0.13237071153826113
1544,count_additive,count_plus_PE_count,0.12655880412646286
1545,count_additive,count_plus_PE_count,0.122994488564097
1546,count_additive,count_plus_PE_count,0.12431865825431404
1547,count_additive,count_plus_PE_count,0.1269498966278617
1548,count_additive,count_plus_PE_count,0.12244239090752107
1549,count_additive,count_plus_PE_count,0.11614195673288602
1550,count_additive,count_plus_PE_count,0.12723372948402756
1551,count_additive,count_plus_PE_count,0.1248841164695988
1552,count_additive,count_plus_PE_count,0.12364304087416239
1553,count_additive,count_plus_PE_count,0.1326099139215779
1554,count_additive,count_plus_PE_count,0.12481628676586115
1555,count_additive,count_plus_PE_count,0.129057559773595
1556,count_additive,count_plus_PE_count,0.12254534623100583
1557,count_additive,count_plus_PE_count,0.1270905547697554
1558,count_additive,count_plus_PE_count,0.12795255074476974
1559,count_additive,count_plus_PE_count,0.12436999345244193
1560,count_additive,count_plus_PE_count,0.12509261462248195
1561,count_additive,count_plus_PE_count,0.12281443806589898
1562,count_additive,count_plus_PE_count,0.12467113253243789
1563,count_additive,count_plus_PE_count,0.1299175028110069
1564,count_additive,count_plus_PE_count,0.11856260333122892
1565,count_additive,count_plus_PE_count,0.12451721921734893
1566,count_additive,count_plus_PE_count,0.12366538533065685
1567,count_additive,count_plus_PE_count,0.13254270864647077
1568,count_additive,count_plus_PE_count,0.11977457963342059
1569,count_additive,count_plus_PE_count,0.1262876473573319
1570,count_additive,count_plus_PE_count,0.12788784462838793
1571,count_additive,count_plus_PE_count,0.12586674202229187
1572,count_additive,count_plus_PE_count,0.126409576575571
1573,count_additive,count_plus_PE_count,0.12182942727044457
1574,count_additive,count_plus_PE_count,0.12972870284413612
1575,count_additive,count_plus_PE_count,0.12560498346117294
1576,count_additive,count_plus_PE_count,0.12607582832876013
1577,count_additive,count_plus_PE_count,0.1273331825810406
1578,count_additive,count_plus_PE_count,0.12414201654109513
1579,count_additive,count_plus_PE_count,0.12251170675844258
1580,count_additive,count_plus_PE_count,0.12026545804132982
1581,count_additive,count_plus_PE_count,0.13075558236706664
1582,count_additive,count_plus_PE_count,0.12170952931621581
1583,count_additive,count_plus_PE_count,0.13186526937626675
1584,count_additive,count_plus_PE_count,0.12561775136781095
1585,count_additive,count_plus_PE_count,0.12680372923296496
1586,count_additive,count_plus_PE_count,0.12737731719272805
1587,count_additive,count_plus_PE_count,0.12788534208017327
1588,count_additive,count_plus_PE_count,0.12849387048599153
1589,count_additive,count_plus_PE_count,0.12282247634731719
1590,count_additive,count_plus_PE_count,0.12604906057204296
1591,count_additive,count_plus_PE_count,0.12281450468945365
1592,count_additive,count_plus_PE_count,0.12385504212543325
1593,count_additive,count_plus_PE_count,0.12638188248262844
1594,count_additive,count_plus_PE_count,0.13340095224816112
1595,count_additive,count_plus_PE_count,0.12913608518971093
1596,count_additive,count_plus_PE_count,0.13060600575369363
1597,count_additive,count_plus_PE_count,0.1294120931982048
1598,count_additive,count_plus_PE_count,0.12202567135947545
1599,count_additive,count_plus_PE_count,0.1258550701516858
1600,count_additive,count_plus_PE_count,0.130493059550072
1601,count_additive,count_plus_PE_count,0.12385190674556817
1602,count_additive,count_plus_PE_count,0.13319919622952137
1603,count_additive,count_plus_PE_count,0.12475841331891796
1604,count_additive,count_plus_PE_count,0.12769186682726813
1605,count_additive,count_plus_PE_count,0.12842145031231172
1606,count_additive,count_plus_PE_count,0.12513981174289046
1607,count_additive,count_plus_PE_count,0.1274258578258634
1608,count_additive,count_plus_PE_count,0.13113888028569015
1609,count_additive,count_plus_PE_count,0.12866487060348042
1610,count_additive,count_plus_PE_count,0.12257082084714202
1611,count_additive,count_plus_PE_count,0.1303333222442168
1612,count_additive,count_plus_PE_count,0.12206735640454414
1613,count_additive,count_plus_PE_count,0.12058670996659662
1614,count_additive,count_plus_PE_count,0.12398543301246279
1615,count_additive,count_plus_PE_count,0.12497736910007146
1616,count_additive,count_plus_PE_count,0.1233536420090337
1617,count_additive,count_plus_PE_count,0.12307625646499254
1618,count_additive,count_plus_PE_count,0.12371725217864757
1619,count_additive,count_plus_PE_count,0.12673411204642693
1620,count_additive,count_plus_PE_count,0.1289736988132783
1621,count_additive,count_plus_PE_count,0.12458621279110854
1622,count_additive,count_plus_PE_count,0.1225464640815761
1623,count_additive,count_plus_PE_count,0.12208844170115213
1624,count_additive,count_plus_PE_count,0.1302654270448768
1625,count_additive,count_plus_PE_count,0.1270040630972713
1626,count_additive,count_plus_PE_count,0.12766253128415522
1627,count_additive,count_plus_PE_count,0.12918532467334237
1628,count_additive,count_plus_PE_count,0.12730990582898727
1629,count_additive,count_plus_PE_count,0.12438492561860404
1630,count_additive,count_plus_PE_count,0.12314374572041156
1631,count_additive,count_plus_PE_count,0.125709414003441
1632,count_additive,count_plus_PE_count,0.1282970107939429
1633,count_additive,count_plus_PE_count,0.12961386367763233
1634,count_additive,count_plus_PE_count,0.13267274446381433
1635,count_additive,count_plus_PE_count,0.12413324160719413
1636,count_additive,count_plus_PE_count,0.12686932896312364
1637,count_additive,count_plus_PE_count,0.1343306343975776
1638,count_additive,count_plus_PE_count,0.12790871069908916
1639,count_additive,count_plus_PE_count,0.12596609195402964
1640,count_additive,count_plus_PE_count,0.12329770777706517
1641,count_additive,count_plus_PE_count,0.13584455844988458
1642,count_additive,count_plus_PE_count,0.1263186130199861
1643,count_additive,count_plus_PE_count,0.1298187145969632
1644,count_additive,count_plus_PE_count,0.1240457784782103
1645,count_additive,count_plus_PE_count,0.12245247590353076
1646,count_additive,count_plus_PE_count,0.12871171463513442
1647,count_additive,count_plus_PE_count,0.12743552477526143
1648,count_additive,count_plus_PE_count,0.13294737902450848
1649,count_additive,count_plus_PE_count,0.1282559635386034
1650,count_additive,count_plus_PE_count,0.12464630377265526
1651,count_additive,count_plus_PE_count,0.12178087665461684
1652,count_additive,count_plus_PE_count,0.12674733624158824
1653,count_additive,count_plus_PE_count,0.12020161958815334
1654,count_additive,count_plus_PE_count,0.12041658680096406
1655,count_additive,count_plus_PE_count,0.1350013387359647
1656,count_additive,count_plus_PE_count,0.12892716781003788
1657,count_additive,count_plus_PE_count,0.1270659061946815
1658,count_additive,count_plus_PE_count,0.1274869660971421
1659,count_additive,count_plus_PE_count,0.12406918473293993
1660,count_additive,count_plus_PE_count,0.12223259802369735
1661,count_additive,count_plus_PE_count,0.13070694227094937
1662,count_additive,count_plus_PE_count,0.1209294274336355
1663,count_additive,count_plus_PE_count,0.12784139108880577
1664,count_additive,count_plus_PE_count,0.12938638396991275
1665,count_additive,count_plus_PE_count,0.12502649774627872
1666,count_additive,count_plus_PE_count,0.12501687302685893
1667,count_additive,count_plus_PE_count,0.12439546327572282
1668,count_additive,count_plus_PE_count,0.12366828313683292
1669,count_additive,count_plus_PE_count,0.12445064284116153
1670,count_additive,count_plus_PE_count,0.12313364256986209
1671,count_additive,count_plus_PE_count,0.13182714125731554
1672,count_additive,count_plus_PE_count,0.12729003765112695
1673,count_additive,count_plus_PE_count,0.12687600163012602
1674,count_additive,count_plus_PE_count,0.12678832882083235
1675,count_additive,count_plus_PE_count,0.1284472234252234
1676,count_additive,count_plus_PE_count,0.12876475277540572
1677,count_additive,count_plus_PE_count,0.12356887729116395
1678,count_additive,count_plus_PE_count,0.12802113000674997
1679,count_additive,count_plus_PE_count,0.12788714197814632
1680,count_additive,count_plus_PE_count,0.13100654360019098
1681,count_additive,count_plus_PE_count,0.12523137577867216
1682,count_additive,count_plus_PE_count,0.1249941228418463
1683,count_additive,count_plus_PE_count,0.12821270220159736
1684,count_additive,count_plus_PE_count,0.13303782628838284
1685,count_additive,count_plus_PE_count,0.12101720430247498
1686,count_additive,count_plus_PE_count,0.12054769647203567
1687,count_additive,count_plus_PE_count,0.12381792739397574
1688,count_additive,count_plus_PE_count,0.12894544822749238
1689,count_additive,count_plus_PE_count,0.12896965072215083
1690,count_additive,count_plus_PE_count,0.1256387709404299
1691,count_additive,count_plus_PE_count,0.12619346622651217
1692,count_additive,count_plus_PE_count,0.1270585065954401
1693,count_additive,count_plus_PE_count,0.12887512752103875
1694,count_additive,count_plus_PE_count,0.12175097478226848
1695,count_additive,count_plus_PE_count,0.1273648611238682
1696,count_additive,count_plus_PE_count,0.12818959452943607
1697,count_additive,count_plus_PE_count,0.12575754201932232
1698,count_additive,count_plus_PE_count,0.12338292178850963
1699,count_additive,count_plus_PE_count,0.13264554341104795
1700,count_additive,count_plus_PE_count,0.12336071672547672
1701,count_additive,count_plus_PE_count,0.12743650525430678
1702,count_additive,count_plus_PE_count,0.12487476326397617
1703,count_additive,count_plus_PE_count,0.1278244137462568
1704,count_additive,count_plus_PE_count,0.13310069262473745
1705,count_additive,count_plus_PE_count,0.13614490076062064
1706,count_additive,count_plus_PE_count,0.12685354306985802
1707,count_additive,count_plus_PE_count,0.12522113513412142
1708,count_additive,count_plus_PE_count,0.12273541040117858
1709,count_additive,count_plus_PE_count,0.12813581414490188
1710,count_additive,count_plus_PE_count,0.12875401676077297
1711,count_additive,count_plus_PE_count,0.13401471085609273
1712,count_additive,count_plus_PE_count,0.12394730395643588
1713,count_additive,count_plus_PE_count,0.13203645459553498
1714,count_additive,count_plus_PE_count,0.12897569196313352
1715,count_additive,count_plus_PE_count,0.1269857194941958
1716,count_additive,count_plus_PE_count,0.12275474467682918
1717,count_additive,count_plus_PE_count,0.1199095230401662
1718,count_additive,count_plus_PE_count,0.12336580656143942
1719,count_additive,count_plus_PE_count,0.1306809554380684
1720,count_additive,count_plus_PE_count,0.12926429561754
1721,count_additive,count_plus_PE_count,0.12824549251281264
1722,count_additive,count_plus_PE_count,0.13318733998185822
1723,count_additive,count_plus_PE_count,0.1299291832138617
1724,count_additive,count_plus_PE_count,0.12756523780709794
1725,count_additive,count_plus_PE_count,0.12315469508730248
1726,count_additive,count_plus_PE_count,0.12842193228945376
1727,count_additive,count_plus_PE_count,0.12625376332746752
1728,count_additive,count_plus_PE_count,0.12834934416092586
1729,count_additive,count_plus_PE_count,0.1272422112664524
1730,count_additive,count_plus_PE_count,0.12506292502060185
1731,count_additive,count_plus_PE_count,0.1264333626425685
1732,count_additive,count_plus_PE_count,0.12859926613693307
1733,count_additive,count_plus_PE_count,0.12323766583308202
1734,count_additive,count_plus_PE_count,0.12357293517647919
1735,count_additive,count_plus_PE_count,0.13047786215731866
1736,count_additive,count_plus_PE_count,0.12199998027008097
1737,count_additive,count_plus_PE_count,0.1274250295488233
1738,count_additive,count_plus_PE_count,0.12880496648305084
1739,count_additive,count_plus_PE_count,0.13175548244042412
1740,count_additive,count_plus_PE_count,0.12379582427612668
1741,count_additive,count_plus_PE_count,0.1292471534269496
1742,count_additive,count_plus_PE_count,0.13371418782781236
1743,count_additive,count_plus_PE_count,0.12654244052483843
1744,count_additive,count_plus_PE_count,0.12699014054276758
1745,count_additive,count_plus_PE_count,0.124875470652417
1746,count_additive,count_plus_PE_count,0.1352524245014804
1747,count_additive,count_plus_PE_count,0.12782868475336817
1748,count_additive,count_plus_PE_count,0.1274020556195835
1749,count_additive,count_plus_PE_count,0.1288314313825451
1750,count_additive,count_plus_PE_count,0.12607915462172498
1751,count_additive,count_plus_PE_count,0.1283724078832657
1752,count_additive,count_plus_PE_count,0.12157177451280526
1753,count_additive,count_plus_PE_count,0.13080079074458162
1754,count_additive,count_plus_PE_count,0.12307771349917407
1755,count_additive,count_plus_PE_count,0.12775659430255776
1756,count_additive,count_plus_PE_count,0.13108713401256145
1757,count_additive,count_plus_PE_count,0.12391835821345853
1758,count_additive,count_plus_PE_count,0.12821806581915035
1759,count_additive,count_plus_PE_count,0.13193626488067745
1760,count_additive,count_plus_PE_count,0.12227402761147982
1761,count_additive,count_plus_PE_count,0.1284539777401018
1762,count_additive,count_plus_PE_count,0.12755073253926902
1763,count_additive,count_plus_PE_count,0.13526347421150225
1764,count_additive,count_plus_PE_count,0.12703183279905078
1765,count_additive,count_plus_PE_count,0.12746648956512002
1766,count_additive,count_plus_PE_count,0.1250531611045279
1767,count_additive,count_plus_PE_count,0.12755831754764047
1768,count_additive,count_plus_PE_count,0.12842684327951304
1769,count_additive,count_plus_PE_count,0.12497744808515804
1770,count_additive,count_plus_PE_count,0.12309308481358999
1771,count_additive,count_plus_PE_count,0.12619686404847724
1772,count_additive,count_plus_PE_count,0.12903321853593924
1773,count_additive,count_plus_PE_count,0.12900517942997208
1774,count_additive,count_plus_PE_count,0.12323881416528837
1775,count_additive,count_plus_PE_count,0.12112367559482484
1776,count_additive,count_plus_PE_count,0.12399969332723415
1777,count_additive,count_plus_PE_count,0.1280906424826882
1778,count_additive,count_plus_PE_count,0.1240611557510154
1779,count_additive,count_plus_PE_count,0.13044380971307679
1780,count_additive,count_plus_PE_count,0.12744864246642895
1781,count_additive,count_plus_PE_count,0.12478767184757886
1782,count_additive,count_plus_PE_count,0.12342343313868087
1783,count_additive,count_plus_PE_count,0.11841856944621132
1784,count_additive,count_plus_PE_count,0.12315373799437818
1785,count_additive,count_plus_PE_count,0.1253587448748698
1786,count_additive,count_plus_PE_count,0.12871319503397632
1787,count_additive,count_plus_PE_count,0.1229007605334079
1788,count_additive,count_plus_PE_count,0.1209288518754113
1789,count_additive,count_plus_PE_count,0.1289482352141605
1790,count_additive,count_plus_PE_count,0.1244805433756711
1791,count_additive,count_plus_PE_count,0.1265392273331279
1792,count_additive,count_plus_PE_count,0.12481616289588382
1793,count_additive,count_plus_PE_count,0.131135952318785
1794,count_additive,count_plus_PE_count,0.11997844145889575
1795,count_additive,count_plus_PE_count,0.12724460132789794
1796,count_additive,count_plus_PE_count,0.13516630172595967
1797,count_additive,count_plus_PE_count,0.12506305411152407
1798,count_additive,count_plus_PE_count,0.12998731127589636
1799,count_additive,count_plus_PE_count,0.1239442509173379
1800,count_additive,count_plus_PE_count,0.1299433683775822
1801,count_additive,count_plus_PE_count,0.12230971656766954
1802,count_additive,count_plus_PE_count,0.13161814587607307
1803,count_additive,count_plus_PE_count,0.12294614723362379
1804,count_additive,count_plus_PE_count,0.1287547649234672
1805,count_additive,count_plus_PE_count,0.12441969302012901
1806,count_additive,count_plus_PE_count,0.1293255882783444
1807,count_additive,count_plus_PE_count,0.12280427325848792
1808,count_additive,count_plus_PE_count,0.11942220331435943
1809,count_additive,count_plus_PE_count,0.12564810962655953
1810,count_additive,count_plus_PE_count,0.12691003599653483
1811,count_additive,count_plus_PE_count,0.12674503587128388
1812,count_additive,count_plus_PE_count,0.12525917438228526
1813,count_additive,count_plus_PE_count,0.1279306525827767
1814,count_additive,count_plus_PE_count,0.1231018254771502
1815,count_additive,count_plus_PE_count,0.1324724964483759
1816,count_additive,count_plus_PE_count,0.12679365176312296
1817,count_additive,count_plus_PE_count,0.12206531958751696
1818,count_additive,count_plus_PE_count,0.12033255627956713
1819,count_additive,count_plus_PE_count,0.12918755609322402
1820,count_additive,count_plus_PE_count,0.12484606678630017
1821,count_additive,count_plus_PE_count,0.12387419524080628
1822,count_additive,count_plus_PE_count,0.12728498660008591
1823,count_additive,count_plus_PE_count,0.12811913720396279
1824,count_additive,count_plus_PE_count,0.12205913811250302
1825,count_additive,count_plus_PE_count,0.12309245807785307
1826,count_additive,count_plus_PE_count,0.12618746202300474
1827,count_additive,count_plus_PE_count,0.13309040235720898
1828,count_additive,count_plus_PE_count,0.1238124607786164
1829,count_additive,count_plus_PE_count,0.13178490515997215
1830,count_additive,count_plus_PE_count,0.1299071498634416
1831,count_additive,count_plus_PE_count,0.12963438666740174
1832,count_additive,count_plus_PE_count,0.1257173719437208
1833,count_additive,count_plus_PE_count,0.12836950733317165
1834,count_additive,count_plus_PE_count,0.12422674635131642
1835,count_additive,count_plus_PE_count,0.12690360939237239
1836,count_additive,count_plus_PE_count,0.12866645619079287
1837,count_additive,count_plus_PE_count,0.1266887036065495
1838,count_additive,count_plus_PE_count,0.13272506541823753
1839,count_additive,count_plus_PE_count,0.12245647822743128
1840,count_additive,count_plus_PE_count,0.12798489270118146
1841,count_additive,count_plus_PE_count,0.1265366087133934
1842,count_additive,count_plus_PE_count,0.12976335295975577
1843,count_additive,count_plus_PE_count,0.12277129664799569
1844,count_additive,count_plus_PE_count,0.12087507133277955
1845,count_additive,count_plus_PE_count,0.12538011104294072
1846,count_additive,count_plus_PE_count,0.12552265274861818
1847,count_additive,count_plus_PE_count,0.1285484844065895
1848,count_additive,count_plus_PE_count,0.12231047658272659
1849,count_additive,count_plus_PE_count,0.12588918344530975
1850,count_additive,count_plus_PE_count,0.12835879678515727
1851,count_additive,count_plus_PE_count,0.13057885255826168
1852,count_additive,count_plus_PE_count,0.12822375275591863
1853,count_additive,count_plus_PE_count,0.12708098875716478
1854,count_additive,count_plus_PE_count,0.12735525237316153
1855,count_additive,count_plus_PE_count,0.12684989546193887
1856,count_additive,count_plus_PE_count,0.12237539644337272
1857,count_additive,count_plus_PE_count,0.12653469231423914
1858,count_additive,count_plus_PE_count,0.13398832861620247
1859,count_additive,count_plus_PE_count,0.12524572405236248
1860,count_additive,count_plus_PE_count,0.12398446822223991
1861,count_additive,count_plus_PE_count,0.125193721198619
1862,count_additive,count_plus_PE_count,0.13225863037047153
1863,count_additive,count_plus_PE_count,0.12403218541128436
1864,count_additive,count_plus_PE_count,0.12558459422116153
1865,count_additive,count_plus_PE_count,0.12632650256715267
1866,count_additive,count_plus_PE_count,0.12997373903958248
1867,count_additive,count_plus_PE_count,0.13032494870356265
1868,count_additive,count_plus_PE_count,0.12950418559485666
1869,count_additive,count_plus_PE_count,0.12693108986620932
1870,count_additive,count_plus_PE_count,0.12475830321985443
1871,count_additive,count_plus_PE_count,0.13203927324876902
1872,count_additive,count_plus_PE_count,0.11882129637322059
1873,count_additive,count_plus_PE_count,0.11842370868061888
1874,count_additive,count_plus_PE_count,0.12714033842541544
1875,count_additive,count_plus_PE_count,0.12889935250984846
1876,count_additive,count_plus_PE_count,0.12392500940970541
1877,count_additive,count_plus_PE_count,0.13387940802807063
1878,count_additive,count_plus_PE_count,0.1306552387005298
1879,count_additive,count_plus_PE_count,0.12468962858632629
1880,count_additive,count_plus_PE_count,0.12262352583964098
1881,count_additive,count_plus_PE_count,0.13064031339110332
1882,count_additive,count_plus_PE_count,0.1253100420230326
1883,count_additive,count_plus_PE_count,0.12796577938571213
1884,count_additive,count_plus_PE_count,0.12519523889451306
1885,count_additive,count_plus_PE_count,0.12679709070358375
1886,count_additive,count_plus_PE_count,0.12736443771760914
1887,count_additive,count_plus_PE_count,0.12091977186415381
1888,count_additive,count_plus_PE_count,0.1247545898526406
1889,count_additive,count_plus_PE_count,0.1237184135434864
1890,count_additive,count_plus_PE_count,0.13256453176521588
1891,count_additive,count_plus_PE_count,0.1305003091383546
1892,count_additive,count_plus_PE_count,0.12956278301385427
1893,count_additive,count_plus_PE_count,0.1296882560228091
1894,count_additive,count_plus_PE_count,0.12455819457304723
1895,count_additive,count_plus_PE_count,0.12306393061407722
1896,count_additive,count_plus_PE_count,0.12980538186560542
1897,count_additive,count_plus_PE_count,0.11658385742237476
1898,count_additive,count_plus_PE_count,0.12619171171707172
1899,count_additive,count_plus_PE_count,0.12613916244580164
1900,count_additive,count_plus_PE_count,0.12689431129536888
1901,count_additive,count_plus_PE_count,0.1275459464507404
1902,count_additive,count_plus_PE_count,0.12976165649441124
1903,count_additive,count_plus_PE_count,0.12414560343339753
1904,count_additive,count_plus_PE_count,0.12221864629480417
1905,count_additive,count_plus_PE_count,0.12555627525768165
1906,count_additive,count_plus_PE_count,0.12807511456071974
1907,count_additive,count_plus_PE_count,0.12611257985966068
1908,count_additive,count_plus_PE_count,0.1208725993306877
1909,count_additive,count_plus_PE_count,0.12518793868195288
1910,count_additive,count_plus_PE_count,0.12656008584802342
1911,count_additive,count_plus_PE_count,0.126510818985544
1912,count_additive,count_plus_PE_count,0.12772185998287566
1913,count_additive,count_plus_PE_count,0.13205761264547017
1914,count_additive,count_plus_PE_count,0.12496217576173857
1915,count_additive,count_plus_PE_count,0.13204417168123916
1916,count_additive,count_plus_PE_count,0.12377435364717915
1917,count_additive,count_plus_PE_count,0.12646233493034548
1918,count_additive,count_plus_PE_count,0.12695043024509212
1919,count_additive,count_plus_PE_count,0.12384364035863887
1920,count_additive,count_plus_PE_count,0.12438787102517887
1921,count_additive,count_plus_PE_count,0.12934977386646052
1922,count_additive,count_plus_PE_count,0.12175215090149644
1923,count_additive,count_plus_PE_count,0.1331469498158635
1924,count_additive,count_plus_PE_count,0.12463460239773347
1925,count_additive,count_plus_PE_count,0.12393200213342481
1926,count_additive,count_plus_PE_count,0.12250363034989725
1927,count_additive,count_plus_PE_count,0.1297839090607666
1928,count_additive,count_plus_PE_count,0.12391862534789938
1929,count_additive,count_plus_PE_count,0.1201699984627976
1930,count_additive,count_plus_PE_count,0.1284350301246614
1931,count_additive,count_plus_PE_count,0.12124888415449192
1932,count_additive,count_plus_PE_count,0.1317725973394963
1933,count_additive,count_plus_PE_count,0.12795788582649525
1934,count_additive,count_plus_PE_count,0.13259984055976293
1935,count_additive,count_plus_PE_count,0.12383276667293536
1936,count_additive,count_plus_PE_count,0.131306434641498
1937,count_additive,count_plus_PE_count,0.13540859140466038
1938,count_additive,count_plus_PE_count,0.11749391994810304
1939,count_additive,count_plus_PE_count,0.11930701347333261
1940,count_additive,count_plus_PE_count,0.12409254533126524
1941,count_additive,count_plus_PE_count,0.12386160682057046
1942,count_additive,count_plus_PE_count,0.12653449059155825
1943,count_additive,count_plus_PE_count,0.1315155220245673
1944,count_additive,count_plus_PE_count,0.12566459216612585
1945,count_additive,count_plus_PE_count,0.12697631921189878
1946,count_additive,count_plus_PE_count,0.12536835647900343
1947,count_additive,count_plus_PE_count,0.1237465965434841
1948,count_additive,count_plus_PE_count,0.12536604076211366
1949,count_additive,count_plus_PE_count,0.12719151919944865
1950,count_additive,count_plus_PE_count,0.12691768554974198
1951,count_additive,count_plus_PE_count,0.12217697804020697
1952,count_additive,count_plus_PE_count,0.13388300199074538
1953,count_additive,count_plus_PE_count,0.12811254030682123
1954,count_additive,count_plus_PE_count,0.12432868096438474
1955,count_additive,count_plus_PE_count,0.12432009286797763
1956,count_additive,count_plus_PE_count,0.12821394178403045
1957,count_additive,count_plus_PE_count,0.12567818876259396
1958,count_additive,count_plus_PE_count,0.12397316132261998
1959,count_additive,count_plus_PE_count,0.12439504695676401
1960,count_additive,count_plus_PE_count,0.12441426012584533
1961,count_additive,count_plus_PE_count,0.1288812015848056
1962,count_additive,count_plus_PE_count,0.13211306556287267
1963,count_additive,count_plus_PE_count,0.13554632810595174
1964,count_additive,count_plus_PE_count,0.12277929012728184
1965,count_additive,count_plus_PE_count,0.1308042568633041
1966,count_additive,count_plus_PE_count,0.12019359116294964
1967,count_additive,count_plus_PE_count,0.13022184932273
1968,count_additive,count_plus_PE_count,0.12999730149733718
1969,count_additive,count_plus_PE_count,0.12976399361113378
1970,count_additive,count_plus_PE_count,0.12382788529809657
1971,count_additive,count_plus_PE_count,0.12070176646426892
1972,count_additive,count_plus_PE_count,0.1281530945093614
1973,count_additive,count_plus_PE_count,0.12243339947724496
1974,count_additive,count_plus_PE_count,0.12929464409078195
1975,count_additive,count_plus_PE_count,0.1275662426701245
1976,count_additive,count_plus_PE_count,0.12166846485494451
1977,count_additive,count_plus_PE_count,0.12663935671653348
1978,count_additive,count_plus_PE_count,0.1287734242747398
1979,count_additive,count_plus_PE_count,0.1338004836717151
1980,count_additive,count_plus_PE_count,0.12701293651686923
1981,count_additive,count_plus_PE_count,0.12546615721001592
1982,count_additive,count_plus_PE_count,0.12734317995785915
1983,count_additive,count_plus_PE_count,0.12382637634916982
1984,count_additive,count_plus_PE_count,0.12908324329199444
1985,count_additive,count_plus_PE_count,0.13169811119053304
1986,count_additive,count_plus_PE_count,0.1252114202169638
1987,count_additive,count_plus_PE_count,0.12899661488713565
1988,count_additive,count_plus_PE_count,0.12379165854382718
1989,count_additive,count_plus_PE_count,0.12947878672665497
1990,count_additive,count_plus_PE_count,0.1281266731397135
1991,count_additive,count_plus_PE_count,0.12259498396214358
1992,count_additive,count_plus_PE_count,0.13058566657681597
1993,count_additive,count_plus_PE_count,0.12360432949370159
1994,count_additive,count_plus_PE_count,0.12852075208959518
1995,count_additive,count_plus_PE_count,0.12505382235820528
1996,count_additive,count_plus_PE_count,0.13579246013994378
1997,count_additive,count_plus_PE_count,0.12429631504815225
1998,count_additive,count_plus_PE_count,0.12316658047456425
1999,count_additive,count_plus_PE_count,0.1199938897130278
0,count_additive,count_plus_BE_count,-0.0008280298287178245
1,count_additive,count_plus_BE_count,1.5607859840893745e-05
2,count_additive,count_plus_BE_count,-0.0008979551335857039
3,count_additive,count_plus_BE_count,-0.0010400836006002612
4,count_additive,count_plus_BE_count,-0.0003763179625088653
5,count_additive,count_plus_BE_count,-0.0008369177684953155
6,count_additive,count_plus_BE_count,-0.0001017258334661264
7,count_additive,count_plus_BE_count,-0.00066159870864968
8,count_additive,count_plus_BE_count,-0.0003816478058881745
9,count_additive,count_plus_BE_count,0.00020261935725862656
10,count_additive,count_plus_BE_count,-0.0005756480246289497
11,count_additive,count_plus_BE_count,0.001307325496350098
12,count_additive,count_plus_BE_count,-0.0005791827838097507
13,count_additive,count_plus_BE_count,-0.00011438001918617768
14,count_additive,count_plus_BE_count,-0.0002442367431843562
15,count_additive,count_plus_BE_count,0.0003529531751325088
16,count_additive,count_plus_BE_count,-0.000433399362691933
17,count_additive,count_plus_BE_count,-0.000523635584493698
18,count_additive,count_plus_BE_count,0.0006921119605253767
19,count_additive,count_plus_BE_count,-0.0003786046856817382
20,count_additive,count_plus_BE_count,0.0007393320520022728
21,count_additive,count_plus_BE_count,-0.00011274280597184383
22,count_additive,count_plus_BE_count,0.0010778015442121092
23,count_additive,count_plus_BE_count,-0.0011505891694220671
24,count_additive,count_plus_BE_count,0.001185541183693628
25,count_additive,count_plus_BE_count,-0.0009546468752244519
26,count_additive,count_plus_BE_count,-0.0002253458732617286
27,count_additive,count_plus_BE_count,-0.0004664525859798263
28,count_additive,count_plus_BE_count,0.001053125662077048
29,count_additive,count_plus_BE_count,-0.0008214891309004102
30,count_additive,count_plus_BE_count,0.0002194085935959822
31,count_additive,count_plus_BE_count,-0.0006103210276977578
32,count_additive,count_plus_BE_count,-0.0009229278059684209
33,count_additive,count_plus_BE_count,0.0010549404566768672
34,count_additive,count_plus_BE_count,-0.0005344747690645413
35,count_additive,count_plus_BE_count,-0.00037193917341094007
36,count_additive,count_plus_BE_count,-0.0007331149328073661
37,count_additive,count_plus_BE_count,0.00023312326914348702
38,count_additive,count_plus_BE_count,-0.00161326278337387
39,count_additive,count_plus_BE_count,0.00012247179619828685
40,count_additive,count_plus_BE_count,-0.0006253624735578223
41,count_additive,count_plus_BE_count,-0.00030333030770046676
42,count_additive,count_plus_BE_count,-0.0003633389601056525
43,count_additive,count_plus_BE_count,0.000132304661811522
44,count_additive,count_plus_BE_count,0.0005247483362851857
45,count_additive,count_plus_BE_count,-0.0011430898080628804
46,count_additive,count_plus_BE_count,-0.0005574978564806821
47,count_additive,count_plus_BE_count,-0.0010486885469417895
48,count_additive,count_plus_BE_count,-0.0004243903093350543
49,count_additive,count_plus_BE_count,-0.0012283866823650236
50,count_additive,count_plus_BE_count,0.00025935545554589545
51,count_additive,count_plus_BE_count,-0.00042803521126794086
52,count_additive,count_plus_BE_count,0.00019083484105719695
53,count_additive,count_plus_BE_count,-0.0009005240643589763
54,count_additive,count_plus_BE_count,-0.0005916085918403202
55,count_additive,count_plus_BE_count,-0.0002561705249439772
56,count_additive,count_plus_BE_count,-0.0001429847055940403
57,count_additive,count_plus_BE_count,2.4276442914861196e-05
58,count_additive,count_plus_BE_count,-0.0009397122952891634
59,count_additive,count_plus_BE_count,0.001024456088273229
60,count_additive,count_plus_BE_count,-0.00026875857160801875
61,count_additive,count_plus_BE_count,-0.0005072238371365279
62,count_additive,count_plus_BE_count,4.383974157945447e-05
63,count_additive,count_plus_BE_count,8.905418388588382e-05
64,count_additive,count_plus_BE_count,-0.00031240590677905633
65,count_additive,count_plus_BE_count,0.0005198546437296114
66,count_additive,count_plus_BE_count,0.0007438413648569453
67,count_additive,count_plus_BE_count,0.001228963320255072
68,count_additive,count_plus_BE_count,-0.000993571345186961
69,count_additive,count_plus_BE_count,-0.0005076973153214093
70,count_additive,count_plus_BE_count,-0.00039427420577414773
71,count_additive,count_plus_BE_count,-0.0011383280527901274
72,count_additive,count_plus_BE_count,-0.0008766350971255443
73,count_additive,count_plus_BE_count,-0.00045432140889722916
74,count_additive,count_plus_BE_count,-0.0004157061794277106
75,count_additive,count_plus_BE_count,-0.00038775245022676375
76,count_additive,count_plus_BE_count,0.00037218305641423255
77,count_additive,count_plus_BE_count,-0.0020570069344288955
78,count_additive,count_plus_BE_count,-0.0004968929284236978
79,count_additive,count_plus_BE_count,5.97889839474286e-05
80,count_additive,count_plus_BE_count,0.00034292068625485506
81,count_additive,count_plus_BE_count,-0.0006774119159487779
82,count_additive,count_plus_BE_count,0.0004881346580165036
83,count_additive,count_plus_BE_count,0.0011261494085215151
84,count_additive,count_plus_BE_count,-0.0005736179506738992
85,count_additive,count_plus_BE_count,0.0004622924825279373
86,count_additive,count_plus_BE_count,-0.0008995105326418673
87,count_additive,count_plus_BE_count,0.0005633067843339168
88,count_additive,count_plus_BE_count,0.0001622660427557654
89,count_additive,count_plus_BE_count,-0.00038528139794735683
90,count_additive,count_plus_BE_count,-0.0010989009187487575
91,count_additive,count_plus_BE_count,-0.00017984997411885084
92,count_additive,count_plus_BE_count,-0.000191373785235871
93,count_additive,count_plus_BE_count,-0.0003222790824938815
94,count_additive,count_plus_BE_count,0.0015140250301225455
95,count_additive,count_plus_BE_count,0.0014764302083422054
96,count_additive,count_plus_BE_count,-4.106984641710776e-05
97,count_additive,count_plus_BE_count,-0.0007793433844374142
98,count_additive,count_plus_BE_count,-0.0005069545564396205
99,count_additive,count_plus_BE_count,0.0007762399077299031
100,count_additive,count_plus_BE_count,0.00017990972940534755
101,count_additive,count_plus_BE_count,-0.00011314909209209079
102,count_additive,count_plus_BE_count,-0.0008409543475960124
103,count_additive,count_plus_BE_count,-0.000466474828503316
104,count_additive,count_plus_BE_count,-0.0006938875717580895
105,count_additive,count_plus_BE_count,-0.0009332915183539736
106,count_additive,count_plus_BE_count,-0.0008896040750233647
107,count_additive,count_plus_BE_count,-0.0006172176477469704
108,count_additive,count_plus_BE_count,-0.0007931232881130956
109,count_additive,count_plus_BE_count,-0.00015961160749039527
110,count_additive,count_plus_BE_count,-0.0009087359033119191
111,count_additive,count_plus_BE_count,0.0006739951734351934
112,count_additive,count_plus_BE_count,-0.0002657777898779079
113,count_additive,count_plus_BE_count,-0.0002103780091841645
114,count_additive,count_plus_BE_count,-0.00048086967846139306
115,count_additive,count_plus_BE_count,-0.0011361020687122858
116,count_additive,count_plus_BE_count,-0.0017187494176584828
117,count_additive,count_plus_BE_count,0.0001488916065501833
118,count_additive,count_plus_BE_count,0.00031654189408097944
119,count_additive,count_plus_BE_count,0.0002898448875214843
120,count_additive,count_plus_BE_count,-0.0014444064892677466
121,count_additive,count_plus_BE_count,-0.0006231507366810662
122,count_additive,count_plus_BE_count,-0.0004080472705241256
123,count_additive,count_plus_BE_count,-2.076056773858692e-05
124,count_additive,count_plus_BE_count,-0.0007797833889174877
125,count_additive,count_plus_BE_count,-0.000131178268049148
126,count_additive,count_plus_BE_count,-0.0010911576746225893
127,count_additive,count_plus_BE_count,0.00044162636698275026
128,count_additive,count_plus_BE_count,0.0005289680631019866
129,count_additive,count_plus_BE_count,-0.0006536342982552679
130,count_additive,count_plus_BE_count,-0.0003554273694416632
131,count_additive,count_plus_BE_count,-0.0002569973356517652
132,count_additive,count_plus_BE_count,0.000423376036004397
133,count_additive,count_plus_BE_count,-0.0007083721110487384
134,count_additive,count_plus_BE_count,-7.248202084209066e-05
135,count_additive,count_plus_BE_count,0.00027851782562010596
136,count_additive,count_plus_BE_count,-0.000550196926850488
137,count_additive,count_plus_BE_count,0.001147168678603372
138,count_additive,count_plus_BE_count,-0.0008405321883999117
139,count_additive,count_plus_BE_count,-0.0001467904811436327
140,count_additive,count_plus_BE_count,0.0007501328610809432
141,count_additive,count_plus_BE_count,3.2647444878075582e-06
142,count_additive,count_plus_BE_count,0.0007191205072615281
143,count_additive,count_plus_BE_count,-0.0007894333100073592
144,count_additive,count_plus_BE_count,0.0013219637572713938
145,count_additive,count_plus_BE_count,0.00013258915468411514
146,count_additive,count_plus_BE_count,-0.00018416122001163604
147,count_additive,count_plus_BE_count,-0.0011701048779184098
148,count_additive,count_plus_BE_count,-0.00022363378883616392
149,count_additive,count_plus_BE_count,-0.00010580766550727372
150,count_additive,count_plus_BE_count,-0.0006613675317408974
151,count_additive,count_plus_BE_count,-0.0003347369563287961
152,count_additive,count_plus_BE_count,-0.000763368793699315
153,count_additive,count_plus_BE_count,-0.00026069842069514904
154,count_additive,count_plus_BE_count,-0.0006713922945790207
155,count_additive,count_plus_BE_count,-0.0006089830385743178
156,count_additive,count_plus_BE_count,0.0002895703745452449
157,count_additive,count_plus_BE_count,7.980776235810838e-05
158,count_additive,count_plus_BE_count,-0.00040983422962759253
159,count_additive,count_plus_BE_count,0.00014119160776998596
160,count_additive,count_plus_BE_count,-0.0003144157654461077
161,count_additive,count_plus_BE_count,-3.1322645013209804e-05
162,count_additive,count_plus_BE_count,-0.00034522099175227083
163,count_additive,count_plus_BE_count,-0.001072122491741545
164,count_additive,count_plus_BE_count,-0.0002501771630344929
165,count_additive,count_plus_BE_count,0.0005267831993134853
166,count_additive,count_plus_BE_count,-0.0007134764361784174
167,count_additive,count_plus_BE_count,-0.0002103478502566425
168,count_additive,count_plus_BE_count,-0.0001983664219617487
169,count_additive,count_plus_BE_count,-0.0007555653577785981
170,count_additive,count_plus_BE_count,-0.0006133411083628637
171,count_additive,count_plus_BE_count,0.00020048443649944847
172,count_additive,count_plus_BE_count,-0.00040893322634116824
173,count_additive,count_plus_BE_count,5.00909606001021e-05
174,count_additive,count_plus_BE_count,-0.00010239292031372083
175,count_additive,count_plus_BE_count,-0.0008900601672387487
176,count_additive,count_plus_BE_count,-0.0008864809478504321
177,count_additive,count_plus_BE_count,-0.00020843521008845345
178,count_additive,count_plus_BE_count,-0.0004166218357402607
179,count_additive,count_plus_BE_count,-0.0003721756007091792
180,count_additive,count_plus_BE_count,-0.00028327660636612295
181,count_additive,count_plus_BE_count,4.670945603030274e-05
182,count_additive,count_plus_BE_count,-9.86955315330218e-05
183,count_additive,count_plus_BE_count,-0.0005686910589414174
184,count_additive,count_plus_BE_count,0.0008107449604850547
185,count_additive,count_plus_BE_count,-0.0008897422893104356
186,count_additive,count_plus_BE_count,0.00022295431536956123
187,count_additive,count_plus_BE_count,-0.00020625113301836473
188,count_additive,count_plus_BE_count,-0.0006946589750270182
189,count_additive,count_plus_BE_count,0.00042321113185034287
190,count_additive,count_plus_BE_count,-0.0005459017134208932
191,count_additive,count_plus_BE_count,-0.0015691584984515172
192,count_additive,count_plus_BE_count,0.000670433875280374
193,count_additive,count_plus_BE_count,-0.0003995855314583019
194,count_additive,count_plus_BE_count,0.0002861443893809046
195,count_additive,count_plus_BE_count,0.000259850771194281
196,count_additive,count_plus_BE_count,-0.0010229420764353847
197,count_additive,count_plus_BE_count,-0.0007010747688540597
198,count_additive,count_plus_BE_count,-0.00041392882073865156
199,count_additive,count_plus_BE_count,-0.0006805780167316033
200,count_additive,count_plus_BE_count,-0.00016084962351659016
201,count_additive,count_plus_BE_count,0.001555198984769357
202,count_additive,count_plus_BE_count,0.001297138880232196
203,count_additive,count_plus_BE_count,-7.16103642208199e-05
204,count_additive,count_plus_BE_count,-0.0009045740383585299
205,count_additive,count_plus_BE_count,-0.0008893850517444624
206,count_additive,count_plus_BE_count,2.5100430047497735e-05
207,count_additive,count_plus_BE_count,-0.0006624281991379766
208,count_additive,count_plus_BE_count,0.00012737635346943277
209,count_additive,count_plus_BE_count,-0.0010147133164952749
210,count_additive,count_plus_BE_count,-0.0006281096649717322
211,count_additive,count_plus_BE_count,0.00126501030809828
212,count_additive,count_plus_BE_count,0.00012830218224152423
213,count_additive,count_plus_BE_count,-0.0014301047579710069
214,count_additive,count_plus_BE_count,-0.0012768220536281683
215,count_additive,count_plus_BE_count,0.0007250171876180267
216,count_additive,count_plus_BE_count,-0.0001903124261646849
217,count_additive,count_plus_BE_count,-0.0006063830068211429
218,count_additive,count_plus_BE_count,-0.0007296155282199845
219,count_additive,count_plus_BE_count,0.000566645977517044
220,count_additive,count_plus_BE_count,0.0009943167150052168
221,count_additive,count_plus_BE_count,-0.00045930097194735175
222,count_additive,count_plus_BE_count,-0.00034014481273464403
223,count_additive,count_plus_BE_count,-0.0005502971510460419
224,count_additive,count_plus_BE_count,0.0010795215717838702
225,count_additive,count_plus_BE_count,0.0001677588019433629
226,count_additive,count_plus_BE_count,0.0009026997130086034
227,count_additive,count_plus_BE_count,0.0011478238344964642
228,count_additive,count_plus_BE_count,-0.000507056002234163
229,count_additive,count_plus_BE_count,-0.0006292618843616316
230,count_additive,count_plus_BE_count,0.00038993253800895245
231,count_additive,count_plus_BE_count,-0.0012296557590318336
232,count_additive,count_plus_BE_count,-0.00010098757799753555
233,count_additive,count_plus_BE_count,-0.00021970041724628242
234,count_additive,count_plus_BE_count,-0.0006109678668270169
235,count_additive,count_plus_BE_count,-0.000294108261278625
236,count_additive,count_plus_BE_count,-0.001522752405016925
237,count_additive,count_plus_BE_count,6.791554517249221e-05
238,count_additive,count_plus_BE_count,0.0004837480698902663
239,count_additive,count_plus_BE_count,-0.0011001637062129643
240,count_additive,count_plus_BE_count,0.00022698931142500767
241,count_additive,count_plus_BE_count,-0.0009510589203443609
242,count_additive,count_plus_BE_count,-0.0007241457306114696
243,count_additive,count_plus_BE_count,-0.00013461761142341544
244,count_additive,count_plus_BE_count,-0.0008811902880315192
245,count_additive,count_plus_BE_count,-0.0012455702715343242
246,count_additive,count_plus_BE_count,0.0006101125463097157
247,count_additive,count_plus_BE_count,-0.0008819636043815859
248,count_additive,count_plus_BE_count,-0.00019026869029592497
249,count_additive,count_plus_BE_count,0.0005422015737778785
250,count_additive,count_plus_BE_count,-0.001058898413966336
251,count_additive,count_plus_BE_count,0.00039531293405314916
252,count_additive,count_plus_BE_count,-0.00067497423009244
253,count_additive,count_plus_BE_count,-3.2653326511589142e-06
254,count_additive,count_plus_BE_count,-0.000635922497773389
255,count_additive,count_plus_BE_count,-0.00016815288648919235
256,count_additive,count_plus_BE_count,-0.00022919775817897836
257,count_additive,count_plus_BE_count,-0.0004259264295177201
258,count_additive,count_plus_BE_count,-6.429350619663321e-05
259,count_additive,count_plus_BE_count,-0.0004475683313362455
260,count_additive,count_plus_BE_count,-0.0010129149677691185
261,count_additive,count_plus_BE_count,7.175945179166421e-05
262,count_additive,count_plus_BE_count,-0.0005132530256316548
263,count_additive,count_plus_BE_count,-0.0008472824765363707
264,count_additive,count_plus_BE_count,-0.0014881639835079286
265,count_additive,count_plus_BE_count,0.00103587089846513
266,count_additive,count_plus_BE_count,-0.00028054270337202203
267,count_additive,count_plus_BE_count,-0.0002594770494454557
268,count_additive,count_plus_BE_count,-0.0009805931491261854
269,count_additive,count_plus_BE_count,-0.0002463280207808949
270,count_additive,count_plus_BE_count,-0.0014499936048840145
271,count_additive,count_plus_BE_count,-0.00021363057326162505
272,count_additive,count_plus_BE_count,0.00037438239640058546
273,count_additive,count_plus_BE_count,-0.0004201954355272375
274,count_additive,count_plus_BE_count,0.0011883379551522744
275,count_additive,count_plus_BE_count,-0.0009604177602993702
276,count_additive,count_plus_BE_count,-0.0002929120485825054
277,count_additive,count_plus_BE_count,0.0005082313600902055
278,count_additive,count_plus_BE_count,-0.0010749120768958065
279,count_additive,count_plus_BE_count,9.385813731166426e-06
280,count_additive,count_plus_BE_count,0.000789806905567958
281,count_additive,count_plus_BE_count,-0.00010625030876904029
282,count_additive,count_plus_BE_count,-0.0001920579308199999
283,count_additive,count_plus_BE_count,0.0010862729953849404
284,count_additive,count_plus_BE_count,-0.00042445177660282996
285,count_additive,count_plus_BE_count,-0.0003553419796948898
286,count_additive,count_plus_BE_count,9.367839171714465e-05
287,count_additive,count_plus_BE_count,-0.0002010948326357509
288,count_additive,count_plus_BE_count,-0.00011132115190765068
289,count_additive,count_plus_BE_count,-0.0012083699942901927
290,count_additive,count_plus_BE_count,-0.0003653893131147501
291,count_additive,count_plus_BE_count,0.0004386857199965566
292,count_additive,count_plus_BE_count,-0.0013096568152464738
293,count_additive,count_plus_BE_count,-0.0006168838188861381
294,count_additive,count_plus_BE_count,0.0006006026642298989
295,count_additive,count_plus_BE_count,-0.0013906692107896745
296,count_additive,count_plus_BE_count,-0.000488748084094992
297,count_additive,count_plus_BE_count,-0.00021471842609804836
298,count_additive,count_plus_BE_count,-0.0003864654900431752
299,count_additive,count_plus_BE_count,-0.0010465006706355529
300,count_additive,count_plus_BE_count,0.0004290556191786088
301,count_additive,count_plus_BE_count,-0.0008562339371214756
302,count_additive,count_plus_BE_count,-0.0007602369952083299
303,count_additive,count_plus_BE_count,-0.0004434841226521602
304,count_additive,count_plus_BE_count,0.0004095182204260639
305,count_additive,count_plus_BE_count,-4.048887243868204e-06
306,count_additive,count_plus_BE_count,-0.0016922141374277055
307,count_additive,count_plus_BE_count,3.490328556171596e-05
308,count_additive,count_plus_BE_count,-0.0005649523461200845
309,count_additive,count_plus_BE_count,-9.084540974696464e-05
310,count_additive,count_plus_BE_count,-0.0005758369680282649
311,count_additive,count_plus_BE_count,-0.0003791587659794371
312,count_additive,count_plus_BE_count,-4.931904413335575e-05
313,count_additive,count_plus_BE_count,-0.0009001912239342547
314,count_additive,count_plus_BE_count,0.0009476687236549264
315,count_additive,count_plus_BE_count,-0.0005419502403113952
316,count_additive,count_plus_BE_count,0.0004281125449274725
317,count_additive,count_plus_BE_count,-0.0014151565041785608
318,count_additive,count_plus_BE_count,-0.0009248394733097354
319,count_additive,count_plus_BE_count,0.0002807694655969639
320,count_additive,count_plus_BE_count,0.0004580922033795565
321,count_additive,count_plus_BE_count,-0.00047586422596224143
322,count_additive,count_plus_BE_count,0.000139051038967275
323,count_additive,count_plus_BE_count,-0.0006705973423551947
324,count_additive,count_plus_BE_count,0.0007756580335688823
325,count_additive,count_plus_BE_count,-0.0004066961043454609
326,count_additive,count_plus_BE_count,-0.001422295166361498
327,count_additive,count_plus_BE_count,-0.000687056038583489
328,count_additive,count_plus_BE_count,0.0005319389532254526
329,count_additive,count_plus_BE_count,-0.0007797059242283244
330,count_additive,count_plus_BE_count,0.0005780282679264115
331,count_additive,count_plus_BE_count,-0.0007915975094267558
332,count_additive,count_plus_BE_count,0.00028889931913023137
333,count_additive,count_plus_BE_count,-0.00017253092469748932
334,count_additive,count_plus_BE_count,-0.0005994038969326376
335,count_additive,count_plus_BE_count,-0.0003964132498299189
336,count_additive,count_plus_BE_count,-0.0001423150932386985
337,count_additive,count_plus_BE_count,0.0004121371653784123
338,count_additive,count_plus_BE_count,-4.917939012710759e-05
339,count_additive,count_plus_BE_count,0.00028824742174504703
340,count_additive,count_plus_BE_count,0.00015733964610914475
341,count_additive,count_plus_BE_count,-0.00015416578176541407
342,count_additive,count_plus_BE_count,0.0010042072494719223
343,count_additive,count_plus_BE_count,0.0001212885565890498
344,count_additive,count_plus_BE_count,-0.0004202650594025692
345,count_additive,count_plus_BE_count,0.0006891929894758397
346,count_additive,count_plus_BE_count,-0.0011848199303123308
347,count_additive,count_plus_BE_count,-0.00027273173415037766
348,count_additive,count_plus_BE_count,-0.0011396034214886108
349,count_additive,count_plus_BE_count,3.822604125081064e-05
350,count_additive,count_plus_BE_count,-0.0006337265416258564
351,count_additive,count_plus_BE_count,-0.0011230991415146496
352,count_additive,count_plus_BE_count,-0.00024120330478583085
353,count_additive,count_plus_BE_count,4.040116453696285e-05
354,count_additive,count_plus_BE_count,0.00039550343038702307
355,count_additive,count_plus_BE_count,-0.0004860722645123605
356,count_additive,count_plus_BE_count,0.00032405471773017114
357,count_additive,count_plus_BE_count,-0.0008427804953878293
358,count_additive,count_plus_BE_count,8.765732888982303e-05
359,count_additive,count_plus_BE_count,0.00026065682361031683
360,count_additive,count_plus_BE_count,-0.00026861490184654224
361,count_additive,count_plus_BE_count,0.0005517126286581631
362,count_additive,count_plus_BE_count,-0.0013982881562303318
363,count_additive,count_plus_BE_count,-0.0009840107267849452
364,count_additive,count_plus_BE_count,-0.0018979738020042936
365,count_additive,count_plus_BE_count,0.0002579464090835537
366,count_additive,count_plus_BE_count,0.00023567980985395032
367,count_additive,count_plus_BE_count,3.131177331711088e-05
368,count_additive,count_plus_BE_count,-0.00012135046545408423
369,count_additive,count_plus_BE_count,-0.0008209388126617645
370,count_additive,count_plus_BE_count,-0.0009200851032263868
371,count_additive,count_plus_BE_count,-8.386170891200306e-05
372,count_additive,count_plus_BE_count,-0.00016980751234185743
373,count_additive,count_plus_BE_count,-5.231345727835235e-05
374,count_additive,count_plus_BE_count,-0.00018925298956923298
375,count_additive,count_plus_BE_count,0.0008920839145979409
376,count_additive,count_plus_BE_count,-0.0007973724565158435
377,count_additive,count_plus_BE_count,0.0002171024632122709
378,count_additive,count_plus_BE_count,0.0005048053303945976
379,count_additive,count_plus_BE_count,-0.0005441212943852469
380,count_additive,count_plus_BE_count,-0.0006887340943438902
381,count_additive,count_plus_BE_count,0.00012557103485688614
382,count_additive,count_plus_BE_count,0.00048016478192447476
383,count_additive,count_plus_BE_count,-0.00045811382816329793
384,count_additive,count_plus_BE_count,0.00014768781888185867
385,count_additive,count_plus_BE_count,-0.0006507536886669607
386,count_additive,count_plus_BE_count,-0.00030332703881946754
387,count_additive,count_plus_BE_count,-0.0004317332382021144
388,count_additive,count_plus_BE_count,-0.0009377936852961732
389,count_additive,count_plus_BE_count,-0.0015647970270014078
390,count_additive,count_plus_BE_count,7.241116661194091e-05
391,count_additive,count_plus_BE_count,0.00010033430913664043
392,count_additive,count_plus_BE_count,-0.0009911024892885756
393,count_additive,count_plus_BE_count,-0.0008876417335705322
394,count_additive,count_plus_BE_count,-0.00020579558915051477
395,count_additive,count_plus_BE_count,-0.0008734482283034861
396,count_additive,count_plus_BE_count,0.0003658157255284622
397,count_additive,count_plus_BE_count,-0.0004420231405107833
398,count_additive,count_plus_BE_count,-0.00033251854565802264
399,count_additive,count_plus_BE_count,-0.00012680442960066873
400,count_additive,count_plus_BE_count,-0.0001232178101384651
401,count_additive,count_plus_BE_count,-0.0005805724714074145
402,count_additive,count_plus_BE_count,-0.0001158117794448077
403,count_additive,count_plus_BE_count,0.00013412181589034233
404,count_additive,count_plus_BE_count,-0.0005702454958373404
405,count_additive,count_plus_BE_count,0.0010207446358833638
406,count_additive,count_plus_BE_count,-0.0011636444128798051
407,count_additive,count_plus_BE_count,-0.00035650989927654697
408,count_additive,count_plus_BE_count,-0.0008384507741982516
409,count_additive,count_plus_BE_count,-0.00011639256747181248
410,count_additive,count_plus_BE_count,5.760429833423508e-05
411,count_additive,count_plus_BE_count,0.00040821569207344366
412,count_additive,count_plus_BE_count,0.0006214723535211686
413,count_additive,count_plus_BE_count,-0.0007549505914109522
414,count_additive,count_plus_BE_count,-6.772728585957566e-05
415,count_additive,count_plus_BE_count,0.00029251854439565905
416,count_additive,count_plus_BE_count,-0.0003372279399563305
417,count_additive,count_plus_BE_count,0.0006573935447162227
418,count_additive,count_plus_BE_count,0.0002787776927786756
419,count_additive,count_plus_BE_count,-0.00015496773247974938
420,count_additive,count_plus_BE_count,0.0007342372397571295
421,count_additive,count_plus_BE_count,0.0005669060047441832
422,count_additive,count_plus_BE_count,-0.0008866931692910196
423,count_additive,count_plus_BE_count,-6.323103967187382e-05
424,count_additive,count_plus_BE_count,-0.0003038210831843857
425,count_additive,count_plus_BE_count,0.00017023344796468498
426,count_additive,count_plus_BE_count,0.0007888880948064836
427,count_additive,count_plus_BE_count,-8.899173287779671e-06
428,count_additive,count_plus_BE_count,0.00013221638388427603
429,count_additive,count_plus_BE_count,-5.399247784132477e-05
430,count_additive,count_plus_BE_count,-0.0008989940867448754
431,count_additive,count_plus_BE_count,-0.0010953639775843071
432,count_additive,count_plus_BE_count,-0.0011022474194252174
433,count_additive,count_plus_BE_count,-0.000661411297484038
434,count_additive,count_plus_BE_count,0.0005191148185054173
435,count_additive,count_plus_BE_count,-0.0006333674459766403
436,count_additive,count_plus_BE_count,1.9958544104248244e-05
437,count_additive,count_plus_BE_count,-0.0007300578703862692
438,count_additive,count_plus_BE_count,2.3941100886604172e-05
439,count_additive,count_plus_BE_count,-0.0004936887694101944
440,count_additive,count_plus_BE_count,8.792420424530434e-05
441,count_additive,count_plus_BE_count,-0.0005306383877518028
442,count_additive,count_plus_BE_count,-8.695295294858241e-05
443,count_additive,count_plus_BE_count,0.0006963227880985579
444,count_additive,count_plus_BE_count,-0.0001400857871597383
445,count_additive,count_plus_BE_count,0.00048335837321200614
446,count_additive,count_plus_BE_count,-0.0012500845498690794
447,count_additive,count_plus_BE_count,0.0010780441197536517
448,count_additive,count_plus_BE_count,-0.00038052607752331324
449,count_additive,count_plus_BE_count,-0.0006587449720470429
450,count_additive,count_plus_BE_count,0.0005370838677635215
451,count_additive,count_plus_BE_count,-0.000695350203925027
452,count_additive,count_plus_BE_count,0.00011474958648316491
453,count_additive,count_plus_BE_count,-0.001265898397097509
454,count_additive,count_plus_BE_count,-0.0012208412045507377
455,count_additive,count_plus_BE_count,-0.001121808646203426
456,count_additive,count_plus_BE_count,0.0006871317005167632
457,count_additive,count_plus_BE_count,-0.0009977626230709413
458,count_additive,count_plus_BE_count,-0.00042129895534381845
459,count_additive,count_plus_BE_count,-0.0003063002302259865
460,count_additive,count_plus_BE_count,-0.0005264017288017508
461,count_additive,count_plus_BE_count,-0.0016848981056135082
462,count_additive,count_plus_BE_count,-0.0010112664110858427
463,count_additive,count_plus_BE_count,9.025120016070698e-05
464,count_additive,count_plus_BE_count,-0.0004649352737996493
465,count_additive,count_plus_BE_count,-0.0005329438097325112
466,count_additive,count_plus_BE_count,-0.0006093299840214672
467,count_additive,count_plus_BE_count,0.000634303489187138
468,count_additive,count_plus_BE_count,-0.0008289047909524894
469,count_additive,count_plus_BE_count,-0.0019695312577435176
470,count_additive,count_plus_BE_count,-6.692795024559883e-05
471,count_additive,count_plus_BE_count,-0.00035761663837341473
472,count_additive,count_plus_BE_count,-0.0009279531646372852
473,count_additive,count_plus_BE_count,0.0006089798273252733
474,count_additive,count_plus_BE_count,-0.0012685202945328933
475,count_additive,count_plus_BE_count,-0.0010332760612114522
476,count_additive,count_plus_BE_count,0.0010147925250839074
477,count_additive,count_plus_BE_count,-0.0006830796675240114
478,count_additive,count_plus_BE_count,0.00021118666828551236
479,count_additive,count_plus_BE_count,-0.00018519246087916885
480,count_additive,count_plus_BE_count,0.0005697414198839734
481,count_additive,count_plus_BE_count,-0.0004736641814273024
482,count_additive,count_plus_BE_count,-0.0008622153899831009
483,count_additive,count_plus_BE_count,-0.0004514593797131927
484,count_additive,count_plus_BE_count,0.0006211169181106202
485,count_additive,count_plus_BE_count,-0.0007631187739399192
486,count_additive,count_plus_BE_count,0.0005576851493367951
487,count_additive,count_plus_BE_count,-0.0007787935891689912
488,count_additive,count_plus_BE_count,-0.0006119053193529567
489,count_additive,count_plus_BE_count,0.00017240691815234577
490,count_additive,count_plus_BE_count,-9.633459337310413e-05
491,count_additive,count_plus_BE_count,-0.000298411519069508
492,count_additive,count_plus_BE_count,-0.00019441463449887397
493,count_additive,count_plus_BE_count,-0.0009401017451298177
494,count_additive,count_plus_BE_count,-0.00027295494178997126
495,count_additive,count_plus_BE_count,-0.0011773238227552052
496,count_additive,count_plus_BE_count,0.00026903420467716543
497,count_additive,count_plus_BE_count,0.0003478869741352919
498,count_additive,count_plus_BE_count,0.0008788188793353857
499,count_additive,count_plus_BE_count,-0.001065805506853812
500,count_additive,count_plus_BE_count,-0.00041520880803913585
501,count_additive,count_plus_BE_count,6.929370254599165e-05
502,count_additive,count_plus_BE_count,0.00017086489714096542
503,count_additive,count_plus_BE_count,-0.0007730105772612572
504,count_additive,count_plus_BE_count,-0.0004942327380841882
505,count_additive,count_plus_BE_count,0.0004158960691333369
506,count_additive,count_plus_BE_count,-9.331041906585069e-05
507,count_additive,count_plus_BE_count,-0.0002582081905335709
508,count_additive,count_plus_BE_count,-0.0003044320656099275
509,count_additive,count_plus_BE_count,0.000164922386296118
510,count_additive,count_plus_BE_count,0.0009122540751507202
511,count_additive,count_plus_BE_count,0.00010939916572422215
512,count_additive,count_plus_BE_count,-0.0010559661928619124
513,count_additive,count_plus_BE_count,-0.00019101116837233478
514,count_additive,count_plus_BE_count,-0.0008461683669245268
515,count_additive,count_plus_BE_count,-0.00027640288675845337
516,count_additive,count_plus_BE_count,-0.00018907513204452497
517,count_additive,count_plus_BE_count,0.0010309046589534465
518,count_additive,count_plus_BE_count,-0.00021462937468852417
519,count_additive,count_plus_BE_count,-0.0012294517227965374
520,count_additive,count_plus_BE_count,-0.0012625574780511517
521,count_additive,count_plus_BE_count,0.0006236322242638703
522,count_additive,count_plus_BE_count,-0.0008230246158891785
523,count_additive,count_plus_BE_count,-0.000530160338447605
524,count_additive,count_plus_BE_count,0.00043563535141083465
525,count_additive,count_plus_BE_count,0.0009248465856937504
526,count_additive,count_plus_BE_count,0.00036509441391263664
527,count_additive,count_plus_BE_count,0.0007728661385301705
528,count_additive,count_plus_BE_count,-0.0006978951790657661
529,count_additive,count_plus_BE_count,-0.0006392010930668657
530,count_additive,count_plus_BE_count,0.0007778572713849075
531,count_additive,count_plus_BE_count,-0.00028407664478247163
532,count_additive,count_plus_BE_count,0.0004971388401447951
533,count_additive,count_plus_BE_count,-0.00022962165036044535
534,count_additive,count_plus_BE_count,-0.0003273676820340632
535,count_additive,count_plus_BE_count,-0.00083217179859707
536,count_additive,count_plus_BE_count,-0.000879014460739791
537,count_additive,count_plus_BE_count,0.0001411500415859912
538,count_additive,count_plus_BE_count,-0.0004265040479497495
539,count_additive,count_plus_BE_count,-8.212656465123036e-05
540,count_additive,count_plus_BE_count,-0.0004257039608232538
541,count_additive,count_plus_BE_count,-0.0002697466362835965
542,count_additive,count_plus_BE_count,-0.0008602151254437085
543,count_additive,count_plus_BE_count,-0.0012143112083570218
544,count_additive,count_plus_BE_count,-0.0023203374018730405
545,count_additive,count_plus_BE_count,-0.00021870404980312008
546,count_additive,count_plus_BE_count,-6.962303211177634e-07
547,count_additive,count_plus_BE_count,-0.00047395251895876456
548,count_additive,count_plus_BE_count,0.0006224615316547943
549,count_additive,count_plus_BE_count,-0.00020359328379954134
550,count_additive,count_plus_BE_count,-0.00040436998723447637
551,count_additive,count_plus_BE_count,0.0005279928296801906
552,count_additive,count_plus_BE_count,-0.0004212455480095967
553,count_additive,count_plus_BE_count,-0.0007112346247040713
554,count_additive,count_plus_BE_count,-0.0008588131009527045
555,count_additive,count_plus_BE_count,0.0003981740067690587
556,count_additive,count_plus_BE_count,-0.0002823401531462655
557,count_additive,count_plus_BE_count,-0.0013587626268015685
558,count_additive,count_plus_BE_count,1.4071253851333232e-05
559,count_additive,count_plus_BE_count,-0.00109420222434492
560,count_additive,count_plus_BE_count,-0.0007122879119084158
561,count_additive,count_plus_BE_count,-0.00034655388865351133
562,count_additive,count_plus_BE_count,0.0005679113420143378
563,count_additive,count_plus_BE_count,0.0003833928210601467
564,count_additive,count_plus_BE_count,-0.0006199369535201393
565,count_additive,count_plus_BE_count,-0.0020468017293012175
566,count_additive,count_plus_BE_count,-0.00042063185427865246
567,count_additive,count_plus_BE_count,5.5607177832983634e-05
568,count_additive,count_plus_BE_count,-0.0010011185490899077
569,count_additive,count_plus_BE_count,0.0007423292292902395
570,count_additive,count_plus_BE_count,-0.0005974684982384959
571,count_additive,count_plus_BE_count,-0.0008795854987589391
572,count_additive,count_plus_BE_count,-0.00010624377891454984
573,count_additive,count_plus_BE_count,-0.0005305444170807805
574,count_additive,count_plus_BE_count,-0.0006613598748099192
575,count_additive,count_plus_BE_count,0.0007025799831633095
576,count_additive,count_plus_BE_count,0.000746645781598887
577,count_additive,count_plus_BE_count,-0.0010504940019259723
578,count_additive,count_plus_BE_count,-0.001081327056546788
579,count_additive,count_plus_BE_count,3.2420150761214295e-05
580,count_additive,count_plus_BE_count,-0.0015009204760294548
581,count_additive,count_plus_BE_count,0.0005193915896570811
582,count_additive,count_plus_BE_count,0.000657976071802846
583,count_additive,count_plus_BE_count,-0.000556227621408556
584,count_additive,count_plus_BE_count,-0.0003726648382422204
585,count_additive,count_plus_BE_count,-0.0007821854233210357
586,count_additive,count_plus_BE_count,-5.231861537219329e-05
587,count_additive,count_plus_BE_count,0.00016534873780771342
588,count_additive,count_plus_BE_count,-0.0006879654388666223
589,count_additive,count_plus_BE_count,-0.0005131839590175602
590,count_additive,count_plus_BE_count,-0.0012119822240215794
591,count_additive,count_plus_BE_count,-9.340873095176061e-05
592,count_additive,count_plus_BE_count,0.0007130878503838201
593,count_additive,count_plus_BE_count,-0.00033893696699432985
594,count_additive,count_plus_BE_count,0.0010309968242689371
595,count_additive,count_plus_BE_count,3.46988972972917e-05
596,count_additive,count_plus_BE_count,0.0005804728912054968
597,count_additive,count_plus_BE_count,-0.0012488005178105666
598,count_additive,count_plus_BE_count,-0.001069338714385748
599,count_additive,count_plus_BE_count,0.0007168569357389742
600,count_additive,count_plus_BE_count,0.0010466685782276053
601,count_additive,count_plus_BE_count,-0.00035135105845701675
602,count_additive,count_plus_BE_count,-0.00018305330304718703
603,count_additive,count_plus_BE_count,-0.00017464005630291046
604,count_additive,count_plus_BE_count,0.0010082824485363462
605,count_additive,count_plus_BE_count,0.0001763009059927989
606,count_additive,count_plus_BE_count,0.0001450403930323696
607,count_additive,count_plus_BE_count,-0.0002514706820133106
608,count_additive,count_plus_BE_count,-0.00026954347057928096
609,count_additive,count_plus_BE_count,0.00048479263217726665
610,count_additive,count_plus_BE_count,6.331817449550803e-05
611,count_additive,count_plus_BE_count,0.00012801172242044023
612,count_additive,count_plus_BE_count,-0.001227564337832443
613,count_additive,count_plus_BE_count,-0.0006892342901613779
614,count_additive,count_plus_BE_count,-0.0001127726128958284
615,count_additive,count_plus_BE_count,-0.0005337414822969566
616,count_additive,count_plus_BE_count,-0.00017649663481517086
617,count_additive,count_plus_BE_count,0.0007484198185608304
618,count_additive,count_plus_BE_count,-0.0016583684832331969
619,count_additive,count_plus_BE_count,0.0009740973706423572
620,count_additive,count_plus_BE_count,-0.000987098613476567
621,count_additive,count_plus_BE_count,-0.00042948767593303794
622,count_additive,count_plus_BE_count,0.0012577022947415362
623,count_additive,count_plus_BE_count,0.0009172561770177667
624,count_additive,count_plus_BE_count,0.0002811403350678199
625,count_additive,count_plus_BE_count,-0.00045430370790122687
626,count_additive,count_plus_BE_count,8.62959113456796e-06
627,count_additive,count_plus_BE_count,0.0003985505278422674
628,count_additive,count_plus_BE_count,0.00037720042098143836
629,count_additive,count_plus_BE_count,-0.0007200428199609643
630,count_additive,count_plus_BE_count,0.0004134982521140085
631,count_additive,count_plus_BE_count,-0.0012680920339894763
632,count_additive,count_plus_BE_count,9.959476428667013e-05
633,count_additive,count_plus_BE_count,0.00042359249860718373
634,count_additive,count_plus_BE_count,0.0001459118808573856
635,count_additive,count_plus_BE_count,-0.0020101201034397054
636,count_additive,count_plus_BE_count,-0.00017739694786061966
637,count_additive,count_plus_BE_count,-0.00010350009463544474
638,count_additive,count_plus_BE_count,0.00037166670490684783
639,count_additive,count_plus_BE_count,-0.001051108583130289
640,count_additive,count_plus_BE_count,-0.00048642465467357843
641,count_additive,count_plus_BE_count,-0.00048737590085479177
642,count_additive,count_plus_BE_count,-0.00018420995330309387
643,count_additive,count_plus_BE_count,-0.00014014757076263873
644,count_additive,count_plus_BE_count,-0.00026855785495577544
645,count_additive,count_plus_BE_count,-5.098561455102457e-05
646,count_additive,count_plus_BE_count,-0.00017951755777279033
647,count_additive,count_plus_BE_count,-0.0005500904138462381
648,count_additive,count_plus_BE_count,-3.840970075863481e-05
649,count_additive,count_plus_BE_count,-2.3449892140647854e-05
650,count_additive,count_plus_BE_count,-0.00022618697780973918
651,count_additive,count_plus_BE_count,-0.0009744375673595984
652,count_additive,count_plus_BE_count,0.0005116013448592249
653,count_additive,count_plus_BE_count,0.0001070406408212321
654,count_additive,count_plus_BE_count,-0.00031025368720422053
655,count_additive,count_plus_BE_count,0.0001801322056975141
656,count_additive,count_plus_BE_count,-0.0011054712663359223
657,count_additive,count_plus_BE_count,-0.0010646583698430967
658,count_additive,count_plus_BE_count,-0.0001362351376297255
659,count_additive,count_plus_BE_count,-0.0006047903823371281
660,count_additive,count_plus_BE_count,-0.0013190400494351717
661,count_additive,count_plus_BE_count,-0.000406745807418063
662,count_additive,count_plus_BE_count,-0.00016664151088485735
663,count_additive,count_plus_BE_count,-0.0003060992763321835
664,count_additive,count_plus_BE_count,-0.0020559734241750727
665,count_additive,count_plus_BE_count,0.0010480516088894332
666,count_additive,count_plus_BE_count,-3.070120082315775e-05
667,count_additive,count_plus_BE_count,0.0006307474400569224
668,count_additive,count_plus_BE_count,0.0003425954397671127
669,count_additive,count_plus_BE_count,-3.709596932649495e-05
670,count_additive,count_plus_BE_count,-0.00047821660868979654
671,count_additive,count_plus_BE_count,-0.0011048104185382712
672,count_additive,count_plus_BE_count,-0.00020268213464258444
673,count_additive,count_plus_BE_count,0.00016409361064251282
674,count_additive,count_plus_BE_count,-0.0009456825732255258
675,count_additive,count_plus_BE_count,3.8117725716768636e-05
676,count_additive,count_plus_BE_count,-0.0002149738260123768
677,count_additive,count_plus_BE_count,-0.0006479503814635357
678,count_additive,count_plus_BE_count,-0.00012493453306111624
679,count_additive,count_plus_BE_count,0.00025248337926803144
680,count_additive,count_plus_BE_count,-0.0007308258795001299
681,count_additive,count_plus_BE_count,-0.0007485808726271359
682,count_additive,count_plus_BE_count,0.00015167680119149152
683,count_additive,count_plus_BE_count,-0.0011387006773398434
684,count_additive,count_plus_BE_count,0.0006865257058943364
685,count_additive,count_plus_BE_count,8.384682577239344e-05
686,count_additive,count_plus_BE_count,0.0005996729380819965
687,count_additive,count_plus_BE_count,-0.0010472811395448312
688,count_additive,count_plus_BE_count,-0.000394556900269849
689,count_additive,count_plus_BE_count,-0.0010276292804679565
690,count_additive,count_plus_BE_count,-0.0007691155142035
691,count_additive,count_plus_BE_count,0.00019111770852814347
692,count_additive,count_plus_BE_count,0.0007042599802933314
693,count_additive,count_plus_BE_count,0.0006178415995849451
694,count_additive,count_plus_BE_count,0.0002491080201004747
695,count_additive,count_plus_BE_count,0.0005126377003965565
696,count_additive,count_plus_BE_count,-9.920666437940318e-05
697,count_additive,count_plus_BE_count,-0.0006324656582282207
698,count_additive,count_plus_BE_count,-4.443609919407843e-05
699,count_additive,count_plus_BE_count,-0.0005471218223339069
700,count_additive,count_plus_BE_count,-0.0005766406809334934
701,count_additive,count_plus_BE_count,-0.00012385731246317144
702,count_additive,count_plus_BE_count,-0.0005984855133550071
703,count_additive,count_plus_BE_count,9.449100715697156e-05
704,count_additive,count_plus_BE_count,-0.0010427106298354083
705,count_additive,count_plus_BE_count,0.0006034771488972468
706,count_additive,count_plus_BE_count,0.00021224010174147878
707,count_additive,count_plus_BE_count,-0.00047842383381024867
708,count_additive,count_plus_BE_count,-0.0013948838141406017
709,count_additive,count_plus_BE_count,-0.0001829590866661568
710,count_additive,count_plus_BE_count,0.0010513740667346672
711,count_additive,count_plus_BE_count,0.0007026066411054965
712,count_additive,count_plus_BE_count,0.0006321267377850104
713,count_additive,count_plus_BE_count,-0.0004977253969360995
714,count_additive,count_plus_BE_count,0.0003036619055565293
715,count_additive,count_plus_BE_count,-0.00031873629649847857
716,count_additive,count_plus_BE_count,-0.00011463238599612735
717,count_additive,count_plus_BE_count,0.0013650138569563097
718,count_additive,count_plus_BE_count,5.3074180548451366e-05
719,count_additive,count_plus_BE_count,-0.0007804930555344036
720,count_additive,count_plus_BE_count,-0.000806494304675831
721,count_additive,count_plus_BE_count,0.0005137382914084943
722,count_additive,count_plus_BE_count,-0.0015465066806141792
723,count_additive,count_plus_BE_count,-0.0004450158284646233
724,count_additive,count_plus_BE_count,0.00014517599284591398
725,count_additive,count_plus_BE_count,0.0007030930215318199
726,count_additive,count_plus_BE_count,-1.7243186295146096e-05
727,count_additive,count_plus_BE_count,-0.0009894761224419346
728,count_additive,count_plus_BE_count,-0.000653944823732433
729,count_additive,count_plus_BE_count,-0.00010638434308740674
730,count_additive,count_plus_BE_count,0.0005521806279855657
731,count_additive,count_plus_BE_count,0.0015651241770957558
732,count_additive,count_plus_BE_count,-0.00044773304696882343
733,count_additive,count_plus_BE_count,-0.0009815951472099682
734,count_additive,count_plus_BE_count,-0.0005225890429417235
735,count_additive,count_plus_BE_count,0.0006914566393808053
736,count_additive,count_plus_BE_count,0.001106459637301771
737,count_additive,count_plus_BE_count,0.0007806390386509432
738,count_additive,count_plus_BE_count,-0.00027543075861380384
739,count_additive,count_plus_BE_count,-0.0005026358394650821
740,count_additive,count_plus_BE_count,0.0004825977956430805
741,count_additive,count_plus_BE_count,0.0024438795503909927
742,count_additive,count_plus_BE_count,0.0007972741959565433
743,count_additive,count_plus_BE_count,0.00034101723469637246
744,count_additive,count_plus_BE_count,0.0004728754523741219
745,count_additive,count_plus_BE_count,-0.0005328605475254378
746,count_additive,count_plus_BE_count,-0.0011759535170686175
747,count_additive,count_plus_BE_count,0.00026064593518176915
748,count_additive,count_plus_BE_count,-0.001158969523038178
749,count_additive,count_plus_BE_count,0.0003868498534671527
750,count_additive,count_plus_BE_count,-0.0008022694354639648
751,count_additive,count_plus_BE_count,-0.0010772387671633687
752,count_additive,count_plus_BE_count,-0.0006234255759522966
753,count_additive,count_plus_BE_count,-0.00020503383560449562
754,count_additive,count_plus_BE_count,6.530489905592907e-05
755,count_additive,count_plus_BE_count,-0.00028042412523776594
756,count_additive,count_plus_BE_count,-0.00015456093169174956
757,count_additive,count_plus_BE_count,-0.0001003994049434409
758,count_additive,count_plus_BE_count,-2.5300681034623462e-05
759,count_additive,count_plus_BE_count,0.00032532022940073846
760,count_additive,count_plus_BE_count,-0.0013147427985129578
761,count_additive,count_plus_BE_count,-0.0012063060170247608
762,count_additive,count_plus_BE_count,-0.0003920595149877748
763,count_additive,count_plus_BE_count,0.0004022438206706669
764,count_additive,count_plus_BE_count,0.0006321089271654756
765,count_additive,count_plus_BE_count,-0.00039203079783517447
766,count_additive,count_plus_BE_count,-7.687400953193535e-06
767,count_additive,count_plus_BE_count,0.00039345368927778956
768,count_additive,count_plus_BE_count,-0.0009927970392754615
769,count_additive,count_plus_BE_count,0.0005462236792410646
770,count_additive,count_plus_BE_count,0.0002955374752113271
771,count_additive,count_plus_BE_count,-0.0009208058044067324
772,count_additive,count_plus_BE_count,-0.0012697636157757985
773,count_additive,count_plus_BE_count,5.0892891083176295e-05
774,count_additive,count_plus_BE_count,-0.0002024449625829261
775,count_additive,count_plus_BE_count,0.00015637174913002427
776,count_additive,count_plus_BE_count,-0.0001010623551091494
777,count_additive,count_plus_BE_count,-8.041309039646949e-05
778,count_additive,count_plus_BE_count,-0.0003423978188022425
779,count_additive,count_plus_BE_count,0.0004729287328296139
780,count_additive,count_plus_BE_count,2.9447997951792537e-06
781,count_additive,count_plus_BE_count,-0.0010534739453300634
782,count_additive,count_plus_BE_count,-0.0007270409136865275
783,count_additive,count_plus_BE_count,0.00024324171773570935
784,count_additive,count_plus_BE_count,0.0003888229323665282
785,count_additive,count_plus_BE_count,0.0004090941009785576
786,count_additive,count_plus_BE_count,-0.0009740407233460591
787,count_additive,count_plus_BE_count,0.0006238521401783492
788,count_additive,count_plus_BE_count,0.0008915233752145868
789,count_additive,count_plus_BE_count,0.0006495970925446959
790,count_additive,count_plus_BE_count,-0.0008512329251148532
791,count_additive,count_plus_BE_count,-0.0008494835489407659
792,count_additive,count_plus_BE_count,0.0001250481951339255
793,count_additive,count_plus_BE_count,-0.00015519142904019123
794,count_additive,count_plus_BE_count,-0.0006114013037912813
795,count_additive,count_plus_BE_count,-0.0002090291278904477
796,count_additive,count_plus_BE_count,0.00029551493721863276
797,count_additive,count_plus_BE_count,-0.001044971039350695
798,count_additive,count_plus_BE_count,-0.0021574135427510632
799,count_additive,count_plus_BE_count,-0.00016490167172644732
800,count_additive,count_plus_BE_count,-0.00027697810452304017
801,count_additive,count_plus_BE_count,0.0003452904861452888
802,count_additive,count_plus_BE_count,-0.00048084243990592634
803,count_additive,count_plus_BE_count,-0.001260439103671962
804,count_additive,count_plus_BE_count,0.0008370817556795918
805,count_additive,count_plus_BE_count,0.0001236287056831098
806,count_additive,count_plus_BE_count,-0.00041281430598927304
807,count_additive,count_plus_BE_count,-0.00021803011945453754
808,count_additive,count_plus_BE_count,0.00023852643979221932
809,count_additive,count_plus_BE_count,0.0005569718433402482
810,count_additive,count_plus_BE_count,-0.001106701967374224
811,count_additive,count_plus_BE_count,-0.0011982198861865134
812,count_additive,count_plus_BE_count,-0.0005799662101587666
813,count_additive,count_plus_BE_count,-0.0010535637132990106
814,count_additive,count_plus_BE_count,0.0008707830657961324
815,count_additive,count_plus_BE_count,-0.0006130419872102388
816,count_additive,count_plus_BE_count,-2.6531512631322585e-06
817,count_additive,count_plus_BE_count,-0.0010273683028337866
818,count_additive,count_plus_BE_count,0.0008081782391843872
819,count_additive,count_plus_BE_count,-0.0006334022561576003
820,count_additive,count_plus_BE_count,0.0008192416993060281
821,count_additive,count_plus_BE_count,-0.0005141423686970681
822,count_additive,count_plus_BE_count,-0.0009383521572564058
823,count_additive,count_plus_BE_count,-0.0006490060450503043
824,count_additive,count_plus_BE_count,0.00019607326733783736
825,count_additive,count_plus_BE_count,0.00022974840885287007
826,count_additive,count_plus_BE_count,6.71008339446777e-05
827,count_additive,count_plus_BE_count,-0.0020041397569894315
828,count_additive,count_plus_BE_count,-0.0009867269602062412
829,count_additive,count_plus_BE_count,0.0003998268019543283
830,count_additive,count_plus_BE_count,3.9617081632636886e-05
831,count_additive,count_plus_BE_count,-0.00016069036558835625
832,count_additive,count_plus_BE_count,0.0008268823832132122
833,count_additive,count_plus_BE_count,-0.0006190870139209936
834,count_additive,count_plus_BE_count,-0.001451605136006895
835,count_additive,count_plus_BE_count,0.00022446990335900363
836,count_additive,count_plus_BE_count,-0.0008595768144837312
837,count_additive,count_plus_BE_count,-0.0007240738596790419
838,count_additive,count_plus_BE_count,0.0008877152450646464
839,count_additive,count_plus_BE_count,-0.00036781759513737633
840,count_additive,count_plus_BE_count,-0.00011997265513763455
841,count_additive,count_plus_BE_count,9.719797175372635e-05
842,count_additive,count_plus_BE_count,-0.00029632814340896374
843,count_additive,count_plus_BE_count,-2.827815345163298e-06
844,count_additive,count_plus_BE_count,-0.00036097145686431187
845,count_additive,count_plus_BE_count,0.00017068443974033176
846,count_additive,count_plus_BE_count,-0.00023118533072014058
847,count_additive,count_plus_BE_count,-0.0005427483266061128
848,count_additive,count_plus_BE_count,-0.0004366384354516084
849,count_additive,count_plus_BE_count,-0.00026442672114584953
850,count_additive,count_plus_BE_count,8.08413548888387e-05
851,count_additive,count_plus_BE_count,-0.0005397259485971917
852,count_additive,count_plus_BE_count,0.0006695320953370443
853,count_additive,count_plus_BE_count,-0.0007656876545095725
854,count_additive,count_plus_BE_count,4.48372214572057e-05
855,count_additive,count_plus_BE_count,-0.0006903402350226795
856,count_additive,count_plus_BE_count,-0.0006140999709727257
857,count_additive,count_plus_BE_count,-0.00027839193224693526
858,count_additive,count_plus_BE_count,-0.0002936979543216589
859,count_additive,count_plus_BE_count,-0.00011222749504902207
860,count_additive,count_plus_BE_count,-0.0012175221918662715
861,count_additive,count_plus_BE_count,-0.000525660246873505
862,count_additive,count_plus_BE_count,-0.0005019824042921117
863,count_additive,count_plus_BE_count,-0.00022194634196731622
864,count_additive,count_plus_BE_count,2.4473099806354703e-05
865,count_additive,count_plus_BE_count,-0.0003487559006807861
866,count_additive,count_plus_BE_count,-0.0007447446862807183
867,count_additive,count_plus_BE_count,-0.0007933581695743763
868,count_additive,count_plus_BE_count,-0.0004959784519949495
869,count_additive,count_plus_BE_count,-0.0006812694960486865
870,count_additive,count_plus_BE_count,0.00026221546089266745
871,count_additive,count_plus_BE_count,-0.000717414716152831
872,count_additive,count_plus_BE_count,0.0008959240019477677
873,count_additive,count_plus_BE_count,-0.0008928356091069678
874,count_additive,count_plus_BE_count,-0.0012882300562072069
875,count_additive,count_plus_BE_count,-0.0003771956497222173
876,count_additive,count_plus_BE_count,0.000794269023552785
877,count_additive,count_plus_BE_count,-2.5403169318316543e-05
878,count_additive,count_plus_BE_count,0.00023840144938053198
879,count_additive,count_plus_BE_count,-0.00011646383704200236
880,count_additive,count_plus_BE_count,-0.0011003695901612986
881,count_additive,count_plus_BE_count,-0.000270798349696566
882,count_additive,count_plus_BE_count,0.00025498819196978495
883,count_additive,count_plus_BE_count,-0.0006209335224353629
884,count_additive,count_plus_BE_count,0.0006455477303154433
885,count_additive,count_plus_BE_count,-0.0007213155996619314
886,count_additive,count_plus_BE_count,-0.00027770141447802654
887,count_additive,count_plus_BE_count,-0.0007642185175928962
888,count_additive,count_plus_BE_count,-0.0012544938345792067
889,count_additive,count_plus_BE_count,-0.0010782036166570586
890,count_additive,count_plus_BE_count,1.1688221659422737e-05
891,count_additive,count_plus_BE_count,-0.0001152005481462326
892,count_additive,count_plus_BE_count,0.00011368656225241303
893,count_additive,count_plus_BE_count,0.0005209688963653258
894,count_additive,count_plus_BE_count,0.0008331267915103191
895,count_additive,count_plus_BE_count,-0.0004893083318460167
896,count_additive,count_plus_BE_count,-0.0005541730666028255
897,count_additive,count_plus_BE_count,0.00014651821763372874
898,count_additive,count_plus_BE_count,-0.00017566176553285295
899,count_additive,count_plus_BE_count,-0.0007032816738545278
900,count_additive,count_plus_BE_count,-0.000659444861144387
901,count_additive,count_plus_BE_count,0.0009452688393212227
902,count_additive,count_plus_BE_count,0.00020205520810928634
903,count_additive,count_plus_BE_count,-0.00046697566989506445
904,count_additive,count_plus_BE_count,-0.001333160563486424
905,count_additive,count_plus_BE_count,0.00026991135400944444
906,count_additive,count_plus_BE_count,-0.0009291447794605445
907,count_additive,count_plus_BE_count,0.000248461436380909
908,count_additive,count_plus_BE_count,3.850962987300699e-05
909,count_additive,count_plus_BE_count,0.0005055364313164001
910,count_additive,count_plus_BE_count,-0.0010648478642377723
911,count_additive,count_plus_BE_count,-0.00034801811459655996
912,count_additive,count_plus_BE_count,0.0009230833619567336
913,count_additive,count_plus_BE_count,-0.0006988793336969445
914,count_additive,count_plus_BE_count,-0.00040637729649561916
915,count_additive,count_plus_BE_count,-0.0007741963590749412
916,count_additive,count_plus_BE_count,-0.0004704235027586656
917,count_additive,count_plus_BE_count,-0.0009206146940415327
918,count_additive,count_plus_BE_count,0.000645021425597414
919,count_additive,count_plus_BE_count,-0.00010779229739460439
920,count_additive,count_plus_BE_count,0.0002545582560722348
921,count_additive,count_plus_BE_count,0.00032254744310583616
922,count_additive,count_plus_BE_count,0.0002763547159626567
923,count_additive,count_plus_BE_count,0.00023127986161380898
924,count_additive,count_plus_BE_count,0.00032209412540318283
925,count_additive,count_plus_BE_count,-0.0006723595105341262
926,count_additive,count_plus_BE_count,-0.00034056972149199005
927,count_additive,count_plus_BE_count,0.00012422083308188947
928,count_additive,count_plus_BE_count,0.001066887208580003
929,count_additive,count_plus_BE_count,-2.621513732264935e-05
930,count_additive,count_plus_BE_count,0.00029381140883988355
931,count_additive,count_plus_BE_count,0.0006240695472398139
932,count_additive,count_plus_BE_count,-0.0006650483033616705
933,count_additive,count_plus_BE_count,0.0007351187354758815
934,count_additive,count_plus_BE_count,-0.0018807803786846655
935,count_additive,count_plus_BE_count,-0.000625388493563972
936,count_additive,count_plus_BE_count,0.0010834139399412135
937,count_additive,count_plus_BE_count,0.0006147518975727073
938,count_additive,count_plus_BE_count,-1.6662626452335072e-05
939,count_additive,count_plus_BE_count,0.0004125002415413248
940,count_additive,count_plus_BE_count,7.865063383505344e-05
941,count_additive,count_plus_BE_count,-0.0013608786326431699
942,count_additive,count_plus_BE_count,0.0002313410789847592
943,count_additive,count_plus_BE_count,-0.0006648364421721342
944,count_additive,count_plus_BE_count,0.0009738996617938978
945,count_additive,count_plus_BE_count,-0.00011206088703963335
946,count_additive,count_plus_BE_count,-9.458825676728067e-05
947,count_additive,count_plus_BE_count,-0.0007246946807998866
948,count_additive,count_plus_BE_count,0.0002438328768500364
949,count_additive,count_plus_BE_count,0.0006198984983645794
950,count_additive,count_plus_BE_count,-0.00028941525596420936
951,count_additive,count_plus_BE_count,0.0001728868030574371
952,count_additive,count_plus_BE_count,0.0008275481743875712
953,count_additive,count_plus_BE_count,-0.002285491014815899
954,count_additive,count_plus_BE_count,-0.0010744476413616089
955,count_additive,count_plus_BE_count,0.00035485926535172574
956,count_additive,count_plus_BE_count,-0.0001922249501439266
957,count_additive,count_plus_BE_count,0.00023410752856939387
958,count_additive,count_plus_BE_count,0.00024867294255059846
959,count_additive,count_plus_BE_count,-6.528989796605877e-05
960,count_additive,count_plus_BE_count,0.00018341038652036623
961,count_additive,count_plus_BE_count,-0.0005705438980934119
962,count_additive,count_plus_BE_count,-0.0001089482265481112
963,count_additive,count_plus_BE_count,0.0010045164098409498
964,count_additive,count_plus_BE_count,0.00018635556334745118
965,count_additive,count_plus_BE_count,-0.00025100323289994897
966,count_additive,count_plus_BE_count,-0.0005743371746886883
967,count_additive,count_plus_BE_count,0.0013448137642145253
968,count_additive,count_plus_BE_count,-0.0009080405697723948
969,count_additive,count_plus_BE_count,-0.000622646617743916
970,count_additive,count_plus_BE_count,-9.894354375550307e-05
971,count_additive,count_plus_BE_count,0.00010956970415043621
972,count_additive,count_plus_BE_count,-0.0002874045415398041
973,count_additive,count_plus_BE_count,-9.807259136995761e-05
974,count_additive,count_plus_BE_count,2.1924793148442312e-05
975,count_additive,count_plus_BE_count,-0.0006897544628770569
976,count_additive,count_plus_BE_count,-1.664692059011319e-05
977,count_additive,count_plus_BE_count,-0.0003141923371807742
978,count_additive,count_plus_BE_count,0.0005699693423928953
979,count_additive,count_plus_BE_count,-0.0002123076429957349
980,count_additive,count_plus_BE_count,0.000950184978015356
981,count_additive,count_plus_BE_count,-0.0012067529657533438
982,count_additive,count_plus_BE_count,0.0002538903504484269
983,count_additive,count_plus_BE_count,-0.00025801968236705
984,count_additive,count_plus_BE_count,-0.0010028178056170622
985,count_additive,count_plus_BE_count,-0.000877812946217027
986,count_additive,count_plus_BE_count,-0.001576368678500084
987,count_additive,count_plus_BE_count,-0.0010336084581804017
988,count_additive,count_plus_BE_count,-0.0010786430638445865
989,count_additive,count_plus_BE_count,1.0710202948571723e-05
990,count_additive,count_plus_BE_count,6.435209634725325e-06
991,count_additive,count_plus_BE_count,-5.287839232093194e-06
992,count_additive,count_plus_BE_count,-0.0001099643587429977
993,count_additive,count_plus_BE_count,-0.0005745066933594001
994,count_additive,count_plus_BE_count,-0.0007921229816212905
995,count_additive,count_plus_BE_count,-0.00044209868318695333
996,count_additive,count_plus_BE_count,-0.0002256903630879492
997,count_additive,count_plus_BE_count,-0.00015286770762179547
998,count_additive,count_plus_BE_count,0.00027529109404006435
999,count_additive,count_plus_BE_count,0.0006123723271804771
1000,count_additive,count_plus_BE_count,-0.0014266502000370718
1001,count_additive,count_plus_BE_count,-8.650539610188801e-05
1002,count_additive,count_plus_BE_count,-0.0012118496737621443
1003,count_additive,count_plus_BE_count,0.0009935222050594383
1004,count_additive,count_plus_BE_count,-0.0007765116228086177
1005,count_additive,count_plus_BE_count,-0.00030619355008054683
1006,count_additive,count_plus_BE_count,0.000442076148223558
1007,count_additive,count_plus_BE_count,0.0009498564449547664
1008,count_additive,count_plus_BE_count,0.00011808160759813058
1009,count_additive,count_plus_BE_count,-0.00036214706445608646
1010,count_additive,count_plus_BE_count,0.0001006531815138656
1011,count_additive,count_plus_BE_count,-0.00014819801355647755
1012,count_additive,count_plus_BE_count,-0.0007932324674108648
1013,count_additive,count_plus_BE_count,0.0004471790608296944
1014,count_additive,count_plus_BE_count,0.0011012343657174628
1015,count_additive,count_plus_BE_count,-0.00015993060489394306
1016,count_additive,count_plus_BE_count,-0.0010709697837828491
1017,count_additive,count_plus_BE_count,-0.00019177921376967166
1018,count_additive,count_plus_BE_count,-2.2516460429444773e-05
1019,count_additive,count_plus_BE_count,-0.0010122160977957262
1020,count_additive,count_plus_BE_count,0.00042015773079245866
1021,count_additive,count_plus_BE_count,-0.0004755011359952044
1022,count_additive,count_plus_BE_count,-0.0011229045918705327
1023,count_additive,count_plus_BE_count,8.172836145992068e-05
1024,count_additive,count_plus_BE_count,-0.0011833954835958616
1025,count_additive,count_plus_BE_count,-0.0001405398709405925
1026,count_additive,count_plus_BE_count,-0.0005730776399743287
1027,count_additive,count_plus_BE_count,-0.00021559434065149263
1028,count_additive,count_plus_BE_count,-0.0005089357386272586
1029,count_additive,count_plus_BE_count,-0.000532511104036848
1030,count_additive,count_plus_BE_count,-0.0002196728052271668
1031,count_additive,count_plus_BE_count,0.0006340325376033018
1032,count_additive,count_plus_BE_count,0.000903756593725491
1033,count_additive,count_plus_BE_count,-0.00025671464689625
1034,count_additive,count_plus_BE_count,-0.00014716183795399074
1035,count_additive,count_plus_BE_count,-0.0006900546120036655
1036,count_additive,count_plus_BE_count,7.6814857178642e-05
1037,count_additive,count_plus_BE_count,-0.0004923417363199012
1038,count_additive,count_plus_BE_count,-8.196909482016679e-05
1039,count_additive,count_plus_BE_count,0.0010352144650666029
1040,count_additive,count_plus_BE_count,-1.6709531037328862e-05
1041,count_additive,count_plus_BE_count,-0.0010299073396920488
1042,count_additive,count_plus_BE_count,-0.000239762731500337
1043,count_additive,count_plus_BE_count,-0.0005221023979606332
1044,count_additive,count_plus_BE_count,-0.00045769500153547416
1045,count_additive,count_plus_BE_count,0.00043098881910152986
1046,count_additive,count_plus_BE_count,1.8750492235319882e-05
1047,count_additive,count_plus_BE_count,-0.0010182635315683641
1048,count_additive,count_plus_BE_count,-0.0009578945883910728
1049,count_additive,count_plus_BE_count,-0.002055983821584284
1050,count_additive,count_plus_BE_count,9.557992736047849e-05
1051,count_additive,count_plus_BE_count,0.0004499702802632233
1052,count_additive,count_plus_BE_count,-0.0007114764268715268
1053,count_additive,count_plus_BE_count,-0.00022500376135925482
1054,count_additive,count_plus_BE_count,1.6462781986525954e-06
1055,count_additive,count_plus_BE_count,-0.0002284947618858557
1056,count_additive,count_plus_BE_count,-1.4460123125559221e-06
1057,count_additive,count_plus_BE_count,0.0010505141042183586
1058,count_additive,count_plus_BE_count,-0.0010776371057367728
1059,count_additive,count_plus_BE_count,-0.0008750269067694938
1060,count_additive,count_plus_BE_count,-0.0005280401272875768
1061,count_additive,count_plus_BE_count,-0.0006298515693339835
1062,count_additive,count_plus_BE_count,-0.0006197910779599525
1063,count_additive,count_plus_BE_count,-0.0012220192773146343
1064,count_additive,count_plus_BE_count,-0.00041700156554391743
1065,count_additive,count_plus_BE_count,-0.000494893570234356
1066,count_additive,count_plus_BE_count,-0.0011385470811426934
1067,count_additive,count_plus_BE_count,-9.121553112328984e-05
1068,count_additive,count_plus_BE_count,-0.00022512398211738116
1069,count_additive,count_plus_BE_count,-0.0004592731610108536
1070,count_additive,count_plus_BE_count,-0.0010896359353881335
1071,count_additive,count_plus_BE_count,-0.00044055876086995793
1072,count_additive,count_plus_BE_count,-0.0013121816587340351
1073,count_additive,count_plus_BE_count,-0.0003312226636474347
1074,count_additive,count_plus_BE_count,-0.0007663951676651348
1075,count_additive,count_plus_BE_count,0.0001835024583063949
1076,count_additive,count_plus_BE_count,3.8153632450632635e-06
1077,count_additive,count_plus_BE_count,-0.0004858716238775873
1078,count_additive,count_plus_BE_count,-0.0009892083044097388
1079,count_additive,count_plus_BE_count,-0.0012090861014392162
1080,count_additive,count_plus_BE_count,0.00040056997356885393
1081,count_additive,count_plus_BE_count,-0.0006301441962026089
1082,count_additive,count_plus_BE_count,-0.0003492050997572216
1083,count_additive,count_plus_BE_count,0.00031023419870718216
1084,count_additive,count_plus_BE_count,0.00017689988108282595
1085,count_additive,count_plus_BE_count,-1.6883003688794584e-05
1086,count_additive,count_plus_BE_count,-0.0010505754743778128
1087,count_additive,count_plus_BE_count,-0.00034792605591238424
1088,count_additive,count_plus_BE_count,0.0010482470082190942
1089,count_additive,count_plus_BE_count,0.0013043684412421541
1090,count_additive,count_plus_BE_count,-1.6487050530089586e-05
1091,count_additive,count_plus_BE_count,7.618731823594294e-05
1092,count_additive,count_plus_BE_count,-0.002018425957160175
1093,count_additive,count_plus_BE_count,-0.00029451482960579645
1094,count_additive,count_plus_BE_count,6.733849395457181e-05
1095,count_additive,count_plus_BE_count,-0.0008060135385442591
1096,count_additive,count_plus_BE_count,-0.001230151754760489
1097,count_additive,count_plus_BE_count,0.00037935009001877074
1098,count_additive,count_plus_BE_count,-0.0004862043548524708
1099,count_additive,count_plus_BE_count,0.0012393022897275174
1100,count_additive,count_plus_BE_count,-9.243783484352841e-05
1101,count_additive,count_plus_BE_count,-0.0003080542540976894
1102,count_additive,count_plus_BE_count,-0.000164294874937021
1103,count_additive,count_plus_BE_count,-0.0004695464968025309
1104,count_additive,count_plus_BE_count,-0.0006450414594396658
1105,count_additive,count_plus_BE_count,-0.0009993257148298018
1106,count_additive,count_plus_BE_count,-0.00012542842282159405
1107,count_additive,count_plus_BE_count,-0.0006944339633200847
1108,count_additive,count_plus_BE_count,-0.0014913779949404793
1109,count_additive,count_plus_BE_count,9.533657035570853e-05
1110,count_additive,count_plus_BE_count,0.0013331711853412642
1111,count_additive,count_plus_BE_count,-0.0012971179167060587
1112,count_additive,count_plus_BE_count,-0.0006692148973902468
1113,count_additive,count_plus_BE_count,4.3005007698881936e-05
1114,count_additive,count_plus_BE_count,-0.0008086309624419363
1115,count_additive,count_plus_BE_count,0.0009325384060544506
1116,count_additive,count_plus_BE_count,-0.00110992798558035
1117,count_additive,count_plus_BE_count,-0.0004141734604255487
1118,count_additive,count_plus_BE_count,0.0007280857009630548
1119,count_additive,count_plus_BE_count,-0.0007012644985033845
1120,count_additive,count_plus_BE_count,-0.0008354944591640878
1121,count_additive,count_plus_BE_count,-0.0004557836044621344
1122,count_additive,count_plus_BE_count,-0.001391508153951282
1123,count_additive,count_plus_BE_count,-0.0010298301768665863
1124,count_additive,count_plus_BE_count,-0.000169990220241667
1125,count_additive,count_plus_BE_count,-0.000644717629734004
1126,count_additive,count_plus_BE_count,-0.0008646942512396949
1127,count_additive,count_plus_BE_count,-0.0006549171492115646
1128,count_additive,count_plus_BE_count,0.00025117005112534896
1129,count_additive,count_plus_BE_count,0.0004239659596976253
1130,count_additive,count_plus_BE_count,-0.0008240579483503319
1131,count_additive,count_plus_BE_count,-0.0013628649148308969
1132,count_additive,count_plus_BE_count,0.0005150460101653875
1133,count_additive,count_plus_BE_count,-0.0010094698032674376
1134,count_additive,count_plus_BE_count,2.0122234659913918e-05
1135,count_additive,count_plus_BE_count,-0.0013372192516715176
1136,count_additive,count_plus_BE_count,0.0003169316557682378
1137,count_additive,count_plus_BE_count,-0.0011634890655717878
1138,count_additive,count_plus_BE_count,-0.00036615333903833314
1139,count_additive,count_plus_BE_count,0.00050150132781418
1140,count_additive,count_plus_BE_count,-0.000953728811353749
1141,count_additive,count_plus_BE_count,-0.00019777670158177552
1142,count_additive,count_plus_BE_count,-0.0003851333933223011
1143,count_additive,count_plus_BE_count,0.0003262597873602835
1144,count_additive,count_plus_BE_count,-0.0010014463491300196
1145,count_additive,count_plus_BE_count,0.00045035611677329834
1146,count_additive,count_plus_BE_count,0.0007932909315270797
1147,count_additive,count_plus_BE_count,-0.0005070407118089593
1148,count_additive,count_plus_BE_count,-0.0009287859710673807
1149,count_additive,count_plus_BE_count,0.0015269654789701326
1150,count_additive,count_plus_BE_count,0.0003444434927682427
1151,count_additive,count_plus_BE_count,-0.000825115847806368
1152,count_additive,count_plus_BE_count,5.313968952203041e-06
1153,count_additive,count_plus_BE_count,-0.0008638662608185799
1154,count_additive,count_plus_BE_count,0.0006342608755184331
1155,count_additive,count_plus_BE_count,-0.0007282704189706113
1156,count_additive,count_plus_BE_count,-0.00025435806535439864
1157,count_additive,count_plus_BE_count,-0.0010863444199971095
1158,count_additive,count_plus_BE_count,-0.0015432568788568135
1159,count_additive,count_plus_BE_count,-0.0006706291506394235
1160,count_additive,count_plus_BE_count,-0.00012050947858477379
1161,count_additive,count_plus_BE_count,0.0007781233760669193
1162,count_additive,count_plus_BE_count,0.0006645102765185373
1163,count_additive,count_plus_BE_count,0.0008931561849773728
1164,count_additive,count_plus_BE_count,-0.0014936044822287942
1165,count_additive,count_plus_BE_count,-0.00026231091452183497
1166,count_additive,count_plus_BE_count,-0.0007540565563109447
1167,count_additive,count_plus_BE_count,0.00012830040107653096
1168,count_additive,count_plus_BE_count,-0.000805788054870693
1169,count_additive,count_plus_BE_count,-0.00013403065989736618
1170,count_additive,count_plus_BE_count,-2.588934308539459e-05
1171,count_additive,count_plus_BE_count,-0.001007224578783772
1172,count_additive,count_plus_BE_count,0.0006288846470917653
1173,count_additive,count_plus_BE_count,-0.0011450573108530704
1174,count_additive,count_plus_BE_count,0.0005155211913551727
1175,count_additive,count_plus_BE_count,-0.00010001765040484889
1176,count_additive,count_plus_BE_count,0.00012435875151345366
1177,count_additive,count_plus_BE_count,-0.0014186309341309156
1178,count_additive,count_plus_BE_count,-0.00018531228277396394
1179,count_additive,count_plus_BE_count,0.0003199785320803783
1180,count_additive,count_plus_BE_count,0.0003789839237149373
1181,count_additive,count_plus_BE_count,-0.00012392333199517935
1182,count_additive,count_plus_BE_count,-0.0006678686981314019
1183,count_additive,count_plus_BE_count,-0.0003579278182807011
1184,count_additive,count_plus_BE_count,-0.0014982475422649078
1185,count_additive,count_plus_BE_count,0.00036352281006984954
1186,count_additive,count_plus_BE_count,-0.0004315439639541174
1187,count_additive,count_plus_BE_count,9.438062751365717e-05
1188,count_additive,count_plus_BE_count,-0.00040490100699103193
1189,count_additive,count_plus_BE_count,-0.000766221084813945
1190,count_additive,count_plus_BE_count,-0.000729817468763827
1191,count_additive,count_plus_BE_count,-0.0001111905917500211
1192,count_additive,count_plus_BE_count,7.314185144619012e-05
1193,count_additive,count_plus_BE_count,-0.0010270995013648143
1194,count_additive,count_plus_BE_count,-0.0003562348601157672
1195,count_additive,count_plus_BE_count,0.0009110201010097962
1196,count_additive,count_plus_BE_count,0.0003038594709636744
1197,count_additive,count_plus_BE_count,-0.0013779166139526455
1198,count_additive,count_plus_BE_count,-0.0010815928038779843
1199,count_additive,count_plus_BE_count,1.5948766774742662e-05
1200,count_additive,count_plus_BE_count,-0.0008137886531259242
1201,count_additive,count_plus_BE_count,0.0007100641279522146
1202,count_additive,count_plus_BE_count,-4.741826602161492e-05
1203,count_additive,count_plus_BE_count,-0.0006746000692091636
1204,count_additive,count_plus_BE_count,0.0003475937982960753
1205,count_additive,count_plus_BE_count,-1.8538308335869225e-05
1206,count_additive,count_plus_BE_count,-0.0014551345512365255
1207,count_additive,count_plus_BE_count,-0.00011881187180251551
1208,count_additive,count_plus_BE_count,-0.0005336419495981515
1209,count_additive,count_plus_BE_count,0.00044760830569734456
1210,count_additive,count_plus_BE_count,0.0007364286030415723
1211,count_additive,count_plus_BE_count,-0.0003654061783253115
1212,count_additive,count_plus_BE_count,0.0007547850769587527
1213,count_additive,count_plus_BE_count,8.96499124863892e-06
1214,count_additive,count_plus_BE_count,-0.0013040805421241641
1215,count_additive,count_plus_BE_count,0.0002046257339654578
1216,count_additive,count_plus_BE_count,-0.0004611282964345209
1217,count_additive,count_plus_BE_count,0.00047408405761223404
1218,count_additive,count_plus_BE_count,8.334271069876387e-05
1219,count_additive,count_plus_BE_count,-0.0009719770258280747
1220,count_additive,count_plus_BE_count,0.0006848621743717476
1221,count_additive,count_plus_BE_count,-0.0006190349239564852
1222,count_additive,count_plus_BE_count,-0.0012326471239352266
1223,count_additive,count_plus_BE_count,0.00014098661578032523
1224,count_additive,count_plus_BE_count,-0.0007099469681419168
1225,count_additive,count_plus_BE_count,-0.0003878554578774507
1226,count_additive,count_plus_BE_count,-0.0005368605342386257
1227,count_additive,count_plus_BE_count,6.96360503729121e-05
1228,count_additive,count_plus_BE_count,0.0003857732967854077
1229,count_additive,count_plus_BE_count,-0.00029083672212143474
1230,count_additive,count_plus_BE_count,-0.0005325103426973565
1231,count_additive,count_plus_BE_count,-0.0009856819510512538
1232,count_additive,count_plus_BE_count,-0.00024061122801938284
1233,count_additive,count_plus_BE_count,-0.0009776791687782227
1234,count_additive,count_plus_BE_count,-0.00031910909864429904
1235,count_additive,count_plus_BE_count,0.0006887878700080896
1236,count_additive,count_plus_BE_count,-0.000728130267312721
1237,count_additive,count_plus_BE_count,0.00011147476618400542
1238,count_additive,count_plus_BE_count,-0.0005973235153773904
1239,count_additive,count_plus_BE_count,0.00017026136048731155
1240,count_additive,count_plus_BE_count,-0.001415656671240717
1241,count_additive,count_plus_BE_count,0.00020084148387744527
1242,count_additive,count_plus_BE_count,9.187695352197434e-05
1243,count_additive,count_plus_BE_count,0.0005300917025439222
1244,count_additive,count_plus_BE_count,-0.00015970340238180558
1245,count_additive,count_plus_BE_count,-0.00020371358389392746
1246,count_additive,count_plus_BE_count,-0.00015640087700258265
1247,count_additive,count_plus_BE_count,0.0002568274099610801
1248,count_additive,count_plus_BE_count,-1.9758948021753042e-05
1249,count_additive,count_plus_BE_count,0.00021684287765871835
1250,count_additive,count_plus_BE_count,-0.00022927793843580124
1251,count_additive,count_plus_BE_count,-0.000124713707780999
1252,count_additive,count_plus_BE_count,0.0009480054313480424
1253,count_additive,count_plus_BE_count,-1.5995608800056793e-05
1254,count_additive,count_plus_BE_count,0.0001758269496593412
1255,count_additive,count_plus_BE_count,-0.00021308200451991555
1256,count_additive,count_plus_BE_count,-0.0005778939367036551
1257,count_additive,count_plus_BE_count,-0.0008506060223416045
1258,count_additive,count_plus_BE_count,-0.0009894770659156227
1259,count_additive,count_plus_BE_count,-0.0006499339135919713
1260,count_additive,count_plus_BE_count,0.000854612665426413
1261,count_additive,count_plus_BE_count,-0.0003780622456436289
1262,count_additive,count_plus_BE_count,0.0001745851914954355
1263,count_additive,count_plus_BE_count,-0.00036687303162330487
1264,count_additive,count_plus_BE_count,-0.0001978215037609643
1265,count_additive,count_plus_BE_count,-0.0008659410643480081
1266,count_additive,count_plus_BE_count,-0.000793718377960051
1267,count_additive,count_plus_BE_count,0.00012147054987826644
1268,count_additive,count_plus_BE_count,-0.0004663517312955001
1269,count_additive,count_plus_BE_count,-0.0006241360923598394
1270,count_additive,count_plus_BE_count,0.0001240104043572221
1271,count_additive,count_plus_BE_count,-0.0005253955107064057
1272,count_additive,count_plus_BE_count,-0.0003521130948654916
1273,count_additive,count_plus_BE_count,-0.00018697743523882204
1274,count_additive,count_plus_BE_count,-0.0008879522041309595
1275,count_additive,count_plus_BE_count,0.0003003913937796865
1276,count_additive,count_plus_BE_count,7.436963483775649e-05
1277,count_additive,count_plus_BE_count,-0.000416095684490414
1278,count_additive,count_plus_BE_count,-0.0006870206766718123
1279,count_additive,count_plus_BE_count,-0.0004736206173910351
1280,count_additive,count_plus_BE_count,-0.0015751402186191532
1281,count_additive,count_plus_BE_count,9.734434783498225e-05
1282,count_additive,count_plus_BE_count,-0.0010531757448068446
1283,count_additive,count_plus_BE_count,-0.0011436651047794233
1284,count_additive,count_plus_BE_count,-0.0002075835084908717
1285,count_additive,count_plus_BE_count,-0.0002198270706240124
1286,count_additive,count_plus_BE_count,-0.0010031922509535218
1287,count_additive,count_plus_BE_count,0.0007353860736648565
1288,count_additive,count_plus_BE_count,-0.0010552402696921703
1289,count_additive,count_plus_BE_count,0.0001921997814539611
1290,count_additive,count_plus_BE_count,0.00021975425198506038
1291,count_additive,count_plus_BE_count,-0.0016752203467595983
1292,count_additive,count_plus_BE_count,0.001086761983632889
1293,count_additive,count_plus_BE_count,-0.0008295386843107377
1294,count_additive,count_plus_BE_count,-0.00044797441933874804
1295,count_additive,count_plus_BE_count,0.0004150330692358484
1296,count_additive,count_plus_BE_count,-0.0006516208837960002
1297,count_additive,count_plus_BE_count,-0.0001693970555469715
1298,count_additive,count_plus_BE_count,-8.224986289950831e-05
1299,count_additive,count_plus_BE_count,-0.0009238242996554846
1300,count_additive,count_plus_BE_count,-0.0004326884212010884
1301,count_additive,count_plus_BE_count,-0.0015620808437453726
1302,count_additive,count_plus_BE_count,-0.0004753611402953939
1303,count_additive,count_plus_BE_count,0.0007507803095688215
1304,count_additive,count_plus_BE_count,0.0008498494534751599
1305,count_additive,count_plus_BE_count,-0.0014886600764690283
1306,count_additive,count_plus_BE_count,-0.0009993390885960074
1307,count_additive,count_plus_BE_count,-0.0007376500036301303
1308,count_additive,count_plus_BE_count,-0.00013775065831583833
1309,count_additive,count_plus_BE_count,1.3228173649237895e-06
1310,count_additive,count_plus_BE_count,-0.0005075960808963997
1311,count_additive,count_plus_BE_count,-0.0007891101945710632
1312,count_additive,count_plus_BE_count,0.00041518018316849536
1313,count_additive,count_plus_BE_count,-0.0005822019305975479
1314,count_additive,count_plus_BE_count,-0.0007750071734464736
1315,count_additive,count_plus_BE_count,7.26714984702892e-05
1316,count_additive,count_plus_BE_count,-0.0003576604344750489
1317,count_additive,count_plus_BE_count,-0.0010002330544340299
1318,count_additive,count_plus_BE_count,-0.0008129512132000194
1319,count_additive,count_plus_BE_count,0.0004429445842469293
1320,count_additive,count_plus_BE_count,0.0001949556666379637
1321,count_additive,count_plus_BE_count,0.0009645972797422409
1322,count_additive,count_plus_BE_count,0.00018563547450239914
1323,count_additive,count_plus_BE_count,3.0407894911765876e-05
1324,count_additive,count_plus_BE_count,0.0016380779533828327
1325,count_additive,count_plus_BE_count,1.3793118287641626e-05
1326,count_additive,count_plus_BE_count,-0.0011002125944304386
1327,count_additive,count_plus_BE_count,-0.0008137552624046251
1328,count_additive,count_plus_BE_count,0.00034133016113274683
1329,count_additive,count_plus_BE_count,-0.0008093580437464887
1330,count_additive,count_plus_BE_count,-0.0005280797575299423
1331,count_additive,count_plus_BE_count,0.0009037479222842038
1332,count_additive,count_plus_BE_count,-0.0006685918039912586
1333,count_additive,count_plus_BE_count,-5.9003107540311905e-05
1334,count_additive,count_plus_BE_count,0.0006233116726526711
1335,count_additive,count_plus_BE_count,5.936921760962832e-05
1336,count_additive,count_plus_BE_count,-0.0010131281946271775
1337,count_additive,count_plus_BE_count,0.0007758892384329141
1338,count_additive,count_plus_BE_count,9.71048392069962e-05
1339,count_additive,count_plus_BE_count,0.000581228709266246
1340,count_additive,count_plus_BE_count,-0.00031421578896467794
1341,count_additive,count_plus_BE_count,0.00040396333534931106
1342,count_additive,count_plus_BE_count,-0.00103433237180528
1343,count_additive,count_plus_BE_count,-0.0006873786351940248
1344,count_additive,count_plus_BE_count,-0.0006388093153947283
1345,count_additive,count_plus_BE_count,-0.0014262570350965231
1346,count_additive,count_plus_BE_count,0.0006875665297471079
1347,count_additive,count_plus_BE_count,-0.001246728408279385
1348,count_additive,count_plus_BE_count,0.00011597801361701299
1349,count_additive,count_plus_BE_count,-0.0008584879082016439
1350,count_additive,count_plus_BE_count,0.0009183541411125207
1351,count_additive,count_plus_BE_count,0.0006163464373071803
1352,count_additive,count_plus_BE_count,-0.00039691102720418314
1353,count_additive,count_plus_BE_count,0.0012094687595418652
1354,count_additive,count_plus_BE_count,-0.000904040847799048
1355,count_additive,count_plus_BE_count,-0.00014716205935727533
1356,count_additive,count_plus_BE_count,-9.052308415563592e-05
1357,count_additive,count_plus_BE_count,-0.00026844584532770277
1358,count_additive,count_plus_BE_count,-0.0004379484270709
1359,count_additive,count_plus_BE_count,-0.0002533197564518197
1360,count_additive,count_plus_BE_count,-0.00018560003861478602
1361,count_additive,count_plus_BE_count,-0.0007857968810865978
1362,count_additive,count_plus_BE_count,-0.0003195716346021671
1363,count_additive,count_plus_BE_count,6.694835782372621e-05
1364,count_additive,count_plus_BE_count,-0.0011196555000769215
1365,count_additive,count_plus_BE_count,-0.0001461107060099498
1366,count_additive,count_plus_BE_count,-0.0010947498897398433
1367,count_additive,count_plus_BE_count,-0.0006410177591354427
1368,count_additive,count_plus_BE_count,-0.00044934602216273323
1369,count_additive,count_plus_BE_count,-4.0712706716516944e-05
1370,count_additive,count_plus_BE_count,2.4096826605868316e-05
1371,count_additive,count_plus_BE_count,-0.00019689485851537292
1372,count_additive,count_plus_BE_count,0.00013020365608390483
1373,count_additive,count_plus_BE_count,0.0002107063134279552
1374,count_additive,count_plus_BE_count,-0.0006237918152107169
1375,count_additive,count_plus_BE_count,-0.0010962342493410215
1376,count_additive,count_plus_BE_count,8.842852432966453e-06
1377,count_additive,count_plus_BE_count,0.0008964761099597984
1378,count_additive,count_plus_BE_count,-0.0011295225734305192
1379,count_additive,count_plus_BE_count,-0.0011440069329712865
1380,count_additive,count_plus_BE_count,-0.0006728739936922579
1381,count_additive,count_plus_BE_count,0.0010529212002862165
1382,count_additive,count_plus_BE_count,-0.0015024185632754872
1383,count_additive,count_plus_BE_count,-0.00017546000181190013
1384,count_additive,count_plus_BE_count,9.54354824029835e-05
1385,count_additive,count_plus_BE_count,-0.0003544249084408979
1386,count_additive,count_plus_BE_count,0.0009451787010676393
1387,count_additive,count_plus_BE_count,-0.00010518212796034598
1388,count_additive,count_plus_BE_count,0.0005345314331698381
1389,count_additive,count_plus_BE_count,0.00019430806284004287
1390,count_additive,count_plus_BE_count,3.1501940604528045e-05
1391,count_additive,count_plus_BE_count,-0.0010123728228359496
1392,count_additive,count_plus_BE_count,-0.0009402361036146001
1393,count_additive,count_plus_BE_count,-0.0002487389260532602
1394,count_additive,count_plus_BE_count,-0.0011325143561578543
1395,count_additive,count_plus_BE_count,0.00040502001429715273
1396,count_additive,count_plus_BE_count,0.0001095191154550923
1397,count_additive,count_plus_BE_count,-0.0008582361337117206
1398,count_additive,count_plus_BE_count,-0.0013472224926018295
1399,count_additive,count_plus_BE_count,-0.0008683559602194468
1400,count_additive,count_plus_BE_count,-0.0014248475517187886
1401,count_additive,count_plus_BE_count,0.0004249836820441888
1402,count_additive,count_plus_BE_count,-0.0006524317660560608
1403,count_additive,count_plus_BE_count,0.0010180558593900768
1404,count_additive,count_plus_BE_count,0.0005001257113841917
1405,count_additive,count_plus_BE_count,-0.000819487853686407
1406,count_additive,count_plus_BE_count,0.0006103865750006765
1407,count_additive,count_plus_BE_count,-0.0010464383826362944
1408,count_additive,count_plus_BE_count,-0.0005452369236766397
1409,count_additive,count_plus_BE_count,0.0002572840176752189
1410,count_additive,count_plus_BE_count,-0.0005729492599318986
1411,count_additive,count_plus_BE_count,-0.0012541869101139191
1412,count_additive,count_plus_BE_count,0.000789321405316401
1413,count_additive,count_plus_BE_count,1.8578730065499371e-06
1414,count_additive,count_plus_BE_count,9.244248697876101e-05
1415,count_additive,count_plus_BE_count,0.00021712918445876417
1416,count_additive,count_plus_BE_count,-0.0009258234004448362
1417,count_additive,count_plus_BE_count,0.0006462351852203341
1418,count_additive,count_plus_BE_count,3.074131982472306e-05
1419,count_additive,count_plus_BE_count,-8.696354921028382e-05
1420,count_additive,count_plus_BE_count,0.0003475051326619627
1421,count_additive,count_plus_BE_count,0.0008337756668637675
1422,count_additive,count_plus_BE_count,-0.0015932456018465935
1423,count_additive,count_plus_BE_count,-0.0004134218294561398
1424,count_additive,count_plus_BE_count,-0.00017010253365257189
1425,count_additive,count_plus_BE_count,-0.000575106546463755
1426,count_additive,count_plus_BE_count,0.0008292347730600169
1427,count_additive,count_plus_BE_count,-0.0015814576426130822
1428,count_additive,count_plus_BE_count,-0.0009280882134908297
1429,count_additive,count_plus_BE_count,-0.0008802860210572194
1430,count_additive,count_plus_BE_count,7.219398035762659e-05
1431,count_additive,count_plus_BE_count,-0.0011746704077787995
1432,count_additive,count_plus_BE_count,-1.936297836518941e-05
1433,count_additive,count_plus_BE_count,-0.00029294809655672216
1434,count_additive,count_plus_BE_count,-0.0004091405755556887
1435,count_additive,count_plus_BE_count,0.00032690776873878225
1436,count_additive,count_plus_BE_count,-0.0008411862344654408
1437,count_additive,count_plus_BE_count,-0.0006339413615312761
1438,count_additive,count_plus_BE_count,-0.0009924842410947154
1439,count_additive,count_plus_BE_count,-0.0006510246545652909
1440,count_additive,count_plus_BE_count,-0.00022649337511482237
1441,count_additive,count_plus_BE_count,0.0006698206743561697
1442,count_additive,count_plus_BE_count,-0.00025693851744718055
1443,count_additive,count_plus_BE_count,0.00015658711628180333
1444,count_additive,count_plus_BE_count,0.0009689137791091817
1445,count_additive,count_plus_BE_count,-0.001287271484420316
1446,count_additive,count_plus_BE_count,0.0008258777553009633
1447,count_additive,count_plus_BE_count,0.001175245387278978
1448,count_additive,count_plus_BE_count,-0.00037879129139345435
1449,count_additive,count_plus_BE_count,-0.0001337640351171676
1450,count_additive,count_plus_BE_count,-0.0009025070204550789
1451,count_additive,count_plus_BE_count,-0.0002484214425064746
1452,count_additive,count_plus_BE_count,-0.0006128596319156521
1453,count_additive,count_plus_BE_count,-0.0003801079914281247
1454,count_additive,count_plus_BE_count,-0.0005528452612312273
1455,count_additive,count_plus_BE_count,-6.974342985621718e-05
1456,count_additive,count_plus_BE_count,0.0005879006909937368
1457,count_additive,count_plus_BE_count,-0.0011470961207308839
1458,count_additive,count_plus_BE_count,-0.0013342997340688445
1459,count_additive,count_plus_BE_count,-0.0003627688096362047
1460,count_additive,count_plus_BE_count,-0.0005442863289518707
1461,count_additive,count_plus_BE_count,-0.00037511711566823314
1462,count_additive,count_plus_BE_count,9.667956603487404e-05
1463,count_additive,count_plus_BE_count,-0.00032769234218221754
1464,count_additive,count_plus_BE_count,0.001445455481607849
1465,count_additive,count_plus_BE_count,0.0009167502682289053
1466,count_additive,count_plus_BE_count,5.832547240014474e-06
1467,count_additive,count_plus_BE_count,0.00018149390955679578
1468,count_additive,count_plus_BE_count,0.0007089679643733637
1469,count_additive,count_plus_BE_count,0.0001998793557552725
1470,count_additive,count_plus_BE_count,-0.0006100555846211275
1471,count_additive,count_plus_BE_count,-0.00021001894855221526
1472,count_additive,count_plus_BE_count,-0.0008433180045973043
1473,count_additive,count_plus_BE_count,3.1652548278082726e-05
1474,count_additive,count_plus_BE_count,-0.00019285187838008477
1475,count_additive,count_plus_BE_count,0.00024581369700532596
1476,count_additive,count_plus_BE_count,-0.00051834018204866
1477,count_additive,count_plus_BE_count,0.0011012080048993789
1478,count_additive,count_plus_BE_count,0.00013249738997855864
1479,count_additive,count_plus_BE_count,-0.0007394603150829848
1480,count_additive,count_plus_BE_count,0.00032766186184723933
1481,count_additive,count_plus_BE_count,0.00039307465768506633
1482,count_additive,count_plus_BE_count,-0.0007551759957472592
1483,count_additive,count_plus_BE_count,0.00022928986161691034
1484,count_additive,count_plus_BE_count,-0.0001249410965352138
1485,count_additive,count_plus_BE_count,-0.0007233291936942221
1486,count_additive,count_plus_BE_count,-0.00012286094395008718
1487,count_additive,count_plus_BE_count,-0.00045839208103332085
1488,count_additive,count_plus_BE_count,-0.00048496812996445815
1489,count_additive,count_plus_BE_count,-0.00016175520948596978
1490,count_additive,count_plus_BE_count,-0.0010804084876008813
1491,count_additive,count_plus_BE_count,-0.0006778712453664459
1492,count_additive,count_plus_BE_count,-0.0006301697929761985
1493,count_additive,count_plus_BE_count,5.5610336767153434e-06
1494,count_additive,count_plus_BE_count,-0.0014861594883987528
1495,count_additive,count_plus_BE_count,-0.000663152728050731
1496,count_additive,count_plus_BE_count,-0.00046170940717932263
1497,count_additive,count_plus_BE_count,-0.00027569376861141803
1498,count_additive,count_plus_BE_count,-0.0011605760374073237
1499,count_additive,count_plus_BE_count,0.0010951749725762183
1500,count_additive,count_plus_BE_count,-3.0051054406343702e-05
1501,count_additive,count_plus_BE_count,-0.0004066785419496455
1502,count_additive,count_plus_BE_count,-0.0004093754584565401
1503,count_additive,count_plus_BE_count,-0.0003579994663122643
1504,count_additive,count_plus_BE_count,0.00012230578131960934
1505,count_additive,count_plus_BE_count,-0.0001224138760693716
1506,count_additive,count_plus_BE_count,0.0006054711090057174
1507,count_additive,count_plus_BE_count,-0.0003886409709079608
1508,count_additive,count_plus_BE_count,8.270964637124845e-06
1509,count_additive,count_plus_BE_count,-1.54201351827421e-05
1510,count_additive,count_plus_BE_count,-0.000497800556099881
1511,count_additive,count_plus_BE_count,0.0004605943343355401
1512,count_additive,count_plus_BE_count,-0.00026956475003286906
1513,count_additive,count_plus_BE_count,0.0005515823774164819
1514,count_additive,count_plus_BE_count,-0.00036718985294670325
1515,count_additive,count_plus_BE_count,-0.000986145262454774
1516,count_additive,count_plus_BE_count,-0.00042207378374359283
1517,count_additive,count_plus_BE_count,0.0003822537054924968
1518,count_additive,count_plus_BE_count,-0.0004584592512417718
1519,count_additive,count_plus_BE_count,-0.0006702963182549926
1520,count_additive,count_plus_BE_count,-0.00038123256389382965
1521,count_additive,count_plus_BE_count,-1.4838309718212539e-05
1522,count_additive,count_plus_BE_count,-0.00025098764108816285
1523,count_additive,count_plus_BE_count,-0.00033985092724175825
1524,count_additive,count_plus_BE_count,-0.0012793868004862818
1525,count_additive,count_plus_BE_count,0.00019829739243582
1526,count_additive,count_plus_BE_count,-0.00021357666483584614
1527,count_additive,count_plus_BE_count,0.0008471845792187849
1528,count_additive,count_plus_BE_count,0.0002227327438197313
1529,count_additive,count_plus_BE_count,-0.0008396243783098112
1530,count_additive,count_plus_BE_count,0.00011918266991950421
1531,count_additive,count_plus_BE_count,-0.00014154778399172452
1532,count_additive,count_plus_BE_count,-0.00013430437676692497
1533,count_additive,count_plus_BE_count,0.00037889392819523415
1534,count_additive,count_plus_BE_count,2.090857063935525e-05
1535,count_additive,count_plus_BE_count,-0.0007233371162995161
1536,count_additive,count_plus_BE_count,-0.0009324603722754565
1537,count_additive,count_plus_BE_count,0.0005299871379523258
1538,count_additive,count_plus_BE_count,0.00011562977696083498
1539,count_additive,count_plus_BE_count,-0.0006375731103907545
1540,count_additive,count_plus_BE_count,-0.000486508017718712
1541,count_additive,count_plus_BE_count,-0.0018983555535265761
1542,count_additive,count_plus_BE_count,-0.0005619492852069197
1543,count_additive,count_plus_BE_count,-0.0003534167384932063
1544,count_additive,count_plus_BE_count,-0.00031864546944332384
1545,count_additive,count_plus_BE_count,0.0005103794981463627
1546,count_additive,count_plus_BE_count,0.0001477604182630321
1547,count_additive,count_plus_BE_count,-0.00095023324856508
1548,count_additive,count_plus_BE_count,-0.0011702259248959623
1549,count_additive,count_plus_BE_count,-0.0002703673283767083
1550,count_additive,count_plus_BE_count,0.0002196484236799412
1551,count_additive,count_plus_BE_count,-0.0008136133318079053
1552,count_additive,count_plus_BE_count,0.0007674554609398143
1553,count_additive,count_plus_BE_count,0.00021338697848005683
1554,count_additive,count_plus_BE_count,0.0009213319567799028
1555,count_additive,count_plus_BE_count,-0.0006987705570099534
1556,count_additive,count_plus_BE_count,-0.0014870002471700783
1557,count_additive,count_plus_BE_count,-0.0001878471141091853
1558,count_additive,count_plus_BE_count,-0.0010232957370494011
1559,count_additive,count_plus_BE_count,8.305681970333101e-05
1560,count_additive,count_plus_BE_count,0.0003187243329401124
1561,count_additive,count_plus_BE_count,-0.00012443221951569106
1562,count_additive,count_plus_BE_count,0.0012901155005454745
1563,count_additive,count_plus_BE_count,-0.000546350084311531
1564,count_additive,count_plus_BE_count,0.00010015291538345572
1565,count_additive,count_plus_BE_count,0.0009611434273422703
1566,count_additive,count_plus_BE_count,-0.0016360884800705744
1567,count_additive,count_plus_BE_count,-0.0008611400425390658
1568,count_additive,count_plus_BE_count,0.001095557255944568
1569,count_additive,count_plus_BE_count,0.0005772787338699792
1570,count_additive,count_plus_BE_count,-0.00032330793272306035
1571,count_additive,count_plus_BE_count,-0.000340307213997193
1572,count_additive,count_plus_BE_count,0.00028285553196849555
1573,count_additive,count_plus_BE_count,-0.0005466376827354402
1574,count_additive,count_plus_BE_count,0.0001911888156844177
1575,count_additive,count_plus_BE_count,-0.0006581982203975878
1576,count_additive,count_plus_BE_count,-0.0012236354941875804
1577,count_additive,count_plus_BE_count,-0.00040245753759288183
1578,count_additive,count_plus_BE_count,0.0005215990479031651
1579,count_additive,count_plus_BE_count,-0.0002782065245032217
1580,count_additive,count_plus_BE_count,-0.0001386725848475101
1581,count_additive,count_plus_BE_count,-0.0003751564458246426
1582,count_additive,count_plus_BE_count,-0.00014215571182574216
1583,count_additive,count_plus_BE_count,0.0002298643991361371
1584,count_additive,count_plus_BE_count,-4.3339420680466034e-05
1585,count_additive,count_plus_BE_count,-0.000816779388195854
1586,count_additive,count_plus_BE_count,-0.0005618584441926533
1587,count_additive,count_plus_BE_count,-0.0006201326243859828
1588,count_additive,count_plus_BE_count,-0.00029921934936427697
1589,count_additive,count_plus_BE_count,0.00028407000977798136
1590,count_additive,count_plus_BE_count,0.0005823914625125437
1591,count_additive,count_plus_BE_count,0.0007189511038875884
1592,count_additive,count_plus_BE_count,-0.00021858925039780486
1593,count_additive,count_plus_BE_count,-0.0010852399303042937
1594,count_additive,count_plus_BE_count,-0.0013281115358302897
1595,count_additive,count_plus_BE_count,-0.0005363940978196924
1596,count_additive,count_plus_BE_count,-0.0004039810879512551
1597,count_additive,count_plus_BE_count,-0.0010261888671220798
1598,count_additive,count_plus_BE_count,-0.0006636327033471279
1599,count_additive,count_plus_BE_count,-0.0006007603867261291
1600,count_additive,count_plus_BE_count,-0.0009938683933851111
1601,count_additive,count_plus_BE_count,0.0012900132547749577
1602,count_additive,count_plus_BE_count,-0.0002800235921827099
1603,count_additive,count_plus_BE_count,0.00020717597934155618
1604,count_additive,count_plus_BE_count,0.0010161229700901275
1605,count_additive,count_plus_BE_count,-0.0007918586006605555
1606,count_additive,count_plus_BE_count,0.0005870966179461479
1607,count_additive,count_plus_BE_count,-0.00030603819570468316
1608,count_additive,count_plus_BE_count,-0.0006475265664869223
1609,count_additive,count_plus_BE_count,-0.0003882874750867904
1610,count_additive,count_plus_BE_count,-1.6301223506265394e-05
1611,count_additive,count_plus_BE_count,-0.0012712497787775168
1612,count_additive,count_plus_BE_count,-0.0005992273900304879
1613,count_additive,count_plus_BE_count,0.0010532411113295392
1614,count_additive,count_plus_BE_count,-0.0008187225057469383
1615,count_additive,count_plus_BE_count,0.00048443070528769727
1616,count_additive,count_plus_BE_count,-0.00010769542492400364
1617,count_additive,count_plus_BE_count,0.001032369589909321
1618,count_additive,count_plus_BE_count,-0.00014832350832344465
1619,count_additive,count_plus_BE_count,-0.0006060564951290703
1620,count_additive,count_plus_BE_count,-0.000658063483647997
1621,count_additive,count_plus_BE_count,-0.0001449208560486137
1622,count_additive,count_plus_BE_count,0.0012186207163957241
1623,count_additive,count_plus_BE_count,-0.001012661860032349
1624,count_additive,count_plus_BE_count,-1.2893764946841912e-06
1625,count_additive,count_plus_BE_count,0.00018797847542251223
1626,count_additive,count_plus_BE_count,0.0009098314575838318
1627,count_additive,count_plus_BE_count,-3.938555160071244e-05
1628,count_additive,count_plus_BE_count,-0.00041832494142346466
1629,count_additive,count_plus_BE_count,0.00041276032918985406
1630,count_additive,count_plus_BE_count,-0.00016159761609846335
1631,count_additive,count_plus_BE_count,-0.0007195603516859106
1632,count_additive,count_plus_BE_count,-0.0016272491273778833
1633,count_additive,count_plus_BE_count,-0.00012091039622624811
1634,count_additive,count_plus_BE_count,-0.0011976230171927837
1635,count_additive,count_plus_BE_count,-0.0007046848189036226
1636,count_additive,count_plus_BE_count,-0.000823796164743873
1637,count_additive,count_plus_BE_count,-0.0016868699974582069
1638,count_additive,count_plus_BE_count,-0.00010585501335791392
1639,count_additive,count_plus_BE_count,5.651780698406883e-05
1640,count_additive,count_plus_BE_count,0.0006688860978305566
1641,count_additive,count_plus_BE_count,-0.001651755126583443
1642,count_additive,count_plus_BE_count,0.000422871938817293
1643,count_additive,count_plus_BE_count,-0.001165434174871749
1644,count_additive,count_plus_BE_count,-0.0004894133618495999
1645,count_additive,count_plus_BE_count,-0.0003824469513010742
1646,count_additive,count_plus_BE_count,0.00032537640393132117
1647,count_additive,count_plus_BE_count,-0.00012240415828923545
1648,count_additive,count_plus_BE_count,-0.0008626217833451744
1649,count_additive,count_plus_BE_count,2.622496920062778e-05
1650,count_additive,count_plus_BE_count,0.0005886772100835436
1651,count_additive,count_plus_BE_count,0.0001733172175500397
1652,count_additive,count_plus_BE_count,-0.0009252478478489201
1653,count_additive,count_plus_BE_count,-0.0007659225940570558
1654,count_additive,count_plus_BE_count,-0.0006358546328244508
1655,count_additive,count_plus_BE_count,-0.0008227061861435514
1656,count_additive,count_plus_BE_count,-0.00017639396452773237
1657,count_additive,count_plus_BE_count,-0.0002551090676697898
1658,count_additive,count_plus_BE_count,-0.0004780389179597777
1659,count_additive,count_plus_BE_count,0.000959467562143268
1660,count_additive,count_plus_BE_count,3.8644060810777425e-05
1661,count_additive,count_plus_BE_count,0.00017117223476703636
1662,count_additive,count_plus_BE_count,-0.00039297363908319394
1663,count_additive,count_plus_BE_count,0.00030500716976061826
1664,count_additive,count_plus_BE_count,-0.0009027393611780732
1665,count_additive,count_plus_BE_count,-0.0007743615101977741
1666,count_additive,count_plus_BE_count,-0.0005607821853904071
1667,count_additive,count_plus_BE_count,0.0008274664585465885
1668,count_additive,count_plus_BE_count,0.00018057089057982312
1669,count_additive,count_plus_BE_count,-0.0012270058452746868
1670,count_additive,count_plus_BE_count,0.000536742162500492
1671,count_additive,count_plus_BE_count,0.00010663232653790322
1672,count_additive,count_plus_BE_count,0.00010177641834668849
1673,count_additive,count_plus_BE_count,0.0005913568593228224
1674,count_additive,count_plus_BE_count,8.12766550011279e-05
1675,count_additive,count_plus_BE_count,-0.0003872110997520939
1676,count_additive,count_plus_BE_count,0.00019080606257160238
1677,count_additive,count_plus_BE_count,4.5947394064937974e-05
1678,count_additive,count_plus_BE_count,-0.00023286814204043216
1679,count_additive,count_plus_BE_count,-0.0007530671437392389
1680,count_additive,count_plus_BE_count,0.0006625769381176094
1681,count_additive,count_plus_BE_count,8.026327343862993e-05
1682,count_additive,count_plus_BE_count,-0.0006959452181915515
1683,count_additive,count_plus_BE_count,0.0005263631740653474
1684,count_additive,count_plus_BE_count,-0.0002416702703276763
1685,count_additive,count_plus_BE_count,0.0012072787158648457
1686,count_additive,count_plus_BE_count,0.0005988798636016313
1687,count_additive,count_plus_BE_count,-0.0005271156401329136
1688,count_additive,count_plus_BE_count,-5.365872782758796e-05
1689,count_additive,count_plus_BE_count,-0.0009317590820588362
1690,count_additive,count_plus_BE_count,0.0006676692558717501
1691,count_additive,count_plus_BE_count,0.0006162860596198305
1692,count_additive,count_plus_BE_count,0.00043041126620918524
1693,count_additive,count_plus_BE_count,-0.0006021021750924893
1694,count_additive,count_plus_BE_count,3.3105955391299347e-05
1695,count_additive,count_plus_BE_count,-2.479629626622737e-05
1696,count_additive,count_plus_BE_count,0.0007328949688966135
1697,count_additive,count_plus_BE_count,-0.0008658910727581959
1698,count_additive,count_plus_BE_count,0.00029758873567731214
1699,count_additive,count_plus_BE_count,-0.0011125245490178348
1700,count_additive,count_plus_BE_count,-0.0007143538362923141
1701,count_additive,count_plus_BE_count,-0.0003687949929015999
1702,count_additive,count_plus_BE_count,0.00012323299234762164
1703,count_additive,count_plus_BE_count,0.0010007096702217
1704,count_additive,count_plus_BE_count,-0.0002878222975092881
1705,count_additive,count_plus_BE_count,-0.0009816768320424774
1706,count_additive,count_plus_BE_count,-0.00017636768860446184
1707,count_additive,count_plus_BE_count,0.0004925783998356859
1708,count_additive,count_plus_BE_count,-0.0008487409975245219
1709,count_additive,count_plus_BE_count,-0.0006751203067817402
1710,count_additive,count_plus_BE_count,0.0005959411455791486
1711,count_additive,count_plus_BE_count,-0.0006431722912582094
1712,count_additive,count_plus_BE_count,-0.0012212473000374757
1713,count_additive,count_plus_BE_count,-0.0003553760793620908
1714,count_additive,count_plus_BE_count,-0.000957078325632521
1715,count_additive,count_plus_BE_count,-2.1468123845791443e-05
1716,count_additive,count_plus_BE_count,0.0011253789818365112
1717,count_additive,count_plus_BE_count,0.00010244612684484622
1718,count_additive,count_plus_BE_count,0.000381051543697275
1719,count_additive,count_plus_BE_count,9.457164383980254e-05
1720,count_additive,count_plus_BE_count,9.652403274040822e-05
1721,count_additive,count_plus_BE_count,-0.0006138202003245774
1722,count_additive,count_plus_BE_count,0.00045696186578408904
1723,count_additive,count_plus_BE_count,-0.0007741092420338047
1724,count_additive,count_plus_BE_count,-0.00015079996610656288
1725,count_additive,count_plus_BE_count,-0.0010769109110324582
1726,count_additive,count_plus_BE_count,-0.0004844781122506636
1727,count_additive,count_plus_BE_count,-0.0007047006264229161
1728,count_additive,count_plus_BE_count,-0.00033309304827505715
1729,count_additive,count_plus_BE_count,0.0001715006198641511
1730,count_additive,count_plus_BE_count,-0.0006817975495569395
1731,count_additive,count_plus_BE_count,-7.967229112576524e-05
1732,count_additive,count_plus_BE_count,-0.00035465417632774
1733,count_additive,count_plus_BE_count,5.734218586678219e-05
1734,count_additive,count_plus_BE_count,-0.0006741931652208266
1735,count_additive,count_plus_BE_count,-0.0008429155497340357
1736,count_additive,count_plus_BE_count,0.0003926873417120502
1737,count_additive,count_plus_BE_count,-0.0002496719810802239
1738,count_additive,count_plus_BE_count,-0.0006410134722029115
1739,count_additive,count_plus_BE_count,0.0005535011471943796
1740,count_additive,count_plus_BE_count,-0.0008972295120273643
1741,count_additive,count_plus_BE_count,-0.0010544664061574727
1742,count_additive,count_plus_BE_count,-0.0007285193193460882
1743,count_additive,count_plus_BE_count,0.00016240165662928518
1744,count_additive,count_plus_BE_count,-0.0004282205854620469
1745,count_additive,count_plus_BE_count,0.0006429526236682026
1746,count_additive,count_plus_BE_count,-0.0006761078545381993
1747,count_additive,count_plus_BE_count,0.0003062859294709619
1748,count_additive,count_plus_BE_count,-0.0005028261449471771
1749,count_additive,count_plus_BE_count,6.67109126705756e-05
1750,count_additive,count_plus_BE_count,0.0015944102269564997
1751,count_additive,count_plus_BE_count,-0.0015119786553086656
1752,count_additive,count_plus_BE_count,0.00040046124286341467
1753,count_additive,count_plus_BE_count,-0.0007366539480238021
1754,count_additive,count_plus_BE_count,-0.00020856759732384988
1755,count_additive,count_plus_BE_count,0.00014520475113855014
1756,count_additive,count_plus_BE_count,-0.0007213476164163457
1757,count_additive,count_plus_BE_count,0.000686592647654749
1758,count_additive,count_plus_BE_count,4.001434649048008e-05
1759,count_additive,count_plus_BE_count,-0.00020673127489989618
1760,count_additive,count_plus_BE_count,-0.00048741741478064426
1761,count_additive,count_plus_BE_count,-0.0007801236983596693
1762,count_additive,count_plus_BE_count,0.00027781973569890317
1763,count_additive,count_plus_BE_count,-0.001510606275111348
1764,count_additive,count_plus_BE_count,-0.0006535834139619889
1765,count_additive,count_plus_BE_count,-0.00021178588472298143
1766,count_additive,count_plus_BE_count,-0.0009832779440360206
1767,count_additive,count_plus_BE_count,-0.00020541617653441202
1768,count_additive,count_plus_BE_count,0.00046387773681105804
1769,count_additive,count_plus_BE_count,-2.0734092440632956e-05
1770,count_additive,count_plus_BE_count,-0.0005552583068607619
1771,count_additive,count_plus_BE_count,-0.0009379493974382425
1772,count_additive,count_plus_BE_count,-0.0005920157720677444
1773,count_additive,count_plus_BE_count,0.00028822497818592474
1774,count_additive,count_plus_BE_count,9.389759846323287e-06
1775,count_additive,count_plus_BE_count,-0.00023674522223798844
1776,count_additive,count_plus_BE_count,-0.000904131748047543
1777,count_additive,count_plus_BE_count,-0.00017226856052665607
1778,count_additive,count_plus_BE_count,0.0006676880982794398
1779,count_additive,count_plus_BE_count,-0.00037856141728309645
1780,count_additive,count_plus_BE_count,-0.0009433577233063928
1781,count_additive,count_plus_BE_count,0.000973611719012446
1782,count_additive,count_plus_BE_count,0.00011111169784666641
1783,count_additive,count_plus_BE_count,-0.0007487041611550782
1784,count_additive,count_plus_BE_count,-0.0005147903093896122
1785,count_additive,count_plus_BE_count,-0.0002567416383214005
1786,count_additive,count_plus_BE_count,-0.000585947831086675
1787,count_additive,count_plus_BE_count,8.161633372194554e-05
1788,count_additive,count_plus_BE_count,0.00028205349932669543
1789,count_additive,count_plus_BE_count,0.00010953436942207073
1790,count_additive,count_plus_BE_count,-4.458442003046903e-05
1791,count_additive,count_plus_BE_count,0.0011301453805968031
1792,count_additive,count_plus_BE_count,0.0001335808750179135
1793,count_additive,count_plus_BE_count,-0.00025846375217203343
1794,count_additive,count_plus_BE_count,0.0007056968588020629
1795,count_additive,count_plus_BE_count,-0.00018173157519957295
1796,count_additive,count_plus_BE_count,-0.0008077286309816079
1797,count_additive,count_plus_BE_count,-0.0009707204467111485
1798,count_additive,count_plus_BE_count,-0.0004989563956541709
1799,count_additive,count_plus_BE_count,0.00024666360155262135
1800,count_additive,count_plus_BE_count,-0.00028841750800973065
1801,count_additive,count_plus_BE_count,0.00016160022354511083
1802,count_additive,count_plus_BE_count,-0.0004824887929130717
1803,count_additive,count_plus_BE_count,-0.00019145261006225933
1804,count_additive,count_plus_BE_count,-0.0017536006664233272
1805,count_additive,count_plus_BE_count,-0.0006357355243619689
1806,count_additive,count_plus_BE_count,-0.0009418298416103976
1807,count_additive,count_plus_BE_count,-0.000609759928561715
1808,count_additive,count_plus_BE_count,0.0009811471159549279
1809,count_additive,count_plus_BE_count,-0.00018082037630057224
1810,count_additive,count_plus_BE_count,-0.001125740745314796
1811,count_additive,count_plus_BE_count,-0.00038208699097591614
1812,count_additive,count_plus_BE_count,-0.00013792730881401205
1813,count_additive,count_plus_BE_count,0.0004748205002503836
1814,count_additive,count_plus_BE_count,-0.0003161197128850324
1815,count_additive,count_plus_BE_count,-0.000988695467449341
1816,count_additive,count_plus_BE_count,0.0010655566004669215
1817,count_additive,count_plus_BE_count,-0.0009457427055211687
1818,count_additive,count_plus_BE_count,0.00010288395601343314
1819,count_additive,count_plus_BE_count,-0.00057860805773019
1820,count_additive,count_plus_BE_count,0.000298864435511359
1821,count_additive,count_plus_BE_count,-0.0002996831807067224
1822,count_additive,count_plus_BE_count,-0.00037458660263944843
1823,count_additive,count_plus_BE_count,0.0005305187500914688
1824,count_additive,count_plus_BE_count,-0.0004414282503292788
1825,count_additive,count_plus_BE_count,0.0010139004451469869
1826,count_additive,count_plus_BE_count,1.896362959347142e-05
1827,count_additive,count_plus_BE_count,-0.000678025907865698
1828,count_additive,count_plus_BE_count,0.0014166858543676053
1829,count_additive,count_plus_BE_count,-0.0008468888179361533
1830,count_additive,count_plus_BE_count,-0.0008280558846602837
1831,count_additive,count_plus_BE_count,-7.340522279908335e-06
1832,count_additive,count_plus_BE_count,0.000318744692491324
1833,count_additive,count_plus_BE_count,0.0003741407379953543
1834,count_additive,count_plus_BE_count,-0.000829791245550271
1835,count_additive,count_plus_BE_count,0.00028548444081660795
1836,count_additive,count_plus_BE_count,-0.00030072728524010994
1837,count_additive,count_plus_BE_count,-0.0014223535587807867
1838,count_additive,count_plus_BE_count,-0.0005045924371202548
1839,count_additive,count_plus_BE_count,-0.0005320057780928145
1840,count_additive,count_plus_BE_count,0.0004611325628313123
1841,count_additive,count_plus_BE_count,-0.0008040022060393781
1842,count_additive,count_plus_BE_count,0.0006735366935793352
1843,count_additive,count_plus_BE_count,0.00014298364515147322
1844,count_additive,count_plus_BE_count,-0.00025314851010022066
1845,count_additive,count_plus_BE_count,-0.0007021291341348657
1846,count_additive,count_plus_BE_count,0.00017255721441977734
1847,count_additive,count_plus_BE_count,0.0007567120627488544
1848,count_additive,count_plus_BE_count,0.000904980815756018
1849,count_additive,count_plus_BE_count,-0.0002662863647513447
1850,count_additive,count_plus_BE_count,-8.524532666048801e-05
1851,count_additive,count_plus_BE_count,-0.00011501752394993403
1852,count_additive,count_plus_BE_count,-0.00016333940256701984
1853,count_additive,count_plus_BE_count,-0.00014998707917657228
1854,count_additive,count_plus_BE_count,-0.001037064107599961
1855,count_additive,count_plus_BE_count,9.517289753185887e-05
1856,count_additive,count_plus_BE_count,0.0007651511434119684
1857,count_additive,count_plus_BE_count,0.00043714702462072097
1858,count_additive,count_plus_BE_count,-0.0009430477267696191
1859,count_additive,count_plus_BE_count,-0.0006504417976420096
1860,count_additive,count_plus_BE_count,-0.0006409444111320495
1861,count_additive,count_plus_BE_count,-0.0007119129005861979
1862,count_additive,count_plus_BE_count,0.0007386102771363423
1863,count_additive,count_plus_BE_count,0.0008880478866948316
1864,count_additive,count_plus_BE_count,-0.0009146368196416566
1865,count_additive,count_plus_BE_count,0.001251167602453751
1866,count_additive,count_plus_BE_count,-0.0002174963000506902
1867,count_additive,count_plus_BE_count,-0.0007534786873500399
1868,count_additive,count_plus_BE_count,-0.0016052400436842307
1869,count_additive,count_plus_BE_count,-0.00023741635668439454
1870,count_additive,count_plus_BE_count,0.0006619072768611622
1871,count_additive,count_plus_BE_count,-0.00096950997234585
1872,count_additive,count_plus_BE_count,0.00030605535011712925
1873,count_additive,count_plus_BE_count,0.0004906178760925028
1874,count_additive,count_plus_BE_count,-0.0008872948750568432
1875,count_additive,count_plus_BE_count,-0.0005297467091008867
1876,count_additive,count_plus_BE_count,-0.00032279704315690827
1877,count_additive,count_plus_BE_count,-0.0008983496273302083
1878,count_additive,count_plus_BE_count,0.0004227812521556129
1879,count_additive,count_plus_BE_count,0.00037621978129309674
1880,count_additive,count_plus_BE_count,-0.0011152452774823574
1881,count_additive,count_plus_BE_count,0.0005084552668475628
1882,count_additive,count_plus_BE_count,-0.0003586647037378543
1883,count_additive,count_plus_BE_count,0.00017656216968631178
1884,count_additive,count_plus_BE_count,-0.001268975589122645
1885,count_additive,count_plus_BE_count,-0.0004153859840141938
1886,count_additive,count_plus_BE_count,-0.0003782239204874749
1887,count_additive,count_plus_BE_count,-0.0008396176177257741
1888,count_additive,count_plus_BE_count,-0.0006553244343814879
1889,count_additive,count_plus_BE_count,-0.000525003389708123
1890,count_additive,count_plus_BE_count,-0.00035343398126780334
1891,count_additive,count_plus_BE_count,-0.00030407864725490175
1892,count_additive,count_plus_BE_count,0.00045136769153303336
1893,count_additive,count_plus_BE_count,-0.0002489368113205992
1894,count_additive,count_plus_BE_count,-0.0005348987014003881
1895,count_additive,count_plus_BE_count,-0.0005331416180080484
1896,count_additive,count_plus_BE_count,-0.0008426759411448992
1897,count_additive,count_plus_BE_count,-0.0005815771585331864
1898,count_additive,count_plus_BE_count,9.320833118503513e-05
1899,count_additive,count_plus_BE_count,-0.000320489328174689
1900,count_additive,count_plus_BE_count,-0.001576638740284575
1901,count_additive,count_plus_BE_count,0.00022642755241103485
1902,count_additive,count_plus_BE_count,-0.0005348841503722279
1903,count_additive,count_plus_BE_count,0.0001646087316417577
1904,count_additive,count_plus_BE_count,-0.001517663402633651
1905,count_additive,count_plus_BE_count,-0.0006598191112530127
1906,count_additive,count_plus_BE_count,0.0009095891470624617
1907,count_additive,count_plus_BE_count,-0.0005117724478906904
1908,count_additive,count_plus_BE_count,-0.000751169964415821
1909,count_additive,count_plus_BE_count,-0.0006697419330519705
1910,count_additive,count_plus_BE_count,0.0001379705995792624
1911,count_additive,count_plus_BE_count,-0.0004508069591671049
1912,count_additive,count_plus_BE_count,0.000352695118290447
1913,count_additive,count_plus_BE_count,0.000529176815577681
1914,count_additive,count_plus_BE_count,0.00035333055970915295
1915,count_additive,count_plus_BE_count,-0.0006251449412306154
1916,count_additive,count_plus_BE_count,0.0004399767467508364
1917,count_additive,count_plus_BE_count,-0.00018179872653451
1918,count_additive,count_plus_BE_count,0.0002781485153370289
1919,count_additive,count_plus_BE_count,-0.0009631845659420768
1920,count_additive,count_plus_BE_count,0.0013308763943164492
1921,count_additive,count_plus_BE_count,0.00034420759736536466
1922,count_additive,count_plus_BE_count,-0.00016806246173473038
1923,count_additive,count_plus_BE_count,0.0005082077425020981
1924,count_additive,count_plus_BE_count,0.0011642249156398332
1925,count_additive,count_plus_BE_count,0.0010163245024333856
1926,count_additive,count_plus_BE_count,-0.0007372393589977766
1927,count_additive,count_plus_BE_count,-0.0013785249402900601
1928,count_additive,count_plus_BE_count,0.00024121166992668863
1929,count_additive,count_plus_BE_count,-0.0005768186312769541
1930,count_additive,count_plus_BE_count,-0.0009561307309375322
1931,count_additive,count_plus_BE_count,0.000112076434382824
1932,count_additive,count_plus_BE_count,-5.472372493697808e-05
1933,count_additive,count_plus_BE_count,-0.001635924596774807
1934,count_additive,count_plus_BE_count,-0.0013682040587543742
1935,count_additive,count_plus_BE_count,-8.16450275267222e-05
1936,count_additive,count_plus_BE_count,-0.00023752057919734781
1937,count_additive,count_plus_BE_count,-0.0008328866377730892
1938,count_additive,count_plus_BE_count,8.40533612622707e-06
1939,count_additive,count_plus_BE_count,-3.600871617642776e-05
1940,count_additive,count_plus_BE_count,-5.1348287392338765e-05
1941,count_additive,count_plus_BE_count,-0.0008434152598690292
1942,count_additive,count_plus_BE_count,0.00033523434936000296
1943,count_additive,count_plus_BE_count,-0.0006848404424672494
1944,count_additive,count_plus_BE_count,-0.000295387780498535
1945,count_additive,count_plus_BE_count,-0.0007711358378639788
1946,count_additive,count_plus_BE_count,-0.0017608287482882568
1947,count_additive,count_plus_BE_count,0.00018674248924249737
1948,count_additive,count_plus_BE_count,-0.0011695668493135192
1949,count_additive,count_plus_BE_count,-0.001271516549312568
1950,count_additive,count_plus_BE_count,0.00041369247572731194
1951,count_additive,count_plus_BE_count,0.00022022086730666413
1952,count_additive,count_plus_BE_count,-0.0006158982822642711
1953,count_additive,count_plus_BE_count,-0.0011891868536343941
1954,count_additive,count_plus_BE_count,-0.0004074468201363812
1955,count_additive,count_plus_BE_count,-0.000455554102217981
1956,count_additive,count_plus_BE_count,-0.0010757133571167588
1957,count_additive,count_plus_BE_count,0.0010711724950944745
1958,count_additive,count_plus_BE_count,-0.0008926905213632597
1959,count_additive,count_plus_BE_count,-0.0014363350288408294
1960,count_additive,count_plus_BE_count,0.0014585503920611642
1961,count_additive,count_plus_BE_count,-0.0008179129479146674
1962,count_additive,count_plus_BE_count,-0.00021904907837333454
1963,count_additive,count_plus_BE_count,-0.0004650568371326602
1964,count_additive,count_plus_BE_count,0.0012185361836214437
1965,count_additive,count_plus_BE_count,0.0002614243258076687
1966,count_additive,count_plus_BE_count,-0.00016167478684614434
1967,count_additive,count_plus_BE_count,0.000298520374734379
1968,count_additive,count_plus_BE_count,-0.0009617412983898288
1969,count_additive,count_plus_BE_count,5.4700122269879525e-05
1970,count_additive,count_plus_BE_count,-0.0005519044087125002
1971,count_additive,count_plus_BE_count,0.0002454823914030402
1972,count_additive,count_plus_BE_count,0.00020571480578535084
1973,count_additive,count_plus_BE_count,0.00040985543394883583
1974,count_additive,count_plus_BE_count,-0.00036597415301070635
1975,count_additive,count_plus_BE_count,-0.0004614240850467355
1976,count_additive,count_plus_BE_count,-0.00024106223379422032
1977,count_additive,count_plus_BE_count,-0.0005274633482035829
1978,count_additive,count_plus_BE_count,-0.00030138589691425244
1979,count_additive,count_plus_BE_count,-0.0011196489472353188
1980,count_additive,count_plus_BE_count,-0.0005683702525488554
1981,count_additive,count_plus_BE_count,0.00038371341448523166
1982,count_additive,count_plus_BE_count,0.0006871063229756946
1983,count_additive,count_plus_BE_count,-0.0005732805363177218
1984,count_additive,count_plus_BE_count,0.0005265038601479088
1985,count_additive,count_plus_BE_count,1.4260402320165344e-05
1986,count_additive,count_plus_BE_count,0.0002261173183427112
1987,count_additive,count_plus_BE_count,-0.0011390740191898896
1988,count_additive,count_plus_BE_count,-0.0003702593170890056
1989,count_additive,count_plus_BE_count,0.0003191558537449235
1990,count_additive,count_plus_BE_count,-0.0007877395455279101
1991,count_additive,count_plus_BE_count,-0.0008592284535038353
1992,count_additive,count_plus_BE_count,0.000692904001004413
1993,count_additive,count_plus_BE_count,-0.00010929072881055157
1994,count_additive,count_plus_BE_count,-0.0008158604445561712
1995,count_additive,count_plus_BE_count,0.00030153471084731764
1996,count_additive,count_plus_BE_count,-0.0004372230251535325
1997,count_additive,count_plus_BE_count,-0.0004922019585090198
1998,count_additive,count_plus_BE_count,-0.0006857081260735476
1999,count_additive,count_plus_BE_count,0.0001826605464355091
0,count_additive,count_plus_all_pairs,0.1559236920752585
1,count_additive,count_plus_all_pairs,0.15344895618585247
2,count_additive,count_plus_all_pairs,0.15199292326144204
3,count_additive,count_plus_all_pairs,0.14310001545042345
4,count_additive,count_plus_all_pairs,0.14880019781967713
5,count_additive,count_plus_all_pairs,0.1477790158159595
6,count_additive,count_plus_all_pairs,0.14394547296184107
7,count_additive,count_plus_all_pairs,0.14545570624355175
8,count_additive,count_plus_all_pairs,0.14612533450578974
9,count_additive,count_plus_all_pairs,0.15178282932376638
10,count_additive,count_plus_all_pairs,0.14706822904080022
11,count_additive,count_plus_all_pairs,0.1579015654905596
12,count_additive,count_plus_all_pairs,0.15202138034205548
13,count_additive,count_plus_all_pairs,0.15020813360007007
14,count_additive,count_plus_all_pairs,0.14761395797765842
15,count_additive,count_plus_all_pairs,0.15423902714931947
16,count_additive,count_plus_all_pairs,0.15075843011280562
17,count_additive,count_plus_all_pairs,0.1497830013399262
18,count_additive,count_plus_all_pairs,0.14725748530950242
19,count_additive,count_plus_all_pairs,0.1548733922985892
20,count_additive,count_plus_all_pairs,0.1538661722242579
21,count_additive,count_plus_all_pairs,0.14313939728730882
22,count_additive,count_plus_all_pairs,0.1555887050209779
23,count_additive,count_plus_all_pairs,0.14885431718126027
24,count_additive,count_plus_all_pairs,0.1495649251919665
25,count_additive,count_plus_all_pairs,0.15431158018918079
26,count_additive,count_plus_all_pairs,0.14716249551937846
27,count_additive,count_plus_all_pairs,0.15028273219954286
28,count_additive,count_plus_all_pairs,0.15348821210460736
29,count_additive,count_plus_all_pairs,0.1447770853393835
30,count_additive,count_plus_all_pairs,0.1480539198979585
31,count_additive,count_plus_all_pairs,0.14834466671932411
32,count_additive,count_plus_all_pairs,0.14981693020291073
33,count_additive,count_plus_all_pairs,0.14765932241181165
34,count_additive,count_plus_all_pairs,0.15011246998287958
35,count_additive,count_plus_all_pairs,0.15835301054105339
36,count_additive,count_plus_all_pairs,0.14361194116442033
37,count_additive,count_plus_all_pairs,0.14198618919143818
38,count_additive,count_plus_all_pairs,0.1527547376488563
39,count_additive,count_plus_all_pairs,0.1539072127391099
40,count_additive,count_plus_all_pairs,0.14364957412364285
41,count_additive,count_plus_all_pairs,0.15110434541483964
42,count_additive,count_plus_all_pairs,0.14380174193340642
43,count_additive,count_plus_all_pairs,0.14065542596322197
44,count_additive,count_plus_all_pairs,0.15524234497948547
45,count_additive,count_plus_all_pairs,0.15006664703337083
46,count_additive,count_plus_all_pairs,0.14297759838387575
47,count_additive,count_plus_all_pairs,0.15326412678701146
48,count_additive,count_plus_all_pairs,0.15775660794469465
49,count_additive,count_plus_all_pairs,0.15178117202891067
50,count_additive,count_plus_all_pairs,0.14690601023113262
51,count_additive,count_plus_all_pairs,0.1496344497852035
52,count_additive,count_plus_all_pairs,0.15313022675661875
53,count_additive,count_plus_all_pairs,0.15004253129920683
54,count_additive,count_plus_all_pairs,0.14994505290783006
55,count_additive,count_plus_all_pairs,0.14848552273045276
56,count_additive,count_plus_all_pairs,0.14912720609588664
57,count_additive,count_plus_all_pairs,0.15572950104051397
58,count_additive,count_plus_all_pairs,0.15124729974881554
59,count_additive,count_plus_all_pairs,0.1511103113213902
60,count_additive,count_plus_all_pairs,0.1505985168264196
61,count_additive,count_plus_all_pairs,0.15041767988291938
62,count_additive,count_plus_all_pairs,0.15291246585136498
63,count_additive,count_plus_all_pairs,0.15370480061919606
64,count_additive,count_plus_all_pairs,0.14653784295803826
65,count_additive,count_plus_all_pairs,0.15438971457997105
66,count_additive,count_plus_all_pairs,0.14435574370684648
67,count_additive,count_plus_all_pairs,0.16175609398701601
68,count_additive,count_plus_all_pairs,0.14262704229614237
69,count_additive,count_plus_all_pairs,0.1499247558035286
70,count_additive,count_plus_all_pairs,0.13938797250509083
71,count_additive,count_plus_all_pairs,0.14875370863419493
72,count_additive,count_plus_all_pairs,0.14956662510414376
73,count_additive,count_plus_all_pairs,0.15201892186267882
74,count_additive,count_plus_all_pairs,0.14669362988748413
75,count_additive,count_plus_all_pairs,0.14269780110519817
76,count_additive,count_plus_all_pairs,0.15097498269218468
77,count_additive,count_plus_all_pairs,0.1499719894532043
78,count_additive,count_plus_all_pairs,0.14985080542048726
79,count_additive,count_plus_all_pairs,0.14268839884092208
80,count_additive,count_plus_all_pairs,0.13725790174201186
81,count_additive,count_plus_all_pairs,0.1456739744152253
82,count_additive,count_plus_all_pairs,0.15867841654985815
83,count_additive,count_plus_all_pairs,0.15759526119222478
84,count_additive,count_plus_all_pairs,0.147248744179557
85,count_additive,count_plus_all_pairs,0.15120562427518602
86,count_additive,count_plus_all_pairs,0.15829366715727575
87,count_additive,count_plus_all_pairs,0.14454241577488341
88,count_additive,count_plus_all_pairs,0.1495836967654451
89,count_additive,count_plus_all_pairs,0.1443698325207057
90,count_additive,count_plus_all_pairs,0.14921784924719164
91,count_additive,count_plus_all_pairs,0.1483393269027685
92,count_additive,count_plus_all_pairs,0.15229761347387713
93,count_additive,count_plus_all_pairs,0.14957593952869427
94,count_additive,count_plus_all_pairs,0.15732601556384015
95,count_additive,count_plus_all_pairs,0.14484146009933663
96,count_additive,count_plus_all_pairs,0.15319786201999075
97,count_additive,count_plus_all_pairs,0.14708484610806924
98,count_additive,count_plus_all_pairs,0.1490861835408759
99,count_additive,count_plus_all_pairs,0.158751859042823
100,count_additive,count_plus_all_pairs,0.14432179044755458
101,count_additive,count_plus_all_pairs,0.15404358974444526
102,count_additive,count_plus_all_pairs,0.1465487187271954
103,count_additive,count_plus_all_pairs,0.15055268774590683
104,count_additive,count_plus_all_pairs,0.15004381049597132
105,count_additive,count_plus_all_pairs,0.14692524486974243
106,count_additive,count_plus_all_pairs,0.1461914401412383
107,count_additive,count_plus_all_pairs,0.14463259353848362
108,count_additive,count_plus_all_pairs,0.15796949808831667
109,count_additive,count_plus_all_pairs,0.1543490696161992
110,count_additive,count_plus_all_pairs,0.14801865310920484
111,count_additive,count_plus_all_pairs,0.15569130938935788
112,count_additive,count_plus_all_pairs,0.14618173029892725
113,count_additive,count_plus_all_pairs,0.154647934792547
114,count_additive,count_plus_all_pairs,0.14500487669446996
115,count_additive,count_plus_all_pairs,0.15269863077500404
116,count_additive,count_plus_all_pairs,0.15310909780626317
117,count_additive,count_plus_all_pairs,0.15268988027147104
118,count_additive,count_plus_all_pairs,0.15562764540409219
119,count_additive,count_plus_all_pairs,0.14900850231345564
120,count_additive,count_plus_all_pairs,0.15100049096574739
121,count_additive,count_plus_all_pairs,0.14715877862941099
122,count_additive,count_plus_all_pairs,0.14373017449086387
123,count_additive,count_plus_all_pairs,0.14390187489724776
124,count_additive,count_plus_all_pairs,0.14898062137294146
125,count_additive,count_plus_all_pairs,0.15211348899512692
126,count_additive,count_plus_all_pairs,0.1496052623659337
127,count_additive,count_plus_all_pairs,0.15290257252997655
128,count_additive,count_plus_all_pairs,0.15319368252939475
129,count_additive,count_plus_all_pairs,0.14831530108389712
130,count_additive,count_plus_all_pairs,0.15651495844005348
131,count_additive,count_plus_all_pairs,0.14700062254950855
132,count_additive,count_plus_all_pairs,0.14346909106335481
133,count_additive,count_plus_all_pairs,0.1448916807385424
134,count_additive,count_plus_all_pairs,0.14845692352940998
135,count_additive,count_plus_all_pairs,0.15715378280371678
136,count_additive,count_plus_all_pairs,0.1450369275432246
137,count_additive,count_plus_all_pairs,0.15229245091090188
138,count_additive,count_plus_all_pairs,0.14227109720940218
139,count_additive,count_plus_all_pairs,0.1470939072072096
140,count_additive,count_plus_all_pairs,0.14668707232599545
141,count_additive,count_plus_all_pairs,0.15088428334209636
142,count_additive,count_plus_all_pairs,0.14830791319883452
143,count_additive,count_plus_all_pairs,0.14502442129552282
144,count_additive,count_plus_all_pairs,0.1532107158574891
145,count_additive,count_plus_all_pairs,0.15362024898263796
146,count_additive,count_plus_all_pairs,0.1469880462919634
147,count_additive,count_plus_all_pairs,0.14903360663280799
148,count_additive,count_plus_all_pairs,0.15054968968048246
149,count_additive,count_plus_all_pairs,0.1474060011474585
150,count_additive,count_plus_all_pairs,0.15147507966510565
151,count_additive,count_plus_all_pairs,0.14603430986918786
152,count_additive,count_plus_all_pairs,0.14797924959014694
153,count_additive,count_plus_all_pairs,0.149286225097788
154,count_additive,count_plus_all_pairs,0.15116039633690787
155,count_additive,count_plus_all_pairs,0.15422527620493187
156,count_additive,count_plus_all_pairs,0.15012463367547219
157,count_additive,count_plus_all_pairs,0.14642946064619528
158,count_additive,count_plus_all_pairs,0.15507675013123826
159,count_additive,count_plus_all_pairs,0.14615321549964977
160,count_additive,count_plus_all_pairs,0.14366172884331904
161,count_additive,count_plus_all_pairs,0.1555090491510049
162,count_additive,count_plus_all_pairs,0.15288737716360826
163,count_additive,count_plus_all_pairs,0.15134899471330157
164,count_additive,count_plus_all_pairs,0.15279007387957408
165,count_additive,count_plus_all_pairs,0.14408280506523244
166,count_additive,count_plus_all_pairs,0.14424390027748746
167,count_additive,count_plus_all_pairs,0.15097580363139043
168,count_additive,count_plus_all_pairs,0.1539478706439822
169,count_additive,count_plus_all_pairs,0.15092324814749059
170,count_additive,count_plus_all_pairs,0.14536438856796935
171,count_additive,count_plus_all_pairs,0.16346573756724064
172,count_additive,count_plus_all_pairs,0.1451808812675647
173,count_additive,count_plus_all_pairs,0.14907874587106187
174,count_additive,count_plus_all_pairs,0.1528291431909657
175,count_additive,count_plus_all_pairs,0.154838387083317
176,count_additive,count_plus_all_pairs,0.14918867147998896
177,count_additive,count_plus_all_pairs,0.15585551325694882
178,count_additive,count_plus_all_pairs,0.14878931027394618
179,count_additive,count_plus_all_pairs,0.15240557035424865
180,count_additive,count_plus_all_pairs,0.15063794952062165
181,count_additive,count_plus_all_pairs,0.15849883388383101
182,count_additive,count_plus_all_pairs,0.1501378582340414
183,count_additive,count_plus_all_pairs,0.1411909540124022
184,count_additive,count_plus_all_pairs,0.14755168853332443
185,count_additive,count_plus_all_pairs,0.15473291506329556
186,count_additive,count_plus_all_pairs,0.15307341220225104
187,count_additive,count_plus_all_pairs,0.14849246625545875
188,count_additive,count_plus_all_pairs,0.14710243342864868
189,count_additive,count_plus_all_pairs,0.14978069316979015
190,count_additive,count_plus_all_pairs,0.14888533656183883
191,count_additive,count_plus_all_pairs,0.14622034980113244
192,count_additive,count_plus_all_pairs,0.15234339002315767
193,count_additive,count_plus_all_pairs,0.1501331466443218
194,count_additive,count_plus_all_pairs,0.15174742893257476
195,count_additive,count_plus_all_pairs,0.15252062820688417
196,count_additive,count_plus_all_pairs,0.15250012476287214
197,count_additive,count_plus_all_pairs,0.1515673132094707
198,count_additive,count_plus_all_pairs,0.15027671851807875
199,count_additive,count_plus_all_pairs,0.15417130710371044
200,count_additive,count_plus_all_pairs,0.14674363124763298
201,count_additive,count_plus_all_pairs,0.14859762678512628
202,count_additive,count_plus_all_pairs,0.15134240583822747
203,count_additive,count_plus_all_pairs,0.1494611335989175
204,count_additive,count_plus_all_pairs,0.15253859102776074
205,count_additive,count_plus_all_pairs,0.1527638701641678
206,count_additive,count_plus_all_pairs,0.14969202019487224
207,count_additive,count_plus_all_pairs,0.1505633537571804
208,count_additive,count_plus_all_pairs,0.14758745232087456
209,count_additive,count_plus_all_pairs,0.14936635466572923
210,count_additive,count_plus_all_pairs,0.13773441695659888
211,count_additive,count_plus_all_pairs,0.15637889743918337
212,count_additive,count_plus_all_pairs,0.15178229252843942
213,count_additive,count_plus_all_pairs,0.14800723299843394
214,count_additive,count_plus_all_pairs,0.15395735033183933
215,count_additive,count_plus_all_pairs,0.1391980009222866
216,count_additive,count_plus_all_pairs,0.1490138390287359
217,count_additive,count_plus_all_pairs,0.14843726753066036
218,count_additive,count_plus_all_pairs,0.15186920296913237
219,count_additive,count_plus_all_pairs,0.15314391048461126
220,count_additive,count_plus_all_pairs,0.15298128241315215
221,count_additive,count_plus_all_pairs,0.1529167172693499
222,count_additive,count_plus_all_pairs,0.14867339549201172
223,count_additive,count_plus_all_pairs,0.15208989071470286
224,count_additive,count_plus_all_pairs,0.1463303266525507
225,count_additive,count_plus_all_pairs,0.1455680915773633
226,count_additive,count_plus_all_pairs,0.15243793006789544
227,count_additive,count_plus_all_pairs,0.152861345946538
228,count_additive,count_plus_all_pairs,0.15105483665489988
229,count_additive,count_plus_all_pairs,0.1514466611501363
230,count_additive,count_plus_all_pairs,0.15034842813739338
231,count_additive,count_plus_all_pairs,0.15284863218689418
232,count_additive,count_plus_all_pairs,0.15957106002136306
233,count_additive,count_plus_all_pairs,0.14708935079761004
234,count_additive,count_plus_all_pairs,0.14834814941656785
235,count_additive,count_plus_all_pairs,0.15576851202401085
236,count_additive,count_plus_all_pairs,0.1403318982957609
237,count_additive,count_plus_all_pairs,0.15359576022519952
238,count_additive,count_plus_all_pairs,0.14271014814946037
239,count_additive,count_plus_all_pairs,0.1470255651441589
240,count_additive,count_plus_all_pairs,0.15378239779816422
241,count_additive,count_plus_all_pairs,0.1441730635902719
242,count_additive,count_plus_all_pairs,0.15432336828049892
243,count_additive,count_plus_all_pairs,0.14826674539081533
244,count_additive,count_plus_all_pairs,0.1461752766695945
245,count_additive,count_plus_all_pairs,0.15317223922463058
246,count_additive,count_plus_all_pairs,0.1476700032908404
247,count_additive,count_plus_all_pairs,0.1448961765067518
248,count_additive,count_plus_all_pairs,0.14434458338517128
249,count_additive,count_plus_all_pairs,0.15212837790913541
250,count_additive,count_plus_all_pairs,0.151895542133724
251,count_additive,count_plus_all_pairs,0.15115459293410663
252,count_additive,count_plus_all_pairs,0.15089355897639814
253,count_additive,count_plus_all_pairs,0.14973241738872942
254,count_additive,count_plus_all_pairs,0.15635940794146902
255,count_additive,count_plus_all_pairs,0.15148142824947053
256,count_additive,count_plus_all_pairs,0.1534175490376088
257,count_additive,count_plus_all_pairs,0.1553022533532144
258,count_additive,count_plus_all_pairs,0.15306167435096163
259,count_additive,count_plus_all_pairs,0.14866220100063138
260,count_additive,count_plus_all_pairs,0.15149371893645763
261,count_additive,count_plus_all_pairs,0.14870461696037376
262,count_additive,count_plus_all_pairs,0.1550596488385492
263,count_additive,count_plus_all_pairs,0.14189813224938166
264,count_additive,count_plus_all_pairs,0.152892943551747
265,count_additive,count_plus_all_pairs,0.1438835072440803
266,count_additive,count_plus_all_pairs,0.15187291268810912
267,count_additive,count_plus_all_pairs,0.1468460510691979
268,count_additive,count_plus_all_pairs,0.1530831212670816
269,count_additive,count_plus_all_pairs,0.14602026504074328
270,count_additive,count_plus_all_pairs,0.1539233399580514
271,count_additive,count_plus_all_pairs,0.1496545273429848
272,count_additive,count_plus_all_pairs,0.15700450476335384
273,count_additive,count_plus_all_pairs,0.15081473788765687
274,count_additive,count_plus_all_pairs,0.14746956702889466
275,count_additive,count_plus_all_pairs,0.15331621456440386
276,count_additive,count_plus_all_pairs,0.1508219934737959
277,count_additive,count_plus_all_pairs,0.15690886293690204
278,count_additive,count_plus_all_pairs,0.14981683127197584
279,count_additive,count_plus_all_pairs,0.15137560213599405
280,count_additive,count_plus_all_pairs,0.15101073456229128
281,count_additive,count_plus_all_pairs,0.15473511495930067
282,count_additive,count_plus_all_pairs,0.14868145352654022
283,count_additive,count_plus_all_pairs,0.1474671973898577
284,count_additive,count_plus_all_pairs,0.15129895851109615
285,count_additive,count_plus_all_pairs,0.14910687070426373
286,count_additive,count_plus_all_pairs,0.14839561588677616
287,count_additive,count_plus_all_pairs,0.14269165134204784
288,count_additive,count_plus_all_pairs,0.14416865176117205
289,count_additive,count_plus_all_pairs,0.1486725679595981
290,count_additive,count_plus_all_pairs,0.15243403276120532
291,count_additive,count_plus_all_pairs,0.1460243997256478
292,count_additive,count_plus_all_pairs,0.14816103555046176
293,count_additive,count_plus_all_pairs,0.15637697328460096
294,count_additive,count_plus_all_pairs,0.14841452211634604
295,count_additive,count_plus_all_pairs,0.14743651200264346
296,count_additive,count_plus_all_pairs,0.14441066001520658
297,count_additive,count_plus_all_pairs,0.15124286063095352
298,count_additive,count_plus_all_pairs,0.14880191623240913
299,count_additive,count_plus_all_pairs,0.1508862058461556
300,count_additive,count_plus_all_pairs,0.14709666215889527
301,count_additive,count_plus_all_pairs,0.15433491091783386
302,count_additive,count_plus_all_pairs,0.15053806895606545
303,count_additive,count_plus_all_pairs,0.15470508186399295
304,count_additive,count_plus_all_pairs,0.15150633169384967
305,count_additive,count_plus_all_pairs,0.14894533416173025
306,count_additive,count_plus_all_pairs,0.1477569302106595
307,count_additive,count_plus_all_pairs,0.15509737008826058
308,count_additive,count_plus_all_pairs,0.1500112257023532
309,count_additive,count_plus_all_pairs,0.14485554762434483
310,count_additive,count_plus_all_pairs,0.14850451613922144
311,count_additive,count_plus_all_pairs,0.14764695646628606
312,count_additive,count_plus_all_pairs,0.15454756083935817
313,count_additive,count_plus_all_pairs,0.14701725529956566
314,count_additive,count_plus_all_pairs,0.1502553756469478
315,count_additive,count_plus_all_pairs,0.14752928338308938
316,count_additive,count_plus_all_pairs,0.15496014005893038
317,count_additive,count_plus_all_pairs,0.1501014509413749
318,count_additive,count_plus_all_pairs,0.15085871081324329
319,count_additive,count_plus_all_pairs,0.15004805742579647
320,count_additive,count_plus_all_pairs,0.15389368519345412
321,count_additive,count_plus_all_pairs,0.14411554339195445
322,count_additive,count_plus_all_pairs,0.15126680070381482
323,count_additive,count_plus_all_pairs,0.1562059758800225
324,count_additive,count_plus_all_pairs,0.14805297815062066
325,count_additive,count_plus_all_pairs,0.14348435068856066
326,count_additive,count_plus_all_pairs,0.14881631926456962
327,count_additive,count_plus_all_pairs,0.14564951642303067
328,count_additive,count_plus_all_pairs,0.14931925457472797
329,count_additive,count_plus_all_pairs,0.1449430859027472
330,count_additive,count_plus_all_pairs,0.1566450031627674
331,count_additive,count_plus_all_pairs,0.15103550541739702
332,count_additive,count_plus_all_pairs,0.15310174620615868
333,count_additive,count_plus_all_pairs,0.15113622362508525
334,count_additive,count_plus_all_pairs,0.15039733161862773
335,count_additive,count_plus_all_pairs,0.1459164915980124
336,count_additive,count_plus_all_pairs,0.14725884166642586
337,count_additive,count_plus_all_pairs,0.15351756263855348
338,count_additive,count_plus_all_pairs,0.14344256409168485
339,count_additive,count_plus_all_pairs,0.15004591281282734
340,count_additive,count_plus_all_pairs,0.15560744457730147
341,count_additive,count_plus_all_pairs,0.14731204483818983
342,count_additive,count_plus_all_pairs,0.1473505391527187
343,count_additive,count_plus_all_pairs,0.14716234783238252
344,count_additive,count_plus_all_pairs,0.15307528832322137
345,count_additive,count_plus_all_pairs,0.1486444208834855
346,count_additive,count_plus_all_pairs,0.1503712465797504
347,count_additive,count_plus_all_pairs,0.1482444905344293
348,count_additive,count_plus_all_pairs,0.14551488355676565
349,count_additive,count_plus_all_pairs,0.14593425889706202
350,count_additive,count_plus_all_pairs,0.14562439244418102
351,count_additive,count_plus_all_pairs,0.1458250395361023
352,count_additive,count_plus_all_pairs,0.15160613422338656
353,count_additive,count_plus_all_pairs,0.15023039513090283
354,count_additive,count_plus_all_pairs,0.15513553835918323
355,count_additive,count_plus_all_pairs,0.1534833806574646
356,count_additive,count_plus_all_pairs,0.1580934605125735
357,count_additive,count_plus_all_pairs,0.1468387061650174
358,count_additive,count_plus_all_pairs,0.1512225639646526
359,count_additive,count_plus_all_pairs,0.1517901714411644
360,count_additive,count_plus_all_pairs,0.1506449491415556
361,count_additive,count_plus_all_pairs,0.15216073615886272
362,count_additive,count_plus_all_pairs,0.15070775356926208
363,count_additive,count_plus_all_pairs,0.15520485318491747
364,count_additive,count_plus_all_pairs,0.1445592047337946
365,count_additive,count_plus_all_pairs,0.15243254689899866
366,count_additive,count_plus_all_pairs,0.14382176407058955
367,count_additive,count_plus_all_pairs,0.1531169594353843
368,count_additive,count_plus_all_pairs,0.1471478486119406
369,count_additive,count_plus_all_pairs,0.15107430861639953
370,count_additive,count_plus_all_pairs,0.14157097618846626
371,count_additive,count_plus_all_pairs,0.14780185213799255
372,count_additive,count_plus_all_pairs,0.1452388073876519
373,count_additive,count_plus_all_pairs,0.14852691544485608
374,count_additive,count_plus_all_pairs,0.14899443943719484
375,count_additive,count_plus_all_pairs,0.1459943814520696
376,count_additive,count_plus_all_pairs,0.14989906124647903
377,count_additive,count_plus_all_pairs,0.14806516359733202
378,count_additive,count_plus_all_pairs,0.15195603250010328
379,count_additive,count_plus_all_pairs,0.14868664293914774
380,count_additive,count_plus_all_pairs,0.1514738586745266
381,count_additive,count_plus_all_pairs,0.14980148663278203
382,count_additive,count_plus_all_pairs,0.15007801334828555
383,count_additive,count_plus_all_pairs,0.1458933521811621
384,count_additive,count_plus_all_pairs,0.1512785178745605
385,count_additive,count_plus_all_pairs,0.15367656418016595
386,count_additive,count_plus_all_pairs,0.14499848131479537
387,count_additive,count_plus_all_pairs,0.14627167800029545
388,count_additive,count_plus_all_pairs,0.14562326593312844
389,count_additive,count_plus_all_pairs,0.15011817692068258
390,count_additive,count_plus_all_pairs,0.1432066257638333
391,count_additive,count_plus_all_pairs,0.14387540895695258
392,count_additive,count_plus_all_pairs,0.14686943129731364
393,count_additive,count_plus_all_pairs,0.14965149324351726
394,count_additive,count_plus_all_pairs,0.15456997608702108
395,count_additive,count_plus_all_pairs,0.15447385559081336
396,count_additive,count_plus_all_pairs,0.15062864370485077
397,count_additive,count_plus_all_pairs,0.15510379207953498
398,count_additive,count_plus_all_pairs,0.14286750993576783
399,count_additive,count_plus_all_pairs,0.13951464403660369
400,count_additive,count_plus_all_pairs,0.1513272340337014
401,count_additive,count_plus_all_pairs,0.15164929866127536
402,count_additive,count_plus_all_pairs,0.14857729710564413
403,count_additive,count_plus_all_pairs,0.15452591062467314
404,count_additive,count_plus_all_pairs,0.14449959744949123
405,count_additive,count_plus_all_pairs,0.1466795860296238
406,count_additive,count_plus_all_pairs,0.14599727275332677
407,count_additive,count_plus_all_pairs,0.15288319785685428
408,count_additive,count_plus_all_pairs,0.15073915560822598
409,count_additive,count_plus_all_pairs,0.15067963526571101
410,count_additive,count_plus_all_pairs,0.14498735244774133
411,count_additive,count_plus_all_pairs,0.1489444028801177
412,count_additive,count_plus_all_pairs,0.14937630019112497
413,count_additive,count_plus_all_pairs,0.14910403774190373
414,count_additive,count_plus_all_pairs,0.15283450768656773
415,count_additive,count_plus_all_pairs,0.14522012519017802
416,count_additive,count_plus_all_pairs,0.1492028616766319
417,count_additive,count_plus_all_pairs,0.14537510918915725
418,count_additive,count_plus_all_pairs,0.15428431679992025
419,count_additive,count_plus_all_pairs,0.15457172432318303
420,count_additive,count_plus_all_pairs,0.14887598205055597
421,count_additive,count_plus_all_pairs,0.14592251641691567
422,count_additive,count_plus_all_pairs,0.15597154485876755
423,count_additive,count_plus_all_pairs,0.1453492155264726
424,count_additive,count_plus_all_pairs,0.1471460660469992
425,count_additive,count_plus_all_pairs,0.1556527919927317
426,count_additive,count_plus_all_pairs,0.1524220360327199
427,count_additive,count_plus_all_pairs,0.15372875708857753
428,count_additive,count_plus_all_pairs,0.1541851581506934
429,count_additive,count_plus_all_pairs,0.15437340420308857
430,count_additive,count_plus_all_pairs,0.1538845112868859
431,count_additive,count_plus_all_pairs,0.15306492473305872
432,count_additive,count_plus_all_pairs,0.1495784643221792
433,count_additive,count_plus_all_pairs,0.14936106748911077
434,count_additive,count_plus_all_pairs,0.15797497152765927
435,count_additive,count_plus_all_pairs,0.14719740805120562
436,count_additive,count_plus_all_pairs,0.14979509314331152
437,count_additive,count_plus_all_pairs,0.13821616861925348
438,count_additive,count_plus_all_pairs,0.14185719156212764
439,count_additive,count_plus_all_pairs,0.14576908546604378
440,count_additive,count_plus_all_pairs,0.14999578425040133
441,count_additive,count_plus_all_pairs,0.154047783555314
442,count_additive,count_plus_all_pairs,0.1472181123158458
443,count_additive,count_plus_all_pairs,0.1513644924125738
444,count_additive,count_plus_all_pairs,0.1419366216587096
445,count_additive,count_plus_all_pairs,0.14178282890716723
446,count_additive,count_plus_all_pairs,0.14369192848236284
447,count_additive,count_plus_all_pairs,0.15033582783059013
448,count_additive,count_plus_all_pairs,0.14473136201969086
449,count_additive,count_plus_all_pairs,0.14605862106960282
450,count_additive,count_plus_all_pairs,0.15881160195962826
451,count_additive,count_plus_all_pairs,0.14726128511405023
452,count_additive,count_plus_all_pairs,0.1607141665877337
453,count_additive,count_plus_all_pairs,0.1493515586271179
454,count_additive,count_plus_all_pairs,0.15288333702429865
455,count_additive,count_plus_all_pairs,0.14595423246526978
456,count_additive,count_plus_all_pairs,0.1581232735103087
457,count_additive,count_plus_all_pairs,0.15181109089198544
458,count_additive,count_plus_all_pairs,0.1475582518510385
459,count_additive,count_plus_all_pairs,0.14551461051459902
460,count_additive,count_plus_all_pairs,0.15483337544841275
461,count_additive,count_plus_all_pairs,0.14171354737486103
462,count_additive,count_plus_all_pairs,0.15371255517584953
463,count_additive,count_plus_all_pairs,0.14921616324950052
464,count_additive,count_plus_all_pairs,0.15129913139933066
465,count_additive,count_plus_all_pairs,0.15118188198722857
466,count_additive,count_plus_all_pairs,0.14987878918522896
467,count_additive,count_plus_all_pairs,0.14643573069877389
468,count_additive,count_plus_all_pairs,0.15322079036312658
469,count_additive,count_plus_all_pairs,0.15119132643352629
470,count_additive,count_plus_all_pairs,0.15110850173809443
471,count_additive,count_plus_all_pairs,0.14810066143236908
472,count_additive,count_plus_all_pairs,0.14773175529133253
473,count_additive,count_plus_all_pairs,0.15668222924974504
474,count_additive,count_plus_all_pairs,0.1536500500660687
475,count_additive,count_plus_all_pairs,0.14611200866308527
476,count_additive,count_plus_all_pairs,0.15059082471235896
477,count_additive,count_plus_all_pairs,0.14756046874192585
478,count_additive,count_plus_all_pairs,0.15102154082806354
479,count_additive,count_plus_all_pairs,0.14648356491769285
480,count_additive,count_plus_all_pairs,0.15276560788837784
481,count_additive,count_plus_all_pairs,0.15448112831111163
482,count_additive,count_plus_all_pairs,0.1513949187111255
483,count_additive,count_plus_all_pairs,0.15221972385093385
484,count_additive,count_plus_all_pairs,0.14611003533831513
485,count_additive,count_plus_all_pairs,0.14653092447699725
486,count_additive,count_plus_all_pairs,0.15614286055694762
487,count_additive,count_plus_all_pairs,0.14749515145950956
488,count_additive,count_plus_all_pairs,0.15463424234167772
489,count_additive,count_plus_all_pairs,0.14669422427540046
490,count_additive,count_plus_all_pairs,0.14990948298725146
491,count_additive,count_plus_all_pairs,0.14539806901211144
492,count_additive,count_plus_all_pairs,0.1468731122855119
493,count_additive,count_plus_all_pairs,0.14540477368554935
494,count_additive,count_plus_all_pairs,0.15552977926839437
495,count_additive,count_plus_all_pairs,0.1571672175225886
496,count_additive,count_plus_all_pairs,0.15095737569064546
497,count_additive,count_plus_all_pairs,0.14632862425972082
498,count_additive,count_plus_all_pairs,0.15198763033181775
499,count_additive,count_plus_all_pairs,0.15518307264208586
500,count_additive,count_plus_all_pairs,0.1570356703410296
501,count_additive,count_plus_all_pairs,0.14595610162075776
502,count_additive,count_plus_all_pairs,0.14339436066739603
503,count_additive,count_plus_all_pairs,0.1456477090593538
504,count_additive,count_plus_all_pairs,0.14651983113330105
505,count_additive,count_plus_all_pairs,0.15471215938651128
506,count_additive,count_plus_all_pairs,0.1533115011328297
507,count_additive,count_plus_all_pairs,0.15859420710467106
508,count_additive,count_plus_all_pairs,0.15290851956678253
509,count_additive,count_plus_all_pairs,0.15541711739640493
510,count_additive,count_plus_all_pairs,0.1535789959880603
511,count_additive,count_plus_all_pairs,0.14920384006154475
512,count_additive,count_plus_all_pairs,0.1545282206605736
513,count_additive,count_plus_all_pairs,0.15332367955264556
514,count_additive,count_plus_all_pairs,0.1536868482693228
515,count_additive,count_plus_all_pairs,0.14916735482073534
516,count_additive,count_plus_all_pairs,0.14760146336058802
517,count_additive,count_plus_all_pairs,0.14616853851640443
518,count_additive,count_plus_all_pairs,0.15237077056348977
519,count_additive,count_plus_all_pairs,0.14945564404768832
520,count_additive,count_plus_all_pairs,0.1536993379106618
521,count_additive,count_plus_all_pairs,0.1523481905743373
522,count_additive,count_plus_all_pairs,0.15198412478259568
523,count_additive,count_plus_all_pairs,0.14687574454409366
524,count_additive,count_plus_all_pairs,0.15365824629581362
525,count_additive,count_plus_all_pairs,0.14890310619103408
526,count_additive,count_plus_all_pairs,0.1538603343148086
527,count_additive,count_plus_all_pairs,0.14797904291529437
528,count_additive,count_plus_all_pairs,0.14646249007483983
529,count_additive,count_plus_all_pairs,0.14915396885365004
530,count_additive,count_plus_all_pairs,0.1528537209359584
531,count_additive,count_plus_all_pairs,0.15031417607460396
532,count_additive,count_plus_all_pairs,0.14580843069675484
533,count_additive,count_plus_all_pairs,0.15021506049459687
534,count_additive,count_plus_all_pairs,0.14662181160791402
535,count_additive,count_plus_all_pairs,0.14905112126675304
536,count_additive,count_plus_all_pairs,0.15008254435278215
537,count_additive,count_plus_all_pairs,0.15789274698585562
538,count_additive,count_plus_all_pairs,0.15492039485172177
539,count_additive,count_plus_all_pairs,0.14487103051224567
540,count_additive,count_plus_all_pairs,0.15350002367903645
541,count_additive,count_plus_all_pairs,0.14578685026488886
542,count_additive,count_plus_all_pairs,0.14986497196678464
543,count_additive,count_plus_all_pairs,0.1524081043333509
544,count_additive,count_plus_all_pairs,0.14667763905506884
545,count_additive,count_plus_all_pairs,0.15895197246859888
546,count_additive,count_plus_all_pairs,0.14789352774688713
547,count_additive,count_plus_all_pairs,0.14688861227473074
548,count_additive,count_plus_all_pairs,0.1486107571321302
549,count_additive,count_plus_all_pairs,0.15031144821556588
550,count_additive,count_plus_all_pairs,0.15185323854944596
551,count_additive,count_plus_all_pairs,0.14644734221789318
552,count_additive,count_plus_all_pairs,0.14817063181668438
553,count_additive,count_plus_all_pairs,0.14940990471792914
554,count_additive,count_plus_all_pairs,0.1493910244527945
555,count_additive,count_plus_all_pairs,0.14783368738647956
556,count_additive,count_plus_all_pairs,0.15139896389073862
557,count_additive,count_plus_all_pairs,0.14656819574163743
558,count_additive,count_plus_all_pairs,0.14621899432910748
559,count_additive,count_plus_all_pairs,0.154092288258596
560,count_additive,count_plus_all_pairs,0.14400694639816142
561,count_additive,count_plus_all_pairs,0.14928080412430525
562,count_additive,count_plus_all_pairs,0.1512426299288963
563,count_additive,count_plus_all_pairs,0.15159690885106253
564,count_additive,count_plus_all_pairs,0.15049972991592536
565,count_additive,count_plus_all_pairs,0.1405964156468424
566,count_additive,count_plus_all_pairs,0.14917728531130306
567,count_additive,count_plus_all_pairs,0.1598899473117015
568,count_additive,count_plus_all_pairs,0.1482375590499331
569,count_additive,count_plus_all_pairs,0.14819368492502932
570,count_additive,count_plus_all_pairs,0.14585633903488238
571,count_additive,count_plus_all_pairs,0.14589437878208938
572,count_additive,count_plus_all_pairs,0.1518897666236896
573,count_additive,count_plus_all_pairs,0.15099829426041803
574,count_additive,count_plus_all_pairs,0.14938290371470817
575,count_additive,count_plus_all_pairs,0.1533387741085065
576,count_additive,count_plus_all_pairs,0.1522913247677827
577,count_additive,count_plus_all_pairs,0.15143824950355783
578,count_additive,count_plus_all_pairs,0.14760093293800422
579,count_additive,count_plus_all_pairs,0.14046017167841982
580,count_additive,count_plus_all_pairs,0.15701942823551318
581,count_additive,count_plus_all_pairs,0.15571619631965555
582,count_additive,count_plus_all_pairs,0.15176566489070975
583,count_additive,count_plus_all_pairs,0.14904310002536128
584,count_additive,count_plus_all_pairs,0.14329322364714425
585,count_additive,count_plus_all_pairs,0.14796755281507598
586,count_additive,count_plus_all_pairs,0.14412433678139266
587,count_additive,count_plus_all_pairs,0.15302635740322118
588,count_additive,count_plus_all_pairs,0.15166768073981943
589,count_additive,count_plus_all_pairs,0.15085219146454631
590,count_additive,count_plus_all_pairs,0.15805571710290528
591,count_additive,count_plus_all_pairs,0.14608547966372837
592,count_additive,count_plus_all_pairs,0.14793211946183138
593,count_additive,count_plus_all_pairs,0.145283286239709
594,count_additive,count_plus_all_pairs,0.14939915254979588
595,count_additive,count_plus_all_pairs,0.1539258582701012
596,count_additive,count_plus_all_pairs,0.14802598482813453
597,count_additive,count_plus_all_pairs,0.15318277218141033
598,count_additive,count_plus_all_pairs,0.14437865523200408
599,count_additive,count_plus_all_pairs,0.15816874040157222
600,count_additive,count_plus_all_pairs,0.15247657396932307
601,count_additive,count_plus_all_pairs,0.15469115116645127
602,count_additive,count_plus_all_pairs,0.14682550996842744
603,count_additive,count_plus_all_pairs,0.15546647134538985
604,count_additive,count_plus_all_pairs,0.1521552084053202
605,count_additive,count_plus_all_pairs,0.14542535939308987
606,count_additive,count_plus_all_pairs,0.1594203313914745
607,count_additive,count_plus_all_pairs,0.15622057005668052
608,count_additive,count_plus_all_pairs,0.15244673250429983
609,count_additive,count_plus_all_pairs,0.1548118575932084
610,count_additive,count_plus_all_pairs,0.15321979759202448
611,count_additive,count_plus_all_pairs,0.14633862218548252
612,count_additive,count_plus_all_pairs,0.15411702176908082
613,count_additive,count_plus_all_pairs,0.14952411755514042
614,count_additive,count_plus_all_pairs,0.15063945398377493
615,count_additive,count_plus_all_pairs,0.1511378334781182
616,count_additive,count_plus_all_pairs,0.14371985051348632
617,count_additive,count_plus_all_pairs,0.1537466531485838
618,count_additive,count_plus_all_pairs,0.15304732473200894
619,count_additive,count_plus_all_pairs,0.1535479705236607
620,count_additive,count_plus_all_pairs,0.1513720211137457
621,count_additive,count_plus_all_pairs,0.14719511832213214
622,count_additive,count_plus_all_pairs,0.1558922503734711
623,count_additive,count_plus_all_pairs,0.14927140329679853
624,count_additive,count_plus_all_pairs,0.15135019148000237
625,count_additive,count_plus_all_pairs,0.15475461551158273
626,count_additive,count_plus_all_pairs,0.15167317509622266
627,count_additive,count_plus_all_pairs,0.14835322948043497
628,count_additive,count_plus_all_pairs,0.14672574131561236
629,count_additive,count_plus_all_pairs,0.1519127870412743
630,count_additive,count_plus_all_pairs,0.15384548748111718
631,count_additive,count_plus_all_pairs,0.14934333716127096
632,count_additive,count_plus_all_pairs,0.1563743800251646
633,count_additive,count_plus_all_pairs,0.14942048024322582
634,count_additive,count_plus_all_pairs,0.14374294814579255
635,count_additive,count_plus_all_pairs,0.15591321979701955
636,count_additive,count_plus_all_pairs,0.15066461701366024
637,count_additive,count_plus_all_pairs,0.14543397188642185
638,count_additive,count_plus_all_pairs,0.15210481710725945
639,count_additive,count_plus_all_pairs,0.1530235703174579
640,count_additive,count_plus_all_pairs,0.14526208386381875
641,count_additive,count_plus_all_pairs,0.15729935709224144
642,count_additive,count_plus_all_pairs,0.15065642796668183
643,count_additive,count_plus_all_pairs,0.1544550528839751
644,count_additive,count_plus_all_pairs,0.14750796149029988
645,count_additive,count_plus_all_pairs,0.14354582853645895
646,count_additive,count_plus_all_pairs,0.14860731831630639
647,count_additive,count_plus_all_pairs,0.14652453770774515
648,count_additive,count_plus_all_pairs,0.14805420157841434
649,count_additive,count_plus_all_pairs,0.14451691252087542
650,count_additive,count_plus_all_pairs,0.14433165906207907
651,count_additive,count_plus_all_pairs,0.14519118695022296
652,count_additive,count_plus_all_pairs,0.15199244704878484
653,count_additive,count_plus_all_pairs,0.15052630195486832
654,count_additive,count_plus_all_pairs,0.15353984861515468
655,count_additive,count_plus_all_pairs,0.15077147784207104
656,count_additive,count_plus_all_pairs,0.15273943145465135
657,count_additive,count_plus_all_pairs,0.15161749418033058
658,count_additive,count_plus_all_pairs,0.15109658857414207
659,count_additive,count_plus_all_pairs,0.1439497223605001
660,count_additive,count_plus_all_pairs,0.15406920169427638
661,count_additive,count_plus_all_pairs,0.15326748069900145
662,count_additive,count_plus_all_pairs,0.14634803006085692
663,count_additive,count_plus_all_pairs,0.15490539731350247
664,count_additive,count_plus_all_pairs,0.1497925613561463
665,count_additive,count_plus_all_pairs,0.1481192259915936
666,count_additive,count_plus_all_pairs,0.15120190176788548
667,count_additive,count_plus_all_pairs,0.1484850983969648
668,count_additive,count_plus_all_pairs,0.14973083192747044
669,count_additive,count_plus_all_pairs,0.15670039018108317
670,count_additive,count_plus_all_pairs,0.15015403773491756
671,count_additive,count_plus_all_pairs,0.14987524828920443
672,count_additive,count_plus_all_pairs,0.14778374816302914
673,count_additive,count_plus_all_pairs,0.14719630475981
674,count_additive,count_plus_all_pairs,0.14772464760888057
675,count_additive,count_plus_all_pairs,0.15467622210430368
676,count_additive,count_plus_all_pairs,0.1502957834811018
677,count_additive,count_plus_all_pairs,0.15439242496746
678,count_additive,count_plus_all_pairs,0.15448988533083147
679,count_additive,count_plus_all_pairs,0.15421334074382292
680,count_additive,count_plus_all_pairs,0.1535951879022508
681,count_additive,count_plus_all_pairs,0.14186156598135866
682,count_additive,count_plus_all_pairs,0.1569335916023348
683,count_additive,count_plus_all_pairs,0.1472786838554965
684,count_additive,count_plus_all_pairs,0.15350713759786674
685,count_additive,count_plus_all_pairs,0.1539360571529325
686,count_additive,count_plus_all_pairs,0.1447158769503622
687,count_additive,count_plus_all_pairs,0.1485008790567618
688,count_additive,count_plus_all_pairs,0.14672542605893232
689,count_additive,count_plus_all_pairs,0.14855556244357343
690,count_additive,count_plus_all_pairs,0.14657204156393017
691,count_additive,count_plus_all_pairs,0.1563530474771597
692,count_additive,count_plus_all_pairs,0.14429004399002998
693,count_additive,count_plus_all_pairs,0.14950707100351102
694,count_additive,count_plus_all_pairs,0.1460499476808213
695,count_additive,count_plus_all_pairs,0.1539063290659768
696,count_additive,count_plus_all_pairs,0.15213260754942268
697,count_additive,count_plus_all_pairs,0.1538580566165631
698,count_additive,count_plus_all_pairs,0.1553713829831634
699,count_additive,count_plus_all_pairs,0.14398121496399569
700,count_additive,count_plus_all_pairs,0.15136138035620497
701,count_additive,count_plus_all_pairs,0.1509112241465516
702,count_additive,count_plus_all_pairs,0.14869412237149374
703,count_additive,count_plus_all_pairs,0.14491844627383696
704,count_additive,count_plus_all_pairs,0.14906192747434266
705,count_additive,count_plus_all_pairs,0.14961950344784325
706,count_additive,count_plus_all_pairs,0.14641078954198533
707,count_additive,count_plus_all_pairs,0.15218675647357874
708,count_additive,count_plus_all_pairs,0.1479180264054336
709,count_additive,count_plus_all_pairs,0.1501303838052375
710,count_additive,count_plus_all_pairs,0.14993640847763612
711,count_additive,count_plus_all_pairs,0.14954772696397903
712,count_additive,count_plus_all_pairs,0.14710010175788005
713,count_additive,count_plus_all_pairs,0.14467377944564147
714,count_additive,count_plus_all_pairs,0.14750525417951946
715,count_additive,count_plus_all_pairs,0.1534767886308495
716,count_additive,count_plus_all_pairs,0.1485527265417859
717,count_additive,count_plus_all_pairs,0.14974460931399208
718,count_additive,count_plus_all_pairs,0.1502507406811676
719,count_additive,count_plus_all_pairs,0.14011319387830257
720,count_additive,count_plus_all_pairs,0.14597887257908318
721,count_additive,count_plus_all_pairs,0.14917974606666598
722,count_additive,count_plus_all_pairs,0.14648098466826176
723,count_additive,count_plus_all_pairs,0.1502281082112961
724,count_additive,count_plus_all_pairs,0.15344017148298925
725,count_additive,count_plus_all_pairs,0.145658604239949
726,count_additive,count_plus_all_pairs,0.15182920407195993
727,count_additive,count_plus_all_pairs,0.14944720601871106
728,count_additive,count_plus_all_pairs,0.14815513349375892
729,count_additive,count_plus_all_pairs,0.14520084209264209
730,count_additive,count_plus_all_pairs,0.15663841713258664
731,count_additive,count_plus_all_pairs,0.14841012248914018
732,count_additive,count_plus_all_pairs,0.1531985898750415
733,count_additive,count_plus_all_pairs,0.14517491188085557
734,count_additive,count_plus_all_pairs,0.14744691515226085
735,count_additive,count_plus_all_pairs,0.150945278684137
736,count_additive,count_plus_all_pairs,0.15335607511320537
737,count_additive,count_plus_all_pairs,0.15619202637811433
738,count_additive,count_plus_all_pairs,0.14936046344225942
739,count_additive,count_plus_all_pairs,0.14481858444313214
740,count_additive,count_plus_all_pairs,0.15096419733082514
741,count_additive,count_plus_all_pairs,0.1496199188193526
742,count_additive,count_plus_all_pairs,0.14298334872114982
743,count_additive,count_plus_all_pairs,0.14737836800178225
744,count_additive,count_plus_all_pairs,0.1486320744965726
745,count_additive,count_plus_all_pairs,0.14789012825473793
746,count_additive,count_plus_all_pairs,0.14344727859600434
747,count_additive,count_plus_all_pairs,0.14973148851056103
748,count_additive,count_plus_all_pairs,0.15451428423843122
749,count_additive,count_plus_all_pairs,0.15440933398740295
750,count_additive,count_plus_all_pairs,0.15038188522650173
751,count_additive,count_plus_all_pairs,0.15108104520424687
752,count_additive,count_plus_all_pairs,0.1516802110695256
753,count_additive,count_plus_all_pairs,0.15009850236433495
754,count_additive,count_plus_all_pairs,0.15299686768847873
755,count_additive,count_plus_all_pairs,0.14604509919472905
756,count_additive,count_plus_all_pairs,0.150943463864393
757,count_additive,count_plus_all_pairs,0.14913787239694967
758,count_additive,count_plus_all_pairs,0.1466487502671299
759,count_additive,count_plus_all_pairs,0.14696741827746818
760,count_additive,count_plus_all_pairs,0.1408676725986372
761,count_additive,count_plus_all_pairs,0.1494628704233326
762,count_additive,count_plus_all_pairs,0.1487035908636327
763,count_additive,count_plus_all_pairs,0.14353870802534313
764,count_additive,count_plus_all_pairs,0.15597987472280914
765,count_additive,count_plus_all_pairs,0.1480840023733042
766,count_additive,count_plus_all_pairs,0.15678459677521447
767,count_additive,count_plus_all_pairs,0.14782333349523005
768,count_additive,count_plus_all_pairs,0.1487763251903904
769,count_additive,count_plus_all_pairs,0.14622337264703003
770,count_additive,count_plus_all_pairs,0.15458280109626285
771,count_additive,count_plus_all_pairs,0.15406576494007024
772,count_additive,count_plus_all_pairs,0.1485692020503979
773,count_additive,count_plus_all_pairs,0.1460311986741969
774,count_additive,count_plus_all_pairs,0.1494443480948442
775,count_additive,count_plus_all_pairs,0.1502145658637741
776,count_additive,count_plus_all_pairs,0.1440164897967316
777,count_additive,count_plus_all_pairs,0.14843388716031525
778,count_additive,count_plus_all_pairs,0.14625562705875148
779,count_additive,count_plus_all_pairs,0.14838788331733793
780,count_additive,count_plus_all_pairs,0.14936095724179083
781,count_additive,count_plus_all_pairs,0.14530573972728544
782,count_additive,count_plus_all_pairs,0.15141790048888815
783,count_additive,count_plus_all_pairs,0.14905414033252032
784,count_additive,count_plus_all_pairs,0.1468634918684512
785,count_additive,count_plus_all_pairs,0.14902870765961884
786,count_additive,count_plus_all_pairs,0.15481537276110957
787,count_additive,count_plus_all_pairs,0.1508562646326951
788,count_additive,count_plus_all_pairs,0.14383374777268856
789,count_additive,count_plus_all_pairs,0.1522219771019116
790,count_additive,count_plus_all_pairs,0.1526418453367211
791,count_additive,count_plus_all_pairs,0.14920717193720662
792,count_additive,count_plus_all_pairs,0.1527801443221668
793,count_additive,count_plus_all_pairs,0.15397230015184715
794,count_additive,count_plus_all_pairs,0.15732491121477965
795,count_additive,count_plus_all_pairs,0.1515268277496333
796,count_additive,count_plus_all_pairs,0.15401983521695276
797,count_additive,count_plus_all_pairs,0.1485924182965025
798,count_additive,count_plus_all_pairs,0.14782229131517274
799,count_additive,count_plus_all_pairs,0.15552892071216315
800,count_additive,count_plus_all_pairs,0.14893636923620612
801,count_additive,count_plus_all_pairs,0.15327391643800709
802,count_additive,count_plus_all_pairs,0.15075494052369762
803,count_additive,count_plus_all_pairs,0.15390596443327997
804,count_additive,count_plus_all_pairs,0.15681313540976885
805,count_additive,count_plus_all_pairs,0.15821527817474368
806,count_additive,count_plus_all_pairs,0.15302627111751835
807,count_additive,count_plus_all_pairs,0.14802847757265813
808,count_additive,count_plus_all_pairs,0.1535256883159467
809,count_additive,count_plus_all_pairs,0.14017396961221248
810,count_additive,count_plus_all_pairs,0.15549044738179524
811,count_additive,count_plus_all_pairs,0.14513660026114258
812,count_additive,count_plus_all_pairs,0.14679112942900072
813,count_additive,count_plus_all_pairs,0.14605052539352684
814,count_additive,count_plus_all_pairs,0.14660172656160106
815,count_additive,count_plus_all_pairs,0.1532001147151054
816,count_additive,count_plus_all_pairs,0.14570665626378268
817,count_additive,count_plus_all_pairs,0.14941669034821817
818,count_additive,count_plus_all_pairs,0.1460961882696804
819,count_additive,count_plus_all_pairs,0.15118931926999585
820,count_additive,count_plus_all_pairs,0.14887788758007978
821,count_additive,count_plus_all_pairs,0.15225342288568844
822,count_additive,count_plus_all_pairs,0.14662852369008006
823,count_additive,count_plus_all_pairs,0.1495545135053311
824,count_additive,count_plus_all_pairs,0.14663998177743687
825,count_additive,count_plus_all_pairs,0.1562407899328722
826,count_additive,count_plus_all_pairs,0.14311292790643587
827,count_additive,count_plus_all_pairs,0.153669253638274
828,count_additive,count_plus_all_pairs,0.14886084356829993
829,count_additive,count_plus_all_pairs,0.15750743707659293
830,count_additive,count_plus_all_pairs,0.14448379535723696
831,count_additive,count_plus_all_pairs,0.1497257188899161
832,count_additive,count_plus_all_pairs,0.14535990639181734
833,count_additive,count_plus_all_pairs,0.150072139336052
834,count_additive,count_plus_all_pairs,0.1449120848267374
835,count_additive,count_plus_all_pairs,0.15017002680882896
836,count_additive,count_plus_all_pairs,0.14466453939088217
837,count_additive,count_plus_all_pairs,0.1406833791711989
838,count_additive,count_plus_all_pairs,0.155825366899911
839,count_additive,count_plus_all_pairs,0.14916590601090352
840,count_additive,count_plus_all_pairs,0.15258859055896684
841,count_additive,count_plus_all_pairs,0.15184335829483273
842,count_additive,count_plus_all_pairs,0.1541371190616716
843,count_additive,count_plus_all_pairs,0.15016746914181714
844,count_additive,count_plus_all_pairs,0.15662864577434357
845,count_additive,count_plus_all_pairs,0.15390670679539686
846,count_additive,count_plus_all_pairs,0.1567384249065199
847,count_additive,count_plus_all_pairs,0.14584874403765147
848,count_additive,count_plus_all_pairs,0.15248457950331498
849,count_additive,count_plus_all_pairs,0.14858277323687397
850,count_additive,count_plus_all_pairs,0.1485331378088459
851,count_additive,count_plus_all_pairs,0.14576188208206892
852,count_additive,count_plus_all_pairs,0.14540748191814357
853,count_additive,count_plus_all_pairs,0.14826046510162216
854,count_additive,count_plus_all_pairs,0.15216334118391434
855,count_additive,count_plus_all_pairs,0.14692334893272133
856,count_additive,count_plus_all_pairs,0.1515841753033686
857,count_additive,count_plus_all_pairs,0.15295383770507667
858,count_additive,count_plus_all_pairs,0.15354502127294703
859,count_additive,count_plus_all_pairs,0.15139335905991616
860,count_additive,count_plus_all_pairs,0.15047090284646872
861,count_additive,count_plus_all_pairs,0.1485472915954331
862,count_additive,count_plus_all_pairs,0.1462993465611179
863,count_additive,count_plus_all_pairs,0.14426574180369778
864,count_additive,count_plus_all_pairs,0.14771970124815895
865,count_additive,count_plus_all_pairs,0.14951594678675545
866,count_additive,count_plus_all_pairs,0.1526351996694098
867,count_additive,count_plus_all_pairs,0.1468878016197398
868,count_additive,count_plus_all_pairs,0.1507694377226688
869,count_additive,count_plus_all_pairs,0.14562117807928404
870,count_additive,count_plus_all_pairs,0.14103074208247132
871,count_additive,count_plus_all_pairs,0.14304606257120142
872,count_additive,count_plus_all_pairs,0.15168780766362724
873,count_additive,count_plus_all_pairs,0.14889989578136725
874,count_additive,count_plus_all_pairs,0.1494907135950522
875,count_additive,count_plus_all_pairs,0.1558839994088792
876,count_additive,count_plus_all_pairs,0.1426798159991668
877,count_additive,count_plus_all_pairs,0.1426219341920314
878,count_additive,count_plus_all_pairs,0.1611160290328979
879,count_additive,count_plus_all_pairs,0.14718117484285845
880,count_additive,count_plus_all_pairs,0.14213522028210362
881,count_additive,count_plus_all_pairs,0.1547644161557399
882,count_additive,count_plus_all_pairs,0.150253080246642
883,count_additive,count_plus_all_pairs,0.14590975652592217
884,count_additive,count_plus_all_pairs,0.15590859268642412
885,count_additive,count_plus_all_pairs,0.1474918289849301
886,count_additive,count_plus_all_pairs,0.1475121647815611
887,count_additive,count_plus_all_pairs,0.1472820256059493
888,count_additive,count_plus_all_pairs,0.14906833714192352
889,count_additive,count_plus_all_pairs,0.14666485738741986
890,count_additive,count_plus_all_pairs,0.14782535563852442
891,count_additive,count_plus_all_pairs,0.14601402311486775
892,count_additive,count_plus_all_pairs,0.14577583229065136
893,count_additive,count_plus_all_pairs,0.15336167839533532
894,count_additive,count_plus_all_pairs,0.1553379002968103
895,count_additive,count_plus_all_pairs,0.15276657358113496
896,count_additive,count_plus_all_pairs,0.1475166137520503
897,count_additive,count_plus_all_pairs,0.14824054565830028
898,count_additive,count_plus_all_pairs,0.1502752618697395
899,count_additive,count_plus_all_pairs,0.1476210244352977
900,count_additive,count_plus_all_pairs,0.14523233978489114
901,count_additive,count_plus_all_pairs,0.15524809503751213
902,count_additive,count_plus_all_pairs,0.15108562036052106
903,count_additive,count_plus_all_pairs,0.14340324224162104
904,count_additive,count_plus_all_pairs,0.15421112108608614
905,count_additive,count_plus_all_pairs,0.14314986988181205
906,count_additive,count_plus_all_pairs,0.15343427948162738
907,count_additive,count_plus_all_pairs,0.14589889758331248
908,count_additive,count_plus_all_pairs,0.1499258999317518
909,count_additive,count_plus_all_pairs,0.15166891013615685
910,count_additive,count_plus_all_pairs,0.15561280419879325
911,count_additive,count_plus_all_pairs,0.15094015446880324
912,count_additive,count_plus_all_pairs,0.15264455271183974
913,count_additive,count_plus_all_pairs,0.14861573687138274
914,count_additive,count_plus_all_pairs,0.15118803960616994
915,count_additive,count_plus_all_pairs,0.150332593647242
916,count_additive,count_plus_all_pairs,0.1484160598157004
917,count_additive,count_plus_all_pairs,0.14757634938375278
918,count_additive,count_plus_all_pairs,0.14857416062717008
919,count_additive,count_plus_all_pairs,0.14946780620281172
920,count_additive,count_plus_all_pairs,0.1483133313693222
921,count_additive,count_plus_all_pairs,0.14610059032552905
922,count_additive,count_plus_all_pairs,0.1564409462039716
923,count_additive,count_plus_all_pairs,0.15578845260515967
924,count_additive,count_plus_all_pairs,0.1433463275821274
925,count_additive,count_plus_all_pairs,0.15253929806969213
926,count_additive,count_plus_all_pairs,0.15154321001183943
927,count_additive,count_plus_all_pairs,0.15198714541021324
928,count_additive,count_plus_all_pairs,0.14530402439899448
929,count_additive,count_plus_all_pairs,0.15222366571152252
930,count_additive,count_plus_all_pairs,0.15427270744826257
931,count_additive,count_plus_all_pairs,0.1497189765590907
932,count_additive,count_plus_all_pairs,0.1532020407738819
933,count_additive,count_plus_all_pairs,0.15194821430181032
934,count_additive,count_plus_all_pairs,0.15138252334880226
935,count_additive,count_plus_all_pairs,0.14996501434188614
936,count_additive,count_plus_all_pairs,0.15500217024343838
937,count_additive,count_plus_all_pairs,0.15333196015655876
938,count_additive,count_plus_all_pairs,0.14731532680513584
939,count_additive,count_plus_all_pairs,0.15107775032020376
940,count_additive,count_plus_all_pairs,0.14878573110072954
941,count_additive,count_plus_all_pairs,0.14502687199919725
942,count_additive,count_plus_all_pairs,0.1503966043274236
943,count_additive,count_plus_all_pairs,0.15006460983979444
944,count_additive,count_plus_all_pairs,0.1522677106560664
945,count_additive,count_plus_all_pairs,0.15118826349632244
946,count_additive,count_plus_all_pairs,0.15199723616133265
947,count_additive,count_plus_all_pairs,0.14822243143243183
948,count_additive,count_plus_all_pairs,0.15076300885500382
949,count_additive,count_plus_all_pairs,0.14378068589380583
950,count_additive,count_plus_all_pairs,0.14969899955606758
951,count_additive,count_plus_all_pairs,0.15355376792773204
952,count_additive,count_plus_all_pairs,0.14862223316626025
953,count_additive,count_plus_all_pairs,0.14643140470708402
954,count_additive,count_plus_all_pairs,0.14962975644069162
955,count_additive,count_plus_all_pairs,0.15074089930501103
956,count_additive,count_plus_all_pairs,0.1459236567136943
957,count_additive,count_plus_all_pairs,0.15147349718832376
958,count_additive,count_plus_all_pairs,0.14902753446632566
959,count_additive,count_plus_all_pairs,0.14921029775705988
960,count_additive,count_plus_all_pairs,0.14979720245604553
961,count_additive,count_plus_all_pairs,0.14369037665797224
962,count_additive,count_plus_all_pairs,0.15080931456183452
963,count_additive,count_plus_all_pairs,0.15050204639447085
964,count_additive,count_plus_all_pairs,0.14916081009376897
965,count_additive,count_plus_all_pairs,0.15848885243327793
966,count_additive,count_plus_all_pairs,0.14719271177356744
967,count_additive,count_plus_all_pairs,0.15265943577500188
968,count_additive,count_plus_all_pairs,0.15055220000385763
969,count_additive,count_plus_all_pairs,0.15112345163818452
970,count_additive,count_plus_all_pairs,0.1446481530283475
971,count_additive,count_plus_all_pairs,0.1517488288579463
972,count_additive,count_plus_all_pairs,0.1508750289773845
973,count_additive,count_plus_all_pairs,0.15001727211377433
974,count_additive,count_plus_all_pairs,0.15479074223373063
975,count_additive,count_plus_all_pairs,0.15121202936331266
976,count_additive,count_plus_all_pairs,0.15264513436707644
977,count_additive,count_plus_all_pairs,0.15691039852610614
978,count_additive,count_plus_all_pairs,0.15237018879452705
979,count_additive,count_plus_all_pairs,0.15149007359443825
980,count_additive,count_plus_all_pairs,0.15078128391666173
981,count_additive,count_plus_all_pairs,0.14753210652044907
982,count_additive,count_plus_all_pairs,0.1524086731283436
983,count_additive,count_plus_all_pairs,0.14834133419629264
984,count_additive,count_plus_all_pairs,0.1420380243772114
985,count_additive,count_plus_all_pairs,0.15103467708032237
986,count_additive,count_plus_all_pairs,0.15180649911693578
987,count_additive,count_plus_all_pairs,0.14948023977920377
988,count_additive,count_plus_all_pairs,0.15509278256043588
989,count_additive,count_plus_all_pairs,0.1538639353595327
990,count_additive,count_plus_all_pairs,0.15065013166196398
991,count_additive,count_plus_all_pairs,0.1470746460642275
992,count_additive,count_plus_all_pairs,0.1489759469531886
993,count_additive,count_plus_all_pairs,0.14683368020276327
994,count_additive,count_plus_all_pairs,0.15479887766539327
995,count_additive,count_plus_all_pairs,0.15560645469579498
996,count_additive,count_plus_all_pairs,0.15256593315217762
997,count_additive,count_plus_all_pairs,0.1520633845034198
998,count_additive,count_plus_all_pairs,0.14926376226036278
999,count_additive,count_plus_all_pairs,0.1565725850665305
1000,count_additive,count_plus_all_pairs,0.15046962063377833
1001,count_additive,count_plus_all_pairs,0.15227612314249275
1002,count_additive,count_plus_all_pairs,0.15175730537800078
1003,count_additive,count_plus_all_pairs,0.1521818801056439
1004,count_additive,count_plus_all_pairs,0.15075203127678685
1005,count_additive,count_plus_all_pairs,0.15016863818757686
1006,count_additive,count_plus_all_pairs,0.15218567025898777
1007,count_additive,count_plus_all_pairs,0.14674112534014871
1008,count_additive,count_plus_all_pairs,0.1521958976763987
1009,count_additive,count_plus_all_pairs,0.14863015090853107
1010,count_additive,count_plus_all_pairs,0.15333264560381232
1011,count_additive,count_plus_all_pairs,0.1516987282619333
1012,count_additive,count_plus_all_pairs,0.15085045351683093
1013,count_additive,count_plus_all_pairs,0.1474680045438659
1014,count_additive,count_plus_all_pairs,0.15273853882525118
1015,count_additive,count_plus_all_pairs,0.1484543740177785
1016,count_additive,count_plus_all_pairs,0.1522579892243389
1017,count_additive,count_plus_all_pairs,0.15445683492773682
1018,count_additive,count_plus_all_pairs,0.15271571101560627
1019,count_additive,count_plus_all_pairs,0.14928739412520803
1020,count_additive,count_plus_all_pairs,0.14418354105790793
1021,count_additive,count_plus_all_pairs,0.15073950709198944
1022,count_additive,count_plus_all_pairs,0.1584572608019133
1023,count_additive,count_plus_all_pairs,0.14654404654693295
1024,count_additive,count_plus_all_pairs,0.1546433647143423
1025,count_additive,count_plus_all_pairs,0.15091046422833823
1026,count_additive,count_plus_all_pairs,0.1472718851255086
1027,count_additive,count_plus_all_pairs,0.14988075230836967
1028,count_additive,count_plus_all_pairs,0.15097239164789095
1029,count_additive,count_plus_all_pairs,0.14569248722487044
1030,count_additive,count_plus_all_pairs,0.14680954805740823
1031,count_additive,count_plus_all_pairs,0.15834212779769413
1032,count_additive,count_plus_all_pairs,0.15395519552778777
1033,count_additive,count_plus_all_pairs,0.15509987505046216
1034,count_additive,count_plus_all_pairs,0.15628393595902662
1035,count_additive,count_plus_all_pairs,0.15028204365795006
1036,count_additive,count_plus_all_pairs,0.15174833358441614
1037,count_additive,count_plus_all_pairs,0.14694547821014706
1038,count_additive,count_plus_all_pairs,0.14451698154480896
1039,count_additive,count_plus_all_pairs,0.1561787753098385
1040,count_additive,count_plus_all_pairs,0.15148798496082588
1041,count_additive,count_plus_all_pairs,0.14437948143001691
1042,count_additive,count_plus_all_pairs,0.14318162739107002
1043,count_additive,count_plus_all_pairs,0.15078069885647769
1044,count_additive,count_plus_all_pairs,0.14717474279341952
1045,count_additive,count_plus_all_pairs,0.14869150104753825
1046,count_additive,count_plus_all_pairs,0.15045421792252425
1047,count_additive,count_plus_all_pairs,0.14903561757629374
1048,count_additive,count_plus_all_pairs,0.1484618431344278
1049,count_additive,count_plus_all_pairs,0.140868744370426
1050,count_additive,count_plus_all_pairs,0.15295527559431496
1051,count_additive,count_plus_all_pairs,0.14832511387205966
1052,count_additive,count_plus_all_pairs,0.1534668683230984
1053,count_additive,count_plus_all_pairs,0.148737117572387
1054,count_additive,count_plus_all_pairs,0.1455636986522024
1055,count_additive,count_plus_all_pairs,0.15193782310702333
1056,count_additive,count_plus_all_pairs,0.15252696908303567
1057,count_additive,count_plus_all_pairs,0.15480855661265486
1058,count_additive,count_plus_all_pairs,0.14780145362918357
1059,count_additive,count_plus_all_pairs,0.15328634781909856
1060,count_additive,count_plus_all_pairs,0.15206560042768336
1061,count_additive,count_plus_all_pairs,0.15050907092825183
1062,count_additive,count_plus_all_pairs,0.14928067729078665
1063,count_additive,count_plus_all_pairs,0.14606382194346848
1064,count_additive,count_plus_all_pairs,0.15158973902011386
1065,count_additive,count_plus_all_pairs,0.15036411520126267
1066,count_additive,count_plus_all_pairs,0.15077363874744062
1067,count_additive,count_plus_all_pairs,0.15957680468631996
1068,count_additive,count_plus_all_pairs,0.14935577637711778
1069,count_additive,count_plus_all_pairs,0.14896764227780537
1070,count_additive,count_plus_all_pairs,0.1626908702342139
1071,count_additive,count_plus_all_pairs,0.15289363950259394
1072,count_additive,count_plus_all_pairs,0.1485478165073607
1073,count_additive,count_plus_all_pairs,0.15136564243880687
1074,count_additive,count_plus_all_pairs,0.15150534023067494
1075,count_additive,count_plus_all_pairs,0.14588760574372012
1076,count_additive,count_plus_all_pairs,0.15105748451828255
1077,count_additive,count_plus_all_pairs,0.14683092755398208
1078,count_additive,count_plus_all_pairs,0.15539015780349938
1079,count_additive,count_plus_all_pairs,0.15029154648584128
1080,count_additive,count_plus_all_pairs,0.15515875240981006
1081,count_additive,count_plus_all_pairs,0.15853208440909927
1082,count_additive,count_plus_all_pairs,0.15010995483714534
1083,count_additive,count_plus_all_pairs,0.15234495374121798
1084,count_additive,count_plus_all_pairs,0.1549962144970421
1085,count_additive,count_plus_all_pairs,0.15186055547725852
1086,count_additive,count_plus_all_pairs,0.15258851792172798
1087,count_additive,count_plus_all_pairs,0.14846360117025484
1088,count_additive,count_plus_all_pairs,0.1512517947323319
1089,count_additive,count_plus_all_pairs,0.15311044312309097
1090,count_additive,count_plus_all_pairs,0.15461617996492782
1091,count_additive,count_plus_all_pairs,0.15017470023199542
1092,count_additive,count_plus_all_pairs,0.15047399132292652
1093,count_additive,count_plus_all_pairs,0.14844241277537856
1094,count_additive,count_plus_all_pairs,0.14861117371031698
1095,count_additive,count_plus_all_pairs,0.14735375672112913
1096,count_additive,count_plus_all_pairs,0.14575887448187927
1097,count_additive,count_plus_all_pairs,0.14530138811236776
1098,count_additive,count_plus_all_pairs,0.15047007125541048
1099,count_additive,count_plus_all_pairs,0.15581860663819405
1100,count_additive,count_plus_all_pairs,0.1484764010433421
1101,count_additive,count_plus_all_pairs,0.14815607279466966
1102,count_additive,count_plus_all_pairs,0.15276974889149597
1103,count_additive,count_plus_all_pairs,0.1467257973645272
1104,count_additive,count_plus_all_pairs,0.14989791000923927
1105,count_additive,count_plus_all_pairs,0.14744123587250857
1106,count_additive,count_plus_all_pairs,0.14278086136320317
1107,count_additive,count_plus_all_pairs,0.14821916958327278
1108,count_additive,count_plus_all_pairs,0.15285341962954144
1109,count_additive,count_plus_all_pairs,0.1465580637935143
1110,count_additive,count_plus_all_pairs,0.15133118924206848
1111,count_additive,count_plus_all_pairs,0.15569673037136392
1112,count_additive,count_plus_all_pairs,0.1559972275122071
1113,count_additive,count_plus_all_pairs,0.15852393002395254
1114,count_additive,count_plus_all_pairs,0.15169485768874302
1115,count_additive,count_plus_all_pairs,0.14558137673363564
1116,count_additive,count_plus_all_pairs,0.14327158192074385
1117,count_additive,count_plus_all_pairs,0.15467959782714585
1118,count_additive,count_plus_all_pairs,0.15201658606314367
1119,count_additive,count_plus_all_pairs,0.13998342334238276
1120,count_additive,count_plus_all_pairs,0.1459986617049872
1121,count_additive,count_plus_all_pairs,0.14625447177694303
1122,count_additive,count_plus_all_pairs,0.14622535401375528
1123,count_additive,count_plus_all_pairs,0.1515128950161002
1124,count_additive,count_plus_all_pairs,0.15589044169785113
1125,count_additive,count_plus_all_pairs,0.14710591405826126
1126,count_additive,count_plus_all_pairs,0.14501569767143907
1127,count_additive,count_plus_all_pairs,0.15044473364600403
1128,count_additive,count_plus_all_pairs,0.14074419929527549
1129,count_additive,count_plus_all_pairs,0.15364582707293883
1130,count_additive,count_plus_all_pairs,0.14879829645237352
1131,count_additive,count_plus_all_pairs,0.1530246027832191
1132,count_additive,count_plus_all_pairs,0.14868736107033123
1133,count_additive,count_plus_all_pairs,0.15278053581662077
1134,count_additive,count_plus_all_pairs,0.1512825940560857
1135,count_additive,count_plus_all_pairs,0.1483645950235254
1136,count_additive,count_plus_all_pairs,0.14729301429032263
1137,count_additive,count_plus_all_pairs,0.1501938490191347
1138,count_additive,count_plus_all_pairs,0.1527549072473684
1139,count_additive,count_plus_all_pairs,0.14857879216820544
1140,count_additive,count_plus_all_pairs,0.14759428967302088
1141,count_additive,count_plus_all_pairs,0.14687101544888945
1142,count_additive,count_plus_all_pairs,0.15176795243426938
1143,count_additive,count_plus_all_pairs,0.1508500966055185
1144,count_additive,count_plus_all_pairs,0.1462732832340837
1145,count_additive,count_plus_all_pairs,0.1471343873960342
1146,count_additive,count_plus_all_pairs,0.15026421720123337
1147,count_additive,count_plus_all_pairs,0.1529219021989041
1148,count_additive,count_plus_all_pairs,0.14521866574335615
1149,count_additive,count_plus_all_pairs,0.15179640196738986
1150,count_additive,count_plus_all_pairs,0.15204341105627558
1151,count_additive,count_plus_all_pairs,0.15685077475554887
1152,count_additive,count_plus_all_pairs,0.1513128318169162
1153,count_additive,count_plus_all_pairs,0.14405775740792298
1154,count_additive,count_plus_all_pairs,0.15071280354754454
1155,count_additive,count_plus_all_pairs,0.1515746018454133
1156,count_additive,count_plus_all_pairs,0.14656731562739025
1157,count_additive,count_plus_all_pairs,0.1514340450985953
1158,count_additive,count_plus_all_pairs,0.1496382832915532
1159,count_additive,count_plus_all_pairs,0.14642244210379113
1160,count_additive,count_plus_all_pairs,0.15303186486034487
1161,count_additive,count_plus_all_pairs,0.1505466598008755
1162,count_additive,count_plus_all_pairs,0.14636170110327854
1163,count_additive,count_plus_all_pairs,0.15706792802719693
1164,count_additive,count_plus_all_pairs,0.1435016375755211
1165,count_additive,count_plus_all_pairs,0.1520735541654807
1166,count_additive,count_plus_all_pairs,0.15400887893109463
1167,count_additive,count_plus_all_pairs,0.15167392748170241
1168,count_additive,count_plus_all_pairs,0.15096489677887334
1169,count_additive,count_plus_all_pairs,0.14607514810417097
1170,count_additive,count_plus_all_pairs,0.15673940238215953
1171,count_additive,count_plus_all_pairs,0.14147819318388835
1172,count_additive,count_plus_all_pairs,0.15217687639678976
1173,count_additive,count_plus_all_pairs,0.1480001387772806
1174,count_additive,count_plus_all_pairs,0.15120091795557403
1175,count_additive,count_plus_all_pairs,0.15222753151893598
1176,count_additive,count_plus_all_pairs,0.1508047004814613
1177,count_additive,count_plus_all_pairs,0.15441051353712917
1178,count_additive,count_plus_all_pairs,0.14775333864667287
1179,count_additive,count_plus_all_pairs,0.15894890036405002
1180,count_additive,count_plus_all_pairs,0.15084581363982952
1181,count_additive,count_plus_all_pairs,0.14596314804223878
1182,count_additive,count_plus_all_pairs,0.15356559345324666
1183,count_additive,count_plus_all_pairs,0.15299138461204842
1184,count_additive,count_plus_all_pairs,0.1566841083010495
1185,count_additive,count_plus_all_pairs,0.15884760817702423
1186,count_additive,count_plus_all_pairs,0.15256291426732743
1187,count_additive,count_plus_all_pairs,0.14366339044746573
1188,count_additive,count_plus_all_pairs,0.1506849265697223
1189,count_additive,count_plus_all_pairs,0.14699304682349795
1190,count_additive,count_plus_all_pairs,0.15405752230721592
1191,count_additive,count_plus_all_pairs,0.14419189905974375
1192,count_additive,count_plus_all_pairs,0.15311815375117543
1193,count_additive,count_plus_all_pairs,0.14327428909878023
1194,count_additive,count_plus_all_pairs,0.16003769805707913
1195,count_additive,count_plus_all_pairs,0.15246977381079288
1196,count_additive,count_plus_all_pairs,0.1451001609859384
1197,count_additive,count_plus_all_pairs,0.14395710675673895
1198,count_additive,count_plus_all_pairs,0.15178767545153146
1199,count_additive,count_plus_all_pairs,0.14994057771316582
1200,count_additive,count_plus_all_pairs,0.14707768376547678
1201,count_additive,count_plus_all_pairs,0.14063846353697662
1202,count_additive,count_plus_all_pairs,0.14916798385612778
1203,count_additive,count_plus_all_pairs,0.14848641681857502
1204,count_additive,count_plus_all_pairs,0.14784035077446048
1205,count_additive,count_plus_all_pairs,0.14938800327945506
1206,count_additive,count_plus_all_pairs,0.1517564131819296
1207,count_additive,count_plus_all_pairs,0.14763711400349736
1208,count_additive,count_plus_all_pairs,0.14217055151298694
1209,count_additive,count_plus_all_pairs,0.14397209506561615
1210,count_additive,count_plus_all_pairs,0.1537385124878207
1211,count_additive,count_plus_all_pairs,0.14779251639184585
1212,count_additive,count_plus_all_pairs,0.14972463298980834
1213,count_additive,count_plus_all_pairs,0.155821679799576
1214,count_additive,count_plus_all_pairs,0.15095635947889255
1215,count_additive,count_plus_all_pairs,0.1534084326362788
1216,count_additive,count_plus_all_pairs,0.149805141527979
1217,count_additive,count_plus_all_pairs,0.1491183602189696
1218,count_additive,count_plus_all_pairs,0.14988437803128438
1219,count_additive,count_plus_all_pairs,0.14799105696909942
1220,count_additive,count_plus_all_pairs,0.1491588839444316
1221,count_additive,count_plus_all_pairs,0.15168525523068674
1222,count_additive,count_plus_all_pairs,0.14865070537800423
1223,count_additive,count_plus_all_pairs,0.14864885624041302
1224,count_additive,count_plus_all_pairs,0.1483513496570301
1225,count_additive,count_plus_all_pairs,0.15243918613571358
1226,count_additive,count_plus_all_pairs,0.13594235048375256
1227,count_additive,count_plus_all_pairs,0.1437140623048155
1228,count_additive,count_plus_all_pairs,0.15050279235890704
1229,count_additive,count_plus_all_pairs,0.14954611411829308
1230,count_additive,count_plus_all_pairs,0.1525649903021192
1231,count_additive,count_plus_all_pairs,0.1532914686542529
1232,count_additive,count_plus_all_pairs,0.15158896721196183
1233,count_additive,count_plus_all_pairs,0.15204520138827507
1234,count_additive,count_plus_all_pairs,0.14766956639637535
1235,count_additive,count_plus_all_pairs,0.15553758631539677
1236,count_additive,count_plus_all_pairs,0.1541604570124187
1237,count_additive,count_plus_all_pairs,0.15127041217330445
1238,count_additive,count_plus_all_pairs,0.14821149085433008
1239,count_additive,count_plus_all_pairs,0.15932620694279515
1240,count_additive,count_plus_all_pairs,0.15058830140958096
1241,count_additive,count_plus_all_pairs,0.1491290113869369
1242,count_additive,count_plus_all_pairs,0.15236382372747523
1243,count_additive,count_plus_all_pairs,0.149412753745316
1244,count_additive,count_plus_all_pairs,0.14781232920555049
1245,count_additive,count_plus_all_pairs,0.15135096663213612
1246,count_additive,count_plus_all_pairs,0.14896415476613284
1247,count_additive,count_plus_all_pairs,0.14874220071822336
1248,count_additive,count_plus_all_pairs,0.14256078539844677
1249,count_additive,count_plus_all_pairs,0.1476082050945234
1250,count_additive,count_plus_all_pairs,0.13947967945263495
1251,count_additive,count_plus_all_pairs,0.14810291404718284
1252,count_additive,count_plus_all_pairs,0.14754330628797488
1253,count_additive,count_plus_all_pairs,0.1469773207257937
1254,count_additive,count_plus_all_pairs,0.1525151611286286
1255,count_additive,count_plus_all_pairs,0.15753438046791768
1256,count_additive,count_plus_all_pairs,0.15470499732955934
1257,count_additive,count_plus_all_pairs,0.15348375548953744
1258,count_additive,count_plus_all_pairs,0.14484925113189193
1259,count_additive,count_plus_all_pairs,0.1574958818588494
1260,count_additive,count_plus_all_pairs,0.14244788728594457
1261,count_additive,count_plus_all_pairs,0.15278106584349022
1262,count_additive,count_plus_all_pairs,0.14601420998885392
1263,count_additive,count_plus_all_pairs,0.14569797886165797
1264,count_additive,count_plus_all_pairs,0.14789583621320057
1265,count_additive,count_plus_all_pairs,0.14009043681499161
1266,count_additive,count_plus_all_pairs,0.14603299476094217
1267,count_additive,count_plus_all_pairs,0.14765495613136329
1268,count_additive,count_plus_all_pairs,0.15106358991054591
1269,count_additive,count_plus_all_pairs,0.14710697670453218
1270,count_additive,count_plus_all_pairs,0.15151942880727537
1271,count_additive,count_plus_all_pairs,0.15633111957685264
1272,count_additive,count_plus_all_pairs,0.1498143369278806
1273,count_additive,count_plus_all_pairs,0.15245493354648898
1274,count_additive,count_plus_all_pairs,0.15530939230288154
1275,count_additive,count_plus_all_pairs,0.1516814863033599
1276,count_additive,count_plus_all_pairs,0.14311601287143827
1277,count_additive,count_plus_all_pairs,0.1540061688525747
1278,count_additive,count_plus_all_pairs,0.14839834945982164
1279,count_additive,count_plus_all_pairs,0.15137432934542291
1280,count_additive,count_plus_all_pairs,0.15159914940891028
1281,count_additive,count_plus_all_pairs,0.14403512054623024
1282,count_additive,count_plus_all_pairs,0.14446803269313319
1283,count_additive,count_plus_all_pairs,0.14433503940836157
1284,count_additive,count_plus_all_pairs,0.1510341219838796
1285,count_additive,count_plus_all_pairs,0.1568415729090766
1286,count_additive,count_plus_all_pairs,0.1470315567351622
1287,count_additive,count_plus_all_pairs,0.14593220297442946
1288,count_additive,count_plus_all_pairs,0.15146015864106224
1289,count_additive,count_plus_all_pairs,0.1458126142390172
1290,count_additive,count_plus_all_pairs,0.14579081920108972
1291,count_additive,count_plus_all_pairs,0.15090983018174942
1292,count_additive,count_plus_all_pairs,0.15636500527129507
1293,count_additive,count_plus_all_pairs,0.14892524261013826
1294,count_additive,count_plus_all_pairs,0.15622247653149238
1295,count_additive,count_plus_all_pairs,0.1551143827664958
1296,count_additive,count_plus_all_pairs,0.15107316501924495
1297,count_additive,count_plus_all_pairs,0.1453910567609381
1298,count_additive,count_plus_all_pairs,0.14729176542286748
1299,count_additive,count_plus_all_pairs,0.14496650348121207
1300,count_additive,count_plus_all_pairs,0.1541611444259609
1301,count_additive,count_plus_all_pairs,0.15267402486123513
1302,count_additive,count_plus_all_pairs,0.1492021906358271
1303,count_additive,count_plus_all_pairs,0.15363705652975004
1304,count_additive,count_plus_all_pairs,0.14778156909969936
1305,count_additive,count_plus_all_pairs,0.1464830126445563
1306,count_additive,count_plus_all_pairs,0.1443024054058605
1307,count_additive,count_plus_all_pairs,0.14873891263089958
1308,count_additive,count_plus_all_pairs,0.15860591626926177
1309,count_additive,count_plus_all_pairs,0.1451635480864697
1310,count_additive,count_plus_all_pairs,0.14901068921952149
1311,count_additive,count_plus_all_pairs,0.14725263698313548
1312,count_additive,count_plus_all_pairs,0.15623464688686106
1313,count_additive,count_plus_all_pairs,0.15020800903868034
1314,count_additive,count_plus_all_pairs,0.15387493311216732
1315,count_additive,count_plus_all_pairs,0.14604599955457576
1316,count_additive,count_plus_all_pairs,0.1497389992164697
1317,count_additive,count_plus_all_pairs,0.15103876653530118
1318,count_additive,count_plus_all_pairs,0.15079221176743443
1319,count_additive,count_plus_all_pairs,0.151126896151829
1320,count_additive,count_plus_all_pairs,0.14837925162564072
1321,count_additive,count_plus_all_pairs,0.13896633743662687
1322,count_additive,count_plus_all_pairs,0.1521294633047984
1323,count_additive,count_plus_all_pairs,0.1503311436481527
1324,count_additive,count_plus_all_pairs,0.15577553679935247
1325,count_additive,count_plus_all_pairs,0.14796212947379597
1326,count_additive,count_plus_all_pairs,0.14663238943274592
1327,count_additive,count_plus_all_pairs,0.1448527013456354
1328,count_additive,count_plus_all_pairs,0.1503270876607782
1329,count_additive,count_plus_all_pairs,0.15270129848763356
1330,count_additive,count_plus_all_pairs,0.15672816757531607
1331,count_additive,count_plus_all_pairs,0.1545894425601857
1332,count_additive,count_plus_all_pairs,0.1560937911500608
1333,count_additive,count_plus_all_pairs,0.15144753642609823
1334,count_additive,count_plus_all_pairs,0.1545133214983928
1335,count_additive,count_plus_all_pairs,0.1482886381179868
1336,count_additive,count_plus_all_pairs,0.1520585482463619
1337,count_additive,count_plus_all_pairs,0.1504842946132495
1338,count_additive,count_plus_all_pairs,0.15348799966452373
1339,count_additive,count_plus_all_pairs,0.1513287668398326
1340,count_additive,count_plus_all_pairs,0.14724374299660492
1341,count_additive,count_plus_all_pairs,0.14553501472943842
1342,count_additive,count_plus_all_pairs,0.15298215457634992
1343,count_additive,count_plus_all_pairs,0.14325041156970497
1344,count_additive,count_plus_all_pairs,0.1519197422204264
1345,count_additive,count_plus_all_pairs,0.15073968125212547
1346,count_additive,count_plus_all_pairs,0.14459574036451356
1347,count_additive,count_plus_all_pairs,0.14905405462771626
1348,count_additive,count_plus_all_pairs,0.1474712968234292
1349,count_additive,count_plus_all_pairs,0.14897494136521441
1350,count_additive,count_plus_all_pairs,0.14903084797616992
1351,count_additive,count_plus_all_pairs,0.14445851530547293
1352,count_additive,count_plus_all_pairs,0.1477193315678577
1353,count_additive,count_plus_all_pairs,0.1445869799139753
1354,count_additive,count_plus_all_pairs,0.14847136696402474
1355,count_additive,count_plus_all_pairs,0.15042587145142028
1356,count_additive,count_plus_all_pairs,0.1503024291595017
1357,count_additive,count_plus_all_pairs,0.15193218247312557
1358,count_additive,count_plus_all_pairs,0.14946813697481928
1359,count_additive,count_plus_all_pairs,0.14781751911781374
1360,count_additive,count_plus_all_pairs,0.15099666067733258
1361,count_additive,count_plus_all_pairs,0.15040223203764272
1362,count_additive,count_plus_all_pairs,0.14908846289567362
1363,count_additive,count_plus_all_pairs,0.1541676720119371
1364,count_additive,count_plus_all_pairs,0.15193079932025727
1365,count_additive,count_plus_all_pairs,0.15249992889538908
1366,count_additive,count_plus_all_pairs,0.146054516653198
1367,count_additive,count_plus_all_pairs,0.15028443347003337
1368,count_additive,count_plus_all_pairs,0.1517475376861216
1369,count_additive,count_plus_all_pairs,0.1601545873211095
1370,count_additive,count_plus_all_pairs,0.15093251513837655
1371,count_additive,count_plus_all_pairs,0.15000931087345348
1372,count_additive,count_plus_all_pairs,0.14910537101924706
1373,count_additive,count_plus_all_pairs,0.15395866890900914
1374,count_additive,count_plus_all_pairs,0.1526937734387734
1375,count_additive,count_plus_all_pairs,0.14966299338622915
1376,count_additive,count_plus_all_pairs,0.14509244944156152
1377,count_additive,count_plus_all_pairs,0.14637672909680413
1378,count_additive,count_plus_all_pairs,0.14942718279646355
1379,count_additive,count_plus_all_pairs,0.14763652490447815
1380,count_additive,count_plus_all_pairs,0.15688123446061886
1381,count_additive,count_plus_all_pairs,0.15438703096105136
1382,count_additive,count_plus_all_pairs,0.14408922102991614
1383,count_additive,count_plus_all_pairs,0.1500240975108072
1384,count_additive,count_plus_all_pairs,0.1459349025172789
1385,count_additive,count_plus_all_pairs,0.1430963485534236
1386,count_additive,count_plus_all_pairs,0.14511157084922474
1387,count_additive,count_plus_all_pairs,0.15183219325021183
1388,count_additive,count_plus_all_pairs,0.14680719847589324
1389,count_additive,count_plus_all_pairs,0.14982919434821568
1390,count_additive,count_plus_all_pairs,0.14820669427293712
1391,count_additive,count_plus_all_pairs,0.1477064539391769
1392,count_additive,count_plus_all_pairs,0.15008420805590303
1393,count_additive,count_plus_all_pairs,0.14781928247257214
1394,count_additive,count_plus_all_pairs,0.1411513252381772
1395,count_additive,count_plus_all_pairs,0.15025898234269605
1396,count_additive,count_plus_all_pairs,0.15529518094184352
1397,count_additive,count_plus_all_pairs,0.14830391617319108
1398,count_additive,count_plus_all_pairs,0.14506672765047302
1399,count_additive,count_plus_all_pairs,0.14897629949357666
1400,count_additive,count_plus_all_pairs,0.15185597794795613
1401,count_additive,count_plus_all_pairs,0.15707101765288398
1402,count_additive,count_plus_all_pairs,0.15470667684295172
1403,count_additive,count_plus_all_pairs,0.14480977293200684
1404,count_additive,count_plus_all_pairs,0.15231331255147074
1405,count_additive,count_plus_all_pairs,0.1520780357384146
1406,count_additive,count_plus_all_pairs,0.1580819804034824
1407,count_additive,count_plus_all_pairs,0.15275795836412992
1408,count_additive,count_plus_all_pairs,0.1495068574825202
1409,count_additive,count_plus_all_pairs,0.14303852963165326
1410,count_additive,count_plus_all_pairs,0.1440747984228136
1411,count_additive,count_plus_all_pairs,0.15347083598971406
1412,count_additive,count_plus_all_pairs,0.151046109618601
1413,count_additive,count_plus_all_pairs,0.15551763274720976
1414,count_additive,count_plus_all_pairs,0.15574123235271603
1415,count_additive,count_plus_all_pairs,0.1455823258832245
1416,count_additive,count_plus_all_pairs,0.15047597329233314
1417,count_additive,count_plus_all_pairs,0.14813735498893532
1418,count_additive,count_plus_all_pairs,0.14819607843008978
1419,count_additive,count_plus_all_pairs,0.14288231956035197
1420,count_additive,count_plus_all_pairs,0.15047134824160296
1421,count_additive,count_plus_all_pairs,0.14858426856738932
1422,count_additive,count_plus_all_pairs,0.14675378910981648
1423,count_additive,count_plus_all_pairs,0.14430375376439825
1424,count_additive,count_plus_all_pairs,0.15796728675371005
1425,count_additive,count_plus_all_pairs,0.1500219672587558
1426,count_additive,count_plus_all_pairs,0.15996615339358322
1427,count_additive,count_plus_all_pairs,0.14652899667262698
1428,count_additive,count_plus_all_pairs,0.15017005503759887
1429,count_additive,count_plus_all_pairs,0.14463077968051688
1430,count_additive,count_plus_all_pairs,0.1453816648988754
1431,count_additive,count_plus_all_pairs,0.14446301155263466
1432,count_additive,count_plus_all_pairs,0.14699894232421476
1433,count_additive,count_plus_all_pairs,0.14813006460816996
1434,count_additive,count_plus_all_pairs,0.15230198336139888
1435,count_additive,count_plus_all_pairs,0.15468226351725534
1436,count_additive,count_plus_all_pairs,0.14639252707461334
1437,count_additive,count_plus_all_pairs,0.1479444274510928
1438,count_additive,count_plus_all_pairs,0.1547699667539717
1439,count_additive,count_plus_all_pairs,0.1488653290654782
1440,count_additive,count_plus_all_pairs,0.14892000375415712
1441,count_additive,count_plus_all_pairs,0.15476137354435968
1442,count_additive,count_plus_all_pairs,0.1483449457489505
1443,count_additive,count_plus_all_pairs,0.15226631975278654
1444,count_additive,count_plus_all_pairs,0.1486324338158374
1445,count_additive,count_plus_all_pairs,0.1469929443341507
1446,count_additive,count_plus_all_pairs,0.15258086471474167
1447,count_additive,count_plus_all_pairs,0.15152050836060502
1448,count_additive,count_plus_all_pairs,0.14839354273591593
1449,count_additive,count_plus_all_pairs,0.14558986552468856
1450,count_additive,count_plus_all_pairs,0.1520614695439925
1451,count_additive,count_plus_all_pairs,0.1474038454948406
1452,count_additive,count_plus_all_pairs,0.15034358703244938
1453,count_additive,count_plus_all_pairs,0.1499380038353569
1454,count_additive,count_plus_all_pairs,0.1510273870230493
1455,count_additive,count_plus_all_pairs,0.14468502426727262
1456,count_additive,count_plus_all_pairs,0.14945398673280127
1457,count_additive,count_plus_all_pairs,0.14949630687169776
1458,count_additive,count_plus_all_pairs,0.13969279151954275
1459,count_additive,count_plus_all_pairs,0.14677090257591505
1460,count_additive,count_plus_all_pairs,0.1565399671071217
1461,count_additive,count_plus_all_pairs,0.15051640654984486
1462,count_additive,count_plus_all_pairs,0.1485842438303168
1463,count_additive,count_plus_all_pairs,0.15103694250960353
1464,count_additive,count_plus_all_pairs,0.1521378190196712
1465,count_additive,count_plus_all_pairs,0.14926208716747405
1466,count_additive,count_plus_all_pairs,0.14998761911873706
1467,count_additive,count_plus_all_pairs,0.15322672290649522
1468,count_additive,count_plus_all_pairs,0.14362093850624566
1469,count_additive,count_plus_all_pairs,0.15277398999583158
1470,count_additive,count_plus_all_pairs,0.15414349530731306
1471,count_additive,count_plus_all_pairs,0.15628718711501224
1472,count_additive,count_plus_all_pairs,0.1513449949113109
1473,count_additive,count_plus_all_pairs,0.1572432989041057
1474,count_additive,count_plus_all_pairs,0.1517880270343441
1475,count_additive,count_plus_all_pairs,0.14971563063624704
1476,count_additive,count_plus_all_pairs,0.1517605513527039
1477,count_additive,count_plus_all_pairs,0.14880992130055073
1478,count_additive,count_plus_all_pairs,0.1507577368857281
1479,count_additive,count_plus_all_pairs,0.14540060388075415
1480,count_additive,count_plus_all_pairs,0.1551667787445751
1481,count_additive,count_plus_all_pairs,0.14791288706960415
1482,count_additive,count_plus_all_pairs,0.14645692267378355
1483,count_additive,count_plus_all_pairs,0.15513800430505154
1484,count_additive,count_plus_all_pairs,0.14711312568952362
1485,count_additive,count_plus_all_pairs,0.1515866465603888
1486,count_additive,count_plus_all_pairs,0.1485223848570195
1487,count_additive,count_plus_all_pairs,0.14904978328538943
1488,count_additive,count_plus_all_pairs,0.14458412228557777
1489,count_additive,count_plus_all_pairs,0.15121204813209518
1490,count_additive,count_plus_all_pairs,0.14989765330627983
1491,count_additive,count_plus_all_pairs,0.14389213282631666
1492,count_additive,count_plus_all_pairs,0.15147212453657585
1493,count_additive,count_plus_all_pairs,0.1515200713284086
1494,count_additive,count_plus_all_pairs,0.14690333785032103
1495,count_additive,count_plus_all_pairs,0.14753829431523277
1496,count_additive,count_plus_all_pairs,0.14385144442433434
1497,count_additive,count_plus_all_pairs,0.1523545648594947
1498,count_additive,count_plus_all_pairs,0.14672679431640223
1499,count_additive,count_plus_all_pairs,0.14263654681482352
1500,count_additive,count_plus_all_pairs,0.148535448779831
1501,count_additive,count_plus_all_pairs,0.1516683514511106
1502,count_additive,count_plus_all_pairs,0.1452903914356915
1503,count_additive,count_plus_all_pairs,0.14481157733461736
1504,count_additive,count_plus_all_pairs,0.14521490010978674
1505,count_additive,count_plus_all_pairs,0.14940963099057805
1506,count_additive,count_plus_all_pairs,0.15224450301843226
1507,count_additive,count_plus_all_pairs,0.15710183751596327
1508,count_additive,count_plus_all_pairs,0.15248907192322309
1509,count_additive,count_plus_all_pairs,0.15033233127187648
1510,count_additive,count_plus_all_pairs,0.1510235366985275
1511,count_additive,count_plus_all_pairs,0.15629154008082016
1512,count_additive,count_plus_all_pairs,0.15453405308969292
1513,count_additive,count_plus_all_pairs,0.1410838083962662
1514,count_additive,count_plus_all_pairs,0.1500217027644864
1515,count_additive,count_plus_all_pairs,0.15110399211605396
1516,count_additive,count_plus_all_pairs,0.14563291568273373
1517,count_additive,count_plus_all_pairs,0.14552086386949833
1518,count_additive,count_plus_all_pairs,0.15175960844792338
1519,count_additive,count_plus_all_pairs,0.1457623786545448
1520,count_additive,count_plus_all_pairs,0.14440178593906527
1521,count_additive,count_plus_all_pairs,0.15006860842188333
1522,count_additive,count_plus_all_pairs,0.1541647694147188
1523,count_additive,count_plus_all_pairs,0.15261881040043176
1524,count_additive,count_plus_all_pairs,0.14678981964176033
1525,count_additive,count_plus_all_pairs,0.1549249872694969
1526,count_additive,count_plus_all_pairs,0.15254400831285048
1527,count_additive,count_plus_all_pairs,0.15455461529633885
1528,count_additive,count_plus_all_pairs,0.14824269377514468
1529,count_additive,count_plus_all_pairs,0.15599969826365537
1530,count_additive,count_plus_all_pairs,0.152644364718769
1531,count_additive,count_plus_all_pairs,0.15358910570456552
1532,count_additive,count_plus_all_pairs,0.14791287172590337
1533,count_additive,count_plus_all_pairs,0.14775707047670292
1534,count_additive,count_plus_all_pairs,0.14973902429531838
1535,count_additive,count_plus_all_pairs,0.14593259947466583
1536,count_additive,count_plus_all_pairs,0.15454114940524677
1537,count_additive,count_plus_all_pairs,0.15651229437534825
1538,count_additive,count_plus_all_pairs,0.15775864110580548
1539,count_additive,count_plus_all_pairs,0.15809642759371068
1540,count_additive,count_plus_all_pairs,0.14648733255276167
1541,count_additive,count_plus_all_pairs,0.14886958960693356
1542,count_additive,count_plus_all_pairs,0.14555105448181807
1543,count_additive,count_plus_all_pairs,0.15653074650597815
1544,count_additive,count_plus_all_pairs,0.15038680253599707
1545,count_additive,count_plus_all_pairs,0.14848907654305588
1546,count_additive,count_plus_all_pairs,0.1477958709604036
1547,count_additive,count_plus_all_pairs,0.14978943065656142
1548,count_additive,count_plus_all_pairs,0.14527711591249484
1549,count_additive,count_plus_all_pairs,0.13873203408590182
1550,count_additive,count_plus_all_pairs,0.15238924411495683
1551,count_additive,count_plus_all_pairs,0.14843379625346592
1552,count_additive,count_plus_all_pairs,0.1488091404682924
1553,count_additive,count_plus_all_pairs,0.1566372812870776
1554,count_additive,count_plus_all_pairs,0.15098979392622525
1555,count_additive,count_plus_all_pairs,0.15211006477592667
1556,count_additive,count_plus_all_pairs,0.14291098283775386
1557,count_additive,count_plus_all_pairs,0.15126956115239076
1558,count_additive,count_plus_all_pairs,0.15121494450609774
1559,count_additive,count_plus_all_pairs,0.14889865228505267
1560,count_additive,count_plus_all_pairs,0.14901776591329927
1561,count_additive,count_plus_all_pairs,0.1472289451347002
1562,count_additive,count_plus_all_pairs,0.1506779563380234
1563,count_additive,count_plus_all_pairs,0.1512399509376944
1564,count_additive,count_plus_all_pairs,0.141194757014533
1565,count_additive,count_plus_all_pairs,0.14992455580677683
1566,count_additive,count_plus_all_pairs,0.14421113612600203
1567,count_additive,count_plus_all_pairs,0.15436101054054915
1568,count_additive,count_plus_all_pairs,0.14592282355124347
1569,count_additive,count_plus_all_pairs,0.14954545471583003
1570,count_additive,count_plus_all_pairs,0.1537323173848067
1571,count_additive,count_plus_all_pairs,0.14646973789512263
1572,count_additive,count_plus_all_pairs,0.15309815909119207
1573,count_additive,count_plus_all_pairs,0.14549355552129203
1574,count_additive,count_plus_all_pairs,0.15292144441664382
1575,count_additive,count_plus_all_pairs,0.1486190509128862
1576,count_additive,count_plus_all_pairs,0.14949183372558825
1577,count_additive,count_plus_all_pairs,0.1486103500810612
1578,count_additive,count_plus_all_pairs,0.1480903687139885
1579,count_additive,count_plus_all_pairs,0.14539122140299987
1580,count_additive,count_plus_all_pairs,0.14523480436861508
1581,count_additive,count_plus_all_pairs,0.15486143982437464
1582,count_additive,count_plus_all_pairs,0.1432905720753923
1583,count_additive,count_plus_all_pairs,0.1578382656594401
1584,count_additive,count_plus_all_pairs,0.14888071378924053
1585,count_additive,count_plus_all_pairs,0.1499007046047864
1586,count_additive,count_plus_all_pairs,0.15126509532416924
1587,count_additive,count_plus_all_pairs,0.15109899804718832
1588,count_additive,count_plus_all_pairs,0.1516848109266077
1589,count_additive,count_plus_all_pairs,0.1476891487608761
1590,count_additive,count_plus_all_pairs,0.15266357147991155
1591,count_additive,count_plus_all_pairs,0.1479856975956476
1592,count_additive,count_plus_all_pairs,0.14713071939823386
1593,count_additive,count_plus_all_pairs,0.14843527171151535
1594,count_additive,count_plus_all_pairs,0.15314477797521
1595,count_additive,count_plus_all_pairs,0.1538006503258544
1596,count_additive,count_plus_all_pairs,0.1552567449659452
1597,count_additive,count_plus_all_pairs,0.15073375371344194
1598,count_additive,count_plus_all_pairs,0.1444424831569887
1599,count_additive,count_plus_all_pairs,0.14595797963874532
1600,count_additive,count_plus_all_pairs,0.15387728607024256
1601,count_additive,count_plus_all_pairs,0.15074382976597323
1602,count_additive,count_plus_all_pairs,0.15631262905191218
1603,count_additive,count_plus_all_pairs,0.14896629944621623
1604,count_additive,count_plus_all_pairs,0.15483712568260177
1605,count_additive,count_plus_all_pairs,0.14984541992998276
1606,count_additive,count_plus_all_pairs,0.15063606917104463
1607,count_additive,count_plus_all_pairs,0.1533903687146532
1608,count_additive,count_plus_all_pairs,0.1535492909765226
1609,count_additive,count_plus_all_pairs,0.15279325792665843
1610,count_additive,count_plus_all_pairs,0.14446808684475576
1611,count_additive,count_plus_all_pairs,0.15299562458724975
1612,count_additive,count_plus_all_pairs,0.1441332724934792
1613,count_additive,count_plus_all_pairs,0.14451439000701516
1614,count_additive,count_plus_all_pairs,0.14912018628998516
1615,count_additive,count_plus_all_pairs,0.15065914505904468
1616,count_additive,count_plus_all_pairs,0.14802064400261983
1617,count_additive,count_plus_all_pairs,0.14969983175698054
1618,count_additive,count_plus_all_pairs,0.14456781858642537
1619,count_additive,count_plus_all_pairs,0.14935290804536358
1620,count_additive,count_plus_all_pairs,0.15038315249818915
1621,count_additive,count_plus_all_pairs,0.14637822226170127
1622,count_additive,count_plus_all_pairs,0.14675598421041916
1623,count_additive,count_plus_all_pairs,0.1460288427595596
1624,count_additive,count_plus_all_pairs,0.15203875292494795
1625,count_additive,count_plus_all_pairs,0.1491343011714705
1626,count_additive,count_plus_all_pairs,0.15124487540529424
1627,count_additive,count_plus_all_pairs,0.15507731038733696
1628,count_additive,count_plus_all_pairs,0.1496816705799111
1629,count_additive,count_plus_all_pairs,0.14988568051434234
1630,count_additive,count_plus_all_pairs,0.14623761732241408
1631,count_additive,count_plus_all_pairs,0.15104176008425577
1632,count_additive,count_plus_all_pairs,0.14949009665146767
1633,count_additive,count_plus_all_pairs,0.15318428456194083
1634,count_additive,count_plus_all_pairs,0.1560373876059095
1635,count_additive,count_plus_all_pairs,0.14561367023822852
1636,count_additive,count_plus_all_pairs,0.1488486550120256
1637,count_additive,count_plus_all_pairs,0.15931936566408728
1638,count_additive,count_plus_all_pairs,0.15057155183181198
1639,count_additive,count_plus_all_pairs,0.1505996509260218
1640,count_additive,count_plus_all_pairs,0.14954105716400312
1641,count_additive,count_plus_all_pairs,0.1572318480630533
1642,count_additive,count_plus_all_pairs,0.15138485287091769
1643,count_additive,count_plus_all_pairs,0.15173256676842933
1644,count_additive,count_plus_all_pairs,0.14735259518138188
1645,count_additive,count_plus_all_pairs,0.1465243847371679
1646,count_additive,count_plus_all_pairs,0.15120141066628687
1647,count_additive,count_plus_all_pairs,0.15132356576052
1648,count_additive,count_plus_all_pairs,0.15623631570812926
1649,count_additive,count_plus_all_pairs,0.1531991844238275
1650,count_additive,count_plus_all_pairs,0.14779380552820828
1651,count_additive,count_plus_all_pairs,0.1463235335933954
1652,count_additive,count_plus_all_pairs,0.14881323947906405
1653,count_additive,count_plus_all_pairs,0.1433415728825452
1654,count_additive,count_plus_all_pairs,0.14439257466172867
1655,count_additive,count_plus_all_pairs,0.15885188024716113
1656,count_additive,count_plus_all_pairs,0.15223882426198257
1657,count_additive,count_plus_all_pairs,0.1506829455489462
1658,count_additive,count_plus_all_pairs,0.15160427686752156
1659,count_additive,count_plus_all_pairs,0.15125898071789237
1660,count_additive,count_plus_all_pairs,0.1470741491359523
1661,count_additive,count_plus_all_pairs,0.15518278000688296
1662,count_additive,count_plus_all_pairs,0.14481722756886115
1663,count_additive,count_plus_all_pairs,0.15261317598734936
1664,count_additive,count_plus_all_pairs,0.15087340749511705
1665,count_additive,count_plus_all_pairs,0.14713754862068984
1666,count_additive,count_plus_all_pairs,0.14738299023354262
1667,count_additive,count_plus_all_pairs,0.15131653111963994
1668,count_additive,count_plus_all_pairs,0.1471920899996016
1669,count_additive,count_plus_all_pairs,0.14234040308314364
1670,count_additive,count_plus_all_pairs,0.14785296751127294
1671,count_additive,count_plus_all_pairs,0.15812660822097296
1672,count_additive,count_plus_all_pairs,0.15115196887452803
1673,count_additive,count_plus_all_pairs,0.15182356349387907
1674,count_additive,count_plus_all_pairs,0.14999929657391128
1675,count_additive,count_plus_all_pairs,0.151088349401364
1676,count_additive,count_plus_all_pairs,0.14988366559559382
1677,count_additive,count_plus_all_pairs,0.14917065451120726
1678,count_additive,count_plus_all_pairs,0.15102501865585025
1679,count_additive,count_plus_all_pairs,0.14958072503314354
1680,count_additive,count_plus_all_pairs,0.15578902372442427
1681,count_additive,count_plus_all_pairs,0.14958528325137282
1682,count_additive,count_plus_all_pairs,0.14793180912490722
1683,count_additive,count_plus_all_pairs,0.1534292209493742
1684,count_additive,count_plus_all_pairs,0.1553927582033674
1685,count_additive,count_plus_all_pairs,0.14680245838319633
1686,count_additive,count_plus_all_pairs,0.14506354044251354
1687,count_additive,count_plus_all_pairs,0.14597039916647436
1688,count_additive,count_plus_all_pairs,0.1543892574504703
1689,count_additive,count_plus_all_pairs,0.14924113187657684
1690,count_additive,count_plus_all_pairs,0.1496829149894418
1691,count_additive,count_plus_all_pairs,0.1507560696929994
1692,count_additive,count_plus_all_pairs,0.15137189324245154
1693,count_additive,count_plus_all_pairs,0.1507631081889737
1694,count_additive,count_plus_all_pairs,0.14766595599728194
1695,count_additive,count_plus_all_pairs,0.1500409104621178
1696,count_additive,count_plus_all_pairs,0.15329137911090945
1697,count_additive,count_plus_all_pairs,0.1485431502431888
1698,count_additive,count_plus_all_pairs,0.1485874152142562
1699,count_additive,count_plus_all_pairs,0.15502021987659786
1700,count_additive,count_plus_all_pairs,0.1487169697852321
1701,count_additive,count_plus_all_pairs,0.15066024579327364
1702,count_additive,count_plus_all_pairs,0.14871573874841398
1703,count_additive,count_plus_all_pairs,0.15199448231997917
1704,count_additive,count_plus_all_pairs,0.15735247537528613
1705,count_additive,count_plus_all_pairs,0.15846168681708067
1706,count_additive,count_plus_all_pairs,0.15077309680733614
1707,count_additive,count_plus_all_pairs,0.1508925141364232
1708,count_additive,count_plus_all_pairs,0.14505615462000962
1709,count_additive,count_plus_all_pairs,0.15055992726588227
1710,count_additive,count_plus_all_pairs,0.1535712795987697
1711,count_additive,count_plus_all_pairs,0.1573066559738986
1712,count_additive,count_plus_all_pairs,0.14655371978412624
1713,count_additive,count_plus_all_pairs,0.15573808437613726
1714,count_additive,count_plus_all_pairs,0.149668136923822
1715,count_additive,count_plus_all_pairs,0.1489130255845701
1716,count_additive,count_plus_all_pairs,0.14932607717583768
1717,count_additive,count_plus_all_pairs,0.14485833211502794
1718,count_additive,count_plus_all_pairs,0.14649606616105001
1719,count_additive,count_plus_all_pairs,0.15492854636586487
1720,count_additive,count_plus_all_pairs,0.152605505038241
1721,count_additive,count_plus_all_pairs,0.14899272490728133
1722,count_additive,count_plus_all_pairs,0.15663041132108801
1723,count_additive,count_plus_all_pairs,0.15236616230131614
1724,count_additive,count_plus_all_pairs,0.15115170178406598
1725,count_additive,count_plus_all_pairs,0.14506676666475055
1726,count_additive,count_plus_all_pairs,0.15306490023107816
1727,count_additive,count_plus_all_pairs,0.14781841345741872
1728,count_additive,count_plus_all_pairs,0.15011695201816974
1729,count_additive,count_plus_all_pairs,0.15309665628201813
1730,count_additive,count_plus_all_pairs,0.1491171949649796
1731,count_additive,count_plus_all_pairs,0.15031135461222964
1732,count_additive,count_plus_all_pairs,0.15043678582261674
1733,count_additive,count_plus_all_pairs,0.14611352589760468
1734,count_additive,count_plus_all_pairs,0.14379883801069018
1735,count_additive,count_plus_all_pairs,0.15136897374630648
1736,count_additive,count_plus_all_pairs,0.14700203151480412
1737,count_additive,count_plus_all_pairs,0.1493157846835338
1738,count_additive,count_plus_all_pairs,0.15183409999867448
1739,count_additive,count_plus_all_pairs,0.15611303192582948
1740,count_additive,count_plus_all_pairs,0.14581124709357599
1741,count_additive,count_plus_all_pairs,0.14966485320948386
1742,count_additive,count_plus_all_pairs,0.15607132902310702
1743,count_additive,count_plus_all_pairs,0.1502855791007332
1744,count_additive,count_plus_all_pairs,0.15263467965863853
1745,count_additive,count_plus_all_pairs,0.1496748539847058
1746,count_additive,count_plus_all_pairs,0.15718309034062625
1747,count_additive,count_plus_all_pairs,0.1527703897918949
1748,count_additive,count_plus_all_pairs,0.1499885818659033
1749,count_additive,count_plus_all_pairs,0.15273409592083578
1750,count_additive,count_plus_all_pairs,0.1525935533701064
1751,count_additive,count_plus_all_pairs,0.1486806328398643
1752,count_additive,count_plus_all_pairs,0.14600805128900446
1753,count_additive,count_plus_all_pairs,0.15176016743410337
1754,count_additive,count_plus_all_pairs,0.1483351295196737
1755,count_additive,count_plus_all_pairs,0.1517763263165857
1756,count_additive,count_plus_all_pairs,0.15339086811417088
1757,count_additive,count_plus_all_pairs,0.14630177719698645
1758,count_additive,count_plus_all_pairs,0.15543068463003368
1759,count_additive,count_plus_all_pairs,0.15363788983824847
1760,count_additive,count_plus_all_pairs,0.14500640156908162
1761,count_additive,count_plus_all_pairs,0.15164460902367377
1762,count_additive,count_plus_all_pairs,0.1503852201951264
1763,count_additive,count_plus_all_pairs,0.1558817051110961
1764,count_additive,count_plus_all_pairs,0.1497314275799897
1765,count_additive,count_plus_all_pairs,0.15051111021337127
1766,count_additive,count_plus_all_pairs,0.14450327402533705
1767,count_additive,count_plus_all_pairs,0.1520087173669669
1768,count_additive,count_plus_all_pairs,0.15223120010681576
1769,count_additive,count_plus_all_pairs,0.1493296297261283
1770,count_additive,count_plus_all_pairs,0.14606681586756587
1771,count_additive,count_plus_all_pairs,0.14817534789151496
1772,count_additive,count_plus_all_pairs,0.15193327900304368
1773,count_additive,count_plus_all_pairs,0.1534437851169905
1774,count_additive,count_plus_all_pairs,0.1462025901950674
1775,count_additive,count_plus_all_pairs,0.14572407400046733
1776,count_additive,count_plus_all_pairs,0.1471052768112686
1777,count_additive,count_plus_all_pairs,0.1508896252008942
1778,count_additive,count_plus_all_pairs,0.1494496906514112
1779,count_additive,count_plus_all_pairs,0.15403498622169084
1780,count_additive,count_plus_all_pairs,0.14753662173950588
1781,count_additive,count_plus_all_pairs,0.14829908216359516
1782,count_additive,count_plus_all_pairs,0.14706830415562028
1783,count_additive,count_plus_all_pairs,0.14121346399075888
1784,count_additive,count_plus_all_pairs,0.14548981721830542
1785,count_additive,count_plus_all_pairs,0.15067832956564853
1786,count_additive,count_plus_all_pairs,0.15106324207030894
1787,count_additive,count_plus_all_pairs,0.14595862619868372
1788,count_additive,count_plus_all_pairs,0.14602702850430835
1789,count_additive,count_plus_all_pairs,0.1518910096024281
1790,count_additive,count_plus_all_pairs,0.15200956071059102
1791,count_additive,count_plus_all_pairs,0.15099974387220616
1792,count_additive,count_plus_all_pairs,0.1462007221768693
1793,count_additive,count_plus_all_pairs,0.1550196091123905
1794,count_additive,count_plus_all_pairs,0.14504591487555632
1795,count_additive,count_plus_all_pairs,0.1511008752742168
1796,count_additive,count_plus_all_pairs,0.15780013913344965
1797,count_additive,count_plus_all_pairs,0.14683611575958996
1798,count_additive,count_plus_all_pairs,0.1519870601750405
1799,count_additive,count_plus_all_pairs,0.14979338633494668
1800,count_additive,count_plus_all_pairs,0.15282511915284808
1801,count_additive,count_plus_all_pairs,0.14591998493102373
1802,count_additive,count_plus_all_pairs,0.153128617920877
1803,count_additive,count_plus_all_pairs,0.14833031626394425
1804,count_additive,count_plus_all_pairs,0.1488154270860296
1805,count_additive,count_plus_all_pairs,0.14482554993137747
1806,count_additive,count_plus_all_pairs,0.15221129647766465
1807,count_additive,count_plus_all_pairs,0.14513369414511898
1808,count_additive,count_plus_all_pairs,0.14425713065242307
1809,count_additive,count_plus_all_pairs,0.14842592678297373
1810,count_additive,count_plus_all_pairs,0.1494461684377593
1811,count_additive,count_plus_all_pairs,0.15213059464596485
1812,count_additive,count_plus_all_pairs,0.14724565940939777
1813,count_additive,count_plus_all_pairs,0.15256365621917312
1814,count_additive,count_plus_all_pairs,0.14588658552128964
1815,count_additive,count_plus_all_pairs,0.15319088838922337
1816,count_additive,count_plus_all_pairs,0.15129319991714438
1817,count_additive,count_plus_all_pairs,0.14343037255156296
1818,count_additive,count_plus_all_pairs,0.1434416966118726
1819,count_additive,count_plus_all_pairs,0.15133177630472341
1820,count_additive,count_plus_all_pairs,0.14954901233712017
1821,count_additive,count_plus_all_pairs,0.14415320399136836
1822,count_additive,count_plus_all_pairs,0.15139849154984042
1823,count_additive,count_plus_all_pairs,0.15311950063124274
1824,count_additive,count_plus_all_pairs,0.14505545766560407
1825,count_additive,count_plus_all_pairs,0.14848630975156057
1826,count_additive,count_plus_all_pairs,0.14930197994721733
1827,count_additive,count_plus_all_pairs,0.1570914252210891
1828,count_additive,count_plus_all_pairs,0.14948386152465482
1829,count_additive,count_plus_all_pairs,0.15543312694485406
1830,count_additive,count_plus_all_pairs,0.1530212978756464
1831,count_additive,count_plus_all_pairs,0.15210937488780163
1832,count_additive,count_plus_all_pairs,0.1508210518410318
1833,count_additive,count_plus_all_pairs,0.1533341198446172
1834,count_additive,count_plus_all_pairs,0.14701480946374149
1835,count_additive,count_plus_all_pairs,0.15401735456789964
1836,count_additive,count_plus_all_pairs,0.15150263727220267
1837,count_additive,count_plus_all_pairs,0.1483889718866817
1838,count_additive,count_plus_all_pairs,0.15452707472593208
1839,count_additive,count_plus_all_pairs,0.14552239442962994
1840,count_additive,count_plus_all_pairs,0.1527999714935205
1841,count_additive,count_plus_all_pairs,0.14821545220675547
1842,count_additive,count_plus_all_pairs,0.1526394834769634
1843,count_additive,count_plus_all_pairs,0.14629934937805253
1844,count_additive,count_plus_all_pairs,0.1430963362850059
1845,count_additive,count_plus_all_pairs,0.14697474150077738
1846,count_additive,count_plus_all_pairs,0.14914527478227488
1847,count_additive,count_plus_all_pairs,0.15500372877000276
1848,count_additive,count_plus_all_pairs,0.14481190835617186
1849,count_additive,count_plus_all_pairs,0.1490831582070624
1850,count_additive,count_plus_all_pairs,0.15110276907856887
1851,count_additive,count_plus_all_pairs,0.15457036544423594
1852,count_additive,count_plus_all_pairs,0.1506976729936305
1853,count_additive,count_plus_all_pairs,0.15119061279199672
1854,count_additive,count_plus_all_pairs,0.1486704056220171
1855,count_additive,count_plus_all_pairs,0.1500535295831582
1856,count_additive,count_plus_all_pairs,0.14507045302879815
1857,count_additive,count_plus_all_pairs,0.15181618383777434
1858,count_additive,count_plus_all_pairs,0.1565040103966597
1859,count_additive,count_plus_all_pairs,0.14848931202349216
1860,count_additive,count_plus_all_pairs,0.14678993881689187
1861,count_additive,count_plus_all_pairs,0.1456586973591409
1862,count_additive,count_plus_all_pairs,0.15613654411101519
1863,count_additive,count_plus_all_pairs,0.1495637102526136
1864,count_additive,count_plus_all_pairs,0.14649344971461337
1865,count_additive,count_plus_all_pairs,0.15188353170183788
1866,count_additive,count_plus_all_pairs,0.15502329265614556
1867,count_additive,count_plus_all_pairs,0.1533890764341603
1868,count_additive,count_plus_all_pairs,0.14979796761453829
1869,count_additive,count_plus_all_pairs,0.15050553637951325
1870,count_additive,count_plus_all_pairs,0.15100986008175354
1871,count_additive,count_plus_all_pairs,0.15448594036807312
1872,count_additive,count_plus_all_pairs,0.14182178506255463
1873,count_additive,count_plus_all_pairs,0.14257772350465292
1874,count_additive,count_plus_all_pairs,0.1496521786479586
1875,count_additive,count_plus_all_pairs,0.15155275177930647
1876,count_additive,count_plus_all_pairs,0.1455972522196262
1877,count_additive,count_plus_all_pairs,0.15574985485502707
1878,count_additive,count_plus_all_pairs,0.15459619192114998
1879,count_additive,count_plus_all_pairs,0.14782513451390855
1880,count_additive,count_plus_all_pairs,0.14489766549200178
1881,count_additive,count_plus_all_pairs,0.15575817173694967
1882,count_additive,count_plus_all_pairs,0.15108521016395746
1883,count_additive,count_plus_all_pairs,0.15120046276042418
1884,count_additive,count_plus_all_pairs,0.14620954313243353
1885,count_additive,count_plus_all_pairs,0.15038816276047182
1886,count_additive,count_plus_all_pairs,0.1501655856082468
1887,count_additive,count_plus_all_pairs,0.14115434652616335
1888,count_additive,count_plus_all_pairs,0.14793912906159315
1889,count_additive,count_plus_all_pairs,0.14768216594220776
1890,count_additive,count_plus_all_pairs,0.15657471095325995
1891,count_additive,count_plus_all_pairs,0.15385708335913356
1892,count_additive,count_plus_all_pairs,0.15407895730915924
1893,count_additive,count_plus_all_pairs,0.15451107830005953
1894,count_additive,count_plus_all_pairs,0.14777935286004898
1895,count_additive,count_plus_all_pairs,0.14409527807495867
1896,count_additive,count_plus_all_pairs,0.15504219812473946
1897,count_additive,count_plus_all_pairs,0.13929998763520662
1898,count_additive,count_plus_all_pairs,0.14799412657505742
1899,count_additive,count_plus_all_pairs,0.1485804905071247
1900,count_additive,count_plus_all_pairs,0.14948439834123334
1901,count_additive,count_plus_all_pairs,0.15127464415119865
1902,count_additive,count_plus_all_pairs,0.1534167143881898
1903,count_additive,count_plus_all_pairs,0.14912843608108944
1904,count_additive,count_plus_all_pairs,0.14252080915183665
1905,count_additive,count_plus_all_pairs,0.14763872498542843
1906,count_additive,count_plus_all_pairs,0.15242550506924657
1907,count_additive,count_plus_all_pairs,0.15056236456772434
1908,count_additive,count_plus_all_pairs,0.1424385935915158
1909,count_additive,count_plus_all_pairs,0.1480533444891544
1910,count_additive,count_plus_all_pairs,0.15074057903195331
1911,count_additive,count_plus_all_pairs,0.14940996509739884
1912,count_additive,count_plus_all_pairs,0.15353031475536125
1913,count_additive,count_plus_all_pairs,0.1568964919962644
1914,count_additive,count_plus_all_pairs,0.1487572907160917
1915,count_additive,count_plus_all_pairs,0.1537909405665249
1916,count_additive,count_plus_all_pairs,0.14774671391665883
1917,count_additive,count_plus_all_pairs,0.14974030723351459
1918,count_additive,count_plus_all_pairs,0.1502134669469964
1919,count_additive,count_plus_all_pairs,0.1442271156285269
1920,count_additive,count_plus_all_pairs,0.14878172088129024
1921,count_additive,count_plus_all_pairs,0.15152149767456838
1922,count_additive,count_plus_all_pairs,0.1455189347386468
1923,count_additive,count_plus_all_pairs,0.15869970641149084
1924,count_additive,count_plus_all_pairs,0.14822521127678417
1925,count_additive,count_plus_all_pairs,0.15027678895453175
1926,count_additive,count_plus_all_pairs,0.14535232012466837
1927,count_additive,count_plus_all_pairs,0.15186234547652094
1928,count_additive,count_plus_all_pairs,0.14859641561313014
1929,count_additive,count_plus_all_pairs,0.1432218662642495
1930,count_additive,count_plus_all_pairs,0.1510815993745076
1931,count_additive,count_plus_all_pairs,0.14707649888815405
1932,count_additive,count_plus_all_pairs,0.15751262127908155
1933,count_additive,count_plus_all_pairs,0.14920999959728926
1934,count_additive,count_plus_all_pairs,0.15274860353400632
1935,count_additive,count_plus_all_pairs,0.1465246138335721
1936,count_additive,count_plus_all_pairs,0.15499960960168435
1937,count_additive,count_plus_all_pairs,0.15700859203017617
1938,count_additive,count_plus_all_pairs,0.14172554921077068
1939,count_additive,count_plus_all_pairs,0.14313277395320206
1940,count_additive,count_plus_all_pairs,0.14625195772731123
1941,count_additive,count_plus_all_pairs,0.14561162785833154
1942,count_additive,count_plus_all_pairs,0.14965578729436643
1943,count_additive,count_plus_all_pairs,0.15309325723483796
1944,count_additive,count_plus_all_pairs,0.1502665050201473
1945,count_additive,count_plus_all_pairs,0.1496452807386952
1946,count_additive,count_plus_all_pairs,0.1429773635476968
1947,count_additive,count_plus_all_pairs,0.1474131352014472
1948,count_additive,count_plus_all_pairs,0.14727037507466073
1949,count_additive,count_plus_all_pairs,0.15191445781100468
1950,count_additive,count_plus_all_pairs,0.15214612298895439
1951,count_additive,count_plus_all_pairs,0.14554813617487916
1952,count_additive,count_plus_all_pairs,0.1582785567459734
1953,count_additive,count_plus_all_pairs,0.14875320067769204
1954,count_additive,count_plus_all_pairs,0.14499053006140528
1955,count_additive,count_plus_all_pairs,0.14811205485580814
1956,count_additive,count_plus_all_pairs,0.1501299972230763
1957,count_additive,count_plus_all_pairs,0.1511202015595955
1958,count_additive,count_plus_all_pairs,0.1479115113553443
1959,count_additive,count_plus_all_pairs,0.14802721674216976
1960,count_additive,count_plus_all_pairs,0.15155227275260358
1961,count_additive,count_plus_all_pairs,0.15032604895642532
1962,count_additive,count_plus_all_pairs,0.1569851864786373
1963,count_additive,count_plus_all_pairs,0.15846553214496567
1964,count_additive,count_plus_all_pairs,0.14747258745973607
1965,count_additive,count_plus_all_pairs,0.1531653829138484
1966,count_additive,count_plus_all_pairs,0.14335594788357076
1967,count_additive,count_plus_all_pairs,0.15362223029162297
1968,count_additive,count_plus_all_pairs,0.15232237512559307
1969,count_additive,count_plus_all_pairs,0.1560281070259973
1970,count_additive,count_plus_all_pairs,0.14701416373293053
1971,count_additive,count_plus_all_pairs,0.1434117497701954
1972,count_additive,count_plus_all_pairs,0.15073667313179945
1973,count_additive,count_plus_all_pairs,0.14470332759576898
1974,count_additive,count_plus_all_pairs,0.15082433620731334
1975,count_additive,count_plus_all_pairs,0.15204479118797432
1976,count_additive,count_plus_all_pairs,0.14309744344921807
1977,count_additive,count_plus_all_pairs,0.15021099463150836
1978,count_additive,count_plus_all_pairs,0.15101366518906814
1979,count_additive,count_plus_all_pairs,0.15398970392894107
1980,count_additive,count_plus_all_pairs,0.14871340112843182
1981,count_additive,count_plus_all_pairs,0.15029258740030849
1982,count_additive,count_plus_all_pairs,0.15338894902825034
1983,count_additive,count_plus_all_pairs,0.14637625959712655
1984,count_additive,count_plus_all_pairs,0.15459176245594328
1985,count_additive,count_plus_all_pairs,0.15498671515044504
1986,count_additive,count_plus_all_pairs,0.14987311514065416
1987,count_additive,count_plus_all_pairs,0.14928473133288925
1988,count_additive,count_plus_all_pairs,0.14453751730192727
1989,count_additive,count_plus_all_pairs,0.15238132734501764
1990,count_additive,count_plus_all_pairs,0.14947008972634193
1991,count_additive,count_plus_all_pairs,0.1430481953901054
1992,count_additive,count_plus_all_pairs,0.15708112708797578
1993,count_additive,count_plus_all_pairs,0.14803055517332206
1994,count_additive,count_plus_all_pairs,0.15039744621641962
1995,count_additive,count_plus_all_pairs,0.14903292037206273
1996,count_additive,count_plus_all_pairs,0.1577418613672351
1997,count_additive,count_plus_all_pairs,0.14620781691684248
1998,count_additive,count_plus_all_pairs,0.14695688152314748
1999,count_additive,count_plus_all_pairs,0.14434126142351922
