model,fold,subset_idx,observed,predicted,error,subset_name,n_heads,n_P,n_B,n_E,has_P,has_B,has_E,P_B,P_E,B_E,P_B_count,P_E_count,B_E_count
additive_head,0,122,0.3629409745335579,0.6648651752513361,0.30192420071777826,P:9.9|P:10.0|B:10.6|E:11.10,4,2,1,1,1,1,1,1,1,1,0.08333333333333333,0.3333333333333333,0.0625
additive_head,0,52,-1.6007909774780273,-0.7678069315012203,0.8329840459768071,P:10.0|B:10.2|E:10.7|E:11.10,4,1,1,2,1,1,1,1,1,1,0.041666666666666664,0.3333333333333333,0.125
additive_head,0,169,0.708813302218914,0.26688287813482314,-0.4419304240840909,P:9.9|P:9.6|B:9.0|B:10.2|B:10.6|B:10.10|B:11.2|B:11.9|E:10.7|E:11.10,10,2,6,2,1,1,1,1,1,1,0.5,0.6666666666666666,0.75
additive_head,0,88,0.1200842633843422,-0.0595114914836781,-0.1795957548680203,P:9.6|P:10.0|B:9.7|B:10.6|B:11.2|B:11.9|E:11.10,7,2,4,1,1,1,1,1,1,1,0.3333333333333333,0.3333333333333333,0.25
additive_head,0,162,0.49946876987814903,-0.03051208630410722,-0.5299808561822562,P:9.9|P:9.6|B:10.1|B:10.2|B:10.6|E:10.7|E:11.10,7,2,3,2,1,1,1,1,1,1,0.25,0.6666666666666666,0.375
additive_head,0,197,1.1613009199500084,0.687500083968254,-0.4738008359817544,P:9.9|P:9.6|P:10.0|B:10.1|B:10.2|B:10.6|E:10.7|E:11.10,8,3,3,2,1,1,1,1,1,1,0.375,1.0,0.375
additive_head,0,206,1.1710864640772343,0.7060211960951768,-0.4650652679820575,P:9.9|P:9.6|P:10.0|B:9.7|B:10.2|B:10.6|E:10.7|E:11.10,8,3,3,2,1,1,1,1,1,1,0.375,1.0,0.375
additive_head,0,225,1.2041504010558128,1.4444166500297642,0.24026624897395132,P:9.9|P:9.6|P:10.0|B:9.0|B:9.7|B:10.6|B:11.2|B:11.9,8,3,5,0,1,1,0,1,0,0,0.625,0.0,0.0
additive_head,0,51,-0.7062482126057148,-0.5707401066257007,0.13550810598001406,P:10.0|B:11.2|E:10.7,3,1,1,1,1,1,1,1,1,1,0.041666666666666664,0.16666666666666666,0.0625
additive_head,0,3,0.42918625101447105,-0.08129391398296093,-0.510480164997432,P:10.0,1,1,0,0,1,0,0,0,0,0,0.0,0.0,0.0
additive_head,0,68,-0.03323224559426308,-0.2731220804174617,-0.23988983482319864,P:9.6|B:9.7|B:10.1|B:10.10|B:11.2,5,1,4,0,1,1,0,1,0,0,0.16666666666666666,0.0,0.0
additive_head,0,237,1.4893603511154652,2.2826246005074675,0.7932642493920024,P:9.9|P:9.6|P:10.0|B:9.0|B:9.7|B:10.1|B:10.2|B:10.6|B:10.10|B:11.9,10,3,7,0,1,1,0,1,0,0,0.875,0.0,0.0
additive_head,0,32,-0.6199087165296078,-0.4320232142934355,0.18788550223617229,B:9.7|B:10.2|B:10.10|E:10.7,4,0,3,1,0,1,1,0,0,1,0.0,0.0,0.1875
additive_head,0,134,0.43865132704377174,0.8669550522593132,0.4283037252155415,P:9.9|P:10.0|B:9.0|B:10.6|B:11.9|E:11.10,6,2,3,1,1,1,1,1,1,1,0.25,0.3333333333333333,0.1875
additive_head,0,6,0.11284342035651207,-0.6760630529114651,-0.7889064732679771,B:10.1,1,0,1,0,0,1,0,0,0,0,0.0,0.0,0.0
additive_head,0,149,0.47060735896229744,0.227576368625595,-0.24303099033670245,P:9.9|P:9.6|B:10.10|E:10.7,4,2,1,1,1,1,1,1,1,1,0.08333333333333333,0.3333333333333333,0.0625
additive_head,0,155,0.7810946628451347,0.6080691857697529,-0.17302547707538185,P:9.9|P:9.6|B:10.2|B:10.6|B:10.10|B:11.2|E:10.7,7,2,4,1,1,1,1,1,1,1,0.3333333333333333,0.3333333333333333,0.25
additive_head,0,218,0.6303710080683231,1.4139853438463041,0.783614335777981,P:9.9|P:9.6|P:10.0|B:9.0|B:10.1|B:10.10,6,3,3,0,1,1,0,1,0,0,0.375,0.0,0.0
additive_head,0,83,0.6069852113723755,0.49220799028009754,-0.11477722109227795,P:9.6|P:10.0|B:10.6|B:11.9,4,2,2,0,1,1,0,1,0,0,0.16666666666666666,0.0,0.0
additive_head,0,201,0.5236174315214157,0.22128835322229815,-0.3023290782991176,P:9.9|P:9.6|P:10.0|B:9.7|B:11.2|B:11.9|E:10.7|E:11.10,8,3,3,2,1,1,1,1,1,1,0.375,1.0,0.375
additive_head,0,96,0.8413464911282063,0.8582623378002492,0.016915846672042933,P:9.6|P:10.0|B:9.0|B:9.7|B:10.2|B:10.6|B:10.10|B:11.2,8,2,6,0,1,1,0,1,0,0,0.5,0.0,0.0
additive_head,0,89,0.0035700574517250057,-0.2441753257309361,-0.2477453831826611,P:9.6|P:10.0|B:9.7|B:10.2|E:11.10,5,2,2,1,1,1,1,1,1,1,0.16666666666666666,0.3333333333333333,0.125
additive_head,0,101,0.13574618473649025,-0.18380790098927743,-0.3195540857257677,P:9.9|E:10.7,2,1,0,1,1,0,1,0,1,0,0.0,0.16666666666666666,0.0
additive_head,0,60,0.8043079115450382,0.7662959549838106,-0.03801195656122758,P:10.0|B:9.0|B:9.7|B:10.1|B:10.2|B:10.6|B:11.2|B:11.9,8,1,7,0,1,1,0,1,0,0,0.29166666666666663,0.0,0.0
additive_head,0,222,2.0050816535949707,0.9119632242964641,-1.0931184292985066,P:9.9|P:9.6|P:10.0|B:9.0|B:10.1|B:10.2|B:10.6|B:10.10|B:11.2|E:10.7|E:11.10,11,3,6,2,1,1,1,1,1,1,0.75,1.0,0.75
additive_head,0,76,-0.3358710706233978,-0.5819413883774543,-0.24607031775405652,P:9.6|P:10.0|E:11.10,3,2,0,1,1,0,1,0,1,0,0.0,0.3333333333333333,0.0
additive_head,0,144,-0.024949822574853897,0.19805956131022673,0.22300938388508063,P:9.9|P:9.6,2,2,0,0,1,0,0,0,0,0,0.0,0.0,0.0
additive_head,0,84,-0.024493630975484848,0.32554994214088884,0.3500435731163737,P:9.6|P:10.0|B:10.6|B:10.10|E:10.7,5,2,2,1,1,1,1,1,1,1,0.16666666666666666,0.3333333333333333,0.125
additive_head,0,215,0.6853511184453964,0.0852662950260798,-0.6000848234193166,P:9.9|P:9.6|P:10.0|B:9.0|B:10.2|B:11.2|E:10.7|E:11.10,8,3,3,2,1,1,1,1,1,1,0.375,1.0,0.375
additive_head,0,24,-1.9098994433879852,-1.3471226823892513,0.562776760998734,B:10.6|E:10.7|E:11.10,3,0,1,2,0,1,1,0,0,1,0.0,0.0,0.125
additive_head,0,136,0.734557755291462,1.0026010742314315,0.2680433189399696,P:9.9|P:10.0|B:9.0|B:10.1,4,2,2,0,1,1,0,1,0,0,0.16666666666666666,0.0,0.0
additive_head,0,171,0.4481462836265564,-0.14074728453596513,-0.5888935681625216,P:9.9|P:9.6|B:9.0|B:10.1|B:10.2|B:10.10|B:11.2|E:10.7|E:11.10,9,2,5,2,1,1,1,1,1,1,0.41666666666666663,0.6666666666666666,0.625
additive_head,0,69,-1.431811336427927,-0.7975174632875348,0.6342938731403922,P:9.6|B:9.7|B:10.1|B:10.2|B:10.6|B:11.2|B:11.9|E:10.7|E:11.10,9,1,6,2,1,1,1,1,1,1,0.25,0.3333333333333333,0.75
additive_head,0,191,-0.00995168462395668,0.49603857828353815,0.5059902629074948,P:9.9|P:9.6|P:10.0|B:10.1|E:11.10,5,3,1,1,1,1,1,1,1,1,0.125,0.5,0.0625
additive_head,0,235,1.4840984642505646,1.5674867450947823,0.08338828084421768,P:9.9|P:9.6|P:10.0|B:9.0|B:9.7|B:10.1|B:10.2|B:10.6|B:11.2,9,3,6,0,1,1,0,1,0,0,0.75,0.0,0.0
additive_head,0,95,-1.1356264613568783,-0.7735009754043652,0.36212548595251304,P:9.6|P:10.0|B:9.0|B:9.7|E:10.7|E:11.10,6,2,2,2,1,1,1,1,1,1,0.16666666666666666,0.6666666666666666,0.25
additive_head,0,87,-1.1586299277842045,-0.7794159969577654,0.37921393082643906,P:9.6|P:10.0|B:9.7|E:10.7|E:11.10,5,2,1,2,1,1,1,1,1,1,0.08333333333333333,0.6666666666666666,0.125
additive_head,0,114,0.6210603751242161,0.5288016788559387,-0.09225869626827743,P:9.9|B:9.0|B:9.7|B:10.10|B:11.9|E:10.7,6,1,4,1,1,1,1,1,1,1,0.16666666666666666,0.16666666666666666,0.25
additive_head,0,229,1.1873903311789036,1.5944511543425743,0.40706082316367076,P:9.9|P:9.6|P:10.0|B:9.0|B:9.7|B:10.2|B:10.6,7,3,4,0,1,1,0,1,0,0,0.5,0.0,0.0
additive_head,0,219,0.8841039836406708,1.7486836824063723,0.8645796987657015,P:9.9|P:9.6|P:10.0|B:9.0|B:10.1|B:10.6|B:10.10,7,3,4,0,1,1,0,1,0,0,0.5,0.0,0.0
additive_head,0,217,1.5335167162120342,1.3241338004582752,-0.209382915753759,P:9.9|P:9.6|P:10.0|B:9.0|B:10.2|B:10.6|B:10.10|B:11.2|B:11.9|E:11.10,10,3,6,1,1,1,1,1,1,1,0.75,0.5,0.375
additive_head,0,4,0.0034867338836193063,-0.793391062701922,-0.7968777965855413,B:9.0,1,0,1,0,0,1,0,0,0,0,0.0,0.0,0.0
additive_head,0,130,1.2399504967033863,1.0564612298980212,-0.18348926680536515,P:9.9|P:10.0|B:9.7|B:10.2|B:10.6|B:11.2|E:10.7,7,2,4,1,1,1,1,1,1,1,0.3333333333333333,0.3333333333333333,0.25
additive_head,0,228,1.1373955719172955,1.305720230645434,0.16832465872813862,P:9.9|P:9.6|P:10.0|B:9.0|B:9.7|B:10.2|B:11.2|B:11.9,8,3,5,0,1,1,0,1,0,0,0.625,0.0,0.0
additive_head,0,128,1.061413548886776,1.3499055033650227,0.2884919544782467,P:9.9|P:10.0|B:9.7|B:10.6,4,2,2,0,1,1,0,1,0,0,0.16666666666666666,0.0,0.0
additive_head,0,15,0.35023678094148636,0.41703934407790877,0.06680256313642241,B:9.0|B:9.7|B:10.1|B:10.2|B:10.6|B:10.10|B:11.2|B:11.9,8,0,8,0,0,1,0,0,0,0,0.0,0.0,0.0
additive_head,0,124,0.904553011059761,1.5616164674990676,0.6570634564393065,P:9.9|P:10.0|B:10.1|B:10.10|B:11.9,5,2,3,0,1,1,0,1,0,0,0.25,0.0,0.0
additive_head,0,93,0.3689284063875675,0.3236023865570503,-0.045326019830517206,P:9.6|P:10.0|B:9.0|B:10.6|B:10.10|B:11.9|E:11.10,7,2,4,1,1,1,1,1,1,1,0.3333333333333333,0.3333333333333333,0.25
additive_head,1,50,-0.5812592878937721,-0.4929573834039214,0.0883019044898507,P:10.0|E:10.7,2,1,0,1,1,0,1,0,1,0,0.0,0.16666666666666666,0.0
additive_head,1,106,-0.08755524829030037,0.011956130184599928,0.0995113784749003,P:9.9|B:11.2,2,1,1,0,1,1,0,1,0,0,0.041666666666666664,0.0,0.0
additive_head,1,230,1.7152394354343414,1.552077326090513,-0.16316210934382847,P:9.9|P:9.6|P:10.0|B:9.0|B:9.7|B:10.2|B:10.6|B:10.10|B:11.2|B:11.9|E:11.10,11,3,7,1,1,1,1,1,1,1,0.875,0.5,0.4375
additive_head,1,160,0.06055968999862671,0.41009310435171764,0.34953341435309093,P:9.9|P:9.6|B:10.1|B:10.6|B:10.10|B:11.2|E:11.10,7,2,4,1,1,1,1,1,1,1,0.3333333333333333,0.3333333333333333,0.25
additive_head,1,48,-1.093090582638979,-0.32696458854381666,0.7661259940951624,B:9.0|B:9.7|B:10.1|B:10.2|B:10.6|B:10.10|B:11.9|E:10.7|E:11.10,9,0,7,2,0,1,1,0,0,1,0.0,0.0,0.875
additive_head,1,198,0.6584309488534927,1.0172807657988245,0.3588498169453318,P:9.9|P:9.6|P:10.0|B:9.7,4,3,1,0,1,1,0,1,0,0,0.125,0.0,0.0
additive_head,1,168,0.2776085212826729,0.9500757359315195,0.6724672146488466,P:9.9|P:9.6|B:9.0|B:10.2|B:10.10|B:11.2|B:11.9,7,2,5,0,1,1,0,1,0,0,0.41666666666666663,0.0,0.0
additive_head,1,64,-1.8848259001970291,-1.3431120023452086,0.5417138978518206,P:9.6|B:10.2|E:10.7|E:11.10,4,1,1,2,1,1,1,1,1,1,0.041666666666666664,0.3333333333333333,0.125
additive_head,1,7,0.04607735201716423,-0.5995918648465699,-0.6456692168637341,B:10.2,1,0,1,0,0,1,0,0,0,0,0.0,0.0,0.0
additive_head,1,75,0.32792340219020844,-0.08498727855202583,-0.41291068074223425,P:9.6|P:10.0,2,2,0,0,1,0,0,0,0,0,0.0,0.0,0.0
additive_head,1,174,0.0011423192918300629,-0.23450023823632507,-0.23564255752815513,P:9.9|P:9.6|B:9.0|B:9.7|B:10.1|B:11.9|E:10.7|E:11.10,8,2,4,2,1,1,1,1,1,1,0.3333333333333333,0.6666666666666666,0.5
additive_head,1,154,-0.12619714811444283,-0.3522635543009123,-0.22606640618646945,P:9.9|P:9.6|B:10.2|E:10.7|E:11.10,5,2,1,2,1,1,1,1,1,1,0.08333333333333333,0.6666666666666666,0.125
additive_head,1,142,1.7428619898855686,2.0630311185543446,0.320169128668776,P:9.9|P:10.0|B:9.0|B:9.7|B:10.1|B:10.2|B:10.6|B:10.10|B:11.2|B:11.9,10,2,8,0,1,1,0,1,0,0,0.6666666666666666,0.0,0.0
additive_head,1,10,-0.3037194274365902,-0.9788923178596961,-0.6751728904231059,B:11.2,1,0,1,0,0,1,0,0,0,0,0.0,0.0,0.0
additive_head,1,9,0.12788828462362287,-0.4327754146575643,-0.5606636992811872,B:10.10,1,0,1,0,0,1,0,0,0,0,0.0,0.0,0.0
additive_head,1,177,-0.22630655765533447,0.4104324236392706,0.6367389812946052,P:9.9|P:9.6|P:10.0|E:11.10,4,3,0,1,1,0,1,0,1,0,0.0,0.5,0.0
additive_head,1,36,0.2635531798005104,-0.3975285324253791,-0.6610817122258895,B:9.0|B:10.6|B:11.9,3,0,3,0,0,1,0,0,0,0,0.0,0.0,0.0
additive_head,1,210,0.4698285423219204,0.8900518525099281,0.42022331018800774,P:9.9|P:9.6|P:10.0|B:9.0,4,3,1,0,1,1,0,1,0,0,0.125,0.0,0.0
additive_head,1,138,1.083946779370308,0.836968012268905,-0.24697876710140287,P:9.9|P:10.0|B:9.0|B:10.1|B:10.2|B:10.10|B:11.2|B:11.9|E:10.7|E:11.10,10,2,6,2,1,1,1,1,1,1,0.5,0.6666666666666666,0.75
additive_head,1,141,1.2822950780391693,1.140624428375435,-0.14167064966373433,P:9.9|P:10.0|B:9.0|B:9.7|B:10.1|B:10.2|B:10.6|B:11.2|B:11.9|E:11.10,10,2,7,1,1,1,1,1,1,1,0.5833333333333333,0.3333333333333333,0.4375
additive_head,1,120,0.74381148442626,1.2528997572150518,0.5090882727887918,P:9.9|P:10.0|B:10.10,3,2,1,0,1,1,0,1,0,0,0.08333333333333333,0.0,0.0
additive_head,1,131,0.400036346167326,0.3961964459712087,-0.0038399001961172963,P:9.9|P:10.0|B:9.7|B:10.1|B:11.9|E:10.7|E:11.10,7,2,3,2,1,1,1,1,1,1,0.25,0.6666666666666666,0.375
additive_head,1,30,-0.8866070061922073,-0.7685255254759991,0.11808148071620828,B:9.7|B:10.10|B:11.2|E:10.7,4,0,3,1,0,1,1,0,0,1,0.0,0.0,0.1875
additive_head,1,193,0.6254174932837486,1.4283035170321408,0.8028860237483921,P:9.9|P:9.6|P:10.0|B:10.1|B:10.10,5,3,2,0,1,1,0,1,0,0,0.25,0.0,0.0
additive_head,1,19,1.8685232289135456,2.142970475157473,0.27444724624392736,P:9.9|P:9.6|P:10.0|B:9.0|B:9.7|B:10.1|B:10.2|B:10.6|B:10.10|B:11.2|B:11.9,11,3,8,0,1,1,0,1,0,0,1.0,0.0,0.0
additive_head,1,204,1.4221223182976246,1.5942621054164046,0.17213978711877997,P:9.9|P:9.6|P:10.0|B:9.7|B:10.6|B:10.10|B:11.9|E:10.7,8,3,4,1,1,1,1,1,1,1,0.5,0.5,0.25
additive_head,1,27,-2.0526970140635967,-1.236201231285018,0.8164957827785788,B:10.2|B:11.9|E:10.7|E:11.10,4,0,2,2,0,1,1,0,0,1,0.0,0.0,0.25
additive_head,1,223,1.9471766948699951,1.7035201306021512,-0.24365656426784388,P:9.9|P:9.6|P:10.0|B:9.0|B:10.1|B:10.2|B:10.6|B:10.10|B:11.2|B:11.9|E:10.7,11,3,7,1,1,1,1,1,1,1,0.875,0.5,0.4375
additive_head,1,74,-0.022991657257080078,-0.038133442568142856,-0.015141785311062778,P:9.6|B:9.0|B:9.7|B:10.1|B:10.2|B:10.6|B:10.10|B:11.2|B:11.9|E:11.10,10,1,8,1,1,1,1,1,1,1,0.3333333333333333,0.16666666666666666,0.5
additive_head,1,208,0.6361530162394047,0.8774779172966898,0.2413249010572851,P:9.9|P:9.6|P:10.0|B:9.7|B:10.1|B:10.2|E:11.10,7,3,3,1,1,1,1,1,1,1,0.375,0.5,0.1875
additive_head,1,224,0.5285060442984104,0.6780877599643796,0.14958171566596923,P:9.9|P:9.6|P:10.0|B:9.0|B:9.7|B:10.6|B:11.2|E:11.10,8,3,4,1,1,1,1,1,1,1,0.5,0.5,0.25
additive_head,1,173,0.6124220378696918,0.22138086856373723,-0.3910411693059546,P:9.9|P:9.6|B:9.0|B:9.7|B:10.2|B:10.6|B:11.9|E:10.7|E:11.10,9,2,5,2,1,1,1,1,1,1,0.41666666666666663,0.6666666666666666,0.625
additive_head,1,18,0.16123811528086662,0.0824016753905034,-0.07883643989036322,P:9.9|P:9.6|P:10.0|E:10.7|E:11.10,5,3,0,2,1,0,1,0,1,0,0.0,1.0,0.0
additive_head,1,11,0.04421548917889595,-0.6729032313201555,-0.7171187204990515,B:11.9,1,0,1,0,0,1,0,0,0,0,0.0,0.0,0.0
additive_head,1,187,0.897874940186739,1.077906226493167,0.18003128630642795,P:9.9|P:9.6|P:10.0|B:10.6|B:11.2,5,3,2,0,1,1,0,1,0,0,0.25,0.0,0.0
additive_head,1,151,0.276092492043972,0.5022184615410685,0.2261259694970965,P:9.9|P:9.6|B:10.6,3,2,1,0,1,1,0,1,0,0,0.08333333333333333,0.0,0.0
additive_head,1,157,0.37768739834427834,-0.02153189937085659,-0.3992192977151349,P:9.9|P:9.6|B:10.1|E:10.7,4,2,1,1,1,1,1,1,1,1,0.08333333333333333,0.3333333333333333,0.0625
additive_head,1,59,0.9626401513814926,0.504182190923456,-0.45845796045803666,P:10.0|B:9.0|B:9.7|B:10.1|B:10.6|B:11.9,6,1,5,0,1,1,0,1,0,0,0.20833333333333331,0.0,0.0
additive_head,1,103,0.26081952825188637,0.31794521672414056,0.05712568847225419,P:9.9|B:11.9,2,1,1,0,1,1,0,1,0,0,0.041666666666666664,0.0,0.0
additive_head,1,156,0.08269025757908821,0.3064988488779106,0.2238085912988224,P:9.9|P:9.6|B:10.1,3,2,1,0,1,1,0,1,0,0,0.08333333333333333,0.0,0.0
additive_head,1,123,0.7120838984847069,0.4742165089781133,-0.23786738950659359,P:9.9|P:10.0|B:10.1|B:11.2|E:10.7,5,2,2,1,1,1,1,1,1,1,0.16666666666666666,0.3333333333333333,0.125
additive_head,1,78,-1.3243667595088482,-0.7215966449904738,0.6027701145183744,P:9.6|P:10.0|B:11.9|E:10.7|E:11.10,5,2,1,2,1,1,1,1,1,1,0.08333333333333333,0.6666666666666666,0.125
additive_head,1,115,0.6769261583685875,1.077020378848906,0.4000942204803184,P:9.9|B:9.0|B:9.7|B:10.1|B:10.2|B:10.10|B:11.2|B:11.9,8,1,7,0,1,1,0,1,0,0,0.29166666666666663,0.0,0.0
additive_head,1,81,-0.23705962300300598,0.013959917525116897,0.25101954052812286,P:9.6|P:10.0|B:10.10|E:10.7,4,2,1,1,1,1,1,1,1,1,0.08333333333333333,0.3333333333333333,0.0625
additive_head,1,58,0.9003594256937504,1.079902033079716,0.1795426073859656,P:10.0|B:9.0|B:10.1|B:10.2|B:10.6|B:10.10|B:11.9,7,1,6,0,1,1,0,1,0,0,0.25,0.0,0.0
additive_head,1,8,0.20578551664948463,-0.5685693431063559,-0.7743548597558405,B:10.6,1,0,1,0,0,1,0,0,0,0,0.0,0.0,0.0
additive_head,1,212,0.9004754312336445,0.44288214538493925,-0.45759328584870523,P:9.9|P:9.6|P:10.0|B:9.0|B:11.2|E:10.7,6,3,2,1,1,1,1,1,1,1,0.25,0.5,0.125
additive_head,1,119,0.09514226019382477,0.5173431946994611,0.42220093450563634,P:9.9|P:10.0|B:11.9|E:11.10,4,2,1,1,1,1,1,1,1,1,0.08333333333333333,0.3333333333333333,0.0625
additive_head,2,163,-0.5653442852199078,0.006546708137147833,0.5718909933570556,P:9.9|P:9.6|B:9.7|B:10.2|B:11.2|E:11.10,6,2,3,1,1,1,1,1,1,1,0.25,0.3333333333333333,0.1875
additive_head,2,35,0.04845794662833214,-0.6156940824776637,-0.6641520291059958,B:9.0|B:11.9,2,0,2,0,0,1,0,0,0,0,0.0,0.0,0.0
additive_head,2,140,1.2962299212813377,0.7936690555672752,-0.5025608657140626,P:9.9|P:10.0|B:9.0|B:9.7|B:10.1|B:10.2|B:10.10|B:11.2|B:11.9|E:10.7|E:11.10,11,2,7,2,1,1,1,1,1,1,0.5833333333333333,0.6666666666666666,0.875
additive_head,2,26,-0.9894405044615269,-0.8052151627312173,0.18422534173030958,B:10.2|E:10.7,2,0,1,1,0,1,1,0,0,1,0.0,0.0,0.0625
additive_head,2,152,-0.15340392664074898,-0.3316623175104127,-0.17825839086966372,P:9.9|P:9.6|B:10.6|E:10.7|E:11.10,5,2,1,2,1,1,1,1,1,1,0.08333333333333333,0.6666666666666666,0.125
additive_head,2,179,0.8624304980039597,0.6257623063740455,-0.23666819162991415,P:9.9|P:9.6|P:10.0|B:11.9|E:10.7,5,3,1,1,1,1,1,1,1,1,0.125,0.5,0.0625
additive_head,2,86,-0.13070636987686157,-0.559363719013652,-0.42865734913679043,P:9.6|P:10.0|B:10.1|E:11.10,4,2,1,1,1,1,1,1,1,1,0.08333333333333333,0.3333333333333333,0.0625
additive_head,2,238,2.212401542812586,1.0389617593352172,-1.1734397834773687,P:9.9|P:9.6|P:10.0|B:9.0|B:9.7|B:10.1|B:10.2|B:10.6|B:10.10|B:11.2|E:10.7|E:11.10,12,3,7,2,1,1,1,1,1,1,0.875,1.0,0.875
additive_head,2,55,0.44097353890538216,-0.16288791481114798,-0.6038614537165301,P:10.0|B:9.0,2,1,1,0,1,1,0,1,0,0,0.041666666666666664,0.0,0.0
additive_head,2,195,1.275618951767683,0.611828065156187,-0.663790886611496,P:9.9|P:9.6|P:10.0|B:10.1|B:10.2|B:10.10|E:10.7|E:11.10,8,3,3,2,1,1,1,1,1,1,0.375,1.0,0.375
additive_head,2,112,0.8748807460069656,0.837920833017241,-0.036959912989724675,P:9.9|B:9.7|B:10.1|B:10.2|B:10.6|B:10.10|B:11.2|B:11.9|E:11.10,9,1,7,1,1,1,1,1,1,1,0.29166666666666663,0.16666666666666666,0.4375
additive_head,2,188,0.19750071316957474,0.5149529463742585,0.31745223320468374,P:9.9|P:9.6|P:10.0|B:10.2|E:11.10,5,3,1,1,1,1,1,1,1,1,0.125,0.5,0.0625
additive_head,2,72,0.3226247727870941,-0.09705168079567737,-0.4196764535827715,P:9.6|B:9.0|B:9.7|B:10.6|B:11.9,5,1,4,0,1,1,0,1,0,0,0.16666666666666666,0.0,0.0
additive_head,2,25,-0.6552459336817265,-1.0438974433492212,-0.38865150966749473,B:10.2|E:11.10,2,0,1,1,0,1,1,0,0,1,0.0,0.0,0.0625
additive_head,2,39,-1.902444377541542,-1.2549021913376452,0.6475421862038968,B:9.0|B:10.1|B:10.10|B:11.2|E:10.7|E:11.10,6,0,4,2,0,1,1,0,0,1,0.0,0.0,0.5
additive_head,2,192,0.37901822477579117,0.0354516236754316,-0.3435666011003596,P:9.9|P:9.6|P:10.0|B:10.1|E:10.7|E:11.10,6,3,1,2,1,1,1,1,1,1,0.125,1.0,0.125
additive_head,2,100,-0.2131936363875866,0.2756952381068668,0.4888888744944534,P:9.6|P:10.0|B:9.0|B:9.7|B:10.1|B:10.2|B:10.6|B:10.10|B:11.2|B:11.9|E:10.7|E:11.10,12,2,8,2,1,1,1,1,1,1,0.6666666666666666,0.6666666666666666,1.0
additive_head,2,132,0.7890389040112495,0.6521911838966948,-0.1368477201145547,P:9.9|P:10.0|B:9.7|B:10.1|B:10.2|B:11.2|E:11.10,7,2,4,1,1,1,1,1,1,1,0.3333333333333333,0.3333333333333333,0.25
additive_head,2,226,1.454001609236002,1.3990733504224604,-0.054928258813541575,P:9.9|P:9.6|P:10.0|B:9.0|B:9.7|B:10.6|B:10.10|B:11.9|E:10.7,9,3,5,1,1,1,1,1,1,1,0.625,0.5,0.3125
additive_head,2,216,1.325690682977438,1.0926103452492897,-0.2330803377281483,P:9.9|P:9.6|P:10.0|B:9.0|B:10.2|B:10.6|E:10.7,7,3,3,1,1,1,1,1,1,1,0.375,0.5,0.1875
additive_head,2,184,0.9177334345877171,0.338182599594674,-0.579550834993043,P:9.9|P:9.6|P:10.0|B:10.10|B:11.2|B:11.9|E:10.7|E:11.10,8,3,3,2,1,1,1,1,1,1,0.375,1.0,0.375
additive_head,2,33,-1.4734752662479877,-0.7967043733389834,0.6767708929090044,B:9.7|B:10.1|B:10.6|B:10.10|B:11.2|E:10.7|E:11.10,7,0,5,2,0,1,1,0,0,1,0.0,0.0,0.625
additive_head,2,107,0.5038124993443489,0.268309449739889,-0.2355030496044599,P:9.9|B:10.1|B:10.6|E:10.7,4,1,2,1,1,1,1,1,1,1,0.08333333333333333,0.16666666666666666,0.125
additive_head,2,165,0.0528549998998642,-0.139163672144558,-0.1920186720444222,P:9.9|P:9.6|B:9.7|B:10.1|B:10.6|B:11.2|E:10.7|E:11.10,8,2,4,2,1,1,1,1,1,1,0.3333333333333333,0.6666666666666666,0.5
additive_head,2,43,0.25424106419086456,0.11100031023140089,-0.14324075395946367,B:9.0|B:9.7|B:10.6|B:10.10|B:11.2|B:11.9,6,0,6,0,0,1,0,0,0,0,0.0,0.0,0.0
additive_head,2,71,-1.9208563305437565,-1.0889964442607551,0.8318598862830013,P:9.6|B:9.0|B:10.1|B:10.2|B:11.2|B:11.9|E:10.7|E:11.10,8,1,5,2,1,1,1,1,1,1,0.20833333333333331,0.3333333333333333,0.625
additive_head,2,102,-0.7290077060461044,-0.720713667770952,0.008294038275152404,P:9.9|E:10.7|E:11.10,3,1,0,2,1,0,1,0,1,0,0.0,0.3333333333333333,0.0
additive_head,2,196,1.6026018001139164,0.7141542361493406,-0.8884475639645758,P:9.9|P:9.6|P:10.0|B:10.1|B:10.2|B:10.10|B:11.2|B:11.9|E:10.7|E:11.10,10,3,5,2,1,1,1,1,1,1,0.625,1.0,0.625
additive_head,2,214,1.3109852150082588,0.5333990713591035,-0.7775861436491553,P:9.9|P:9.6|P:10.0|B:9.0|B:10.6|B:10.10|B:11.2|E:10.7|E:11.10,9,3,4,2,1,1,1,1,1,1,0.5,1.0,0.5
additive_head,2,13,-0.7300628870725632,-1.3155290104600357,-0.5854661233874725,E:11.10,1,0,0,1,0,0,1,0,0,0,0.0,0.0,0.0
additive_head,2,232,1.2487009689211845,0.5441845890407528,-0.7045163798804317,P:9.9|P:9.6|P:10.0|B:9.0|B:9.7|B:10.1|B:10.2|B:11.2|B:11.9|E:10.7|E:11.10,11,3,6,2,1,1,1,1,1,1,0.75,1.0,0.75
additive_head,2,231,1.8862354047596455,0.9110888387170001,-0.9751465660426454,P:9.9|P:9.6|P:10.0|B:9.0|B:9.7|B:10.1|B:10.6|B:10.10|B:11.2|B:11.9|E:10.7|E:11.10,12,3,7,2,1,1,1,1,1,1,0.875,1.0,0.875
additive_head,2,150,0.007378906011581418,-0.3607083855575929,-0.3680872915691743,P:9.9|P:9.6|B:10.10|E:10.7|E:11.10,5,2,1,2,1,1,1,1,1,1,0.08333333333333333,0.6666666666666666,0.125
additive_head,2,73,-0.7453505955636501,-0.27943710055280224,0.4659134950108479,P:9.6|B:9.0|B:9.7|B:10.1|B:10.2|B:10.6|B:10.10|B:11.9|E:10.7|E:11.10,10,1,7,2,1,1,1,1,1,1,0.29166666666666663,0.3333333333333333,0.875
additive_head,2,147,-0.8010351993143559,-0.7068857354269779,0.094149463887378,P:9.9|P:9.6|B:11.2|E:10.7|E:11.10,5,2,1,2,1,1,1,1,1,1,0.08333333333333333,0.6666666666666666,0.125
additive_head,2,202,1.0955001190304756,0.9163395856728355,-0.17916053335764015,P:9.9|P:9.6|P:10.0|B:9.7|B:10.10|E:10.7,6,3,2,1,1,1,1,1,1,1,0.25,0.5,0.125
additive_head,2,12,-1.0317822992801666,-1.0768467298420317,-0.04506443056186504,E:10.7,1,0,0,1,0,0,1,0,0,0,0.0,0.0,0.0
additive_head,2,82,-0.03239645063877106,-0.32991284604038296,-0.2975163954016119,P:9.6|P:10.0|B:10.6|E:11.10,4,2,1,1,1,1,1,1,1,1,0.08333333333333333,0.3333333333333333,0.0625
additive_head,2,31,-0.23759472742676735,-0.5888346177509712,-0.3512398903242039,B:9.7|B:10.6|B:10.10|B:11.2|E:11.10,5,0,4,1,0,1,1,0,0,1,0.0,0.0,0.25
additive_head,2,153,0.2724653035402298,0.46928023786501327,0.19681493432478347,P:9.9|P:9.6|B:10.2,3,2,1,0,1,1,0,1,0,0,0.08333333333333333,0.0,0.0
additive_head,2,29,-2.1579615026712418,-1.539580259569897,0.6183812431013447,B:9.7|B:11.2|E:10.7|E:11.10,4,0,2,2,0,1,1,0,0,1,0.0,0.0,0.25
additive_head,2,172,0.1690041534602642,0.5626229896269223,0.39361883616665805,P:9.9|P:9.6|B:9.0|B:9.7|B:10.2|B:11.2,6,2,4,0,1,1,0,1,0,0,0.3333333333333333,0.0,0.0
additive_head,2,118,-0.11092682182788849,-0.1241488536118388,-0.013222031783950317,P:9.9|P:10.0|E:10.7|E:11.10,4,2,0,2,1,0,1,0,1,0,0.0,0.6666666666666666,0.0
additive_head,2,186,0.5278505198657513,0.2649024966487007,-0.2629480232170506,P:9.9|P:9.6|P:10.0|B:10.6|E:10.7|E:11.10,6,3,1,2,1,1,1,1,1,1,0.125,1.0,0.125
additive_head,2,79,-1.4608745947480202,-1.0173460889888122,0.443528505759208,P:9.6|P:10.0|B:11.2|E:10.7|E:11.10,5,2,1,2,1,1,1,1,1,1,0.08333333333333333,0.6666666666666666,0.125
additive_head,2,139,1.478417843580246,1.717212230752084,0.2387943871718381,P:9.9|P:10.0|B:9.0|B:10.1|B:10.2|B:10.6|B:10.10|B:11.2,8,2,6,0,1,1,0,1,0,0,0.5,0.0,0.0
additive_head,2,178,0.785550020635128,0.4820036598814478,-0.30354636075368024,P:9.9|P:9.6|P:10.0|E:10.7,4,3,0,1,1,0,1,0,1,0,0.0,0.5,0.0
additive_head,2,16,-1.3794433288276196,-0.376129983895665,1.0033133449319545,B:9.0|B:9.7|B:10.1|B:10.2|B:10.6|B:10.10|B:11.2|B:11.9|E:10.7|E:11.10,10,0,8,2,0,1,1,0,0,1,0.0,0.0,1.0
additive_head,3,110,0.5567262880504131,0.5417057702972321,-0.015020517753181029,P:9.9|B:9.7|B:10.10,3,1,2,0,1,1,0,1,0,0,0.08333333333333333,0.0,0.0
additive_head,3,116,0.6422114297747612,0.835394567453543,0.1931831376787818,P:9.9|P:10.0,2,2,0,0,1,0,0,0,0,0,0.0,0.0,0.0
additive_head,3,199,-0.008658107370138168,0.4248005760948471,0.4334586834649853,P:9.9|P:9.6|P:10.0|B:9.7|E:11.10,5,3,1,1,1,1,1,1,1,1,0.125,0.5,0.0625
additive_head,3,236,1.3518722876906395,1.2537046268607466,-0.09816766082989292,P:9.9|P:9.6|P:10.0|B:9.0|B:9.7|B:10.1|B:10.2|B:10.6|B:11.2|B:11.9|E:11.10,11,3,7,1,1,1,1,1,1,1,0.875,0.5,0.4375
additive_head,3,176,0.47614696621894836,0.571071658513331,0.0949246922943826,P:9.9|P:9.6|B:9.0|B:9.7|B:10.1|B:10.2|B:10.6|B:11.9|E:11.10,9,2,6,1,1,1,1,1,1,1,0.5,0.3333333333333333,0.375
additive_head,3,185,0.7254875265061855,1.2815569257812438,0.5560693992750583,P:9.9|P:9.6|P:10.0|B:10.6,4,3,1,0,1,1,0,1,0,0,0.125,0.0,0.0
additive_head,3,158,-0.3258376196026802,-0.5254866873241253,-0.19964906772144508,P:9.9|P:9.6|B:10.1|E:10.7|E:11.10,5,2,1,2,1,1,1,1,1,1,0.08333333333333333,0.6666666666666666,0.125
additive_head,3,2,-0.1576346568763256,-0.752303481382562,-0.5946688245062364,P:9.6,1,1,0,0,1,0,0,0,0,0,0.0,0.0,0.0
additive_head,3,209,1.2488095052540302,1.6088573318259847,0.36004782657195444,P:9.9|P:9.6|P:10.0|B:9.7|B:10.1|B:10.2|B:10.6,7,3,4,0,1,1,0,1,0,0,0.5,0.0,0.0
additive_head,3,92,-0.4412704110145569,-0.6024819001065134,-0.16121148909195648,P:9.6|P:10.0|B:9.0|B:11.2|E:11.10,5,2,2,1,1,1,1,1,1,1,0.16666666666666666,0.3333333333333333,0.125
additive_head,3,98,1.0093169696629047,1.1453214044082725,0.13600443474536772,P:9.6|P:10.0|B:9.0|B:9.7|B:10.1|B:10.2|B:10.6|B:10.10|B:11.2|B:11.9,10,2,8,0,1,1,0,1,0,0,0.6666666666666666,0.0,0.0
additive_head,3,105,-0.6707933135330677,-0.5069560953492592,0.16383721818380848,P:9.9|B:11.9|E:10.7|E:11.10,4,1,1,2,1,1,1,1,1,1,0.041666666666666664,0.3333333333333333,0.125
additive_head,3,205,1.3846071772277355,1.038559759567367,-0.3460474176603685,P:9.9|P:9.6|P:10.0|B:9.7|B:10.2|B:11.2|B:11.9|E:10.7,8,3,4,1,1,1,1,1,1,1,0.5,0.5,0.25
additive_head,3,200,0.39837056398391724,0.12660868284686005,-0.2717618811370572,P:9.9|P:9.6|P:10.0|B:9.7|E:10.7|E:11.10,6,3,1,2,1,1,1,1,1,1,0.125,1.0,0.125
additive_head,3,23,-0.8226649463176727,-0.758430951388259,0.06423399492941373,B:10.6|E:10.7,2,0,1,1,0,1,1,0,0,1,0.0,0.0,0.0625
additive_head,3,56,-0.4917997419834137,-0.1816567774025764,0.3101429645808373,P:10.0|B:9.0|B:10.1|B:11.2|B:11.9|E:10.7,6,1,4,1,1,1,1,1,1,1,0.16666666666666666,0.16666666666666666,0.25
additive_head,3,159,0.029253222048282623,0.649292336016368,0.6200391139680854,P:9.9|P:9.6|B:10.1|B:10.10|B:11.2,5,2,3,0,1,1,0,1,0,0,0.25,0.0,0.0
additive_head,3,239,2.124457161873579,1.830671711448473,-0.29378545042510606,P:9.9|P:9.6|P:10.0|B:9.0|B:9.7|B:10.1|B:10.2|B:10.6|B:10.10|B:11.2|B:11.9|E:10.7,12,3,8,1,1,1,1,1,1,1,1.0,0.5,0.5
additive_head,3,63,-1.987990591675043,-1.5896798579440774,0.3983107337309657,P:9.6|E:10.7|E:11.10,3,1,0,2,1,0,1,0,1,0,0.0,0.3333333333333333,0.0
additive_head,3,90,0.6627392582595348,0.23732435930128898,-0.42541489895824586,P:9.6|P:10.0|B:9.7|B:10.1|B:11.9,5,2,3,0,1,1,0,1,0,0,0.25,0.0,0.0
additive_head,3,85,0.31950290501117706,0.30166792811503906,-0.017834976896138,P:9.6|P:10.0|B:10.2|B:11.2|B:11.9,5,2,3,0,1,1,0,1,0,0,0.25,0.0,0.0
additive_head,3,181,0.5778550244867802,0.9138716872530415,0.3360166627662613,P:9.9|P:9.6|P:10.0|B:11.2,4,3,1,0,1,1,0,1,0,0,0.125,0.0,0.0
additive_head,3,146,-0.3059505894780159,0.23266687116241877,0.5386174606404347,P:9.9|P:9.6|B:11.2,3,2,1,0,1,1,0,1,0,0,0.08333333333333333,0.0,0.0
additive_head,3,117,0.02911713346838951,0.2962100841400143,0.2670929506716248,P:9.9|P:10.0|E:11.10,3,2,0,1,1,0,1,0,1,0,0.0,0.3333333333333333,0.0
additive_head,3,143,1.8553861118853092,1.512630153840226,-0.3427559580450832,P:9.9|P:10.0|B:9.0|B:9.7|B:10.1|B:10.2|B:10.6|B:10.10|B:11.2|B:11.9|E:11.10,11,2,8,1,1,1,1,1,1,1,0.6666666666666666,0.3333333333333333,0.5
additive_head,3,233,1.3947341851890087,1.5835196840621284,0.18878549887311968,P:9.9|P:9.6|P:10.0|B:9.0|B:9.7|B:10.1|B:10.2|B:10.10|B:11.2,9,3,6,0,1,1,0,1,0,0,0.75,0.0,0.0
additive_head,3,97,-0.00730687752366066,0.14204162585310523,0.1493485033767659,P:9.6|P:10.0|B:9.0|B:9.7|B:10.1|B:10.2|B:11.2|B:11.9|E:10.7,9,2,6,1,1,1,1,1,1,1,0.5,0.3333333333333333,0.375
additive_head,3,80,0.4240094982087612,0.26487582923024544,-0.15913366897851577,P:9.6|P:10.0|B:10.10,3,2,1,0,1,1,0,1,0,0,0.08333333333333333,0.0,0.0
additive_head,3,203,1.0001394301652908,1.669072944715556,0.6689335145502651,P:9.9|P:9.6|P:10.0|B:9.7|B:10.6|B:10.10,6,3,3,0,1,1,0,1,0,0,0.375,0.0,0.0
additive_head,3,182,-0.11927512288093567,0.37468720393951294,0.4939623268204486,P:9.9|P:9.6|P:10.0|B:11.2|E:11.10,5,3,1,1,1,1,1,1,1,1,0.125,0.5,0.0625
additive_head,3,17,0.46299997344613075,0.9124435349962483,0.44944356155011755,P:9.9|P:9.6|P:10.0,3,3,0,0,1,0,0,0,0,0,0.0,0.0,0.0
additive_head,3,108,-0.32360805571079254,-0.10780769806120173,0.21580035764959082,P:9.9|B:10.1|B:10.2|B:11.2|E:11.10,5,1,3,1,1,1,1,1,1,1,0.125,0.16666666666666666,0.1875
additive_head,3,44,0.4107043147087097,-0.3548123634170296,-0.7655166781257393,B:9.0|B:9.7|B:10.1|B:10.10,4,0,4,0,0,1,0,0,0,0,0.0,0.0,0.0
additive_head,3,148,-0.35026708617806435,0.02802873011428176,0.3782958162923461,P:9.9|P:9.6|B:10.10|E:11.10,4,2,1,1,1,1,1,1,1,1,0.08333333333333333,0.3333333333333333,0.0625
additive_head,3,5,0.18057629838585854,-0.7778109245131402,-0.9583872228989987,B:9.7,1,0,1,0,0,1,0,0,0,0,0.0,0.0,0.0
additive_head,3,129,0.762895978987217,0.6137810173899991,-0.14911496159721782,P:9.9|P:10.0|B:9.7|B:10.2|B:10.6|E:10.7|E:11.10,7,2,3,2,1,1,1,1,1,1,0.25,0.6666666666666666,0.375
additive_head,3,194,1.2136539109051228,1.0662410532302113,-0.1474128576749114,P:9.9|P:9.6|P:10.0|B:10.1|B:10.2|B:11.9|E:10.7,7,3,3,1,1,1,1,1,1,1,0.375,0.5,0.1875
additive_head,3,42,-0.46380022168159485,-0.7969891349561935,-0.33318891327459865,B:9.0|B:9.7|B:10.10|B:11.2|B:11.9|E:11.10,6,0,5,1,0,1,1,0,0,1,0.0,0.0,0.3125
additive_head,3,183,0.8049454912543297,1.2498461817752262,0.44490069052089654,P:9.9|P:9.6|P:10.0|B:10.10|B:11.2,5,3,2,0,1,1,0,1,0,0,0.25,0.0,0.0
additive_head,3,28,0.2634904868900776,-0.2176190727704691,-0.4811095596605467,B:10.1|B:10.2|B:10.10,3,0,3,0,0,1,0,0,0,0,0.0,0.0,0.0
additive_head,3,45,-0.5084521621465683,-0.10623218377389165,0.40221997837267665,B:9.0|B:9.7|B:10.1|B:10.6|B:10.10|B:11.2|B:11.9|E:10.7,8,0,7,1,0,1,1,0,0,1,0.0,0.0,0.4375
additive_head,3,61,-1.0373320244252682,-0.10507843421813307,0.9322535902071352,P:10.0|B:9.0|B:9.7|B:10.1|B:10.2|B:10.6|B:11.2|B:11.9|E:10.7|E:11.10,10,1,7,2,1,1,1,1,1,1,0.29166666666666663,0.3333333333333333,0.875
additive_head,3,94,-0.49759408831596375,0.061295592133780635,0.5588896804497444,P:9.6|P:10.0|B:9.0|B:10.1|B:10.6|B:10.10|B:11.2|B:11.9|E:10.7|E:11.10,10,2,6,2,1,1,1,1,1,1,0.5,0.6666666666666666,0.75
additive_head,3,166,0.34098824113607407,-0.278837251611149,-0.6198254927472231,P:9.9|P:9.6|B:9.7|B:10.1|B:10.2|E:10.7|E:11.10,7,2,3,2,1,1,1,1,1,1,0.25,0.6666666666666666,0.375
additive_head,3,54,0.02327965945005417,-0.6066811458164086,-0.6299608052664628,P:10.0|B:10.1|E:11.10,3,1,1,1,1,1,1,1,1,1,0.041666666666666664,0.16666666666666666,0.0625
additive_head,3,41,-2.0931180715560913,-1.4311555227263653,0.661962548829726,B:9.0|B:9.7|B:11.2|B:11.9|E:10.7|E:11.10,6,0,4,2,0,1,1,0,0,1,0.0,0.0,0.5
additive_head,3,180,0.22938881069421768,0.25129768828406895,0.021908877589851272,P:9.9|P:9.6|P:10.0|B:11.9|E:10.7|E:11.10,6,3,1,2,1,1,1,1,1,1,0.125,1.0,0.125
additive_head,3,137,0.9683080837130547,1.1189546975851108,0.15064661387205613,P:9.9|P:10.0|B:9.0|B:10.1|B:10.2|B:11.2,6,2,4,0,1,1,0,1,0,0,0.3333333333333333,0.0,0.0
additive_head,4,135,0.3180081695318222,0.5308316023630866,0.21282343283126437,P:9.9|P:10.0|B:9.0|B:10.6|B:11.9|E:10.7|E:11.10,7,2,3,2,1,1,1,1,1,1,0.25,0.6666666666666666,0.375
additive_head,4,37,-2.092911761254072,-1.238673664850575,0.8542380964034972,B:9.0|B:10.2|E:10.7|E:11.10,4,0,2,2,0,1,1,0,0,1,0.0,0.0,0.25
additive_head,4,91,0.38466572016477585,0.13846926313133492,-0.24619645703344092,P:9.6|P:10.0|B:9.0|B:11.9,4,2,2,0,1,1,0,1,0,0,0.16666666666666666,0.0,0.0
additive_head,4,113,-0.6673449911177158,-0.44916770438801235,0.2181772867297035,P:9.9|B:9.0|B:9.7|B:11.2|B:11.9|E:10.7|E:11.10,7,1,4,2,1,1,1,1,1,1,0.16666666666666666,0.3333333333333333,0.5
additive_head,4,38,-0.12388213351368904,-0.09206684089042101,0.03181529262326803,B:9.0|B:10.2|B:10.10|B:11.2|B:11.9,5,0,5,0,0,1,0,0,0,0,0.0,0.0,0.0
additive_head,4,62,-0.96882164478302,-1.2371067828277136,-0.26828513804469356,P:9.6|E:11.10,2,1,0,1,1,0,1,0,1,0,0.0,0.16666666666666666,0.0
additive_head,4,57,-1.3938638791441917,-0.5054120471736756,0.8884518319705161,P:10.0|B:9.0|B:10.1|B:10.2|E:10.7|E:11.10,6,1,3,2,1,1,1,1,1,1,0.125,0.3333333333333333,0.375
additive_head,4,190,0.7528919950127602,0.7851341161452454,0.03224212113248526,P:9.9|P:9.6|P:10.0|B:10.2|B:10.6|B:11.2|E:11.10,7,3,3,1,1,1,1,1,1,1,0.375,0.5,0.1875
additive_head,4,164,0.30114129185676575,0.7439892770949208,0.44284798523815505,P:9.9|P:9.6|B:9.7|B:10.1|B:10.10|B:11.2|B:11.9,7,2,5,0,1,1,0,1,0,0,0.41666666666666663,0.0,0.0
additive_head,4,221,0.5948651321232319,0.6368189263898488,0.04195379426661694,P:9.9|P:9.6|P:10.0|B:9.0|B:10.1|B:10.2|B:11.2|E:11.10,8,3,4,1,1,1,1,1,1,1,0.5,0.5,0.25
additive_head,4,1,0.1935817413032055,0.20559047076310843,0.012008729459902945,P:9.9,1,1,0,0,1,0,0,0,0,0,0.0,0.0,0.0
additive_head,4,53,-0.06579641252756119,-0.26048226305380484,-0.19468585052624365,P:10.0|B:10.2|B:11.9|E:11.10,4,1,2,1,1,1,1,1,1,1,0.08333333333333333,0.16666666666666666,0.125
additive_head,4,126,0.9073482267558575,0.9102157525304283,0.002867525774570834,P:9.9|P:10.0|B:10.1|B:10.2|E:10.7,5,2,2,1,1,1,1,1,1,1,0.16666666666666666,0.3333333333333333,0.125
additive_head,4,14,-2.1500720120966434,-1.5503497554098913,0.5997222566867522,E:10.7|E:11.10,2,0,0,2,0,0,1,0,0,0,0.0,0.0,0.0
additive_head,4,40,0.43496930971741676,0.047365610425267754,-0.387603699292149,B:9.0|B:10.1|B:10.6|B:10.10,4,0,4,0,0,1,0,0,0,0,0.0,0.0,0.0
additive_head,4,234,1.2642529793083668,1.6747034867731156,0.41045050746474887,P:9.9|P:9.6|P:10.0|B:9.0|B:9.7|B:10.1|B:10.2|B:10.6,8,3,5,0,1,1,0,1,0,0,0.625,0.0,0.0
additive_head,4,34,-0.4527350068092346,-0.15121272639373162,0.301522280415503,B:9.7|B:10.1|B:10.2|B:10.10|B:11.9|E:10.7,6,0,5,1,0,1,1,0,0,1,0.0,0.0,0.3125
additive_head,4,99,0.8856487385928631,0.5216143753824285,-0.3640343632104346,P:9.6|P:10.0|B:9.0|B:9.7|B:10.1|B:10.2|B:10.6|B:10.10|B:11.2|B:11.9|E:11.10,11,2,8,1,1,1,1,1,1,1,0.6666666666666666,0.3333333333333333,0.5
additive_head,4,109,0.5982384718954563,0.5149797518192011,-0.08325872007625523,P:9.9|B:10.1|B:10.2|B:10.6|B:10.10|B:11.2|E:11.10,7,1,5,1,1,1,1,1,1,1,0.20833333333333331,0.16666666666666666,0.3125
additive_head,4,49,-0.5108466930687428,0.11874499404241676,0.6295916871111595,B:9.0|B:9.7|B:10.1|B:10.2|B:10.6|B:10.10|B:11.2|B:11.9|E:10.7,9,0,8,1,0,1,1,0,0,1,0.0,0.0,0.5
additive_head,4,127,0.24340659379959106,0.3689727107159432,0.1255661169163521,P:9.9|P:10.0|B:9.7|E:11.10,4,2,1,1,1,1,1,1,1,1,0.08333333333333333,0.3333333333333333,0.0625
additive_head,4,21,-2.0925130136311054,-1.416558657048804,0.6759543565823014,B:11.9|E:10.7|E:11.10,3,0,1,2,0,1,1,0,0,1,0.0,0.0,0.125
additive_head,4,227,1.6139287240803242,0.8355598105925874,-0.7783689134877367,P:9.9|P:9.6|P:10.0|B:9.0|B:9.7|B:10.6|B:10.10|B:11.2|B:11.9|E:10.7|E:11.10,11,3,6,2,1,1,1,1,1,1,0.75,1.0,0.75
additive_head,4,167,0.3539474345743656,0.16594105022191474,-0.18800638435245087,P:9.9|P:9.6|B:9.0|B:11.9|E:10.7,5,2,2,1,1,1,1,1,1,1,0.16666666666666666,0.3333333333333333,0.125
additive_head,4,125,1.1199581176042557,1.2779537867527995,0.1579956691485438,P:9.9|P:10.0|B:10.1|B:10.6|B:11.2|B:11.9,6,2,4,0,1,1,0,1,0,0,0.3333333333333333,0.0,0.0
additive_head,4,170,0.3828652650117874,0.7205365675675673,0.33767130255577993,P:9.9|P:9.6|B:9.0|B:10.1|B:10.6,5,2,3,0,1,1,0,1,0,0,0.25,0.0,0.0
additive_head,4,66,0.09258740022778511,-0.21265150547268824,-0.30523890570047335,P:9.6|B:10.1|B:10.2|B:11.9,4,1,3,0,1,1,0,1,0,0,0.125,0.0,0.0
additive_head,4,104,0.20134234055876732,0.06371626313974427,-0.13762607741902305,P:9.9|B:11.9|E:10.7,3,1,1,1,1,1,1,1,1,1,0.041666666666666664,0.16666666666666666,0.0625
additive_head,4,22,-0.9958479702472687,-1.2484245610937126,-0.2525765908464439,B:11.2|B:11.9|E:11.10,3,0,2,1,0,1,1,0,0,1,0.0,0.0,0.125
additive_head,4,46,-0.23023967072367668,-0.4621872191320377,-0.23194754840836102,B:9.0|B:9.7|B:10.1|B:10.2|B:10.10|B:11.2|B:11.9|E:11.10,8,0,7,1,0,1,1,0,0,1,0.0,0.0,0.4375
additive_head,4,111,-0.15740074962377548,-0.2272329032231192,-0.06983215359934372,P:9.9|B:9.7|B:10.6|E:10.7|E:11.10,5,1,2,2,1,1,1,1,1,1,0.08333333333333333,0.3333333333333333,0.25
additive_head,4,70,-1.6255602352321148,-0.9674254001505374,0.6581348350815774,P:9.6|B:9.0|B:10.1|B:10.2|B:11.9|E:10.7|E:11.10,7,1,4,2,1,1,1,1,1,1,0.16666666666666666,0.3333333333333333,0.5
additive_head,4,77,-1.3802263587713242,-0.8793899708764894,0.5008363878948348,P:9.6|P:10.0|E:10.7|E:11.10,4,2,0,2,1,0,1,0,1,0,0.0,0.6666666666666666,0.0
additive_head,4,145,-0.9065218307077885,-0.30058757181700674,0.6059342588907817,P:9.9|P:9.6|E:11.10,3,2,0,1,1,0,1,0,1,0,0.0,0.3333333333333333,0.0
additive_head,4,207,1.1867230460047722,0.665481589897663,-0.5212414561071091,P:9.9|P:9.6|P:10.0|B:9.7|B:10.1|B:10.10|B:11.9|E:10.7|E:11.10,9,3,4,2,1,1,1,1,1,1,0.5,1.0,0.5
additive_head,4,189,0.5667572394013405,0.3041582102090894,-0.2625990291922511,P:9.9|P:9.6|P:10.0|B:10.2|E:10.7|E:11.10,6,3,1,2,1,1,1,1,1,1,0.125,1.0,0.125
additive_head,4,20,2.3267794027924538,1.1824682804086837,-1.14431112238377,P:9.9|P:9.6|P:10.0|B:9.0|B:9.7|B:10.1|B:10.2|B:10.6|B:10.10|B:11.2|B:11.9|E:10.7|E:11.10,13,3,8,2,1,1,1,1,1,1,1.0,1.0,1.0
additive_head,4,175,0.43807394430041313,0.7823765092476374,0.3443025649472242,P:9.9|P:9.6|B:9.0|B:9.7|B:10.1|B:10.10,6,2,4,0,1,1,0,1,0,0,0.3333333333333333,0.0,0.0
additive_head,4,67,0.1194758489727974,-0.3725662723799985,-0.4920421213527959,P:9.6|B:9.7|B:10.2,3,1,2,0,1,1,0,1,0,0,0.08333333333333333,0.0,0.0
additive_head,4,121,0.8768309131264687,1.1518143986798481,0.2749834855533795,P:9.9|P:10.0|B:10.6,3,2,1,0,1,1,0,1,0,0,0.08333333333333333,0.0,0.0
additive_head,4,213,0.7374192625284195,1.2540391857620188,0.5166199232335993,P:9.9|P:9.6|P:10.0|B:9.0|B:10.6,5,3,2,0,1,1,0,1,0,0,0.25,0.0,0.0
additive_head,4,211,0.1879602037370205,0.12177636061866123,-0.06618384311835926,P:9.9|P:9.6|P:10.0|B:9.0|E:10.7|E:11.10,6,3,1,2,1,1,1,1,1,1,0.125,1.0,0.125
additive_head,4,133,1.7260217368602753,1.2221177009498774,-0.5039040359103979,P:9.9|P:10.0|B:9.7|B:10.1|B:10.2|B:10.6|B:10.10|B:11.2|E:11.10,9,2,6,1,1,1,1,1,1,1,0.5,0.3333333333333333,0.375
additive_head,4,161,0.41517258435487747,-0.03594969754858835,-0.4511222819034658,P:9.9|P:9.6|B:10.1|B:10.2|B:10.10|B:11.2|E:10.7|E:11.10,8,2,4,2,1,1,1,1,1,1,0.3333333333333333,0.6666666666666666,0.5
additive_head,4,65,-1.8147796541452408,-1.0723484083005188,0.742431245844722,P:9.6|B:10.2|B:10.10|B:11.2|E:10.7|E:11.10,6,1,3,2,1,1,1,1,1,1,0.125,0.3333333333333333,0.375
additive_head,4,220,1.2591385692358017,0.8354235908070831,-0.42371497842871864,P:9.9|P:9.6|P:10.0|B:9.0|B:10.1|B:10.6|B:10.10|E:10.7|E:11.10,9,3,4,2,1,1,1,1,1,1,0.5,1.0,0.5
additive_head,4,47,0.18758106604218483,-0.04030671880035269,-0.22788778484253752,B:9.0|B:9.7|B:10.1|B:10.2|B:10.6|B:11.2,6,0,6,0,0,1,0,0,0,0,0.0,0.0,0.0
count_additive,0,122,0.3629409745335579,0.6355296330647474,0.2725886585311895,P:9.9|P:10.0|B:10.6|E:11.10,4,2,1,1,1,1,1,1,1,1,0.08333333333333333,0.3333333333333333,0.0625
count_additive,0,52,-1.6007909774780273,-0.855271327707006,0.7455196497710214,P:10.0|B:10.2|E:10.7|E:11.10,4,1,1,2,1,1,1,1,1,1,0.041666666666666664,0.3333333333333333,0.125
count_additive,0,169,0.708813302218914,0.295802525299965,-0.41301077691894905,P:9.9|P:9.6|B:9.0|B:10.2|B:10.6|B:10.10|B:11.2|B:11.9|E:10.7|E:11.10,10,2,6,2,1,1,1,1,1,1,0.5,0.6666666666666666,0.75
count_additive,0,88,0.1200842633843422,-0.1011788916509364,-0.2212631550352786,P:9.6|P:10.0|B:9.7|B:10.6|B:11.2|B:11.9|E:11.10,7,2,4,1,1,1,1,1,1,1,0.3333333333333333,0.3333333333333333,0.25
count_additive,0,162,0.49946876987814903,-0.10361917703913985,-0.6030879469172888,P:9.9|P:9.6|B:10.1|B:10.2|B:10.6|E:10.7|E:11.10,7,2,3,2,1,1,1,1,1,1,0.25,0.6666666666666666,0.375
count_additive,0,197,1.1613009199500084,0.709473425106714,-0.45182749484329443,P:9.9|P:9.6|P:10.0|B:10.1|B:10.2|B:10.6|E:10.7|E:11.10,8,3,3,2,1,1,1,1,1,1,0.375,1.0,0.375
count_additive,0,206,1.1710864640772343,0.6764414560952339,-0.4946450079820004,P:9.9|P:9.6|P:10.0|B:9.7|B:10.2|B:10.6|E:10.7|E:11.10,8,3,3,2,1,1,1,1,1,1,0.375,1.0,0.375
count_additive,0,225,1.2041504010558128,1.3926114049495661,0.1884610038937533,P:9.9|P:9.6|P:10.0|B:9.0|B:9.7|B:10.6|B:11.2|B:11.9,8,3,5,0,1,1,0,1,0,0,0.625,0.0,0.0
count_additive,0,51,-0.7062482126057148,-0.643003878153174,0.06324433445254085,P:10.0|B:11.2|E:10.7,3,1,1,1,1,1,1,1,1,1,0.041666666666666664,0.16666666666666666,0.0625
count_additive,0,3,0.42918625101447105,-0.1989407238288242,-0.6281269748432953,P:10.0,1,1,0,0,1,0,0,0,0,0,0.0,0.0,0.0
count_additive,0,68,-0.03323224559426308,-0.33652227329934226,-0.3032900277050792,P:9.6|B:9.7|B:10.1|B:10.10|B:11.2,5,1,4,0,1,1,0,1,0,0,0.16666666666666666,0.0,0.0
count_additive,0,237,1.4893603511154652,2.3649452785773786,0.8755849274619134,P:9.9|P:9.6|P:10.0|B:9.0|B:9.7|B:10.1|B:10.2|B:10.6|B:10.10|B:11.9,10,3,7,0,1,1,0,1,0,0,0.875,0.0,0.0
count_additive,0,32,-0.6199087165296078,-0.426087912847011,0.1938208036825968,B:9.7|B:10.2|B:10.10|E:10.7,4,0,3,1,0,1,1,0,0,1,0.0,0.0,0.1875
count_additive,0,134,0.43865132704377174,0.7755723267675909,0.33692099972381917,P:9.9|P:10.0|B:9.0|B:10.6|B:11.9|E:11.10,6,2,3,1,1,1,1,1,1,1,0.25,0.3333333333333333,0.1875
count_additive,0,6,0.11284342035651207,-0.5670361411225949,-0.679879561479107,B:10.1,1,0,1,0,0,1,0,0,0,0,0.0,0.0,0.0
count_additive,0,149,0.47060735896229744,0.2075994862005766,-0.26300787276172083,P:9.9|P:9.6|B:10.10|E:10.7,4,2,1,1,1,1,1,1,1,1,0.08333333333333333,0.3333333333333333,0.0625
count_additive,0,155,0.7810946628451347,0.565998582359916,-0.21509608048521878,P:9.9|P:9.6|B:10.2|B:10.6|B:10.10|B:11.2|E:10.7,7,2,4,1,1,1,1,1,1,1,0.3333333333333333,0.3333333333333333,0.25
count_additive,0,218,0.6303710080683231,1.4114762047438616,0.7811051966755385,P:9.9|P:9.6|P:10.0|B:9.0|B:10.1|B:10.10,6,3,3,0,1,1,0,1,0,0,0.375,0.0,0.0
count_additive,0,83,0.6069852113723755,0.44800354755573935,-0.15898166381663614,P:9.6|P:10.0|B:10.6|B:11.9,4,2,2,0,1,1,0,1,0,0,0.16666666666666666,0.0,0.0
count_additive,0,201,0.5236174315214157,0.20338121741965534,-0.3202362141017604,P:9.9|P:9.6|P:10.0|B:9.7|B:11.2|B:11.9|E:10.7|E:11.10,8,3,3,2,1,1,1,1,1,1,0.375,1.0,0.375
count_additive,0,96,0.8413464911282063,0.8139770983916439,-0.02736939273656236,P:9.6|P:10.0|B:9.0|B:9.7|B:10.2|B:10.6|B:10.10|B:11.2,8,2,6,0,1,1,0,1,0,0,0.5,0.0,0.0
count_additive,0,89,0.0035700574517250057,-0.2693850090037575,-0.2729550664554825,P:9.6|P:10.0|B:9.7|B:10.2|E:11.10,5,2,2,1,1,1,1,1,1,1,0.16666666666666666,0.3333333333333333,0.125
count_additive,0,101,0.13574618473649025,-0.23650585135125896,-0.3722520360877492,P:9.9|E:10.7,2,1,0,1,1,0,1,0,1,0,0.0,0.16666666666666666,0.0
count_additive,0,60,0.8043079115450382,0.7012493120777743,-0.10305859946726392,P:10.0|B:9.0|B:9.7|B:10.1|B:10.2|B:10.6|B:11.2|B:11.9,8,1,7,0,1,1,0,1,0,0,0.29166666666666663,0.0,0.0
count_additive,0,222,2.0050816535949707,1.0469653781756962,-0.9581162754192745,P:9.9|P:9.6|P:10.0|B:9.0|B:10.1|B:10.2|B:10.6|B:10.10|B:11.2|E:10.7|E:11.10,11,3,6,2,1,1,1,1,1,1,0.75,1.0,0.75
count_additive,0,76,-0.3358710706233978,-0.6344802539882372,-0.2986091833648393,P:9.6|P:10.0|E:11.10,3,2,0,1,1,0,1,0,1,0,0.0,0.3333333333333333,0.0
count_additive,0,144,-0.024949822574853897,0.13431997809227458,0.15926980066712848,P:9.9|P:9.6,2,2,0,0,1,0,0,0,0,0,0.0,0.0,0.0
count_additive,0,84,-0.024493630975484848,0.27039519746557156,0.2948888284410564,P:9.6|P:10.0|B:10.6|B:10.10|E:10.7,5,2,2,1,1,1,1,1,1,1,0.16666666666666666,0.3333333333333333,0.125
count_additive,0,215,0.6853511184453964,0.048844829504681164,-0.6365062889407153,P:9.9|P:9.6|P:10.0|B:9.0|B:10.2|B:11.2|E:10.7|E:11.10,8,3,3,2,1,1,1,1,1,1,0.375,1.0,0.375
count_additive,0,24,-1.9098994433879852,-1.2835922032894653,0.6263072400985199,B:10.6|E:10.7|E:11.10,3,0,1,2,0,1,1,0,0,1,0.0,0.0,0.125
count_additive,0,136,0.734557755291462,0.9551607984475206,0.2206030431560586,P:9.9|P:10.0|B:9.0|B:10.1,4,2,2,0,1,1,0,1,0,0,0.16666666666666666,0.0,0.0
count_additive,0,171,0.4481462836265564,-0.269361392765481,-0.7175076763920374,P:9.9|P:9.6|B:9.0|B:10.1|B:10.2|B:10.10|B:11.2|E:10.7|E:11.10,9,2,5,2,1,1,1,1,1,1,0.41666666666666663,0.6666666666666666,0.625
count_additive,0,69,-1.431811336427927,-0.733149946145594,0.698661390282333,P:9.6|B:9.7|B:10.1|B:10.2|B:10.6|B:11.2|B:11.9|E:10.7|E:11.10,9,1,6,2,1,1,1,1,1,1,0.25,0.3333333333333333,0.75
count_additive,0,191,-0.00995168462395668,0.6426765015282396,0.6526281861521963,P:9.9|P:9.6|P:10.0|B:10.1|E:11.10,5,3,1,1,1,1,1,1,1,1,0.125,0.5,0.0625
count_additive,0,235,1.4840984642505646,1.7051831738351078,0.22108470958454318,P:9.9|P:9.6|P:10.0|B:9.0|B:9.7|B:10.1|B:10.2|B:10.6|B:11.2,9,3,6,0,1,1,0,1,0,0,0.75,0.0,0.0
count_additive,0,95,-1.1356264613568783,-0.8754790108554674,0.26014745050141086,P:9.6|P:10.0|B:9.0|B:9.7|E:10.7|E:11.10,6,2,2,2,1,1,1,1,1,1,0.16666666666666666,0.6666666666666666,0.25
count_additive,0,87,-1.1586299277842045,-0.8731022622486916,0.2855276655355129,P:9.6|P:10.0|B:9.7|E:10.7|E:11.10,5,2,1,2,1,1,1,1,1,1,0.08333333333333333,0.6666666666666666,0.125
count_additive,0,114,0.6210603751242161,0.47385966910464683,-0.14720070601956925,P:9.9|B:9.0|B:9.7|B:10.10|B:11.9|E:10.7,6,1,4,1,1,1,1,1,1,1,0.16666666666666666,0.16666666666666666,0.25
count_additive,0,229,1.1873903311789036,1.6134956769369615,0.4261053457580579,P:9.9|P:9.6|P:10.0|B:9.0|B:9.7|B:10.2|B:10.6,7,3,4,0,1,1,0,1,0,0,0.5,0.0,0.0
count_additive,0,219,0.8841039836406708,1.8005665940840783,0.9164626104434075,P:9.9|P:9.6|P:10.0|B:9.0|B:10.1|B:10.6|B:10.10,7,3,4,0,1,1,0,1,0,0,0.5,0.0,0.0
count_additive,0,217,1.5335167162120342,1.5034432756231406,-0.030073440588893607,P:9.9|P:9.6|P:10.0|B:9.0|B:10.2|B:10.6|B:10.10|B:11.2|B:11.9|E:11.10,10,3,6,1,1,1,1,1,1,1,0.75,0.5,0.375
count_additive,0,4,0.0034867338836193063,-0.7356283717879548,-0.7391151056715741,B:9.0,1,0,1,0,0,1,0,0,0,0,0.0,0.0,0.0
count_additive,0,130,1.2399504967033863,0.9702335022374453,-0.269716994465941,P:9.9|P:10.0|B:9.7|B:10.2|B:10.6|B:11.2|E:10.7,7,2,4,1,1,1,1,1,1,1,0.3333333333333333,0.3333333333333333,0.25
count_additive,0,228,1.1373955719172955,1.263878754309908,0.12648318239261247,P:9.9|P:9.6|P:10.0|B:9.0|B:9.7|B:10.2|B:11.2|B:11.9,8,3,5,0,1,1,0,1,0,0,0.625,0.0,0.0
count_additive,0,128,1.061413548886776,1.2624073337500872,0.2009937848633112,P:9.9|P:10.0|B:9.7|B:10.6,4,2,2,0,1,1,0,1,0,0,0.16666666666666666,0.0,0.0
count_additive,0,15,0.35023678094148636,0.42167805003981884,0.07144126909833248,B:9.0|B:9.7|B:10.1|B:10.2|B:10.6|B:10.10|B:11.2|B:11.9,8,0,8,0,0,1,0,0,0,0,0.0,0.0,0.0
count_additive,0,124,0.904553011059761,1.4631650425671654,0.5586120315074043,P:9.9|P:10.0|B:10.1|B:10.10|B:11.9,5,2,3,0,1,1,0,1,0,0,0.25,0.0,0.0
count_additive,0,93,0.3689284063875675,0.2806035091278355,-0.08832489725973203,P:9.6|P:10.0|B:9.0|B:10.6|B:10.10|B:11.9|E:11.10,7,2,4,1,1,1,1,1,1,1,0.3333333333333333,0.3333333333333333,0.25
count_additive,1,50,-0.5812592878937721,-0.4818936509080261,0.09936563698574602,P:10.0|E:10.7,2,1,0,1,1,0,1,0,1,0,0.0,0.16666666666666666,0.0
count_additive,1,106,-0.08755524829030037,-0.07745508469232693,0.010100163597973444,P:9.9|B:11.2,2,1,1,0,1,1,0,1,0,0,0.041666666666666664,0.0,0.0
count_additive,1,230,1.7152394354343414,1.6422958488290575,-0.07294358660528388,P:9.9|P:9.6|P:10.0|B:9.0|B:9.7|B:10.2|B:10.6|B:10.10|B:11.2|B:11.9|E:11.10,11,3,7,1,1,1,1,1,1,1,0.875,0.5,0.4375
count_additive,1,160,0.06055968999862671,0.4204167298404403,0.3598570398418136,P:9.9|P:9.6|B:10.1|B:10.6|B:10.10|B:11.2|E:11.10,7,2,4,1,1,1,1,1,1,1,0.3333333333333333,0.3333333333333333,0.25
count_additive,1,48,-1.093090582638979,-0.24957734213113805,0.8435132405078409,B:9.0|B:9.7|B:10.1|B:10.2|B:10.6|B:10.10|B:11.9|E:10.7|E:11.10,9,0,7,2,0,1,1,0,0,1,0.0,0.0,0.875
count_additive,1,198,0.6584309488534927,1.032742807133089,0.37431185827959634,P:9.9|P:9.6|P:10.0|B:9.7,4,3,1,0,1,1,0,1,0,0,0.125,0.0,0.0
count_additive,1,168,0.2776085212826729,0.7769286438796125,0.4993201225969396,P:9.9|P:9.6|B:9.0|B:10.2|B:10.10|B:11.2|B:11.9,7,2,5,0,1,1,0,1,0,0,0.41666666666666663,0.0,0.0
count_additive,1,64,-1.8848259001970291,-1.4113419358019326,0.47348396439509655,P:9.6|B:10.2|E:10.7|E:11.10,4,1,1,2,1,1,1,1,1,1,0.041666666666666664,0.3333333333333333,0.125
count_additive,1,7,0.04607735201716423,-0.5644767600557107,-0.6105541120728749,B:10.2,1,0,1,0,0,1,0,0,0,0,0.0,0.0,0.0
count_additive,1,75,0.32792340219020844,-0.11272076880919335,-0.4406441709994018,P:9.6|P:10.0,2,2,0,0,1,0,0,0,0,0,0.0,0.0,0.0
count_additive,1,174,0.0011423192918300629,-0.2769969313965547,-0.27813925068838474,P:9.9|P:9.6|B:9.0|B:9.7|B:10.1|B:11.9|E:10.7|E:11.10,8,2,4,2,1,1,1,1,1,1,0.3333333333333333,0.6666666666666666,0.5
count_additive,1,154,-0.12619714811444283,-0.4280420691358894,-0.30184492102144656,P:9.9|P:9.6|B:10.2|E:10.7|E:11.10,5,2,1,2,1,1,1,1,1,1,0.08333333333333333,0.6666666666666666,0.125
count_additive,1,142,1.7428619898855686,1.8839845675777829,0.14112257769221426,P:9.9|P:10.0|B:9.0|B:9.7|B:10.1|B:10.2|B:10.6|B:10.10|B:11.2|B:11.9,10,2,8,0,1,1,0,1,0,0,0.6666666666666666,0.0,0.0
count_additive,1,10,-0.3037194274365902,-0.9560286044941698,-0.6523091770575796,B:11.2,1,0,1,0,0,1,0,0,0,0,0.0,0.0,0.0
count_additive,1,9,0.12788828462362287,-0.40619208791729344,-0.5340803725409163,B:10.10,1,0,1,0,0,1,0,0,0,0,0.0,0.0,0.0
count_additive,1,177,-0.22630655765533447,0.5621882753673121,0.7884948330226466,P:9.9|P:9.6|P:10.0|E:11.10,4,3,0,1,1,0,1,0,1,0,0.0,0.5,0.0
count_additive,1,36,0.2635531798005104,-0.413944601161934,-0.6774977809624444,B:9.0|B:10.6|B:11.9,3,0,3,0,0,1,0,0,0,0,0.0,0.0,0.0
count_additive,1,210,0.4698285423219204,0.8893647947797376,0.4195362524578172,P:9.9|P:9.6|P:10.0|B:9.0,4,3,1,0,1,1,0,1,0,0,0.125,0.0,0.0
count_additive,1,138,1.083946779370308,0.8955105517449676,-0.1884362276253403,P:9.9|P:10.0|B:9.0|B:10.1|B:10.2|B:10.10|B:11.2|B:11.9|E:10.7|E:11.10,10,2,6,2,1,1,1,1,1,1,0.5,0.6666666666666666,0.75
count_additive,1,141,1.2822950780391693,1.1247126160730117,-0.15758246196615766,P:9.9|P:10.0|B:9.0|B:9.7|B:10.1|B:10.2|B:10.6|B:11.2|B:11.9|E:11.10,10,2,7,1,1,1,1,1,1,1,0.5833333333333333,0.3333333333333333,0.4375
count_additive,1,120,0.74381148442626,1.140801247944509,0.3969897635182491,P:9.9|P:10.0|B:10.10,3,2,1,0,1,1,0,1,0,0,0.08333333333333333,0.0,0.0
count_additive,1,131,0.400036346167326,0.2906044602943463,-0.1094318858729797,P:9.9|P:10.0|B:9.7|B:10.1|B:11.9|E:10.7|E:11.10,7,2,3,2,1,1,1,1,1,1,0.25,0.6666666666666666,0.375
count_additive,1,30,-0.8866070061922073,-0.758211563806836,0.12839544238537137,B:9.7|B:10.10|B:11.2|E:10.7,4,0,3,1,0,1,1,0,0,1,0.0,0.0,0.1875
count_additive,1,193,0.6254174932837486,1.5545620809914742,0.9291445877077256,P:9.9|P:9.6|P:10.0|B:10.1|B:10.10,5,3,2,0,1,1,0,1,0,0,0.25,0.0,0.0
count_additive,1,19,1.8685232289135456,2.100838555493582,0.23231532658003617,P:9.9|P:9.6|P:10.0|B:9.0|B:9.7|B:10.1|B:10.2|B:10.6|B:10.10|B:11.2|B:11.9,11,3,8,0,1,1,0,1,0,0,1.0,0.0,0.0
count_additive,1,204,1.4221223182976246,1.6932167183198161,0.27109440002219154,P:9.9|P:9.6|P:10.0|B:9.7|B:10.6|B:10.10|B:11.9|E:10.7,8,3,4,1,1,1,1,1,1,1,0.5,0.5,0.25
count_additive,1,27,-2.0526970140635967,-1.1031785754591112,0.9495184386044855,B:10.2|B:11.9|E:10.7|E:11.10,4,0,2,2,0,1,1,0,0,1,0.0,0.0,0.25
count_additive,1,223,1.9471766948699951,1.8225509610225339,-0.12462573384746123,P:9.9|P:9.6|P:10.0|B:9.0|B:10.1|B:10.2|B:10.6|B:10.10|B:11.2|B:11.9|E:10.7,11,3,7,1,1,1,1,1,1,1,0.875,0.5,0.4375
count_additive,1,74,-0.022991657257080078,-0.13274080511101882,-0.10974914785393874,P:9.6|B:9.0|B:9.7|B:10.1|B:10.2|B:10.6|B:10.10|B:11.2|B:11.9|E:11.10,10,1,8,1,1,1,1,1,1,1,0.3333333333333333,0.16666666666666666,0.5
count_additive,1,208,0.6361530162394047,0.9403864312624739,0.3042334150230692,P:9.9|P:9.6|P:10.0|B:9.7|B:10.1|B:10.2|E:11.10,7,3,3,1,1,1,1,1,1,1,0.375,0.5,0.1875
count_additive,1,224,0.5285060442984104,0.7330973486273876,0.2045913043289772,P:9.9|P:9.6|P:10.0|B:9.0|B:9.7|B:10.6|B:11.2|E:11.10,8,3,4,1,1,1,1,1,1,1,0.5,0.5,0.25
count_additive,1,173,0.6124220378696918,0.0424289954413149,-0.569993042428377,P:9.9|P:9.6|B:9.0|B:9.7|B:10.2|B:10.6|B:11.9|E:10.7|E:11.10,9,2,5,2,1,1,1,1,1,1,0.41666666666666663,0.6666666666666666,0.625
count_additive,1,18,0.16123811528086662,0.1850551364480889,0.023817021167222285,P:9.9|P:9.6|P:10.0|E:10.7|E:11.10,5,3,0,2,1,0,1,0,1,0,0.0,1.0,0.0
count_additive,1,11,0.04421548917889595,-0.6202716041888161,-0.6644870933677121,B:11.9,1,0,1,0,0,1,0,0,0,0,0.0,0.0,0.0
count_additive,1,187,0.897874940186739,1.168289462070181,0.27041452188344195,P:9.9|P:9.6|P:10.0|B:10.6|B:11.2,5,3,2,0,1,1,0,1,0,0,0.25,0.0,0.0
count_additive,1,151,0.276092492043972,0.4153356449211548,0.1392431528771828,P:9.9|P:9.6|B:10.6,3,2,1,0,1,1,0,1,0,0,0.08333333333333333,0.0,0.0
count_additive,1,157,0.37768739834427834,-0.03728157461199208,-0.41496897295627044,P:9.9|P:9.6|B:10.1|E:10.7,4,2,1,1,1,1,1,1,1,1,0.08333333333333333,0.3333333333333333,0.0625
count_additive,1,59,0.9626401513814926,0.32724320101542337,-0.6353969503660692,P:10.0|B:9.0|B:9.7|B:10.1|B:10.6|B:11.9,6,1,5,0,1,1,0,1,0,0,0.20833333333333331,0.0,0.0
count_additive,1,103,0.26081952825188637,0.2583019156130269,-0.0025176126388594677,P:9.9|B:11.9,2,1,1,0,1,1,0,1,0,0,0.041666666666666664,0.0,0.0
count_additive,1,156,0.08269025757908821,0.25177174726557144,0.16908148968648323,P:9.9|P:9.6|B:10.1,3,2,1,0,1,1,0,1,0,0,0.08333333333333333,0.0,0.0
count_additive,1,123,0.7120838984847069,0.49881825462123536,-0.21326564386347152,P:9.9|P:10.0|B:10.1|B:11.2|E:10.7,5,2,2,1,1,1,1,1,1,1,0.16666666666666666,0.3333333333333333,0.125
count_additive,1,78,-1.3243667595088482,-0.7987169638750782,0.52564979563377,P:9.6|P:10.0|B:11.9|E:10.7|E:11.10,5,2,1,2,1,1,1,1,1,1,0.08333333333333333,0.6666666666666666,0.125
count_additive,1,115,0.6769261583685875,1.0385833973817833,0.3616572390131958,P:9.9|B:9.0|B:9.7|B:10.1|B:10.2|B:10.10|B:11.2|B:11.9,8,1,7,0,1,1,0,1,0,0,0.29166666666666663,0.0,0.0
count_additive,1,81,-0.23705962300300598,-0.05143238037782824,0.18562724262517774,P:9.6|P:10.0|B:10.10|E:10.7,4,2,1,1,1,1,1,1,1,1,0.08333333333333333,0.3333333333333333,0.0625
count_additive,1,58,0.9003594256937504,1.147140243574428,0.24678081788067763,P:10.0|B:9.0|B:10.1|B:10.2|B:10.6|B:10.10|B:11.9,7,1,6,0,1,1,0,1,0,0,0.25,0.0,0.0
count_additive,1,8,0.20578551664948463,-0.5433574351019573,-0.749142951751442,B:10.6,1,0,1,0,0,1,0,0,0,0,0.0,0.0,0.0
count_additive,1,212,0.9004754312336445,0.5481110462967108,-0.35236438493693367,P:9.9|P:9.6|P:10.0|B:9.0|B:11.2|E:10.7,6,3,2,1,1,1,1,1,1,1,0.25,0.5,0.125
count_additive,1,119,0.09514226019382477,0.4815964814889192,0.38645422129509444,P:9.9|P:10.0|B:11.9|E:11.10,4,2,1,1,1,1,1,1,1,1,0.08333333333333333,0.3333333333333333,0.0625
count_additive,2,163,-0.5653442852199078,0.013456562453822846,0.5788008476737306,P:9.9|P:9.6|B:9.7|B:10.2|B:11.2|E:11.10,6,2,3,1,1,1,1,1,1,1,0.25,0.3333333333333333,0.1875
count_additive,2,35,0.04845794662833214,-0.5547045858085633,-0.6031625324368954,B:9.0|B:11.9,2,0,2,0,0,1,0,0,0,0,0.0,0.0,0.0
count_additive,2,140,1.2962299212813377,0.7795212578012217,-0.516708663480116,P:9.9|P:10.0|B:9.0|B:9.7|B:10.1|B:10.2|B:10.10|B:11.2|B:11.9|E:10.7|E:11.10,11,2,7,2,1,1,1,1,1,1,0.5833333333333333,0.6666666666666666,0.875
count_additive,2,26,-0.9894405044615269,-0.6896945783691896,0.2997459260923373,B:10.2|E:10.7,2,0,1,1,0,1,1,0,0,1,0.0,0.0,0.0625
count_additive,2,152,-0.15340392664074898,-0.3583566166682067,-0.2049526900274577,P:9.9|P:9.6|B:10.6|E:10.7|E:11.10,5,2,1,2,1,1,1,1,1,1,0.08333333333333333,0.6666666666666666,0.125
count_additive,2,179,0.8624304980039597,0.7013323868677109,-0.16109811113624872,P:9.9|P:9.6|P:10.0|B:11.9|E:10.7,5,3,1,1,1,1,1,1,1,1,0.125,0.5,0.0625
count_additive,2,86,-0.13070636987686157,-0.5258009274076801,-0.39509455753081857,P:9.6|P:10.0|B:10.1|E:11.10,4,2,1,1,1,1,1,1,1,1,0.08333333333333333,0.3333333333333333,0.0625
count_additive,2,238,2.212401542812586,1.0320150274990707,-1.1803865153135151,P:9.9|P:9.6|P:10.0|B:9.0|B:9.7|B:10.1|B:10.2|B:10.6|B:10.10|B:11.2|E:10.7|E:11.10,12,3,7,2,1,1,1,1,1,1,0.875,1.0,0.875
count_additive,2,55,0.44097353890538216,-0.28725358476046514,-0.7282271236658473,P:10.0|B:9.0,2,1,1,0,1,1,0,1,0,0,0.041666666666666664,0.0,0.0
count_additive,2,195,1.275618951767683,0.6017770775994191,-0.6738418741682639,P:9.9|P:9.6|P:10.0|B:10.1|B:10.2|B:10.10|E:10.7|E:11.10,8,3,3,2,1,1,1,1,1,1,0.375,1.0,0.375
count_additive,2,112,0.8748807460069656,0.7938118245305755,-0.08106892147639011,P:9.9|B:9.7|B:10.1|B:10.2|B:10.6|B:10.10|B:11.2|B:11.9|E:11.10,9,1,7,1,1,1,1,1,1,1,0.29166666666666663,0.16666666666666666,0.4375
count_additive,2,188,0.19750071316957474,0.57784778500322,0.38034707183364524,P:9.9|P:9.6|P:10.0|B:10.2|E:11.10,5,3,1,1,1,1,1,1,1,1,0.125,0.5,0.0625
count_additive,2,72,0.3226247727870941,-0.20586619524700733,-0.5284909680341014,P:9.6|B:9.0|B:9.7|B:10.6|B:11.9,5,1,4,0,1,1,0,1,0,0,0.16666666666666666,0.0,0.0
count_additive,2,25,-0.6552459336817265,-0.9378034328074611,-0.2825574991257347,B:10.2|E:11.10,2,0,1,1,0,1,1,0,0,1,0.0,0.0,0.0625
count_additive,2,39,-1.902444377541542,-1.2228537177537055,0.6795906597878365,B:9.0|B:10.1|B:10.10|B:11.2|E:10.7|E:11.10,6,0,4,2,0,1,1,0,0,1,0.0,0.0,0.5
count_additive,2,192,0.37901822477579117,0.054331087967062625,-0.3246871368087285,P:9.9|P:9.6|P:10.0|B:10.1|E:10.7|E:11.10,6,3,1,2,1,1,1,1,1,1,0.125,1.0,0.125
count_additive,2,100,-0.2131936363875866,0.22014079206350506,0.43333442845109166,P:9.6|P:10.0|B:9.0|B:9.7|B:10.1|B:10.2|B:10.6|B:10.10|B:11.2|B:11.9|E:10.7|E:11.10,12,2,8,2,1,1,1,1,1,1,0.6666666666666666,0.6666666666666666,1.0
count_additive,2,132,0.7890389040112495,0.6923980811997005,-0.09664082281154907,P:9.9|P:10.0|B:9.7|B:10.1|B:10.2|B:11.2|E:11.10,7,2,4,1,1,1,1,1,1,1,0.3333333333333333,0.3333333333333333,0.25
count_additive,2,226,1.454001609236002,1.4126421995450147,-0.04135940969098728,P:9.9|P:9.6|P:10.0|B:9.0|B:9.7|B:10.6|B:10.10|B:11.9|E:10.7,9,3,5,1,1,1,1,1,1,1,0.625,0.5,0.3125
count_additive,2,216,1.325690682977438,1.1235480329324539,-0.2021426500449841,P:9.9|P:9.6|P:10.0|B:9.0|B:10.2|B:10.6|E:10.7,7,3,3,1,1,1,1,1,1,1,0.375,0.5,0.1875
count_additive,2,184,0.9177334345877171,0.3066220264522709,-0.6111114081354462,P:9.9|P:9.6|P:10.0|B:10.10|B:11.2|B:11.9|E:10.7|E:11.10,8,3,3,2,1,1,1,1,1,1,0.375,1.0,0.375
count_additive,2,33,-1.4734752662479877,-0.7966069549741472,0.6768683112738405,B:9.7|B:10.1|B:10.6|B:10.10|B:11.2|E:10.7|E:11.10,7,0,5,2,0,1,1,0,0,1,0.0,0.0,0.625
count_additive,2,107,0.5038124993443489,0.2322260450000468,-0.2715864543443021,P:9.9|B:10.1|B:10.6|E:10.7,4,1,2,1,1,1,1,1,1,1,0.08333333333333333,0.16666666666666666,0.125
count_additive,2,165,0.0528549998998642,-0.15808338901918642,-0.21093838891905062,P:9.9|P:9.6|B:9.7|B:10.1|B:10.6|B:11.2|E:10.7|E:11.10,8,2,4,2,1,1,1,1,1,1,0.3333333333333333,0.6666666666666666,0.5
count_additive,2,43,0.25424106419086456,0.1675345459040104,-0.08670651828685416,B:9.0|B:9.7|B:10.6|B:10.10|B:11.2|B:11.9,6,0,6,0,0,1,0,0,0,0,0.0,0.0,0.0
count_additive,2,71,-1.9208563305437565,-1.2002782441222646,0.7205780864214919,P:9.6|B:9.0|B:10.1|B:10.2|B:11.2|B:11.9|E:10.7|E:11.10,8,1,5,2,1,1,1,1,1,1,0.20833333333333331,0.3333333333333333,0.625
count_additive,2,102,-0.7290077060461044,-0.787422965297813,-0.05841525925170854,P:9.9|E:10.7|E:11.10,3,1,0,2,1,0,1,0,1,0,0.0,0.3333333333333333,0.0
count_additive,2,196,1.6026018001139164,0.7085061377978455,-0.8940956623160708,P:9.9|P:9.6|P:10.0|B:10.1|B:10.2|B:10.10|B:11.2|B:11.9|E:10.7|E:11.10,10,3,5,2,1,1,1,1,1,1,0.625,1.0,0.625
count_additive,2,214,1.3109852150082588,0.4971164747760839,-0.8138687402321749,P:9.9|P:9.6|P:10.0|B:9.0|B:10.6|B:10.10|B:11.2|E:10.7|E:11.10,9,3,4,2,1,1,1,1,1,1,0.5,1.0,0.5
count_additive,2,13,-0.7300628870725632,-1.1807000669235095,-0.4506371798509463,E:11.10,1,0,0,1,0,0,1,0,0,0,0.0,0.0,0.0
count_additive,2,232,1.2487009689211845,0.6051232167524192,-0.6435777521687653,P:9.9|P:9.6|P:10.0|B:9.0|B:9.7|B:10.1|B:10.2|B:11.2|B:11.9|E:10.7|E:11.10,11,3,6,2,1,1,1,1,1,1,0.75,1.0,0.75
count_additive,2,231,1.8862354047596455,0.9073907749252903,-0.9788446298343552,P:9.9|P:9.6|P:10.0|B:9.0|B:9.7|B:10.1|B:10.6|B:10.10|B:11.2|B:11.9|E:10.7|E:11.10,12,3,7,2,1,1,1,1,1,1,0.875,1.0,0.875
count_additive,2,150,0.007378906011581418,-0.3946085703399279,-0.40198747635150933,P:9.9|P:9.6|B:10.10|E:10.7|E:11.10,5,2,1,2,1,1,1,1,1,1,0.08333333333333333,0.6666666666666666,0.125
count_additive,2,73,-0.7453505955636501,-0.37668923756095,0.3686613580027001,P:9.6|B:9.0|B:9.7|B:10.1|B:10.2|B:10.6|B:10.10|B:11.9|E:10.7|E:11.10,10,1,7,2,1,1,1,1,1,1,0.29166666666666663,0.3333333333333333,0.875
count_additive,2,147,-0.8010351993143559,-0.7332063899606829,0.06782880935367297,P:9.9|P:9.6|B:11.2|E:10.7|E:11.10,5,2,1,2,1,1,1,1,1,1,0.08333333333333333,0.6666666666666666,0.125
count_additive,2,202,1.0955001190304756,0.9629435753656916,-0.13255654366478398,P:9.9|P:9.6|P:10.0|B:9.7|B:10.10|E:10.7,6,3,2,1,1,1,1,1,1,1,0.25,0.5,0.125
count_additive,2,12,-1.0317822992801666,-0.9325912124852381,0.0991910867949285,E:10.7,1,0,0,1,0,0,1,0,0,0,0.0,0.0,0.0
count_additive,2,82,-0.03239645063877106,-0.3214819526885718,-0.28908550204980077,P:9.6|P:10.0|B:10.6|E:11.10,4,2,1,1,1,1,1,1,1,1,0.08333333333333333,0.3333333333333333,0.0625
count_additive,2,31,-0.23759472742676735,-0.5273165984395254,-0.28972187101275804,B:9.7|B:10.6|B:10.10|B:11.2|E:11.10,5,0,4,1,0,1,1,0,0,1,0.0,0.0,0.25
count_additive,2,153,0.2724653035402298,0.4673457379036222,0.19488043436339242,P:9.9|P:9.6|B:10.2,3,2,1,0,1,1,0,1,0,0,0.08333333333333333,0.0,0.0
count_additive,2,29,-2.1579615026712418,-1.5007586244925932,0.6572028781786485,B:9.7|B:11.2|E:10.7|E:11.10,4,0,2,2,0,1,1,0,0,1,0.0,0.0,0.25
count_additive,2,172,0.1690041534602642,0.543684804787107,0.3746806513268428,P:9.9|P:9.6|B:9.0|B:9.7|B:10.2|B:11.2,6,2,4,0,1,1,0,1,0,0,0.3333333333333333,0.0,0.0
count_additive,2,118,-0.11092682182788849,-0.11211608855394557,-0.0011892667260570838,P:9.9|P:10.0|E:10.7|E:11.10,4,2,0,2,1,0,1,0,1,0,0.0,0.6666666666666666,0.0
count_additive,2,186,0.5278505198657513,0.2586500626861711,-0.2692004571795802,P:9.9|P:9.6|P:10.0|B:10.6|E:10.7|E:11.10,6,3,1,2,1,1,1,1,1,1,0.125,1.0,0.125
count_additive,2,79,-1.4608745947480202,-1.0576760339696258,0.40319856077839433,P:9.6|P:10.0|B:11.2|E:10.7|E:11.10,5,2,1,2,1,1,1,1,1,1,0.08333333333333333,0.6666666666666666,0.125
count_additive,2,139,1.478417843580246,1.7161474089949738,0.23772956541472778,P:9.9|P:10.0|B:9.0|B:10.1|B:10.2|B:10.6|B:10.10|B:11.2,8,2,6,0,1,1,0,1,0,0,0.5,0.0,0.0
count_additive,2,178,0.785550020635128,0.5830600053254429,-0.20249001530968513,P:9.9|P:9.6|P:10.0|E:10.7,4,3,0,1,1,0,1,0,1,0,0.0,0.5,0.0
count_additive,2,16,-1.3794433288276196,-0.35403410238385574,1.0254092264437638,B:9.0|B:9.7|B:10.1|B:10.2|B:10.6|B:10.10|B:11.2|B:11.9|E:10.7|E:11.10,10,0,8,2,0,1,1,0,0,1,0.0,0.0,1.0
count_additive,3,110,0.5567262880504131,0.4810437552251714,-0.07568253282524173,P:9.9|B:9.7|B:10.10,3,1,2,0,1,1,0,1,0,0,0.08333333333333333,0.0,0.0
count_additive,3,116,0.6422114297747612,0.7996901772585008,0.15747874748373958,P:9.9|P:10.0,2,2,0,0,1,0,0,0,0,0,0.0,0.0,0.0
count_additive,3,199,-0.008658107370138168,0.5295734868091713,0.5382315941793094,P:9.9|P:9.6|P:10.0|B:9.7|E:11.10,5,3,1,1,1,1,1,1,1,1,0.125,0.5,0.0625
count_additive,3,236,1.3518722876906395,1.4258747205580373,0.07400243286739783,P:9.9|P:9.6|P:10.0|B:9.0|B:9.7|B:10.1|B:10.2|B:10.6|B:11.2|B:11.9|E:11.10,11,3,7,1,1,1,1,1,1,1,0.875,0.5,0.4375
count_additive,3,176,0.47614696621894836,0.7624669888872463,0.2863200226682979,P:9.9|P:9.6|B:9.0|B:9.7|B:10.1|B:10.2|B:10.6|B:11.9|E:11.10,9,2,6,1,1,1,1,1,1,1,0.5,0.3333333333333333,0.375
count_additive,3,185,0.7254875265061855,1.3403954559861913,0.6149079294800057,P:9.9|P:9.6|P:10.0|B:10.6,4,3,1,0,1,1,0,1,0,0,0.125,0.0,0.0
count_additive,3,158,-0.3258376196026802,-0.5442379279236236,-0.21840030832094337,P:9.9|P:9.6|B:10.1|E:10.7|E:11.10,5,2,1,2,1,1,1,1,1,1,0.08333333333333333,0.6666666666666666,0.125
count_additive,3,2,-0.1576346568763256,-0.74432685914746,-0.5866922022711344,P:9.6,1,1,0,0,1,0,0,0,0,0,0.0,0.0,0.0
count_additive,3,209,1.2488095052540302,1.7041341975829565,0.45532469232892625,P:9.9|P:9.6|P:10.0|B:9.7|B:10.1|B:10.2|B:10.6,7,3,4,0,1,1,0,1,0,0,0.5,0.0,0.0
count_additive,3,92,-0.4412704110145569,-0.6773324377575046,-0.23606202674294774,P:9.6|P:10.0|B:9.0|B:11.2|E:11.10,5,2,2,1,1,1,1,1,1,1,0.16666666666666666,0.3333333333333333,0.125
count_additive,3,98,1.0093169696629047,0.9822772579696349,-0.027039711693269797,P:9.6|P:10.0|B:9.0|B:9.7|B:10.1|B:10.2|B:10.6|B:10.10|B:11.2|B:11.9,10,2,8,0,1,1,0,1,0,0,0.6666666666666666,0.0,0.0
count_additive,3,105,-0.6707933135330677,-0.5338640985432404,0.13692921498982735,P:9.9|B:11.9|E:10.7|E:11.10,4,1,1,2,1,1,1,1,1,1,0.041666666666666664,0.3333333333333333,0.125
count_additive,3,205,1.3846071772277355,1.1690582576430557,-0.2155489195846798,P:9.9|P:9.6|P:10.0|B:9.7|B:10.2|B:11.2|B:11.9|E:10.7,8,3,4,1,1,1,1,1,1,1,0.5,0.5,0.25
count_additive,3,200,0.39837056398391724,0.1916103026943391,-0.20676026128957814,P:9.9|P:9.6|P:10.0|B:9.7|E:10.7|E:11.10,6,3,1,2,1,1,1,1,1,1,0.125,1.0,0.125
count_additive,3,23,-0.8226649463176727,-0.6673344956930192,0.15533045062465356,B:10.6|E:10.7,2,0,1,1,0,1,1,0,0,1,0.0,0.0,0.0625
count_additive,3,56,-0.4917997419834137,-0.21689074122197305,0.27490900076144065,P:10.0|B:9.0|B:10.1|B:11.2|B:11.9|E:10.7,6,1,4,1,1,1,1,1,1,1,0.16666666666666666,0.16666666666666666,0.25
count_additive,3,159,0.029253222048282623,0.49725681766949237,0.46800359562120974,P:9.9|P:9.6|B:10.1|B:10.10|B:11.2,5,2,3,0,1,1,0,1,0,0,0.25,0.0,0.0
count_additive,3,239,2.124457161873579,1.8640017717487292,-0.26045539012484986,P:9.9|P:9.6|P:10.0|B:9.0|B:9.7|B:10.1|B:10.2|B:10.6|B:10.10|B:11.2|B:11.9|E:10.7,12,3,8,1,1,1,1,1,1,1,1.0,0.5,0.5
count_additive,3,63,-1.987990591675043,-1.5863135101851449,0.4016770814898982,P:9.6|E:10.7|E:11.10,3,1,0,2,1,0,1,0,1,0,0.0,0.3333333333333333,0.0
count_additive,3,90,0.6627392582595348,0.1179740958063612,-0.5447651624531736,P:9.6|P:10.0|B:9.7|B:10.1|B:11.9,5,2,3,0,1,1,0,1,0,0,0.25,0.0,0.0
count_additive,3,85,0.31950290501117706,0.1359278254093333,-0.18357507960184377,P:9.6|P:10.0|B:10.2|B:11.2|B:11.9,5,2,3,0,1,1,0,1,0,0,0.25,0.0,0.0
count_additive,3,181,0.5778550244867802,0.966428902995071,0.38857387850829084,P:9.9|P:9.6|P:10.0|B:11.2,4,3,1,0,1,1,0,1,0,0,0.125,0.0,0.0
count_additive,3,146,-0.3059505894780159,0.17053296466856507,0.47648355414658095,P:9.9|P:9.6|B:11.2,3,2,1,0,1,1,0,1,0,0,0.08333333333333333,0.0,0.0
count_additive,3,117,0.02911713346838951,0.2956667103356483,0.2665495768672588,P:9.9|P:10.0|E:11.10,3,2,0,1,1,0,1,0,1,0,0.0,0.3333333333333333,0.0
count_additive,3,143,1.8553861118853092,1.3789182051406392,-0.47646790674467,P:9.9|P:10.0|B:9.0|B:9.7|B:10.1|B:10.2|B:10.6|B:10.10|B:11.2|B:11.9|E:11.10,11,2,8,1,1,1,1,1,1,1,0.6666666666666666,0.3333333333333333,0.5
count_additive,3,233,1.3947341851890087,1.7889052605723232,0.39417107538331453,P:9.9|P:9.6|P:10.0|B:9.0|B:9.7|B:10.1|B:10.2|B:10.10|B:11.2,9,3,6,0,1,1,0,1,0,0,0.75,0.0,0.0
count_additive,3,97,-0.00730687752366066,0.2864217719250772,0.29372864944873783,P:9.6|P:10.0|B:9.0|B:9.7|B:10.1|B:10.2|B:11.2|B:11.9|E:10.7,9,2,6,1,1,1,1,1,1,1,0.5,0.3333333333333333,0.375
count_additive,3,80,0.4240094982087612,0.151296180139531,-0.2727133180692302,P:9.6|P:10.0|B:10.10,3,2,1,0,1,1,0,1,0,0,0.08333333333333333,0.0,0.0
count_additive,3,203,1.0001394301652908,1.6070716012785753,0.6069321711132845,P:9.9|P:9.6|P:10.0|B:9.7|B:10.6|B:10.10,6,3,3,0,1,1,0,1,0,0,0.375,0.0,0.0
count_additive,3,182,-0.11927512288093567,0.4624054360722184,0.5816805589531541,P:9.9|P:9.6|P:10.0|B:11.2|E:11.10,5,3,1,1,1,1,1,1,1,1,0.125,0.5,0.0625
count_additive,3,17,0.46299997344613075,1.0408870546643951,0.5778870812182644,P:9.9|P:9.6|P:10.0,3,3,0,0,1,0,0,0,0,0,0.0,0.0,0.0
count_additive,3,108,-0.32360805571079254,-0.20981124050364278,0.11379681520714977,P:9.9|B:10.1|B:10.2|B:11.2|E:11.10,5,1,3,1,1,1,1,1,1,1,0.125,0.16666666666666666,0.1875
count_additive,3,44,0.4107043147087097,-0.3061788144048353,-0.716883129113545,B:9.0|B:9.7|B:10.1|B:10.10,4,0,4,0,0,1,0,0,0,0,0.0,0.0,0.0
count_additive,3,148,-0.35026708617806435,-0.006761933610076626,0.34350515256798775,P:9.9|P:9.6|B:10.10|E:11.10,4,2,1,1,1,1,1,1,1,1,0.08333333333333333,0.3333333333333333,0.0625
count_additive,3,5,0.18057629838585854,-0.7139962202265302,-0.8945725186123887,B:9.7,1,0,1,0,0,1,0,0,0,0,0.0,0.0,0.0
count_additive,3,129,0.762895978987217,0.40949704297620626,-0.3533989360110107,P:9.9|P:10.0|B:9.7|B:10.2|B:10.6|E:10.7|E:11.10,7,2,3,2,1,1,1,1,1,1,0.25,0.6666666666666666,0.375
count_additive,3,194,1.2136539109051228,1.1448680976339238,-0.06878581327119893,P:9.9|P:9.6|P:10.0|B:10.1|B:10.2|B:11.9|E:10.7,7,3,3,1,1,1,1,1,1,1,0.375,0.5,0.1875
count_additive,3,42,-0.46380022168159485,-0.8436630972115268,-0.3798628755299319,B:9.0|B:9.7|B:10.10|B:11.2|B:11.9|E:11.10,6,0,5,1,0,1,1,0,0,1,0.0,0.0,0.3125
count_additive,3,183,0.8049454912543297,1.2984252042062172,0.49347971295188753,P:9.9|P:9.6|P:10.0|B:10.10|B:11.2,5,3,2,0,1,1,0,1,0,0,0.25,0.0,0.0
count_additive,3,28,0.2634904868900776,-0.24210287917713494,-0.5055933660672125,B:10.1|B:10.2|B:10.10,3,0,3,0,0,1,0,0,0,0,0.0,0.0,0.0
count_additive,3,45,-0.5084521621465683,0.03655926566046916,0.5450114278070375,B:9.0|B:9.7|B:10.1|B:10.6|B:10.10|B:11.2|B:11.9|E:10.7,8,0,7,1,0,1,1,0,0,1,0.0,0.0,0.4375
count_additive,3,61,-1.0373320244252682,-0.1426033164480381,0.8947287079772301,P:10.0|B:9.0|B:9.7|B:10.1|B:10.2|B:10.6|B:11.2|B:11.9|E:10.7|E:11.10,10,1,7,2,1,1,1,1,1,1,0.29166666666666663,0.3333333333333333,0.875
count_additive,3,94,-0.49759408831596375,0.12576143072100598,0.6233555190369697,P:9.6|P:10.0|B:9.0|B:10.1|B:10.6|B:10.10|B:11.2|B:11.9|E:10.7|E:11.10,10,2,6,2,1,1,1,1,1,1,0.5,0.6666666666666666,0.75
count_additive,3,166,0.34098824113607407,-0.39195281249002945,-0.7329410536261035,P:9.9|P:9.6|B:9.7|B:10.1|B:10.2|E:10.7|E:11.10,7,2,3,2,1,1,1,1,1,1,0.25,0.6666666666666666,0.375
count_additive,3,54,0.02327965945005417,-0.6408936583735289,-0.664173317823583,P:10.0|B:10.1|E:11.10,3,1,1,1,1,1,1,1,1,1,0.041666666666666664,0.16666666666666666,0.0625
count_additive,3,41,-2.0931180715560913,-1.3758666433148552,0.7172514282412361,B:9.0|B:9.7|B:11.2|B:11.9|E:10.7|E:11.10,6,0,4,2,0,1,1,0,0,1,0.0,0.0,0.5
count_additive,3,180,0.22938881069421768,0.3506854011747581,0.12129659048054042,P:9.9|P:9.6|P:10.0|B:11.9|E:10.7|E:11.10,6,3,1,2,1,1,1,1,1,1,0.125,1.0,0.125
count_additive,3,137,0.9683080837130547,1.0186584015520819,0.050350317839027214,P:9.9|P:10.0|B:9.0|B:10.1|B:10.2|B:11.2,6,2,4,0,1,1,0,1,0,0,0.3333333333333333,0.0,0.0
count_additive,4,135,0.3180081695318222,0.4637061573687421,0.1456979878369199,P:9.9|P:10.0|B:9.0|B:10.6|B:11.9|E:10.7|E:11.10,7,2,3,2,1,1,1,1,1,1,0.25,0.6666666666666666,0.375
count_additive,4,37,-2.092911761254072,-1.170258855089995,0.9226529061640771,B:9.0|B:10.2|E:10.7|E:11.10,4,0,2,2,0,1,1,0,0,1,0.0,0.0,0.25
count_additive,4,91,0.38466572016477585,0.0974805963082152,-0.28718512385656064,P:9.6|P:10.0|B:9.0|B:11.9,4,2,2,0,1,1,0,1,0,0,0.16666666666666666,0.0,0.0
count_additive,4,113,-0.6673449911177158,-0.5707560533383301,0.09658893777938571,P:9.9|B:9.0|B:9.7|B:11.2|B:11.9|E:10.7|E:11.10,7,1,4,2,1,1,1,1,1,1,0.16666666666666666,0.3333333333333333,0.5
count_additive,4,38,-0.12388213351368904,-0.02186140382725439,0.10202072968643465,B:9.0|B:10.2|B:10.10|B:11.2|B:11.9,5,0,5,0,0,1,0,0,0,0,0.0,0.0,0.0
count_additive,4,62,-0.96882164478302,-1.2501289732389824,-0.2813073284559624,P:9.6|E:11.10,2,1,0,1,1,0,1,0,1,0,0.0,0.16666666666666666,0.0
count_additive,4,57,-1.3938638791441917,-0.6381871196059924,0.7556767595381993,P:10.0|B:9.0|B:10.1|B:10.2|E:10.7|E:11.10,6,1,3,2,1,1,1,1,1,1,0.125,0.3333333333333333,0.375
count_additive,4,190,0.7528919950127602,0.8405332440161696,0.08764124900340942,P:9.9|P:9.6|P:10.0|B:10.2|B:10.6|B:11.2|E:11.10,7,3,3,1,1,1,1,1,1,1,0.375,0.5,0.1875
count_additive,4,164,0.30114129185676575,0.7198702003070832,0.4187289084503174,P:9.9|P:9.6|B:9.7|B:10.1|B:10.10|B:11.2|B:11.9,7,2,5,0,1,1,0,1,0,0,0.41666666666666663,0.0,0.0
count_additive,4,221,0.5948651321232319,0.7424450772683407,0.14757994514510886,P:9.9|P:9.6|P:10.0|B:9.0|B:10.1|B:10.2|B:11.2|E:11.10,8,3,4,1,1,1,1,1,1,1,0.5,0.5,0.25
count_additive,4,1,0.1935817413032055,0.14526776895864005,-0.04831397234456544,P:9.9,1,1,0,0,1,0,0,0,0,0,0.0,0.0,0.0
count_additive,4,53,-0.06579641252756119,-0.32887176555570097,-0.2630753530281398,P:10.0|B:10.2|B:11.9|E:11.10,4,1,2,1,1,1,1,1,1,1,0.08333333333333333,0.16666666666666666,0.125
count_additive,4,126,0.9073482267558575,0.926286621621135,0.018938394865277486,P:9.9|P:10.0|B:10.1|B:10.2|E:10.7,5,2,2,1,1,1,1,1,1,1,0.16666666666666666,0.3333333333333333,0.125
count_additive,4,14,-2.1500720120966434,-1.4095585257231973,0.7405134863734462,E:10.7|E:11.10,2,0,0,2,0,0,1,0,0,0,0.0,0.0,0.0
count_additive,4,40,0.43496930971741676,0.13131900648876324,-0.3036503032286535,B:9.0|B:10.1|B:10.6|B:10.10,4,0,4,0,0,1,0,0,0,0,0.0,0.0,0.0
count_additive,4,234,1.2642529793083668,1.707724803398915,0.4434718240905482,P:9.9|P:9.6|P:10.0|B:9.0|B:9.7|B:10.1|B:10.2|B:10.6,8,3,5,0,1,1,0,1,0,0,0.625,0.0,0.0
count_additive,4,34,-0.4527350068092346,-0.013476174033390409,0.4392588327758442,B:9.7|B:10.1|B:10.2|B:10.10|B:11.9|E:10.7,6,0,5,1,0,1,1,0,0,1,0.0,0.0,0.3125
count_additive,4,99,0.8856487385928631,0.5088799219213077,-0.3767688166715554,P:9.6|P:10.0|B:9.0|B:9.7|B:10.1|B:10.2|B:10.6|B:10.10|B:11.2|B:11.9|E:11.10,11,2,8,1,1,1,1,1,1,1,0.6666666666666666,0.3333333333333333,0.5
count_additive,4,109,0.5982384718954563,0.43830343608610833,-0.15993503580934798,P:9.9|B:10.1|B:10.2|B:10.6|B:10.10|B:11.2|E:11.10,7,1,5,1,1,1,1,1,1,1,0.20833333333333331,0.16666666666666666,0.3125
count_additive,4,49,-0.5108466930687428,0.22902730911108066,0.7398740021798234,B:9.0|B:9.7|B:10.1|B:10.2|B:10.6|B:10.10|B:11.2|B:11.9|E:10.7,9,0,8,1,0,1,1,0,0,1,0.0,0.0,0.5
count_additive,4,127,0.24340659379959106,0.3207880145555929,0.07738142075600185,P:9.9|P:10.0|B:9.7|E:11.10,4,2,1,1,1,1,1,1,1,1,0.08333333333333333,0.3333333333333333,0.0625
count_additive,4,21,-2.0925130136311054,-1.3404946086696903,0.7520184049614151,B:11.9|E:10.7|E:11.10,3,0,1,2,0,1,1,0,0,1,0.0,0.0,0.125
count_additive,4,227,1.6139287240803242,0.8522039371057986,-0.7617247869745256,P:9.9|P:9.6|P:10.0|B:9.0|B:9.7|B:10.6|B:10.10|B:11.2|B:11.9|E:10.7|E:11.10,11,3,6,2,1,1,1,1,1,1,0.75,1.0,0.75
count_additive,4,167,0.3539474345743656,0.17479137239132025,-0.17915606218304536,P:9.9|P:9.6|B:9.0|B:11.9|E:10.7,5,2,2,1,1,1,1,1,1,1,0.16666666666666666,0.3333333333333333,0.125
count_additive,4,125,1.1199581176042557,1.2793324408595017,0.15937432325524603,P:9.9|P:10.0|B:10.1|B:10.6|B:11.2|B:11.9,6,2,4,0,1,1,0,1,0,0,0.3333333333333333,0.0,0.0
count_additive,4,170,0.3828652650117874,0.6798697372231377,0.2970044722113503,P:9.9|P:9.6|B:9.0|B:10.1|B:10.6,5,2,3,0,1,1,0,1,0,0,0.25,0.0,0.0
count_additive,4,66,0.09258740022778511,-0.2915985108208011,-0.38418591104858624,P:9.6|B:10.1|B:10.2|B:11.9,4,1,3,0,1,1,0,1,0,0,0.125,0.0,0.0
count_additive,4,104,0.20134234055876732,-0.024080811588449824,-0.22542315214721714,P:9.9|B:11.9|E:10.7,3,1,1,1,1,1,1,1,1,1,0.041666666666666664,0.16666666666666666,0.0625
count_additive,4,22,-0.9958479702472687,-1.109498871066672,-0.11365090081940332,B:11.2|B:11.9|E:11.10,3,0,2,1,0,1,1,0,0,1,0.0,0.0,0.125
count_additive,4,46,-0.23023967072367668,-0.32736702091417974,-0.09712735019050306,B:9.0|B:9.7|B:10.1|B:10.2|B:10.10|B:11.2|B:11.9|E:11.10,8,0,7,1,0,1,1,0,0,1,0.0,0.0,0.4375
count_additive,4,111,-0.15740074962377548,-0.37480052880484527,-0.21739977918106979,P:9.9|B:9.7|B:10.6|E:10.7|E:11.10,5,1,2,2,1,1,1,1,1,1,0.08333333333333333,0.3333333333333333,0.25
count_additive,4,70,-1.6255602352321148,-1.0325320008322116,0.5930282343999032,P:9.6|B:9.0|B:10.1|B:10.2|B:11.9|E:10.7|E:11.10,7,1,4,2,1,1,1,1,1,1,0.16666666666666666,0.3333333333333333,0.5
count_additive,4,77,-1.3802263587713242,-0.8670275501394561,0.5131988086318681,P:9.6|P:10.0|E:10.7|E:11.10,4,2,0,2,1,0,1,0,1,0,0.0,0.6666666666666666,0.0
count_additive,4,145,-0.9065218307077885,-0.23059884881513476,0.6759229818926538,P:9.9|P:9.6|E:11.10,3,2,0,1,1,0,1,0,1,0,0.0,0.3333333333333333,0.0
count_additive,4,207,1.1867230460047722,0.7244654564619253,-0.4622575895428469,P:9.9|P:9.6|P:10.0|B:9.7|B:10.1|B:10.10|B:11.9|E:10.7|E:11.10,9,3,4,2,1,1,1,1,1,1,0.5,1.0,0.5
count_additive,4,189,0.5667572394013405,0.3158215391614052,-0.2509357002399353,P:9.9|P:9.6|P:10.0|B:10.2|E:10.7|E:11.10,6,3,1,2,1,1,1,1,1,1,0.125,1.0,0.125
count_additive,4,20,2.3267794027924538,1.205371854327781,-1.1214075484646728,P:9.9|P:9.6|P:10.0|B:9.0|B:9.7|B:10.1|B:10.2|B:10.6|B:10.10|B:11.2|B:11.9|E:10.7|E:11.10,13,3,8,2,1,1,1,1,1,1,1.0,1.0,1.0
count_additive,4,175,0.43807394430041313,0.7414127292029947,0.3033387849025816,P:9.9|P:9.6|B:9.0|B:9.7|B:10.1|B:10.10,6,2,4,0,1,1,0,1,0,0,0.3333333333333333,0.0,0.0
count_additive,4,67,0.1194758489727974,-0.5026231751439874,-0.6220990241167847,P:9.6|B:9.7|B:10.2,3,1,2,0,1,1,0,1,0,0,0.08333333333333333,0.0,0.0
count_additive,4,121,0.8768309131264687,1.0700394014829155,0.19320848835644688,P:9.9|P:10.0|B:10.6,3,2,1,0,1,1,0,1,0,0,0.08333333333333333,0.0,0.0
count_additive,4,213,0.7374192625284195,1.266578821085931,0.5291595585575115,P:9.9|P:9.6|P:10.0|B:9.0|B:10.6,5,3,2,0,1,1,0,1,0,0,0.25,0.0,0.0
count_additive,4,211,0.1879602037370205,0.11585879805087376,-0.07210140568614673,P:9.9|P:9.6|P:10.0|B:9.0|E:10.7|E:11.10,6,3,1,2,1,1,1,1,1,1,0.125,1.0,0.125
count_additive,4,133,1.7260217368602753,1.222930527612842,-0.5030912092474333,P:9.9|P:10.0|B:9.7|B:10.1|B:10.2|B:10.6|B:10.10|B:11.2|E:11.10,9,2,6,1,1,1,1,1,1,1,0.5,0.3333333333333333,0.375
count_additive,4,161,0.41517258435487747,-0.050893716205920855,-0.46606630056079834,P:9.9|P:9.6|B:10.1|B:10.2|B:10.10|B:11.2|E:10.7|E:11.10,8,2,4,2,1,1,1,1,1,1,0.3333333333333333,0.6666666666666666,0.5
count_additive,4,65,-1.8147796541452408,-1.2276114675228322,0.5871681866224085,P:9.6|B:10.2|B:10.10|B:11.2|E:10.7|E:11.10,6,1,3,2,1,1,1,1,1,1,0.125,0.3333333333333333,0.375
count_additive,4,220,1.2591385692358017,0.8692510541048665,-0.3898875151309352,P:9.9|P:9.6|P:10.0|B:9.0|B:10.1|B:10.6|B:10.10|E:10.7|E:11.10,9,3,4,2,1,1,1,1,1,1,0.5,1.0,0.5
count_additive,4,47,0.18758106604218483,0.0583438100499522,-0.12923725599223262,B:9.0|B:9.7|B:10.1|B:10.2|B:10.6|B:11.2,6,0,6,0,0,1,0,0,0,0,0.0,0.0,0.0
count_plus_PB_count,0,122,0.3629409745335579,0.6053415387040908,0.2424005641705329,P:9.9|P:10.0|B:10.6|E:11.10,4,2,1,1,1,1,1,1,1,1,0.08333333333333333,0.3333333333333333,0.0625
count_plus_PB_count,0,52,-1.6007909774780273,-0.7801455237977925,0.8206454536802349,P:10.0|B:10.2|E:10.7|E:11.10,4,1,1,2,1,1,1,1,1,1,0.041666666666666664,0.3333333333333333,0.125
count_plus_PB_count,0,169,0.708813302218914,0.2833820709480157,-0.4254312312708983,P:9.9|P:9.6|B:9.0|B:10.2|B:10.6|B:10.10|B:11.2|B:11.9|E:10.7|E:11.10,10,2,6,2,1,1,1,1,1,1,0.5,0.6666666666666666,0.75
count_plus_PB_count,0,88,0.1200842633843422,-0.08235369089578742,-0.20243795428012962,P:9.6|P:10.0|B:9.7|B:10.6|B:11.2|B:11.9|E:11.10,7,2,4,1,1,1,1,1,1,1,0.3333333333333333,0.3333333333333333,0.25
count_plus_PB_count,0,162,0.49946876987814903,-0.12886542802980608,-0.6283341979079551,P:9.9|P:9.6|B:10.1|B:10.2|B:10.6|E:10.7|E:11.10,7,2,3,2,1,1,1,1,1,1,0.25,0.6666666666666666,0.375
count_plus_PB_count,0,197,1.1613009199500084,0.6674707561148572,-0.4938301638351512,P:9.9|P:9.6|P:10.0|B:10.1|B:10.2|B:10.6|E:10.7|E:11.10,8,3,3,2,1,1,1,1,1,1,0.375,1.0,0.375
count_plus_PB_count,0,206,1.1710864640772343,0.628295552499589,-0.5427909115776453,P:9.9|P:9.6|P:10.0|B:9.7|B:10.2|B:10.6|E:10.7|E:11.10,8,3,3,2,1,1,1,1,1,1,0.375,1.0,0.375
count_plus_PB_count,0,225,1.2041504010558128,1.5408115859602187,0.3366611849044059,P:9.9|P:9.6|P:10.0|B:9.0|B:9.7|B:10.6|B:11.2|B:11.9,8,3,5,0,1,1,0,1,0,0,0.625,0.0,0.0
count_plus_PB_count,0,51,-0.7062482126057148,-0.5393456440844183,0.16690256852129648,P:10.0|B:11.2|E:10.7,3,1,1,1,1,1,1,1,1,1,0.041666666666666664,0.16666666666666666,0.0625
count_plus_PB_count,0,3,0.42918625101447105,-0.1043027907001722,-0.5334890417146433,P:10.0,1,1,0,0,1,0,0,0,0,0,0.0,0.0,0.0
count_plus_PB_count,0,68,-0.03323224559426308,-0.33110689438083063,-0.29787464878656755,P:9.6|B:9.7|B:10.1|B:10.10|B:11.2,5,1,4,0,1,1,0,1,0,0,0.16666666666666666,0.0,0.0
count_plus_PB_count,0,237,1.4893603511154652,2.6695784150778383,1.1802180639623732,P:9.9|P:9.6|P:10.0|B:9.0|B:9.7|B:10.1|B:10.2|B:10.6|B:10.10|B:11.9,10,3,7,0,1,1,0,1,0,0,0.875,0.0,0.0
count_plus_PB_count,0,32,-0.6199087165296078,-0.40744472207331495,0.21246399445629283,B:9.7|B:10.2|B:10.10|E:10.7,4,0,3,1,0,1,1,0,0,1,0.0,0.0,0.1875
count_plus_PB_count,0,134,0.43865132704377174,0.7896704510758878,0.3510191240321161,P:9.9|P:10.0|B:9.0|B:10.6|B:11.9|E:11.10,6,2,3,1,1,1,1,1,1,1,0.25,0.3333333333333333,0.1875
count_plus_PB_count,0,6,0.11284342035651207,-0.3054471903260482,-0.4182906106825603,B:10.1,1,0,1,0,0,1,0,0,0,0,0.0,0.0,0.0
count_plus_PB_count,0,149,0.47060735896229744,0.20014863705358626,-0.2704587219087112,P:9.9|P:9.6|B:10.10|E:10.7,4,2,1,1,1,1,1,1,1,1,0.08333333333333333,0.3333333333333333,0.0625
count_plus_PB_count,0,155,0.7810946628451347,0.5310643107766997,-0.25003035206843505,P:9.9|P:9.6|B:10.2|B:10.6|B:10.10|B:11.2|E:10.7,7,2,4,1,1,1,1,1,1,1,0.3333333333333333,0.3333333333333333,0.25
count_plus_PB_count,0,218,0.6303710080683231,1.4601530751064253,0.8297820670381022,P:9.9|P:9.6|P:10.0|B:9.0|B:10.1|B:10.10,6,3,3,0,1,1,0,1,0,0,0.375,0.0,0.0
count_plus_PB_count,0,83,0.6069852113723755,0.3923796994224333,-0.2146055119499422,P:9.6|P:10.0|B:10.6|B:11.9,4,2,2,0,1,1,0,1,0,0,0.16666666666666666,0.0,0.0
count_plus_PB_count,0,201,0.5236174315214157,0.18824564191492393,-0.3353717896064918,P:9.9|P:9.6|P:10.0|B:9.7|B:11.2|B:11.9|E:10.7|E:11.10,8,3,3,2,1,1,1,1,1,1,0.375,1.0,0.375
count_plus_PB_count,0,96,0.8413464911282063,0.83256866403427,-0.008777827093936263,P:9.6|P:10.0|B:9.0|B:9.7|B:10.2|B:10.6|B:10.10|B:11.2,8,2,6,0,1,1,0,1,0,0,0.5,0.0,0.0
count_plus_PB_count,0,89,0.0035700574517250057,-0.28837220899386307,-0.2919422664455881,P:9.6|P:10.0|B:9.7|B:10.2|E:11.10,5,2,2,1,1,1,1,1,1,1,0.16666666666666666,0.3333333333333333,0.125
count_plus_PB_count,0,101,0.13574618473649025,-0.14331886403218788,-0.2790650487686781,P:9.9|E:10.7,2,1,0,1,1,0,1,0,1,0,0.0,0.16666666666666666,0.0
count_plus_PB_count,0,60,0.8043079115450382,0.4781236499737034,-0.32618426157133484,P:10.0|B:9.0|B:9.7|B:10.1|B:10.2|B:10.6|B:11.2|B:11.9,8,1,7,0,1,1,0,1,0,0,0.29166666666666663,0.0,0.0
count_plus_PB_count,0,222,2.0050816535949707,1.252853968909257,-0.7522276846857137,P:9.9|P:9.6|P:10.0|B:9.0|B:10.1|B:10.2|B:10.6|B:10.10|B:11.2|E:10.7|E:11.10,11,3,6,2,1,1,1,1,1,1,0.75,1.0,0.75
count_plus_PB_count,0,76,-0.3358710706233978,-0.7078338363948602,-0.37196276577146237,P:9.6|P:10.0|E:11.10,3,2,0,1,1,0,1,0,1,0,0.0,0.3333333333333333,0.0
count_plus_PB_count,0,144,-0.024949822574853897,0.020221977076383554,0.04517179965123745,P:9.9|P:9.6,2,2,0,0,1,0,0,0,0,0,0.0,0.0,0.0
count_plus_PB_count,0,84,-0.024493630975484848,0.26090677661402306,0.2854004075895079,P:9.6|P:10.0|B:10.6|B:10.10|E:10.7,5,2,2,1,1,1,1,1,1,1,0.16666666666666666,0.3333333333333333,0.125
count_plus_PB_count,0,215,0.6853511184453964,0.012617681955899074,-0.6727334364894973,P:9.9|P:9.6|P:10.0|B:9.0|B:10.2|B:11.2|E:10.7|E:11.10,8,3,3,2,1,1,1,1,1,1,0.375,1.0,0.375
count_plus_PB_count,0,24,-1.9098994433879852,-1.0497313405631252,0.86016810282486,B:10.6|E:10.7|E:11.10,3,0,1,2,0,1,1,0,0,1,0.0,0.0,0.125
count_plus_PB_count,0,136,0.734557755291462,0.9622358630398904,0.22767810774842845,P:9.9|P:10.0|B:9.0|B:10.1,4,2,2,0,1,1,0,1,0,0,0.16666666666666666,0.0,0.0
count_plus_PB_count,0,171,0.4481462836265564,-0.20568863637539575,-0.6538349200019522,P:9.9|P:9.6|B:9.0|B:10.1|B:10.2|B:10.10|B:11.2|E:10.7|E:11.10,9,2,5,2,1,1,1,1,1,1,0.41666666666666663,0.6666666666666666,0.625
count_plus_PB_count,0,69,-1.431811336427927,-0.9296990136660075,0.5021123227619195,P:9.6|B:9.7|B:10.1|B:10.2|B:10.6|B:11.2|B:11.9|E:10.7|E:11.10,9,1,6,2,1,1,1,1,1,1,0.25,0.3333333333333333,0.75
count_plus_PB_count,0,191,-0.00995168462395668,0.5091003387754857,0.5190520233994423,P:9.9|P:9.6|P:10.0|B:10.1|E:11.10,5,3,1,1,1,1,1,1,1,1,0.125,0.5,0.0625
count_plus_PB_count,0,235,1.4840984642505646,1.8944974114719058,0.4103989472213412,P:9.9|P:9.6|P:10.0|B:9.0|B:9.7|B:10.1|B:10.2|B:10.6|B:11.2,9,3,6,0,1,1,0,1,0,0,0.75,0.0,0.0
count_plus_PB_count,0,95,-1.1356264613568783,-0.846550859255655,0.2890756021012233,P:9.6|P:10.0|B:9.0|B:9.7|E:10.7|E:11.10,6,2,2,2,1,1,1,1,1,1,0.16666666666666666,0.6666666666666666,0.25
count_plus_PB_count,0,87,-1.1586299277842045,-0.870768281382968,0.28786164640123646,P:9.6|P:10.0|B:9.7|E:10.7|E:11.10,5,2,1,2,1,1,1,1,1,1,0.08333333333333333,0.6666666666666666,0.125
count_plus_PB_count,0,114,0.6210603751242161,0.46890308315025186,-0.15215729197396421,P:9.9|B:9.0|B:9.7|B:10.10|B:11.9|E:10.7,6,1,4,1,1,1,1,1,1,1,0.16666666666666666,0.16666666666666666,0.25
count_plus_PB_count,0,229,1.1873903311789036,1.6472350855195832,0.4598447543406796,P:9.9|P:9.6|P:10.0|B:9.0|B:9.7|B:10.2|B:10.6,7,3,4,0,1,1,0,1,0,0,0.5,0.0,0.0
count_plus_PB_count,0,219,0.8841039836406708,1.9037199527281587,1.019615969087488,P:9.9|P:9.6|P:10.0|B:9.0|B:10.1|B:10.6|B:10.10,7,3,4,0,1,1,0,1,0,0,0.5,0.0,0.0
count_plus_PB_count,0,217,1.5335167162120342,1.6880127930677093,0.15449607685567512,P:9.9|P:9.6|P:10.0|B:9.0|B:10.2|B:10.6|B:10.10|B:11.2|B:11.9|E:11.10,10,3,6,1,1,1,1,1,1,1,0.75,0.5,0.375
count_plus_PB_count,0,4,0.0034867338836193063,-0.47435868516486446,-0.47784541904848377,B:9.0,1,0,1,0,0,1,0,0,0,0,0.0,0.0,0.0
count_plus_PB_count,0,130,1.2399504967033863,0.9268679933541815,-0.31308250334920484,P:9.9|P:10.0|B:9.7|B:10.2|B:10.6|B:11.2|E:10.7,7,2,4,1,1,1,1,1,1,1,0.3333333333333333,0.3333333333333333,0.25
count_plus_PB_count,0,228,1.1373955719172955,1.3869674264260716,0.24957185450877617,P:9.9|P:9.6|P:10.0|B:9.0|B:9.7|B:10.2|B:11.2|B:11.9,8,3,5,0,1,1,0,1,0,0,0.625,0.0,0.0
count_plus_PB_count,0,128,1.061413548886776,1.2234762211919707,0.16206267230519478,P:9.9|P:10.0|B:9.7|B:10.6,4,2,2,0,1,1,0,1,0,0,0.16666666666666666,0.0,0.0
count_plus_PB_count,0,15,0.35023678094148636,-0.1382762810806355,-0.48851306202212186,B:9.0|B:9.7|B:10.1|B:10.2|B:10.6|B:10.10|B:11.2|B:11.9,8,0,8,0,0,1,0,0,0,0,0.0,0.0,0.0
count_plus_PB_count,0,124,0.904553011059761,1.4862284191108832,0.5816754080511222,P:9.9|P:10.0|B:10.1|B:10.10|B:11.9,5,2,3,0,1,1,0,1,0,0,0.25,0.0,0.0
count_plus_PB_count,0,93,0.3689284063875675,0.33731710125996683,-0.031611305127600686,P:9.6|P:10.0|B:9.0|B:10.6|B:10.10|B:11.9|E:11.10,7,2,4,1,1,1,1,1,1,1,0.3333333333333333,0.3333333333333333,0.25
count_plus_PB_count,1,50,-0.5812592878937721,-0.4216628571794357,0.15959643071433643,P:10.0|E:10.7,2,1,0,1,1,0,1,0,1,0,0.0,0.16666666666666666,0.0
count_plus_PB_count,1,106,-0.08755524829030037,0.02777112584652003,0.1153263741368204,P:9.9|B:11.2,2,1,1,0,1,1,0,1,0,0,0.041666666666666664,0.0,0.0
count_plus_PB_count,1,230,1.7152394354343414,1.8959340538925287,0.18069461845818724,P:9.9|P:9.6|P:10.0|B:9.0|B:9.7|B:10.2|B:10.6|B:10.10|B:11.2|B:11.9|E:11.10,11,3,7,1,1,1,1,1,1,1,0.875,0.5,0.4375
count_plus_PB_count,1,160,0.06055968999862671,0.47073976802155826,0.41018007802293155,P:9.9|P:9.6|B:10.1|B:10.6|B:10.10|B:11.2|E:11.10,7,2,4,1,1,1,1,1,1,1,0.3333333333333333,0.3333333333333333,0.25
count_plus_PB_count,1,48,-1.093090582638979,-0.6224289861702941,0.4706615964686849,B:9.0|B:9.7|B:10.1|B:10.2|B:10.6|B:10.10|B:11.9|E:10.7|E:11.10,9,0,7,2,0,1,1,0,0,1,0.0,0.0,0.875
count_plus_PB_count,1,198,0.6584309488534927,0.8794761481779823,0.22104519932448952,P:9.9|P:9.6|P:10.0|B:9.7,4,3,1,0,1,1,0,1,0,0,0.125,0.0,0.0
count_plus_PB_count,1,168,0.2776085212826729,0.8223299734408148,0.5447214521581419,P:9.9|P:9.6|B:9.0|B:10.2|B:10.10|B:11.2|B:11.9,7,2,5,0,1,1,0,1,0,0,0.41666666666666663,0.0,0.0
count_plus_PB_count,1,64,-1.8848259001970291,-1.3477637195651837,0.5370621806318454,P:9.6|B:10.2|E:10.7|E:11.10,4,1,1,2,1,1,1,1,1,1,0.041666666666666664,0.3333333333333333,0.125
count_plus_PB_count,1,7,0.04607735201716423,-0.36796339532932926,-0.4140407473464935,B:10.2,1,0,1,0,0,1,0,0,0,0,0.0,0.0,0.0
count_plus_PB_count,1,75,0.32792340219020844,-0.21906884734429424,-0.5469922495345027,P:9.6|P:10.0,2,2,0,0,1,0,0,0,0,0,0.0,0.0,0.0
count_plus_PB_count,1,174,0.0011423192918300629,-0.2615753912874374,-0.26271771057926746,P:9.9|P:9.6|B:9.0|B:9.7|B:10.1|B:11.9|E:10.7|E:11.10,8,2,4,2,1,1,1,1,1,1,0.3333333333333333,0.6666666666666666,0.5
count_plus_PB_count,1,154,-0.12619714811444283,-0.4797737068986073,-0.3535765587841645,P:9.9|P:9.6|B:10.2|E:10.7|E:11.10,5,2,1,2,1,1,1,1,1,1,0.08333333333333333,0.6666666666666666,0.125
count_plus_PB_count,1,142,1.7428619898855686,1.9965812195482449,0.25371922966267624,P:9.9|P:10.0|B:9.0|B:9.7|B:10.1|B:10.2|B:10.6|B:10.10|B:11.2|B:11.9,10,2,8,0,1,1,0,1,0,0,0.6666666666666666,0.0,0.0
count_plus_PB_count,1,10,-0.3037194274365902,-0.7136150548040794,-0.4098956273674892,B:11.2,1,0,1,0,0,1,0,0,0,0,0.0,0.0,0.0
count_plus_PB_count,1,9,0.12788828462362287,-0.1708530405341181,-0.298741325157741,B:10.10,1,0,1,0,0,1,0,0,0,0,0.0,0.0,0.0
count_plus_PB_count,1,177,-0.22630655765533447,0.25794112802711733,0.4842476856824518,P:9.9|P:9.6|P:10.0|E:11.10,4,3,0,1,1,0,1,0,1,0,0.0,0.5,0.0
count_plus_PB_count,1,36,0.2635531798005104,-0.38071670575383487,-0.6442698855543453,B:9.0|B:10.6|B:11.9,3,0,3,0,0,1,0,0,0,0,0.0,0.0,0.0
count_plus_PB_count,1,210,0.4698285423219204,0.7126314327560249,0.24280289043410452,P:9.9|P:9.6|P:10.0|B:9.0,4,3,1,0,1,1,0,1,0,0,0.125,0.0,0.0
count_plus_PB_count,1,138,1.083946779370308,0.889818734214736,-0.19412804515557192,P:9.9|P:10.0|B:9.0|B:10.1|B:10.2|B:10.10|B:11.2|B:11.9|E:10.7|E:11.10,10,2,6,2,1,1,1,1,1,1,0.5,0.6666666666666666,0.75
count_plus_PB_count,1,141,1.2822950780391693,1.1887264815654934,-0.09356859647367588,P:9.9|P:10.0|B:9.0|B:9.7|B:10.1|B:10.2|B:10.6|B:11.2|B:11.9|E:11.10,10,2,7,1,1,1,1,1,1,1,0.5833333333333333,0.3333333333333333,0.4375
count_plus_PB_count,1,120,0.74381148442626,1.124432835555909,0.380621351129649,P:9.9|P:10.0|B:10.10,3,2,1,0,1,1,0,1,0,0,0.08333333333333333,0.0,0.0
count_plus_PB_count,1,131,0.400036346167326,0.3218143840457159,-0.07822196212161009,P:9.9|P:10.0|B:9.7|B:10.1|B:11.9|E:10.7|E:11.10,7,2,3,2,1,1,1,1,1,1,0.25,0.6666666666666666,0.375
count_plus_PB_count,1,30,-0.8866070061922073,-0.6674405471220172,0.21916645907019017,B:9.7|B:10.10|B:11.2|E:10.7,4,0,3,1,0,1,1,0,0,1,0.0,0.0,0.1875
count_plus_PB_count,1,193,0.6254174932837486,1.4508575583441883,0.8254400650604397,P:9.9|P:9.6|P:10.0|B:10.1|B:10.10,5,3,2,0,1,1,0,1,0,0,0.25,0.0,0.0
count_plus_PB_count,1,19,1.8685232289135456,2.4590428185250603,0.5905195896115147,P:9.9|P:9.6|P:10.0|B:9.0|B:9.7|B:10.1|B:10.2|B:10.6|B:10.10|B:11.2|B:11.9,11,3,8,0,1,1,0,1,0,0,1.0,0.0,0.0
count_plus_PB_count,1,204,1.4221223182976246,1.743888676867237,0.32176635856961244,P:9.9|P:9.6|P:10.0|B:9.7|B:10.6|B:10.10|B:11.9|E:10.7,8,3,4,1,1,1,1,1,1,1,0.5,0.5,0.25
count_plus_PB_count,1,27,-2.0526970140635967,-1.0338933537659143,1.0188036602976824,B:10.2|B:11.9|E:10.7|E:11.10,4,0,2,2,0,1,1,0,0,1,0.0,0.0,0.25
count_plus_PB_count,1,223,1.9471766948699951,2.0698518385133235,0.12267514364332843,P:9.9|P:9.6|P:10.0|B:9.0|B:10.1|B:10.2|B:10.6|B:10.10|B:11.2|B:11.9|E:10.7,11,3,7,1,1,1,1,1,1,1,0.875,0.5,0.4375
count_plus_PB_count,1,74,-0.022991657257080078,-0.27001695966137024,-0.24702530240429016,P:9.6|B:9.0|B:9.7|B:10.1|B:10.2|B:10.6|B:10.10|B:11.2|B:11.9|E:11.10,10,1,8,1,1,1,1,1,1,1,0.3333333333333333,0.16666666666666666,0.5
count_plus_PB_count,1,208,0.6361530162394047,0.9272599925586312,0.29110697631922655,P:9.9|P:9.6|P:10.0|B:9.7|B:10.1|B:10.2|E:11.10,7,3,3,1,1,1,1,1,1,1,0.375,0.5,0.1875
count_plus_PB_count,1,224,0.5285060442984104,0.7814123874510136,0.2529063431526032,P:9.9|P:9.6|P:10.0|B:9.0|B:9.7|B:10.6|B:11.2|E:11.10,8,3,4,1,1,1,1,1,1,1,0.5,0.5,0.25
count_plus_PB_count,1,173,0.6124220378696918,0.06537894499401953,-0.5470430928756723,P:9.9|P:9.6|B:9.0|B:9.7|B:10.2|B:10.6|B:11.9|E:10.7|E:11.10,9,2,5,2,1,1,1,1,1,1,0.41666666666666663,0.6666666666666666,0.625
count_plus_PB_count,1,18,0.16123811528086662,-0.13744189801526427,-0.2986800132961309,P:9.9|P:9.6|P:10.0|E:10.7|E:11.10,5,3,0,2,1,0,1,0,1,0,0.0,1.0,0.0
count_plus_PB_count,1,11,0.04421548917889595,-0.3919179537702732,-0.43613344294916917,B:11.9,1,0,1,0,0,1,0,0,0,0,0.0,0.0,0.0
count_plus_PB_count,1,187,0.897874940186739,1.0588501884351018,0.16097524824836285,P:9.9|P:9.6|P:10.0|B:10.6|B:11.2,5,3,2,0,1,1,0,1,0,0,0.25,0.0,0.0
count_plus_PB_count,1,151,0.276092492043972,0.3980023212271526,0.1219098291831806,P:9.9|P:9.6|B:10.6,3,2,1,0,1,1,0,1,0,0,0.08333333333333333,0.0,0.0
count_plus_PB_count,1,157,0.37768739834427834,-0.033885822868846616,-0.41157322121312495,P:9.9|P:9.6|B:10.1|E:10.7,4,2,1,1,1,1,1,1,1,1,0.08333333333333333,0.3333333333333333,0.0625
count_plus_PB_count,1,59,0.9626401513814926,0.28049592648451427,-0.6821442248969783,P:10.0|B:9.0|B:9.7|B:10.1|B:10.6|B:11.9,6,1,5,0,1,1,0,1,0,0,0.20833333333333331,0.0,0.0
count_plus_PB_count,1,103,0.26081952825188637,0.34946822688032597,0.0886486986284396,P:9.9|B:11.9,2,1,1,0,1,1,0,1,0,0,0.041666666666666664,0.0,0.0
count_plus_PB_count,1,156,0.08269025757908821,0.2472476768662778,0.1645574192871896,P:9.9|P:9.6|B:10.1,3,2,1,0,1,1,0,1,0,0,0.08333333333333333,0.0,0.0
count_plus_PB_count,1,123,0.7120838984847069,0.49612473529895784,-0.21595916318574904,P:9.9|P:10.0|B:10.1|B:11.2|E:10.7,5,2,2,1,1,1,1,1,1,1,0.16666666666666666,0.3333333333333333,0.125
count_plus_PB_count,1,78,-1.3243667595088482,-0.8178185825666999,0.5065481769421483,P:9.6|P:10.0|B:11.9|E:10.7|E:11.10,5,2,1,2,1,1,1,1,1,1,0.08333333333333333,0.6666666666666666,0.125
count_plus_PB_count,1,115,0.6769261583685875,0.8870092314351441,0.2100830730665566,P:9.9|B:9.0|B:9.7|B:10.1|B:10.2|B:10.10|B:11.2|B:11.9,8,1,7,0,1,1,0,1,0,0,0.29166666666666663,0.0,0.0
count_plus_PB_count,1,81,-0.23705962300300598,-0.047959451756329874,0.1891001712466761,P:9.6|P:10.0|B:10.10|E:10.7,4,2,1,1,1,1,1,1,1,1,0.08333333333333333,0.3333333333333333,0.0625
count_plus_PB_count,1,58,0.9003594256937504,0.9689028342014446,0.06854340850769425,P:10.0|B:9.0|B:10.1|B:10.2|B:10.6|B:10.10|B:11.9,7,1,6,0,1,1,0,1,0,0,0.25,0.0,0.0
count_plus_PB_count,1,8,0.20578551664948463,-0.3201150845129087,-0.5259006011623933,B:10.6,1,0,1,0,0,1,0,0,0,0,0.0,0.0,0.0
count_plus_PB_count,1,212,0.9004754312336445,0.4396107358281838,-0.4608646954054607,P:9.9|P:9.6|P:10.0|B:9.0|B:11.2|E:10.7,6,3,2,1,1,1,1,1,1,1,0.25,0.5,0.125
count_plus_PB_count,1,119,0.09514226019382477,0.46882323105279616,0.3736809708589714,P:9.9|P:10.0|B:11.9|E:11.10,4,2,1,1,1,1,1,1,1,1,0.08333333333333333,0.3333333333333333,0.0625
count_plus_PB_count,2,163,-0.5653442852199078,0.041761946039697184,0.607106231259605,P:9.9|P:9.6|B:9.7|B:10.2|B:11.2|E:11.10,6,2,3,1,1,1,1,1,1,1,0.25,0.3333333333333333,0.1875
count_plus_PB_count,2,35,0.04845794662833214,-0.46204513465808733,-0.5105030812864195,B:9.0|B:11.9,2,0,2,0,0,1,0,0,0,0,0.0,0.0,0.0
count_plus_PB_count,2,140,1.2962299212813377,0.854759203304439,-0.44147071797689874,P:9.9|P:10.0|B:9.0|B:9.7|B:10.1|B:10.2|B:10.10|B:11.2|B:11.9|E:10.7|E:11.10,11,2,7,2,1,1,1,1,1,1,0.5833333333333333,0.6666666666666666,0.875
count_plus_PB_count,2,26,-0.9894405044615269,-0.5308421553727898,0.4585983490887371,B:10.2|E:10.7,2,0,1,1,0,1,1,0,0,1,0.0,0.0,0.0625
count_plus_PB_count,2,152,-0.15340392664074898,-0.4200355051172002,-0.26663157847645125,P:9.9|P:9.6|B:10.6|E:10.7|E:11.10,5,2,1,2,1,1,1,1,1,1,0.08333333333333333,0.6666666666666666,0.125
count_plus_PB_count,2,179,0.8624304980039597,0.5223126846427819,-0.34011781336117775,P:9.9|P:9.6|P:10.0|B:11.9|E:10.7,5,3,1,1,1,1,1,1,1,1,0.125,0.5,0.0625
count_plus_PB_count,2,86,-0.13070636987686157,-0.5058339528577507,-0.3751275829808891,P:9.6|P:10.0|B:10.1|E:11.10,4,2,1,1,1,1,1,1,1,1,0.08333333333333333,0.3333333333333333,0.0625
count_plus_PB_count,2,238,2.212401542812586,1.2772782593165617,-0.9351232834960241,P:9.9|P:9.6|P:10.0|B:9.0|B:9.7|B:10.1|B:10.2|B:10.6|B:10.10|B:11.2|E:10.7|E:11.10,12,3,7,2,1,1,1,1,1,1,0.875,1.0,0.875
count_plus_PB_count,2,55,0.44097353890538216,-0.21565376044673235,-0.6566272993521145,P:10.0|B:9.0,2,1,1,0,1,1,0,1,0,0,0.041666666666666664,0.0,0.0
count_plus_PB_count,2,195,1.275618951767683,0.5917945503016451,-0.683824401466038,P:9.9|P:9.6|P:10.0|B:10.1|B:10.2|B:10.10|E:10.7|E:11.10,8,3,3,2,1,1,1,1,1,1,0.375,1.0,0.375
count_plus_PB_count,2,112,0.8748807460069656,0.6287447684399359,-0.24613597756702976,P:9.9|B:9.7|B:10.1|B:10.2|B:10.6|B:10.10|B:11.2|B:11.9|E:11.10,9,1,7,1,1,1,1,1,1,1,0.29166666666666663,0.16666666666666666,0.4375
count_plus_PB_count,2,188,0.19750071316957474,0.39501749498311706,0.19751678181354232,P:9.9|P:9.6|P:10.0|B:10.2|E:11.10,5,3,1,1,1,1,1,1,1,1,0.125,0.5,0.0625
count_plus_PB_count,2,72,0.3226247727870941,-0.26235914844117014,-0.5849839212282643,P:9.6|B:9.0|B:9.7|B:10.6|B:11.9,5,1,4,0,1,1,0,1,0,0,0.16666666666666666,0.0,0.0
count_plus_PB_count,2,25,-0.6552459336817265,-0.7635595833059448,-0.1083136496242183,B:10.2|E:11.10,2,0,1,1,0,1,1,0,0,1,0.0,0.0,0.0625
count_plus_PB_count,2,39,-1.902444377541542,-1.2639851263175732,0.6384592512239688,B:9.0|B:10.1|B:10.10|B:11.2|E:10.7|E:11.10,6,0,4,2,0,1,1,0,0,1,0.0,0.0,0.5
count_plus_PB_count,2,192,0.37901822477579117,-0.08872332994734823,-0.4677415547231394,P:9.9|P:9.6|P:10.0|B:10.1|E:10.7|E:11.10,6,3,1,2,1,1,1,1,1,1,0.125,1.0,0.125
count_plus_PB_count,2,100,-0.2131936363875866,0.31463510848090825,0.5278287448684948,P:9.6|P:10.0|B:9.0|B:9.7|B:10.1|B:10.2|B:10.6|B:10.10|B:11.2|B:11.9|E:10.7|E:11.10,12,2,8,2,1,1,1,1,1,1,0.6666666666666666,0.6666666666666666,1.0
count_plus_PB_count,2,132,0.7890389040112495,0.7361942359179192,-0.05284466809333033,P:9.9|P:10.0|B:9.7|B:10.1|B:10.2|B:11.2|E:11.10,7,2,4,1,1,1,1,1,1,1,0.3333333333333333,0.3333333333333333,0.25
count_plus_PB_count,2,226,1.454001609236002,1.5341359069981308,0.08013429776212888,P:9.9|P:9.6|P:10.0|B:9.0|B:9.7|B:10.6|B:10.10|B:11.9|E:10.7,9,3,5,1,1,1,1,1,1,1,0.625,0.5,0.3125
count_plus_PB_count,2,216,1.325690682977438,1.071535403470355,-0.25415527950708294,P:9.9|P:9.6|P:10.0|B:9.0|B:10.2|B:10.6|E:10.7,7,3,3,1,1,1,1,1,1,1,0.375,0.5,0.1875
count_plus_PB_count,2,184,0.9177334345877171,0.2909210280961161,-0.626812406491601,P:9.9|P:9.6|P:10.0|B:10.10|B:11.2|B:11.9|E:10.7|E:11.10,8,3,3,2,1,1,1,1,1,1,0.375,1.0,0.375
count_plus_PB_count,2,33,-1.4734752662479877,-0.9248693391981452,0.5486059270498426,B:9.7|B:10.1|B:10.6|B:10.10|B:11.2|E:10.7|E:11.10,7,0,5,2,0,1,1,0,0,1,0.0,0.0,0.625
count_plus_PB_count,2,107,0.5038124993443489,0.26432517107137654,-0.23948732827297237,P:9.9|B:10.1|B:10.6|E:10.7,4,1,2,1,1,1,1,1,1,1,0.08333333333333333,0.16666666666666666,0.125
count_plus_PB_count,2,165,0.0528549998998642,-0.12584544395555694,-0.17870044385542114,P:9.9|P:9.6|B:9.7|B:10.1|B:10.6|B:11.2|E:10.7|E:11.10,8,2,4,2,1,1,1,1,1,1,0.3333333333333333,0.6666666666666666,0.5
count_plus_PB_count,2,43,0.25424106419086456,-0.12345458929130848,-0.37769565348217304,B:9.0|B:9.7|B:10.6|B:10.10|B:11.2|B:11.9,6,0,6,0,0,1,0,0,0,0,0.0,0.0,0.0
count_plus_PB_count,2,71,-1.9208563305437565,-1.2684760618720052,0.6523802686717513,P:9.6|B:9.0|B:10.1|B:10.2|B:11.2|B:11.9|E:10.7|E:11.10,8,1,5,2,1,1,1,1,1,1,0.20833333333333331,0.3333333333333333,0.625
count_plus_PB_count,2,102,-0.7290077060461044,-0.7039880659316524,0.025019640114452013,P:9.9|E:10.7|E:11.10,3,1,0,2,1,0,1,0,1,0,0.0,0.3333333333333333,0.0
count_plus_PB_count,2,196,1.6026018001139164,0.8130501409214077,-0.7895516591925087,P:9.9|P:9.6|P:10.0|B:10.1|B:10.2|B:10.10|B:11.2|B:11.9|E:10.7|E:11.10,10,3,5,2,1,1,1,1,1,1,0.625,1.0,0.625
count_plus_PB_count,2,214,1.3109852150082588,0.5219478298966069,-0.7890373851116519,P:9.9|P:9.6|P:10.0|B:9.0|B:10.6|B:10.10|B:11.2|E:10.7|E:11.10,9,3,4,2,1,1,1,1,1,1,0.5,1.0,0.5
count_plus_PB_count,2,13,-0.7300628870725632,-0.8985868113650556,-0.1685239242924924,E:11.10,1,0,0,1,0,0,1,0,0,0,0.0,0.0,0.0
count_plus_PB_count,2,232,1.2487009689211845,0.7750913530098841,-0.47360961591130046,P:9.9|P:9.6|P:10.0|B:9.0|B:9.7|B:10.1|B:10.2|B:11.2|B:11.9|E:10.7|E:11.10,11,3,6,2,1,1,1,1,1,1,0.75,1.0,0.75
count_plus_PB_count,2,231,1.8862354047596455,1.1718560210430717,-0.7143793837165737,P:9.9|P:9.6|P:10.0|B:9.0|B:9.7|B:10.1|B:10.6|B:10.10|B:11.2|B:11.9|E:10.7|E:11.10,12,3,7,2,1,1,1,1,1,1,0.875,1.0,0.875
count_plus_PB_count,2,150,0.007378906011581418,-0.42649664687799116,-0.4338755528895726,P:9.9|P:9.6|B:10.10|E:10.7|E:11.10,5,2,1,2,1,1,1,1,1,1,0.08333333333333333,0.6666666666666666,0.125
count_plus_PB_count,2,73,-0.7453505955636501,-0.5345913308156571,0.210759264747993,P:9.6|B:9.0|B:9.7|B:10.1|B:10.2|B:10.6|B:10.10|B:11.9|E:10.7|E:11.10,10,1,7,2,1,1,1,1,1,1,0.29166666666666663,0.3333333333333333,0.875
count_plus_PB_count,2,147,-0.8010351993143559,-0.7689956365469384,0.032039562767417484,P:9.9|P:9.6|B:11.2|E:10.7|E:11.10,5,2,1,2,1,1,1,1,1,1,0.08333333333333333,0.6666666666666666,0.125
count_plus_PB_count,2,202,1.0955001190304756,0.9002438710640439,-0.1952562479664317,P:9.9|P:9.6|P:10.0|B:9.7|B:10.10|E:10.7,6,3,2,1,1,1,1,1,1,1,0.25,0.5,0.125
count_plus_PB_count,2,12,-1.0317822992801666,-0.6658693834319009,0.3659129158482657,E:10.7,1,0,0,1,0,0,1,0,0,0,0.0,0.0,0.0
count_plus_PB_count,2,82,-0.03239645063877106,-0.3523251053600519,-0.31992865472128085,P:9.6|P:10.0|B:10.6|E:11.10,4,2,1,1,1,1,1,1,1,1,0.08333333333333333,0.3333333333333333,0.0625
count_plus_PB_count,2,31,-0.23759472742676735,-0.5900343594654948,-0.3524396320387274,B:9.7|B:10.6|B:10.10|B:11.2|E:11.10,5,0,4,1,0,1,1,0,0,1,0.0,0.0,0.25
count_plus_PB_count,2,153,0.2724653035402298,0.3863220213924368,0.11385671785220702,P:9.9|P:9.6|B:10.2,3,2,1,0,1,1,0,1,0,0,0.08333333333333333,0.0,0.0
count_plus_PB_count,2,29,-2.1579615026712418,-1.3699160896292044,0.7880454130420373,B:9.7|B:11.2|E:10.7|E:11.10,4,0,2,2,0,1,1,0,0,1,0.0,0.0,0.25
count_plus_PB_count,2,172,0.1690041534602642,0.5426569113692326,0.37365275790896835,P:9.9|P:9.6|B:9.0|B:9.7|B:10.2|B:11.2,6,2,4,0,1,1,0,1,0,0,0.3333333333333333,0.0,0.0
count_plus_PB_count,2,118,-0.11092682182788849,-0.1767398480574288,-0.0658130262295403,P:9.9|P:10.0|E:10.7|E:11.10,4,2,0,2,1,0,1,0,1,0,0.0,0.6666666666666666,0.0
count_plus_PB_count,2,186,0.5278505198657513,0.06478551755035061,-0.46306500231540065,P:9.9|P:9.6|P:10.0|B:10.6|E:10.7|E:11.10,6,3,1,2,1,1,1,1,1,1,0.125,1.0,0.125
count_plus_PB_count,2,79,-1.4608745947480202,-1.0797026914494015,0.3811719032986187,P:9.6|P:10.0|B:11.2|E:10.7|E:11.10,5,2,1,2,1,1,1,1,1,1,0.08333333333333333,0.6666666666666666,0.125
count_plus_PB_count,2,139,1.478417843580246,1.709858814009392,0.23144097042914602,P:9.9|P:10.0|B:9.0|B:10.1|B:10.2|B:10.6|B:10.10|B:11.2,8,2,6,0,1,1,0,1,0,0,0.5,0.0,0.0
count_plus_PB_count,2,178,0.785550020635128,0.3347586847146875,-0.4507913359204405,P:9.9|P:9.6|P:10.0|E:10.7,4,3,0,1,1,0,1,0,1,0,0.0,0.5,0.0
count_plus_PB_count,2,16,-1.3794433288276196,-0.7855092729030145,0.593934055924605,B:9.0|B:9.7|B:10.1|B:10.2|B:10.6|B:10.10|B:11.2|B:11.9|E:10.7|E:11.10,10,0,8,2,0,1,1,0,0,1,0.0,0.0,1.0
count_plus_PB_count,3,110,0.5567262880504131,0.5301458595356228,-0.026580428514790366,P:9.9|B:9.7|B:10.10,3,1,2,0,1,1,0,1,0,0,0.08333333333333333,0.0,0.0
count_plus_PB_count,3,116,0.6422114297747612,0.6756824734098501,0.033471043635088904,P:9.9|P:10.0,2,2,0,0,1,0,0,0,0,0,0.0,0.0,0.0
count_plus_PB_count,3,199,-0.008658107370138168,0.38269337713899326,0.39135148450913143,P:9.9|P:9.6|P:10.0|B:9.7|E:11.10,5,3,1,1,1,1,1,1,1,1,0.125,0.5,0.0625
count_plus_PB_count,3,236,1.3518722876906395,1.6914482653433942,0.3395759776527547,P:9.9|P:9.6|P:10.0|B:9.0|B:9.7|B:10.1|B:10.2|B:10.6|B:11.2|B:11.9|E:11.10,11,3,7,1,1,1,1,1,1,1,0.875,0.5,0.4375
count_plus_PB_count,3,176,0.47614696621894836,0.8432833018178696,0.3671363355989212,P:9.9|P:9.6|B:9.0|B:9.7|B:10.1|B:10.2|B:10.6|B:11.9|E:11.10,9,2,6,1,1,1,1,1,1,1,0.5,0.3333333333333333,0.375
count_plus_PB_count,3,185,0.7254875265061855,1.1312663060185444,0.40577877951235886,P:9.9|P:9.6|P:10.0|B:10.6,4,3,1,0,1,1,0,1,0,0,0.125,0.0,0.0
count_plus_PB_count,3,158,-0.3258376196026802,-0.540247245609822,-0.21440962600714175,P:9.9|P:9.6|B:10.1|E:10.7|E:11.10,5,2,1,2,1,1,1,1,1,1,0.08333333333333333,0.6666666666666666,0.125
count_plus_PB_count,3,2,-0.1576346568763256,-0.6602699617160934,-0.5026353048397678,P:9.6,1,1,0,0,1,0,0,0,0,0,0.0,0.0,0.0
count_plus_PB_count,3,209,1.2488095052540302,1.7236924853954643,0.47488298014143404,P:9.9|P:9.6|P:10.0|B:9.7|B:10.1|B:10.2|B:10.6,7,3,4,0,1,1,0,1,0,0,0.5,0.0,0.0
count_plus_PB_count,3,92,-0.4412704110145569,-0.6753871273764498,-0.2341167163618929,P:9.6|P:10.0|B:9.0|B:11.2|E:11.10,5,2,2,1,1,1,1,1,1,1,0.16666666666666666,0.3333333333333333,0.125
count_plus_PB_count,3,98,1.0093169696629047,1.113782918539576,0.10446594887667127,P:9.6|P:10.0|B:9.0|B:9.7|B:10.1|B:10.2|B:10.6|B:10.10|B:11.2|B:11.9,10,2,8,0,1,1,0,1,0,0,0.6666666666666666,0.0,0.0
count_plus_PB_count,3,105,-0.6707933135330677,-0.48326931806430073,0.18752399546876697,P:9.9|B:11.9|E:10.7|E:11.10,4,1,1,2,1,1,1,1,1,1,0.041666666666666664,0.3333333333333333,0.125
count_plus_PB_count,3,205,1.3846071772277355,1.1577938517161406,-0.22681332551159494,P:9.9|P:9.6|P:10.0|B:9.7|B:10.2|B:11.2|B:11.9|E:10.7,8,3,4,1,1,1,1,1,1,1,0.5,0.5,0.25
count_plus_PB_count,3,200,0.39837056398391724,0.022011134177158748,-0.3763594298067585,P:9.9|P:9.6|P:10.0|B:9.7|E:10.7|E:11.10,6,3,1,2,1,1,1,1,1,1,0.125,1.0,0.125
count_plus_PB_count,3,23,-0.8226649463176727,-0.480800065569966,0.3418648807477067,B:10.6|E:10.7,2,0,1,1,0,1,1,0,0,1,0.0,0.0,0.0625
count_plus_PB_count,3,56,-0.4917997419834137,-0.25005440875531665,0.24174533322809705,P:10.0|B:9.0|B:10.1|B:11.2|B:11.9|E:10.7,6,1,4,1,1,1,1,1,1,1,0.16666666666666666,0.16666666666666666,0.25
count_plus_PB_count,3,159,0.029253222048282623,0.5430915909638907,0.5138383689156081,P:9.9|P:9.6|B:10.1|B:10.10|B:11.2,5,2,3,0,1,1,0,1,0,0,0.25,0.0,0.0
count_plus_PB_count,3,239,2.124457161873579,2.2299373439137185,0.10548018204013943,P:9.9|P:9.6|P:10.0|B:9.0|B:9.7|B:10.1|B:10.2|B:10.6|B:10.10|B:11.2|B:11.9|E:10.7,12,3,8,1,1,1,1,1,1,1,1.0,0.5,0.5
count_plus_PB_count,3,63,-1.987990591675043,-1.4929405730306375,0.49505001864440557,P:9.6|E:10.7|E:11.10,3,1,0,2,1,0,1,0,1,0,0.0,0.3333333333333333,0.0
count_plus_PB_count,3,90,0.6627392582595348,0.18791908822920925,-0.4748201700303256,P:9.6|P:10.0|B:9.7|B:10.1|B:11.9,5,2,3,0,1,1,0,1,0,0,0.25,0.0,0.0
count_plus_PB_count,3,85,0.31950290501117706,0.10728156358958343,-0.21222134142159363,P:9.6|P:10.0|B:10.2|B:11.2|B:11.9,5,2,3,0,1,1,0,1,0,0,0.25,0.0,0.0
count_plus_PB_count,3,181,0.5778550244867802,0.7462502515717556,0.16839522708497545,P:9.9|P:9.6|P:10.0|B:11.2,4,3,1,0,1,1,0,1,0,0,0.125,0.0,0.0
count_plus_PB_count,3,146,-0.3059505894780159,0.11475490870186533,0.42070549817988123,P:9.9|P:9.6|B:11.2,3,2,1,0,1,1,0,1,0,0,0.08333333333333333,0.0,0.0
count_plus_PB_count,3,117,0.02911713346838951,0.20369410505714045,0.17457697158875093,P:9.9|P:10.0|E:11.10,3,2,0,1,1,0,1,0,1,0,0.0,0.3333333333333333,0.0
count_plus_PB_count,3,143,1.8553861118853092,1.5100305145000519,-0.34535559738525734,P:9.9|P:10.0|B:9.0|B:9.7|B:10.1|B:10.2|B:10.6|B:10.10|B:11.2|B:11.9|E:11.10,11,2,8,1,1,1,1,1,1,1,0.6666666666666666,0.3333333333333333,0.5
count_plus_PB_count,3,233,1.3947341851890087,1.9514629966884722,0.5567288114994635,P:9.9|P:9.6|P:10.0|B:9.0|B:9.7|B:10.1|B:10.2|B:10.10|B:11.2,9,3,6,0,1,1,0,1,0,0,0.75,0.0,0.0
count_plus_PB_count,3,97,-0.00730687752366066,0.354797176393039,0.36210405391669964,P:9.6|P:10.0|B:9.0|B:9.7|B:10.1|B:10.2|B:11.2|B:11.9|E:10.7,9,2,6,1,1,1,1,1,1,1,0.5,0.3333333333333333,0.375
count_plus_PB_count,3,80,0.4240094982087612,0.12392710732335431,-0.3000823908854069,P:9.6|P:10.0|B:10.10,3,2,1,0,1,1,0,1,0,0,0.08333333333333333,0.0,0.0
count_plus_PB_count,3,203,1.0001394301652908,1.5976993904582872,0.5975599602929964,P:9.9|P:9.6|P:10.0|B:9.7|B:10.6|B:10.10,6,3,3,0,1,1,0,1,0,0,0.375,0.0,0.0
count_plus_PB_count,3,182,-0.11927512288093567,0.2742618832190459,0.39353700609998155,P:9.9|P:9.6|P:10.0|B:11.2|E:11.10,5,3,1,1,1,1,1,1,1,1,0.125,0.5,0.0625
count_plus_PB_count,3,17,0.46299997344613075,0.7275005410476462,0.2645005676015154,P:9.9|P:9.6|P:10.0,3,3,0,0,1,0,0,0,0,0,0.0,0.0,0.0
count_plus_PB_count,3,108,-0.32360805571079254,-0.17753784754045177,0.14607020817034078,P:9.9|B:10.1|B:10.2|B:11.2|E:11.10,5,1,3,1,1,1,1,1,1,1,0.125,0.16666666666666666,0.1875
count_plus_PB_count,3,44,0.4107043147087097,-0.3577512987103159,-0.7684556134190257,B:9.0|B:9.7|B:10.1|B:10.10,4,0,4,0,0,1,0,0,0,0,0.0,0.0,0.0
count_plus_PB_count,3,148,-0.35026708617806435,-0.005835889317950788,0.3444311968601136,P:9.9|P:9.6|B:10.10|E:11.10,4,2,1,1,1,1,1,1,1,1,0.08333333333333333,0.3333333333333333,0.0625
count_plus_PB_count,3,5,0.18057629838585854,-0.5241515584774604,-0.704727856863319,B:9.7,1,0,1,0,0,1,0,0,0,0,0.0,0.0,0.0
count_plus_PB_count,3,129,0.762895978987217,0.4062755195652915,-0.35662045942192544,P:9.9|P:10.0|B:9.7|B:10.2|B:10.6|E:10.7|E:11.10,7,2,3,2,1,1,1,1,1,1,0.25,0.6666666666666666,0.375
count_plus_PB_count,3,194,1.2136539109051228,1.1327710328150156,-0.08088287809010719,P:9.9|P:9.6|P:10.0|B:10.1|B:10.2|B:11.9|E:10.7,7,3,3,1,1,1,1,1,1,1,0.375,0.5,0.1875
count_plus_PB_count,3,42,-0.46380022168159485,-0.9900530190630867,-0.5262527973814919,B:9.0|B:9.7|B:10.10|B:11.2|B:11.9|E:11.10,6,0,5,1,0,1,1,0,0,1,0.0,0.0,0.3125
count_plus_PB_count,3,183,0.8049454912543297,1.1559156345874835,0.3509701433331538,P:9.9|P:9.6|P:10.0|B:10.10|B:11.2,5,3,2,0,1,1,0,1,0,0,0.25,0.0,0.0
count_plus_PB_count,3,28,0.2634904868900776,-0.21345067437345774,-0.47694116126353536,B:10.1|B:10.2|B:10.10,3,0,3,0,0,1,0,0,0,0,0.0,0.0,0.0
count_plus_PB_count,3,45,-0.5084521621465683,-0.2686948811883335,0.2397572809582348,B:9.0|B:9.7|B:10.1|B:10.6|B:10.10|B:11.2|B:11.9|E:10.7,8,0,7,1,0,1,1,0,0,1,0.0,0.0,0.4375
count_plus_PB_count,3,61,-1.0373320244252682,-0.28232744460478737,0.7550045798204807,P:10.0|B:9.0|B:9.7|B:10.1|B:10.2|B:10.6|B:11.2|B:11.9|E:10.7|E:11.10,10,1,7,2,1,1,1,1,1,1,0.29166666666666663,0.3333333333333333,0.875
count_plus_PB_count,3,94,-0.49759408831596375,0.1778793372743981,0.6754734255903618,P:9.6|P:10.0|B:9.0|B:10.1|B:10.6|B:10.10|B:11.2|B:11.9|E:10.7|E:11.10,10,2,6,2,1,1,1,1,1,1,0.5,0.6666666666666666,0.75
count_plus_PB_count,3,166,0.34098824113607407,-0.32708267048042106,-0.6680709116164951,P:9.9|P:9.6|B:9.7|B:10.1|B:10.2|E:10.7|E:11.10,7,2,3,2,1,1,1,1,1,1,0.25,0.6666666666666666,0.375
count_plus_PB_count,3,54,0.02327965945005417,-0.5171629352006829,-0.5404425946507371,P:10.0|B:10.1|E:11.10,3,1,1,1,1,1,1,1,1,1,0.041666666666666664,0.16666666666666666,0.0625
count_plus_PB_count,3,41,-2.0931180715560913,-1.4894689919709416,0.6036490795851497,B:9.0|B:9.7|B:11.2|B:11.9|E:10.7|E:11.10,6,0,4,2,0,1,1,0,0,1,0.0,0.0,0.5
count_plus_PB_count,3,180,0.22938881069421768,0.1435985856468806,-0.08579022504733708,P:9.9|P:9.6|P:10.0|B:11.9|E:10.7|E:11.10,6,3,1,2,1,1,1,1,1,1,0.125,1.0,0.125
count_plus_PB_count,3,137,0.9683080837130547,0.9832307128029563,0.014922629089901607,P:9.9|P:10.0|B:9.0|B:10.1|B:10.2|B:11.2,6,2,4,0,1,1,0,1,0,0,0.3333333333333333,0.0,0.0
count_plus_PB_count,4,135,0.3180081695318222,0.4881244295849947,0.17011626005317249,P:9.9|P:10.0|B:9.0|B:10.6|B:11.9|E:10.7|E:11.10,7,2,3,2,1,1,1,1,1,1,0.25,0.6666666666666666,0.375
count_plus_PB_count,4,37,-2.092911761254072,-1.1393570284292873,0.9535547328247849,B:9.0|B:10.2|E:10.7|E:11.10,4,0,2,2,0,1,1,0,0,1,0.0,0.0,0.25
count_plus_PB_count,4,91,0.38466572016477585,0.07633540475186734,-0.3083303154129085,P:9.6|P:10.0|B:9.0|B:11.9,4,2,2,0,1,1,0,1,0,0,0.16666666666666666,0.0,0.0
count_plus_PB_count,4,113,-0.6673449911177158,-0.5755947149266734,0.09175027619104248,P:9.9|B:9.0|B:9.7|B:11.2|B:11.9|E:10.7|E:11.10,7,1,4,2,1,1,1,1,1,1,0.16666666666666666,0.3333333333333333,0.5
count_plus_PB_count,4,38,-0.12388213351368904,-0.33593944343515797,-0.21205730992146893,B:9.0|B:10.2|B:10.10|B:11.2|B:11.9,5,0,5,0,0,1,0,0,0,0,0.0,0.0,0.0
count_plus_PB_count,4,62,-0.96882164478302,-1.0812419667727955,-0.11242032198977547,P:9.6|E:11.10,2,1,0,1,1,0,1,0,1,0,0.0,0.16666666666666666,0.0
count_plus_PB_count,4,57,-1.3938638791441917,-0.6395308521502483,0.7543330269939434,P:10.0|B:9.0|B:10.1|B:10.2|E:10.7|E:11.10,6,1,3,2,1,1,1,1,1,1,0.125,0.3333333333333333,0.375
count_plus_PB_count,4,190,0.7528919950127602,0.7791237049284224,0.02623170991566226,P:9.9|P:9.6|P:10.0|B:10.2|B:10.6|B:11.2|E:11.10,7,3,3,1,1,1,1,1,1,1,0.375,0.5,0.1875
count_plus_PB_count,4,164,0.30114129185676575,0.8427587952087233,0.5416175033519576,P:9.9|P:9.6|B:9.7|B:10.1|B:10.10|B:11.2|B:11.9,7,2,5,0,1,1,0,1,0,0,0.41666666666666663,0.0,0.0
count_plus_PB_count,4,221,0.5948651321232319,0.7400425744372388,0.14517744231400687,P:9.9|P:9.6|P:10.0|B:9.0|B:10.1|B:10.2|B:11.2|E:11.10,8,3,4,1,1,1,1,1,1,1,0.5,0.5,0.25
count_plus_PB_count,4,1,0.1935817413032055,0.2580684172652804,0.06448667596207491,P:9.9,1,1,0,0,1,0,0,0,0,0,0.0,0.0,0.0
count_plus_PB_count,4,53,-0.06579641252756119,-0.3078998320284451,-0.24210341950088393,P:10.0|B:10.2|B:11.9|E:11.10,4,1,2,1,1,1,1,1,1,1,0.08333333333333333,0.16666666666666666,0.125
count_plus_PB_count,4,126,0.9073482267558575,0.830047564447798,-0.07730066230805943,P:9.9|P:10.0|B:10.1|B:10.2|E:10.7,5,2,2,1,1,1,1,1,1,1,0.16666666666666666,0.3333333333333333,0.125
count_plus_PB_count,4,14,-2.1500720120966434,-1.0961640897475173,1.0539079223491261,E:10.7|E:11.10,2,0,0,2,0,0,1,0,0,0,0.0,0.0,0.0
count_plus_PB_count,4,40,0.43496930971741676,-0.012023869772639181,-0.44699317949005596,B:9.0|B:10.1|B:10.6|B:10.10,4,0,4,0,0,1,0,0,0,0,0.0,0.0,0.0
count_plus_PB_count,4,234,1.2642529793083668,1.8107145420489184,0.5464615627405516,P:9.9|P:9.6|P:10.0|B:9.0|B:9.7|B:10.1|B:10.2|B:10.6,8,3,5,0,1,1,0,1,0,0,0.625,0.0,0.0
count_plus_PB_count,4,34,-0.4527350068092346,-0.26170701950361563,0.19102798730561898,B:9.7|B:10.1|B:10.2|B:10.10|B:11.9|E:10.7,6,0,5,1,0,1,1,0,0,1,0.0,0.0,0.3125
count_plus_PB_count,4,99,0.8856487385928631,0.6364719464726494,-0.2491767921202137,P:9.6|P:10.0|B:9.0|B:9.7|B:10.1|B:10.2|B:10.6|B:10.10|B:11.2|B:11.9|E:11.10,11,2,8,1,1,1,1,1,1,1,0.6666666666666666,0.3333333333333333,0.5
count_plus_PB_count,4,109,0.5982384718954563,0.3409636487850375,-0.2572748231104188,P:9.9|B:10.1|B:10.2|B:10.6|B:10.10|B:11.2|E:11.10,7,1,5,1,1,1,1,1,1,1,0.20833333333333331,0.16666666666666666,0.3125
count_plus_PB_count,4,49,-0.5108466930687428,-0.37995193849063813,0.13089475457810462,B:9.0|B:9.7|B:10.1|B:10.2|B:10.6|B:10.10|B:11.2|B:11.9|E:10.7,9,0,8,1,0,1,1,0,0,1,0.0,0.0,0.5
count_plus_PB_count,4,127,0.24340659379959106,0.3263982853148145,0.08299169151522345,P:9.9|P:10.0|B:9.7|E:11.10,4,2,1,1,1,1,1,1,1,1,0.08333333333333333,0.3333333333333333,0.0625
count_plus_PB_count,4,21,-2.0925130136311054,-1.1108926616675685,0.9816203519635369,B:11.9|E:10.7|E:11.10,3,0,1,2,0,1,1,0,0,1,0.0,0.0,0.125
count_plus_PB_count,4,227,1.6139287240803242,1.1112929929974378,-0.5026357310828864,P:9.9|P:9.6|P:10.0|B:9.0|B:9.7|B:10.6|B:10.10|B:11.2|B:11.9|E:10.7|E:11.10,11,3,6,2,1,1,1,1,1,1,0.75,1.0,0.75
count_plus_PB_count,4,167,0.3539474345743656,0.13951227216211431,-0.2144351624122513,P:9.9|P:9.6|B:9.0|B:11.9|E:10.7,5,2,2,1,1,1,1,1,1,1,0.16666666666666666,0.3333333333333333,0.125
count_plus_PB_count,4,125,1.1199581176042557,1.2772856562748038,0.15732753867054816,P:9.9|P:10.0|B:10.1|B:10.6|B:11.2|B:11.9,6,2,4,0,1,1,0,1,0,0,0.3333333333333333,0.0,0.0
count_plus_PB_count,4,170,0.3828652650117874,0.6997807180236184,0.316915453011831,P:9.9|P:9.6|B:9.0|B:10.1|B:10.6,5,2,3,0,1,1,0,1,0,0,0.25,0.0,0.0
count_plus_PB_count,4,66,0.09258740022778511,-0.28878550242221146,-0.38137290264999657,P:9.6|B:10.1|B:10.2|B:11.9,4,1,3,0,1,1,0,1,0,0,0.125,0.0,0.0
count_plus_PB_count,4,104,0.20134234055876732,0.06124316103028887,-0.14009917952847845,P:9.9|B:11.9|E:10.7,3,1,1,1,1,1,1,1,1,1,0.041666666666666664,0.16666666666666666,0.0625
count_plus_PB_count,4,22,-0.9958479702472687,-0.9948658791651357,0.0009820910821329853,B:11.2|B:11.9|E:11.10,3,0,2,1,0,1,1,0,0,1,0.0,0.0,0.125
count_plus_PB_count,4,46,-0.23023967072367668,-0.795681397893604,-0.5654417271699274,B:9.0|B:9.7|B:10.1|B:10.2|B:10.10|B:11.2|B:11.9|E:11.10,8,0,7,1,0,1,1,0,0,1,0.0,0.0,0.4375
count_plus_PB_count,4,111,-0.15740074962377548,-0.2644415028303597,-0.10704075320658424,P:9.9|B:9.7|B:10.6|E:10.7|E:11.10,5,1,2,2,1,1,1,1,1,1,0.08333333333333333,0.3333333333333333,0.25
count_plus_PB_count,4,70,-1.6255602352321148,-1.0941887845669347,0.5313714506651801,P:9.6|B:9.0|B:10.1|B:10.2|B:11.9|E:10.7|E:11.10,7,1,4,2,1,1,1,1,1,1,0.16666666666666666,0.3333333333333333,0.5
count_plus_PB_count,4,77,-1.3802263587713242,-0.9092629284131168,0.4709634303582073,P:9.6|P:10.0|E:10.7|E:11.10,4,2,0,2,1,0,1,0,1,0,0.0,0.6666666666666666,0.0
count_plus_PB_count,4,145,-0.9065218307077885,-0.28170128456571364,0.6248205461420748,P:9.9|P:9.6|E:11.10,3,2,0,1,1,0,1,0,1,0,0.0,0.3333333333333333,0.0
count_plus_PB_count,4,207,1.1867230460047722,0.8804310204637283,-0.30629202554104384,P:9.9|P:9.6|P:10.0|B:9.7|B:10.1|B:10.10|B:11.9|E:10.7|E:11.10,9,3,4,2,1,1,1,1,1,1,0.5,1.0,0.5
count_plus_PB_count,4,189,0.5667572394013405,0.07429953274360046,-0.49245770665774,P:9.9|P:9.6|P:10.0|B:10.2|E:10.7|E:11.10,6,3,1,2,1,1,1,1,1,1,0.125,1.0,0.125
count_plus_PB_count,4,20,2.3267794027924538,1.6273673957764379,-0.6994120070160159,P:9.9|P:9.6|P:10.0|B:9.0|B:9.7|B:10.1|B:10.2|B:10.6|B:10.10|B:11.2|B:11.9|E:10.7|E:11.10,13,3,8,2,1,1,1,1,1,1,1.0,1.0,1.0
count_plus_PB_count,4,175,0.43807394430041313,0.8061837577815738,0.3681098134811607,P:9.9|P:9.6|B:9.0|B:9.7|B:10.1|B:10.10,6,2,4,0,1,1,0,1,0,0,0.3333333333333333,0.0,0.0
count_plus_PB_count,4,67,0.1194758489727974,-0.46750402671321883,-0.5869798756860163,P:9.6|B:9.7|B:10.2,3,1,2,0,1,1,0,1,0,0,0.08333333333333333,0.0,0.0
count_plus_PB_count,4,121,0.8768309131264687,0.9997217942148479,0.1228908810883792,P:9.9|P:10.0|B:10.6,3,2,1,0,1,1,0,1,0,0,0.08333333333333333,0.0,0.0
count_plus_PB_count,4,213,0.7374192625284195,1.1264699298860252,0.38905066735760574,P:9.9|P:9.6|P:10.0|B:9.0|B:10.6,5,3,2,0,1,1,0,1,0,0,0.25,0.0,0.0
count_plus_PB_count,4,211,0.1879602037370205,-0.07008070607526834,-0.25804090981228883,P:9.9|P:9.6|P:10.0|B:9.0|E:10.7|E:11.10,6,3,1,2,1,1,1,1,1,1,0.125,1.0,0.125
count_plus_PB_count,4,133,1.7260217368602753,1.253142825709359,-0.4728789111509162,P:9.9|P:10.0|B:9.7|B:10.1|B:10.2|B:10.6|B:10.10|B:11.2|E:11.10,9,2,6,1,1,1,1,1,1,1,0.5,0.3333333333333333,0.375
count_plus_PB_count,4,161,0.41517258435487747,-0.04488963212095682,-0.4600622164758343,P:9.9|P:9.6|B:10.1|B:10.2|B:10.10|B:11.2|E:10.7|E:11.10,8,2,4,2,1,1,1,1,1,1,0.3333333333333333,0.6666666666666666,0.5
count_plus_PB_count,4,65,-1.8147796541452408,-1.198509352717952,0.6162703014272888,P:9.6|B:10.2|B:10.10|B:11.2|E:10.7|E:11.10,6,1,3,2,1,1,1,1,1,1,0.125,0.3333333333333333,0.375
count_plus_PB_count,4,220,1.2591385692358017,0.9598075488251943,-0.29933102041060744,P:9.9|P:9.6|P:10.0|B:9.0|B:10.1|B:10.6|B:10.10|E:10.7|E:11.10,9,3,4,2,1,1,1,1,1,1,0.5,1.0,0.5
count_plus_PB_count,4,47,0.18758106604218483,-0.38946777284240464,-0.5770488388845895,B:9.0|B:9.7|B:10.1|B:10.2|B:10.6|B:11.2,6,0,6,0,0,1,0,0,0,0,0.0,0.0,0.0
count_plus_PE_count,0,122,0.3629409745335579,0.5879160273626569,0.22497505282909902,P:9.9|P:10.0|B:10.6|E:11.10,4,2,1,1,1,1,1,1,1,1,0.08333333333333333,0.3333333333333333,0.0625
count_plus_PE_count,0,52,-1.6007909774780273,-1.1363532146182531,0.46443776285977423,P:10.0|B:10.2|E:10.7|E:11.10,4,1,1,2,1,1,1,1,1,1,0.041666666666666664,0.3333333333333333,0.125
count_plus_PE_count,0,169,0.708813302218914,0.3435240040520161,-0.3652892981668979,P:9.9|P:9.6|B:9.0|B:10.2|B:10.6|B:10.10|B:11.2|B:11.9|E:10.7|E:11.10,10,2,6,2,1,1,1,1,1,1,0.5,0.6666666666666666,0.75
count_plus_PE_count,0,88,0.1200842633843422,0.001833950598820508,-0.11825031278552169,P:9.6|P:10.0|B:9.7|B:10.6|B:11.2|B:11.9|E:11.10,7,2,4,1,1,1,1,1,1,1,0.3333333333333333,0.3333333333333333,0.25
count_plus_PE_count,0,162,0.49946876987814903,0.10816677124011453,-0.3913019986380345,P:9.9|P:9.6|B:10.1|B:10.2|B:10.6|E:10.7|E:11.10,7,2,3,2,1,1,1,1,1,1,0.25,0.6666666666666666,0.375
count_plus_PE_count,0,197,1.1613009199500084,1.2325330219727442,0.07123210202273578,P:9.9|P:9.6|P:10.0|B:10.1|B:10.2|B:10.6|E:10.7|E:11.10,8,3,3,2,1,1,1,1,1,1,0.375,1.0,0.375
count_plus_PE_count,0,206,1.1710864640772343,1.2665538699253873,0.09546740584815305,P:9.9|P:9.6|P:10.0|B:9.7|B:10.2|B:10.6|E:10.7|E:11.10,8,3,3,2,1,1,1,1,1,1,0.375,1.0,0.375
count_plus_PE_count,0,225,1.2041504010558128,0.9331088747609331,-0.27104152629487976,P:9.9|P:9.6|P:10.0|B:9.0|B:9.7|B:10.6|B:11.2|B:11.9,8,3,5,0,1,1,0,1,0,0,0.625,0.0,0.0
count_plus_PE_count,0,51,-0.7062482126057148,-0.5915614677128418,0.114686744892873,P:10.0|B:11.2|E:10.7,3,1,1,1,1,1,1,1,1,1,0.041666666666666664,0.16666666666666666,0.0625
count_plus_PE_count,0,3,0.42918625101447105,0.06142282853729068,-0.36776342247718036,P:10.0,1,1,0,0,1,0,0,0,0,0,0.0,0.0,0.0
count_plus_PE_count,0,68,-0.03323224559426308,-0.040925187633046284,-0.007692942038783207,P:9.6|B:9.7|B:10.1|B:10.10|B:11.2,5,1,4,0,1,1,0,1,0,0,0.16666666666666666,0.0,0.0
count_plus_PE_count,0,237,1.4893603511154652,1.7387334354901007,0.24937308437463557,P:9.9|P:9.6|P:10.0|B:9.0|B:9.7|B:10.1|B:10.2|B:10.6|B:10.10|B:11.9,10,3,7,0,1,1,0,1,0,0,0.875,0.0,0.0
count_plus_PE_count,0,32,-0.6199087165296078,-0.38637672933549516,0.2335319871941126,B:9.7|B:10.2|B:10.10|E:10.7,4,0,3,1,0,1,1,0,0,1,0.0,0.0,0.1875
count_plus_PE_count,0,134,0.43865132704377174,0.7741486256205912,0.3354972985768194,P:9.9|P:10.0|B:9.0|B:10.6|B:11.9|E:11.10,6,2,3,1,1,1,1,1,1,1,0.25,0.3333333333333333,0.1875
count_plus_PE_count,0,6,0.11284342035651207,-0.11436083871688865,-0.22720425907340072,B:10.1,1,0,1,0,0,1,0,0,0,0,0.0,0.0,0.0
count_plus_PE_count,0,149,0.47060735896229744,0.13873667575753132,-0.3318706832047661,P:9.9|P:9.6|B:10.10|E:10.7,4,2,1,1,1,1,1,1,1,1,0.08333333333333333,0.3333333333333333,0.0625
count_plus_PE_count,0,155,0.7810946628451347,0.6650243745012514,-0.11607028834388333,P:9.9|P:9.6|B:10.2|B:10.6|B:10.10|B:11.2|E:10.7,7,2,4,1,1,1,1,1,1,1,0.3333333333333333,0.3333333333333333,0.25
count_plus_PE_count,0,218,0.6303710080683231,0.8392995027925771,0.208928494724254,P:9.9|P:9.6|P:10.0|B:9.0|B:10.1|B:10.10,6,3,3,0,1,1,0,1,0,0,0.375,0.0,0.0
count_plus_PE_count,0,83,0.6069852113723755,0.34360666085694175,-0.26337855051543374,P:9.6|P:10.0|B:10.6|B:11.9,4,2,2,0,1,1,0,1,0,0,0.16666666666666666,0.0,0.0
count_plus_PE_count,0,201,0.5236174315214157,0.7470030782544285,0.22338564673301275,P:9.9|P:9.6|P:10.0|B:9.7|B:11.2|B:11.9|E:10.7|E:11.10,8,3,3,2,1,1,1,1,1,1,0.375,1.0,0.375
count_plus_PE_count,0,96,0.8413464911282063,0.7532203715773896,-0.08812611955081662,P:9.6|P:10.0|B:9.0|B:9.7|B:10.2|B:10.6|B:10.10|B:11.2,8,2,6,0,1,1,0,1,0,0,0.5,0.0,0.0
count_plus_PE_count,0,89,0.0035700574517250057,-0.1240572795778629,-0.1276273370295879,P:9.6|P:10.0|B:9.7|B:10.2|E:11.10,5,2,2,1,1,1,1,1,1,1,0.16666666666666666,0.3333333333333333,0.125
count_plus_PE_count,0,101,0.13574618473649025,-0.19268291264069884,-0.32842909737718906,P:9.9|E:10.7,2,1,0,1,1,0,1,0,1,0,0.0,0.16666666666666666,0.0
count_plus_PE_count,0,60,0.8043079115450382,0.9854471883507552,0.18113927680571695,P:10.0|B:9.0|B:9.7|B:10.1|B:10.2|B:10.6|B:11.2|B:11.9,8,1,7,0,1,1,0,1,0,0,0.29166666666666663,0.0,0.0
count_plus_PE_count,0,222,2.0050816535949707,1.452386748728343,-0.5526949048666276,P:9.9|P:9.6|P:10.0|B:9.0|B:10.1|B:10.2|B:10.6|B:10.10|B:11.2|E:10.7|E:11.10,11,3,6,2,1,1,1,1,1,1,0.75,1.0,0.75
count_plus_PE_count,0,76,-0.3358710706233978,-0.58375231017941,-0.24788123955601216,P:9.6|P:10.0|E:11.10,3,2,0,1,1,0,1,0,1,0,0.0,0.3333333333333333,0.0
count_plus_PE_count,0,144,-0.024949822574853897,0.03195858123740377,0.05690840381225767,P:9.9|P:9.6,2,2,0,0,1,0,0,0,0,0,0.0,0.0,0.0
count_plus_PE_count,0,84,-0.024493630975484848,0.3397966600567941,0.36429029103227895,P:9.6|P:10.0|B:10.6|B:10.10|E:10.7,5,2,2,1,1,1,1,1,1,1,0.16666666666666666,0.3333333333333333,0.125
count_plus_PE_count,0,215,0.6853511184453964,0.6223067247088963,-0.06304439373650017,P:9.9|P:9.6|P:10.0|B:9.0|B:10.2|B:11.2|E:10.7|E:11.10,8,3,3,2,1,1,1,1,1,1,0.375,1.0,0.375
count_plus_PE_count,0,24,-1.9098994433879852,-2.01826328827806,-0.10836384489007456,B:10.6|E:10.7|E:11.10,3,0,1,2,0,1,1,0,0,1,0.0,0.0,0.125
count_plus_PE_count,0,136,0.734557755291462,0.8271631980253579,0.09260544273389593,P:9.9|P:10.0|B:9.0|B:10.1,4,2,2,0,1,1,0,1,0,0,0.16666666666666666,0.0,0.0
count_plus_PE_count,0,171,0.4481462836265564,-0.12224574105509498,-0.5703920246816514,P:9.9|P:9.6|B:9.0|B:10.1|B:10.2|B:10.10|B:11.2|E:10.7|E:11.10,9,2,5,2,1,1,1,1,1,1,0.41666666666666663,0.6666666666666666,0.625
count_plus_PE_count,0,69,-1.431811336427927,-0.9334969015147272,0.4983144349131998,P:9.6|B:9.7|B:10.1|B:10.2|B:10.6|B:11.2|B:11.9|E:10.7|E:11.10,9,1,6,2,1,1,1,1,1,1,0.25,0.3333333333333333,0.75
count_plus_PE_count,0,191,-0.00995168462395668,0.5213123707824252,0.5312640554063819,P:9.9|P:9.6|P:10.0|B:10.1|E:11.10,5,3,1,1,1,1,1,1,1,1,0.125,0.5,0.0625
count_plus_PE_count,0,235,1.4840984642505646,1.244661326854656,-0.23943713739590855,P:9.9|P:9.6|P:10.0|B:9.0|B:9.7|B:10.1|B:10.2|B:10.6|B:11.2,9,3,6,0,1,1,0,1,0,0,0.75,0.0,0.0
count_plus_PE_count,0,95,-1.1356264613568783,-0.6507979557763885,0.48482850558048973,P:9.6|P:10.0|B:9.0|B:9.7|E:10.7|E:11.10,6,2,2,2,1,1,1,1,1,1,0.16666666666666666,0.6666666666666666,0.25
count_plus_PE_count,0,87,-1.1586299277842045,-0.7355947871479187,0.4230351406362858,P:9.6|P:10.0|B:9.7|E:10.7|E:11.10,5,2,1,2,1,1,1,1,1,1,0.08333333333333333,0.6666666666666666,0.125
count_plus_PE_count,0,114,0.6210603751242161,0.4165366469723876,-0.20452372815182845,P:9.9|B:9.0|B:9.7|B:10.10|B:11.9|E:10.7,6,1,4,1,1,1,1,1,1,1,0.16666666666666666,0.16666666666666666,0.25
count_plus_PE_count,0,229,1.1873903311789036,1.1582067434625998,-0.029183587716303805,P:9.9|P:9.6|P:10.0|B:9.0|B:9.7|B:10.2|B:10.6,7,3,4,0,1,1,0,1,0,0,0.5,0.0,0.0
count_plus_PE_count,0,219,0.8841039836406708,1.190288601670927,0.3061846180302563,P:9.9|P:9.6|P:10.0|B:9.0|B:10.1|B:10.6|B:10.10,7,3,4,0,1,1,0,1,0,0,0.5,0.0,0.0
count_plus_PE_count,0,217,1.5335167162120342,1.381712119948551,-0.1518045962634833,P:9.9|P:9.6|P:10.0|B:9.0|B:10.2|B:10.6|B:10.10|B:11.2|B:11.9|E:11.10,10,3,6,1,1,1,1,1,1,1,0.75,0.5,0.375
count_plus_PE_count,0,4,0.0034867338836193063,-0.27484321949188295,-0.27832995337550226,B:9.0,1,0,1,0,0,1,0,0,0,0,0.0,0.0,0.0
count_plus_PE_count,0,130,1.2399504967033863,1.162955331206968,-0.07699516549641827,P:9.9|P:10.0|B:9.7|B:10.2|B:10.6|B:11.2|E:10.7,7,2,4,1,1,1,1,1,1,1,0.3333333333333333,0.3333333333333333,0.25
count_plus_PE_count,0,228,1.1373955719172955,0.8098985938601502,-0.3274969780571453,P:9.9|P:9.6|P:10.0|B:9.0|B:9.7|B:10.2|B:11.2|B:11.9,8,3,5,0,1,1,0,1,0,0,0.625,0.0,0.0
count_plus_PE_count,0,128,1.061413548886776,1.2301870888921855,0.16877354000540956,P:9.9|P:10.0|B:9.7|B:10.6,4,2,2,0,1,1,0,1,0,0,0.16666666666666666,0.0,0.0
count_plus_PE_count,0,15,0.35023678094148636,0.9519242800620827,0.6016874991205964,B:9.0|B:9.7|B:10.1|B:10.2|B:10.6|B:10.10|B:11.2|B:11.9,8,0,8,0,0,1,0,0,0,0,0.0,0.0,0.0
count_plus_PE_count,0,124,0.904553011059761,1.240494433086134,0.335941422026373,P:9.9|P:10.0|B:10.1|B:10.10|B:11.9,5,2,3,0,1,1,0,1,0,0,0.25,0.0,0.0
count_plus_PE_count,0,93,0.3689284063875675,0.19996706362022437,-0.16896134276734315,P:9.6|P:10.0|B:9.0|B:10.6|B:10.10|B:11.9|E:11.10,7,2,4,1,1,1,1,1,1,1,0.3333333333333333,0.3333333333333333,0.25
count_plus_PE_count,1,50,-0.5812592878937721,-0.4179377544002101,0.16332153349356204,P:10.0|E:10.7,2,1,0,1,1,0,1,0,1,0,0.0,0.16666666666666666,0.0
count_plus_PE_count,1,106,-0.08755524829030037,0.22499916749416685,0.3125544157844672,P:9.9|B:11.2,2,1,1,0,1,1,0,1,0,0,0.041666666666666664,0.0,0.0
count_plus_PE_count,1,230,1.7152394354343414,1.5769655301223764,-0.13827390531196504,P:9.9|P:9.6|P:10.0|B:9.0|B:9.7|B:10.2|B:10.6|B:10.10|B:11.2|B:11.9|E:11.10,11,3,7,1,1,1,1,1,1,1,0.875,0.5,0.4375
count_plus_PE_count,1,160,0.06055968999862671,0.4733825601944591,0.4128228701958324,P:9.9|P:9.6|B:10.1|B:10.6|B:10.10|B:11.2|E:11.10,7,2,4,1,1,1,1,1,1,1,0.3333333333333333,0.3333333333333333,0.25
count_plus_PE_count,1,48,-1.093090582638979,-1.0690382975266948,0.02405228511228419,B:9.0|B:9.7|B:10.1|B:10.2|B:10.6|B:10.10|B:11.9|E:10.7|E:11.10,9,0,7,2,0,1,1,0,0,1,0.0,0.0,0.875
count_plus_PE_count,1,198,0.6584309488534927,0.4905317762051626,-0.16789917264833015,P:9.9|P:9.6|P:10.0|B:9.7,4,3,1,0,1,1,0,1,0,0,0.125,0.0,0.0
count_plus_PE_count,1,168,0.2776085212826729,0.6927380247484198,0.41512950346574695,P:9.9|P:9.6|B:9.0|B:10.2|B:10.10|B:11.2|B:11.9,7,2,5,0,1,1,0,1,0,0,0.41666666666666663,0.0,0.0
count_plus_PE_count,1,64,-1.8848259001970291,-1.7258296592391311,0.158996240957898,P:9.6|B:10.2|E:10.7|E:11.10,4,1,1,2,1,1,1,1,1,1,0.041666666666666664,0.3333333333333333,0.125
count_plus_PE_count,1,7,0.04607735201716423,-0.002174777763241348,-0.04825212978040558,B:10.2,1,0,1,0,0,1,0,0,0,0,0.0,0.0,0.0
count_plus_PE_count,1,75,0.32792340219020844,-0.1926034030468513,-0.5205268052370597,P:9.6|P:10.0,2,2,0,0,1,0,0,0,0,0,0.0,0.0,0.0
count_plus_PE_count,1,174,0.0011423192918300629,-0.16138339301525687,-0.16252571230708693,P:9.9|P:9.6|B:9.0|B:9.7|B:10.1|B:11.9|E:10.7|E:11.10,8,2,4,2,1,1,1,1,1,1,0.3333333333333333,0.6666666666666666,0.5
count_plus_PE_count,1,154,-0.12619714811444283,-0.38512004715760906,-0.25892289904316623,P:9.9|P:9.6|B:10.2|E:10.7|E:11.10,5,2,1,2,1,1,1,1,1,1,0.08333333333333333,0.6666666666666666,0.125
count_plus_PE_count,1,142,1.7428619898855686,1.7532047482301052,0.010342758344536573,P:9.9|P:10.0|B:9.0|B:9.7|B:10.1|B:10.2|B:10.6|B:10.10|B:11.2|B:11.9,10,2,8,0,1,1,0,1,0,0,0.6666666666666666,0.0,0.0
count_plus_PE_count,1,10,-0.3037194274365902,-0.3527197432107344,-0.04900031577414421,B:11.2,1,0,1,0,0,1,0,0,0,0,0.0,0.0,0.0
count_plus_PE_count,1,9,0.12788828462362287,0.07295148199692865,-0.05493680262669422,B:10.10,1,0,1,0,0,1,0,0,0,0,0.0,0.0,0.0
count_plus_PE_count,1,177,-0.22630655765533447,0.5341060877654771,0.7604126454208116,P:9.9|P:9.6|P:10.0|E:11.10,4,3,0,1,1,0,1,0,1,0,0.0,0.5,0.0
count_plus_PE_count,1,36,0.2635531798005104,0.23912742102505033,-0.024425758775460077,B:9.0|B:10.6|B:11.9,3,0,3,0,0,1,0,0,0,0,0.0,0.0,0.0
count_plus_PE_count,1,210,0.4698285423219204,0.3394623847789555,-0.13036615754296488,P:9.9|P:9.6|P:10.0|B:9.0,4,3,1,0,1,1,0,1,0,0,0.125,0.0,0.0
count_plus_PE_count,1,138,1.083946779370308,0.8262072873648626,-0.2577394920054453,P:9.9|P:10.0|B:9.0|B:10.1|B:10.2|B:10.10|B:11.2|B:11.9|E:10.7|E:11.10,10,2,6,2,1,1,1,1,1,1,0.5,0.6666666666666666,0.75
count_plus_PE_count,1,141,1.2822950780391693,1.1706559551340536,-0.11163912290511568,P:9.9|P:10.0|B:9.0|B:9.7|B:10.1|B:10.2|B:10.6|B:11.2|B:11.9|E:11.10,10,2,7,1,1,1,1,1,1,1,0.5833333333333333,0.3333333333333333,0.4375
count_plus_PE_count,1,120,0.74381148442626,0.9202004889533677,0.1763890045271077,P:9.9|P:10.0|B:10.10,3,2,1,0,1,1,0,1,0,0,0.08333333333333333,0.0,0.0
count_plus_PE_count,1,131,0.400036346167326,0.34398527250434796,-0.05605107366297801,P:9.9|P:10.0|B:9.7|B:10.1|B:11.9|E:10.7|E:11.10,7,2,3,2,1,1,1,1,1,1,0.25,0.6666666666666666,0.375
count_plus_PE_count,1,30,-0.8866070061922073,-0.7867936188325324,0.09981338735967493,B:9.7|B:10.10|B:11.2|E:10.7,4,0,3,1,0,1,1,0,0,1,0.0,0.0,0.1875
count_plus_PE_count,1,193,0.6254174932837486,0.911922680647628,0.2865051873638794,P:9.9|P:9.6|P:10.0|B:10.1|B:10.10,5,3,2,0,1,1,0,1,0,0,0.25,0.0,0.0
count_plus_PE_count,1,19,1.8685232289135456,1.5395494426620788,-0.3289737862514668,P:9.9|P:9.6|P:10.0|B:9.0|B:9.7|B:10.1|B:10.2|B:10.6|B:10.10|B:11.2|B:11.9,11,3,8,0,1,1,0,1,0,0,1.0,0.0,0.0
count_plus_PE_count,1,204,1.4221223182976246,1.6823902514298474,0.26026793313222285,P:9.9|P:9.6|P:10.0|B:9.7|B:10.6|B:10.10|B:11.9|E:10.7,8,3,4,1,1,1,1,1,1,1,0.5,0.5,0.25
count_plus_PE_count,1,27,-2.0526970140635967,-1.8707214914366819,0.18197552262691485,B:10.2|B:11.9|E:10.7|E:11.10,4,0,2,2,0,1,1,0,0,1,0.0,0.0,0.25
count_plus_PE_count,1,223,1.9471766948699951,1.724369450896624,-0.22280724397337104,P:9.9|P:9.6|P:10.0|B:9.0|B:10.1|B:10.2|B:10.6|B:10.10|B:11.2|B:11.9|E:10.7,11,3,7,1,1,1,1,1,1,1,0.875,0.5,0.4375
count_plus_PE_count,1,74,-0.022991657257080078,-0.12861745869807678,-0.1056258014409967,P:9.6|B:9.0|B:9.7|B:10.1|B:10.2|B:10.6|B:10.10|B:11.2|B:11.9|E:11.10,10,1,8,1,1,1,1,1,1,1,0.3333333333333333,0.16666666666666666,0.5
count_plus_PE_count,1,208,0.6361530162394047,0.9077494223096494,0.2715964060702447,P:9.9|P:9.6|P:10.0|B:9.7|B:10.1|B:10.2|E:11.10,7,3,3,1,1,1,1,1,1,1,0.375,0.5,0.1875
count_plus_PE_count,1,224,0.5285060442984104,0.8780897968973402,0.3495837525989298,P:9.9|P:9.6|P:10.0|B:9.0|B:9.7|B:10.6|B:11.2|E:11.10,8,3,4,1,1,1,1,1,1,1,0.5,0.5,0.25
count_plus_PE_count,1,173,0.6124220378696918,0.254835621226145,-0.35758641664354684,P:9.9|P:9.6|B:9.0|B:9.7|B:10.2|B:10.6|B:11.9|E:10.7|E:11.10,9,2,5,2,1,1,1,1,1,1,0.41666666666666663,0.6666666666666666,0.625
count_plus_PE_count,1,18,0.16123811528086662,0.5977142658665469,0.43647615058568023,P:9.9|P:9.6|P:10.0|E:10.7|E:11.10,5,3,0,2,1,0,1,0,1,0,0.0,1.0,0.0
count_plus_PE_count,1,11,0.04421548917889595,-0.09051255163242186,-0.1347280408113178,B:11.9,1,0,1,0,0,1,0,0,0,0,0.0,0.0,0.0
count_plus_PE_count,1,187,0.897874940186739,0.7310115934936305,-0.16686334669310843,P:9.9|P:9.6|P:10.0|B:10.6|B:11.2,5,3,2,0,1,1,0,1,0,0,0.25,0.0,0.0
count_plus_PE_count,1,151,0.276092492043972,0.33984680875216905,0.06375431670819703,P:9.9|P:9.6|B:10.6,3,2,1,0,1,1,0,1,0,0,0.08333333333333333,0.0,0.0
count_plus_PE_count,1,157,0.37768739834427834,-0.06586652210183208,-0.4435539204461104,P:9.9|P:9.6|B:10.1|E:10.7,4,2,1,1,1,1,1,1,1,1,0.08333333333333333,0.3333333333333333,0.0625
count_plus_PE_count,1,59,0.9626401513814926,0.728516454107076,-0.23412369727441662,P:10.0|B:9.0|B:9.7|B:10.1|B:10.6|B:11.9,6,1,5,0,1,1,0,1,0,0,0.20833333333333331,0.0,0.0
count_plus_PE_count,1,103,0.26081952825188637,0.4872063590724792,0.22638683082059285,P:9.9|B:11.9,2,1,1,0,1,1,0,1,0,0,0.041666666666666664,0.0,0.0
count_plus_PE_count,1,156,0.08269025757908821,0.09508667069850378,0.01239641311941557,P:9.9|P:9.6|B:10.1,3,2,1,0,1,1,0,1,0,0,0.08333333333333333,0.0,0.0
count_plus_PE_count,1,123,0.7120838984847069,0.5389535682076552,-0.1731303302770517,P:9.9|P:10.0|B:10.1|B:11.2|E:10.7,5,2,2,1,1,1,1,1,1,1,0.16666666666666666,0.3333333333333333,0.125
count_plus_PE_count,1,78,-1.3243667595088482,-0.7919474772515568,0.5324192822572914,P:9.6|P:10.0|B:11.9|E:10.7|E:11.10,5,2,1,2,1,1,1,1,1,1,0.08333333333333333,0.6666666666666666,0.125
count_plus_PE_count,1,115,0.6769261583685875,1.2359493287307357,0.5590231703621482,P:9.9|B:9.0|B:9.7|B:10.1|B:10.2|B:10.10|B:11.2|B:11.9,8,1,7,0,1,1,0,1,0,0,0.29166666666666663,0.0,0.0
count_plus_PE_count,1,81,-0.23705962300300598,-0.14073622757285872,0.09632339543014726,P:9.6|P:10.0|B:10.10|E:10.7,4,2,1,1,1,1,1,1,1,1,0.08333333333333333,0.3333333333333333,0.0625
count_plus_PE_count,1,58,0.9003594256937504,1.3136993562458281,0.41333993055207774,P:10.0|B:9.0|B:10.1|B:10.2|B:10.6|B:10.10|B:11.9,7,1,6,0,1,1,0,1,0,0,0.25,0.0,0.0
count_plus_PE_count,1,8,0.20578551664948463,0.07409166929685322,-0.1316938473526314,B:10.6,1,0,1,0,0,1,0,0,0,0,0.0,0.0,0.0
count_plus_PE_count,1,212,0.9004754312336445,0.5781803445895921,-0.3222950866440524,P:9.9|P:9.6|P:10.0|B:9.0|B:11.2|E:10.7,6,3,2,1,1,1,1,1,1,1,0.25,0.5,0.125
count_plus_PE_count,1,119,0.09514226019382477,0.42077279817587254,0.3256305379820478,P:9.9|P:10.0|B:11.9|E:11.10,4,2,1,1,1,1,1,1,1,1,0.08333333333333333,0.3333333333333333,0.0625
count_plus_PE_count,2,163,-0.5653442852199078,0.06548032047272895,0.6308246056926368,P:9.9|P:9.6|B:9.7|B:10.2|B:11.2|E:11.10,6,2,3,1,1,1,1,1,1,1,0.25,0.3333333333333333,0.1875
count_plus_PE_count,2,35,0.04845794662833214,-0.013863157622054742,-0.06232110425038688,B:9.0|B:11.9,2,0,2,0,0,1,0,0,0,0,0.0,0.0,0.0
count_plus_PE_count,2,140,1.2962299212813377,0.8275837790114313,-0.4686461422699064,P:9.9|P:10.0|B:9.0|B:9.7|B:10.1|B:10.2|B:10.10|B:11.2|B:11.9|E:10.7|E:11.10,11,2,7,2,1,1,1,1,1,1,0.5833333333333333,0.6666666666666666,0.875
count_plus_PE_count,2,26,-0.9894405044615269,-0.8706909896351027,0.11874951482642415,B:10.2|E:10.7,2,0,1,1,0,1,1,0,0,1,0.0,0.0,0.0625
count_plus_PE_count,2,152,-0.15340392664074898,-0.28355489051014104,-0.13015096386939207,P:9.9|P:9.6|B:10.6|E:10.7|E:11.10,5,2,1,2,1,1,1,1,1,1,0.08333333333333333,0.6666666666666666,0.125
count_plus_PE_count,2,179,0.8624304980039597,0.749370125989693,-0.11306037201426666,P:9.9|P:9.6|P:10.0|B:11.9|E:10.7,5,3,1,1,1,1,1,1,1,1,0.125,0.5,0.0625
count_plus_PE_count,2,86,-0.13070636987686157,-0.6021697781965469,-0.47146340831968536,P:9.6|P:10.0|B:10.1|E:11.10,4,2,1,1,1,1,1,1,1,1,0.08333333333333333,0.3333333333333333,0.0625
count_plus_PE_count,2,238,2.212401542812586,1.511177201663891,-0.7012243411486949,P:9.9|P:9.6|P:10.0|B:9.0|B:9.7|B:10.1|B:10.2|B:10.6|B:10.10|B:11.2|E:10.7|E:11.10,12,3,7,2,1,1,1,1,1,1,0.875,1.0,0.875
count_plus_PE_count,2,55,0.44097353890538216,-0.0629519867355886,-0.5039255256409707,P:10.0|B:9.0,2,1,1,0,1,1,0,1,0,0,0.041666666666666664,0.0,0.0
count_plus_PE_count,2,195,1.275618951767683,1.0548107901423123,-0.22080816162537076,P:9.9|P:9.6|P:10.0|B:10.1|B:10.2|B:10.10|E:10.7|E:11.10,8,3,3,2,1,1,1,1,1,1,0.375,1.0,0.375
count_plus_PE_count,2,112,0.8748807460069656,0.7445139528973622,-0.13036679310960342,P:9.9|B:9.7|B:10.1|B:10.2|B:10.6|B:10.10|B:11.2|B:11.9|E:11.10,9,1,7,1,1,1,1,1,1,1,0.29166666666666663,0.16666666666666666,0.4375
count_plus_PE_count,2,188,0.19750071316957474,0.5921651278330681,0.39466441466349333,P:9.9|P:9.6|P:10.0|B:10.2|E:11.10,5,3,1,1,1,1,1,1,1,1,0.125,0.5,0.0625
count_plus_PE_count,2,72,0.3226247727870941,0.16604026613767242,-0.1565845066494217,P:9.6|B:9.0|B:9.7|B:10.6|B:11.9,5,1,4,0,1,1,0,1,0,0,0.16666666666666666,0.0,0.0
count_plus_PE_count,2,25,-0.6552459336817265,-1.1513783158332396,-0.4961323821515131,B:10.2|E:11.10,2,0,1,1,0,1,1,0,0,1,0.0,0.0,0.0625
count_plus_PE_count,2,39,-1.902444377541542,-2.078126499736009,-0.1756821221944671,B:9.0|B:10.1|B:10.10|B:11.2|E:10.7|E:11.10,6,0,4,2,0,1,1,0,0,1,0.0,0.0,0.5
count_plus_PE_count,2,192,0.37901822477579117,0.47129905304607217,0.092280828270281,P:9.9|P:9.6|P:10.0|B:10.1|E:10.7|E:11.10,6,3,1,2,1,1,1,1,1,1,0.125,1.0,0.125
count_plus_PE_count,2,100,-0.2131936363875866,0.273654738747517,0.4868483751351036,P:9.6|P:10.0|B:9.0|B:9.7|B:10.1|B:10.2|B:10.6|B:10.10|B:11.2|B:11.9|E:10.7|E:11.10,12,2,8,2,1,1,1,1,1,1,0.6666666666666666,0.6666666666666666,1.0
count_plus_PE_count,2,132,0.7890389040112495,0.7041959549986507,-0.08484294901259881,P:9.9|P:10.0|B:9.7|B:10.1|B:10.2|B:11.2|E:11.10,7,2,4,1,1,1,1,1,1,1,0.3333333333333333,0.3333333333333333,0.25
count_plus_PE_count,2,226,1.454001609236002,1.5286329894387776,0.0746313802027756,P:9.9|P:9.6|P:10.0|B:9.0|B:9.7|B:10.6|B:10.10|B:11.9|E:10.7,9,3,5,1,1,1,1,1,1,1,0.625,0.5,0.3125
count_plus_PE_count,2,216,1.325690682977438,1.2669752377778132,-0.058715445199624794,P:9.9|P:9.6|P:10.0|B:9.0|B:10.2|B:10.6|E:10.7,7,3,3,1,1,1,1,1,1,1,0.375,0.5,0.1875
count_plus_PE_count,2,184,0.9177334345877171,0.7962374885311514,-0.12149594605656566,P:9.9|P:9.6|P:10.0|B:10.10|B:11.2|B:11.9|E:10.7|E:11.10,8,3,3,2,1,1,1,1,1,1,0.375,1.0,0.375
count_plus_PE_count,2,33,-1.4734752662479877,-1.6576064611822163,-0.18413119493422858,B:9.7|B:10.1|B:10.6|B:10.10|B:11.2|E:10.7|E:11.10,7,0,5,2,0,1,1,0,0,1,0.0,0.0,0.625
count_plus_PE_count,2,107,0.5038124993443489,0.2685584000539316,-0.2352540992904173,P:9.9|B:10.1|B:10.6|E:10.7,4,1,2,1,1,1,1,1,1,1,0.08333333333333333,0.16666666666666666,0.125
count_plus_PE_count,2,165,0.0528549998998642,-0.0306355867418288,-0.083490586641693,P:9.9|P:9.6|B:9.7|B:10.1|B:10.6|B:11.2|E:10.7|E:11.10,8,2,4,2,1,1,1,1,1,1,0.3333333333333333,0.6666666666666666,0.5
count_plus_PE_count,2,43,0.25424106419086456,0.6848624044636675,0.43062134027280297,B:9.0|B:9.7|B:10.6|B:10.10|B:11.2|B:11.9,6,0,6,0,0,1,0,0,0,0,0.0,0.0,0.0
count_plus_PE_count,2,71,-1.9208563305437565,-1.4929409971355008,0.4279153334082557,P:9.6|B:9.0|B:10.1|B:10.2|B:11.2|B:11.9|E:10.7|E:11.10,8,1,5,2,1,1,1,1,1,1,0.20833333333333331,0.3333333333333333,0.625
count_plus_PE_count,2,102,-0.7290077060461044,-1.0991529185488766,-0.3701452125027722,P:9.9|E:10.7|E:11.10,3,1,0,2,1,0,1,0,1,0,0.0,0.3333333333333333,0.0
count_plus_PE_count,2,196,1.6026018001139164,1.1564623721580634,-0.44613942795585304,P:9.9|P:9.6|P:10.0|B:10.1|B:10.2|B:10.10|B:11.2|B:11.9|E:10.7|E:11.10,10,3,5,2,1,1,1,1,1,1,0.625,1.0,0.625
count_plus_PE_count,2,214,1.3109852150082588,1.029321753262517,-0.28166346174574186,P:9.9|P:9.6|P:10.0|B:9.0|B:10.6|B:10.10|B:11.2|E:10.7|E:11.10,9,3,4,2,1,1,1,1,1,1,0.5,1.0,0.5
count_plus_PE_count,2,13,-0.7300628870725632,-1.3682324981256526,-0.6381696110530894,E:11.10,1,0,0,1,0,0,1,0,0,0,0.0,0.0,0.0
count_plus_PE_count,2,232,1.2487009689211845,1.1393963353081444,-0.1093046336130401,P:9.9|P:9.6|P:10.0|B:9.0|B:9.7|B:10.1|B:10.2|B:11.2|B:11.9|E:10.7|E:11.10,11,3,6,2,1,1,1,1,1,1,0.75,1.0,0.75
count_plus_PE_count,2,231,1.8862354047596455,1.3876948736223793,-0.49854053113726615,P:9.9|P:9.6|P:10.0|B:9.0|B:9.7|B:10.1|B:10.6|B:10.10|B:11.2|B:11.9|E:10.7|E:11.10,12,3,7,2,1,1,1,1,1,1,0.875,1.0,0.875
count_plus_PE_count,2,150,0.007378906011581418,-0.37556658883679983,-0.38294549484838125,P:9.9|P:9.6|B:10.10|E:10.7|E:11.10,5,2,1,2,1,1,1,1,1,1,0.08333333333333333,0.6666666666666666,0.125
count_plus_PE_count,2,73,-0.7453505955636501,-0.6720810218008033,0.07326957376284682,P:9.6|B:9.0|B:9.7|B:10.1|B:10.2|B:10.6|B:10.10|B:11.9|E:10.7|E:11.10,10,1,7,2,1,1,1,1,1,1,0.29166666666666663,0.3333333333333333,0.875
count_plus_PE_count,2,147,-0.8010351993143559,-0.6837934110308912,0.11724178828346465,P:9.9|P:9.6|B:11.2|E:10.7|E:11.10,5,2,1,2,1,1,1,1,1,1,0.08333333333333333,0.6666666666666666,0.125
count_plus_PE_count,2,202,1.0955001190304756,1.0737736963666966,-0.021726422663779,P:9.9|P:9.6|P:10.0|B:9.7|B:10.10|E:10.7,6,3,2,1,1,1,1,1,1,1,0.25,0.5,0.125
count_plus_PE_count,2,12,-1.0317822992801666,-1.087545171927516,-0.05576287264734936,E:10.7,1,0,0,1,0,0,1,0,0,0,0.0,0.0,0.0
count_plus_PE_count,2,82,-0.03239645063877106,-0.3370222312454454,-0.30462578060667433,P:9.6|P:10.0|B:10.6|E:11.10,4,2,1,1,1,1,1,1,1,1,0.08333333333333333,0.3333333333333333,0.0625
count_plus_PE_count,2,31,-0.23759472742676735,-0.6723529662259724,-0.43475823879920505,B:9.7|B:10.6|B:10.10|B:11.2|E:11.10,5,0,4,1,0,1,1,0,0,1,0.0,0.0,0.25
count_plus_PE_count,2,153,0.2724653035402298,0.360125958464517,0.0876606549242872,P:9.9|P:9.6|B:10.2,3,2,1,0,1,1,0,1,0,0,0.08333333333333333,0.0,0.0
count_plus_PE_count,2,29,-2.1579615026712418,-2.266129883123363,-0.1081683804521214,B:9.7|B:11.2|E:10.7|E:11.10,4,0,2,2,0,1,1,0,0,1,0.0,0.0,0.25
count_plus_PE_count,2,172,0.1690041534602642,0.5438219602931289,0.3748178068328647,P:9.9|P:9.6|B:9.0|B:9.7|B:10.2|B:11.2,6,2,4,0,1,1,0,1,0,0,0.3333333333333333,0.0,0.0
count_plus_PE_count,2,118,-0.11092682182788849,-0.04051867690618738,0.07040814492170111,P:9.9|P:10.0|E:10.7|E:11.10,4,2,0,2,1,0,1,0,1,0,0.0,0.6666666666666666,0.0
count_plus_PE_count,2,186,0.5278505198657513,0.7364465999971735,0.20859608013142228,P:9.9|P:9.6|P:10.0|B:10.6|E:10.7|E:11.10,6,3,1,2,1,1,1,1,1,1,0.125,1.0,0.125
count_plus_PE_count,2,79,-1.4608745947480202,-1.0122018976103084,0.44867269713771174,P:9.6|P:10.0|B:11.2|E:10.7|E:11.10,5,2,1,2,1,1,1,1,1,1,0.08333333333333333,0.6666666666666666,0.125
count_plus_PE_count,2,139,1.478417843580246,1.6145381607936344,0.13612031721338846,P:9.9|P:10.0|B:9.0|B:10.1|B:10.2|B:10.6|B:10.10|B:11.2,8,2,6,0,1,1,0,1,0,0,0.5,0.0,0.0
count_plus_PE_count,2,178,0.785550020635128,0.6559982717387915,-0.12955174889633647,P:9.9|P:9.6|P:10.0|E:10.7,4,3,0,1,1,0,1,0,1,0,0.0,0.5,0.0
count_plus_PE_count,2,16,-1.3794433288276196,-1.2202359902131765,0.15920733861444303,B:9.0|B:9.7|B:10.1|B:10.2|B:10.6|B:10.10|B:11.2|B:11.9|E:10.7|E:11.10,10,0,8,2,0,1,1,0,0,1,0.0,0.0,1.0
count_plus_PE_count,3,110,0.5567262880504131,0.7714326345222918,0.2147063464718787,P:9.9|B:9.7|B:10.10,3,1,2,0,1,1,0,1,0,0,0.08333333333333333,0.0,0.0
count_plus_PE_count,3,116,0.6422114297747612,0.6373777053416552,-0.004833724433106035,P:9.9|P:10.0,2,2,0,0,1,0,0,0,0,0,0.0,0.0,0.0
count_plus_PE_count,3,199,-0.008658107370138168,0.4858675757588984,0.49452568312903655,P:9.9|P:9.6|P:10.0|B:9.7|E:11.10,5,3,1,1,1,1,1,1,1,1,0.125,0.5,0.0625
count_plus_PE_count,3,236,1.3518722876906395,1.3941105945134806,0.04223830682284113,P:9.9|P:9.6|P:10.0|B:9.0|B:9.7|B:10.1|B:10.2|B:10.6|B:11.2|B:11.9|E:11.10,11,3,7,1,1,1,1,1,1,1,0.875,0.5,0.4375
count_plus_PE_count,3,176,0.47614696621894836,0.8803806167497017,0.40423365053075333,P:9.9|P:9.6|B:9.0|B:9.7|B:10.1|B:10.2|B:10.6|B:11.9|E:11.10,9,2,6,1,1,1,1,1,1,1,0.5,0.3333333333333333,0.375
count_plus_PE_count,3,185,0.7254875265061855,0.6919760916567734,-0.0335114348494121,P:9.9|P:9.6|P:10.0|B:10.6,4,3,1,0,1,1,0,1,0,0,0.125,0.0,0.0
count_plus_PE_count,3,158,-0.3258376196026802,-0.4923883771464426,-0.16655075754376242,P:9.9|P:9.6|B:10.1|E:10.7|E:11.10,5,2,1,2,1,1,1,1,1,1,0.08333333333333333,0.6666666666666666,0.125
count_plus_PE_count,3,2,-0.1576346568763256,-0.5291830689111612,-0.3715484120348356,P:9.6,1,1,0,0,1,0,0,0,0,0,0.0,0.0,0.0
count_plus_PE_count,3,209,1.2488095052540302,1.2644245815126824,0.015615076258652216,P:9.9|P:9.6|P:10.0|B:9.7|B:10.1|B:10.2|B:10.6,7,3,4,0,1,1,0,1,0,0,0.5,0.0,0.0
count_plus_PE_count,3,92,-0.4412704110145569,-0.6388103365205741,-0.19753992550601718,P:9.6|P:10.0|B:9.0|B:11.2|E:11.10,5,2,2,1,1,1,1,1,1,1,0.16666666666666666,0.3333333333333333,0.125
count_plus_PE_count,3,98,1.0093169696629047,0.813039018841304,-0.1962779508216007,P:9.6|P:10.0|B:9.0|B:9.7|B:10.1|B:10.2|B:10.6|B:10.10|B:11.2|B:11.9,10,2,8,0,1,1,0,1,0,0,0.6666666666666666,0.0,0.0
count_plus_PE_count,3,105,-0.6707933135330677,-0.9401795114119049,-0.2693861978788372,P:9.9|B:11.9|E:10.7|E:11.10,4,1,1,2,1,1,1,1,1,1,0.041666666666666664,0.3333333333333333,0.125
count_plus_PE_count,3,205,1.3846071772277355,1.161078247599157,-0.2235289296285785,P:9.9|P:9.6|P:10.0|B:9.7|B:10.2|B:11.2|B:11.9|E:10.7,8,3,4,1,1,1,1,1,1,1,0.5,0.5,0.25
count_plus_PE_count,3,200,0.39837056398391724,0.590531952025616,0.1921613880416988,P:9.9|P:9.6|P:10.0|B:9.7|E:10.7|E:11.10,6,3,1,2,1,1,1,1,1,1,0.125,1.0,0.125
count_plus_PE_count,3,23,-0.8226649463176727,-0.743470485844389,0.07919446047328371,B:10.6|E:10.7,2,0,1,1,0,1,1,0,0,1,0.0,0.0,0.0625
count_plus_PE_count,3,56,-0.4917997419834137,-0.23318907467231087,0.2586106673111028,P:10.0|B:9.0|B:10.1|B:11.2|B:11.9|E:10.7,6,1,4,1,1,1,1,1,1,1,0.16666666666666666,0.16666666666666666,0.25
count_plus_PE_count,3,159,0.029253222048282623,0.31100609362654497,0.28175287157826234,P:9.9|P:9.6|B:10.1|B:10.10|B:11.2,5,2,3,0,1,1,0,1,0,0,0.25,0.0,0.0
count_plus_PE_count,3,239,2.124457161873579,1.8048091993749231,-0.3196479624986559,P:9.9|P:9.6|P:10.0|B:9.0|B:9.7|B:10.1|B:10.2|B:10.6|B:10.10|B:11.2|B:11.9|E:10.7,12,3,8,1,1,1,1,1,1,1,1.0,0.5,0.5
count_plus_PE_count,3,63,-1.987990591675043,-1.8890122121896806,0.09897837948536248,P:9.6|E:10.7|E:11.10,3,1,0,2,1,0,1,0,1,0,0.0,0.3333333333333333,0.0
count_plus_PE_count,3,90,0.6627392582595348,0.010152400164192443,-0.6525868580953424,P:9.6|P:10.0|B:9.7|B:10.1|B:11.9,5,2,3,0,1,1,0,1,0,0,0.25,0.0,0.0
count_plus_PE_count,3,85,0.31950290501117706,-0.058886989815275764,-0.3783898948264528,P:9.6|P:10.0|B:10.2|B:11.2|B:11.9,5,2,3,0,1,1,0,1,0,0,0.25,0.0,0.0
count_plus_PE_count,3,181,0.5778550244867802,0.244895271710588,-0.33295975277619216,P:9.9|P:9.6|P:10.0|B:11.2,4,3,1,0,1,1,0,1,0,0,0.125,0.0,0.0
count_plus_PE_count,3,146,-0.3059505894780159,-0.0766565138200512,0.2292940756579647,P:9.9|P:9.6|B:11.2,3,2,1,0,1,1,0,1,0,0,0.08333333333333333,0.0,0.0
count_plus_PE_count,3,117,0.02911713346838951,0.3110511369814762,0.2819340035130867,P:9.9|P:10.0|E:11.10,3,2,0,1,1,0,1,0,1,0,0.0,0.3333333333333333,0.0
count_plus_PE_count,3,143,1.8553861118853092,1.3887282086883146,-0.46665790319699463,P:9.9|P:10.0|B:9.0|B:9.7|B:10.1|B:10.2|B:10.6|B:10.10|B:11.2|B:11.9|E:11.10,11,2,8,1,1,1,1,1,1,1,0.6666666666666666,0.3333333333333333,0.5
count_plus_PE_count,3,233,1.3947341851890087,1.203096163891081,-0.19163802129792762,P:9.9|P:9.6|P:10.0|B:9.0|B:9.7|B:10.1|B:10.2|B:10.10|B:11.2,9,3,6,0,1,1,0,1,0,0,0.75,0.0,0.0
count_plus_PE_count,3,97,-0.00730687752366066,0.31676463854683645,0.3240715160704971,P:9.6|P:10.0|B:9.0|B:9.7|B:10.1|B:10.2|B:11.2|B:11.9|E:10.7,9,2,6,1,1,1,1,1,1,1,0.5,0.3333333333333333,0.375
count_plus_PE_count,3,80,0.4240094982087612,-0.09590309709820165,-0.5199125953069629,P:9.6|P:10.0|B:10.10,3,2,1,0,1,1,0,1,0,0,0.08333333333333333,0.0,0.0
count_plus_PE_count,3,203,1.0001394301652908,1.0822292752880833,0.08208984512279249,P:9.9|P:9.6|P:10.0|B:9.7|B:10.6|B:10.10,6,3,3,0,1,1,0,1,0,0,0.375,0.0,0.0
count_plus_PE_count,3,182,-0.11927512288093567,0.297957687078762,0.4172328099596977,P:9.9|P:9.6|P:10.0|B:11.2|E:11.10,5,3,1,1,1,1,1,1,1,1,0.125,0.5,0.0625
count_plus_PE_count,3,17,0.46299997344613075,0.4237593016108478,-0.03924067183528296,P:9.9|P:9.6|P:10.0,3,3,0,0,1,0,0,0,0,0,0.0,0.0,0.0
count_plus_PE_count,3,108,-0.32360805571079254,-0.1674934597176686,0.15611459599312394,P:9.9|B:10.1|B:10.2|B:11.2|E:11.10,5,1,3,1,1,1,1,1,1,1,0.125,0.16666666666666666,0.1875
count_plus_PE_count,3,44,0.4107043147087097,0.349163697491262,-0.06154061721744769,B:9.0|B:9.7|B:10.1|B:10.10,4,0,4,0,0,1,0,0,0,0,0.0,0.0,0.0
count_plus_PE_count,3,148,-0.35026708617806435,-0.05538409651263789,0.2948829896654265,P:9.9|P:9.6|B:10.10|E:11.10,4,2,1,1,1,1,1,1,1,1,0.08333333333333333,0.3333333333333333,0.0625
count_plus_PE_count,3,5,0.18057629838585854,-0.1678472919826164,-0.3484235903684749,B:9.7,1,0,1,0,0,1,0,0,0,0,0.0,0.0,0.0
count_plus_PE_count,3,129,0.762895978987217,0.6513873287255751,-0.1115086502616418,P:9.9|P:10.0|B:9.7|B:10.2|B:10.6|E:10.7|E:11.10,7,2,3,2,1,1,1,1,1,1,0.25,0.6666666666666666,0.375
count_plus_PE_count,3,194,1.2136539109051228,1.1182025032137657,-0.09545140769135707,P:9.9|P:9.6|P:10.0|B:10.1|B:10.2|B:11.9|E:10.7,7,3,3,1,1,1,1,1,1,1,0.375,0.5,0.1875
count_plus_PE_count,3,42,-0.46380022168159485,-0.8827899698454124,-0.4189897481638175,B:9.0|B:9.7|B:10.10|B:11.2|B:11.9|E:11.10,6,0,5,1,0,1,1,0,0,1,0.0,0.0,0.3125
count_plus_PE_count,3,183,0.8049454912543297,0.6344493581569748,-0.1704961330973549,P:9.9|P:9.6|P:10.0|B:10.10|B:11.2,5,3,2,0,1,1,0,1,0,0,0.25,0.0,0.0
count_plus_PE_count,3,28,0.2634904868900776,0.33609523797993446,0.07260475108985687,B:10.1|B:10.2|B:10.10,3,0,3,0,0,1,0,0,0,0,0.0,0.0,0.0
count_plus_PE_count,3,45,-0.5084521621465683,-0.050989223884353896,0.4574629382622144,B:9.0|B:9.7|B:10.1|B:10.6|B:10.10|B:11.2|B:11.9|E:10.7,8,0,7,1,0,1,1,0,0,1,0.0,0.0,0.4375
count_plus_PE_count,3,61,-1.0373320244252682,-0.4365531453937748,0.6007788790314934,P:10.0|B:9.0|B:9.7|B:10.1|B:10.2|B:10.6|B:11.2|B:11.9|E:10.7|E:11.10,10,1,7,2,1,1,1,1,1,1,0.29166666666666663,0.3333333333333333,0.875
count_plus_PE_count,3,94,-0.49759408831596375,0.09430972613368926,0.591903814449653,P:9.6|P:10.0|B:9.0|B:10.1|B:10.6|B:10.10|B:11.2|B:11.9|E:10.7|E:11.10,10,2,6,2,1,1,1,1,1,1,0.5,0.6666666666666666,0.75
count_plus_PE_count,3,166,0.34098824113607407,-0.14554436798663425,-0.48653260912270835,P:9.9|P:9.6|B:9.7|B:10.1|B:10.2|E:10.7|E:11.10,7,2,3,2,1,1,1,1,1,1,0.25,0.6666666666666666,0.375
count_plus_PE_count,3,54,0.02327965945005417,-0.6932731491430832,-0.7165528085931374,P:10.0|B:10.1|E:11.10,3,1,1,1,1,1,1,1,1,1,0.041666666666666664,0.16666666666666666,0.0625
count_plus_PE_count,3,41,-2.0931180715560913,-2.0766807389361324,0.016437332619958944,B:9.0|B:9.7|B:11.2|B:11.9|E:10.7|E:11.10,6,0,4,2,0,1,1,0,0,1,0.0,0.0,0.5
count_plus_PE_count,3,180,0.22938881069421768,0.628303035816326,0.3989142251221083,P:9.9|P:9.6|P:10.0|B:11.9|E:10.7|E:11.10,6,3,1,2,1,1,1,1,1,1,0.125,1.0,0.125
count_plus_PE_count,3,137,0.9683080837130547,0.9321154904437726,-0.036192593269282036,P:9.9|P:10.0|B:9.0|B:10.1|B:10.2|B:11.2,6,2,4,0,1,1,0,1,0,0,0.3333333333333333,0.0,0.0
count_plus_PE_count,4,135,0.3180081695318222,0.4500621616313776,0.13205399209955537,P:9.9|P:10.0|B:9.0|B:10.6|B:11.9|E:10.7|E:11.10,7,2,3,2,1,1,1,1,1,1,0.25,0.6666666666666666,0.375
count_plus_PE_count,4,37,-2.092911761254072,-2.0288327499667465,0.06407901128732574,B:9.0|B:10.2|E:10.7|E:11.10,4,0,2,2,0,1,1,0,0,1,0.0,0.0,0.25
count_plus_PE_count,4,91,0.38466572016477585,-0.07231915613536288,-0.45698487630013873,P:9.6|P:10.0|B:9.0|B:11.9,4,2,2,0,1,1,0,1,0,0,0.16666666666666666,0.0,0.0
count_plus_PE_count,4,113,-0.6673449911177158,-0.8742622540959436,-0.20691726297822777,P:9.9|B:9.0|B:9.7|B:11.2|B:11.9|E:10.7|E:11.10,7,1,4,2,1,1,1,1,1,1,0.16666666666666666,0.3333333333333333,0.5
count_plus_PE_count,4,38,-0.12388213351368904,0.5240452132215958,0.6479273467352848,B:9.0|B:10.2|B:10.10|B:11.2|B:11.9,5,0,5,0,0,1,0,0,0,0,0.0,0.0,0.0
count_plus_PE_count,4,62,-0.96882164478302,-1.2500159768808012,-0.2811943320977812,P:9.6|E:11.10,2,1,0,1,1,0,1,0,1,0,0.0,0.16666666666666666,0.0
count_plus_PE_count,4,57,-1.3938638791441917,-1.0086579321860927,0.38520594695809907,P:10.0|B:9.0|B:10.1|B:10.2|E:10.7|E:11.10,6,1,3,2,1,1,1,1,1,1,0.125,0.3333333333333333,0.375
count_plus_PE_count,4,190,0.7528919950127602,0.8955809087567941,0.14268891374403392,P:9.9|P:9.6|P:10.0|B:10.2|B:10.6|B:11.2|E:11.10,7,3,3,1,1,1,1,1,1,1,0.375,0.5,0.1875
count_plus_PE_count,4,164,0.30114129185676575,0.6853284445599808,0.384187152703215,P:9.9|P:9.6|B:9.7|B:10.1|B:10.10|B:11.2|B:11.9,7,2,5,0,1,1,0,1,0,0,0.41666666666666663,0.0,0.0
count_plus_PE_count,4,221,0.5948651321232319,0.8357839715179503,0.24091883939471836,P:9.9|P:9.6|P:10.0|B:9.0|B:10.1|B:10.2|B:11.2|E:11.10,8,3,4,1,1,1,1,1,1,1,0.5,0.5,0.25
count_plus_PE_count,4,1,0.1935817413032055,0.39743541974816254,0.20385367844495705,P:9.9,1,1,0,0,1,0,0,0,0,0,0.0,0.0,0.0
count_plus_PE_count,4,53,-0.06579641252756119,-0.40662756828796354,-0.34083115576040235,P:10.0|B:10.2|B:11.9|E:11.10,4,1,2,1,1,1,1,1,1,1,0.08333333333333333,0.16666666666666666,0.125
count_plus_PE_count,4,126,0.9073482267558575,0.9345161993024726,0.027167972546615182,P:9.9|P:10.0|B:10.1|B:10.2|E:10.7,5,2,2,1,1,1,1,1,1,1,0.16666666666666666,0.3333333333333333,0.125
count_plus_PE_count,4,14,-2.1500720120966434,-2.245072321719212,-0.09500030962256867,E:10.7|E:11.10,2,0,0,2,0,0,1,0,0,0,0.0,0.0,0.0
count_plus_PE_count,4,40,0.43496930971741676,0.7389396080796207,0.3039702983622039,B:9.0|B:10.1|B:10.6|B:10.10,4,0,4,0,0,1,0,0,0,0,0.0,0.0,0.0
count_plus_PE_count,4,234,1.2642529793083668,1.3639841205290448,0.09973114122067805,P:9.9|P:9.6|P:10.0|B:9.0|B:9.7|B:10.1|B:10.2|B:10.6,8,3,5,0,1,1,0,1,0,0,0.625,0.0,0.0
count_plus_PE_count,4,34,-0.4527350068092346,-0.07433197690560767,0.37840302990362695,B:9.7|B:10.1|B:10.2|B:10.10|B:11.9|E:10.7,6,0,5,1,0,1,1,0,0,1,0.0,0.0,0.3125
count_plus_PE_count,4,99,0.8856487385928631,0.5506293845868446,-0.33501935400601845,P:9.6|P:10.0|B:9.0|B:9.7|B:10.1|B:10.2|B:10.6|B:10.10|B:11.2|B:11.9|E:11.10,11,2,8,1,1,1,1,1,1,1,0.6666666666666666,0.3333333333333333,0.5
count_plus_PE_count,4,109,0.5982384718954563,0.5209298514734542,-0.07730862042200215,P:9.9|B:10.1|B:10.2|B:10.6|B:10.10|B:11.2|E:11.10,7,1,5,1,1,1,1,1,1,1,0.20833333333333331,0.16666666666666666,0.3125
count_plus_PE_count,4,49,-0.5108466930687428,0.13460473710110132,0.6454514301698441,B:9.0|B:9.7|B:10.1|B:10.2|B:10.6|B:10.10|B:11.2|B:11.9|E:10.7,9,0,8,1,0,1,1,0,0,1,0.0,0.0,0.5
count_plus_PE_count,4,127,0.24340659379959106,0.29065416200258765,0.04724756820299658,P:9.9|P:10.0|B:9.7|E:11.10,4,2,1,1,1,1,1,1,1,1,0.08333333333333333,0.3333333333333333,0.0625
count_plus_PE_count,4,21,-2.0925130136311054,-2.2942195364182614,-0.20170652278715595,B:11.9|E:10.7|E:11.10,3,0,1,2,0,1,1,0,0,1,0.0,0.0,0.125
count_plus_PE_count,4,227,1.6139287240803242,1.3341126372939711,-0.27981608678635306,P:9.9|P:9.6|P:10.0|B:9.0|B:9.7|B:10.6|B:10.10|B:11.2|B:11.9|E:10.7|E:11.10,11,3,6,2,1,1,1,1,1,1,0.75,1.0,0.75
count_plus_PE_count,4,167,0.3539474345743656,0.11075400760955367,-0.24319342696481194,P:9.9|P:9.6|B:9.0|B:11.9|E:10.7,5,2,2,1,1,1,1,1,1,1,0.16666666666666666,0.3333333333333333,0.125
count_plus_PE_count,4,125,1.1199581176042557,1.231773642562751,0.11181552495849534,P:9.9|P:10.0|B:10.1|B:10.6|B:11.2|B:11.9,6,2,4,0,1,1,0,1,0,0,0.3333333333333333,0.0,0.0
count_plus_PE_count,4,170,0.3828652650117874,0.577299863914295,0.19443459890250758,P:9.9|P:9.6|B:9.0|B:10.1|B:10.6,5,2,3,0,1,1,0,1,0,0,0.25,0.0,0.0
count_plus_PE_count,4,66,0.09258740022778511,-0.07135100044221496,-0.16393840067000007,P:9.6|B:10.1|B:10.2|B:11.9,4,1,3,0,1,1,0,1,0,0,0.125,0.0,0.0
count_plus_PE_count,4,104,0.20134234055876732,-0.15639337291489203,-0.35773571347365934,P:9.9|B:11.9|E:10.7,3,1,1,1,1,1,1,1,1,1,0.041666666666666664,0.16666666666666666,0.0625
count_plus_PE_count,4,22,-0.9958479702472687,-1.2953496529310349,-0.2995016826837662,B:11.2|B:11.9|E:11.10,3,0,2,1,0,1,1,0,0,1,0.0,0.0,0.125
count_plus_PE_count,4,46,-0.23023967072367668,-0.46519501081625886,-0.23495534009258218,B:9.0|B:9.7|B:10.1|B:10.2|B:10.10|B:11.2|B:11.9|E:11.10,8,0,7,1,0,1,1,0,0,1,0.0,0.0,0.4375
count_plus_PE_count,4,111,-0.15740074962377548,-0.6713823003453645,-0.513981550721589,P:9.9|B:9.7|B:10.6|E:10.7|E:11.10,5,1,2,2,1,1,1,1,1,1,0.08333333333333333,0.3333333333333333,0.25
count_plus_PE_count,4,70,-1.6255602352321148,-1.346839876756863,0.2787203584752518,P:9.6|B:9.0|B:10.1|B:10.2|B:11.9|E:10.7|E:11.10,7,1,4,2,1,1,1,1,1,1,0.16666666666666666,0.3333333333333333,0.5
count_plus_PE_count,4,77,-1.3802263587713242,-0.777429276054171,0.6027970827171532,P:9.6|P:10.0|E:10.7|E:11.10,4,2,0,2,1,0,1,0,1,0,0.0,0.6666666666666666,0.0
count_plus_PE_count,4,145,-0.9065218307077885,-0.21932401411310276,0.6871978165946857,P:9.9|P:9.6|E:11.10,3,2,0,1,1,0,1,0,1,0,0.0,0.3333333333333333,0.0
count_plus_PE_count,4,207,1.1867230460047722,1.232298397031835,0.045575351027062894,P:9.9|P:9.6|P:10.0|B:9.7|B:10.1|B:10.10|B:11.9|E:10.7|E:11.10,9,3,4,2,1,1,1,1,1,1,0.5,1.0,0.5
count_plus_PE_count,4,189,0.5667572394013405,0.7334795161845835,0.16672227678324303,P:9.9|P:9.6|P:10.0|B:10.2|E:10.7|E:11.10,6,3,1,2,1,1,1,1,1,1,0.125,1.0,0.125
count_plus_PE_count,4,20,2.3267794027924538,1.6875047637364728,-0.6392746390559809,P:9.9|P:9.6|P:10.0|B:9.0|B:9.7|B:10.1|B:10.2|B:10.6|B:10.10|B:11.2|B:11.9|E:10.7|E:11.10,13,3,8,2,1,1,1,1,1,1,1.0,1.0,1.0
count_plus_PE_count,4,175,0.43807394430041313,0.730775737017721,0.2927017927173079,P:9.9|P:9.6|B:9.0|B:9.7|B:10.1|B:10.10,6,2,4,0,1,1,0,1,0,0,0.3333333333333333,0.0,0.0
count_plus_PE_count,4,67,0.1194758489727974,-0.1775942841080203,-0.2970701330808177,P:9.6|B:9.7|B:10.2,3,1,2,0,1,1,0,1,0,0,0.08333333333333333,0.0,0.0
count_plus_PE_count,4,121,0.8768309131264687,0.9309170713571306,0.054086158230661985,P:9.9|P:10.0|B:10.6,3,2,1,0,1,1,0,1,0,0,0.08333333333333333,0.0,0.0
count_plus_PE_count,4,213,0.7374192625284195,0.7896485478425741,0.052229285314154605,P:9.9|P:9.6|P:10.0|B:9.0|B:10.6,5,3,2,0,1,1,0,1,0,0,0.25,0.0,0.0
count_plus_PE_count,4,211,0.1879602037370205,0.49669661317723246,0.30873640944021197,P:9.9|P:9.6|P:10.0|B:9.0|E:10.7|E:11.10,6,3,1,2,1,1,1,1,1,1,0.125,1.0,0.125
count_plus_PE_count,4,133,1.7260217368602753,1.3238043508931063,-0.40221738596716894,P:9.9|P:10.0|B:9.7|B:10.1|B:10.2|B:10.6|B:10.10|B:11.2|E:11.10,9,2,6,1,1,1,1,1,1,1,0.5,0.3333333333333333,0.375
count_plus_PE_count,4,161,0.41517258435487747,0.11718932051989396,-0.2979832638349835,P:9.9|P:9.6|B:10.1|B:10.2|B:10.10|B:11.2|E:10.7|E:11.10,8,2,4,2,1,1,1,1,1,1,0.3333333333333333,0.6666666666666666,0.5
count_plus_PE_count,4,65,-1.8147796541452408,-1.5472498270156796,0.2675298271295612,P:9.6|B:10.2|B:10.10|B:11.2|E:10.7|E:11.10,6,1,3,2,1,1,1,1,1,1,0.125,0.3333333333333333,0.375
count_plus_PE_count,4,220,1.2591385692358017,1.4022082160979088,0.1430696468621071,P:9.9|P:9.6|P:10.0|B:9.0|B:10.1|B:10.6|B:10.10|E:10.7|E:11.10,9,3,4,2,1,1,1,1,1,1,0.5,1.0,0.5
count_plus_PE_count,4,47,0.18758106604218483,0.6952333120195328,0.5076522459773479,B:9.0|B:9.7|B:10.1|B:10.2|B:10.6|B:11.2,6,0,6,0,0,1,0,0,0,0,0.0,0.0,0.0
count_plus_BE_count,0,122,0.3629409745335579,0.6425015400914182,0.27956056555786035,P:9.9|P:10.0|B:10.6|E:11.10,4,2,1,1,1,1,1,1,1,1,0.08333333333333333,0.3333333333333333,0.0625
count_plus_BE_count,0,52,-1.6007909774780273,-0.9219731369317921,0.6788178405462353,P:10.0|B:10.2|E:10.7|E:11.10,4,1,1,2,1,1,1,1,1,1,0.041666666666666664,0.3333333333333333,0.125
count_plus_BE_count,0,169,0.708813302218914,0.38952098438952076,-0.31929231782939327,P:9.9|P:9.6|B:9.0|B:10.2|B:10.6|B:10.10|B:11.2|B:11.9|E:10.7|E:11.10,10,2,6,2,1,1,1,1,1,1,0.5,0.6666666666666666,0.75
count_plus_BE_count,0,88,0.1200842633843422,-0.10294739280070848,-0.22303165618505066,P:9.6|P:10.0|B:9.7|B:10.6|B:11.2|B:11.9|E:11.10,7,2,4,1,1,1,1,1,1,1,0.3333333333333333,0.3333333333333333,0.25
count_plus_BE_count,0,162,0.49946876987814903,-0.09777028830141148,-0.5972390581795605,P:9.9|P:9.6|B:10.1|B:10.2|B:10.6|E:10.7|E:11.10,7,2,3,2,1,1,1,1,1,1,0.25,0.6666666666666666,0.375
count_plus_BE_count,0,197,1.1613009199500084,0.7046740808819256,-0.45662683906808277,P:9.9|P:9.6|P:10.0|B:10.1|B:10.2|B:10.6|E:10.7|E:11.10,8,3,3,2,1,1,1,1,1,1,0.375,1.0,0.375
count_plus_BE_count,0,206,1.1710864640772343,0.6755414002425897,-0.4955450638346446,P:9.9|P:9.6|P:10.0|B:9.7|B:10.2|B:10.6|E:10.7|E:11.10,8,3,3,2,1,1,1,1,1,1,0.375,1.0,0.375
count_plus_BE_count,0,225,1.2041504010558128,1.314536224674906,0.1103858236190931,P:9.9|P:9.6|P:10.0|B:9.0|B:9.7|B:10.6|B:11.2|B:11.9,8,3,5,0,1,1,0,1,0,0,0.625,0.0,0.0
count_plus_BE_count,0,51,-0.7062482126057148,-0.6488333940080759,0.05741481859763886,P:10.0|B:11.2|E:10.7,3,1,1,1,1,1,1,1,1,1,0.041666666666666664,0.16666666666666666,0.0625
count_plus_BE_count,0,3,0.42918625101447105,-0.10339974472893794,-0.532585995743409,P:10.0,1,1,0,0,1,0,0,0,0,0,0.0,0.0,0.0
count_plus_BE_count,0,68,-0.03323224559426308,-0.3857037248478055,-0.35247147925354244,P:9.6|B:9.7|B:10.1|B:10.10|B:11.2,5,1,4,0,1,1,0,1,0,0,0.16666666666666666,0.0,0.0
count_plus_BE_count,0,237,1.4893603511154652,2.2128333693669147,0.7234730182514495,P:9.9|P:9.6|P:10.0|B:9.0|B:9.7|B:10.1|B:10.2|B:10.6|B:10.10|B:11.9,10,3,7,0,1,1,0,1,0,0,0.875,0.0,0.0
count_plus_BE_count,0,32,-0.6199087165296078,-0.41797540069022976,0.201933315839378,B:9.7|B:10.2|B:10.10|E:10.7,4,0,3,1,0,1,1,0,0,1,0.0,0.0,0.1875
count_plus_BE_count,0,134,0.43865132704377174,0.7833851413275493,0.3447338142837776,P:9.9|P:10.0|B:9.0|B:10.6|B:11.9|E:11.10,6,2,3,1,1,1,1,1,1,1,0.25,0.3333333333333333,0.1875
count_plus_BE_count,0,6,0.11284342035651207,-0.516581538727161,-0.629424959083673,B:10.1,1,0,1,0,0,1,0,0,0,0,0.0,0.0,0.0
count_plus_BE_count,0,149,0.47060735896229744,0.21514855497781227,-0.25545880398448517,P:9.9|P:9.6|B:10.10|E:10.7,4,2,1,1,1,1,1,1,1,1,0.08333333333333333,0.3333333333333333,0.0625
count_plus_BE_count,0,155,0.7810946628451347,0.5865883444899538,-0.19450631835518095,P:9.9|P:9.6|B:10.2|B:10.6|B:10.10|B:11.2|E:10.7,7,2,4,1,1,1,1,1,1,1,0.3333333333333333,0.3333333333333333,0.25
count_plus_BE_count,0,218,0.6303710080683231,1.3985088532681025,0.7681378451997793,P:9.9|P:9.6|P:10.0|B:9.0|B:10.1|B:10.10,6,3,3,0,1,1,0,1,0,0,0.375,0.0,0.0
count_plus_BE_count,0,83,0.6069852113723755,0.4711247391955053,-0.1358604721768702,P:9.6|P:10.0|B:10.6|B:11.9,4,2,2,0,1,1,0,1,0,0,0.16666666666666666,0.0,0.0
count_plus_BE_count,0,201,0.5236174315214157,0.18433351254364472,-0.339283918977771,P:9.9|P:9.6|P:10.0|B:9.7|B:11.2|B:11.9|E:10.7|E:11.10,8,3,3,2,1,1,1,1,1,1,0.375,1.0,0.375
count_plus_BE_count,0,96,0.8413464911282063,0.7025754039523209,-0.13877108717588538,P:9.6|P:10.0|B:9.0|B:9.7|B:10.2|B:10.6|B:10.10|B:11.2,8,2,6,0,1,1,0,1,0,0,0.5,0.0,0.0
count_plus_BE_count,0,89,0.0035700574517250057,-0.25668529323820155,-0.26025535068992656,P:9.6|P:10.0|B:9.7|B:10.2|E:11.10,5,2,2,1,1,1,1,1,1,1,0.16666666666666666,0.3333333333333333,0.125
count_plus_BE_count,0,101,0.13574618473649025,-0.22615263578421677,-0.361898820520707,P:9.9|E:10.7,2,1,0,1,1,0,1,0,1,0,0.0,0.16666666666666666,0.0
count_plus_BE_count,0,60,0.8043079115450382,0.5464070511976891,-0.25790086034734916,P:10.0|B:9.0|B:9.7|B:10.1|B:10.2|B:10.6|B:11.2|B:11.9,8,1,7,0,1,1,0,1,0,0,0.29166666666666663,0.0,0.0
count_plus_BE_count,0,222,2.0050816535949707,1.1290544774887563,-0.8760271761062144,P:9.9|P:9.6|P:10.0|B:9.0|B:10.1|B:10.2|B:10.6|B:10.10|B:11.2|E:10.7|E:11.10,11,3,6,2,1,1,1,1,1,1,0.75,1.0,0.75
count_plus_BE_count,0,76,-0.3358710706233978,-0.6291429126711244,-0.2932718420477266,P:9.6|P:10.0|E:11.10,3,2,0,1,1,0,1,0,1,0,0.0,0.3333333333333333,0.0
count_plus_BE_count,0,144,-0.024949822574853897,0.23960311035380766,0.26455293292866155,P:9.9|P:9.6,2,2,0,0,1,0,0,0,0,0,0.0,0.0,0.0
count_plus_BE_count,0,84,-0.024493630975484848,0.2714709233401697,0.29596455431565455,P:9.6|P:10.0|B:10.6|B:10.10|E:10.7,5,2,2,1,1,1,1,1,1,1,0.16666666666666666,0.3333333333333333,0.125
count_plus_BE_count,0,215,0.6853511184453964,0.047733283835049045,-0.6376178346103474,P:9.9|P:9.6|P:10.0|B:9.0|B:10.2|B:11.2|E:10.7|E:11.10,8,3,3,2,1,1,1,1,1,1,0.375,1.0,0.375
count_plus_BE_count,0,24,-1.9098994433879852,-1.3654788149826955,0.5444206284052897,B:10.6|E:10.7|E:11.10,3,0,1,2,0,1,1,0,0,1,0.0,0.0,0.125
count_plus_BE_count,0,136,0.734557755291462,0.9900020121906321,0.25544425689917016,P:9.9|P:10.0|B:9.0|B:10.1,4,2,2,0,1,1,0,1,0,0,0.16666666666666666,0.0,0.0
count_plus_BE_count,0,171,0.4481462836265564,-0.19118103374491827,-0.6393273173714746,P:9.9|P:9.6|B:9.0|B:10.1|B:10.2|B:10.10|B:11.2|E:10.7|E:11.10,9,2,5,2,1,1,1,1,1,1,0.41666666666666663,0.6666666666666666,0.625
count_plus_BE_count,0,69,-1.431811336427927,-0.6573764352095162,0.7744349012184109,P:9.6|B:9.7|B:10.1|B:10.2|B:10.6|B:11.2|B:11.9|E:10.7|E:11.10,9,1,6,2,1,1,1,1,1,1,0.25,0.3333333333333333,0.75
count_plus_BE_count,0,191,-0.00995168462395668,0.634222322254066,0.6441740068780227,P:9.9|P:9.6|P:10.0|B:10.1|E:11.10,5,3,1,1,1,1,1,1,1,1,0.125,0.5,0.0625
count_plus_BE_count,0,235,1.4840984642505646,1.5863866892304013,0.1022882249798367,P:9.9|P:9.6|P:10.0|B:9.0|B:9.7|B:10.1|B:10.2|B:10.6|B:11.2,9,3,6,0,1,1,0,1,0,0,0.75,0.0,0.0
count_plus_BE_count,0,95,-1.1356264613568783,-0.9126302783139666,0.2229961830429117,P:9.6|P:10.0|B:9.0|B:9.7|E:10.7|E:11.10,6,2,2,2,1,1,1,1,1,1,0.16666666666666666,0.6666666666666666,0.25
count_plus_BE_count,0,87,-1.1586299277842045,-0.9480462933167269,0.21058363446747763,P:9.6|P:10.0|B:9.7|E:10.7|E:11.10,5,2,1,2,1,1,1,1,1,1,0.08333333333333333,0.6666666666666666,0.125
count_plus_BE_count,0,114,0.6210603751242161,0.4851715769725241,-0.13588879815169197,P:9.9|B:9.0|B:9.7|B:10.10|B:11.9|E:10.7,6,1,4,1,1,1,1,1,1,1,0.16666666666666666,0.16666666666666666,0.25
count_plus_BE_count,0,229,1.1873903311789036,1.588846751332112,0.4014564201532085,P:9.9|P:9.6|P:10.0|B:9.0|B:9.7|B:10.2|B:10.6,7,3,4,0,1,1,0,1,0,0,0.5,0.0,0.0
count_plus_BE_count,0,219,0.8841039836406708,1.7591804129840138,0.8750764293433431,P:9.9|P:9.6|P:10.0|B:9.0|B:10.1|B:10.6|B:10.10,7,3,4,0,1,1,0,1,0,0,0.5,0.0,0.0
count_plus_BE_count,0,217,1.5335167162120342,1.4929591369061812,-0.04055757930585302,P:9.9|P:9.6|P:10.0|B:9.0|B:10.2|B:10.6|B:10.10|B:11.2|B:11.9|E:11.10,10,3,6,1,1,1,1,1,1,1,0.75,0.5,0.375
count_plus_BE_count,0,4,0.0034867338836193063,-0.6780912888515086,-0.6815780227351279,B:9.0,1,0,1,0,0,1,0,0,0,0,0.0,0.0,0.0
count_plus_BE_count,0,130,1.2399504967033863,0.9939499021057534,-0.2460005945976329,P:9.9|P:10.0|B:9.7|B:10.2|B:10.6|B:11.2|E:10.7,7,2,4,1,1,1,1,1,1,1,0.3333333333333333,0.3333333333333333,0.25
count_plus_BE_count,0,228,1.1373955719172955,1.198883290642954,0.06148771872565861,P:9.9|P:9.6|P:10.0|B:9.0|B:9.7|B:10.2|B:11.2|B:11.9,8,3,5,0,1,1,0,1,0,0,0.625,0.0,0.0
count_plus_BE_count,0,128,1.061413548886776,1.296719732568114,0.23530618368133793,P:9.9|P:10.0|B:9.7|B:10.6,4,2,2,0,1,1,0,1,0,0,0.16666666666666666,0.0,0.0
count_plus_BE_count,0,15,0.35023678094148636,0.22969384713718602,-0.12054293380430034,B:9.0|B:9.7|B:10.1|B:10.2|B:10.6|B:10.10|B:11.2|B:11.9,8,0,8,0,0,1,0,0,0,0,0.0,0.0,0.0
count_plus_BE_count,0,124,0.904553011059761,1.4568680464214343,0.5523150353616733,P:9.9|P:10.0|B:10.1|B:10.10|B:11.9,5,2,3,0,1,1,0,1,0,0,0.25,0.0,0.0
count_plus_BE_count,0,93,0.3689284063875675,0.28565463161742244,-0.08327377477014508,P:9.6|P:10.0|B:9.0|B:10.6|B:10.10|B:11.9|E:11.10,7,2,4,1,1,1,1,1,1,1,0.3333333333333333,0.3333333333333333,0.25
count_plus_BE_count,1,50,-0.5812592878937721,-0.501848140642677,0.0794111472510951,P:10.0|E:10.7,2,1,0,1,1,0,1,0,1,0,0.0,0.16666666666666666,0.0
count_plus_BE_count,1,106,-0.08755524829030037,0.02006246893510584,0.10761771722540621,P:9.9|B:11.2,2,1,1,0,1,1,0,1,0,0,0.041666666666666664,0.0,0.0
count_plus_BE_count,1,230,1.7152394354343414,1.6225885748555562,-0.09265086057878524,P:9.9|P:9.6|P:10.0|B:9.0|B:9.7|B:10.2|B:10.6|B:10.10|B:11.2|B:11.9|E:11.10,11,3,7,1,1,1,1,1,1,1,0.875,0.5,0.4375
count_plus_BE_count,1,160,0.06055968999862671,0.40318639858662797,0.34262670858800126,P:9.9|P:9.6|B:10.1|B:10.6|B:10.10|B:11.2|E:11.10,7,2,4,1,1,1,1,1,1,1,0.3333333333333333,0.3333333333333333,0.25
count_plus_BE_count,1,48,-1.093090582638979,-0.0734958826447453,1.0195946999942336,B:9.0|B:9.7|B:10.1|B:10.2|B:10.6|B:10.10|B:11.9|E:10.7|E:11.10,9,0,7,2,0,1,1,0,0,1,0.0,0.0,0.875
count_plus_BE_count,1,198,0.6584309488534927,1.1639940023698272,0.5055630535163345,P:9.9|P:9.6|P:10.0|B:9.7,4,3,1,0,1,1,0,1,0,0,0.125,0.0,0.0
count_plus_BE_count,1,168,0.2776085212826729,0.6783601131810316,0.40075159189835874,P:9.9|P:9.6|B:9.0|B:10.2|B:10.10|B:11.2|B:11.9,7,2,5,0,1,1,0,1,0,0,0.41666666666666663,0.0,0.0
count_plus_BE_count,1,64,-1.8848259001970291,-1.5021962761042507,0.38262962409277845,P:9.6|B:10.2|E:10.7|E:11.10,4,1,1,2,1,1,1,1,1,1,0.041666666666666664,0.3333333333333333,0.125
count_plus_BE_count,1,7,0.04607735201716423,-0.4238713485311032,-0.46994870054826743,B:10.2,1,0,1,0,0,1,0,0,0,0,0.0,0.0,0.0
count_plus_BE_count,1,75,0.32792340219020844,0.027553400691101224,-0.3003700014991072,P:9.6|P:10.0,2,2,0,0,1,0,0,0,0,0,0.0,0.0,0.0
count_plus_BE_count,1,174,0.0011423192918300629,-0.22801796127578816,-0.22916028056761822,P:9.9|P:9.6|B:9.0|B:9.7|B:10.1|B:11.9|E:10.7|E:11.10,8,2,4,2,1,1,1,1,1,1,0.3333333333333333,0.6666666666666666,0.5
count_plus_BE_count,1,154,-0.12619714811444283,-0.506349285166759,-0.3801521370523162,P:9.9|P:9.6|B:10.2|E:10.7|E:11.10,5,2,1,2,1,1,1,1,1,1,0.08333333333333333,0.6666666666666666,0.125
count_plus_BE_count,1,142,1.7428619898855686,1.628854519740773,-0.11400747014479551,P:9.9|P:10.0|B:9.0|B:9.7|B:10.1|B:10.2|B:10.6|B:10.10|B:11.2|B:11.9,10,2,8,0,1,1,0,1,0,0,0.6666666666666666,0.0,0.0
count_plus_BE_count,1,10,-0.3037194274365902,-0.8370048758200289,-0.5332854483834387,B:11.2,1,0,1,0,0,1,0,0,0,0,0.0,0.0,0.0
count_plus_BE_count,1,9,0.12788828462362287,-0.2920073426222555,-0.41989562724587837,B:10.10,1,0,1,0,0,1,0,0,0,0,0.0,0.0,0.0
count_plus_BE_count,1,177,-0.22630655765533447,0.5467794730591014,0.7730860307144358,P:9.9|P:9.6|P:10.0|E:11.10,4,3,0,1,1,0,1,0,1,0,0.0,0.5,0.0
count_plus_BE_count,1,36,0.2635531798005104,-0.4070355066456592,-0.6705886864461696,B:9.0|B:10.6|B:11.9,3,0,3,0,0,1,0,0,0,0,0.0,0.0,0.0
count_plus_BE_count,1,210,0.4698285423219204,1.0081812201385054,0.538352677816585,P:9.9|P:9.6|P:10.0|B:9.0,4,3,1,0,1,1,0,1,0,0,0.125,0.0,0.0
count_plus_BE_count,1,138,1.083946779370308,0.9916525906600043,-0.09229418871030359,P:9.9|P:10.0|B:9.0|B:10.1|B:10.2|B:10.10|B:11.2|B:11.9|E:10.7|E:11.10,10,2,6,2,1,1,1,1,1,1,0.5,0.6666666666666666,0.75
count_plus_BE_count,1,141,1.2822950780391693,1.1182881163181106,-0.16400696172105866,P:9.9|P:10.0|B:9.0|B:9.7|B:10.1|B:10.2|B:10.6|B:11.2|B:11.9|E:11.10,10,2,7,1,1,1,1,1,1,1,0.5833333333333333,0.3333333333333333,0.4375
count_plus_BE_count,1,120,0.74381148442626,1.2489887358049956,0.5051772513787356,P:9.9|P:10.0|B:10.10,3,2,1,0,1,1,0,1,0,0,0.08333333333333333,0.0,0.0
count_plus_BE_count,1,131,0.400036346167326,0.2768929118261612,-0.12314343434116476,P:9.9|P:10.0|B:9.7|B:10.1|B:11.9|E:10.7|E:11.10,7,2,3,2,1,1,1,1,1,1,0.25,0.6666666666666666,0.375
count_plus_BE_count,1,30,-0.8866070061922073,-0.7593829356404471,0.12722407055176022,B:9.7|B:10.10|B:11.2|E:10.7,4,0,3,1,0,1,1,0,0,1,0.0,0.0,0.1875
count_plus_BE_count,1,193,0.6254174932837486,1.581676319445342,0.9562588261615934,P:9.9|P:9.6|P:10.0|B:10.1|B:10.10,5,3,2,0,1,1,0,1,0,0,0.25,0.0,0.0
count_plus_BE_count,1,19,1.8685232289135456,1.8391071244345991,-0.029416104478946492,P:9.9|P:9.6|P:10.0|B:9.0|B:9.7|B:10.1|B:10.2|B:10.6|B:10.10|B:11.2|B:11.9,11,3,8,0,1,1,0,1,0,0,1.0,0.0,0.0
count_plus_BE_count,1,204,1.4221223182976246,1.6965665864483739,0.2744442681507493,P:9.9|P:9.6|P:10.0|B:9.7|B:10.6|B:10.10|B:11.9|E:10.7,8,3,4,1,1,1,1,1,1,1,0.5,0.5,0.25
count_plus_BE_count,1,27,-2.0526970140635967,-1.15314079033296,0.8995562237306367,B:10.2|B:11.9|E:10.7|E:11.10,4,0,2,2,0,1,1,0,0,1,0.0,0.0,0.25
count_plus_BE_count,1,223,1.9471766948699951,1.781260041070471,-0.16591665379952403,P:9.9|P:9.6|P:10.0|B:9.0|B:10.1|B:10.2|B:10.6|B:10.10|B:11.2|B:11.9|E:10.7,11,3,7,1,1,1,1,1,1,1,0.875,0.5,0.4375
count_plus_BE_count,1,74,-0.022991657257080078,-0.17156380958421144,-0.14857215232713136,P:9.6|B:9.0|B:9.7|B:10.1|B:10.2|B:10.6|B:10.10|B:11.2|B:11.9|E:11.10,10,1,8,1,1,1,1,1,1,1,0.3333333333333333,0.16666666666666666,0.5
count_plus_BE_count,1,208,0.6361530162394047,0.9534794389963963,0.31732642275699163,P:9.9|P:9.6|P:10.0|B:9.7|B:10.1|B:10.2|E:11.10,7,3,3,1,1,1,1,1,1,1,0.375,0.5,0.1875
count_plus_BE_count,1,224,0.5285060442984104,0.7537210493227653,0.22521500502435488,P:9.9|P:9.6|P:10.0|B:9.0|B:9.7|B:10.6|B:11.2|E:11.10,8,3,4,1,1,1,1,1,1,1,0.5,0.5,0.25
count_plus_BE_count,1,173,0.6124220378696918,0.16026329671270675,-0.45215874115698507,P:9.9|P:9.6|B:9.0|B:9.7|B:10.2|B:10.6|B:11.9|E:10.7|E:11.10,9,2,5,2,1,1,1,1,1,1,0.41666666666666663,0.6666666666666666,0.625
count_plus_BE_count,1,18,0.16123811528086662,0.015469360818472916,-0.1457687544623937,P:9.9|P:9.6|P:10.0|E:10.7|E:11.10,5,3,0,2,1,0,1,0,1,0,0.0,1.0,0.0
count_plus_BE_count,1,11,0.04421548917889595,-0.5026914409842766,-0.5469069301631726,B:11.9,1,0,1,0,0,1,0,0,0,0,0.0,0.0,0.0
count_plus_BE_count,1,187,0.897874940186739,1.210355240349274,0.31248030016253514,P:9.9|P:9.6|P:10.0|B:10.6|B:11.2,5,3,2,0,1,1,0,1,0,0,0.25,0.0,0.0
count_plus_BE_count,1,151,0.276092492043972,0.5360756853750788,0.25998319333110675,P:9.9|P:9.6|B:10.6,3,2,1,0,1,1,0,1,0,0,0.08333333333333333,0.0,0.0
count_plus_BE_count,1,157,0.37768739834427834,-0.027683133003826965,-0.4053705313481053,P:9.9|P:9.6|B:10.1|E:10.7,4,2,1,1,1,1,1,1,1,1,0.08333333333333333,0.3333333333333333,0.0625
count_plus_BE_count,1,59,0.9626401513814926,0.2422497203236352,-0.7203904310578574,P:10.0|B:9.0|B:9.7|B:10.1|B:10.6|B:11.9,6,1,5,0,1,1,0,1,0,0,0.20833333333333331,0.0,0.0
count_plus_BE_count,1,103,0.26081952825188637,0.35437590377085815,0.09355637551897178,P:9.9|B:11.9,2,1,1,0,1,1,0,1,0,0,0.041666666666666664,0.0,0.0
count_plus_BE_count,1,156,0.08269025757908821,0.36239923127337337,0.27970897369428516,P:9.9|P:9.6|B:10.1,3,2,1,0,1,1,0,1,0,0,0.08333333333333333,0.0,0.0
count_plus_BE_count,1,123,0.7120838984847069,0.48427591134900627,-0.2278079871357006,P:9.9|P:10.0|B:10.1|B:11.2|E:10.7,5,2,2,1,1,1,1,1,1,1,0.16666666666666666,0.3333333333333333,0.125
count_plus_BE_count,1,78,-1.3243667595088482,-0.8970876348853082,0.42727912462354,P:9.6|P:10.0|B:11.9|E:10.7|E:11.10,5,2,1,2,1,1,1,1,1,1,0.08333333333333333,0.6666666666666666,0.125
count_plus_BE_count,1,115,0.6769261583685875,0.814692564159863,0.13776640579127553,P:9.9|B:9.0|B:9.7|B:10.1|B:10.2|B:10.10|B:11.2|B:11.9,8,1,7,0,1,1,0,1,0,0,0.29166666666666663,0.0,0.0
count_plus_BE_count,1,81,-0.23705962300300598,-0.04555353642558302,0.19150608657742296,P:9.6|P:10.0|B:10.10|E:10.7,4,2,1,1,1,1,1,1,1,1,0.08333333333333333,0.3333333333333333,0.0625
count_plus_BE_count,1,58,0.9003594256937504,0.9720431568286332,0.0716837311348828,P:10.0|B:9.0|B:10.1|B:10.2|B:10.6|B:10.10|B:11.9,7,1,6,0,1,1,0,1,0,0,0.25,0.0,0.0
count_plus_BE_count,1,8,0.20578551664948463,-0.4123787423641695,-0.6181642590136541,B:10.6,1,0,1,0,0,1,0,0,0,0,0.0,0.0,0.0
count_plus_BE_count,1,212,0.9004754312336445,0.5375162495261356,-0.36295918170750885,P:9.9|P:9.6|P:10.0|B:9.0|B:11.2|E:10.7,6,3,2,1,1,1,1,1,1,1,0.25,0.5,0.125
count_plus_BE_count,1,119,0.09514226019382477,0.4907502912362341,0.3956080310424093,P:9.9|P:10.0|B:11.9|E:11.10,4,2,1,1,1,1,1,1,1,1,0.08333333333333333,0.3333333333333333,0.0625
count_plus_BE_count,2,163,-0.5653442852199078,0.02757157762191169,0.5929158628418194,P:9.9|P:9.6|B:9.7|B:10.2|B:11.2|E:11.10,6,2,3,1,1,1,1,1,1,1,0.25,0.3333333333333333,0.1875
count_plus_BE_count,2,35,0.04845794662833214,-0.5401247292223983,-0.5885826758507304,B:9.0|B:11.9,2,0,2,0,0,1,0,0,0,0,0.0,0.0,0.0
count_plus_BE_count,2,140,1.2962299212813377,1.0860963097722829,-0.21013361150905485,P:9.9|P:10.0|B:9.0|B:9.7|B:10.1|B:10.2|B:10.10|B:11.2|B:11.9|E:10.7|E:11.10,11,2,7,2,1,1,1,1,1,1,0.5833333333333333,0.6666666666666666,0.875
count_plus_BE_count,2,26,-0.9894405044615269,-0.6828041244572254,0.3066363800043015,B:10.2|E:10.7,2,0,1,1,0,1,1,0,0,1,0.0,0.0,0.0625
count_plus_BE_count,2,152,-0.15340392664074898,-0.5413669221639404,-0.38796299552319147,P:9.9|P:9.6|B:10.6|E:10.7|E:11.10,5,2,1,2,1,1,1,1,1,1,0.08333333333333333,0.6666666666666666,0.125
count_plus_BE_count,2,179,0.8624304980039597,0.6812315671715561,-0.18119893083240357,P:9.9|P:9.6|P:10.0|B:11.9|E:10.7,5,3,1,1,1,1,1,1,1,1,0.125,0.5,0.0625
count_plus_BE_count,2,86,-0.13070636987686157,-0.5194588679827759,-0.3887524981059143,P:9.6|P:10.0|B:10.1|E:11.10,4,2,1,1,1,1,1,1,1,1,0.08333333333333333,0.3333333333333333,0.0625
count_plus_BE_count,2,238,2.212401542812586,1.3402322205475947,-0.8721693222649911,P:9.9|P:9.6|P:10.0|B:9.0|B:9.7|B:10.1|B:10.2|B:10.6|B:10.10|B:11.2|E:10.7|E:11.10,12,3,7,2,1,1,1,1,1,1,0.875,1.0,0.875
count_plus_BE_count,2,55,0.44097353890538216,-0.13265793410586685,-0.5736314730112491,P:10.0|B:9.0,2,1,1,0,1,1,0,1,0,0,0.041666666666666664,0.0,0.0
count_plus_BE_count,2,195,1.275618951767683,0.6261306662379431,-0.6494882855297399,P:9.9|P:9.6|P:10.0|B:10.1|B:10.2|B:10.10|E:10.7|E:11.10,8,3,3,2,1,1,1,1,1,1,0.375,1.0,0.375
count_plus_BE_count,2,112,0.8748807460069656,0.7915301872413386,-0.08335055876562703,P:9.9|B:9.7|B:10.1|B:10.2|B:10.6|B:10.10|B:11.2|B:11.9|E:11.10,9,1,7,1,1,1,1,1,1,1,0.29166666666666663,0.16666666666666666,0.4375
count_plus_BE_count,2,188,0.19750071316957474,0.5924510673220691,0.39495035415249435,P:9.9|P:9.6|P:10.0|B:10.2|E:11.10,5,3,1,1,1,1,1,1,1,1,0.125,0.5,0.0625
count_plus_BE_count,2,72,0.3226247727870941,-0.25418344129558373,-0.5768082140826778,P:9.6|B:9.0|B:9.7|B:10.6|B:11.9,5,1,4,0,1,1,0,1,0,0,0.16666666666666666,0.0,0.0
count_plus_BE_count,2,25,-0.6552459336817265,-0.9374229847425701,-0.2821770510608437,B:10.2|E:11.10,2,0,1,1,0,1,1,0,0,1,0.0,0.0,0.0625
count_plus_BE_count,2,39,-1.902444377541542,-1.1762710895956556,0.7261732879458864,B:9.0|B:10.1|B:10.10|B:11.2|E:10.7|E:11.10,6,0,4,2,0,1,1,0,0,1,0.0,0.0,0.5
count_plus_BE_count,2,192,0.37901822477579117,-0.08867749828569776,-0.46769572306148893,P:9.9|P:9.6|P:10.0|B:10.1|E:10.7|E:11.10,6,3,1,2,1,1,1,1,1,1,0.125,1.0,0.125
count_plus_BE_count,2,100,-0.2131936363875866,0.6413702213093757,0.8545638576969623,P:9.6|P:10.0|B:9.0|B:9.7|B:10.1|B:10.2|B:10.6|B:10.10|B:11.2|B:11.9|E:10.7|E:11.10,12,2,8,2,1,1,1,1,1,1,0.6666666666666666,0.6666666666666666,1.0
count_plus_BE_count,2,132,0.7890389040112495,0.7294035892432343,-0.0596353147680152,P:9.9|P:10.0|B:9.7|B:10.1|B:10.2|B:11.2|E:11.10,7,2,4,1,1,1,1,1,1,1,0.3333333333333333,0.3333333333333333,0.25
count_plus_BE_count,2,226,1.454001609236002,1.468460626621719,0.014459017385717088,P:9.9|P:9.6|P:10.0|B:9.0|B:9.7|B:10.6|B:10.10|B:11.9|E:10.7,9,3,5,1,1,1,1,1,1,1,0.625,0.5,0.3125
count_plus_BE_count,2,216,1.325690682977438,1.1613161594723809,-0.1643745235050571,P:9.9|P:9.6|P:10.0|B:9.0|B:10.2|B:10.6|E:10.7,7,3,3,1,1,1,1,1,1,1,0.375,0.5,0.1875
count_plus_BE_count,2,184,0.9177334345877171,0.27204426759278194,-0.6456891669949352,P:9.9|P:9.6|P:10.0|B:10.10|B:11.2|B:11.9|E:10.7|E:11.10,8,3,3,2,1,1,1,1,1,1,0.375,1.0,0.375
count_plus_BE_count,2,33,-1.4734752662479877,-0.6486321287655766,0.8248431374824111,B:9.7|B:10.1|B:10.6|B:10.10|B:11.2|E:10.7|E:11.10,7,0,5,2,0,1,1,0,0,1,0.0,0.0,0.625
count_plus_BE_count,2,107,0.5038124993443489,0.1647511888856323,-0.33906131045871657,P:9.9|B:10.1|B:10.6|E:10.7,4,1,2,1,1,1,1,1,1,1,0.08333333333333333,0.16666666666666666,0.125
count_plus_BE_count,2,165,0.0528549998998642,-0.11947648295838043,-0.17233148285824462,P:9.9|P:9.6|B:9.7|B:10.1|B:10.6|B:11.2|E:10.7|E:11.10,8,2,4,2,1,1,1,1,1,1,0.3333333333333333,0.6666666666666666,0.5
count_plus_BE_count,2,43,0.25424106419086456,-0.07902122006035334,-0.3332622842512179,B:9.0|B:9.7|B:10.6|B:10.10|B:11.2|B:11.9,6,0,6,0,0,1,0,0,0,0,0.0,0.0,0.0
count_plus_BE_count,2,71,-1.9208563305437565,-1.0082925098980797,0.9125638206456768,P:9.6|B:9.0|B:10.1|B:10.2|B:11.2|B:11.9|E:10.7|E:11.10,8,1,5,2,1,1,1,1,1,1,0.20833333333333331,0.3333333333333333,0.625
count_plus_BE_count,2,102,-0.7290077060461044,-1.0452754587773676,-0.3162677527312632,P:9.9|E:10.7|E:11.10,3,1,0,2,1,0,1,0,1,0,0.0,0.3333333333333333,0.0
count_plus_BE_count,2,196,1.6026018001139164,0.8764923783873171,-0.7261094217265993,P:9.9|P:9.6|P:10.0|B:10.1|B:10.2|B:10.10|B:11.2|B:11.9|E:10.7|E:11.10,10,3,5,2,1,1,1,1,1,1,0.625,1.0,0.625
count_plus_BE_count,2,214,1.3109852150082588,0.5421792394257492,-0.7688059755825096,P:9.9|P:9.6|P:10.0|B:9.0|B:10.6|B:10.10|B:11.2|E:10.7|E:11.10,9,3,4,2,1,1,1,1,1,1,0.5,1.0,0.5
count_plus_BE_count,2,13,-0.7300628870725632,-1.2359523310521712,-0.505889443979608,E:11.10,1,0,0,1,0,0,1,0,0,0,0.0,0.0,0.0
count_plus_BE_count,2,232,1.2487009689211845,0.8157588312650976,-0.4329421376560869,P:9.9|P:9.6|P:10.0|B:9.0|B:9.7|B:10.1|B:10.2|B:11.2|B:11.9|E:10.7|E:11.10,11,3,6,2,1,1,1,1,1,1,0.75,1.0,0.75
count_plus_BE_count,2,231,1.8862354047596455,1.1743938601117367,-0.7118415446479087,P:9.9|P:9.6|P:10.0|B:9.0|B:9.7|B:10.1|B:10.6|B:10.10|B:11.2|B:11.9|E:10.7|E:11.10,12,3,7,2,1,1,1,1,1,1,0.875,1.0,0.875
count_plus_BE_count,2,150,0.007378906011581418,-0.5705888831356325,-0.5779677891472139,P:9.9|P:9.6|B:10.10|E:10.7|E:11.10,5,2,1,2,1,1,1,1,1,1,0.08333333333333333,0.6666666666666666,0.125
count_plus_BE_count,2,73,-0.7453505955636501,-0.06355324059501437,0.6817973549686358,P:9.6|B:9.0|B:9.7|B:10.1|B:10.2|B:10.6|B:10.10|B:11.9|E:10.7|E:11.10,10,1,7,2,1,1,1,1,1,1,0.29166666666666663,0.3333333333333333,0.875
count_plus_BE_count,2,147,-0.8010351993143559,-0.9181912373300094,-0.11715603801565355,P:9.9|P:9.6|B:11.2|E:10.7|E:11.10,5,2,1,2,1,1,1,1,1,1,0.08333333333333333,0.6666666666666666,0.125
count_plus_BE_count,2,202,1.0955001190304756,0.9468403800897673,-0.14865973894070827,P:9.9|P:9.6|P:10.0|B:9.7|B:10.10|E:10.7,6,3,2,1,1,1,1,1,1,1,0.25,0.5,0.125
count_plus_BE_count,2,12,-1.0317822992801666,-0.9813334707668266,0.05044882851333998,E:10.7,1,0,0,1,0,0,1,0,0,0,0.0,0.0,0.0
count_plus_BE_count,2,82,-0.03239645063877106,-0.33088259102601014,-0.2984861403872391,P:9.6|P:10.0|B:10.6|E:11.10,4,2,1,1,1,1,1,1,1,1,0.08333333333333333,0.3333333333333333,0.0625
count_plus_BE_count,2,31,-0.23759472742676735,-0.5528185964968775,-0.31522386907011013,B:9.7|B:10.6|B:10.10|B:11.2|E:11.10,5,0,4,1,0,1,1,0,0,1,0.0,0.0,0.25
count_plus_BE_count,2,153,0.2724653035402298,0.5887504169722504,0.3162851134320206,P:9.9|P:9.6|B:10.2,3,2,1,0,1,1,0,1,0,0,0.08333333333333333,0.0,0.0
count_plus_BE_count,2,29,-2.1579615026712418,-1.6117152684067506,0.5462462342644911,B:9.7|B:11.2|E:10.7|E:11.10,4,0,2,2,0,1,1,0,0,1,0.0,0.0,0.25
count_plus_BE_count,2,172,0.1690041534602642,0.5091539955878126,0.3401498421275484,P:9.9|P:9.6|B:9.0|B:9.7|B:10.2|B:11.2,6,2,4,0,1,1,0,1,0,0,0.3333333333333333,0.0,0.0
count_plus_BE_count,2,118,-0.11092682182788849,-0.35220234810103546,-0.24127552627314697,P:9.9|P:10.0|E:10.7|E:11.10,4,2,0,2,1,0,1,0,1,0,0.0,0.6666666666666666,0.0
count_plus_BE_count,2,186,0.5278505198657513,0.09989877867106788,-0.4279517411946834,P:9.9|P:9.6|P:10.0|B:10.6|E:10.7|E:11.10,6,3,1,2,1,1,1,1,1,1,0.125,1.0,0.125
count_plus_BE_count,2,79,-1.4608745947480202,-1.1994415182672844,0.26143307648073577,P:9.6|P:10.0|B:11.2|E:10.7|E:11.10,5,2,1,2,1,1,1,1,1,1,0.08333333333333333,0.6666666666666666,0.125
count_plus_BE_count,2,139,1.478417843580246,1.4984531509406493,0.020035307360403376,P:9.9|P:10.0|B:9.0|B:10.1|B:10.2|B:10.6|B:10.10|B:11.2,8,2,6,0,1,1,0,1,0,0,0.5,0.0,0.0
count_plus_BE_count,2,178,0.785550020635128,0.5485405812978129,-0.2370094393373151,P:9.9|P:9.6|P:10.0|E:10.7,4,3,0,1,1,0,1,0,1,0,0.0,0.5,0.0
count_plus_BE_count,2,16,-1.3794433288276196,0.034012151017019904,1.4134554798446395,B:9.0|B:9.7|B:10.1|B:10.2|B:10.6|B:10.10|B:11.2|B:11.9|E:10.7|E:11.10,10,0,8,2,0,1,1,0,0,1,0.0,0.0,1.0
count_plus_BE_count,3,110,0.5567262880504131,0.5392948551397456,-0.01743143291066751,P:9.9|B:9.7|B:10.10,3,1,2,0,1,1,0,1,0,0,0.08333333333333333,0.0,0.0
count_plus_BE_count,3,116,0.6422114297747612,1.021442850828918,0.37923142105415675,P:9.9|P:10.0,2,2,0,0,1,0,0,0,0,0,0.0,0.0,0.0
count_plus_BE_count,3,199,-0.008658107370138168,0.5349658491584459,0.5436239565285841,P:9.9|P:9.6|P:10.0|B:9.7|E:11.10,5,3,1,1,1,1,1,1,1,1,0.125,0.5,0.0625
count_plus_BE_count,3,236,1.3518722876906395,1.421484008113743,0.06961172042310348,P:9.9|P:9.6|P:10.0|B:9.0|B:9.7|B:10.1|B:10.2|B:10.6|B:11.2|B:11.9|E:11.10,11,3,7,1,1,1,1,1,1,1,0.875,0.5,0.4375
count_plus_BE_count,3,176,0.47614696621894836,0.731232620536098,0.2550856543171497,P:9.9|P:9.6|B:9.0|B:9.7|B:10.1|B:10.2|B:10.6|B:11.9|E:11.10,9,2,6,1,1,1,1,1,1,1,0.5,0.3333333333333333,0.375
count_plus_BE_count,3,185,0.7254875265061855,1.4820426135395508,0.7565550870333653,P:9.9|P:9.6|P:10.0|B:10.6,4,3,1,0,1,1,0,1,0,0,0.125,0.0,0.0
count_plus_BE_count,3,158,-0.3258376196026802,-0.7271827921243573,-0.4013451725216771,P:9.9|P:9.6|B:10.1|E:10.7|E:11.10,5,2,1,2,1,1,1,1,1,1,0.08333333333333333,0.6666666666666666,0.125
count_plus_BE_count,3,2,-0.1576346568763256,-0.553349488669141,-0.3957148317928154,P:9.6,1,1,0,0,1,0,0,0,0,0,0.0,0.0,0.0
count_plus_BE_count,3,209,1.2488095052540302,1.6890813604095167,0.4402718551554865,P:9.9|P:9.6|P:10.0|B:9.7|B:10.1|B:10.2|B:10.6,7,3,4,0,1,1,0,1,0,0,0.5,0.0,0.0
count_plus_BE_count,3,92,-0.4412704110145569,-0.6840936928721155,-0.24282328185755864,P:9.6|P:10.0|B:9.0|B:11.2|E:11.10,5,2,2,1,1,1,1,1,1,1,0.16666666666666666,0.3333333333333333,0.125
count_plus_BE_count,3,98,1.0093169696629047,0.6886315556849648,-0.3206854139779399,P:9.6|P:10.0|B:9.0|B:9.7|B:10.1|B:10.2|B:10.6|B:10.10|B:11.2|B:11.9,10,2,8,0,1,1,0,1,0,0,0.6666666666666666,0.0,0.0
count_plus_BE_count,3,105,-0.6707933135330677,-0.6977486058924056,-0.026955292359337912,P:9.9|B:11.9|E:10.7|E:11.10,4,1,1,2,1,1,1,1,1,1,0.041666666666666664,0.3333333333333333,0.125
count_plus_BE_count,3,205,1.3846071772277355,1.2097494981566936,-0.17485767907104188,P:9.9|P:9.6|P:10.0|B:9.7|B:10.2|B:11.2|B:11.9|E:10.7,8,3,4,1,1,1,1,1,1,1,0.5,0.5,0.25
count_plus_BE_count,3,200,0.39837056398391724,0.059899166133341036,-0.3384713978505762,P:9.9|P:9.6|P:10.0|B:9.7|E:10.7|E:11.10,6,3,1,2,1,1,1,1,1,1,0.125,1.0,0.125
count_plus_BE_count,3,23,-0.8226649463176727,-0.6705978744888723,0.15206707182880042,B:10.6|E:10.7,2,0,1,1,0,1,1,0,0,1,0.0,0.0,0.0625
count_plus_BE_count,3,56,-0.4917997419834137,-0.21265628180620938,0.2791434601772043,P:10.0|B:9.0|B:10.1|B:11.2|B:11.9|E:10.7,6,1,4,1,1,1,1,1,1,1,0.16666666666666666,0.16666666666666666,0.25
count_plus_BE_count,3,159,0.029253222048282623,0.4578410666322836,0.42858784458400095,P:9.9|P:9.6|B:10.1|B:10.10|B:11.2,5,2,3,0,1,1,0,1,0,0,0.25,0.0,0.0
count_plus_BE_count,3,239,2.124457161873579,1.8640528605008464,-0.2604043013727326,P:9.9|P:9.6|P:10.0|B:9.0|B:9.7|B:10.1|B:10.2|B:10.6|B:10.10|B:11.2|B:11.9|E:10.7,12,3,8,1,1,1,1,1,1,1,1.0,0.5,0.5
count_plus_BE_count,3,63,-1.987990591675043,-1.8029376548659204,0.18505293680912271,P:9.6|E:10.7|E:11.10,3,1,0,2,1,0,1,0,1,0,0.0,0.3333333333333333,0.0
count_plus_BE_count,3,90,0.6627392582595348,0.12337018320607332,-0.5393690750534615,P:9.6|P:10.0|B:9.7|B:10.1|B:11.9,5,2,3,0,1,1,0,1,0,0,0.25,0.0,0.0
count_plus_BE_count,3,85,0.31950290501117706,0.16991640936228017,-0.1495864956488969,P:9.6|P:10.0|B:10.2|B:11.2|B:11.9,5,2,3,0,1,1,0,1,0,0,0.25,0.0,0.0
count_plus_BE_count,3,181,0.5778550244867802,1.1023847754823617,0.5245297509955815,P:9.9|P:9.6|P:10.0|B:11.2,4,3,1,0,1,1,0,1,0,0,0.125,0.0,0.0
count_plus_BE_count,3,146,-0.3059505894780159,0.2894371951199712,0.5953877845979871,P:9.9|P:9.6|B:11.2,3,2,1,0,1,1,0,1,0,0,0.08333333333333333,0.0,0.0
count_plus_BE_count,3,117,0.02911713346838951,0.3097822536534005,0.280665120185011,P:9.9|P:10.0|E:11.10,3,2,0,1,1,0,1,0,1,0,0.0,0.3333333333333333,0.0
count_plus_BE_count,3,143,1.8553861118853092,1.3873234116759567,-0.4680627002093525,P:9.9|P:10.0|B:9.0|B:9.7|B:10.1|B:10.2|B:10.6|B:10.10|B:11.2|B:11.9|E:11.10,11,2,8,1,1,1,1,1,1,1,0.6666666666666666,0.3333333333333333,0.5
count_plus_BE_count,3,233,1.3947341851890087,1.5964932532563334,0.2017590680673247,P:9.9|P:9.6|P:10.0|B:9.0|B:9.7|B:10.1|B:10.2|B:10.10|B:11.2,9,3,6,0,1,1,0,1,0,0,0.75,0.0,0.0
count_plus_BE_count,3,97,-0.00730687752366066,0.28606989800826665,0.2933767755319273,P:9.6|P:10.0|B:9.0|B:9.7|B:10.1|B:10.2|B:11.2|B:11.9|E:10.7,9,2,6,1,1,1,1,1,1,1,0.5,0.3333333333333333,0.375
count_plus_BE_count,3,80,0.4240094982087612,0.2834550066320671,-0.14055449157669414,P:9.6|P:10.0|B:10.10,3,2,1,0,1,1,0,1,0,0,0.08333333333333333,0.0,0.0
count_plus_BE_count,3,203,1.0001394301652908,1.624580862947171,0.6244414327818801,P:9.9|P:9.6|P:10.0|B:9.7|B:10.6|B:10.10,6,3,3,0,1,1,0,1,0,0,0.375,0.0,0.0
count_plus_BE_count,3,182,-0.11927512288093567,0.4535850643030012,0.5728601871839369,P:9.9|P:9.6|P:10.0|B:11.2|E:11.10,5,3,1,1,1,1,1,1,1,1,0.125,0.5,0.0625
count_plus_BE_count,3,17,0.46299997344613075,1.2453011250592525,0.7823011516131217,P:9.9|P:9.6|P:10.0,3,3,0,0,1,0,0,0,0,0,0.0,0.0,0.0
count_plus_BE_count,3,108,-0.32360805571079254,-0.22069499332901732,0.10291306238177522,P:9.9|B:10.1|B:10.2|B:11.2|E:11.10,5,1,3,1,1,1,1,1,1,1,0.125,0.16666666666666666,0.1875
count_plus_BE_count,3,44,0.4107043147087097,-0.373604652985254,-0.7843089676939637,B:9.0|B:9.7|B:10.1|B:10.10,4,0,4,0,0,1,0,0,0,0,0.0,0.0,0.0
count_plus_BE_count,3,148,-0.35026708617806435,-0.04696864548209515,0.3032984406959692,P:9.9|P:9.6|B:10.10|E:11.10,4,2,1,1,1,1,1,1,1,1,0.08333333333333333,0.3333333333333333,0.0625
count_plus_BE_count,3,5,0.18057629838585854,-0.5729463911058115,-0.75352268949167,B:9.7,1,0,1,0,0,1,0,0,0,0,0.0,0.0,0.0
count_plus_BE_count,3,129,0.762895978987217,0.4510792858914931,-0.31181669309572385,P:9.9|P:10.0|B:9.7|B:10.2|B:10.6|E:10.7|E:11.10,7,2,3,2,1,1,1,1,1,1,0.25,0.6666666666666666,0.375
count_plus_BE_count,3,194,1.2136539109051228,1.1382796911575148,-0.07537421974760794,P:9.9|P:9.6|P:10.0|B:10.1|B:10.2|B:11.9|E:10.7,7,3,3,1,1,1,1,1,1,1,0.375,0.5,0.1875
count_plus_BE_count,3,42,-0.46380022168159485,-0.84884604456019,-0.3850458228785951,B:9.0|B:9.7|B:10.10|B:11.2|B:11.9|E:11.10,6,0,5,1,0,1,1,0,0,1,0.0,0.0,0.3125
count_plus_BE_count,3,183,0.8049454912543297,1.3490993188154399,0.5441538275611102,P:9.9|P:9.6|P:10.0|B:10.10|B:11.2,5,3,2,0,1,1,0,1,0,0,0.25,0.0,0.0
count_plus_BE_count,3,28,0.2634904868900776,-0.250749886477155,-0.5142403733672326,B:10.1|B:10.2|B:10.10,3,0,3,0,0,1,0,0,0,0,0.0,0.0,0.0
count_plus_BE_count,3,45,-0.5084521621465683,-0.0051363161298141335,0.5033158460167542,B:9.0|B:9.7|B:10.1|B:10.6|B:10.10|B:11.2|B:11.9|E:10.7,8,0,7,1,0,1,1,0,0,1,0.0,0.0,0.4375
count_plus_BE_count,3,61,-1.0373320244252682,0.11402133346924165,1.1513533578945099,P:10.0|B:9.0|B:9.7|B:10.1|B:10.2|B:10.6|B:11.2|B:11.9|E:10.7|E:11.10,10,1,7,2,1,1,1,1,1,1,0.29166666666666663,0.3333333333333333,0.875
count_plus_BE_count,3,94,-0.49759408831596375,0.24793397617664023,0.745528064492604,P:9.6|P:10.0|B:9.0|B:10.1|B:10.6|B:10.10|B:11.2|B:11.9|E:10.7|E:11.10,10,2,6,2,1,1,1,1,1,1,0.5,0.6666666666666666,0.75
count_plus_BE_count,3,166,0.34098824113607407,-0.41042145133761504,-0.751409692473689,P:9.9|P:9.6|B:9.7|B:10.1|B:10.2|E:10.7|E:11.10,7,2,3,2,1,1,1,1,1,1,0.25,0.6666666666666666,0.375
count_plus_BE_count,3,54,0.02327965945005417,-0.6487298363331991,-0.6720094957832533,P:10.0|B:10.1|E:11.10,3,1,1,1,1,1,1,1,1,1,0.041666666666666664,0.16666666666666666,0.0625
count_plus_BE_count,3,41,-2.0931180715560913,-1.3250277473893726,0.7680903241667187,B:9.0|B:9.7|B:11.2|B:11.9|E:10.7|E:11.10,6,0,4,2,0,1,1,0,0,1,0.0,0.0,0.5
count_plus_BE_count,3,180,0.22938881069421768,0.19343664263873356,-0.035952168055484124,P:9.9|P:9.6|P:10.0|B:11.9|E:10.7|E:11.10,6,3,1,2,1,1,1,1,1,1,0.125,1.0,0.125
count_plus_BE_count,3,137,0.9683080837130547,1.0006477867670793,0.03233970305402467,P:9.9|P:10.0|B:9.0|B:10.1|B:10.2|B:11.2,6,2,4,0,1,1,0,1,0,0,0.3333333333333333,0.0,0.0
count_plus_BE_count,4,135,0.3180081695318222,0.4601156345265841,0.1421074649947619,P:9.9|P:10.0|B:9.0|B:10.6|B:11.9|E:10.7|E:11.10,7,2,3,2,1,1,1,1,1,1,0.25,0.6666666666666666,0.375
count_plus_BE_count,4,37,-2.092911761254072,-1.2288397965833797,0.8640719646706925,B:9.0|B:10.2|E:10.7|E:11.10,4,0,2,2,0,1,1,0,0,1,0.0,0.0,0.25
count_plus_BE_count,4,91,0.38466572016477585,0.12053779515040806,-0.26412792501436777,P:9.6|P:10.0|B:9.0|B:11.9,4,2,2,0,1,1,0,1,0,0,0.16666666666666666,0.0,0.0
count_plus_BE_count,4,113,-0.6673449911177158,-0.5378654580433928,0.12947953307432303,P:9.9|B:9.0|B:9.7|B:11.2|B:11.9|E:10.7|E:11.10,7,1,4,2,1,1,1,1,1,1,0.16666666666666666,0.3333333333333333,0.5
count_plus_BE_count,4,38,-0.12388213351368904,-0.09883611755068816,0.02504601596300088,B:9.0|B:10.2|B:10.10|B:11.2|B:11.9,5,0,5,0,0,1,0,0,0,0,0.0,0.0,0.0
count_plus_BE_count,4,62,-0.96882164478302,-1.2650136263677885,-0.29619198158476845,P:9.6|E:11.10,2,1,0,1,1,0,1,0,1,0,0.0,0.16666666666666666,0.0
count_plus_BE_count,4,57,-1.3938638791441917,-0.632410376836305,0.7614535023078868,P:10.0|B:9.0|B:10.1|B:10.2|E:10.7|E:11.10,6,1,3,2,1,1,1,1,1,1,0.125,0.3333333333333333,0.375
count_plus_BE_count,4,190,0.7528919950127602,0.8484767848018873,0.0955847897891271,P:9.9|P:9.6|P:10.0|B:10.2|B:10.6|B:11.2|E:11.10,7,3,3,1,1,1,1,1,1,1,0.375,0.5,0.1875
count_plus_BE_count,4,164,0.30114129185676575,0.6489387928669063,0.3477975010101405,P:9.9|P:9.6|B:9.7|B:10.1|B:10.10|B:11.2|B:11.9,7,2,5,0,1,1,0,1,0,0,0.41666666666666663,0.0,0.0
count_plus_BE_count,4,221,0.5948651321232319,0.740913396286697,0.14604826416346506,P:9.9|P:9.6|P:10.0|B:9.0|B:10.1|B:10.2|B:11.2|E:11.10,8,3,4,1,1,1,1,1,1,1,0.5,0.5,0.25
count_plus_BE_count,4,1,0.1935817413032055,0.236896945503077,0.043315204199871504,P:9.9,1,1,0,0,1,0,0,0,0,0,0.0,0.0,0.0
count_plus_BE_count,4,53,-0.06579641252756119,-0.322611386219063,-0.2568149736915018,P:10.0|B:10.2|B:11.9|E:11.10,4,1,2,1,1,1,1,1,1,1,0.08333333333333333,0.16666666666666666,0.125
count_plus_BE_count,4,126,0.9073482267558575,0.9278397662555822,0.02049153949972471,P:9.9|P:10.0|B:10.1|B:10.2|E:10.7,5,2,2,1,1,1,1,1,1,1,0.16666666666666666,0.3333333333333333,0.125
count_plus_BE_count,4,14,-2.1500720120966434,-1.5524315062041492,0.5976405058924943,E:10.7|E:11.10,2,0,0,2,0,0,1,0,0,0,0.0,0.0,0.0
count_plus_BE_count,4,40,0.43496930971741676,0.07255057072263217,-0.3624187389947846,B:9.0|B:10.1|B:10.6|B:10.10,4,0,4,0,0,1,0,0,0,0,0.0,0.0,0.0
count_plus_BE_count,4,234,1.2642529793083668,1.6688639367492066,0.40461095744083986,P:9.9|P:9.6|P:10.0|B:9.0|B:9.7|B:10.1|B:10.2|B:10.6,8,3,5,0,1,1,0,1,0,0,0.625,0.0,0.0
count_plus_BE_count,4,34,-0.4527350068092346,-0.016149814573911292,0.4365851922353233,B:9.7|B:10.1|B:10.2|B:10.10|B:11.9|E:10.7,6,0,5,1,0,1,1,0,0,1,0.0,0.0,0.3125
count_plus_BE_count,4,99,0.8856487385928631,0.5215003713097477,-0.3641483672831154,P:9.6|P:10.0|B:9.0|B:9.7|B:10.1|B:10.2|B:10.6|B:10.10|B:11.2|B:11.9|E:11.10,11,2,8,1,1,1,1,1,1,1,0.6666666666666666,0.3333333333333333,0.5
count_plus_BE_count,4,109,0.5982384718954563,0.44744612922523713,-0.15079234267021918,P:9.9|B:10.1|B:10.2|B:10.6|B:10.10|B:11.2|E:11.10,7,1,5,1,1,1,1,1,1,1,0.20833333333333331,0.16666666666666666,0.3125
count_plus_BE_count,4,49,-0.5108466930687428,0.22533851877614833,0.736185211844891,B:9.0|B:9.7|B:10.1|B:10.2|B:10.6|B:10.10|B:11.2|B:11.9|E:10.7,9,0,8,1,0,1,1,0,0,1,0.0,0.0,0.5
count_plus_BE_count,4,127,0.24340659379959106,0.3389615959722949,0.09555500217270385,P:9.9|P:10.0|B:9.7|E:11.10,4,2,1,1,1,1,1,1,1,1,0.08333333333333333,0.3333333333333333,0.0625
count_plus_BE_count,4,21,-2.0925130136311054,-1.4418705342273173,0.6506424794037882,B:11.9|E:10.7|E:11.10,3,0,1,2,0,1,1,0,0,1,0.0,0.0,0.125
count_plus_BE_count,4,227,1.6139287240803242,0.9380011476232598,-0.6759275764570644,P:9.9|P:9.6|P:10.0|B:9.0|B:9.7|B:10.6|B:10.10|B:11.2|B:11.9|E:10.7|E:11.10,11,3,6,2,1,1,1,1,1,1,0.75,1.0,0.75
count_plus_BE_count,4,167,0.3539474345743656,0.1618441480938137,-0.19210328648055192,P:9.9|P:9.6|B:9.0|B:11.9|E:10.7,5,2,2,1,1,1,1,1,1,1,0.16666666666666666,0.3333333333333333,0.125
count_plus_BE_count,4,125,1.1199581176042557,1.234067000928646,0.1141088833243904,P:9.9|P:10.0|B:10.1|B:10.6|B:11.2|B:11.9,6,2,4,0,1,1,0,1,0,0,0.3333333333333333,0.0,0.0
count_plus_BE_count,4,170,0.3828652650117874,0.6718466426269751,0.2889813776151877,P:9.9|P:9.6|B:9.0|B:10.1|B:10.6,5,2,3,0,1,1,0,1,0,0,0.25,0.0,0.0
count_plus_BE_count,4,66,0.09258740022778511,-0.2956376272122011,-0.3882250274399862,P:9.6|B:10.1|B:10.2|B:11.9,4,1,3,0,1,1,0,1,0,0,0.125,0.0,0.0
count_plus_BE_count,4,104,0.20134234055876732,-0.020908404938292657,-0.22225074549705998,P:9.9|B:11.9|E:10.7,3,1,1,1,1,1,1,1,1,1,0.041666666666666664,0.16666666666666666,0.0625
count_plus_BE_count,4,22,-0.9958479702472687,-1.1481354357758482,-0.15228746552857952,B:11.2|B:11.9|E:11.10,3,0,2,1,0,1,1,0,0,1,0.0,0.0,0.125
count_plus_BE_count,4,46,-0.23023967072367668,-0.34499912190754023,-0.11475945118386355,B:9.0|B:9.7|B:10.1|B:10.2|B:10.10|B:11.2|B:11.9|E:11.10,8,0,7,1,0,1,1,0,0,1,0.0,0.0,0.4375
count_plus_BE_count,4,111,-0.15740074962377548,-0.4059423374517602,-0.24854158782798474,P:9.9|B:9.7|B:10.6|E:10.7|E:11.10,5,1,2,2,1,1,1,1,1,1,0.08333333333333333,0.3333333333333333,0.25
count_plus_BE_count,4,70,-1.6255602352321148,-1.0130874524832494,0.6124727827488654,P:9.6|B:9.0|B:10.1|B:10.2|B:11.9|E:10.7|E:11.10,7,1,4,2,1,1,1,1,1,1,0.16666666666666666,0.3333333333333333,0.5
count_plus_BE_count,4,77,-1.3802263587713242,-0.9901838376496891,0.39004252112163507,P:9.6|P:10.0|E:10.7|E:11.10,4,2,0,2,1,0,1,0,1,0,0.0,0.6666666666666666,0.0
count_plus_BE_count,4,145,-0.9065218307077885,-0.25043175968741194,0.6560900710203765,P:9.9|P:9.6|E:11.10,3,2,0,1,1,0,1,0,1,0,0.0,0.3333333333333333,0.0
count_plus_BE_count,4,207,1.1867230460047722,0.7454188763931118,-0.4413041696116604,P:9.9|P:9.6|P:10.0|B:9.7|B:10.1|B:10.10|B:11.9|E:10.7|E:11.10,9,3,4,2,1,1,1,1,1,1,0.5,1.0,0.5
count_plus_BE_count,4,189,0.5667572394013405,0.25048986168759024,-0.31626737771375024,P:9.9|P:9.6|P:10.0|B:10.2|E:10.7|E:11.10,6,3,1,2,1,1,1,1,1,1,0.125,1.0,0.125
count_plus_BE_count,4,20,2.3267794027924538,1.3758305422713544,-0.9509488605210994,P:9.9|P:9.6|P:10.0|B:9.0|B:9.7|B:10.1|B:10.2|B:10.6|B:10.10|B:11.2|B:11.9|E:10.7|E:11.10,13,3,8,2,1,1,1,1,1,1,1.0,1.0,1.0
count_plus_BE_count,4,175,0.43807394430041313,0.7079891856137761,0.269915241313363,P:9.9|P:9.6|B:9.0|B:9.7|B:10.1|B:10.10,6,2,4,0,1,1,0,1,0,0,0.3333333333333333,0.0,0.0
count_plus_BE_count,4,67,0.1194758489727974,-0.45589618604070997,-0.5753720350135074,P:9.6|B:9.7|B:10.2,3,1,2,0,1,1,0,1,0,0,0.08333333333333333,0.0,0.0
count_plus_BE_count,4,121,0.8768309131264687,1.1443965605346842,0.26756564740821553,P:9.9|P:10.0|B:10.6,3,2,1,0,1,1,0,1,0,0,0.08333333333333333,0.0,0.0
count_plus_BE_count,4,213,0.7374192625284195,1.2983781369667766,0.5609588744383571,P:9.9|P:9.6|P:10.0|B:9.0|B:10.6,5,3,2,0,1,1,0,1,0,0,0.25,0.0,0.0
count_plus_BE_count,4,211,0.1879602037370205,0.04446259369070291,-0.1434976100463176,P:9.9|P:9.6|P:10.0|B:9.0|E:10.7|E:11.10,6,3,1,2,1,1,1,1,1,1,0.125,1.0,0.125
count_plus_BE_count,4,133,1.7260217368602753,1.2262394896047097,-0.4997822472555655,P:9.9|P:10.0|B:9.7|B:10.1|B:10.2|B:10.6|B:10.10|B:11.2|E:11.10,9,2,6,1,1,1,1,1,1,1,0.5,0.3333333333333333,0.375
count_plus_BE_count,4,161,0.41517258435487747,-0.03976166478968855,-0.45493424914456604,P:9.9|P:9.6|B:10.1|B:10.2|B:10.10|B:11.2|E:10.7|E:11.10,8,2,4,2,1,1,1,1,1,1,0.3333333333333333,0.6666666666666666,0.5
count_plus_BE_count,4,65,-1.8147796541452408,-1.2336348059880013,0.5811448481572394,P:9.6|B:10.2|B:10.10|B:11.2|E:10.7|E:11.10,6,1,3,2,1,1,1,1,1,1,0.125,0.3333333333333333,0.375
count_plus_BE_count,4,220,1.2591385692358017,0.8877760523799563,-0.3713625168558454,P:9.9|P:9.6|P:10.0|B:9.0|B:10.1|B:10.6|B:10.10|E:10.7|E:11.10,9,3,4,2,1,1,1,1,1,1,0.5,1.0,0.5
count_plus_BE_count,4,47,0.18758106604218483,-0.058654616569042216,-0.24623568261122705,B:9.0|B:9.7|B:10.1|B:10.2|B:10.6|B:11.2,6,0,6,0,0,1,0,0,0,0,0.0,0.0,0.0
count_plus_all_pairs,0,122,0.3629409745335579,0.5745908489565147,0.2116498744229568,P:9.9|P:10.0|B:10.6|E:11.10,4,2,1,1,1,1,1,1,1,1,0.08333333333333333,0.3333333333333333,0.0625
count_plus_all_pairs,0,52,-1.6007909774780273,-1.1205946342217978,0.4801963432562295,P:10.0|B:10.2|E:10.7|E:11.10,4,1,1,2,1,1,1,1,1,1,0.041666666666666664,0.3333333333333333,0.125
count_plus_all_pairs,0,169,0.708813302218914,0.40994023347309094,-0.2988730687458231,P:9.9|P:9.6|B:9.0|B:10.2|B:10.6|B:10.10|B:11.2|B:11.9|E:10.7|E:11.10,10,2,6,2,1,1,1,1,1,1,0.5,0.6666666666666666,0.75
count_plus_all_pairs,0,88,0.1200842633843422,0.007924796738707662,-0.11215946664563453,P:9.6|P:10.0|B:9.7|B:10.6|B:11.2|B:11.9|E:11.10,7,2,4,1,1,1,1,1,1,1,0.3333333333333333,0.3333333333333333,0.25
count_plus_all_pairs,0,162,0.49946876987814903,0.08202921684948578,-0.41743955302866326,P:9.9|P:9.6|B:10.1|B:10.2|B:10.6|E:10.7|E:11.10,7,2,3,2,1,1,1,1,1,1,0.25,0.6666666666666666,0.375
count_plus_all_pairs,0,197,1.1613009199500084,1.1667228181911815,0.005421898241173118,P:9.9|P:9.6|P:10.0|B:10.1|B:10.2|B:10.6|E:10.7|E:11.10,8,3,3,2,1,1,1,1,1,1,0.375,1.0,0.375
count_plus_all_pairs,0,206,1.1710864640772343,1.1955268206071956,0.02444035652996135,P:9.9|P:9.6|P:10.0|B:9.7|B:10.2|B:10.6|E:10.7|E:11.10,8,3,3,2,1,1,1,1,1,1,0.375,1.0,0.375
count_plus_all_pairs,0,225,1.2041504010558128,1.0032398785075287,-0.20091052254828412,P:9.9|P:9.6|P:10.0|B:9.0|B:9.7|B:10.6|B:11.2|B:11.9,8,3,5,0,1,1,0,1,0,0,0.625,0.0,0.0
count_plus_all_pairs,0,51,-0.7062482126057148,-0.5239891624709432,0.18225905013477162,P:10.0|B:11.2|E:10.7,3,1,1,1,1,1,1,1,1,1,0.041666666666666664,0.16666666666666666,0.0625
count_plus_all_pairs,0,3,0.42918625101447105,0.19466624794600518,-0.23452000306846588,P:10.0,1,1,0,0,1,0,0,0,0,0,0.0,0.0,0.0
count_plus_all_pairs,0,68,-0.03323224559426308,-0.09570941010978465,-0.06247716451552157,P:9.6|B:9.7|B:10.1|B:10.10|B:11.2,5,1,4,0,1,1,0,1,0,0,0.16666666666666666,0.0,0.0
count_plus_all_pairs,0,237,1.4893603511154652,1.870901295471396,0.3815409443559308,P:9.9|P:9.6|P:10.0|B:9.0|B:9.7|B:10.1|B:10.2|B:10.6|B:10.10|B:11.9,10,3,7,0,1,1,0,1,0,0,0.875,0.0,0.0
count_plus_all_pairs,0,32,-0.6199087165296078,-0.36838578341873174,0.25152293311087603,B:9.7|B:10.2|B:10.10|E:10.7,4,0,3,1,0,1,1,0,0,1,0.0,0.0,0.1875
count_plus_all_pairs,0,134,0.43865132704377174,0.7910320129508365,0.35238068590706473,P:9.9|P:10.0|B:9.0|B:10.6|B:11.9|E:11.10,6,2,3,1,1,1,1,1,1,1,0.25,0.3333333333333333,0.1875
count_plus_all_pairs,0,6,0.11284342035651207,0.09135568731472304,-0.021487733041789026,B:10.1,1,0,1,0,0,1,0,0,0,0,0.0,0.0,0.0
count_plus_all_pairs,0,149,0.47060735896229744,0.1437248015375422,-0.32688255742475525,P:9.9|P:9.6|B:10.10|E:10.7,4,2,1,1,1,1,1,1,1,1,0.08333333333333333,0.3333333333333333,0.0625
count_plus_all_pairs,0,155,0.7810946628451347,0.6508732947775746,-0.13022136806756013,P:9.9|P:9.6|B:10.2|B:10.6|B:10.10|B:11.2|E:10.7,7,2,4,1,1,1,1,1,1,1,0.3333333333333333,0.3333333333333333,0.25
count_plus_all_pairs,0,218,0.6303710080683231,0.8980558544531677,0.2676848463848446,P:9.9|P:9.6|P:10.0|B:9.0|B:10.1|B:10.10,6,3,3,0,1,1,0,1,0,0,0.375,0.0,0.0
count_plus_all_pairs,0,83,0.6069852113723755,0.32863384529787953,-0.27835136607449595,P:9.6|P:10.0|B:10.6|B:11.9,4,2,2,0,1,1,0,1,0,0,0.16666666666666666,0.0,0.0
count_plus_all_pairs,0,201,0.5236174315214157,0.6876323049822748,0.16401487346085908,P:9.9|P:9.6|P:10.0|B:9.7|B:11.2|B:11.9|E:10.7|E:11.10,8,3,3,2,1,1,1,1,1,1,0.375,1.0,0.375
count_plus_all_pairs,0,96,0.8413464911282063,0.6773011486773133,-0.16404534245089297,P:9.6|P:10.0|B:9.0|B:9.7|B:10.2|B:10.6|B:10.10|B:11.2,8,2,6,0,1,1,0,1,0,0,0.5,0.0,0.0
count_plus_all_pairs,0,89,0.0035700574517250057,-0.13594631871451157,-0.13951637616623658,P:9.6|P:10.0|B:9.7|B:10.2|E:11.10,5,2,2,1,1,1,1,1,1,1,0.16666666666666666,0.3333333333333333,0.125
count_plus_all_pairs,0,101,0.13574618473649025,-0.11876184265529659,-0.25450802739178685,P:9.9|E:10.7,2,1,0,1,1,0,1,0,1,0,0.0,0.16666666666666666,0.0
count_plus_all_pairs,0,60,0.8043079115450382,0.6765672744036509,-0.12774063714138728,P:10.0|B:9.0|B:9.7|B:10.1|B:10.2|B:10.6|B:11.2|B:11.9,8,1,7,0,1,1,0,1,0,0,0.29166666666666663,0.0,0.0
count_plus_all_pairs,0,222,2.0050816535949707,1.6467796669261339,-0.35830198666883684,P:9.9|P:9.6|P:10.0|B:9.0|B:10.1|B:10.2|B:10.6|B:10.10|B:11.2|E:10.7|E:11.10,11,3,6,2,1,1,1,1,1,1,0.75,1.0,0.75
count_plus_all_pairs,0,76,-0.3358710706233978,-0.6357545570763812,-0.29988348645298335,P:9.6|P:10.0|E:11.10,3,2,0,1,1,0,1,0,1,0,0.0,0.3333333333333333,0.0
count_plus_all_pairs,0,144,-0.024949822574853897,0.04292187101036145,0.06787169358521535,P:9.9|P:9.6,2,2,0,0,1,0,0,0,0,0,0.0,0.0,0.0
count_plus_all_pairs,0,84,-0.024493630975484848,0.32964347376153147,0.3541371047370163,P:9.6|P:10.0|B:10.6|B:10.10|E:10.7,5,2,2,1,1,1,1,1,1,1,0.16666666666666666,0.3333333333333333,0.125
count_plus_all_pairs,0,215,0.6853511184453964,0.5607786908975749,-0.1245724275478215,P:9.9|P:9.6|P:10.0|B:9.0|B:10.2|B:11.2|E:10.7|E:11.10,8,3,3,2,1,1,1,1,1,1,0.375,1.0,0.375
count_plus_all_pairs,0,24,-1.9098994433879852,-1.8725010410404779,0.037398402347507353,B:10.6|E:10.7|E:11.10,3,0,1,2,0,1,1,0,0,1,0.0,0.0,0.125
count_plus_all_pairs,0,136,0.734557755291462,0.86906586856329,0.1345081132718281,P:9.9|P:10.0|B:9.0|B:10.1,4,2,2,0,1,1,0,1,0,0,0.16666666666666666,0.0,0.0
count_plus_all_pairs,0,171,0.4481462836265564,-0.019310496236874974,-0.46745677986343137,P:9.9|P:9.6|B:9.0|B:10.1|B:10.2|B:10.10|B:11.2|E:10.7|E:11.10,9,2,5,2,1,1,1,1,1,1,0.41666666666666663,0.6666666666666666,0.625
count_plus_all_pairs,0,69,-1.431811336427927,-1.001409942431127,0.4304013939968001,P:9.6|B:9.7|B:10.1|B:10.2|B:10.6|B:11.2|B:11.9|E:10.7|E:11.10,9,1,6,2,1,1,1,1,1,1,0.25,0.3333333333333333,0.75
count_plus_all_pairs,0,191,-0.00995168462395668,0.4241813133005722,0.43413299792452886,P:9.9|P:9.6|P:10.0|B:10.1|E:11.10,5,3,1,1,1,1,1,1,1,1,0.125,0.5,0.0625
count_plus_all_pairs,0,235,1.4840984642505646,1.3107769565066039,-0.1733215077439607,P:9.9|P:9.6|P:10.0|B:9.0|B:9.7|B:10.1|B:10.2|B:10.6|B:11.2,9,3,6,0,1,1,0,1,0,0,0.75,0.0,0.0
count_plus_all_pairs,0,95,-1.1356264613568783,-0.6741710276762565,0.4614554336806218,P:9.6|P:10.0|B:9.0|B:9.7|E:10.7|E:11.10,6,2,2,2,1,1,1,1,1,1,0.16666666666666666,0.6666666666666666,0.25
count_plus_all_pairs,0,87,-1.1586299277842045,-0.8047203404360863,0.35390958734811817,P:9.6|P:10.0|B:9.7|E:10.7|E:11.10,5,2,1,2,1,1,1,1,1,1,0.08333333333333333,0.6666666666666666,0.125
count_plus_all_pairs,0,114,0.6210603751242161,0.42579760932018706,-0.19526276580402901,P:9.9|B:9.0|B:9.7|B:10.10|B:11.9|E:10.7,6,1,4,1,1,1,1,1,1,1,0.16666666666666666,0.16666666666666666,0.25
count_plus_all_pairs,0,229,1.1873903311789036,1.189347761699874,0.0019574305209704157,P:9.9|P:9.6|P:10.0|B:9.0|B:9.7|B:10.2|B:10.6,7,3,4,0,1,1,0,1,0,0,0.5,0.0,0.0
count_plus_all_pairs,0,219,0.8841039836406708,1.2672557095155126,0.3831517258748418,P:9.9|P:9.6|P:10.0|B:9.0|B:10.1|B:10.6|B:10.10,7,3,4,0,1,1,0,1,0,0,0.5,0.0,0.0
count_plus_all_pairs,0,217,1.5335167162120342,1.5146669815690081,-0.018849734643026084,P:9.9|P:9.6|P:10.0|B:9.0|B:10.2|B:10.6|B:10.10|B:11.2|B:11.9|E:11.10,10,3,6,1,1,1,1,1,1,1,0.75,0.5,0.375
count_plus_all_pairs,0,4,0.0034867338836193063,-0.06392494241711083,-0.06741167630073014,B:9.0,1,0,1,0,0,1,0,0,0,0,0.0,0.0,0.0
count_plus_all_pairs,0,130,1.2399504967033863,1.139685684955873,-0.10026481174751334,P:9.9|P:10.0|B:9.7|B:10.2|B:10.6|B:11.2|E:10.7,7,2,4,1,1,1,1,1,1,1,0.3333333333333333,0.3333333333333333,0.25
count_plus_all_pairs,0,228,1.1373955719172955,0.8723365169084981,-0.26505905500879734,P:9.9|P:9.6|P:10.0|B:9.0|B:9.7|B:10.2|B:11.2|B:11.9,8,3,5,0,1,1,0,1,0,0,0.625,0.0,0.0
count_plus_all_pairs,0,128,1.061413548886776,1.2324202528696846,0.17100670398290863,P:9.9|P:10.0|B:9.7|B:10.6,4,2,2,0,1,1,0,1,0,0,0.16666666666666666,0.0,0.0
count_plus_all_pairs,0,15,0.35023678094148636,0.3519608196556506,0.0017240387141642666,B:9.0|B:9.7|B:10.1|B:10.2|B:10.6|B:10.10|B:11.2|B:11.9,8,0,8,0,0,1,0,0,0,0,0.0,0.0,0.0
count_plus_all_pairs,0,124,0.904553011059761,1.2653166903207849,0.3607636792610238,P:9.9|P:10.0|B:10.1|B:10.10|B:11.9,5,2,3,0,1,1,0,1,0,0,0.25,0.0,0.0
count_plus_all_pairs,0,93,0.3689284063875675,0.2503122507852549,-0.11861615560231265,P:9.6|P:10.0|B:9.0|B:10.6|B:10.10|B:11.9|E:11.10,7,2,4,1,1,1,1,1,1,1,0.3333333333333333,0.3333333333333333,0.25
count_plus_all_pairs,1,50,-0.5812592878937721,-0.37213830195204084,0.20912098594173129,P:10.0|E:10.7,2,1,0,1,1,0,1,0,1,0,0.0,0.16666666666666666,0.0
count_plus_all_pairs,1,106,-0.08755524829030037,0.38228924844014744,0.4698444967304478,P:9.9|B:11.2,2,1,1,0,1,1,0,1,0,0,0.041666666666666664,0.0,0.0
count_plus_all_pairs,1,230,1.7152394354343414,1.811771220085925,0.09653178465158363,P:9.9|P:9.6|P:10.0|B:9.0|B:9.7|B:10.2|B:10.6|B:10.10|B:11.2|B:11.9|E:11.10,11,3,7,1,1,1,1,1,1,1,0.875,0.5,0.4375
count_plus_all_pairs,1,160,0.06055968999862671,0.5113188238554252,0.45075913385679844,P:9.9|P:9.6|B:10.1|B:10.6|B:10.10|B:11.2|E:11.10,7,2,4,1,1,1,1,1,1,1,0.3333333333333333,0.3333333333333333,0.25
count_plus_all_pairs,1,48,-1.093090582638979,-1.3167452028056483,-0.22365462016666937,B:9.0|B:9.7|B:10.1|B:10.2|B:10.6|B:10.10|B:11.9|E:10.7|E:11.10,9,0,7,2,0,1,1,0,0,1,0.0,0.0,0.875
count_plus_all_pairs,1,198,0.6584309488534927,0.42605476169395295,-0.23237618715953978,P:9.9|P:9.6|P:10.0|B:9.7,4,3,1,0,1,1,0,1,0,0,0.125,0.0,0.0
count_plus_all_pairs,1,168,0.2776085212826729,0.6786262568776704,0.40101773559499754,P:9.9|P:9.6|B:9.0|B:10.2|B:10.10|B:11.2|B:11.9,7,2,5,0,1,1,0,1,0,0,0.41666666666666663,0.0,0.0
count_plus_all_pairs,1,64,-1.8848259001970291,-1.7153332759171458,0.16949262427988332,P:9.6|B:10.2|E:10.7|E:11.10,4,1,1,2,1,1,1,1,1,1,0.041666666666666664,0.3333333333333333,0.125
count_plus_all_pairs,1,7,0.04607735201716423,0.26674868631289517,0.22067133429573094,B:10.2,1,0,1,0,0,1,0,0,0,0,0.0,0.0,0.0
count_plus_all_pairs,1,75,0.32792340219020844,-0.2109373761053206,-0.538860778295529,P:9.6|P:10.0,2,2,0,0,1,0,0,0,0,0,0.0,0.0,0.0
count_plus_all_pairs,1,174,0.0011423192918300629,-0.11830195602276539,-0.11944427531459545,P:9.9|P:9.6|B:9.0|B:9.7|B:10.1|B:11.9|E:10.7|E:11.10,8,2,4,2,1,1,1,1,1,1,0.3333333333333333,0.6666666666666666,0.5
count_plus_all_pairs,1,154,-0.12619714811444283,-0.48259158088644327,-0.35639443277200045,P:9.9|P:9.6|B:10.2|E:10.7|E:11.10,5,2,1,2,1,1,1,1,1,1,0.08333333333333333,0.6666666666666666,0.125
count_plus_all_pairs,1,142,1.7428619898855686,1.711014699504975,-0.03184729038059353,P:9.9|P:10.0|B:9.0|B:9.7|B:10.1|B:10.2|B:10.6|B:10.10|B:11.2|B:11.9,10,2,8,0,1,1,0,1,0,0,0.6666666666666666,0.0,0.0
count_plus_all_pairs,1,10,-0.3037194274365902,-0.05263009386472849,0.2510893335718617,B:11.2,1,0,1,0,0,1,0,0,0,0,0.0,0.0,0.0
count_plus_all_pairs,1,9,0.12788828462362287,0.3645610340909249,0.23667274946730202,B:10.10,1,0,1,0,0,1,0,0,0,0,0.0,0.0,0.0
count_plus_all_pairs,1,177,-0.22630655765533447,0.23017044028902583,0.4564769979443603,P:9.9|P:9.6|P:10.0|E:11.10,4,3,0,1,1,0,1,0,1,0,0.0,0.5,0.0
count_plus_all_pairs,1,36,0.2635531798005104,0.2687706710548742,0.005217491254363771,B:9.0|B:10.6|B:11.9,3,0,3,0,0,1,0,0,0,0,0.0,0.0,0.0
count_plus_all_pairs,1,210,0.4698285423219204,0.24486797706622349,-0.2249605652556969,P:9.9|P:9.6|P:10.0|B:9.0,4,3,1,0,1,1,0,1,0,0,0.125,0.0,0.0
count_plus_all_pairs,1,138,1.083946779370308,0.8789465818041666,-0.2050001975661413,P:9.9|P:10.0|B:9.0|B:10.1|B:10.2|B:10.10|B:11.2|B:11.9|E:10.7|E:11.10,10,2,6,2,1,1,1,1,1,1,0.5,0.6666666666666666,0.75
count_plus_all_pairs,1,141,1.2822950780391693,1.228407000752875,-0.05388807728629441,P:9.9|P:10.0|B:9.0|B:9.7|B:10.1|B:10.2|B:10.6|B:11.2|B:11.9|E:11.10,10,2,7,1,1,1,1,1,1,1,0.5833333333333333,0.3333333333333333,0.4375
count_plus_all_pairs,1,120,0.74381148442626,0.9713520607084503,0.22754057628219027,P:9.9|P:10.0|B:10.10,3,2,1,0,1,1,0,1,0,0,0.08333333333333333,0.0,0.0
count_plus_all_pairs,1,131,0.400036346167326,0.36549117245092677,-0.0345451737163992,P:9.9|P:10.0|B:9.7|B:10.1|B:11.9|E:10.7|E:11.10,7,2,3,2,1,1,1,1,1,1,0.25,0.6666666666666666,0.375
count_plus_all_pairs,1,30,-0.8866070061922073,-0.6991885381848013,0.18741846800740602,B:9.7|B:10.10|B:11.2|E:10.7,4,0,3,1,0,1,1,0,0,1,0.0,0.0,0.1875
count_plus_all_pairs,1,193,0.6254174932837486,0.8342021081901123,0.20878461490636369,P:9.9|P:9.6|P:10.0|B:10.1|B:10.10,5,3,2,0,1,1,0,1,0,0,0.25,0.0,0.0
count_plus_all_pairs,1,19,1.8685232289135456,1.7359753151756014,-0.13254791373794417,P:9.9|P:9.6|P:10.0|B:9.0|B:9.7|B:10.1|B:10.2|B:10.6|B:10.10|B:11.2|B:11.9,11,3,8,0,1,1,0,1,0,0,1.0,0.0,0.0
count_plus_all_pairs,1,204,1.4221223182976246,1.7336386261229757,0.3115163078253511,P:9.9|P:9.6|P:10.0|B:9.7|B:10.6|B:10.10|B:11.9|E:10.7,8,3,4,1,1,1,1,1,1,1,0.5,0.5,0.25
count_plus_all_pairs,1,27,-2.0526970140635967,-1.8255603102840388,0.22713670377955797,B:10.2|B:11.9|E:10.7|E:11.10,4,0,2,2,0,1,1,0,0,1,0.0,0.0,0.25
count_plus_all_pairs,1,223,1.9471766948699951,1.9404490047793357,-0.006727690090659433,P:9.9|P:9.6|P:10.0|B:9.0|B:10.1|B:10.2|B:10.6|B:10.10|B:11.2|B:11.9|E:10.7,11,3,7,1,1,1,1,1,1,1,0.875,0.5,0.4375
count_plus_all_pairs,1,74,-0.022991657257080078,-0.28500182419452846,-0.2620101669374484,P:9.6|B:9.0|B:9.7|B:10.1|B:10.2|B:10.6|B:10.10|B:11.2|B:11.9|E:11.10,10,1,8,1,1,1,1,1,1,1,0.3333333333333333,0.16666666666666666,0.5
count_plus_all_pairs,1,208,0.6361530162394047,0.903194086835152,0.26704107059574733,P:9.9|P:9.6|P:10.0|B:9.7|B:10.1|B:10.2|E:11.10,7,3,3,1,1,1,1,1,1,1,0.375,0.5,0.1875
count_plus_all_pairs,1,224,0.5285060442984104,0.9357911310556576,0.4072850867572472,P:9.9|P:9.6|P:10.0|B:9.0|B:9.7|B:10.6|B:11.2|E:11.10,8,3,4,1,1,1,1,1,1,1,0.5,0.5,0.25
count_plus_all_pairs,1,173,0.6124220378696918,0.34543565714480784,-0.266986380724884,P:9.9|P:9.6|B:9.0|B:9.7|B:10.2|B:10.6|B:11.9|E:10.7|E:11.10,9,2,5,2,1,1,1,1,1,1,0.41666666666666663,0.6666666666666666,0.625
count_plus_all_pairs,1,18,0.16123811528086662,0.17927171823271143,0.018033602951844807,P:9.9|P:9.6|P:10.0|E:10.7|E:11.10,5,3,0,2,1,0,1,0,1,0,0.0,1.0,0.0
count_plus_all_pairs,1,11,0.04421548917889595,0.1958361475809554,0.15162065840205946,B:11.9,1,0,1,0,0,1,0,0,0,0,0.0,0.0,0.0
count_plus_all_pairs,1,187,0.897874940186739,0.6545697353008344,-0.24330520488590457,P:9.9|P:9.6|P:10.0|B:10.6|B:11.2,5,3,2,0,1,1,0,1,0,0,0.25,0.0,0.0
count_plus_all_pairs,1,151,0.276092492043972,0.396085126838316,0.11999263479434397,P:9.9|P:9.6|B:10.6,3,2,1,0,1,1,0,1,0,0,0.08333333333333333,0.0,0.0
count_plus_all_pairs,1,157,0.37768739834427834,-0.05653508482117814,-0.4342224831654565,P:9.9|P:9.6|B:10.1|E:10.7,4,2,1,1,1,1,1,1,1,1,0.08333333333333333,0.3333333333333333,0.0625
count_plus_all_pairs,1,59,0.9626401513814926,0.6281936696431301,-0.33444648173836256,P:10.0|B:9.0|B:9.7|B:10.1|B:10.6|B:11.9,6,1,5,0,1,1,0,1,0,0,0.20833333333333331,0.0,0.0
count_plus_all_pairs,1,103,0.26081952825188637,0.6307554898858313,0.36993596163394493,P:9.9|B:11.9,2,1,1,0,1,1,0,1,0,0,0.041666666666666664,0.0,0.0
count_plus_all_pairs,1,156,0.08269025757908821,0.1585263717719408,0.07583611419285258,P:9.9|P:9.6|B:10.1,3,2,1,0,1,1,0,1,0,0,0.08333333333333333,0.0,0.0
count_plus_all_pairs,1,123,0.7120838984847069,0.5272251584925568,-0.18485873999215008,P:9.9|P:10.0|B:10.1|B:11.2|E:10.7,5,2,2,1,1,1,1,1,1,1,0.16666666666666666,0.3333333333333333,0.125
count_plus_all_pairs,1,78,-1.3243667595088482,-0.8694181648436403,0.4549485946652079,P:9.6|P:10.0|B:11.9|E:10.7|E:11.10,5,2,1,2,1,1,1,1,1,1,0.08333333333333333,0.6666666666666666,0.125
count_plus_all_pairs,1,115,0.6769261583685875,0.9529430986704858,0.2760169403018983,P:9.9|B:9.0|B:9.7|B:10.1|B:10.2|B:10.10|B:11.2|B:11.9,8,1,7,0,1,1,0,1,0,0,0.29166666666666663,0.0,0.0
count_plus_all_pairs,1,81,-0.23705962300300598,-0.13293244574594215,0.10412717725706383,P:9.6|P:10.0|B:10.10|E:10.7,4,2,1,1,1,1,1,1,1,1,0.08333333333333333,0.3333333333333333,0.0625
count_plus_all_pairs,1,58,0.9003594256937504,1.034362321095929,0.13400289540217858,P:10.0|B:9.0|B:10.1|B:10.2|B:10.6|B:10.10|B:11.9,7,1,6,0,1,1,0,1,0,0,0.25,0.0,0.0
count_plus_all_pairs,1,8,0.20578551664948463,0.36260310485680675,0.1568175882073221,B:10.6,1,0,1,0,0,1,0,0,0,0,0.0,0.0,0.0
count_plus_all_pairs,1,212,0.9004754312336445,0.4663268052816888,-0.4341486259519557,P:9.9|P:9.6|P:10.0|B:9.0|B:11.2|E:10.7,6,3,2,1,1,1,1,1,1,1,0.25,0.5,0.125
count_plus_all_pairs,1,119,0.09514226019382477,0.41449171960530773,0.31934945941148296,P:9.9|P:10.0|B:11.9|E:11.10,4,2,1,1,1,1,1,1,1,1,0.08333333333333333,0.3333333333333333,0.0625
count_plus_all_pairs,2,163,-0.5653442852199078,0.09915485090028847,0.6644991361201962,P:9.9|P:9.6|B:9.7|B:10.2|B:11.2|E:11.10,6,2,3,1,1,1,1,1,1,1,0.25,0.3333333333333333,0.1875
count_plus_all_pairs,2,35,0.04845794662833214,0.06258153143030991,0.01412358480197777,B:9.0|B:11.9,2,0,2,0,0,1,0,0,0,0,0.0,0.0,0.0
count_plus_all_pairs,2,140,1.2962299212813377,1.0954227829463687,-0.200807138334969,P:9.9|P:10.0|B:9.0|B:9.7|B:10.1|B:10.2|B:10.10|B:11.2|B:11.9|E:10.7|E:11.10,11,2,7,2,1,1,1,1,1,1,0.5833333333333333,0.6666666666666666,0.875
count_plus_all_pairs,2,26,-0.9894405044615269,-0.7119206860537486,0.2775198184077783,B:10.2|E:10.7,2,0,1,1,0,1,1,0,0,1,0.0,0.0,0.0625
count_plus_all_pairs,2,152,-0.15340392664074898,-0.4627331121544144,-0.30932918551366545,P:9.9|P:9.6|B:10.6|E:10.7|E:11.10,5,2,1,2,1,1,1,1,1,1,0.08333333333333333,0.6666666666666666,0.125
count_plus_all_pairs,2,179,0.8624304980039597,0.5679724782564152,-0.2944580197475445,P:9.9|P:9.6|P:10.0|B:11.9|E:10.7,5,3,1,1,1,1,1,1,1,1,0.125,0.5,0.0625
count_plus_all_pairs,2,86,-0.13070636987686157,-0.5767380094073892,-0.4460316395305276,P:9.6|P:10.0|B:10.1|E:11.10,4,2,1,1,1,1,1,1,1,1,0.08333333333333333,0.3333333333333333,0.0625
count_plus_all_pairs,2,238,2.212401542812586,1.9229517284329216,-0.2894498143796642,P:9.9|P:9.6|P:10.0|B:9.0|B:9.7|B:10.1|B:10.2|B:10.6|B:10.10|B:11.2|E:10.7|E:11.10,12,3,7,2,1,1,1,1,1,1,0.875,1.0,0.875
count_plus_all_pairs,2,55,0.44097353890538216,0.0963046386629442,-0.34466890024243796,P:10.0|B:9.0,2,1,1,0,1,1,0,1,0,0,0.041666666666666664,0.0,0.0
count_plus_all_pairs,2,195,1.275618951767683,1.0452236199392018,-0.23039533182848126,P:9.9|P:9.6|P:10.0|B:10.1|B:10.2|B:10.10|E:10.7|E:11.10,8,3,3,2,1,1,1,1,1,1,0.375,1.0,0.375
count_plus_all_pairs,2,112,0.8748807460069656,0.5911680336742529,-0.2837127123327128,P:9.9|B:9.7|B:10.1|B:10.2|B:10.6|B:10.10|B:11.2|B:11.9|E:11.10,9,1,7,1,1,1,1,1,1,1,0.29166666666666663,0.16666666666666666,0.4375
count_plus_all_pairs,2,188,0.19750071316957474,0.4310100530586542,0.23350933988907946,P:9.9|P:9.6|P:10.0|B:10.2|E:11.10,5,3,1,1,1,1,1,1,1,1,0.125,0.5,0.0625
count_plus_all_pairs,2,72,0.3226247727870941,0.06876283022033458,-0.25386194256675954,P:9.6|B:9.0|B:9.7|B:10.6|B:11.9,5,1,4,0,1,1,0,1,0,0,0.16666666666666666,0.0,0.0
count_plus_all_pairs,2,25,-0.6552459336817265,-0.981359941197956,-0.32611400751622954,B:10.2|E:11.10,2,0,1,1,0,1,1,0,0,1,0.0,0.0,0.0625
count_plus_all_pairs,2,39,-1.902444377541542,-2.055602625912697,-0.1531582483711551,B:9.0|B:10.1|B:10.10|B:11.2|E:10.7|E:11.10,6,0,4,2,0,1,1,0,0,1,0.0,0.0,0.5
count_plus_all_pairs,2,192,0.37901822477579117,0.23022859198099035,-0.1487896327948008,P:9.9|P:9.6|P:10.0|B:10.1|E:10.7|E:11.10,6,3,1,2,1,1,1,1,1,1,0.125,1.0,0.125
count_plus_all_pairs,2,100,-0.2131936363875866,0.6338423417630477,0.8470359781506343,P:9.6|P:10.0|B:9.0|B:9.7|B:10.1|B:10.2|B:10.6|B:10.10|B:11.2|B:11.9|E:10.7|E:11.10,12,2,8,2,1,1,1,1,1,1,0.6666666666666666,0.6666666666666666,1.0
count_plus_all_pairs,2,132,0.7890389040112495,0.7686187338111878,-0.020420170200061705,P:9.9|P:10.0|B:9.7|B:10.1|B:10.2|B:11.2|E:11.10,7,2,4,1,1,1,1,1,1,1,0.3333333333333333,0.3333333333333333,0.25
count_plus_all_pairs,2,226,1.454001609236002,1.673894784659422,0.21989317542342013,P:9.9|P:9.6|P:10.0|B:9.0|B:9.7|B:10.6|B:10.10|B:11.9|E:10.7,9,3,5,1,1,1,1,1,1,1,0.625,0.5,0.3125
count_plus_all_pairs,2,216,1.325690682977438,1.2380392040624613,-0.08765147891497671,P:9.9|P:9.6|P:10.0|B:9.0|B:10.2|B:10.6|E:10.7,7,3,3,1,1,1,1,1,1,1,0.375,0.5,0.1875
count_plus_all_pairs,2,184,0.9177334345877171,0.7416694677988969,-0.1760639667888202,P:9.9|P:9.6|P:10.0|B:10.10|B:11.2|B:11.9|E:10.7|E:11.10,8,3,3,2,1,1,1,1,1,1,0.375,1.0,0.375
count_plus_all_pairs,2,33,-1.4734752662479877,-1.6499755276842591,-0.1765002614362714,B:9.7|B:10.1|B:10.6|B:10.10|B:11.2|E:10.7|E:11.10,7,0,5,2,0,1,1,0,0,1,0.0,0.0,0.625
count_plus_all_pairs,2,107,0.5038124993443489,0.25322052269223905,-0.25059197665210986,P:9.9|B:10.1|B:10.6|E:10.7,4,1,2,1,1,1,1,1,1,1,0.08333333333333333,0.16666666666666666,0.125
count_plus_all_pairs,2,165,0.0528549998998642,0.0199508219922728,-0.0329041779075914,P:9.9|P:9.6|B:9.7|B:10.1|B:10.6|B:11.2|E:10.7|E:11.10,8,2,4,2,1,1,1,1,1,1,0.3333333333333333,0.6666666666666666,0.5
count_plus_all_pairs,2,43,0.25424106419086456,0.23514773283484997,-0.019093331356014598,B:9.0|B:9.7|B:10.6|B:10.10|B:11.2|B:11.9,6,0,6,0,0,1,0,0,0,0,0.0,0.0,0.0
count_plus_all_pairs,2,71,-1.9208563305437565,-1.4210244660732427,0.49983186447051375,P:9.6|B:9.0|B:10.1|B:10.2|B:11.2|B:11.9|E:10.7|E:11.10,8,1,5,2,1,1,1,1,1,1,0.20833333333333331,0.3333333333333333,0.625
count_plus_all_pairs,2,102,-0.7290077060461044,-1.1782159213394858,-0.4492082152933814,P:9.9|E:10.7|E:11.10,3,1,0,2,1,0,1,0,1,0,0.0,0.3333333333333333,0.0
count_plus_all_pairs,2,196,1.6026018001139164,1.34712167183041,-0.2554801282835064,P:9.9|P:9.6|P:10.0|B:10.1|B:10.2|B:10.10|B:11.2|B:11.9|E:10.7|E:11.10,10,3,5,2,1,1,1,1,1,1,0.625,1.0,0.625
count_plus_all_pairs,2,214,1.3109852150082588,1.0627903306894841,-0.24819488431877468,P:9.9|P:9.6|P:10.0|B:9.0|B:10.6|B:10.10|B:11.2|E:10.7|E:11.10,9,3,4,2,1,1,1,1,1,1,0.5,1.0,0.5
count_plus_all_pairs,2,13,-0.7300628870725632,-1.1349629747663035,-0.4049000876937403,E:11.10,1,0,0,1,0,0,1,0,0,0,0.0,0.0,0.0
count_plus_all_pairs,2,232,1.2487009689211845,1.4156234874113642,0.1669225184901797,P:9.9|P:9.6|P:10.0|B:9.0|B:9.7|B:10.1|B:10.2|B:11.2|B:11.9|E:10.7|E:11.10,11,3,6,2,1,1,1,1,1,1,0.75,1.0,0.75
count_plus_all_pairs,2,231,1.8862354047596455,1.7904748984864756,-0.0957605062731699,P:9.9|P:9.6|P:10.0|B:9.0|B:9.7|B:10.1|B:10.6|B:10.10|B:11.2|B:11.9|E:10.7|E:11.10,12,3,7,2,1,1,1,1,1,1,0.875,1.0,0.875
count_plus_all_pairs,2,150,0.007378906011581418,-0.5204574135315186,-0.5278363195431001,P:9.9|P:9.6|B:10.10|E:10.7|E:11.10,5,2,1,2,1,1,1,1,1,1,0.08333333333333333,0.6666666666666666,0.125
count_plus_all_pairs,2,73,-0.7453505955636501,-0.6046996697757594,0.14065092578789073,P:9.6|B:9.0|B:9.7|B:10.1|B:10.2|B:10.6|B:10.10|B:11.9|E:10.7|E:11.10,10,1,7,2,1,1,1,1,1,1,0.29166666666666663,0.3333333333333333,0.875
count_plus_all_pairs,2,147,-0.8010351993143559,-0.8392578813507334,-0.038222682036377575,P:9.9|P:9.6|B:11.2|E:10.7|E:11.10,5,2,1,2,1,1,1,1,1,1,0.08333333333333333,0.6666666666666666,0.125
count_plus_all_pairs,2,202,1.0955001190304756,1.0009918508042333,-0.09450826822624236,P:9.9|P:9.6|P:10.0|B:9.7|B:10.10|E:10.7,6,3,2,1,1,1,1,1,1,1,0.25,0.5,0.125
count_plus_all_pairs,2,12,-1.0317822992801666,-0.8655237196220963,0.16625857965807034,E:10.7,1,0,0,1,0,0,1,0,0,0,0.0,0.0,0.0
count_plus_all_pairs,2,82,-0.03239645063877106,-0.3712905624049287,-0.33889411176615764,P:9.6|P:10.0|B:10.6|E:11.10,4,2,1,1,1,1,1,1,1,1,0.08333333333333333,0.3333333333333333,0.0625
count_plus_all_pairs,2,31,-0.23759472742676735,-0.7421489566163921,-0.5045542291896248,B:9.7|B:10.6|B:10.10|B:11.2|E:11.10,5,0,4,1,0,1,1,0,0,1,0.0,0.0,0.25
count_plus_all_pairs,2,153,0.2724653035402298,0.36755919294311123,0.09509388940288144,P:9.9|P:9.6|B:10.2,3,2,1,0,1,1,0,1,0,0,0.08333333333333333,0.0,0.0
count_plus_all_pairs,2,29,-2.1579615026712418,-2.189298023902154,-0.03133652123091224,B:9.7|B:11.2|E:10.7|E:11.10,4,0,2,2,0,1,1,0,0,1,0.0,0.0,0.25
count_plus_all_pairs,2,172,0.1690041534602642,0.5203862918097117,0.35138213834944754,P:9.9|P:9.6|B:9.0|B:9.7|B:10.2|B:11.2,6,2,4,0,1,1,0,1,0,0,0.3333333333333333,0.0,0.0
count_plus_all_pairs,2,118,-0.11092682182788849,-0.259470863359273,-0.1485440415313845,P:9.9|P:10.0|E:10.7|E:11.10,4,2,0,2,1,0,1,0,1,0,0.0,0.6666666666666666,0.0
count_plus_all_pairs,2,186,0.5278505198657513,0.435676038983451,-0.09217448088230029,P:9.9|P:9.6|P:10.0|B:10.6|E:10.7|E:11.10,6,3,1,2,1,1,1,1,1,1,0.125,1.0,0.125
count_plus_all_pairs,2,79,-1.4608745947480202,-1.1265888801177,0.3342857146303202,P:9.6|P:10.0|B:11.2|E:10.7|E:11.10,5,2,1,2,1,1,1,1,1,1,0.08333333333333333,0.6666666666666666,0.125
count_plus_all_pairs,2,139,1.478417843580246,1.4706223163583605,-0.007795527221885479,P:9.9|P:10.0|B:9.0|B:10.1|B:10.2|B:10.6|B:10.10|B:11.2,8,2,6,0,1,1,0,1,0,0,0.5,0.0,0.0
count_plus_all_pairs,2,178,0.785550020635128,0.3998525683382709,-0.38569745229685715,P:9.9|P:9.6|P:10.0|E:10.7,4,3,0,1,1,0,1,0,1,0,0.0,0.5,0.0
count_plus_all_pairs,2,16,-1.3794433288276196,-1.338352528425579,0.041090800402040495,B:9.0|B:9.7|B:10.1|B:10.2|B:10.6|B:10.10|B:11.2|B:11.9|E:10.7|E:11.10,10,0,8,2,0,1,1,0,0,1,0.0,0.0,1.0
count_plus_all_pairs,3,110,0.5567262880504131,0.8401270970653728,0.2834008090149597,P:9.9|B:9.7|B:10.10,3,1,2,0,1,1,0,1,0,0,0.08333333333333333,0.0,0.0
count_plus_all_pairs,3,116,0.6422114297747612,0.6641971258333168,0.021985696058555604,P:9.9|P:10.0,2,2,0,0,1,0,0,0,0,0,0.0,0.0,0.0
count_plus_all_pairs,3,199,-0.008658107370138168,0.3618604918695145,0.3705185992396527,P:9.9|P:9.6|P:10.0|B:9.7|E:11.10,5,3,1,1,1,1,1,1,1,1,0.125,0.5,0.0625
count_plus_all_pairs,3,236,1.3518722876906395,1.6247376004346554,0.27286531274401593,P:9.9|P:9.6|P:10.0|B:9.0|B:9.7|B:10.1|B:10.2|B:10.6|B:11.2|B:11.9|E:11.10,11,3,7,1,1,1,1,1,1,1,0.875,0.5,0.4375
count_plus_all_pairs,3,176,0.47614696621894836,0.9292166834191928,0.45306971720024447,P:9.9|P:9.6|B:9.0|B:9.7|B:10.1|B:10.2|B:10.6|B:11.9|E:11.10,9,2,6,1,1,1,1,1,1,1,0.5,0.3333333333333333,0.375
count_plus_all_pairs,3,185,0.7254875265061855,0.6114875458327952,-0.11399998067339034,P:9.9|P:9.6|P:10.0|B:10.6,4,3,1,0,1,1,0,1,0,0,0.125,0.0,0.0
count_plus_all_pairs,3,158,-0.3258376196026802,-0.5980915569346249,-0.2722539373319447,P:9.9|P:9.6|B:10.1|E:10.7|E:11.10,5,2,1,2,1,1,1,1,1,1,0.08333333333333333,0.6666666666666666,0.125
count_plus_all_pairs,3,2,-0.1576346568763256,-0.349590576874084,-0.1919559199977584,P:9.6,1,1,0,0,1,0,0,0,0,0,0.0,0.0,0.0
count_plus_all_pairs,3,209,1.2488095052540302,1.2855945147083816,0.03678500945435137,P:9.9|P:9.6|P:10.0|B:9.7|B:10.1|B:10.2|B:10.6,7,3,4,0,1,1,0,1,0,0,0.5,0.0,0.0
count_plus_all_pairs,3,92,-0.4412704110145569,-0.6422203101536696,-0.20094989913911276,P:9.6|P:10.0|B:9.0|B:11.2|E:11.10,5,2,2,1,1,1,1,1,1,1,0.16666666666666666,0.3333333333333333,0.125
count_plus_all_pairs,3,98,1.0093169696629047,0.760209987545102,-0.2491069821178027,P:9.6|P:10.0|B:9.0|B:9.7|B:10.1|B:10.2|B:10.6|B:10.10|B:11.2|B:11.9,10,2,8,0,1,1,0,1,0,0,0.6666666666666666,0.0,0.0
count_plus_all_pairs,3,105,-0.6707933135330677,-0.9804385363277943,-0.3096452227947266,P:9.9|B:11.9|E:10.7|E:11.10,4,1,1,2,1,1,1,1,1,1,0.041666666666666664,0.3333333333333333,0.125
count_plus_all_pairs,3,205,1.3846071772277355,1.1754089060222397,-0.20919827120549583,P:9.9|P:9.6|P:10.0|B:9.7|B:10.2|B:11.2|B:11.9|E:10.7,8,3,4,1,1,1,1,1,1,1,0.5,0.5,0.25
count_plus_all_pairs,3,200,0.39837056398391724,0.3529551540531559,-0.04541540993076132,P:9.9|P:9.6|P:10.0|B:9.7|E:10.7|E:11.10,6,3,1,2,1,1,1,1,1,1,0.125,1.0,0.125
count_plus_all_pairs,3,23,-0.8226649463176727,-0.5800056082591015,0.2426593380585712,B:10.6|E:10.7,2,0,1,1,0,1,1,0,0,1,0.0,0.0,0.0625
count_plus_all_pairs,3,56,-0.4917997419834137,-0.25922375078684323,0.23257599119657046,P:10.0|B:9.0|B:10.1|B:11.2|B:11.9|E:10.7,6,1,4,1,1,1,1,1,1,1,0.16666666666666666,0.16666666666666666,0.25
count_plus_all_pairs,3,159,0.029253222048282623,0.33337061556874953,0.3041173935204669,P:9.9|P:9.6|B:10.1|B:10.10|B:11.2,5,2,3,0,1,1,0,1,0,0,0.25,0.0,0.0
count_plus_all_pairs,3,239,2.124457161873579,2.126635730285401,0.0021785684118218462,P:9.9|P:9.6|P:10.0|B:9.0|B:9.7|B:10.1|B:10.2|B:10.6|B:10.10|B:11.2|B:11.9|E:10.7,12,3,8,1,1,1,1,1,1,1,1.0,0.5,0.5
count_plus_all_pairs,3,63,-1.987990591675043,-1.9259407877589676,0.06204980391607551,P:9.6|E:10.7|E:11.10,3,1,0,2,1,0,1,0,1,0,0.0,0.3333333333333333,0.0
count_plus_all_pairs,3,90,0.6627392582595348,0.07767274783395066,-0.5850665104255842,P:9.6|P:10.0|B:9.7|B:10.1|B:11.9,5,2,3,0,1,1,0,1,0,0,0.25,0.0,0.0
count_plus_all_pairs,3,85,0.31950290501117706,-0.058212715713194765,-0.3777156207243718,P:9.6|P:10.0|B:10.2|B:11.2|B:11.9,5,2,3,0,1,1,0,1,0,0,0.25,0.0,0.0
count_plus_all_pairs,3,181,0.5778550244867802,0.15354181330173328,-0.4243132111850469,P:9.9|P:9.6|P:10.0|B:11.2,4,3,1,0,1,1,0,1,0,0,0.125,0.0,0.0
count_plus_all_pairs,3,146,-0.3059505894780159,-0.0481972039102027,0.2577533855678132,P:9.9|P:9.6|B:11.2,3,2,1,0,1,1,0,1,0,0,0.08333333333333333,0.0,0.0
count_plus_all_pairs,3,117,0.02911713346838951,0.23846485999572264,0.20934772652733313,P:9.9|P:10.0|E:11.10,3,2,0,1,1,0,1,0,1,0,0.0,0.3333333333333333,0.0
count_plus_all_pairs,3,143,1.8553861118853092,1.5080609194706458,-0.3473251924146634,P:9.9|P:10.0|B:9.0|B:9.7|B:10.1|B:10.2|B:10.6|B:10.10|B:11.2|B:11.9|E:11.10,11,2,8,1,1,1,1,1,1,1,0.6666666666666666,0.3333333333333333,0.5
count_plus_all_pairs,3,233,1.3947341851890087,1.249248642590287,-0.14548554259872182,P:9.9|P:9.6|P:10.0|B:9.0|B:9.7|B:10.1|B:10.2|B:10.10|B:11.2,9,3,6,0,1,1,0,1,0,0,0.75,0.0,0.0
count_plus_all_pairs,3,97,-0.00730687752366066,0.3754686998564356,0.38277557738009627,P:9.6|P:10.0|B:9.0|B:9.7|B:10.1|B:10.2|B:11.2|B:11.9|E:10.7,9,2,6,1,1,1,1,1,1,1,0.5,0.3333333333333333,0.375
count_plus_all_pairs,3,80,0.4240094982087612,-0.03479544862479139,-0.4588049468335526,P:9.6|P:10.0|B:10.10,3,2,1,0,1,1,0,1,0,0,0.08333333333333333,0.0,0.0
count_plus_all_pairs,3,203,1.0001394301652908,1.0997618313568285,0.09962240119153765,P:9.9|P:9.6|P:10.0|B:9.7|B:10.6|B:10.10,6,3,3,0,1,1,0,1,0,0,0.375,0.0,0.0
count_plus_all_pairs,3,182,-0.11927512288093567,0.13304435972332695,0.2523194826042626,P:9.9|P:9.6|P:10.0|B:11.2|E:11.10,5,3,1,1,1,1,1,1,1,1,0.125,0.5,0.0625
count_plus_all_pairs,3,17,0.46299997344613075,0.2881055005390674,-0.17489447290706334,P:9.9|P:9.6|P:10.0,3,3,0,0,1,0,0,0,0,0,0.0,0.0,0.0
count_plus_all_pairs,3,108,-0.32360805571079254,-0.14691549257652908,0.17669256313426346,P:9.9|B:10.1|B:10.2|B:11.2|E:11.10,5,1,3,1,1,1,1,1,1,1,0.125,0.16666666666666666,0.1875
count_plus_all_pairs,3,44,0.4107043147087097,0.24511425231227824,-0.16559006239643148,B:9.0|B:9.7|B:10.1|B:10.10,4,0,4,0,0,1,0,0,0,0,0.0,0.0,0.0
count_plus_all_pairs,3,148,-0.35026708617806435,-0.07680827899815809,0.2734588071799062,P:9.9|P:9.6|B:10.10|E:11.10,4,2,1,1,1,1,1,1,1,1,0.08333333333333333,0.3333333333333333,0.0625
count_plus_all_pairs,3,5,0.18057629838585854,0.06515766773282897,-0.11541863065302957,B:9.7,1,0,1,0,0,1,0,0,0,0,0.0,0.0,0.0
count_plus_all_pairs,3,129,0.762895978987217,0.6659333044811716,-0.09696267450604534,P:9.9|P:10.0|B:9.7|B:10.2|B:10.6|E:10.7|E:11.10,7,2,3,2,1,1,1,1,1,1,0.25,0.6666666666666666,0.375
count_plus_all_pairs,3,194,1.2136539109051228,1.1045282684001596,-0.10912564250496315,P:9.9|P:9.6|P:10.0|B:10.1|B:10.2|B:11.9|E:10.7,7,3,3,1,1,1,1,1,1,1,0.375,0.5,0.1875
count_plus_all_pairs,3,42,-0.46380022168159485,-1.0127268526058943,-0.5489266309242995,B:9.0|B:9.7|B:10.10|B:11.2|B:11.9|E:11.10,6,0,5,1,0,1,1,0,0,1,0.0,0.0,0.3125
count_plus_all_pairs,3,183,0.8049454912543297,0.5591442972376884,-0.24580119401664124,P:9.9|P:9.6|P:10.0|B:10.10|B:11.2,5,3,2,0,1,1,0,1,0,0,0.25,0.0,0.0
count_plus_all_pairs,3,28,0.2634904868900776,0.33907312252476274,0.07558263563468515,B:10.1|B:10.2|B:10.10,3,0,3,0,0,1,0,0,0,0,0.0,0.0,0.0
count_plus_all_pairs,3,45,-0.5084521621465683,-0.33993883121245416,0.16851333093411414,B:9.0|B:9.7|B:10.1|B:10.6|B:10.10|B:11.2|B:11.9|E:10.7,8,0,7,1,0,1,1,0,0,1,0.0,0.0,0.4375
count_plus_all_pairs,3,61,-1.0373320244252682,-0.39908752789960206,0.6382444965256662,P:10.0|B:9.0|B:9.7|B:10.1|B:10.2|B:10.6|B:11.2|B:11.9|E:10.7|E:11.10,10,1,7,2,1,1,1,1,1,1,0.29166666666666663,0.3333333333333333,0.875
count_plus_all_pairs,3,94,-0.49759408831596375,0.21272074318164014,0.7103148314976039,P:9.6|P:10.0|B:9.0|B:10.1|B:10.6|B:10.10|B:11.2|B:11.9|E:10.7|E:11.10,10,2,6,2,1,1,1,1,1,1,0.5,0.6666666666666666,0.75
count_plus_all_pairs,3,166,0.34098824113607407,-0.10691855359350029,-0.44790679472957434,P:9.9|P:9.6|B:9.7|B:10.1|B:10.2|E:10.7|E:11.10,7,2,3,2,1,1,1,1,1,1,0.25,0.6666666666666666,0.375
count_plus_all_pairs,3,54,0.02327965945005417,-0.5881274876747653,-0.6114071471248195,P:10.0|B:10.1|E:11.10,3,1,1,1,1,1,1,1,1,1,0.041666666666666664,0.16666666666666666,0.0625
count_plus_all_pairs,3,41,-2.0931180715560913,-2.1255231478899788,-0.03240507633388745,B:9.0|B:9.7|B:11.2|B:11.9|E:10.7|E:11.10,6,0,4,2,0,1,1,0,0,1,0.0,0.0,0.5
count_plus_all_pairs,3,180,0.22938881069421768,0.34647381869321536,0.11708500799899768,P:9.9|P:9.6|P:10.0|B:11.9|E:10.7|E:11.10,6,3,1,2,1,1,1,1,1,1,0.125,1.0,0.125
count_plus_all_pairs,3,137,0.9683080837130547,0.8930730672426856,-0.07523501647036901,P:9.9|P:10.0|B:9.0|B:10.1|B:10.2|B:11.2,6,2,4,0,1,1,0,1,0,0,0.3333333333333333,0.0,0.0
count_plus_all_pairs,4,135,0.3180081695318222,0.46497371935902937,0.14696554982720716,P:9.9|P:10.0|B:9.0|B:10.6|B:11.9|E:10.7|E:11.10,7,2,3,2,1,1,1,1,1,1,0.25,0.6666666666666666,0.375
count_plus_all_pairs,4,37,-2.092911761254072,-2.0087509177242273,0.08416084352984488,B:9.0|B:10.2|E:10.7|E:11.10,4,0,2,2,0,1,1,0,0,1,0.0,0.0,0.25
count_plus_all_pairs,4,91,0.38466572016477585,-0.058356851161241105,-0.44302257132601697,P:9.6|P:10.0|B:9.0|B:11.9,4,2,2,0,1,1,0,1,0,0,0.16666666666666666,0.0,0.0
count_plus_all_pairs,4,113,-0.6673449911177158,-0.8331286448827461,-0.16578365376503024,P:9.9|B:9.0|B:9.7|B:11.2|B:11.9|E:10.7|E:11.10,7,1,4,2,1,1,1,1,1,1,0.16666666666666666,0.3333333333333333,0.5
count_plus_all_pairs,4,38,-0.12388213351368904,0.20800329985492913,0.3318854333686182,B:9.0|B:10.2|B:10.10|B:11.2|B:11.9,5,0,5,0,0,1,0,0,0,0,0.0,0.0,0.0
count_plus_all_pairs,4,62,-0.96882164478302,-1.143750617817977,-0.17492897303495702,P:9.6|E:11.10,2,1,0,1,1,0,1,0,1,0,0.0,0.16666666666666666,0.0
count_plus_all_pairs,4,57,-1.3938638791441917,-0.984174501749779,0.4096893773944127,P:10.0|B:9.0|B:10.1|B:10.2|E:10.7|E:11.10,6,1,3,2,1,1,1,1,1,1,0.125,0.3333333333333333,0.375
count_plus_all_pairs,4,190,0.7528919950127602,0.856014332472552,0.10312233745979182,P:9.9|P:9.6|P:10.0|B:10.2|B:10.6|B:11.2|E:11.10,7,3,3,1,1,1,1,1,1,1,0.375,0.5,0.1875
count_plus_all_pairs,4,164,0.30114129185676575,0.7139769418621601,0.41283565000539435,P:9.9|P:9.6|B:9.7|B:10.1|B:10.10|B:11.2|B:11.9,7,2,5,0,1,1,0,1,0,0,0.41666666666666663,0.0,0.0
count_plus_all_pairs,4,221,0.5948651321232319,0.8276230872549799,0.23275795513174802,P:9.9|P:9.6|P:10.0|B:9.0|B:10.1|B:10.2|B:11.2|E:11.10,8,3,4,1,1,1,1,1,1,1,0.5,0.5,0.25
count_plus_all_pairs,4,1,0.1935817413032055,0.5399246351537289,0.3463428938505234,P:9.9,1,1,0,0,1,0,0,0,0,0,0.0,0.0,0.0
count_plus_all_pairs,4,53,-0.06579641252756119,-0.38228830540023095,-0.31649189287266977,P:10.0|B:10.2|B:11.9|E:11.10,4,1,2,1,1,1,1,1,1,1,0.08333333333333333,0.16666666666666666,0.125
count_plus_all_pairs,4,126,0.9073482267558575,0.8676681971313988,-0.03968002962445871,P:9.9|P:10.0|B:10.1|B:10.2|E:10.7,5,2,2,1,1,1,1,1,1,1,0.16666666666666666,0.3333333333333333,0.125
count_plus_all_pairs,4,14,-2.1500720120966434,-2.0985149871053723,0.05155702499127113,E:10.7|E:11.10,2,0,0,2,0,0,1,0,0,0,0.0,0.0,0.0
count_plus_all_pairs,4,40,0.43496930971741676,0.5549013778201963,0.11993206810277957,B:9.0|B:10.1|B:10.6|B:10.10,4,0,4,0,0,1,0,0,0,0,0.0,0.0,0.0
count_plus_all_pairs,4,234,1.2642529793083668,1.4227978833573767,0.1585449040490099,P:9.9|P:9.6|P:10.0|B:9.0|B:9.7|B:10.1|B:10.2|B:10.6,8,3,5,0,1,1,0,1,0,0,0.625,0.0,0.0
count_plus_all_pairs,4,34,-0.4527350068092346,-0.24782083490349677,0.20491417190573785,B:9.7|B:10.1|B:10.2|B:10.10|B:11.9|E:10.7,6,0,5,1,0,1,1,0,0,1,0.0,0.0,0.3125
count_plus_all_pairs,4,99,0.8856487385928631,0.6486901263401761,-0.236958612252687,P:9.6|P:10.0|B:9.0|B:9.7|B:10.1|B:10.2|B:10.6|B:10.10|B:11.2|B:11.9|E:11.10,11,2,8,1,1,1,1,1,1,1,0.6666666666666666,0.3333333333333333,0.5
count_plus_all_pairs,4,109,0.5982384718954563,0.45556696447463974,-0.14267150742081658,P:9.9|B:10.1|B:10.2|B:10.6|B:10.10|B:11.2|E:11.10,7,1,5,1,1,1,1,1,1,1,0.20833333333333331,0.16666666666666666,0.3125
count_plus_all_pairs,4,49,-0.5108466930687428,-0.29164131450692415,0.2192053785618186,B:9.0|B:9.7|B:10.1|B:10.2|B:10.6|B:10.10|B:11.2|B:11.9|E:10.7,9,0,8,1,0,1,1,0,0,1,0.0,0.0,0.5
count_plus_all_pairs,4,127,0.24340659379959106,0.311573005244852,0.06816641144526092,P:9.9|P:10.0|B:9.7|E:11.10,4,2,1,1,1,1,1,1,1,1,0.08333333333333333,0.3333333333333333,0.0625
count_plus_all_pairs,4,21,-2.0925130136311054,-2.165108752416323,-0.07259573878521763,B:11.9|E:10.7|E:11.10,3,0,1,2,0,1,1,0,0,1,0.0,0.0,0.125
count_plus_all_pairs,4,227,1.6139287240803242,1.5618444007050698,-0.05208432337525437,P:9.9|P:9.6|P:10.0|B:9.0|B:9.7|B:10.6|B:10.10|B:11.2|B:11.9|E:10.7|E:11.10,11,3,6,2,1,1,1,1,1,1,0.75,1.0,0.75
count_plus_all_pairs,4,167,0.3539474345743656,0.07859228727571632,-0.2753551472986493,P:9.9|P:9.6|B:9.0|B:11.9|E:10.7,5,2,2,1,1,1,1,1,1,1,0.16666666666666666,0.3333333333333333,0.125
count_plus_all_pairs,4,125,1.1199581176042557,1.1948668944827037,0.07490877687844799,P:9.9|P:10.0|B:10.1|B:10.6|B:11.2|B:11.9,6,2,4,0,1,1,0,1,0,0,0.3333333333333333,0.0,0.0
count_plus_all_pairs,4,170,0.3828652650117874,0.5902456380145837,0.20738037300279633,P:9.9|P:9.6|B:9.0|B:10.1|B:10.6,5,2,3,0,1,1,0,1,0,0,0.25,0.0,0.0
count_plus_all_pairs,4,66,0.09258740022778511,-0.08499888965389651,-0.17758628988168162,P:9.6|B:10.1|B:10.2|B:11.9,4,1,3,0,1,1,0,1,0,0,0.125,0.0,0.0
count_plus_all_pairs,4,104,0.20134234055876732,-0.08635721025666909,-0.2876995508154364,P:9.9|B:11.9|E:10.7,3,1,1,1,1,1,1,1,1,1,0.041666666666666664,0.16666666666666666,0.0625
count_plus_all_pairs,4,22,-0.9958479702472687,-1.2369214380411713,-0.2410734677939026,B:11.2|B:11.9|E:11.10,3,0,2,1,0,1,1,0,0,1,0.0,0.0,0.125
count_plus_all_pairs,4,46,-0.23023967072367668,-0.801820108320115,-0.5715804375964383,B:9.0|B:9.7|B:10.1|B:10.2|B:10.10|B:11.2|B:11.9|E:11.10,8,0,7,1,0,1,1,0,0,1,0.0,0.0,0.4375
count_plus_all_pairs,4,111,-0.15740074962377548,-0.6035041948834771,-0.4461034452597016,P:9.9|B:9.7|B:10.6|E:10.7|E:11.10,5,1,2,2,1,1,1,1,1,1,0.08333333333333333,0.3333333333333333,0.25
count_plus_all_pairs,4,70,-1.6255602352321148,-1.3563946046974156,0.2691656305346992,P:9.6|B:9.0|B:10.1|B:10.2|B:11.9|E:10.7|E:11.10,7,1,4,2,1,1,1,1,1,1,0.16666666666666666,0.3333333333333333,0.5
count_plus_all_pairs,4,77,-1.3802263587713242,-0.9157931841975993,0.4644331745737249,P:9.6|P:10.0|E:10.7|E:11.10,4,2,0,2,1,0,1,0,1,0,0.0,0.6666666666666666,0.0
count_plus_all_pairs,4,145,-0.9065218307077885,-0.2725940227452633,0.6339278079625252,P:9.9|P:9.6|E:11.10,3,2,0,1,1,0,1,0,1,0,0.0,0.3333333333333333,0.0
count_plus_all_pairs,4,207,1.1867230460047722,1.331460370757344,0.14473732475257184,P:9.9|P:9.6|P:10.0|B:9.7|B:10.1|B:10.10|B:11.9|E:10.7|E:11.10,9,3,4,2,1,1,1,1,1,1,0.5,1.0,0.5
count_plus_all_pairs,4,189,0.5667572394013405,0.48539771079077504,-0.08135952861056545,P:9.9|P:9.6|P:10.0|B:10.2|E:10.7|E:11.10,6,3,1,2,1,1,1,1,1,1,0.125,1.0,0.125
count_plus_all_pairs,4,20,2.3267794027924538,2.101092355001672,-0.22568704779078175,P:9.9|P:9.6|P:10.0|B:9.0|B:9.7|B:10.1|B:10.2|B:10.6|B:10.10|B:11.2|B:11.9|E:10.7|E:11.10,13,3,8,2,1,1,1,1,1,1,1.0,1.0,1.0
count_plus_all_pairs,4,175,0.43807394430041313,0.7487910994307013,0.3107171551302882,P:9.9|P:9.6|B:9.0|B:9.7|B:10.1|B:10.10,6,2,4,0,1,1,0,1,0,0,0.3333333333333333,0.0,0.0
count_plus_all_pairs,4,67,0.1194758489727974,-0.13159544566108053,-0.2510712946338779,P:9.6|B:9.7|B:10.2,3,1,2,0,1,1,0,1,0,0,0.08333333333333333,0.0,0.0
count_plus_all_pairs,4,121,0.8768309131264687,0.9517736544432401,0.07494274131677148,P:9.9|P:10.0|B:10.6,3,2,1,0,1,1,0,1,0,0,0.08333333333333333,0.0,0.0
count_plus_all_pairs,4,213,0.7374192625284195,0.7443356337342315,0.006916371205812011,P:9.9|P:9.6|P:10.0|B:9.0|B:10.6,5,3,2,0,1,1,0,1,0,0,0.25,0.0,0.0
count_plus_all_pairs,4,211,0.1879602037370205,0.2846524163813615,0.09669221264434102,P:9.9|P:9.6|P:10.0|B:9.0|E:10.7|E:11.10,6,3,1,2,1,1,1,1,1,1,0.125,1.0,0.125
count_plus_all_pairs,4,133,1.7260217368602753,1.3422429712427129,-0.3837787656175624,P:9.9|P:10.0|B:9.7|B:10.1|B:10.2|B:10.6|B:10.10|B:11.2|E:11.10,9,2,6,1,1,1,1,1,1,1,0.5,0.3333333333333333,0.375
count_plus_all_pairs,4,161,0.41517258435487747,0.12145386418200813,-0.2937187201728694,P:9.9|P:9.6|B:10.1|B:10.2|B:10.10|B:11.2|E:10.7|E:11.10,8,2,4,2,1,1,1,1,1,1,0.3333333333333333,0.6666666666666666,0.5
count_plus_all_pairs,4,65,-1.8147796541452408,-1.5141052566390825,0.3006743975061583,P:9.6|B:10.2|B:10.10|B:11.2|E:10.7|E:11.10,6,1,3,2,1,1,1,1,1,1,0.125,0.3333333333333333,0.375
count_plus_all_pairs,4,220,1.2591385692358017,1.4519195661907558,0.1927809969549541,P:9.9|P:9.6|P:10.0|B:9.0|B:10.1|B:10.6|B:10.10|E:10.7|E:11.10,9,3,4,2,1,1,1,1,1,1,0.5,1.0,0.5
count_plus_all_pairs,4,47,0.18758106604218483,0.24637261853038742,0.058791552488202586,B:9.0|B:9.7|B:10.1|B:10.2|B:10.6|B:11.2,6,0,6,0,0,1,0,0,0,0,0.0,0.0,0.0
