model,n_rows,mae,rmse,r2,columns,n_params,bootstrap
additive_head,159,0.3547901252817719,0.4367342882290552,0.7356379635146264,"intercept,P:9.9,P:9.6,P:10.0,B:9.0,B:9.7,B:10.1,B:10.2,B:10.6,B:10.10,B:11.2,B:11.9,E:10.7,E:11.10",14,0
pb_group_interaction,159,0.35536906000998275,0.44017567843107347,0.7314552951374048,"intercept,P:9.9,P:9.6,P:10.0,B:9.0,B:9.7,B:10.1,B:10.2,B:10.6,B:10.10,B:11.2,B:11.9,E:10.7,E:11.10,P_B",15,0
group_interaction,159,0.3433251171710985,0.427115508531904,0.747154522128977,"intercept,P:9.9,P:9.6,P:10.0,B:9.0,B:9.7,B:10.1,B:10.2,B:10.6,B:10.10,B:11.2,B:11.9,E:10.7,E:11.10,P_B,P_E,B_E",17,0
additive_head,159,0.3453744058755361,0.4269606277992125,0.7370044227163465,"intercept,P:9.9,P:9.6,P:10.0,B:9.0,B:9.7,B:10.1,B:10.2,B:10.6,B:10.10,B:11.2,B:11.9,E:10.7,E:11.10",14,1
pb_group_interaction,159,0.34598118983031556,0.43027289340016006,0.7329080724189228,"intercept,P:9.9,P:9.6,P:10.0,B:9.0,B:9.7,B:10.1,B:10.2,B:10.6,B:10.10,B:11.2,B:11.9,E:10.7,E:11.10,P_B",15,1
group_interaction,159,0.3364674273096511,0.418004055186795,0.7479226767975506,"intercept,P:9.9,P:9.6,P:10.0,B:9.0,B:9.7,B:10.1,B:10.2,B:10.6,B:10.10,B:11.2,B:11.9,E:10.7,E:11.10,P_B,P_E,B_E",17,1
additive_head,159,0.34433528231258564,0.4233063688723395,0.7281289192884115,"intercept,P:9.9,P:9.6,P:10.0,B:9.0,B:9.7,B:10.1,B:10.2,B:10.6,B:10.10,B:11.2,B:11.9,E:10.7,E:11.10",14,2
pb_group_interaction,159,0.3453045266694074,0.42638673219303813,0.7241577587556228,"intercept,P:9.9,P:9.6,P:10.0,B:9.0,B:9.7,B:10.1,B:10.2,B:10.6,B:10.10,B:11.2,B:11.9,E:10.7,E:11.10,P_B",15,2
group_interaction,159,0.3347636649813912,0.41445103106405334,0.7393847308517683,"intercept,P:9.9,P:9.6,P:10.0,B:9.0,B:9.7,B:10.1,B:10.2,B:10.6,B:10.10,B:11.2,B:11.9,E:10.7,E:11.10,P_B,P_E,B_E",17,2
additive_head,159,0.32992177662439875,0.40586323883841957,0.7253510059497241,"intercept,P:9.9,P:9.6,P:10.0,B:9.0,B:9.7,B:10.1,B:10.2,B:10.6,B:10.10,B:11.2,B:11.9,E:10.7,E:11.10",14,3
pb_group_interaction,159,0.33054598078565817,0.40845930366382516,0.7218262376875029,"intercept,P:9.9,P:9.6,P:10.0,B:9.0,B:9.7,B:10.1,B:10.2,B:10.6,B:10.10,B:11.2,B:11.9,E:10.7,E:11.10,P_B",15,3
group_interaction,159,0.32100159937235406,0.39789453598221064,0.7360300259245,"intercept,P:9.9,P:9.6,P:10.0,B:9.0,B:9.7,B:10.1,B:10.2,B:10.6,B:10.10,B:11.2,B:11.9,E:10.7,E:11.10,P_B,P_E,B_E",17,3
additive_head,159,0.3377388675478407,0.41661092649015086,0.7402449932691725,"intercept,P:9.9,P:9.6,P:10.0,B:9.0,B:9.7,B:10.1,B:10.2,B:10.6,B:10.10,B:11.2,B:11.9,E:10.7,E:11.10",14,4
pb_group_interaction,159,0.3381816434537481,0.41966964729689715,0.7364167946605273,"intercept,P:9.9,P:9.6,P:10.0,B:9.0,B:9.7,B:10.1,B:10.2,B:10.6,B:10.10,B:11.2,B:11.9,E:10.7,E:11.10,P_B",15,4
group_interaction,159,0.3277617671158683,0.4080309657208645,0.750833953340475,"intercept,P:9.9,P:9.6,P:10.0,B:9.0,B:9.7,B:10.1,B:10.2,B:10.6,B:10.10,B:11.2,B:11.9,E:10.7,E:11.10,P_B,P_E,B_E",17,4
additive_head,159,0.3352110174962745,0.4132052351597801,0.7296774048698758,"intercept,P:9.9,P:9.6,P:10.0,B:9.0,B:9.7,B:10.1,B:10.2,B:10.6,B:10.10,B:11.2,B:11.9,E:10.7,E:11.10",14,5
pb_group_interaction,159,0.33588842514033523,0.41671028191332593,0.725071887573175,"intercept,P:9.9,P:9.6,P:10.0,B:9.0,B:9.7,B:10.1,B:10.2,B:10.6,B:10.10,B:11.2,B:11.9,E:10.7,E:11.10,P_B",15,5
group_interaction,159,0.3255235233665393,0.4043739978098261,0.7411088760628727,"intercept,P:9.9,P:9.6,P:10.0,B:9.0,B:9.7,B:10.1,B:10.2,B:10.6,B:10.10,B:11.2,B:11.9,E:10.7,E:11.10,P_B,P_E,B_E",17,5
additive_head,159,0.3201392745991238,0.3951448876110341,0.7451058851142307,"intercept,P:9.9,P:9.6,P:10.0,B:9.0,B:9.7,B:10.1,B:10.2,B:10.6,B:10.10,B:11.2,B:11.9,E:10.7,E:11.10",14,6
pb_group_interaction,159,0.3207404180916824,0.3981948149187959,0.7411558973434089,"intercept,P:9.9,P:9.6,P:10.0,B:9.0,B:9.7,B:10.1,B:10.2,B:10.6,B:10.10,B:11.2,B:11.9,E:10.7,E:11.10,P_B",15,6
group_interaction,159,0.3091939611601249,0.3855775603899563,0.7572995531719664,"intercept,P:9.9,P:9.6,P:10.0,B:9.0,B:9.7,B:10.1,B:10.2,B:10.6,B:10.10,B:11.2,B:11.9,E:10.7,E:11.10,P_B,P_E,B_E",17,6
additive_head,159,0.325839286742762,0.40312233525529334,0.7426817629437282,"intercept,P:9.9,P:9.6,P:10.0,B:9.0,B:9.7,B:10.1,B:10.2,B:10.6,B:10.10,B:11.2,B:11.9,E:10.7,E:11.10",14,7
pb_group_interaction,159,0.32605623293431174,0.4058535413168446,0.7391832226206778,"intercept,P:9.9,P:9.6,P:10.0,B:9.0,B:9.7,B:10.1,B:10.2,B:10.6,B:10.10,B:11.2,B:11.9,E:10.7,E:11.10,P_B",15,7
group_interaction,159,0.31607113914820617,0.3941187753587876,0.7540475833260565,"intercept,P:9.9,P:9.6,P:10.0,B:9.0,B:9.7,B:10.1,B:10.2,B:10.6,B:10.10,B:11.2,B:11.9,E:10.7,E:11.10,P_B,P_E,B_E",17,7
additive_head,159,0.3321966404707988,0.4095636461301347,0.7284366259457565,"intercept,P:9.9,P:9.6,P:10.0,B:9.0,B:9.7,B:10.1,B:10.2,B:10.6,B:10.10,B:11.2,B:11.9,E:10.7,E:11.10",14,8
pb_group_interaction,159,0.33269343729590717,0.41256128997742486,0.7244468707547391,"intercept,P:9.9,P:9.6,P:10.0,B:9.0,B:9.7,B:10.1,B:10.2,B:10.6,B:10.10,B:11.2,B:11.9,E:10.7,E:11.10,P_B",15,8
group_interaction,159,0.322850826180167,0.40146478912635364,0.7390704190642334,"intercept,P:9.9,P:9.6,P:10.0,B:9.0,B:9.7,B:10.1,B:10.2,B:10.6,B:10.10,B:11.2,B:11.9,E:10.7,E:11.10,P_B,P_E,B_E",17,8
additive_head,159,0.34113417426118636,0.41987475569355176,0.7443625510035853,"intercept,P:9.9,P:9.6,P:10.0,B:9.0,B:9.7,B:10.1,B:10.2,B:10.6,B:10.10,B:11.2,B:11.9,E:10.7,E:11.10",14,9
pb_group_interaction,159,0.3417892118629381,0.4231242592222927,0.740390370030197,"intercept,P:9.9,P:9.6,P:10.0,B:9.0,B:9.7,B:10.1,B:10.2,B:10.6,B:10.10,B:11.2,B:11.9,E:10.7,E:11.10,P_B",15,9
group_interaction,159,0.33126614480986555,0.4111683694383698,0.7548542648838594,"intercept,P:9.9,P:9.6,P:10.0,B:9.0,B:9.7,B:10.1,B:10.2,B:10.6,B:10.10,B:11.2,B:11.9,E:10.7,E:11.10,P_B,P_E,B_E",17,9
additive_head,159,0.32704180813757416,0.40488813222913844,0.7436846062433211,"intercept,P:9.9,P:9.6,P:10.0,B:9.0,B:9.7,B:10.1,B:10.2,B:10.6,B:10.10,B:11.2,B:11.9,E:10.7,E:11.10",14,10
pb_group_interaction,159,0.3274433624849445,0.40782274300203986,0.7399556166269491,"intercept,P:9.9,P:9.6,P:10.0,B:9.0,B:9.7,B:10.1,B:10.2,B:10.6,B:10.10,B:11.2,B:11.9,E:10.7,E:11.10,P_B",15,10
group_interaction,159,0.31706631069707125,0.3954515897644913,0.7554930282624936,"intercept,P:9.9,P:9.6,P:10.0,B:9.0,B:9.7,B:10.1,B:10.2,B:10.6,B:10.10,B:11.2,B:11.9,E:10.7,E:11.10,P_B,P_E,B_E",17,10
additive_head,159,0.3511985753238507,0.43490109684293876,0.735808402733479,"intercept,P:9.9,P:9.6,P:10.0,B:9.0,B:9.7,B:10.1,B:10.2,B:10.6,B:10.10,B:11.2,B:11.9,E:10.7,E:11.10",14,11
pb_group_interaction,159,0.3516182373678798,0.4378287448484553,0.7322394838211244,"intercept,P:9.9,P:9.6,P:10.0,B:9.0,B:9.7,B:10.1,B:10.2,B:10.6,B:10.10,B:11.2,B:11.9,E:10.7,E:11.10,P_B",15,11
group_interaction,159,0.34113936251760435,0.4249937398871276,0.7477082434008451,"intercept,P:9.9,P:9.6,P:10.0,B:9.0,B:9.7,B:10.1,B:10.2,B:10.6,B:10.10,B:11.2,B:11.9,E:10.7,E:11.10,P_B,P_E,B_E",17,11
additive_head,159,0.34930903437258465,0.4307169429046146,0.7353292006740877,"intercept,P:9.9,P:9.6,P:10.0,B:9.0,B:9.7,B:10.1,B:10.2,B:10.6,B:10.10,B:11.2,B:11.9,E:10.7,E:11.10",14,12
pb_group_interaction,159,0.34970304688136833,0.4341189059423124,0.7311317520251037,"intercept,P:9.9,P:9.6,P:10.0,B:9.0,B:9.7,B:10.1,B:10.2,B:10.6,B:10.10,B:11.2,B:11.9,E:10.7,E:11.10,P_B",15,12
group_interaction,159,0.3401628314666412,0.42260764265049394,0.745201532785291,"intercept,P:9.9,P:9.6,P:10.0,B:9.0,B:9.7,B:10.1,B:10.2,B:10.6,B:10.10,B:11.2,B:11.9,E:10.7,E:11.10,P_B,P_E,B_E",17,12
additive_head,159,0.3360815038704783,0.41562305165540653,0.7333626389155102,"intercept,P:9.9,P:9.6,P:10.0,B:9.0,B:9.7,B:10.1,B:10.2,B:10.6,B:10.10,B:11.2,B:11.9,E:10.7,E:11.10",14,13
pb_group_interaction,159,0.3364219072079506,0.4187614932356162,0.729320585494003,"intercept,P:9.9,P:9.6,P:10.0,B:9.0,B:9.7,B:10.1,B:10.2,B:10.6,B:10.10,B:11.2,B:11.9,E:10.7,E:11.10,P_B",15,13
group_interaction,159,0.32567841946440623,0.4061333353331867,0.7453996335608787,"intercept,P:9.9,P:9.6,P:10.0,B:9.0,B:9.7,B:10.1,B:10.2,B:10.6,B:10.10,B:11.2,B:11.9,E:10.7,E:11.10,P_B,P_E,B_E",17,13
additive_head,159,0.33176581585340786,0.4087924370502615,0.7420366282212638,"intercept,P:9.9,P:9.6,P:10.0,B:9.0,B:9.7,B:10.1,B:10.2,B:10.6,B:10.10,B:11.2,B:11.9,E:10.7,E:11.10",14,14
pb_group_interaction,159,0.33190726742401594,0.4115286598038504,0.738571752428829,"intercept,P:9.9,P:9.6,P:10.0,B:9.0,B:9.7,B:10.1,B:10.2,B:10.6,B:10.10,B:11.2,B:11.9,E:10.7,E:11.10,P_B",15,14
group_interaction,159,0.3209012058835567,0.3990219337434094,0.7542203746258451,"intercept,P:9.9,P:9.6,P:10.0,B:9.0,B:9.7,B:10.1,B:10.2,B:10.6,B:10.10,B:11.2,B:11.9,E:10.7,E:11.10,P_B,P_E,B_E",17,14
additive_head,159,0.34841565972052624,0.4313535216023587,0.7442601999488325,"intercept,P:9.9,P:9.6,P:10.0,B:9.0,B:9.7,B:10.1,B:10.2,B:10.6,B:10.10,B:11.2,B:11.9,E:10.7,E:11.10",14,15
pb_group_interaction,159,0.34901734879550433,0.4350001563886343,0.7399179070011184,"intercept,P:9.9,P:9.6,P:10.0,B:9.0,B:9.7,B:10.1,B:10.2,B:10.6,B:10.10,B:11.2,B:11.9,E:10.7,E:11.10,P_B",15,15
group_interaction,159,0.3381766284850525,0.4210746114561895,0.7563032493939122,"intercept,P:9.9,P:9.6,P:10.0,B:9.0,B:9.7,B:10.1,B:10.2,B:10.6,B:10.10,B:11.2,B:11.9,E:10.7,E:11.10,P_B,P_E,B_E",17,15
additive_head,159,0.3415831807156303,0.4220847762686558,0.7393474964171292,"intercept,P:9.9,P:9.6,P:10.0,B:9.0,B:9.7,B:10.1,B:10.2,B:10.6,B:10.10,B:11.2,B:11.9,E:10.7,E:11.10",14,16
pb_group_interaction,159,0.3418733799174361,0.42521905015021716,0.7354620704763524,"intercept,P:9.9,P:9.6,P:10.0,B:9.0,B:9.7,B:10.1,B:10.2,B:10.6,B:10.10,B:11.2,B:11.9,E:10.7,E:11.10,P_B",15,16
group_interaction,159,0.3316408469355227,0.41318214789427093,0.7502269241815562,"intercept,P:9.9,P:9.6,P:10.0,B:9.0,B:9.7,B:10.1,B:10.2,B:10.6,B:10.10,B:11.2,B:11.9,E:10.7,E:11.10,P_B,P_E,B_E",17,16
additive_head,159,0.33742713201193875,0.4158865269060536,0.74493138320887,"intercept,P:9.9,P:9.6,P:10.0,B:9.0,B:9.7,B:10.1,B:10.2,B:10.6,B:10.10,B:11.2,B:11.9,E:10.7,E:11.10",14,17
pb_group_interaction,159,0.33776834055141164,0.4187284067841796,0.7414335492242878,"intercept,P:9.9,P:9.6,P:10.0,B:9.0,B:9.7,B:10.1,B:10.2,B:10.6,B:10.10,B:11.2,B:11.9,E:10.7,E:11.10,P_B",15,17
group_interaction,159,0.32625175111003585,0.4069176137980363,0.7558142574303569,"intercept,P:9.9,P:9.6,P:10.0,B:9.0,B:9.7,B:10.1,B:10.2,B:10.6,B:10.10,B:11.2,B:11.9,E:10.7,E:11.10,P_B,P_E,B_E",17,17
additive_head,159,0.32830728902548606,0.40635837096502503,0.756317912614077,"intercept,P:9.9,P:9.6,P:10.0,B:9.0,B:9.7,B:10.1,B:10.2,B:10.6,B:10.10,B:11.2,B:11.9,E:10.7,E:11.10",14,18
pb_group_interaction,159,0.32848261351275265,0.40877840260551335,0.7534068153563447,"intercept,P:9.9,P:9.6,P:10.0,B:9.0,B:9.7,B:10.1,B:10.2,B:10.6,B:10.10,B:11.2,B:11.9,E:10.7,E:11.10,P_B",15,18
group_interaction,159,0.31808390375202994,0.3968777688420054,0.7675557914670552,"intercept,P:9.9,P:9.6,P:10.0,B:9.0,B:9.7,B:10.1,B:10.2,B:10.6,B:10.10,B:11.2,B:11.9,E:10.7,E:11.10,P_B,P_E,B_E",17,18
additive_head,159,0.34708546118909067,0.42843909231120214,0.7397127983931608,"intercept,P:9.9,P:9.6,P:10.0,B:9.0,B:9.7,B:10.1,B:10.2,B:10.6,B:10.10,B:11.2,B:11.9,E:10.7,E:11.10",14,19
pb_group_interaction,159,0.3478897594097993,0.43161477583825736,0.7358398875185814,"intercept,P:9.9,P:9.6,P:10.0,B:9.0,B:9.7,B:10.1,B:10.2,B:10.6,B:10.10,B:11.2,B:11.9,E:10.7,E:11.10,P_B",15,19
group_interaction,159,0.3372791414112682,0.41903776270115944,0.751010543148641,"intercept,P:9.9,P:9.6,P:10.0,B:9.0,B:9.7,B:10.1,B:10.2,B:10.6,B:10.10,B:11.2,B:11.9,E:10.7,E:11.10,P_B,P_E,B_E",17,19
additive_head,159,0.34464206567640426,0.4259882419741422,0.7372520523909656,"intercept,P:9.9,P:9.6,P:10.0,B:9.0,B:9.7,B:10.1,B:10.2,B:10.6,B:10.10,B:11.2,B:11.9,E:10.7,E:11.10",14,20
pb_group_interaction,159,0.3450787827387011,0.42922441418003426,0.7332447708925081,"intercept,P:9.9,P:9.6,P:10.0,B:9.0,B:9.7,B:10.1,B:10.2,B:10.6,B:10.10,B:11.2,B:11.9,E:10.7,E:11.10,P_B",15,20
group_interaction,159,0.33266151019297635,0.4156776791282872,0.7498171603718695,"intercept,P:9.9,P:9.6,P:10.0,B:9.0,B:9.7,B:10.1,B:10.2,B:10.6,B:10.10,B:11.2,B:11.9,E:10.7,E:11.10,P_B,P_E,B_E",17,20
additive_head,159,0.32517432112886874,0.4016617547015265,0.7470304790174307,"intercept,P:9.9,P:9.6,P:10.0,B:9.0,B:9.7,B:10.1,B:10.2,B:10.6,B:10.10,B:11.2,B:11.9,E:10.7,E:11.10",14,21
pb_group_interaction,159,0.32569999570500774,0.40489794811174973,0.7429377006691813,"intercept,P:9.9,P:9.6,P:10.0,B:9.0,B:9.7,B:10.1,B:10.2,B:10.6,B:10.10,B:11.2,B:11.9,E:10.7,E:11.10,P_B",15,21
group_interaction,159,0.31486526817231225,0.39237988094245363,0.7585869748939067,"intercept,P:9.9,P:9.6,P:10.0,B:9.0,B:9.7,B:10.1,B:10.2,B:10.6,B:10.10,B:11.2,B:11.9,E:10.7,E:11.10,P_B,P_E,B_E",17,21
additive_head,159,0.354039541481986,0.4386979052722726,0.7366077254340966,"intercept,P:9.9,P:9.6,P:10.0,B:9.0,B:9.7,B:10.1,B:10.2,B:10.6,B:10.10,B:11.2,B:11.9,E:10.7,E:11.10",14,22
pb_group_interaction,159,0.35475653202870705,0.4422417955173286,0.7323350652159113,"intercept,P:9.9,P:9.6,P:10.0,B:9.0,B:9.7,B:10.1,B:10.2,B:10.6,B:10.10,B:11.2,B:11.9,E:10.7,E:11.10,P_B",15,22
group_interaction,159,0.3440418472310794,0.4285193890131928,0.7486882089236214,"intercept,P:9.9,P:9.6,P:10.0,B:9.0,B:9.7,B:10.1,B:10.2,B:10.6,B:10.10,B:11.2,B:11.9,E:10.7,E:11.10,P_B,P_E,B_E",17,22
additive_head,159,0.3362589726728997,0.41580426288369127,0.7366068482309944,"intercept,P:9.9,P:9.6,P:10.0,B:9.0,B:9.7,B:10.1,B:10.2,B:10.6,B:10.10,B:11.2,B:11.9,E:10.7,E:11.10",14,23
pb_group_interaction,159,0.336938397374974,0.4191295264764234,0.7323771954328107,"intercept,P:9.9,P:9.6,P:10.0,B:9.0,B:9.7,B:10.1,B:10.2,B:10.6,B:10.10,B:11.2,B:11.9,E:10.7,E:11.10,P_B",15,23
group_interaction,159,0.3270085428738577,0.406837114687165,0.7478449122416371,"intercept,P:9.9,P:9.6,P:10.0,B:9.0,B:9.7,B:10.1,B:10.2,B:10.6,B:10.10,B:11.2,B:11.9,E:10.7,E:11.10,P_B,P_E,B_E",17,23
additive_head,159,0.32280600861198255,0.40194934583821823,0.7498847262331165,"intercept,P:9.9,P:9.6,P:10.0,B:9.0,B:9.7,B:10.1,B:10.2,B:10.6,B:10.10,B:11.2,B:11.9,E:10.7,E:11.10",14,24
pb_group_interaction,159,0.323191057967396,0.40483047941902506,0.7462862719872858,"intercept,P:9.9,P:9.6,P:10.0,B:9.0,B:9.7,B:10.1,B:10.2,B:10.6,B:10.10,B:11.2,B:11.9,E:10.7,E:11.10,P_B",15,24
group_interaction,159,0.312347064545718,0.3913091872272886,0.7629512606170546,"intercept,P:9.9,P:9.6,P:10.0,B:9.0,B:9.7,B:10.1,B:10.2,B:10.6,B:10.10,B:11.2,B:11.9,E:10.7,E:11.10,P_B,P_E,B_E",17,24
additive_head,159,0.3540472902117719,0.4350548607281745,0.7251804619598801,"intercept,P:9.9,P:9.6,P:10.0,B:9.0,B:9.7,B:10.1,B:10.2,B:10.6,B:10.10,B:11.2,B:11.9,E:10.7,E:11.10",14,25
pb_group_interaction,159,0.35486933926392966,0.4384707483785796,0.7208479599324961,"intercept,P:9.9,P:9.6,P:10.0,B:9.0,B:9.7,B:10.1,B:10.2,B:10.6,B:10.10,B:11.2,B:11.9,E:10.7,E:11.10,P_B",15,25
group_interaction,159,0.34494886427549015,0.4267092838829774,0.7356229583938778,"intercept,P:9.9,P:9.6,P:10.0,B:9.0,B:9.7,B:10.1,B:10.2,B:10.6,B:10.10,B:11.2,B:11.9,E:10.7,E:11.10,P_B,P_E,B_E",17,25
additive_head,159,0.3361987682810338,0.41650120913408245,0.7353370913775439,"intercept,P:9.9,P:9.6,P:10.0,B:9.0,B:9.7,B:10.1,B:10.2,B:10.6,B:10.10,B:11.2,B:11.9,E:10.7,E:11.10",14,26
pb_group_interaction,159,0.3366616361402866,0.4198015714522507,0.7311260868471521,"intercept,P:9.9,P:9.6,P:10.0,B:9.0,B:9.7,B:10.1,B:10.2,B:10.6,B:10.10,B:11.2,B:11.9,E:10.7,E:11.10,P_B",15,26
group_interaction,159,0.32677098210798855,0.4070780353321051,0.7471774032689897,"intercept,P:9.9,P:9.6,P:10.0,B:9.0,B:9.7,B:10.1,B:10.2,B:10.6,B:10.10,B:11.2,B:11.9,E:10.7,E:11.10,P_B,P_E,B_E",17,26
additive_head,159,0.3406828023792084,0.4198202790012245,0.734857822284666,"intercept,P:9.9,P:9.6,P:10.0,B:9.0,B:9.7,B:10.1,B:10.2,B:10.6,B:10.10,B:11.2,B:11.9,E:10.7,E:11.10",14,27
pb_group_interaction,159,0.34100961741738,0.4229930158626185,0.7308351243251181,"intercept,P:9.9,P:9.6,P:10.0,B:9.0,B:9.7,B:10.1,B:10.2,B:10.6,B:10.10,B:11.2,B:11.9,E:10.7,E:11.10,P_B",15,27
group_interaction,159,0.33001553531888855,0.41099264380933587,0.7458909745962141,"intercept,P:9.9,P:9.6,P:10.0,B:9.0,B:9.7,B:10.1,B:10.2,B:10.6,B:10.10,B:11.2,B:11.9,E:10.7,E:11.10,P_B,P_E,B_E",17,27
additive_head,159,0.3493648696025503,0.43320790428899264,0.7324123712847257,"intercept,P:9.9,P:9.6,P:10.0,B:9.0,B:9.7,B:10.1,B:10.2,B:10.6,B:10.10,B:11.2,B:11.9,E:10.7,E:11.10",14,28
pb_group_interaction,159,0.3505570592425453,0.436791244732254,0.727967285100644,"intercept,P:9.9,P:9.6,P:10.0,B:9.0,B:9.7,B:10.1,B:10.2,B:10.6,B:10.10,B:11.2,B:11.9,E:10.7,E:11.10,P_B",15,28
group_interaction,159,0.34073336806658383,0.424005144694155,0.7436604963681677,"intercept,P:9.9,P:9.6,P:10.0,B:9.0,B:9.7,B:10.1,B:10.2,B:10.6,B:10.10,B:11.2,B:11.9,E:10.7,E:11.10,P_B,P_E,B_E",17,28
additive_head,159,0.3287184874775422,0.4048563461053543,0.734945456231747,"intercept,P:9.9,P:9.6,P:10.0,B:9.0,B:9.7,B:10.1,B:10.2,B:10.6,B:10.10,B:11.2,B:11.9,E:10.7,E:11.10",14,29
pb_group_interaction,159,0.3289636458120189,0.40777000600798885,0.7311166524504078,"intercept,P:9.9,P:9.6,P:10.0,B:9.0,B:9.7,B:10.1,B:10.2,B:10.6,B:10.10,B:11.2,B:11.9,E:10.7,E:11.10,P_B",15,29
group_interaction,159,0.31928077973168,0.3962761901320056,0.7460610560734038,"intercept,P:9.9,P:9.6,P:10.0,B:9.0,B:9.7,B:10.1,B:10.2,B:10.6,B:10.10,B:11.2,B:11.9,E:10.7,E:11.10,P_B,P_E,B_E",17,29
additive_head,159,0.33561559835204025,0.41573516548374806,0.7413106467761212,"intercept,P:9.9,P:9.6,P:10.0,B:9.0,B:9.7,B:10.1,B:10.2,B:10.6,B:10.10,B:11.2,B:11.9,E:10.7,E:11.10",14,30
pb_group_interaction,159,0.33580506250416525,0.4186278706721992,0.7376981766648797,"intercept,P:9.9,P:9.6,P:10.0,B:9.0,B:9.7,B:10.1,B:10.2,B:10.6,B:10.10,B:11.2,B:11.9,E:10.7,E:11.10,P_B",15,30
group_interaction,159,0.32524127183861756,0.40647709693113226,0.7527039426025485,"intercept,P:9.9,P:9.6,P:10.0,B:9.0,B:9.7,B:10.1,B:10.2,B:10.6,B:10.10,B:11.2,B:11.9,E:10.7,E:11.10,P_B,P_E,B_E",17,30
additive_head,159,0.3360344164375425,0.414858360911042,0.7486496554492239,"intercept,P:9.9,P:9.6,P:10.0,B:9.0,B:9.7,B:10.1,B:10.2,B:10.6,B:10.10,B:11.2,B:11.9,E:10.7,E:11.10",14,31
pb_group_interaction,159,0.3367677221625366,0.41807676045329206,0.7447346630497746,"intercept,P:9.9,P:9.6,P:10.0,B:9.0,B:9.7,B:10.1,B:10.2,B:10.6,B:10.10,B:11.2,B:11.9,E:10.7,E:11.10,P_B",15,31
group_interaction,159,0.3269492632014294,0.40608248155546894,0.7591712678141705,"intercept,P:9.9,P:9.6,P:10.0,B:9.0,B:9.7,B:10.1,B:10.2,B:10.6,B:10.10,B:11.2,B:11.9,E:10.7,E:11.10,P_B,P_E,B_E",17,31
additive_head,159,0.3378951853344526,0.41696711517223695,0.7336747338182735,"intercept,P:9.9,P:9.6,P:10.0,B:9.0,B:9.7,B:10.1,B:10.2,B:10.6,B:10.10,B:11.2,B:11.9,E:10.7,E:11.10",14,32
pb_group_interaction,159,0.3382828554435857,0.4199422640062759,0.7298606003052748,"intercept,P:9.9,P:9.6,P:10.0,B:9.0,B:9.7,B:10.1,B:10.2,B:10.6,B:10.10,B:11.2,B:11.9,E:10.7,E:11.10,P_B",15,32
group_interaction,159,0.3290841620393436,0.40849364177413156,0.7443891043560065,"intercept,P:9.9,P:9.6,P:10.0,B:9.0,B:9.7,B:10.1,B:10.2,B:10.6,B:10.10,B:11.2,B:11.9,E:10.7,E:11.10,P_B,P_E,B_E",17,32
additive_head,159,0.32606567102853456,0.40451889511989814,0.7584033367224124,"intercept,P:9.9,P:9.6,P:10.0,B:9.0,B:9.7,B:10.1,B:10.2,B:10.6,B:10.10,B:11.2,B:11.9,E:10.7,E:11.10",14,33
pb_group_interaction,159,0.32617026958521245,0.4074895244690453,0.7548419239898468,"intercept,P:9.9,P:9.6,P:10.0,B:9.0,B:9.7,B:10.1,B:10.2,B:10.6,B:10.10,B:11.2,B:11.9,E:10.7,E:11.10,P_B",15,33
group_interaction,159,0.3145535297557202,0.3941145735256005,0.7706713597131004,"intercept,P:9.9,P:9.6,P:10.0,B:9.0,B:9.7,B:10.1,B:10.2,B:10.6,B:10.10,B:11.2,B:11.9,E:10.7,E:11.10,P_B,P_E,B_E",17,33
additive_head,159,0.34024065374252094,0.4193809890462333,0.7307818718352795,"intercept,P:9.9,P:9.6,P:10.0,B:9.0,B:9.7,B:10.1,B:10.2,B:10.6,B:10.10,B:11.2,B:11.9,E:10.7,E:11.10",14,34
pb_group_interaction,159,0.34069311447247935,0.4224056956770213,0.7268844974059403,"intercept,P:9.9,P:9.6,P:10.0,B:9.0,B:9.7,B:10.1,B:10.2,B:10.6,B:10.10,B:11.2,B:11.9,E:10.7,E:11.10,P_B",15,34
group_interaction,159,0.32980562450662526,0.4101301742393718,0.7425278460472686,"intercept,P:9.9,P:9.6,P:10.0,B:9.0,B:9.7,B:10.1,B:10.2,B:10.6,B:10.10,B:11.2,B:11.9,E:10.7,E:11.10,P_B,P_E,B_E",17,34
additive_head,159,0.3581703416238874,0.4421656223577412,0.7214011355744167,"intercept,P:9.9,P:9.6,P:10.0,B:9.0,B:9.7,B:10.1,B:10.2,B:10.6,B:10.10,B:11.2,B:11.9,E:10.7,E:11.10",14,35
pb_group_interaction,159,0.3587749828773996,0.4454519462506875,0.7172444646070796,"intercept,P:9.9,P:9.6,P:10.0,B:9.0,B:9.7,B:10.1,B:10.2,B:10.6,B:10.10,B:11.2,B:11.9,E:10.7,E:11.10,P_B",15,35
group_interaction,159,0.348390437792009,0.4329450413247467,0.7328993567682229,"intercept,P:9.9,P:9.6,P:10.0,B:9.0,B:9.7,B:10.1,B:10.2,B:10.6,B:10.10,B:11.2,B:11.9,E:10.7,E:11.10,P_B,P_E,B_E",17,35
additive_head,159,0.3260178465193063,0.40205351444584225,0.7457052240272617,"intercept,P:9.9,P:9.6,P:10.0,B:9.0,B:9.7,B:10.1,B:10.2,B:10.6,B:10.10,B:11.2,B:11.9,E:10.7,E:11.10",14,36
pb_group_interaction,159,0.3261985141767003,0.4048451620381907,0.7421615863572514,"intercept,P:9.9,P:9.6,P:10.0,B:9.0,B:9.7,B:10.1,B:10.2,B:10.6,B:10.10,B:11.2,B:11.9,E:10.7,E:11.10,P_B",15,36
group_interaction,159,0.3154368719759183,0.39288773731085685,0.7571675839283638,"intercept,P:9.9,P:9.6,P:10.0,B:9.0,B:9.7,B:10.1,B:10.2,B:10.6,B:10.10,B:11.2,B:11.9,E:10.7,E:11.10,P_B,P_E,B_E",17,36
additive_head,159,0.3206966115894613,0.3960662287179471,0.7475480418028754,"intercept,P:9.9,P:9.6,P:10.0,B:9.0,B:9.7,B:10.1,B:10.2,B:10.6,B:10.10,B:11.2,B:11.9,E:10.7,E:11.10",14,37
pb_group_interaction,159,0.3204994245182031,0.3985505779703949,0.7443710688801934,"intercept,P:9.9,P:9.6,P:10.0,B:9.0,B:9.7,B:10.1,B:10.2,B:10.6,B:10.10,B:11.2,B:11.9,E:10.7,E:11.10,P_B",15,37
group_interaction,159,0.3097506333821593,0.38637159301890384,0.7597554775441696,"intercept,P:9.9,P:9.6,P:10.0,B:9.0,B:9.7,B:10.1,B:10.2,B:10.6,B:10.10,B:11.2,B:11.9,E:10.7,E:11.10,P_B,P_E,B_E",17,37
additive_head,159,0.34557866108362484,0.4237539065163569,0.720355436931119,"intercept,P:9.9,P:9.6,P:10.0,B:9.0,B:9.7,B:10.1,B:10.2,B:10.6,B:10.10,B:11.2,B:11.9,E:10.7,E:11.10",14,38
pb_group_interaction,159,0.3465022511883837,0.42691607717865343,0.7161662922095435,"intercept,P:9.9,P:9.6,P:10.0,B:9.0,B:9.7,B:10.1,B:10.2,B:10.6,B:10.10,B:11.2,B:11.9,E:10.7,E:11.10,P_B",15,38
group_interaction,159,0.33565782368878405,0.4153793415838456,0.7312993373714498,"intercept,P:9.9,P:9.6,P:10.0,B:9.0,B:9.7,B:10.1,B:10.2,B:10.6,B:10.10,B:11.2,B:11.9,E:10.7,E:11.10,P_B,P_E,B_E",17,38
additive_head,159,0.34658081645972827,0.4282315463731408,0.7388946541710024,"intercept,P:9.9,P:9.6,P:10.0,B:9.0,B:9.7,B:10.1,B:10.2,B:10.6,B:10.10,B:11.2,B:11.9,E:10.7,E:11.10",14,39
pb_group_interaction,159,0.34687926855294043,0.43152881240877805,0.7348582945265567,"intercept,P:9.9,P:9.6,P:10.0,B:9.0,B:9.7,B:10.1,B:10.2,B:10.6,B:10.10,B:11.2,B:11.9,E:10.7,E:11.10,P_B",15,39
group_interaction,159,0.3360664013706525,0.418401663940495,0.7507442100460708,"intercept,P:9.9,P:9.6,P:10.0,B:9.0,B:9.7,B:10.1,B:10.2,B:10.6,B:10.10,B:11.2,B:11.9,E:10.7,E:11.10,P_B,P_E,B_E",17,39
additive_head,159,0.3239304239677499,0.4009035360576544,0.7272844628071822,"intercept,P:9.9,P:9.6,P:10.0,B:9.0,B:9.7,B:10.1,B:10.2,B:10.6,B:10.10,B:11.2,B:11.9,E:10.7,E:11.10",14,40
pb_group_interaction,159,0.32434718908254045,0.4038539506156033,0.7232556399203665,"intercept,P:9.9,P:9.6,P:10.0,B:9.0,B:9.7,B:10.1,B:10.2,B:10.6,B:10.10,B:11.2,B:11.9,E:10.7,E:11.10,P_B",15,40
group_interaction,159,0.3150241435390372,0.39214348833844853,0.7390723377432271,"intercept,P:9.9,P:9.6,P:10.0,B:9.0,B:9.7,B:10.1,B:10.2,B:10.6,B:10.10,B:11.2,B:11.9,E:10.7,E:11.10,P_B,P_E,B_E",17,40
additive_head,159,0.34309069755119886,0.42190985308587026,0.7400095209894776,"intercept,P:9.9,P:9.6,P:10.0,B:9.0,B:9.7,B:10.1,B:10.2,B:10.6,B:10.10,B:11.2,B:11.9,E:10.7,E:11.10",14,41
pb_group_interaction,159,0.34378537185043784,0.4253966355697431,0.7356944941995077,"intercept,P:9.9,P:9.6,P:10.0,B:9.0,B:9.7,B:10.1,B:10.2,B:10.6,B:10.10,B:11.2,B:11.9,E:10.7,E:11.10,P_B",15,41
group_interaction,159,0.3325335063794594,0.4129934102078884,0.7508824336320735,"intercept,P:9.9,P:9.6,P:10.0,B:9.0,B:9.7,B:10.1,B:10.2,B:10.6,B:10.10,B:11.2,B:11.9,E:10.7,E:11.10,P_B,P_E,B_E",17,41
additive_head,159,0.3272112336125637,0.4038284727742047,0.7443458609395437,"intercept,P:9.9,P:9.6,P:10.0,B:9.0,B:9.7,B:10.1,B:10.2,B:10.6,B:10.10,B:11.2,B:11.9,E:10.7,E:11.10",14,42
pb_group_interaction,159,0.327422333110485,0.40621289986887305,0.7413179004470027,"intercept,P:9.9,P:9.6,P:10.0,B:9.0,B:9.7,B:10.1,B:10.2,B:10.6,B:10.10,B:11.2,B:11.9,E:10.7,E:11.10,P_B",15,42
group_interaction,159,0.3175790967040856,0.3952478538639831,0.7550948057724279,"intercept,P:9.9,P:9.6,P:10.0,B:9.0,B:9.7,B:10.1,B:10.2,B:10.6,B:10.10,B:11.2,B:11.9,E:10.7,E:11.10,P_B,P_E,B_E",17,42
additive_head,159,0.31751254842670734,0.3919554618288767,0.7403975196155164,"intercept,P:9.9,P:9.6,P:10.0,B:9.0,B:9.7,B:10.1,B:10.2,B:10.6,B:10.10,B:11.2,B:11.9,E:10.7,E:11.10",14,43
pb_group_interaction,159,0.3177034122746805,0.39470284409532097,0.7367454367797677,"intercept,P:9.9,P:9.6,P:10.0,B:9.0,B:9.7,B:10.1,B:10.2,B:10.6,B:10.10,B:11.2,B:11.9,E:10.7,E:11.10,P_B",15,43
group_interaction,159,0.30750491649780964,0.383166807183258,0.7519089160225157,"intercept,P:9.9,P:9.6,P:10.0,B:9.0,B:9.7,B:10.1,B:10.2,B:10.6,B:10.10,B:11.2,B:11.9,E:10.7,E:11.10,P_B,P_E,B_E",17,43
additive_head,159,0.3495685425110698,0.43297831443733287,0.7317270091381833,"intercept,P:9.9,P:9.6,P:10.0,B:9.0,B:9.7,B:10.1,B:10.2,B:10.6,B:10.10,B:11.2,B:11.9,E:10.7,E:11.10",14,44
pb_group_interaction,159,0.3500232988795997,0.4360147321232312,0.7279510918372845,"intercept,P:9.9,P:9.6,P:10.0,B:9.0,B:9.7,B:10.1,B:10.2,B:10.6,B:10.10,B:11.2,B:11.9,E:10.7,E:11.10,P_B",15,44
group_interaction,159,0.33972956847138286,0.42311435796448027,0.7438111724845661,"intercept,P:9.9,P:9.6,P:10.0,B:9.0,B:9.7,B:10.1,B:10.2,B:10.6,B:10.10,B:11.2,B:11.9,E:10.7,E:11.10,P_B,P_E,B_E",17,44
additive_head,159,0.3435987144904736,0.42288278891995096,0.7317239005927223,"intercept,P:9.9,P:9.6,P:10.0,B:9.0,B:9.7,B:10.1,B:10.2,B:10.6,B:10.10,B:11.2,B:11.9,E:10.7,E:11.10",14,45
pb_group_interaction,159,0.344153417785601,0.42609621226558986,0.7276312293838267,"intercept,P:9.9,P:9.6,P:10.0,B:9.0,B:9.7,B:10.1,B:10.2,B:10.6,B:10.10,B:11.2,B:11.9,E:10.7,E:11.10,P_B",15,45
group_interaction,159,0.333906323247882,0.414484747970273,0.7422735024939358,"intercept,P:9.9,P:9.6,P:10.0,B:9.0,B:9.7,B:10.1,B:10.2,B:10.6,B:10.10,B:11.2,B:11.9,E:10.7,E:11.10,P_B,P_E,B_E",17,45
additive_head,159,0.32483906393594214,0.3995956359765001,0.7395223605091708,"intercept,P:9.9,P:9.6,P:10.0,B:9.0,B:9.7,B:10.1,B:10.2,B:10.6,B:10.10,B:11.2,B:11.9,E:10.7,E:11.10",14,46
pb_group_interaction,159,0.3252410720055917,0.4024829658946602,0.7357445313397867,"intercept,P:9.9,P:9.6,P:10.0,B:9.0,B:9.7,B:10.1,B:10.2,B:10.6,B:10.10,B:11.2,B:11.9,E:10.7,E:11.10,P_B",15,46
group_interaction,159,0.31541462962653466,0.39133379770159155,0.7501820217065349,"intercept,P:9.9,P:9.6,P:10.0,B:9.0,B:9.7,B:10.1,B:10.2,B:10.6,B:10.10,B:11.2,B:11.9,E:10.7,E:11.10,P_B,P_E,B_E",17,46
additive_head,159,0.3518775910484068,0.43217484966961955,0.7318907368463938,"intercept,P:9.9,P:9.6,P:10.0,B:9.0,B:9.7,B:10.1,B:10.2,B:10.6,B:10.10,B:11.2,B:11.9,E:10.7,E:11.10",14,47
pb_group_interaction,159,0.3530336212175271,0.4355483591231977,0.7276887374568413,"intercept,P:9.9,P:9.6,P:10.0,B:9.0,B:9.7,B:10.1,B:10.2,B:10.6,B:10.10,B:11.2,B:11.9,E:10.7,E:11.10,P_B",15,47
group_interaction,159,0.3427747855390173,0.42413097579668946,0.7417782480979547,"intercept,P:9.9,P:9.6,P:10.0,B:9.0,B:9.7,B:10.1,B:10.2,B:10.6,B:10.10,B:11.2,B:11.9,E:10.7,E:11.10,P_B,P_E,B_E",17,47
additive_head,159,0.35940610093334374,0.441941166912924,0.7412007798691984,"intercept,P:9.9,P:9.6,P:10.0,B:9.0,B:9.7,B:10.1,B:10.2,B:10.6,B:10.10,B:11.2,B:11.9,E:10.7,E:11.10",14,48
pb_group_interaction,159,0.3604417439617057,0.44539729002369666,0.7371371648636151,"intercept,P:9.9,P:9.6,P:10.0,B:9.0,B:9.7,B:10.1,B:10.2,B:10.6,B:10.10,B:11.2,B:11.9,E:10.7,E:11.10,P_B",15,48
group_interaction,159,0.348894858958689,0.4324541151974638,0.7521926887813633,"intercept,P:9.9,P:9.6,P:10.0,B:9.0,B:9.7,B:10.1,B:10.2,B:10.6,B:10.10,B:11.2,B:11.9,E:10.7,E:11.10,P_B,P_E,B_E",17,48
additive_head,159,0.34750605562532216,0.42851105096467645,0.7374661753575056,"intercept,P:9.9,P:9.6,P:10.0,B:9.0,B:9.7,B:10.1,B:10.2,B:10.6,B:10.10,B:11.2,B:11.9,E:10.7,E:11.10",14,49
pb_group_interaction,159,0.3480557448758271,0.43180629938885984,0.733412881831415,"intercept,P:9.9,P:9.6,P:10.0,B:9.0,B:9.7,B:10.1,B:10.2,B:10.6,B:10.10,B:11.2,B:11.9,E:10.7,E:11.10,P_B",15,49
group_interaction,159,0.3374566420455344,0.41949737359885275,0.7483947466111249,"intercept,P:9.9,P:9.6,P:10.0,B:9.0,B:9.7,B:10.1,B:10.2,B:10.6,B:10.10,B:11.2,B:11.9,E:10.7,E:11.10,P_B,P_E,B_E",17,49
additive_head,159,0.3353101272886083,0.41551330220612664,0.7425039537513136,"intercept,P:9.9,P:9.6,P:10.0,B:9.0,B:9.7,B:10.1,B:10.2,B:10.6,B:10.10,B:11.2,B:11.9,E:10.7,E:11.10",14,50
pb_group_interaction,159,0.33549633021106307,0.4182146713218023,0.7391449614762158,"intercept,P:9.9,P:9.6,P:10.0,B:9.0,B:9.7,B:10.1,B:10.2,B:10.6,B:10.10,B:11.2,B:11.9,E:10.7,E:11.10,P_B",15,50
group_interaction,159,0.32658401987019586,0.4067531588676559,0.7532469268998547,"intercept,P:9.9,P:9.6,P:10.0,B:9.0,B:9.7,B:10.1,B:10.2,B:10.6,B:10.10,B:11.2,B:11.9,E:10.7,E:11.10,P_B,P_E,B_E",17,50
additive_head,159,0.3361825988707473,0.41547132402086456,0.7420250399439907,"intercept,P:9.9,P:9.6,P:10.0,B:9.0,B:9.7,B:10.1,B:10.2,B:10.6,B:10.10,B:11.2,B:11.9,E:10.7,E:11.10",14,51
pb_group_interaction,159,0.3363368239146652,0.4185453704994266,0.7381934359305198,"intercept,P:9.9,P:9.6,P:10.0,B:9.0,B:9.7,B:10.1,B:10.2,B:10.6,B:10.10,B:11.2,B:11.9,E:10.7,E:11.10,P_B",15,51
group_interaction,159,0.32638466135269684,0.4063261059789437,0.7532569673822403,"intercept,P:9.9,P:9.6,P:10.0,B:9.0,B:9.7,B:10.1,B:10.2,B:10.6,B:10.10,B:11.2,B:11.9,E:10.7,E:11.10,P_B,P_E,B_E",17,51
additive_head,159,0.351106519496775,0.4324380644910587,0.7487963841288624,"intercept,P:9.9,P:9.6,P:10.0,B:9.0,B:9.7,B:10.1,B:10.2,B:10.6,B:10.10,B:11.2,B:11.9,E:10.7,E:11.10",14,52
pb_group_interaction,159,0.3514993729683271,0.435566115278102,0.7451490658023754,"intercept,P:9.9,P:9.6,P:10.0,B:9.0,B:9.7,B:10.1,B:10.2,B:10.6,B:10.10,B:11.2,B:11.9,E:10.7,E:11.10,P_B",15,52
group_interaction,159,0.340554032831777,0.4232851730844305,0.7593176911063038,"intercept,P:9.9,P:9.6,P:10.0,B:9.0,B:9.7,B:10.1,B:10.2,B:10.6,B:10.10,B:11.2,B:11.9,E:10.7,E:11.10,P_B,P_E,B_E",17,52
additive_head,159,0.33903163706428296,0.4182348119449161,0.7192129110389709,"intercept,P:9.9,P:9.6,P:10.0,B:9.0,B:9.7,B:10.1,B:10.2,B:10.6,B:10.10,B:11.2,B:11.9,E:10.7,E:11.10",14,53
pb_group_interaction,159,0.3398740815092431,0.42151624366207424,0.7147895671248559,"intercept,P:9.9,P:9.6,P:10.0,B:9.0,B:9.7,B:10.1,B:10.2,B:10.6,B:10.10,B:11.2,B:11.9,E:10.7,E:11.10,P_B",15,53
group_interaction,159,0.3302788499550398,0.4099953844439153,0.7301672171823521,"intercept,P:9.9,P:9.6,P:10.0,B:9.0,B:9.7,B:10.1,B:10.2,B:10.6,B:10.10,B:11.2,B:11.9,E:10.7,E:11.10,P_B,P_E,B_E",17,53
additive_head,159,0.33874787956683117,0.4168805555215112,0.725833475793159,"intercept,P:9.9,P:9.6,P:10.0,B:9.0,B:9.7,B:10.1,B:10.2,B:10.6,B:10.10,B:11.2,B:11.9,E:10.7,E:11.10",14,54
pb_group_interaction,159,0.33944415393522415,0.41980723012511795,0.7219704374712378,"intercept,P:9.9,P:9.6,P:10.0,B:9.0,B:9.7,B:10.1,B:10.2,B:10.6,B:10.10,B:11.2,B:11.9,E:10.7,E:11.10,P_B",15,54
group_interaction,159,0.32850259763632506,0.40786407882992115,0.7375648128164447,"intercept,P:9.9,P:9.6,P:10.0,B:9.0,B:9.7,B:10.1,B:10.2,B:10.6,B:10.10,B:11.2,B:11.9,E:10.7,E:11.10,P_B,P_E,B_E",17,54
additive_head,159,0.33539994217849295,0.41395270271841594,0.7381702873429645,"intercept,P:9.9,P:9.6,P:10.0,B:9.0,B:9.7,B:10.1,B:10.2,B:10.6,B:10.10,B:11.2,B:11.9,E:10.7,E:11.10",14,55
pb_group_interaction,159,0.33576198969431353,0.41687386153363176,0.7344619176161044,"intercept,P:9.9,P:9.6,P:10.0,B:9.0,B:9.7,B:10.1,B:10.2,B:10.6,B:10.10,B:11.2,B:11.9,E:10.7,E:11.10,P_B",15,55
group_interaction,159,0.3246083978844983,0.40437191275167406,0.7501499453146013,"intercept,P:9.9,P:9.6,P:10.0,B:9.0,B:9.7,B:10.1,B:10.2,B:10.6,B:10.10,B:11.2,B:11.9,E:10.7,E:11.10,P_B,P_E,B_E",17,55
additive_head,159,0.33748401308088055,0.4164639846522371,0.7374732350049052,"intercept,P:9.9,P:9.6,P:10.0,B:9.0,B:9.7,B:10.1,B:10.2,B:10.6,B:10.10,B:11.2,B:11.9,E:10.7,E:11.10",14,56
pb_group_interaction,159,0.33844445694547115,0.41937651376466106,0.7337884481456733,"intercept,P:9.9,P:9.6,P:10.0,B:9.0,B:9.7,B:10.1,B:10.2,B:10.6,B:10.10,B:11.2,B:11.9,E:10.7,E:11.10,P_B",15,56
group_interaction,159,0.3280188590315278,0.40766384379978476,0.748450720944795,"intercept,P:9.9,P:9.6,P:10.0,B:9.0,B:9.7,B:10.1,B:10.2,B:10.6,B:10.10,B:11.2,B:11.9,E:10.7,E:11.10,P_B,P_E,B_E",17,56
additive_head,159,0.3502777605500744,0.4322821308956114,0.7334841161324094,"intercept,P:9.9,P:9.6,P:10.0,B:9.0,B:9.7,B:10.1,B:10.2,B:10.6,B:10.10,B:11.2,B:11.9,E:10.7,E:11.10",14,57
pb_group_interaction,159,0.35060693719597924,0.4354374314292984,0.7295792275251106,"intercept,P:9.9,P:9.6,P:10.0,B:9.0,B:9.7,B:10.1,B:10.2,B:10.6,B:10.10,B:11.2,B:11.9,E:10.7,E:11.10,P_B",15,57
group_interaction,159,0.3398277202349272,0.4229924272821007,0.744815838915009,"intercept,P:9.9,P:9.6,P:10.0,B:9.0,B:9.7,B:10.1,B:10.2,B:10.6,B:10.10,B:11.2,B:11.9,E:10.7,E:11.10,P_B,P_E,B_E",17,57
additive_head,159,0.3436759705530145,0.4243626646673518,0.7419044887397993,"intercept,P:9.9,P:9.6,P:10.0,B:9.0,B:9.7,B:10.1,B:10.2,B:10.6,B:10.10,B:11.2,B:11.9,E:10.7,E:11.10",14,58
pb_group_interaction,159,0.3443661835071391,0.4274661706977699,0.7381156070284262,"intercept,P:9.9,P:9.6,P:10.0,B:9.0,B:9.7,B:10.1,B:10.2,B:10.6,B:10.10,B:11.2,B:11.9,E:10.7,E:11.10,P_B",15,58
group_interaction,159,0.3344045703909348,0.41515601952763465,0.7529818899629126,"intercept,P:9.9,P:9.6,P:10.0,B:9.0,B:9.7,B:10.1,B:10.2,B:10.6,B:10.10,B:11.2,B:11.9,E:10.7,E:11.10,P_B,P_E,B_E",17,58
additive_head,159,0.3344334574417394,0.4159666370282673,0.7387785464291156,"intercept,P:9.9,P:9.6,P:10.0,B:9.0,B:9.7,B:10.1,B:10.2,B:10.6,B:10.10,B:11.2,B:11.9,E:10.7,E:11.10",14,59
pb_group_interaction,159,0.33510712913530105,0.41843826098269354,0.7356650305565793,"intercept,P:9.9,P:9.6,P:10.0,B:9.0,B:9.7,B:10.1,B:10.2,B:10.6,B:10.10,B:11.2,B:11.9,E:10.7,E:11.10,P_B",15,59
group_interaction,159,0.3241759326720353,0.4051345524232484,0.7522062136134248,"intercept,P:9.9,P:9.6,P:10.0,B:9.0,B:9.7,B:10.1,B:10.2,B:10.6,B:10.10,B:11.2,B:11.9,E:10.7,E:11.10,P_B,P_E,B_E",17,59
additive_head,159,0.34052863791424276,0.42048684019471333,0.7351470674892138,"intercept,P:9.9,P:9.6,P:10.0,B:9.0,B:9.7,B:10.1,B:10.2,B:10.6,B:10.10,B:11.2,B:11.9,E:10.7,E:11.10",14,60
pb_group_interaction,159,0.3409642125185356,0.42357240166355814,0.7312457876703538,"intercept,P:9.9,P:9.6,P:10.0,B:9.0,B:9.7,B:10.1,B:10.2,B:10.6,B:10.10,B:11.2,B:11.9,E:10.7,E:11.10,P_B",15,60
group_interaction,159,0.3303944269613578,0.4115304537875673,0.7463096618904073,"intercept,P:9.9,P:9.6,P:10.0,B:9.0,B:9.7,B:10.1,B:10.2,B:10.6,B:10.10,B:11.2,B:11.9,E:10.7,E:11.10,P_B,P_E,B_E",17,60
additive_head,159,0.3374077433051798,0.41640616717027307,0.7394009049263923,"intercept,P:9.9,P:9.6,P:10.0,B:9.0,B:9.7,B:10.1,B:10.2,B:10.6,B:10.10,B:11.2,B:11.9,E:10.7,E:11.10",14,61
pb_group_interaction,159,0.3380029110399084,0.41942684957081144,0.7356063295425465,"intercept,P:9.9,P:9.6,P:10.0,B:9.0,B:9.7,B:10.1,B:10.2,B:10.6,B:10.10,B:11.2,B:11.9,E:10.7,E:11.10,P_B",15,61
group_interaction,159,0.3277185596028951,0.4072228156918978,0.7507685740606684,"intercept,P:9.9,P:9.6,P:10.0,B:9.0,B:9.7,B:10.1,B:10.2,B:10.6,B:10.10,B:11.2,B:11.9,E:10.7,E:11.10,P_B,P_E,B_E",17,61
additive_head,159,0.33877224032077086,0.4190469364743684,0.7416032723687768,"intercept,P:9.9,P:9.6,P:10.0,B:9.0,B:9.7,B:10.1,B:10.2,B:10.6,B:10.10,B:11.2,B:11.9,E:10.7,E:11.10",14,62
pb_group_interaction,159,0.33894597357137385,0.42195398927849,0.7380056873697524,"intercept,P:9.9,P:9.6,P:10.0,B:9.0,B:9.7,B:10.1,B:10.2,B:10.6,B:10.10,B:11.2,B:11.9,E:10.7,E:11.10,P_B",15,62
group_interaction,159,0.328173818491115,0.40948539738034334,0.7532605982152618,"intercept,P:9.9,P:9.6,P:10.0,B:9.0,B:9.7,B:10.1,B:10.2,B:10.6,B:10.10,B:11.2,B:11.9,E:10.7,E:11.10,P_B,P_E,B_E",17,62
additive_head,159,0.34304438835618717,0.42512307203243027,0.7343478828431602,"intercept,P:9.9,P:9.6,P:10.0,B:9.0,B:9.7,B:10.1,B:10.2,B:10.6,B:10.10,B:11.2,B:11.9,E:10.7,E:11.10",14,63
pb_group_interaction,159,0.34315702304945794,0.4280393209700231,0.7306907542790899,"intercept,P:9.9,P:9.6,P:10.0,B:9.0,B:9.7,B:10.1,B:10.2,B:10.6,B:10.10,B:11.2,B:11.9,E:10.7,E:11.10,P_B",15,63
group_interaction,159,0.3328095092084679,0.41541944016852594,0.7463367438790596,"intercept,P:9.9,P:9.6,P:10.0,B:9.0,B:9.7,B:10.1,B:10.2,B:10.6,B:10.10,B:11.2,B:11.9,E:10.7,E:11.10,P_B,P_E,B_E",17,63
additive_head,159,0.33343334340420583,0.41098839807099613,0.7388049423348163,"intercept,P:9.9,P:9.6,P:10.0,B:9.0,B:9.7,B:10.1,B:10.2,B:10.6,B:10.10,B:11.2,B:11.9,E:10.7,E:11.10",14,64
pb_group_interaction,159,0.33381982322064807,0.4141347902241437,0.7347903867722971,"intercept,P:9.9,P:9.6,P:10.0,B:9.0,B:9.7,B:10.1,B:10.2,B:10.6,B:10.10,B:11.2,B:11.9,E:10.7,E:11.10,P_B",15,64
group_interaction,159,0.32355583230652907,0.40201659667640655,0.7500841526698566,"intercept,P:9.9,P:9.6,P:10.0,B:9.0,B:9.7,B:10.1,B:10.2,B:10.6,B:10.10,B:11.2,B:11.9,E:10.7,E:11.10,P_B,P_E,B_E",17,64
additive_head,159,0.34668793547827687,0.4281435741593629,0.7322047304729236,"intercept,P:9.9,P:9.6,P:10.0,B:9.0,B:9.7,B:10.1,B:10.2,B:10.6,B:10.10,B:11.2,B:11.9,E:10.7,E:11.10",14,65
pb_group_interaction,159,0.34696791734706106,0.43151888305567093,0.7279657098876787,"intercept,P:9.9,P:9.6,P:10.0,B:9.0,B:9.7,B:10.1,B:10.2,B:10.6,B:10.10,B:11.2,B:11.9,E:10.7,E:11.10,P_B",15,65
group_interaction,159,0.3356050064544801,0.41813076365382396,0.7445838914198123,"intercept,P:9.9,P:9.6,P:10.0,B:9.0,B:9.7,B:10.1,B:10.2,B:10.6,B:10.10,B:11.2,B:11.9,E:10.7,E:11.10,P_B,P_E,B_E",17,65
additive_head,159,0.3228848257032179,0.4010021543552335,0.7458392961131628,"intercept,P:9.9,P:9.6,P:10.0,B:9.0,B:9.7,B:10.1,B:10.2,B:10.6,B:10.10,B:11.2,B:11.9,E:10.7,E:11.10",14,66
pb_group_interaction,159,0.32292085551747457,0.4035751533595097,0.7425672275855681,"intercept,P:9.9,P:9.6,P:10.0,B:9.0,B:9.7,B:10.1,B:10.2,B:10.6,B:10.10,B:11.2,B:11.9,E:10.7,E:11.10,P_B",15,66
group_interaction,159,0.31355025548267074,0.39212038354477396,0.756973389160817,"intercept,P:9.9,P:9.6,P:10.0,B:9.0,B:9.7,B:10.1,B:10.2,B:10.6,B:10.10,B:11.2,B:11.9,E:10.7,E:11.10,P_B,P_E,B_E",17,66
additive_head,159,0.3636942697019235,0.4523159012421054,0.7357331549941807,"intercept,P:9.9,P:9.6,P:10.0,B:9.0,B:9.7,B:10.1,B:10.2,B:10.6,B:10.10,B:11.2,B:11.9,E:10.7,E:11.10",14,67
pb_group_interaction,159,0.3641529215195346,0.4557584159994484,0.7316952492980833,"intercept,P:9.9,P:9.6,P:10.0,B:9.0,B:9.7,B:10.1,B:10.2,B:10.6,B:10.10,B:11.2,B:11.9,E:10.7,E:11.10,P_B",15,67
group_interaction,159,0.3545417349240959,0.4421448093141061,0.7474845064926876,"intercept,P:9.9,P:9.6,P:10.0,B:9.0,B:9.7,B:10.1,B:10.2,B:10.6,B:10.10,B:11.2,B:11.9,E:10.7,E:11.10,P_B,P_E,B_E",17,67
additive_head,159,0.3234423778916447,0.39826120373221013,0.726733127108665,"intercept,P:9.9,P:9.6,P:10.0,B:9.0,B:9.7,B:10.1,B:10.2,B:10.6,B:10.10,B:11.2,B:11.9,E:10.7,E:11.10",14,68
pb_group_interaction,159,0.3240173797232917,0.4010484141238004,0.7228948548762881,"intercept,P:9.9,P:9.6,P:10.0,B:9.0,B:9.7,B:10.1,B:10.2,B:10.6,B:10.10,B:11.2,B:11.9,E:10.7,E:11.10,P_B",15,68
group_interaction,159,0.31375911326550876,0.39025149284241517,0.7376143201253892,"intercept,P:9.9,P:9.6,P:10.0,B:9.0,B:9.7,B:10.1,B:10.2,B:10.6,B:10.10,B:11.2,B:11.9,E:10.7,E:11.10,P_B,P_E,B_E",17,68
additive_head,159,0.3324157590794668,0.41094858204979423,0.7432689102210396,"intercept,P:9.9,P:9.6,P:10.0,B:9.0,B:9.7,B:10.1,B:10.2,B:10.6,B:10.10,B:11.2,B:11.9,E:10.7,E:11.10",14,69
pb_group_interaction,159,0.33277533076810295,0.41410471834193463,0.7393103136254122,"intercept,P:9.9,P:9.6,P:10.0,B:9.0,B:9.7,B:10.1,B:10.2,B:10.6,B:10.10,B:11.2,B:11.9,E:10.7,E:11.10,P_B",15,69
group_interaction,159,0.32125997380905214,0.4010215033163884,0.7555225465620161,"intercept,P:9.9,P:9.6,P:10.0,B:9.0,B:9.7,B:10.1,B:10.2,B:10.6,B:10.10,B:11.2,B:11.9,E:10.7,E:11.10,P_B,P_E,B_E",17,69
additive_head,159,0.3142156059281933,0.3883234971665594,0.7497402556244239,"intercept,P:9.9,P:9.6,P:10.0,B:9.0,B:9.7,B:10.1,B:10.2,B:10.6,B:10.10,B:11.2,B:11.9,E:10.7,E:11.10",14,70
pb_group_interaction,159,0.3145258208646965,0.39119751850807727,0.7460221521399353,"intercept,P:9.9,P:9.6,P:10.0,B:9.0,B:9.7,B:10.1,B:10.2,B:10.6,B:10.10,B:11.2,B:11.9,E:10.7,E:11.10,P_B",15,70
group_interaction,159,0.3034295865331203,0.3787894710371936,0.7618780372234755,"intercept,P:9.9,P:9.6,P:10.0,B:9.0,B:9.7,B:10.1,B:10.2,B:10.6,B:10.10,B:11.2,B:11.9,E:10.7,E:11.10,P_B,P_E,B_E",17,70
additive_head,159,0.3362525812562745,0.4146147719411789,0.7340221686556848,"intercept,P:9.9,P:9.6,P:10.0,B:9.0,B:9.7,B:10.1,B:10.2,B:10.6,B:10.10,B:11.2,B:11.9,E:10.7,E:11.10",14,71
pb_group_interaction,159,0.3368166263121905,0.4175744884390194,0.7302112636914102,"intercept,P:9.9,P:9.6,P:10.0,B:9.0,B:9.7,B:10.1,B:10.2,B:10.6,B:10.10,B:11.2,B:11.9,E:10.7,E:11.10,P_B",15,71
group_interaction,159,0.3264755778820949,0.4055737289840042,0.745495462257196,"intercept,P:9.9,P:9.6,P:10.0,B:9.0,B:9.7,B:10.1,B:10.2,B:10.6,B:10.10,B:11.2,B:11.9,E:10.7,E:11.10,P_B,P_E,B_E",17,71
additive_head,159,0.3367363411011727,0.4163204942861143,0.7330894983204074,"intercept,P:9.9,P:9.6,P:10.0,B:9.0,B:9.7,B:10.1,B:10.2,B:10.6,B:10.10,B:11.2,B:11.9,E:10.7,E:11.10",14,72
pb_group_interaction,159,0.3370408071156964,0.4193149785700134,0.7292360549040138,"intercept,P:9.9,P:9.6,P:10.0,B:9.0,B:9.7,B:10.1,B:10.2,B:10.6,B:10.10,B:11.2,B:11.9,E:10.7,E:11.10,P_B",15,72
group_interaction,159,0.32684819937036025,0.4074982838376359,0.7442817941576176,"intercept,P:9.9,P:9.6,P:10.0,B:9.0,B:9.7,B:10.1,B:10.2,B:10.6,B:10.10,B:11.2,B:11.9,E:10.7,E:11.10,P_B,P_E,B_E",17,72
additive_head,159,0.34707992460447273,0.4277929474676554,0.7344585044523831,"intercept,P:9.9,P:9.6,P:10.0,B:9.0,B:9.7,B:10.1,B:10.2,B:10.6,B:10.10,B:11.2,B:11.9,E:10.7,E:11.10",14,73
pb_group_interaction,159,0.3476411514299879,0.4309407002729889,0.7305363539409462,"intercept,P:9.9,P:9.6,P:10.0,B:9.0,B:9.7,B:10.1,B:10.2,B:10.6,B:10.10,B:11.2,B:11.9,E:10.7,E:11.10,P_B",15,73
group_interaction,159,0.3372456694823476,0.4189564083985265,0.7453153143306057,"intercept,P:9.9,P:9.6,P:10.0,B:9.0,B:9.7,B:10.1,B:10.2,B:10.6,B:10.10,B:11.2,B:11.9,E:10.7,E:11.10,P_B,P_E,B_E",17,73
additive_head,159,0.3310275324527641,0.41034356712167847,0.7437601082327763,"intercept,P:9.9,P:9.6,P:10.0,B:9.0,B:9.7,B:10.1,B:10.2,B:10.6,B:10.10,B:11.2,B:11.9,E:10.7,E:11.10",14,74
pb_group_interaction,159,0.3312922122836181,0.4131400554443364,0.7402556615267907,"intercept,P:9.9,P:9.6,P:10.0,B:9.0,B:9.7,B:10.1,B:10.2,B:10.6,B:10.10,B:11.2,B:11.9,E:10.7,E:11.10,P_B",15,74
group_interaction,159,0.32080543794525296,0.40089867215509245,0.7554201248969142,"intercept,P:9.9,P:9.6,P:10.0,B:9.0,B:9.7,B:10.1,B:10.2,B:10.6,B:10.10,B:11.2,B:11.9,E:10.7,E:11.10,P_B,P_E,B_E",17,74
additive_head,159,0.3289491102780231,0.4081441498485087,0.7465587730103387,"intercept,P:9.9,P:9.6,P:10.0,B:9.0,B:9.7,B:10.1,B:10.2,B:10.6,B:10.10,B:11.2,B:11.9,E:10.7,E:11.10",14,75
pb_group_interaction,159,0.32911916553080084,0.4109479516489144,0.7430647146146889,"intercept,P:9.9,P:9.6,P:10.0,B:9.0,B:9.7,B:10.1,B:10.2,B:10.6,B:10.10,B:11.2,B:11.9,E:10.7,E:11.10,P_B",15,75
group_interaction,159,0.3197235795534717,0.39925336204712836,0.7574801591486873,"intercept,P:9.9,P:9.6,P:10.0,B:9.0,B:9.7,B:10.1,B:10.2,B:10.6,B:10.10,B:11.2,B:11.9,E:10.7,E:11.10,P_B,P_E,B_E",17,75
additive_head,159,0.3373634536619977,0.417643296052315,0.7348638364293599,"intercept,P:9.9,P:9.6,P:10.0,B:9.0,B:9.7,B:10.1,B:10.2,B:10.6,B:10.10,B:11.2,B:11.9,E:10.7,E:11.10",14,76
pb_group_interaction,159,0.33761949588804313,0.4208766836809195,0.7307425848532623,"intercept,P:9.9,P:9.6,P:10.0,B:9.0,B:9.7,B:10.1,B:10.2,B:10.6,B:10.10,B:11.2,B:11.9,E:10.7,E:11.10,P_B",15,76
group_interaction,159,0.32706756810592647,0.40810264290708065,0.7468390286271915,"intercept,P:9.9,P:9.6,P:10.0,B:9.0,B:9.7,B:10.1,B:10.2,B:10.6,B:10.10,B:11.2,B:11.9,E:10.7,E:11.10,P_B,P_E,B_E",17,76
additive_head,159,0.34281813346173495,0.4205215747876919,0.7256777256905325,"intercept,P:9.9,P:9.6,P:10.0,B:9.0,B:9.7,B:10.1,B:10.2,B:10.6,B:10.10,B:11.2,B:11.9,E:10.7,E:11.10",14,77
pb_group_interaction,159,0.3436102655317487,0.4234922547979532,0.7217882599974311,"intercept,P:9.9,P:9.6,P:10.0,B:9.0,B:9.7,B:10.1,B:10.2,B:10.6,B:10.10,B:11.2,B:11.9,E:10.7,E:11.10,P_B",15,77
group_interaction,159,0.33365983796992604,0.41277687302568256,0.7356890096458957,"intercept,P:9.9,P:9.6,P:10.0,B:9.0,B:9.7,B:10.1,B:10.2,B:10.6,B:10.10,B:11.2,B:11.9,E:10.7,E:11.10,P_B,P_E,B_E",17,77
additive_head,159,0.33895661455477927,0.41913987995530066,0.7329603307653616,"intercept,P:9.9,P:9.6,P:10.0,B:9.0,B:9.7,B:10.1,B:10.2,B:10.6,B:10.10,B:11.2,B:11.9,E:10.7,E:11.10",14,78
pb_group_interaction,159,0.3393442959945676,0.42235590394109507,0.7288466646858915,"intercept,P:9.9,P:9.6,P:10.0,B:9.0,B:9.7,B:10.1,B:10.2,B:10.6,B:10.10,B:11.2,B:11.9,E:10.7,E:11.10,P_B",15,78
group_interaction,159,0.3287898048175371,0.40998334763993144,0.7445003870346532,"intercept,P:9.9,P:9.6,P:10.0,B:9.0,B:9.7,B:10.1,B:10.2,B:10.6,B:10.10,B:11.2,B:11.9,E:10.7,E:11.10,P_B,P_E,B_E",17,78
additive_head,159,0.3184686400054195,0.39455519641618814,0.7532088666498964,"intercept,P:9.9,P:9.6,P:10.0,B:9.0,B:9.7,B:10.1,B:10.2,B:10.6,B:10.10,B:11.2,B:11.9,E:10.7,E:11.10",14,79
pb_group_interaction,159,0.3185419152467826,0.3971206863003879,0.7499890455736534,"intercept,P:9.9,P:9.6,P:10.0,B:9.0,B:9.7,B:10.1,B:10.2,B:10.6,B:10.10,B:11.2,B:11.9,E:10.7,E:11.10,P_B",15,79
group_interaction,159,0.30876064466770636,0.38560817436040573,0.7642745459939754,"intercept,P:9.9,P:9.6,P:10.0,B:9.0,B:9.7,B:10.1,B:10.2,B:10.6,B:10.10,B:11.2,B:11.9,E:10.7,E:11.10,P_B,P_E,B_E",17,79
additive_head,159,0.30827319775258605,0.38137308472258663,0.7584391230501233,"intercept,P:9.9,P:9.6,P:10.0,B:9.0,B:9.7,B:10.1,B:10.2,B:10.6,B:10.10,B:11.2,B:11.9,E:10.7,E:11.10",14,80
pb_group_interaction,159,0.3085066680902848,0.3842890290220928,0.7547310959443798,"intercept,P:9.9,P:9.6,P:10.0,B:9.0,B:9.7,B:10.1,B:10.2,B:10.6,B:10.10,B:11.2,B:11.9,E:10.7,E:11.10,P_B",15,80
group_interaction,159,0.29830429744490283,0.3721594810742417,0.7699698867001507,"intercept,P:9.9,P:9.6,P:10.0,B:9.0,B:9.7,B:10.1,B:10.2,B:10.6,B:10.10,B:11.2,B:11.9,E:10.7,E:11.10,P_B,P_E,B_E",17,80
additive_head,159,0.32943917858338406,0.405563803358334,0.7406329432164047,"intercept,P:9.9,P:9.6,P:10.0,B:9.0,B:9.7,B:10.1,B:10.2,B:10.6,B:10.10,B:11.2,B:11.9,E:10.7,E:11.10",14,81
pb_group_interaction,159,0.330079902332375,0.40853531636756796,0.7368183225219307,"intercept,P:9.9,P:9.6,P:10.0,B:9.0,B:9.7,B:10.1,B:10.2,B:10.6,B:10.10,B:11.2,B:11.9,E:10.7,E:11.10,P_B",15,81
group_interaction,159,0.31972823654695826,0.3971228844239978,0.7513169026227671,"intercept,P:9.9,P:9.6,P:10.0,B:9.0,B:9.7,B:10.1,B:10.2,B:10.6,B:10.10,B:11.2,B:11.9,E:10.7,E:11.10,P_B,P_E,B_E",17,81
additive_head,159,0.3567726750145258,0.4413143926375042,0.7495679185876989,"intercept,P:9.9,P:9.6,P:10.0,B:9.0,B:9.7,B:10.1,B:10.2,B:10.6,B:10.10,B:11.2,B:11.9,E:10.7,E:11.10",14,82
pb_group_interaction,159,0.3572569667698812,0.4445030281594135,0.7459359433638957,"intercept,P:9.9,P:9.6,P:10.0,B:9.0,B:9.7,B:10.1,B:10.2,B:10.6,B:10.10,B:11.2,B:11.9,E:10.7,E:11.10,P_B",15,82
group_interaction,159,0.34593871738399223,0.43086086928766687,0.7612914982357624,"intercept,P:9.9,P:9.6,P:10.0,B:9.0,B:9.7,B:10.1,B:10.2,B:10.6,B:10.10,B:11.2,B:11.9,E:10.7,E:11.10,P_B,P_E,B_E",17,82
additive_head,159,0.34784953856509077,0.432774387774398,0.7486801675476328,"intercept,P:9.9,P:9.6,P:10.0,B:9.0,B:9.7,B:10.1,B:10.2,B:10.6,B:10.10,B:11.2,B:11.9,E:10.7,E:11.10",14,83
pb_group_interaction,159,0.3484190984269858,0.4359315129177224,0.7449999945997612,"intercept,P:9.9,P:9.6,P:10.0,B:9.0,B:9.7,B:10.1,B:10.2,B:10.6,B:10.10,B:11.2,B:11.9,E:10.7,E:11.10,P_B",15,83
group_interaction,159,0.3382030867977884,0.4226610217792898,0.7602889482668591,"intercept,P:9.9,P:9.6,P:10.0,B:9.0,B:9.7,B:10.1,B:10.2,B:10.6,B:10.10,B:11.2,B:11.9,E:10.7,E:11.10,P_B,P_E,B_E",17,83
additive_head,159,0.32914217945947144,0.40648088566325336,0.73171875237859,"intercept,P:9.9,P:9.6,P:10.0,B:9.0,B:9.7,B:10.1,B:10.2,B:10.6,B:10.10,B:11.2,B:11.9,E:10.7,E:11.10",14,84
pb_group_interaction,159,0.3293647251378561,0.4089964163173693,0.728387929398038,"intercept,P:9.9,P:9.6,P:10.0,B:9.0,B:9.7,B:10.1,B:10.2,B:10.6,B:10.10,B:11.2,B:11.9,E:10.7,E:11.10,P_B",15,84
group_interaction,159,0.31965448489757525,0.3975775479536368,0.7433426163583969,"intercept,P:9.9,P:9.6,P:10.0,B:9.0,B:9.7,B:10.1,B:10.2,B:10.6,B:10.10,B:11.2,B:11.9,E:10.7,E:11.10,P_B,P_E,B_E",17,84
additive_head,159,0.3370353030866783,0.4162026648310754,0.739320688874673,"intercept,P:9.9,P:9.6,P:10.0,B:9.0,B:9.7,B:10.1,B:10.2,B:10.6,B:10.10,B:11.2,B:11.9,E:10.7,E:11.10",14,85
pb_group_interaction,159,0.33725610687628677,0.4193169721727106,0.7354049386405084,"intercept,P:9.9,P:9.6,P:10.0,B:9.0,B:9.7,B:10.1,B:10.2,B:10.6,B:10.10,B:11.2,B:11.9,E:10.7,E:11.10,P_B",15,85
group_interaction,159,0.3264305008602871,0.4063458544468451,0.7515216706536132,"intercept,P:9.9,P:9.6,P:10.0,B:9.0,B:9.7,B:10.1,B:10.2,B:10.6,B:10.10,B:11.2,B:11.9,E:10.7,E:11.10,P_B,P_E,B_E",17,85
additive_head,159,0.35777778527397214,0.441607009701429,0.7300873134864836,"intercept,P:9.9,P:9.6,P:10.0,B:9.0,B:9.7,B:10.1,B:10.2,B:10.6,B:10.10,B:11.2,B:11.9,E:10.7,E:11.10",14,86
pb_group_interaction,159,0.3584964214254005,0.44528576285713106,0.7255716336313272,"intercept,P:9.9,P:9.6,P:10.0,B:9.0,B:9.7,B:10.1,B:10.2,B:10.6,B:10.10,B:11.2,B:11.9,E:10.7,E:11.10,P_B",15,86
group_interaction,159,0.34761956765322216,0.43210875516083236,0.7415732221106037,"intercept,P:9.9,P:9.6,P:10.0,B:9.0,B:9.7,B:10.1,B:10.2,B:10.6,B:10.10,B:11.2,B:11.9,E:10.7,E:11.10,P_B,P_E,B_E",17,86
additive_head,159,0.31843303347789176,0.3951097156350381,0.7557272490322835,"intercept,P:9.9,P:9.6,P:10.0,B:9.0,B:9.7,B:10.1,B:10.2,B:10.6,B:10.10,B:11.2,B:11.9,E:10.7,E:11.10",14,87
pb_group_interaction,159,0.3188444870344594,0.39808883198672224,0.7520297422354587,"intercept,P:9.9,P:9.6,P:10.0,B:9.0,B:9.7,B:10.1,B:10.2,B:10.6,B:10.10,B:11.2,B:11.9,E:10.7,E:11.10,P_B",15,87
group_interaction,159,0.30778219379876426,0.3849609704330927,0.7681148130691162,"intercept,P:9.9,P:9.6,P:10.0,B:9.0,B:9.7,B:10.1,B:10.2,B:10.6,B:10.10,B:11.2,B:11.9,E:10.7,E:11.10,P_B,P_E,B_E",17,87
additive_head,159,0.3368114123623808,0.416828459522801,0.7504340941494636,"intercept,P:9.9,P:9.6,P:10.0,B:9.0,B:9.7,B:10.1,B:10.2,B:10.6,B:10.10,B:11.2,B:11.9,E:10.7,E:11.10",14,88
pb_group_interaction,159,0.3370732426145232,0.41971259937524946,0.7469685287009102,"intercept,P:9.9,P:9.6,P:10.0,B:9.0,B:9.7,B:10.1,B:10.2,B:10.6,B:10.10,B:11.2,B:11.9,E:10.7,E:11.10,P_B",15,88
group_interaction,159,0.3270089121801157,0.406966827550777,0.7621032280089961,"intercept,P:9.9,P:9.6,P:10.0,B:9.0,B:9.7,B:10.1,B:10.2,B:10.6,B:10.10,B:11.2,B:11.9,E:10.7,E:11.10,P_B,P_E,B_E",17,88
additive_head,159,0.327807848520004,0.405523361862146,0.7449702435783911,"intercept,P:9.9,P:9.6,P:10.0,B:9.0,B:9.7,B:10.1,B:10.2,B:10.6,B:10.10,B:11.2,B:11.9,E:10.7,E:11.10",14,89
pb_group_interaction,159,0.3282118818813126,0.40838004998499905,0.7413645003460634,"intercept,P:9.9,P:9.6,P:10.0,B:9.0,B:9.7,B:10.1,B:10.2,B:10.6,B:10.10,B:11.2,B:11.9,E:10.7,E:11.10,P_B",15,89
group_interaction,159,0.31917514987107054,0.39686966085180986,0.7557385679319168,"intercept,P:9.9,P:9.6,P:10.0,B:9.0,B:9.7,B:10.1,B:10.2,B:10.6,B:10.10,B:11.2,B:11.9,E:10.7,E:11.10,P_B,P_E,B_E",17,89
additive_head,159,0.3422360410110295,0.42030838455577296,0.7281856249547629,"intercept,P:9.9,P:9.6,P:10.0,B:9.0,B:9.7,B:10.1,B:10.2,B:10.6,B:10.10,B:11.2,B:11.9,E:10.7,E:11.10",14,90
pb_group_interaction,159,0.34306943730805584,0.4237879796345419,0.7236664718908059,"intercept,P:9.9,P:9.6,P:10.0,B:9.0,B:9.7,B:10.1,B:10.2,B:10.6,B:10.10,B:11.2,B:11.9,E:10.7,E:11.10,P_B",15,90
group_interaction,159,0.3330910637659072,0.41219875482172896,0.7385734662533665,"intercept,P:9.9,P:9.6,P:10.0,B:9.0,B:9.7,B:10.1,B:10.2,B:10.6,B:10.10,B:11.2,B:11.9,E:10.7,E:11.10,P_B,P_E,B_E",17,90
additive_head,159,0.33793641733033675,0.4191542996532873,0.7344569633253255,"intercept,P:9.9,P:9.6,P:10.0,B:9.0,B:9.7,B:10.1,B:10.2,B:10.6,B:10.10,B:11.2,B:11.9,E:10.7,E:11.10",14,91
pb_group_interaction,159,0.3385227736218049,0.42221507816772547,0.7305646690086778,"intercept,P:9.9,P:9.6,P:10.0,B:9.0,B:9.7,B:10.1,B:10.2,B:10.6,B:10.10,B:11.2,B:11.9,E:10.7,E:11.10,P_B",15,91
group_interaction,159,0.32917440038106566,0.4101201029517789,0.745780311693782,"intercept,P:9.9,P:9.6,P:10.0,B:9.0,B:9.7,B:10.1,B:10.2,B:10.6,B:10.10,B:11.2,B:11.9,E:10.7,E:11.10,P_B,P_E,B_E",17,91
additive_head,159,0.3443328087859261,0.42553137638983934,0.7525542857559412,"intercept,P:9.9,P:9.6,P:10.0,B:9.0,B:9.7,B:10.1,B:10.2,B:10.6,B:10.10,B:11.2,B:11.9,E:10.7,E:11.10",14,92
pb_group_interaction,159,0.34495077147232234,0.42896100322065467,0.7485495688413508,"intercept,P:9.9,P:9.6,P:10.0,B:9.0,B:9.7,B:10.1,B:10.2,B:10.6,B:10.10,B:11.2,B:11.9,E:10.7,E:11.10,P_B",15,92
group_interaction,159,0.3332612819063798,0.41551774750434745,0.7640630744078036,"intercept,P:9.9,P:9.6,P:10.0,B:9.0,B:9.7,B:10.1,B:10.2,B:10.6,B:10.10,B:11.2,B:11.9,E:10.7,E:11.10,P_B,P_E,B_E",17,92
additive_head,159,0.34062606042610755,0.42048225305340575,0.7465376420953879,"intercept,P:9.9,P:9.6,P:10.0,B:9.0,B:9.7,B:10.1,B:10.2,B:10.6,B:10.10,B:11.2,B:11.9,E:10.7,E:11.10",14,93
pb_group_interaction,159,0.34085439072394025,0.4235083155598167,0.7428763564106177,"intercept,P:9.9,P:9.6,P:10.0,B:9.0,B:9.7,B:10.1,B:10.2,B:10.6,B:10.10,B:11.2,B:11.9,E:10.7,E:11.10,P_B",15,93
group_interaction,159,0.33098087893670025,0.41134777043976567,0.7574303704796218,"intercept,P:9.9,P:9.6,P:10.0,B:9.0,B:9.7,B:10.1,B:10.2,B:10.6,B:10.10,B:11.2,B:11.9,E:10.7,E:11.10,P_B,P_E,B_E",17,93
additive_head,159,0.345515157264387,0.4287320402058479,0.745631548714833,"intercept,P:9.9,P:9.6,P:10.0,B:9.0,B:9.7,B:10.1,B:10.2,B:10.6,B:10.10,B:11.2,B:11.9,E:10.7,E:11.10",14,94
pb_group_interaction,159,0.3457338558839765,0.4318000740307139,0.7419779689747401,"intercept,P:9.9,P:9.6,P:10.0,B:9.0,B:9.7,B:10.1,B:10.2,B:10.6,B:10.10,B:11.2,B:11.9,E:10.7,E:11.10,P_B",15,94
group_interaction,159,0.3343818564757146,0.4182576213920588,0.7579087509231506,"intercept,P:9.9,P:9.6,P:10.0,B:9.0,B:9.7,B:10.1,B:10.2,B:10.6,B:10.10,B:11.2,B:11.9,E:10.7,E:11.10,P_B,P_E,B_E",17,94
additive_head,159,0.32315488826829886,0.4019901744790401,0.7490508093655516,"intercept,P:9.9,P:9.6,P:10.0,B:9.0,B:9.7,B:10.1,B:10.2,B:10.6,B:10.10,B:11.2,B:11.9,E:10.7,E:11.10",14,95
pb_group_interaction,159,0.32407518966009186,0.40495809688828527,0.7453315782919967,"intercept,P:9.9,P:9.6,P:10.0,B:9.0,B:9.7,B:10.1,B:10.2,B:10.6,B:10.10,B:11.2,B:11.9,E:10.7,E:11.10,P_B",15,95
group_interaction,159,0.3129699983636236,0.39122795871338983,0.7623079313241755,"intercept,P:9.9,P:9.6,P:10.0,B:9.0,B:9.7,B:10.1,B:10.2,B:10.6,B:10.10,B:11.2,B:11.9,E:10.7,E:11.10,P_B,P_E,B_E",17,95
additive_head,159,0.347917382647174,0.43006889557528366,0.7434798606418372,"intercept,P:9.9,P:9.6,P:10.0,B:9.0,B:9.7,B:10.1,B:10.2,B:10.6,B:10.10,B:11.2,B:11.9,E:10.7,E:11.10",14,96
pb_group_interaction,159,0.34817015663634027,0.43293530347025194,0.740049053542829,"intercept,P:9.9,P:9.6,P:10.0,B:9.0,B:9.7,B:10.1,B:10.2,B:10.6,B:10.10,B:11.2,B:11.9,E:10.7,E:11.10,P_B",15,96
group_interaction,159,0.33769856975091816,0.42082053374471845,0.7543938453493451,"intercept,P:9.9,P:9.6,P:10.0,B:9.0,B:9.7,B:10.1,B:10.2,B:10.6,B:10.10,B:11.2,B:11.9,E:10.7,E:11.10,P_B,P_E,B_E",17,96
additive_head,159,0.3312989252132497,0.4076663278162372,0.7447200471547926,"intercept,P:9.9,P:9.6,P:10.0,B:9.0,B:9.7,B:10.1,B:10.2,B:10.6,B:10.10,B:11.2,B:11.9,E:10.7,E:11.10",14,97
pb_group_interaction,159,0.33174286669765446,0.410602806365726,0.7410291662610593,"intercept,P:9.9,P:9.6,P:10.0,B:9.0,B:9.7,B:10.1,B:10.2,B:10.6,B:10.10,B:11.2,B:11.9,E:10.7,E:11.10,P_B",15,97
group_interaction,159,0.32096382148211217,0.3987253324542491,0.755794924511232,"intercept,P:9.9,P:9.6,P:10.0,B:9.0,B:9.7,B:10.1,B:10.2,B:10.6,B:10.10,B:11.2,B:11.9,E:10.7,E:11.10,P_B,P_E,B_E",17,97
additive_head,159,0.3416221261990932,0.423063954248844,0.7332558589351965,"intercept,P:9.9,P:9.6,P:10.0,B:9.0,B:9.7,B:10.1,B:10.2,B:10.6,B:10.10,B:11.2,B:11.9,E:10.7,E:11.10",14,98
pb_group_interaction,159,0.34201837606757435,0.42635063965070547,0.7290952136209767,"intercept,P:9.9,P:9.6,P:10.0,B:9.0,B:9.7,B:10.1,B:10.2,B:10.6,B:10.10,B:11.2,B:11.9,E:10.7,E:11.10,P_B",15,98
group_interaction,159,0.3323836604774013,0.4141785247924303,0.7443428199062648,"intercept,P:9.9,P:9.6,P:10.0,B:9.0,B:9.7,B:10.1,B:10.2,B:10.6,B:10.10,B:11.2,B:11.9,E:10.7,E:11.10,P_B,P_E,B_E",17,98
additive_head,159,0.35709771179346905,0.4425706988791164,0.7386265212698099,"intercept,P:9.9,P:9.6,P:10.0,B:9.0,B:9.7,B:10.1,B:10.2,B:10.6,B:10.10,B:11.2,B:11.9,E:10.7,E:11.10",14,99
pb_group_interaction,159,0.35776659303590064,0.44593108997296527,0.7346422918782858,"intercept,P:9.9,P:9.6,P:10.0,B:9.0,B:9.7,B:10.1,B:10.2,B:10.6,B:10.10,B:11.2,B:11.9,E:10.7,E:11.10,P_B",15,99
group_interaction,159,0.3468422226212892,0.4320096083545111,0.7509520245832011,"intercept,P:9.9,P:9.6,P:10.0,B:9.0,B:9.7,B:10.1,B:10.2,B:10.6,B:10.10,B:11.2,B:11.9,E:10.7,E:11.10,P_B,P_E,B_E",17,99
additive_head,159,0.32772166808513936,0.4053940244671467,0.7428579915927607,"intercept,P:9.9,P:9.6,P:10.0,B:9.0,B:9.7,B:10.1,B:10.2,B:10.6,B:10.10,B:11.2,B:11.9,E:10.7,E:11.10",14,100
pb_group_interaction,159,0.32827550512455594,0.4079706677233656,0.7395788667215553,"intercept,P:9.9,P:9.6,P:10.0,B:9.0,B:9.7,B:10.1,B:10.2,B:10.6,B:10.10,B:11.2,B:11.9,E:10.7,E:11.10,P_B",15,100
group_interaction,159,0.31766960914782033,0.3955453140080493,0.75520032689084,"intercept,P:9.9,P:9.6,P:10.0,B:9.0,B:9.7,B:10.1,B:10.2,B:10.6,B:10.10,B:11.2,B:11.9,E:10.7,E:11.10,P_B,P_E,B_E",17,100
additive_head,159,0.35077917382901325,0.43276985094319287,0.7304506814605972,"intercept,P:9.9,P:9.6,P:10.0,B:9.0,B:9.7,B:10.1,B:10.2,B:10.6,B:10.10,B:11.2,B:11.9,E:10.7,E:11.10",14,101
pb_group_interaction,159,0.35128709223857324,0.43604315964522417,0.7263577212433386,"intercept,P:9.9,P:9.6,P:10.0,B:9.0,B:9.7,B:10.1,B:10.2,B:10.6,B:10.10,B:11.2,B:11.9,E:10.7,E:11.10,P_B",15,101
group_interaction,159,0.341273098614091,0.42426661012997474,0.740939051942323,"intercept,P:9.9,P:9.6,P:10.0,B:9.0,B:9.7,B:10.1,B:10.2,B:10.6,B:10.10,B:11.2,B:11.9,E:10.7,E:11.10,P_B,P_E,B_E",17,101
additive_head,159,0.330027588935691,0.40580322852052625,0.7499947703831982,"intercept,P:9.9,P:9.6,P:10.0,B:9.0,B:9.7,B:10.1,B:10.2,B:10.6,B:10.10,B:11.2,B:11.9,E:10.7,E:11.10",14,102
pb_group_interaction,159,0.33074025017421893,0.4087619666779083,0.7463358708916571,"intercept,P:9.9,P:9.6,P:10.0,B:9.0,B:9.7,B:10.1,B:10.2,B:10.6,B:10.10,B:11.2,B:11.9,E:10.7,E:11.10,P_B",15,102
group_interaction,159,0.3196880938184572,0.3967110111396621,0.7610722422366436,"intercept,P:9.9,P:9.6,P:10.0,B:9.0,B:9.7,B:10.1,B:10.2,B:10.6,B:10.10,B:11.2,B:11.9,E:10.7,E:11.10,P_B,P_E,B_E",17,102
additive_head,159,0.33950407888329137,0.4194046765288639,0.731108826389723,"intercept,P:9.9,P:9.6,P:10.0,B:9.0,B:9.7,B:10.1,B:10.2,B:10.6,B:10.10,B:11.2,B:11.9,E:10.7,E:11.10",14,103
pb_group_interaction,159,0.3398569903979406,0.42268884028700965,0.7268812142410861,"intercept,P:9.9,P:9.6,P:10.0,B:9.0,B:9.7,B:10.1,B:10.2,B:10.6,B:10.10,B:11.2,B:11.9,E:10.7,E:11.10,P_B",15,103
group_interaction,159,0.33026434447073105,0.41041912361521954,0.742507142625161,"intercept,P:9.9,P:9.6,P:10.0,B:9.0,B:9.7,B:10.1,B:10.2,B:10.6,B:10.10,B:11.2,B:11.9,E:10.7,E:11.10,P_B,P_E,B_E",17,103
additive_head,159,0.33915678366276,0.4179273121680882,0.7374136177654739,"intercept,P:9.9,P:9.6,P:10.0,B:9.0,B:9.7,B:10.1,B:10.2,B:10.6,B:10.10,B:11.2,B:11.9,E:10.7,E:11.10",14,104
pb_group_interaction,159,0.3397668537385208,0.4205443283567596,0.7341147456546568,"intercept,P:9.9,P:9.6,P:10.0,B:9.0,B:9.7,B:10.1,B:10.2,B:10.6,B:10.10,B:11.2,B:11.9,E:10.7,E:11.10,P_B",15,104
group_interaction,159,0.3299623934280131,0.4098438414693109,0.7474731745939154,"intercept,P:9.9,P:9.6,P:10.0,B:9.0,B:9.7,B:10.1,B:10.2,B:10.6,B:10.10,B:11.2,B:11.9,E:10.7,E:11.10,P_B,P_E,B_E",17,104
additive_head,159,0.3335593715943085,0.4105261070871799,0.7363600647441986,"intercept,P:9.9,P:9.6,P:10.0,B:9.0,B:9.7,B:10.1,B:10.2,B:10.6,B:10.10,B:11.2,B:11.9,E:10.7,E:11.10",14,105
pb_group_interaction,159,0.334099021214548,0.4135949735322889,0.7324036788354338,"intercept,P:9.9,P:9.6,P:10.0,B:9.0,B:9.7,B:10.1,B:10.2,B:10.6,B:10.10,B:11.2,B:11.9,E:10.7,E:11.10,P_B",15,105
group_interaction,159,0.32479419393565534,0.4023940164212287,0.7467014738916282,"intercept,P:9.9,P:9.6,P:10.0,B:9.0,B:9.7,B:10.1,B:10.2,B:10.6,B:10.10,B:11.2,B:11.9,E:10.7,E:11.10,P_B,P_E,B_E",17,105
additive_head,159,0.3344038717640375,0.41259810412184494,0.7436855942235755,"intercept,P:9.9,P:9.6,P:10.0,B:9.0,B:9.7,B:10.1,B:10.2,B:10.6,B:10.10,B:11.2,B:11.9,E:10.7,E:11.10",14,106
pb_group_interaction,159,0.33466360886199875,0.4156233996588201,0.7399130627773193,"intercept,P:9.9,P:9.6,P:10.0,B:9.0,B:9.7,B:10.1,B:10.2,B:10.6,B:10.10,B:11.2,B:11.9,E:10.7,E:11.10,P_B",15,106
group_interaction,159,0.3239817351453066,0.40352151437967954,0.7548386810573916,"intercept,P:9.9,P:9.6,P:10.0,B:9.0,B:9.7,B:10.1,B:10.2,B:10.6,B:10.10,B:11.2,B:11.9,E:10.7,E:11.10,P_B,P_E,B_E",17,106
additive_head,159,0.32487518032435514,0.4027710001845438,0.7441757681107894,"intercept,P:9.9,P:9.6,P:10.0,B:9.0,B:9.7,B:10.1,B:10.2,B:10.6,B:10.10,B:11.2,B:11.9,E:10.7,E:11.10",14,107
pb_group_interaction,159,0.32555674034442567,0.4058493166584594,0.7402503745356603,"intercept,P:9.9,P:9.6,P:10.0,B:9.0,B:9.7,B:10.1,B:10.2,B:10.6,B:10.10,B:11.2,B:11.9,E:10.7,E:11.10,P_B",15,107
group_interaction,159,0.3151236593529234,0.3929778898629992,0.7564649219349786,"intercept,P:9.9,P:9.6,P:10.0,B:9.0,B:9.7,B:10.1,B:10.2,B:10.6,B:10.10,B:11.2,B:11.9,E:10.7,E:11.10,P_B,P_E,B_E",17,107
additive_head,159,0.3587311576305436,0.43955594639616785,0.7399889889214899,"intercept,P:9.9,P:9.6,P:10.0,B:9.0,B:9.7,B:10.1,B:10.2,B:10.6,B:10.10,B:11.2,B:11.9,E:10.7,E:11.10",14,108
pb_group_interaction,159,0.35959276031010395,0.44288847871476783,0.7360314503674743,"intercept,P:9.9,P:9.6,P:10.0,B:9.0,B:9.7,B:10.1,B:10.2,B:10.6,B:10.10,B:11.2,B:11.9,E:10.7,E:11.10,P_B",15,108
group_interaction,159,0.34886713811357195,0.4311155092793847,0.7498786786383929,"intercept,P:9.9,P:9.6,P:10.0,B:9.0,B:9.7,B:10.1,B:10.2,B:10.6,B:10.10,B:11.2,B:11.9,E:10.7,E:11.10,P_B,P_E,B_E",17,108
additive_head,159,0.3467576817750071,0.4300100162968287,0.7476840500716531,"intercept,P:9.9,P:9.6,P:10.0,B:9.0,B:9.7,B:10.1,B:10.2,B:10.6,B:10.10,B:11.2,B:11.9,E:10.7,E:11.10",14,109
pb_group_interaction,159,0.3470226392834569,0.4331730308305173,0.7439584893086646,"intercept,P:9.9,P:9.6,P:10.0,B:9.0,B:9.7,B:10.1,B:10.2,B:10.6,B:10.10,B:11.2,B:11.9,E:10.7,E:11.10,P_B",15,109
group_interaction,159,0.33641639187697786,0.42013492849425793,0.7591397466939304,"intercept,P:9.9,P:9.6,P:10.0,B:9.0,B:9.7,B:10.1,B:10.2,B:10.6,B:10.10,B:11.2,B:11.9,E:10.7,E:11.10,P_B,P_E,B_E",17,109
additive_head,159,0.3386734324170245,0.4177750288983876,0.722482655101001,"intercept,P:9.9,P:9.6,P:10.0,B:9.0,B:9.7,B:10.1,B:10.2,B:10.6,B:10.10,B:11.2,B:11.9,E:10.7,E:11.10",14,110
pb_group_interaction,159,0.3394955021352216,0.42110740687254694,0.7180377700658949,"intercept,P:9.9,P:9.6,P:10.0,B:9.0,B:9.7,B:10.1,B:10.2,B:10.6,B:10.10,B:11.2,B:11.9,E:10.7,E:11.10,P_B",15,110
group_interaction,159,0.33005783273077965,0.40962804166381794,0.7332007929925596,"intercept,P:9.9,P:9.6,P:10.0,B:9.0,B:9.7,B:10.1,B:10.2,B:10.6,B:10.10,B:11.2,B:11.9,E:10.7,E:11.10,P_B,P_E,B_E",17,110
additive_head,159,0.3496426042681971,0.4333416430022405,0.7316983424355786,"intercept,P:9.9,P:9.6,P:10.0,B:9.0,B:9.7,B:10.1,B:10.2,B:10.6,B:10.10,B:11.2,B:11.9,E:10.7,E:11.10",14,111
pb_group_interaction,159,0.35002027373042105,0.4366725933122793,0.7275578021185138,"intercept,P:9.9,P:9.6,P:10.0,B:9.0,B:9.7,B:10.1,B:10.2,B:10.6,B:10.10,B:11.2,B:11.9,E:10.7,E:11.10,P_B",15,111
group_interaction,159,0.3394650656441628,0.42368799583767763,0.7435192213185831,"intercept,P:9.9,P:9.6,P:10.0,B:9.0,B:9.7,B:10.1,B:10.2,B:10.6,B:10.10,B:11.2,B:11.9,E:10.7,E:11.10,P_B,P_E,B_E",17,111
additive_head,159,0.3338637509360635,0.411101770503761,0.7358814031146301,"intercept,P:9.9,P:9.6,P:10.0,B:9.0,B:9.7,B:10.1,B:10.2,B:10.6,B:10.10,B:11.2,B:11.9,E:10.7,E:11.10",14,112
pb_group_interaction,159,0.33418849746615326,0.41399046394841027,0.732156592102081,"intercept,P:9.9,P:9.6,P:10.0,B:9.0,B:9.7,B:10.1,B:10.2,B:10.6,B:10.10,B:11.2,B:11.9,E:10.7,E:11.10,P_B",15,112
group_interaction,159,0.3237262780982338,0.4022519079073435,0.7471304635514134,"intercept,P:9.9,P:9.6,P:10.0,B:9.0,B:9.7,B:10.1,B:10.2,B:10.6,B:10.10,B:11.2,B:11.9,E:10.7,E:11.10,P_B,P_E,B_E",17,112
additive_head,159,0.3471029440867193,0.43023521688071836,0.7318933923426034,"intercept,P:9.9,P:9.6,P:10.0,B:9.0,B:9.7,B:10.1,B:10.2,B:10.6,B:10.10,B:11.2,B:11.9,E:10.7,E:11.10",14,113
pb_group_interaction,159,0.3476956917601933,0.4333121772883127,0.7280447842360307,"intercept,P:9.9,P:9.6,P:10.0,B:9.0,B:9.7,B:10.1,B:10.2,B:10.6,B:10.10,B:11.2,B:11.9,E:10.7,E:11.10,P_B",15,113
group_interaction,159,0.3373742767688124,0.42015944907483926,0.7443040353246468,"intercept,P:9.9,P:9.6,P:10.0,B:9.0,B:9.7,B:10.1,B:10.2,B:10.6,B:10.10,B:11.2,B:11.9,E:10.7,E:11.10,P_B,P_E,B_E",17,113
additive_head,159,0.3331007380047733,0.4100269872428753,0.7342041538009563,"intercept,P:9.9,P:9.6,P:10.0,B:9.0,B:9.7,B:10.1,B:10.2,B:10.6,B:10.10,B:11.2,B:11.9,E:10.7,E:11.10",14,114
pb_group_interaction,159,0.33394822106134964,0.4135633597267255,0.7295995469453012,"intercept,P:9.9,P:9.6,P:10.0,B:9.0,B:9.7,B:10.1,B:10.2,B:10.6,B:10.10,B:11.2,B:11.9,E:10.7,E:11.10,P_B",15,114
group_interaction,159,0.32426493064493417,0.4023652659868648,0.7440446143922179,"intercept,P:9.9,P:9.6,P:10.0,B:9.0,B:9.7,B:10.1,B:10.2,B:10.6,B:10.10,B:11.2,B:11.9,E:10.7,E:11.10,P_B,P_E,B_E",17,114
additive_head,159,0.35230525951933983,0.43393576136054174,0.7287749271441952,"intercept,P:9.9,P:9.6,P:10.0,B:9.0,B:9.7,B:10.1,B:10.2,B:10.6,B:10.10,B:11.2,B:11.9,E:10.7,E:11.10",14,115
pb_group_interaction,159,0.35312378290661933,0.43739850195077085,0.7244289874129732,"intercept,P:9.9,P:9.6,P:10.0,B:9.0,B:9.7,B:10.1,B:10.2,B:10.6,B:10.10,B:11.2,B:11.9,E:10.7,E:11.10,P_B",15,115
group_interaction,159,0.3434480451837927,0.42554126300820727,0.7391671384630202,"intercept,P:9.9,P:9.6,P:10.0,B:9.0,B:9.7,B:10.1,B:10.2,B:10.6,B:10.10,B:11.2,B:11.9,E:10.7,E:11.10,P_B,P_E,B_E",17,115
additive_head,159,0.34735107682222677,0.42642602342321306,0.7412783259015506,"intercept,P:9.9,P:9.6,P:10.0,B:9.0,B:9.7,B:10.1,B:10.2,B:10.6,B:10.10,B:11.2,B:11.9,E:10.7,E:11.10",14,116
pb_group_interaction,159,0.34824339740396504,0.4295539228919582,0.7374688801934197,"intercept,P:9.9,P:9.6,P:10.0,B:9.0,B:9.7,B:10.1,B:10.2,B:10.6,B:10.10,B:11.2,B:11.9,E:10.7,E:11.10,P_B",15,116
group_interaction,159,0.3371406864157509,0.4174149418036441,0.7520972217554612,"intercept,P:9.9,P:9.6,P:10.0,B:9.0,B:9.7,B:10.1,B:10.2,B:10.6,B:10.10,B:11.2,B:11.9,E:10.7,E:11.10,P_B,P_E,B_E",17,116
additive_head,159,0.34309733046512186,0.42480384095455737,0.746402313197625,"intercept,P:9.9,P:9.6,P:10.0,B:9.0,B:9.7,B:10.1,B:10.2,B:10.6,B:10.10,B:11.2,B:11.9,E:10.7,E:11.10",14,117
pb_group_interaction,159,0.34357356595961536,0.4280344901318171,0.7425304060906357,"intercept,P:9.9,P:9.6,P:10.0,B:9.0,B:9.7,B:10.1,B:10.2,B:10.6,B:10.10,B:11.2,B:11.9,E:10.7,E:11.10,P_B",15,117
group_interaction,159,0.33278577854107644,0.41461872816358947,0.7584170677349977,"intercept,P:9.9,P:9.6,P:10.0,B:9.0,B:9.7,B:10.1,B:10.2,B:10.6,B:10.10,B:11.2,B:11.9,E:10.7,E:11.10,P_B,P_E,B_E",17,117
additive_head,159,0.34977864475557796,0.4313913851578823,0.7366094979558866,"intercept,P:9.9,P:9.6,P:10.0,B:9.0,B:9.7,B:10.1,B:10.2,B:10.6,B:10.10,B:11.2,B:11.9,E:10.7,E:11.10",14,118
pb_group_interaction,159,0.35003051703824817,0.4344908812728135,0.7328110418201301,"intercept,P:9.9,P:9.6,P:10.0,B:9.0,B:9.7,B:10.1,B:10.2,B:10.6,B:10.10,B:11.2,B:11.9,E:10.7,E:11.10,P_B",15,118
group_interaction,159,0.3377386010414398,0.42088312304416653,0.7492850700548144,"intercept,P:9.9,P:9.6,P:10.0,B:9.0,B:9.7,B:10.1,B:10.2,B:10.6,B:10.10,B:11.2,B:11.9,E:10.7,E:11.10,P_B,P_E,B_E",17,118
additive_head,159,0.3440049526612953,0.42458764215647216,0.7453842707032323,"intercept,P:9.9,P:9.6,P:10.0,B:9.0,B:9.7,B:10.1,B:10.2,B:10.6,B:10.10,B:11.2,B:11.9,E:10.7,E:11.10",14,119
pb_group_interaction,159,0.34478543774090775,0.4276216873796416,0.7417323708089009,"intercept,P:9.9,P:9.6,P:10.0,B:9.0,B:9.7,B:10.1,B:10.2,B:10.6,B:10.10,B:11.2,B:11.9,E:10.7,E:11.10,P_B",15,119
group_interaction,159,0.33432398934990937,0.4153703333378168,0.7563191055133829,"intercept,P:9.9,P:9.6,P:10.0,B:9.0,B:9.7,B:10.1,B:10.2,B:10.6,B:10.10,B:11.2,B:11.9,E:10.7,E:11.10,P_B,P_E,B_E",17,119
additive_head,159,0.348783623369853,0.42799912227877257,0.7236113517088947,"intercept,P:9.9,P:9.6,P:10.0,B:9.0,B:9.7,B:10.1,B:10.2,B:10.6,B:10.10,B:11.2,B:11.9,E:10.7,E:11.10",14,120
pb_group_interaction,159,0.34987305387106493,0.4312911018191852,0.7193432825939894,"intercept,P:9.9,P:9.6,P:10.0,B:9.0,B:9.7,B:10.1,B:10.2,B:10.6,B:10.10,B:11.2,B:11.9,E:10.7,E:11.10,P_B",15,120
group_interaction,159,0.3397938934784011,0.4200140629390421,0.7338281589081639,"intercept,P:9.9,P:9.6,P:10.0,B:9.0,B:9.7,B:10.1,B:10.2,B:10.6,B:10.10,B:11.2,B:11.9,E:10.7,E:11.10,P_B,P_E,B_E",17,120
additive_head,159,0.333881804135254,0.41324011856694587,0.7416204682485679,"intercept,P:9.9,P:9.6,P:10.0,B:9.0,B:9.7,B:10.1,B:10.2,B:10.6,B:10.10,B:11.2,B:11.9,E:10.7,E:11.10",14,121
pb_group_interaction,159,0.33387772813784805,0.41639199480444106,0.7376639983830818,"intercept,P:9.9,P:9.6,P:10.0,B:9.0,B:9.7,B:10.1,B:10.2,B:10.6,B:10.10,B:11.2,B:11.9,E:10.7,E:11.10,P_B",15,121
group_interaction,159,0.3232108115215504,0.4033790331510005,0.7538046798719145,"intercept,P:9.9,P:9.6,P:10.0,B:9.0,B:9.7,B:10.1,B:10.2,B:10.6,B:10.10,B:11.2,B:11.9,E:10.7,E:11.10,P_B,P_E,B_E",17,121
additive_head,159,0.326068054355882,0.4016716165568673,0.7536718491127721,"intercept,P:9.9,P:9.6,P:10.0,B:9.0,B:9.7,B:10.1,B:10.2,B:10.6,B:10.10,B:11.2,B:11.9,E:10.7,E:11.10",14,122
pb_group_interaction,159,0.3268533755674478,0.4047527638163977,0.74987828120189,"intercept,P:9.9,P:9.6,P:10.0,B:9.0,B:9.7,B:10.1,B:10.2,B:10.6,B:10.10,B:11.2,B:11.9,E:10.7,E:11.10,P_B",15,122
group_interaction,159,0.3156977607344301,0.392608918925835,0.7646619876950876,"intercept,P:9.9,P:9.6,P:10.0,B:9.0,B:9.7,B:10.1,B:10.2,B:10.6,B:10.10,B:11.2,B:11.9,E:10.7,E:11.10,P_B,P_E,B_E",17,122
additive_head,159,0.3263552652282042,0.40282226302348434,0.7406124744024687,"intercept,P:9.9,P:9.6,P:10.0,B:9.0,B:9.7,B:10.1,B:10.2,B:10.6,B:10.10,B:11.2,B:11.9,E:10.7,E:11.10",14,123
pb_group_interaction,159,0.326467507693677,0.40548967410276504,0.7371658726893152,"intercept,P:9.9,P:9.6,P:10.0,B:9.0,B:9.7,B:10.1,B:10.2,B:10.6,B:10.10,B:11.2,B:11.9,E:10.7,E:11.10,P_B",15,123
group_interaction,159,0.3169255559418015,0.39412194743304085,0.7516961825756254,"intercept,P:9.9,P:9.6,P:10.0,B:9.0,B:9.7,B:10.1,B:10.2,B:10.6,B:10.10,B:11.2,B:11.9,E:10.7,E:11.10,P_B,P_E,B_E",17,123
additive_head,159,0.33968276013538107,0.41938470814512263,0.7308932973578821,"intercept,P:9.9,P:9.6,P:10.0,B:9.0,B:9.7,B:10.1,B:10.2,B:10.6,B:10.10,B:11.2,B:11.9,E:10.7,E:11.10",14,124
pb_group_interaction,159,0.34007103840374336,0.42221636546300617,0.7272470484795792,"intercept,P:9.9,P:9.6,P:10.0,B:9.0,B:9.7,B:10.1,B:10.2,B:10.6,B:10.10,B:11.2,B:11.9,E:10.7,E:11.10,P_B",15,124
group_interaction,159,0.3301655774213664,0.4104099150989061,0.7422877742569417,"intercept,P:9.9,P:9.6,P:10.0,B:9.0,B:9.7,B:10.1,B:10.2,B:10.6,B:10.10,B:11.2,B:11.9,E:10.7,E:11.10,P_B,P_E,B_E",17,124
additive_head,159,0.34292068326688807,0.4255341183258119,0.7382350656478155,"intercept,P:9.9,P:9.6,P:10.0,B:9.0,B:9.7,B:10.1,B:10.2,B:10.6,B:10.10,B:11.2,B:11.9,E:10.7,E:11.10",14,125
pb_group_interaction,159,0.34334628531371086,0.42891526883444103,0.7340587478246778,"intercept,P:9.9,P:9.6,P:10.0,B:9.0,B:9.7,B:10.1,B:10.2,B:10.6,B:10.10,B:11.2,B:11.9,E:10.7,E:11.10,P_B",15,125
group_interaction,159,0.33384651186498465,0.41637923413119776,0.7493770603588576,"intercept,P:9.9,P:9.6,P:10.0,B:9.0,B:9.7,B:10.1,B:10.2,B:10.6,B:10.10,B:11.2,B:11.9,E:10.7,E:11.10,P_B,P_E,B_E",17,125
additive_head,159,0.33701797237868486,0.4158250269899009,0.7333901662565678,"intercept,P:9.9,P:9.6,P:10.0,B:9.0,B:9.7,B:10.1,B:10.2,B:10.6,B:10.10,B:11.2,B:11.9,E:10.7,E:11.10",14,126
pb_group_interaction,159,0.33740578110245123,0.4188838785328584,0.7294533208422682,"intercept,P:9.9,P:9.6,P:10.0,B:9.0,B:9.7,B:10.1,B:10.2,B:10.6,B:10.10,B:11.2,B:11.9,E:10.7,E:11.10,P_B",15,126
group_interaction,159,0.32685913682544804,0.40666744567460716,0.7450037867729856,"intercept,P:9.9,P:9.6,P:10.0,B:9.0,B:9.7,B:10.1,B:10.2,B:10.6,B:10.10,B:11.2,B:11.9,E:10.7,E:11.10,P_B,P_E,B_E",17,126
additive_head,159,0.34354030611388275,0.4247447379408069,0.7405326472641262,"intercept,P:9.9,P:9.6,P:10.0,B:9.0,B:9.7,B:10.1,B:10.2,B:10.6,B:10.10,B:11.2,B:11.9,E:10.7,E:11.10",14,127
pb_group_interaction,159,0.3436386380030719,0.4276513405008862,0.7369693356676461,"intercept,P:9.9,P:9.6,P:10.0,B:9.0,B:9.7,B:10.1,B:10.2,B:10.6,B:10.10,B:11.2,B:11.9,E:10.7,E:11.10,P_B",15,127
group_interaction,159,0.3334119661669522,0.41517191998763825,0.7520965039605028,"intercept,P:9.9,P:9.6,P:10.0,B:9.0,B:9.7,B:10.1,B:10.2,B:10.6,B:10.10,B:11.2,B:11.9,E:10.7,E:11.10,P_B,P_E,B_E",17,127
additive_head,159,0.3403568458210318,0.42148029195121484,0.7415558406687428,"intercept,P:9.9,P:9.6,P:10.0,B:9.0,B:9.7,B:10.1,B:10.2,B:10.6,B:10.10,B:11.2,B:11.9,E:10.7,E:11.10",14,128
pb_group_interaction,159,0.34037810048141043,0.4240488557912139,0.7383962477976614,"intercept,P:9.9,P:9.6,P:10.0,B:9.0,B:9.7,B:10.1,B:10.2,B:10.6,B:10.10,B:11.2,B:11.9,E:10.7,E:11.10,P_B",15,128
group_interaction,159,0.3300904993567204,0.41181866942709744,0.7532687042120466,"intercept,P:9.9,P:9.6,P:10.0,B:9.0,B:9.7,B:10.1,B:10.2,B:10.6,B:10.10,B:11.2,B:11.9,E:10.7,E:11.10,P_B,P_E,B_E",17,128
additive_head,159,0.3349730870037847,0.41464376270861053,0.7382590696611899,"intercept,P:9.9,P:9.6,P:10.0,B:9.0,B:9.7,B:10.1,B:10.2,B:10.6,B:10.10,B:11.2,B:11.9,E:10.7,E:11.10",14,129
pb_group_interaction,159,0.3354784500023516,0.4173647646042616,0.7348125719869758,"intercept,P:9.9,P:9.6,P:10.0,B:9.0,B:9.7,B:10.1,B:10.2,B:10.6,B:10.10,B:11.2,B:11.9,E:10.7,E:11.10,P_B",15,129
group_interaction,159,0.32622095275690854,0.4057745081907499,0.7493366219707289,"intercept,P:9.9,P:9.6,P:10.0,B:9.0,B:9.7,B:10.1,B:10.2,B:10.6,B:10.10,B:11.2,B:11.9,E:10.7,E:11.10,P_B,P_E,B_E",17,129
additive_head,159,0.357495896212871,0.4405181870191016,0.7379618564392939,"intercept,P:9.9,P:9.6,P:10.0,B:9.0,B:9.7,B:10.1,B:10.2,B:10.6,B:10.10,B:11.2,B:11.9,E:10.7,E:11.10",14,130
pb_group_interaction,159,0.3584456597025551,0.44431561414941895,0.7334246558375755,"intercept,P:9.9,P:9.6,P:10.0,B:9.0,B:9.7,B:10.1,B:10.2,B:10.6,B:10.10,B:11.2,B:11.9,E:10.7,E:11.10,P_B",15,130
group_interaction,159,0.34899029955768174,0.4322696351967402,0.7476831310816542,"intercept,P:9.9,P:9.6,P:10.0,B:9.0,B:9.7,B:10.1,B:10.2,B:10.6,B:10.10,B:11.2,B:11.9,E:10.7,E:11.10,P_B,P_E,B_E",17,130
additive_head,159,0.33557976194391426,0.41557656910461643,0.7482722286446493,"intercept,P:9.9,P:9.6,P:10.0,B:9.0,B:9.7,B:10.1,B:10.2,B:10.6,B:10.10,B:11.2,B:11.9,E:10.7,E:11.10",14,131
pb_group_interaction,159,0.3363283271457973,0.418722320612699,0.7444468440613178,"intercept,P:9.9,P:9.6,P:10.0,B:9.0,B:9.7,B:10.1,B:10.2,B:10.6,B:10.10,B:11.2,B:11.9,E:10.7,E:11.10,P_B",15,131
group_interaction,159,0.32593318288416673,0.40592833587284116,0.7598250212862928,"intercept,P:9.9,P:9.6,P:10.0,B:9.0,B:9.7,B:10.1,B:10.2,B:10.6,B:10.10,B:11.2,B:11.9,E:10.7,E:11.10,P_B,P_E,B_E",17,131
additive_head,159,0.3235154296553603,0.40004130393088855,0.7334938034100913,"intercept,P:9.9,P:9.6,P:10.0,B:9.0,B:9.7,B:10.1,B:10.2,B:10.6,B:10.10,B:11.2,B:11.9,E:10.7,E:11.10",14,132
pb_group_interaction,159,0.3234741203788143,0.40272561660938244,0.7299052433938019,"intercept,P:9.9,P:9.6,P:10.0,B:9.0,B:9.7,B:10.1,B:10.2,B:10.6,B:10.10,B:11.2,B:11.9,E:10.7,E:11.10,P_B",15,132
group_interaction,159,0.314247551562899,0.39159606461667656,0.7446274104860331,"intercept,P:9.9,P:9.6,P:10.0,B:9.0,B:9.7,B:10.1,B:10.2,B:10.6,B:10.10,B:11.2,B:11.9,E:10.7,E:11.10,P_B,P_E,B_E",17,132
additive_head,159,0.3285574541371305,0.40440218509668896,0.7485101174156661,"intercept,P:9.9,P:9.6,P:10.0,B:9.0,B:9.7,B:10.1,B:10.2,B:10.6,B:10.10,B:11.2,B:11.9,E:10.7,E:11.10",14,133
pb_group_interaction,159,0.3290973268349825,0.40734547830961276,0.7448360416562835,"intercept,P:9.9,P:9.6,P:10.0,B:9.0,B:9.7,B:10.1,B:10.2,B:10.6,B:10.10,B:11.2,B:11.9,E:10.7,E:11.10,P_B",15,133
group_interaction,159,0.3183504933237676,0.39583658868047694,0.7590508483929213,"intercept,P:9.9,P:9.6,P:10.0,B:9.0,B:9.7,B:10.1,B:10.2,B:10.6,B:10.10,B:11.2,B:11.9,E:10.7,E:11.10,P_B,P_E,B_E",17,133
additive_head,159,0.33365995018801864,0.4134314410131209,0.7365964597599675,"intercept,P:9.9,P:9.6,P:10.0,B:9.0,B:9.7,B:10.1,B:10.2,B:10.6,B:10.10,B:11.2,B:11.9,E:10.7,E:11.10",14,134
pb_group_interaction,159,0.3334253542669679,0.41599965917892173,0.7333137927206677,"intercept,P:9.9,P:9.6,P:10.0,B:9.0,B:9.7,B:10.1,B:10.2,B:10.6,B:10.10,B:11.2,B:11.9,E:10.7,E:11.10,P_B",15,134
group_interaction,159,0.32400099349786393,0.4043398854212826,0.7480538230212557,"intercept,P:9.9,P:9.6,P:10.0,B:9.0,B:9.7,B:10.1,B:10.2,B:10.6,B:10.10,B:11.2,B:11.9,E:10.7,E:11.10,P_B,P_E,B_E",17,134
additive_head,159,0.3549351209408764,0.437778434883978,0.7350738957618503,"intercept,P:9.9,P:9.6,P:10.0,B:9.0,B:9.7,B:10.1,B:10.2,B:10.6,B:10.10,B:11.2,B:11.9,E:10.7,E:11.10",14,135
pb_group_interaction,159,0.3560760287175326,0.44162982856543265,0.7303919704599736,"intercept,P:9.9,P:9.6,P:10.0,B:9.0,B:9.7,B:10.1,B:10.2,B:10.6,B:10.10,B:11.2,B:11.9,E:10.7,E:11.10,P_B",15,135
group_interaction,159,0.344576794459565,0.42807074146106133,0.7466930448776434,"intercept,P:9.9,P:9.6,P:10.0,B:9.0,B:9.7,B:10.1,B:10.2,B:10.6,B:10.10,B:11.2,B:11.9,E:10.7,E:11.10,P_B,P_E,B_E",17,135
additive_head,159,0.3312545062564617,0.4107158261279736,0.7608730393336304,"intercept,P:9.9,P:9.6,P:10.0,B:9.0,B:9.7,B:10.1,B:10.2,B:10.6,B:10.10,B:11.2,B:11.9,E:10.7,E:11.10",14,136
pb_group_interaction,159,0.3319843457572653,0.41389683068154004,0.7571546063781078,"intercept,P:9.9,P:9.6,P:10.0,B:9.0,B:9.7,B:10.1,B:10.2,B:10.6,B:10.10,B:11.2,B:11.9,E:10.7,E:11.10,P_B",15,136
group_interaction,159,0.322332452584901,0.40122510723064475,0.7717967255157752,"intercept,P:9.9,P:9.6,P:10.0,B:9.0,B:9.7,B:10.1,B:10.2,B:10.6,B:10.10,B:11.2,B:11.9,E:10.7,E:11.10,P_B,P_E,B_E",17,136
additive_head,159,0.339583712465857,0.4220492818365507,0.7499866159656091,"intercept,P:9.9,P:9.6,P:10.0,B:9.0,B:9.7,B:10.1,B:10.2,B:10.6,B:10.10,B:11.2,B:11.9,E:10.7,E:11.10",14,137
pb_group_interaction,159,0.33991908245515423,0.42488977271085726,0.746609993657213,"intercept,P:9.9,P:9.6,P:10.0,B:9.0,B:9.7,B:10.1,B:10.2,B:10.6,B:10.10,B:11.2,B:11.9,E:10.7,E:11.10,P_B",15,137
group_interaction,159,0.3299506056162448,0.41161338996979047,0.7621977740504535,"intercept,P:9.9,P:9.6,P:10.0,B:9.0,B:9.7,B:10.1,B:10.2,B:10.6,B:10.10,B:11.2,B:11.9,E:10.7,E:11.10,P_B,P_E,B_E",17,137
additive_head,159,0.3266664725630207,0.4031405553869255,0.744006036752574,"intercept,P:9.9,P:9.6,P:10.0,B:9.0,B:9.7,B:10.1,B:10.2,B:10.6,B:10.10,B:11.2,B:11.9,E:10.7,E:11.10",14,138
pb_group_interaction,159,0.32704372820391264,0.40635608025999875,0.7399060385534821,"intercept,P:9.9,P:9.6,P:10.0,B:9.0,B:9.7,B:10.1,B:10.2,B:10.6,B:10.10,B:11.2,B:11.9,E:10.7,E:11.10,P_B",15,138
group_interaction,159,0.31657893815393906,0.3938999473914857,0.7556070970155662,"intercept,P:9.9,P:9.6,P:10.0,B:9.0,B:9.7,B:10.1,B:10.2,B:10.6,B:10.10,B:11.2,B:11.9,E:10.7,E:11.10,P_B,P_E,B_E",17,138
additive_head,159,0.33108354547976093,0.40967270868474404,0.7530171832766104,"intercept,P:9.9,P:9.6,P:10.0,B:9.0,B:9.7,B:10.1,B:10.2,B:10.6,B:10.10,B:11.2,B:11.9,E:10.7,E:11.10",14,139
pb_group_interaction,159,0.3312704809976879,0.41311289335214624,0.7488517410839782,"intercept,P:9.9,P:9.6,P:10.0,B:9.0,B:9.7,B:10.1,B:10.2,B:10.6,B:10.10,B:11.2,B:11.9,E:10.7,E:11.10,P_B",15,139
group_interaction,159,0.32074594074226875,0.40023289525323924,0.7642681667686644,"intercept,P:9.9,P:9.6,P:10.0,B:9.0,B:9.7,B:10.1,B:10.2,B:10.6,B:10.10,B:11.2,B:11.9,E:10.7,E:11.10,P_B,P_E,B_E",17,139
additive_head,159,0.33124916113318265,0.40983982418886106,0.745916009931474,"intercept,P:9.9,P:9.6,P:10.0,B:9.0,B:9.7,B:10.1,B:10.2,B:10.6,B:10.10,B:11.2,B:11.9,E:10.7,E:11.10",14,140
pb_group_interaction,159,0.3319628995168422,0.41271385205029587,0.7423399547691432,"intercept,P:9.9,P:9.6,P:10.0,B:9.0,B:9.7,B:10.1,B:10.2,B:10.6,B:10.10,B:11.2,B:11.9,E:10.7,E:11.10,P_B",15,140
group_interaction,159,0.3219294255336566,0.40054368685780317,0.7573117389737227,"intercept,P:9.9,P:9.6,P:10.0,B:9.0,B:9.7,B:10.1,B:10.2,B:10.6,B:10.10,B:11.2,B:11.9,E:10.7,E:11.10,P_B,P_E,B_E",17,140
additive_head,159,0.3399876489573074,0.4203497337350484,0.738018033714776,"intercept,P:9.9,P:9.6,P:10.0,B:9.0,B:9.7,B:10.1,B:10.2,B:10.6,B:10.10,B:11.2,B:11.9,E:10.7,E:11.10",14,141
pb_group_interaction,159,0.3403606636290799,0.42336041344353303,0.7342517964868398,"intercept,P:9.9,P:9.6,P:10.0,B:9.0,B:9.7,B:10.1,B:10.2,B:10.6,B:10.10,B:11.2,B:11.9,E:10.7,E:11.10,P_B",15,141
group_interaction,159,0.3304904084013843,0.41145544395541805,0.7489874303028949,"intercept,P:9.9,P:9.6,P:10.0,B:9.0,B:9.7,B:10.1,B:10.2,B:10.6,B:10.10,B:11.2,B:11.9,E:10.7,E:11.10,P_B,P_E,B_E",17,141
additive_head,159,0.33745049793535026,0.4177309624167731,0.7449984316447642,"intercept,P:9.9,P:9.6,P:10.0,B:9.0,B:9.7,B:10.1,B:10.2,B:10.6,B:10.10,B:11.2,B:11.9,E:10.7,E:11.10",14,142
pb_group_interaction,159,0.33809827302203455,0.42062406994194335,0.7414540370229045,"intercept,P:9.9,P:9.6,P:10.0,B:9.0,B:9.7,B:10.1,B:10.2,B:10.6,B:10.10,B:11.2,B:11.9,E:10.7,E:11.10,P_B",15,142
group_interaction,159,0.3270833118163588,0.408058822576971,0.7566703325481108,"intercept,P:9.9,P:9.6,P:10.0,B:9.0,B:9.7,B:10.1,B:10.2,B:10.6,B:10.10,B:11.2,B:11.9,E:10.7,E:11.10,P_B,P_E,B_E",17,142
additive_head,159,0.332048470939411,0.4115581493528414,0.7541526328784453,"intercept,P:9.9,P:9.6,P:10.0,B:9.0,B:9.7,B:10.1,B:10.2,B:10.6,B:10.10,B:11.2,B:11.9,E:10.7,E:11.10",14,143
pb_group_interaction,159,0.3319725121024938,0.4143791519421705,0.7507707877485735,"intercept,P:9.9,P:9.6,P:10.0,B:9.0,B:9.7,B:10.1,B:10.2,B:10.6,B:10.10,B:11.2,B:11.9,E:10.7,E:11.10,P_B",15,143
group_interaction,159,0.32220892837499415,0.40258940443802205,0.7647509752453184,"intercept,P:9.9,P:9.6,P:10.0,B:9.0,B:9.7,B:10.1,B:10.2,B:10.6,B:10.10,B:11.2,B:11.9,E:10.7,E:11.10,P_B,P_E,B_E",17,143
additive_head,159,0.34424887371673585,0.42689131545705755,0.7522262512208203,"intercept,P:9.9,P:9.6,P:10.0,B:9.0,B:9.7,B:10.1,B:10.2,B:10.6,B:10.10,B:11.2,B:11.9,E:10.7,E:11.10",14,144
pb_group_interaction,159,0.3449963398761541,0.43002688032032205,0.748573031393222,"intercept,P:9.9,P:9.6,P:10.0,B:9.0,B:9.7,B:10.1,B:10.2,B:10.6,B:10.10,B:11.2,B:11.9,E:10.7,E:11.10,P_B",15,144
group_interaction,159,0.33385535329032445,0.4165484907251773,0.7640870492651088,"intercept,P:9.9,P:9.6,P:10.0,B:9.0,B:9.7,B:10.1,B:10.2,B:10.6,B:10.10,B:11.2,B:11.9,E:10.7,E:11.10,P_B,P_E,B_E",17,144
additive_head,159,0.3465759251148136,0.4287002831894112,0.7393099182570244,"intercept,P:9.9,P:9.6,P:10.0,B:9.0,B:9.7,B:10.1,B:10.2,B:10.6,B:10.10,B:11.2,B:11.9,E:10.7,E:11.10",14,145
pb_group_interaction,159,0.3474815129745379,0.43206472011468366,0.7352020740952407,"intercept,P:9.9,P:9.6,P:10.0,B:9.0,B:9.7,B:10.1,B:10.2,B:10.6,B:10.10,B:11.2,B:11.9,E:10.7,E:11.10,P_B",15,145
group_interaction,159,0.3370365740358239,0.4189903506258061,0.7509852859252981,"intercept,P:9.9,P:9.6,P:10.0,B:9.0,B:9.7,B:10.1,B:10.2,B:10.6,B:10.10,B:11.2,B:11.9,E:10.7,E:11.10,P_B,P_E,B_E",17,145
additive_head,159,0.3314680578345341,0.41048956705756207,0.738209780795685,"intercept,P:9.9,P:9.6,P:10.0,B:9.0,B:9.7,B:10.1,B:10.2,B:10.6,B:10.10,B:11.2,B:11.9,E:10.7,E:11.10",14,146
pb_group_interaction,159,0.3319233886186817,0.41345989097823843,0.7344074179765252,"intercept,P:9.9,P:9.6,P:10.0,B:9.0,B:9.7,B:10.1,B:10.2,B:10.6,B:10.10,B:11.2,B:11.9,E:10.7,E:11.10,P_B",15,146
group_interaction,159,0.32175446724907425,0.4014312615432051,0.7496361911435911,"intercept,P:9.9,P:9.6,P:10.0,B:9.0,B:9.7,B:10.1,B:10.2,B:10.6,B:10.10,B:11.2,B:11.9,E:10.7,E:11.10,P_B,P_E,B_E",17,146
additive_head,159,0.3394688208931007,0.41633775658351957,0.7253295967744622,"intercept,P:9.9,P:9.6,P:10.0,B:9.0,B:9.7,B:10.1,B:10.2,B:10.6,B:10.10,B:11.2,B:11.9,E:10.7,E:11.10",14,147
pb_group_interaction,159,0.34041651623325064,0.4191968363636427,0.7215442037357256,"intercept,P:9.9,P:9.6,P:10.0,B:9.0,B:9.7,B:10.1,B:10.2,B:10.6,B:10.10,B:11.2,B:11.9,E:10.7,E:11.10,P_B",15,147
group_interaction,159,0.3302248523031441,0.408275178677415,0.735864834427514,"intercept,P:9.9,P:9.6,P:10.0,B:9.0,B:9.7,B:10.1,B:10.2,B:10.6,B:10.10,B:11.2,B:11.9,E:10.7,E:11.10,P_B,P_E,B_E",17,147
additive_head,159,0.33730520211454695,0.4165729920061565,0.7376647787392736,"intercept,P:9.9,P:9.6,P:10.0,B:9.0,B:9.7,B:10.1,B:10.2,B:10.6,B:10.10,B:11.2,B:11.9,E:10.7,E:11.10",14,148
pb_group_interaction,159,0.3379740350565246,0.41973987005894264,0.733660959148135,"intercept,P:9.9,P:9.6,P:10.0,B:9.0,B:9.7,B:10.1,B:10.2,B:10.6,B:10.10,B:11.2,B:11.9,E:10.7,E:11.10,P_B",15,148
group_interaction,159,0.3275083773152402,0.4073039292467371,0.7492092100507646,"intercept,P:9.9,P:9.6,P:10.0,B:9.0,B:9.7,B:10.1,B:10.2,B:10.6,B:10.10,B:11.2,B:11.9,E:10.7,E:11.10,P_B,P_E,B_E",17,148
additive_head,159,0.337294071812371,0.41638973995575396,0.7477008467851534,"intercept,P:9.9,P:9.6,P:10.0,B:9.0,B:9.7,B:10.1,B:10.2,B:10.6,B:10.10,B:11.2,B:11.9,E:10.7,E:11.10",14,149
pb_group_interaction,159,0.3376053747280625,0.4194730869039859,0.7439504850364052,"intercept,P:9.9,P:9.6,P:10.0,B:9.0,B:9.7,B:10.1,B:10.2,B:10.6,B:10.10,B:11.2,B:11.9,E:10.7,E:11.10,P_B",15,149
group_interaction,159,0.3271783191242261,0.40683727763775396,0.7591441314529043,"intercept,P:9.9,P:9.6,P:10.0,B:9.0,B:9.7,B:10.1,B:10.2,B:10.6,B:10.10,B:11.2,B:11.9,E:10.7,E:11.10,P_B,P_E,B_E",17,149
additive_head,159,0.3413683693388283,0.4215297708906983,0.7327148503105215,"intercept,P:9.9,P:9.6,P:10.0,B:9.0,B:9.7,B:10.1,B:10.2,B:10.6,B:10.10,B:11.2,B:11.9,E:10.7,E:11.10",14,150
pb_group_interaction,159,0.3418381893771151,0.42461192949835586,0.7287918674759599,"intercept,P:9.9,P:9.6,P:10.0,B:9.0,B:9.7,B:10.1,B:10.2,B:10.6,B:10.10,B:11.2,B:11.9,E:10.7,E:11.10,P_B",15,150
group_interaction,159,0.3313238625403916,0.412346520179421,0.7442338931226202,"intercept,P:9.9,P:9.6,P:10.0,B:9.0,B:9.7,B:10.1,B:10.2,B:10.6,B:10.10,B:11.2,B:11.9,E:10.7,E:11.10,P_B,P_E,B_E",17,150
additive_head,159,0.32653674834594176,0.40425460001897623,0.743471329418859,"intercept,P:9.9,P:9.6,P:10.0,B:9.0,B:9.7,B:10.1,B:10.2,B:10.6,B:10.10,B:11.2,B:11.9,E:10.7,E:11.10",14,151
pb_group_interaction,159,0.32689864510857747,0.4070784324744291,0.739874962011247,"intercept,P:9.9,P:9.6,P:10.0,B:9.0,B:9.7,B:10.1,B:10.2,B:10.6,B:10.10,B:11.2,B:11.9,E:10.7,E:11.10,P_B",15,151
group_interaction,159,0.316782190540463,0.3950167244855844,0.7550615661922457,"intercept,P:9.9,P:9.6,P:10.0,B:9.0,B:9.7,B:10.1,B:10.2,B:10.6,B:10.10,B:11.2,B:11.9,E:10.7,E:11.10,P_B,P_E,B_E",17,151
additive_head,159,0.33371507998149574,0.4114646428953097,0.7372984821983919,"intercept,P:9.9,P:9.6,P:10.0,B:9.0,B:9.7,B:10.1,B:10.2,B:10.6,B:10.10,B:11.2,B:11.9,E:10.7,E:11.10",14,152
pb_group_interaction,159,0.3340988726105737,0.4142053067672827,0.7337872480546339,"intercept,P:9.9,P:9.6,P:10.0,B:9.0,B:9.7,B:10.1,B:10.2,B:10.6,B:10.10,B:11.2,B:11.9,E:10.7,E:11.10,P_B",15,152
group_interaction,159,0.3240171093414125,0.40253889267237974,0.748572236303981,"intercept,P:9.9,P:9.6,P:10.0,B:9.0,B:9.7,B:10.1,B:10.2,B:10.6,B:10.10,B:11.2,B:11.9,E:10.7,E:11.10,P_B,P_E,B_E",17,152
additive_head,159,0.33717827271710027,0.41543797339063715,0.7480187281778926,"intercept,P:9.9,P:9.6,P:10.0,B:9.0,B:9.7,B:10.1,B:10.2,B:10.6,B:10.10,B:11.2,B:11.9,E:10.7,E:11.10",14,153
pb_group_interaction,159,0.33764355299190335,0.41828180705337625,0.744557101909678,"intercept,P:9.9,P:9.6,P:10.0,B:9.0,B:9.7,B:10.1,B:10.2,B:10.6,B:10.10,B:11.2,B:11.9,E:10.7,E:11.10,P_B",15,153
group_interaction,159,0.32817053770387317,0.4072202186895905,0.7578889856551243,"intercept,P:9.9,P:9.6,P:10.0,B:9.0,B:9.7,B:10.1,B:10.2,B:10.6,B:10.10,B:11.2,B:11.9,E:10.7,E:11.10,P_B,P_E,B_E",17,153
additive_head,159,0.33915758817022845,0.41871504759046013,0.741206286414571,"intercept,P:9.9,P:9.6,P:10.0,B:9.0,B:9.7,B:10.1,B:10.2,B:10.6,B:10.10,B:11.2,B:11.9,E:10.7,E:11.10",14,154
pb_group_interaction,159,0.33984136701152234,0.4222604373552345,0.7368051593435565,"intercept,P:9.9,P:9.6,P:10.0,B:9.0,B:9.7,B:10.1,B:10.2,B:10.6,B:10.10,B:11.2,B:11.9,E:10.7,E:11.10,P_B",15,154
group_interaction,159,0.32808090165748943,0.4089310591802033,0.7531592938964362,"intercept,P:9.9,P:9.6,P:10.0,B:9.0,B:9.7,B:10.1,B:10.2,B:10.6,B:10.10,B:11.2,B:11.9,E:10.7,E:11.10,P_B,P_E,B_E",17,154
additive_head,159,0.3496451900869229,0.4306215323041345,0.7324330158700194,"intercept,P:9.9,P:9.6,P:10.0,B:9.0,B:9.7,B:10.1,B:10.2,B:10.6,B:10.10,B:11.2,B:11.9,E:10.7,E:11.10",14,155
pb_group_interaction,159,0.3505901753818443,0.4338653326068246,0.7283867580803025,"intercept,P:9.9,P:9.6,P:10.0,B:9.0,B:9.7,B:10.1,B:10.2,B:10.6,B:10.10,B:11.2,B:11.9,E:10.7,E:11.10,P_B",15,155
group_interaction,159,0.340433441995531,0.4218572272624559,0.7432135949886342,"intercept,P:9.9,P:9.6,P:10.0,B:9.0,B:9.7,B:10.1,B:10.2,B:10.6,B:10.10,B:11.2,B:11.9,E:10.7,E:11.10,P_B,P_E,B_E",17,155
additive_head,159,0.3361626118964531,0.41494922136149176,0.7473776138411514,"intercept,P:9.9,P:9.6,P:10.0,B:9.0,B:9.7,B:10.1,B:10.2,B:10.6,B:10.10,B:11.2,B:11.9,E:10.7,E:11.10",14,156
pb_group_interaction,159,0.33644183676977224,0.4178857410654716,0.7437894373797922,"intercept,P:9.9,P:9.6,P:10.0,B:9.0,B:9.7,B:10.1,B:10.2,B:10.6,B:10.10,B:11.2,B:11.9,E:10.7,E:11.10,P_B",15,156
group_interaction,159,0.3258402118448098,0.4057370142066593,0.758469943546408,"intercept,P:9.9,P:9.6,P:10.0,B:9.0,B:9.7,B:10.1,B:10.2,B:10.6,B:10.10,B:11.2,B:11.9,E:10.7,E:11.10,P_B,P_E,B_E",17,156
additive_head,159,0.33422740882581625,0.4122036372910191,0.7455602996188112,"intercept,P:9.9,P:9.6,P:10.0,B:9.0,B:9.7,B:10.1,B:10.2,B:10.6,B:10.10,B:11.2,B:11.9,E:10.7,E:11.10",14,157
pb_group_interaction,159,0.334585653019635,0.4151606288423058,0.741896699372208,"intercept,P:9.9,P:9.6,P:10.0,B:9.0,B:9.7,B:10.1,B:10.2,B:10.6,B:10.10,B:11.2,B:11.9,E:10.7,E:11.10,P_B",15,157
group_interaction,159,0.32456660515601665,0.40290777001157785,0.7569069617128347,"intercept,P:9.9,P:9.6,P:10.0,B:9.0,B:9.7,B:10.1,B:10.2,B:10.6,B:10.10,B:11.2,B:11.9,E:10.7,E:11.10,P_B,P_E,B_E",17,157
additive_head,159,0.3505492389749412,0.4318255365165003,0.7338653542138747,"intercept,P:9.9,P:9.6,P:10.0,B:9.0,B:9.7,B:10.1,B:10.2,B:10.6,B:10.10,B:11.2,B:11.9,E:10.7,E:11.10",14,158
pb_group_interaction,159,0.3513799925837879,0.4351739722421082,0.729722061740353,"intercept,P:9.9,P:9.6,P:10.0,B:9.0,B:9.7,B:10.1,B:10.2,B:10.6,B:10.10,B:11.2,B:11.9,E:10.7,E:11.10,P_B",15,158
group_interaction,159,0.3409099255296223,0.42248877346805447,0.745249456546162,"intercept,P:9.9,P:9.6,P:10.0,B:9.0,B:9.7,B:10.1,B:10.2,B:10.6,B:10.10,B:11.2,B:11.9,E:10.7,E:11.10,P_B,P_E,B_E",17,158
additive_head,159,0.3285674998145567,0.4057950183746796,0.7334324759436519,"intercept,P:9.9,P:9.6,P:10.0,B:9.0,B:9.7,B:10.1,B:10.2,B:10.6,B:10.10,B:11.2,B:11.9,E:10.7,E:11.10",14,159
pb_group_interaction,159,0.3287246406825246,0.40848058606774873,0.7298924915853171,"intercept,P:9.9,P:9.6,P:10.0,B:9.0,B:9.7,B:10.1,B:10.2,B:10.6,B:10.10,B:11.2,B:11.9,E:10.7,E:11.10,P_B",15,159
group_interaction,159,0.31834693686705245,0.3969477574787614,0.7449293309939207,"intercept,P:9.9,P:9.6,P:10.0,B:9.0,B:9.7,B:10.1,B:10.2,B:10.6,B:10.10,B:11.2,B:11.9,E:10.7,E:11.10,P_B,P_E,B_E",17,159
additive_head,159,0.32331663771476116,0.3997596198360752,0.7411750348863214,"intercept,P:9.9,P:9.6,P:10.0,B:9.0,B:9.7,B:10.1,B:10.2,B:10.6,B:10.10,B:11.2,B:11.9,E:10.7,E:11.10",14,160
pb_group_interaction,159,0.3237617129757308,0.4025975929397414,0.7374870905831574,"intercept,P:9.9,P:9.6,P:10.0,B:9.0,B:9.7,B:10.1,B:10.2,B:10.6,B:10.10,B:11.2,B:11.9,E:10.7,E:11.10,P_B",15,160
group_interaction,159,0.3139695457917027,0.39100363630943996,0.7523890137747857,"intercept,P:9.9,P:9.6,P:10.0,B:9.0,B:9.7,B:10.1,B:10.2,B:10.6,B:10.10,B:11.2,B:11.9,E:10.7,E:11.10,P_B,P_E,B_E",17,160
additive_head,159,0.35102996561072214,0.4346153480564927,0.7351245225361046,"intercept,P:9.9,P:9.6,P:10.0,B:9.0,B:9.7,B:10.1,B:10.2,B:10.6,B:10.10,B:11.2,B:11.9,E:10.7,E:11.10",14,161
pb_group_interaction,159,0.3519272559499578,0.43802083337790415,0.7309573271541208,"intercept,P:9.9,P:9.6,P:10.0,B:9.0,B:9.7,B:10.1,B:10.2,B:10.6,B:10.10,B:11.2,B:11.9,E:10.7,E:11.10,P_B",15,161
group_interaction,159,0.3408542710178567,0.42470332763073526,0.7470684751967724,"intercept,P:9.9,P:9.6,P:10.0,B:9.0,B:9.7,B:10.1,B:10.2,B:10.6,B:10.10,B:11.2,B:11.9,E:10.7,E:11.10,P_B,P_E,B_E",17,161
additive_head,159,0.343191041464435,0.42380614697568086,0.7337909138923314,"intercept,P:9.9,P:9.6,P:10.0,B:9.0,B:9.7,B:10.1,B:10.2,B:10.6,B:10.10,B:11.2,B:11.9,E:10.7,E:11.10",14,162
pb_group_interaction,159,0.3437959174839072,0.42689369304096686,0.7298979697846235,"intercept,P:9.9,P:9.6,P:10.0,B:9.0,B:9.7,B:10.1,B:10.2,B:10.6,B:10.10,B:11.2,B:11.9,E:10.7,E:11.10,P_B",15,162
group_interaction,159,0.3332220215305364,0.41475736727469226,0.7450373352051369,"intercept,P:9.9,P:9.6,P:10.0,B:9.0,B:9.7,B:10.1,B:10.2,B:10.6,B:10.10,B:11.2,B:11.9,E:10.7,E:11.10,P_B,P_E,B_E",17,162
additive_head,159,0.34787480292931033,0.42724360880258677,0.7201652129850149,"intercept,P:9.9,P:9.6,P:10.0,B:9.0,B:9.7,B:10.1,B:10.2,B:10.6,B:10.10,B:11.2,B:11.9,E:10.7,E:11.10",14,163
pb_group_interaction,159,0.3490843051260345,0.4306169447490366,0.7157288523309249,"intercept,P:9.9,P:9.6,P:10.0,B:9.0,B:9.7,B:10.1,B:10.2,B:10.6,B:10.10,B:11.2,B:11.9,E:10.7,E:11.10,P_B",15,163
group_interaction,159,0.33911545272941596,0.41934717882402095,0.7304135849370123,"intercept,P:9.9,P:9.6,P:10.0,B:9.0,B:9.7,B:10.1,B:10.2,B:10.6,B:10.10,B:11.2,B:11.9,E:10.7,E:11.10,P_B,P_E,B_E",17,163
additive_head,159,0.34489929523312296,0.4265961726106139,0.7416035379915757,"intercept,P:9.9,P:9.6,P:10.0,B:9.0,B:9.7,B:10.1,B:10.2,B:10.6,B:10.10,B:11.2,B:11.9,E:10.7,E:11.10",14,164
pb_group_interaction,159,0.34560358892526505,0.4300921643916751,0.7373510224352442,"intercept,P:9.9,P:9.6,P:10.0,B:9.0,B:9.7,B:10.1,B:10.2,B:10.6,B:10.10,B:11.2,B:11.9,E:10.7,E:11.10,P_B",15,164
group_interaction,159,0.33496705987034275,0.41681970952689984,0.7533113622059355,"intercept,P:9.9,P:9.6,P:10.0,B:9.0,B:9.7,B:10.1,B:10.2,B:10.6,B:10.10,B:11.2,B:11.9,E:10.7,E:11.10,P_B,P_E,B_E",17,164
additive_head,159,0.3273674915844277,0.4039132230814335,0.7440575664528879,"intercept,P:9.9,P:9.6,P:10.0,B:9.0,B:9.7,B:10.1,B:10.2,B:10.6,B:10.10,B:11.2,B:11.9,E:10.7,E:11.10",14,165
pb_group_interaction,159,0.32792700782400463,0.40680305950922957,0.7403821351514812,"intercept,P:9.9,P:9.6,P:10.0,B:9.0,B:9.7,B:10.1,B:10.2,B:10.6,B:10.10,B:11.2,B:11.9,E:10.7,E:11.10,P_B",15,165
group_interaction,159,0.31698419405422007,0.39418207978287345,0.7562414229597632,"intercept,P:9.9,P:9.6,P:10.0,B:9.0,B:9.7,B:10.1,B:10.2,B:10.6,B:10.10,B:11.2,B:11.9,E:10.7,E:11.10,P_B,P_E,B_E",17,165
additive_head,159,0.325704506260917,0.4025732960563377,0.7339098089975722,"intercept,P:9.9,P:9.6,P:10.0,B:9.0,B:9.7,B:10.1,B:10.2,B:10.6,B:10.10,B:11.2,B:11.9,E:10.7,E:11.10",14,166
pb_group_interaction,159,0.32585478415515867,0.4052520390174114,0.7303568724556204,"intercept,P:9.9,P:9.6,P:10.0,B:9.0,B:9.7,B:10.1,B:10.2,B:10.6,B:10.10,B:11.2,B:11.9,E:10.7,E:11.10,P_B",15,166
group_interaction,159,0.3154661362480599,0.39341913888968233,0.7458735290805933,"intercept,P:9.9,P:9.6,P:10.0,B:9.0,B:9.7,B:10.1,B:10.2,B:10.6,B:10.10,B:11.2,B:11.9,E:10.7,E:11.10,P_B,P_E,B_E",17,166
additive_head,159,0.3433810009605407,0.4233859570664514,0.734290824696926,"intercept,P:9.9,P:9.6,P:10.0,B:9.0,B:9.7,B:10.1,B:10.2,B:10.6,B:10.10,B:11.2,B:11.9,E:10.7,E:11.10",14,167
pb_group_interaction,159,0.3438727467284312,0.4263343370274754,0.7305772420418941,"intercept,P:9.9,P:9.6,P:10.0,B:9.0,B:9.7,B:10.1,B:10.2,B:10.6,B:10.10,B:11.2,B:11.9,E:10.7,E:11.10,P_B",15,167
group_interaction,159,0.3333293208594125,0.4144548468329374,0.7453825884307461,"intercept,P:9.9,P:9.6,P:10.0,B:9.0,B:9.7,B:10.1,B:10.2,B:10.6,B:10.10,B:11.2,B:11.9,E:10.7,E:11.10,P_B,P_E,B_E",17,167
additive_head,159,0.34158232847178865,0.4211618027638633,0.7409254967170069,"intercept,P:9.9,P:9.6,P:10.0,B:9.0,B:9.7,B:10.1,B:10.2,B:10.6,B:10.10,B:11.2,B:11.9,E:10.7,E:11.10",14,168
pb_group_interaction,159,0.34241502729648615,0.42454343082113083,0.7367484283979058,"intercept,P:9.9,P:9.6,P:10.0,B:9.0,B:9.7,B:10.1,B:10.2,B:10.6,B:10.10,B:11.2,B:11.9,E:10.7,E:11.10,P_B",15,168
group_interaction,159,0.33125954446056494,0.4119037887278157,0.7521903036824065,"intercept,P:9.9,P:9.6,P:10.0,B:9.0,B:9.7,B:10.1,B:10.2,B:10.6,B:10.10,B:11.2,B:11.9,E:10.7,E:11.10,P_B,P_E,B_E",17,168
additive_head,159,0.34120866516093007,0.42012220880122514,0.737689975346199,"intercept,P:9.9,P:9.6,P:10.0,B:9.0,B:9.7,B:10.1,B:10.2,B:10.6,B:10.10,B:11.2,B:11.9,E:10.7,E:11.10",14,169
pb_group_interaction,159,0.34197523028984783,0.4233376274959498,0.733659413887586,"intercept,P:9.9,P:9.6,P:10.0,B:9.0,B:9.7,B:10.1,B:10.2,B:10.6,B:10.10,B:11.2,B:11.9,E:10.7,E:11.10,P_B",15,169
group_interaction,159,0.33230965221560343,0.41159462693414306,0.7482305672215573,"intercept,P:9.9,P:9.6,P:10.0,B:9.0,B:9.7,B:10.1,B:10.2,B:10.6,B:10.10,B:11.2,B:11.9,E:10.7,E:11.10,P_B,P_E,B_E",17,169
additive_head,159,0.33052215026283754,0.40675577399615886,0.7329900516114214,"intercept,P:9.9,P:9.6,P:10.0,B:9.0,B:9.7,B:10.1,B:10.2,B:10.6,B:10.10,B:11.2,B:11.9,E:10.7,E:11.10",14,170
pb_group_interaction,159,0.3310772767570844,0.4096582789469986,0.7291658266621516,"intercept,P:9.9,P:9.6,P:10.0,B:9.0,B:9.7,B:10.1,B:10.2,B:10.6,B:10.10,B:11.2,B:11.9,E:10.7,E:11.10,P_B",15,170
group_interaction,159,0.32078759322969785,0.39818428387029065,0.744124785943049,"intercept,P:9.9,P:9.6,P:10.0,B:9.0,B:9.7,B:10.1,B:10.2,B:10.6,B:10.10,B:11.2,B:11.9,E:10.7,E:11.10,P_B,P_E,B_E",17,170
additive_head,159,0.3655863669418373,0.452589107234885,0.7388739389660309,"intercept,P:9.9,P:9.6,P:10.0,B:9.0,B:9.7,B:10.1,B:10.2,B:10.6,B:10.10,B:11.2,B:11.9,E:10.7,E:11.10",14,171
pb_group_interaction,159,0.3666695068354833,0.4563285652198613,0.7345410732582218,"intercept,P:9.9,P:9.6,P:10.0,B:9.0,B:9.7,B:10.1,B:10.2,B:10.6,B:10.10,B:11.2,B:11.9,E:10.7,E:11.10,P_B",15,171
group_interaction,159,0.3555029976127676,0.44240379484409603,0.7504947373872894,"intercept,P:9.9,P:9.6,P:10.0,B:9.0,B:9.7,B:10.1,B:10.2,B:10.6,B:10.10,B:11.2,B:11.9,E:10.7,E:11.10,P_B,P_E,B_E",17,171
additive_head,159,0.32637429846356125,0.4027924249361409,0.7427876779349624,"intercept,P:9.9,P:9.6,P:10.0,B:9.0,B:9.7,B:10.1,B:10.2,B:10.6,B:10.10,B:11.2,B:11.9,E:10.7,E:11.10",14,172
pb_group_interaction,159,0.32703701450391304,0.40596250538476675,0.7387230911004243,"intercept,P:9.9,P:9.6,P:10.0,B:9.0,B:9.7,B:10.1,B:10.2,B:10.6,B:10.10,B:11.2,B:11.9,E:10.7,E:11.10,P_B",15,172
group_interaction,159,0.31682828962723303,0.3937262735189122,0.7542361657107921,"intercept,P:9.9,P:9.6,P:10.0,B:9.0,B:9.7,B:10.1,B:10.2,B:10.6,B:10.10,B:11.2,B:11.9,E:10.7,E:11.10,P_B,P_E,B_E",17,172
additive_head,159,0.33103841623725094,0.4111692430599833,0.7268191424651611,"intercept,P:9.9,P:9.6,P:10.0,B:9.0,B:9.7,B:10.1,B:10.2,B:10.6,B:10.10,B:11.2,B:11.9,E:10.7,E:11.10",14,173
pb_group_interaction,159,0.331472360599546,0.413904278244415,0.7231727400918441,"intercept,P:9.9,P:9.6,P:10.0,B:9.0,B:9.7,B:10.1,B:10.2,B:10.6,B:10.10,B:11.2,B:11.9,E:10.7,E:11.10,P_B",15,173
group_interaction,159,0.32076261515524607,0.4013106357576243,0.7397622096433359,"intercept,P:9.9,P:9.6,P:10.0,B:9.0,B:9.7,B:10.1,B:10.2,B:10.6,B:10.10,B:11.2,B:11.9,E:10.7,E:11.10,P_B,P_E,B_E",17,173
additive_head,159,0.34255077512790144,0.4252811921591219,0.7491646863694941,"intercept,P:9.9,P:9.6,P:10.0,B:9.0,B:9.7,B:10.1,B:10.2,B:10.6,B:10.10,B:11.2,B:11.9,E:10.7,E:11.10",14,174
pb_group_interaction,159,0.3430125766972069,0.428157063391756,0.7457607779449588,"intercept,P:9.9,P:9.6,P:10.0,B:9.0,B:9.7,B:10.1,B:10.2,B:10.6,B:10.10,B:11.2,B:11.9,E:10.7,E:11.10,P_B",15,174
group_interaction,159,0.33250766488331296,0.4151871534522594,0.7609305186129147,"intercept,P:9.9,P:9.6,P:10.0,B:9.0,B:9.7,B:10.1,B:10.2,B:10.6,B:10.10,B:11.2,B:11.9,E:10.7,E:11.10,P_B,P_E,B_E",17,174
additive_head,159,0.3503086494307621,0.4323161270908613,0.7262347389094392,"intercept,P:9.9,P:9.6,P:10.0,B:9.0,B:9.7,B:10.1,B:10.2,B:10.6,B:10.10,B:11.2,B:11.9,E:10.7,E:11.10",14,175
pb_group_interaction,159,0.3511367467747816,0.4356677845376661,0.7219733932262374,"intercept,P:9.9,P:9.6,P:10.0,B:9.0,B:9.7,B:10.1,B:10.2,B:10.6,B:10.10,B:11.2,B:11.9,E:10.7,E:11.10,P_B",15,175
group_interaction,159,0.34078183094596887,0.4232131183969479,0.7376423651229637,"intercept,P:9.9,P:9.6,P:10.0,B:9.0,B:9.7,B:10.1,B:10.2,B:10.6,B:10.10,B:11.2,B:11.9,E:10.7,E:11.10,P_B,P_E,B_E",17,175
additive_head,159,0.3352321474743047,0.4123406169733521,0.7296306828587669,"intercept,P:9.9,P:9.6,P:10.0,B:9.0,B:9.7,B:10.1,B:10.2,B:10.6,B:10.10,B:11.2,B:11.9,E:10.7,E:11.10",14,176
pb_group_interaction,159,0.3363427872674731,0.41569187267124236,0.7252180264309169,"intercept,P:9.9,P:9.6,P:10.0,B:9.0,B:9.7,B:10.1,B:10.2,B:10.6,B:10.10,B:11.2,B:11.9,E:10.7,E:11.10,P_B",15,176
group_interaction,159,0.3258734376470013,0.4035619088746558,0.7410204293405146,"intercept,P:9.9,P:9.6,P:10.0,B:9.0,B:9.7,B:10.1,B:10.2,B:10.6,B:10.10,B:11.2,B:11.9,E:10.7,E:11.10,P_B,P_E,B_E",17,176
additive_head,159,0.35297970670601375,0.4359687192380625,0.7349300478196266,"intercept,P:9.9,P:9.6,P:10.0,B:9.0,B:9.7,B:10.1,B:10.2,B:10.6,B:10.10,B:11.2,B:11.9,E:10.7,E:11.10",14,177
pb_group_interaction,159,0.35357110878209747,0.4390895968025032,0.7311214635633894,"intercept,P:9.9,P:9.6,P:10.0,B:9.0,B:9.7,B:10.1,B:10.2,B:10.6,B:10.10,B:11.2,B:11.9,E:10.7,E:11.10,P_B",15,177
group_interaction,159,0.34314191667990884,0.42657851797250324,0.7462256042489301,"intercept,P:9.9,P:9.6,P:10.0,B:9.0,B:9.7,B:10.1,B:10.2,B:10.6,B:10.10,B:11.2,B:11.9,E:10.7,E:11.10,P_B,P_E,B_E",17,177
additive_head,159,0.3352088112645576,0.41383209303824403,0.7401772299760584,"intercept,P:9.9,P:9.6,P:10.0,B:9.0,B:9.7,B:10.1,B:10.2,B:10.6,B:10.10,B:11.2,B:11.9,E:10.7,E:11.10",14,178
pb_group_interaction,159,0.33544255144699187,0.4165224461090965,0.736787994713269,"intercept,P:9.9,P:9.6,P:10.0,B:9.0,B:9.7,B:10.1,B:10.2,B:10.6,B:10.10,B:11.2,B:11.9,E:10.7,E:11.10,P_B",15,178
group_interaction,159,0.3248822923236501,0.4049032483826553,0.7512681526682735,"intercept,P:9.9,P:9.6,P:10.0,B:9.0,B:9.7,B:10.1,B:10.2,B:10.6,B:10.10,B:11.2,B:11.9,E:10.7,E:11.10,P_B,P_E,B_E",17,178
additive_head,159,0.34415642405543456,0.4245225323754346,0.7461593519627303,"intercept,P:9.9,P:9.6,P:10.0,B:9.0,B:9.7,B:10.1,B:10.2,B:10.6,B:10.10,B:11.2,B:11.9,E:10.7,E:11.10",14,179
pb_group_interaction,159,0.3443880588451319,0.4276023072606246,0.7424629271765509,"intercept,P:9.9,P:9.6,P:10.0,B:9.0,B:9.7,B:10.1,B:10.2,B:10.6,B:10.10,B:11.2,B:11.9,E:10.7,E:11.10,P_B",15,179
group_interaction,159,0.3333583615521129,0.4149759496380576,0.7574476256728762,"intercept,P:9.9,P:9.6,P:10.0,B:9.0,B:9.7,B:10.1,B:10.2,B:10.6,B:10.10,B:11.2,B:11.9,E:10.7,E:11.10,P_B,P_E,B_E",17,179
additive_head,159,0.3429731048615335,0.42241377657688994,0.7453394900395668,"intercept,P:9.9,P:9.6,P:10.0,B:9.0,B:9.7,B:10.1,B:10.2,B:10.6,B:10.10,B:11.2,B:11.9,E:10.7,E:11.10",14,180
pb_group_interaction,159,0.3436485319207886,0.42535503205285063,0.7417807551234761,"intercept,P:9.9,P:9.6,P:10.0,B:9.0,B:9.7,B:10.1,B:10.2,B:10.6,B:10.10,B:11.2,B:11.9,E:10.7,E:11.10,P_B",15,180
group_interaction,159,0.33364468806645203,0.4141200858420146,0.7552413508975611,"intercept,P:9.9,P:9.6,P:10.0,B:9.0,B:9.7,B:10.1,B:10.2,B:10.6,B:10.10,B:11.2,B:11.9,E:10.7,E:11.10,P_B,P_E,B_E",17,180
additive_head,159,0.35782034781978894,0.44172352305826235,0.732648935386143,"intercept,P:9.9,P:9.6,P:10.0,B:9.0,B:9.7,B:10.1,B:10.2,B:10.6,B:10.10,B:11.2,B:11.9,E:10.7,E:11.10",14,181
pb_group_interaction,159,0.3583880194068868,0.4451732222295531,0.728456801459019,"intercept,P:9.9,P:9.6,P:10.0,B:9.0,B:9.7,B:10.1,B:10.2,B:10.6,B:10.10,B:11.2,B:11.9,E:10.7,E:11.10,P_B",15,181
group_interaction,159,0.34722172921636174,0.4324878321053008,0.743711777097217,"intercept,P:9.9,P:9.6,P:10.0,B:9.0,B:9.7,B:10.1,B:10.2,B:10.6,B:10.10,B:11.2,B:11.9,E:10.7,E:11.10,P_B,P_E,B_E",17,181
additive_head,159,0.3415710362369037,0.4206230538735717,0.735997294957303,"intercept,P:9.9,P:9.6,P:10.0,B:9.0,B:9.7,B:10.1,B:10.2,B:10.6,B:10.10,B:11.2,B:11.9,E:10.7,E:11.10",14,182
pb_group_interaction,159,0.3421179268524125,0.4239005727793686,0.7318670173576151,"intercept,P:9.9,P:9.6,P:10.0,B:9.0,B:9.7,B:10.1,B:10.2,B:10.6,B:10.10,B:11.2,B:11.9,E:10.7,E:11.10,P_B",15,182
group_interaction,159,0.3312338496150012,0.4111845895427984,0.7477124078506535,"intercept,P:9.9,P:9.6,P:10.0,B:9.0,B:9.7,B:10.1,B:10.2,B:10.6,B:10.10,B:11.2,B:11.9,E:10.7,E:11.10,P_B,P_E,B_E",17,182
additive_head,159,0.321940169681367,0.397715885264341,0.7403685618727583,"intercept,P:9.9,P:9.6,P:10.0,B:9.0,B:9.7,B:10.1,B:10.2,B:10.6,B:10.10,B:11.2,B:11.9,E:10.7,E:11.10",14,183
pb_group_interaction,159,0.32253975210876296,0.40062141016757263,0.7365612151859362,"intercept,P:9.9,P:9.6,P:10.0,B:9.0,B:9.7,B:10.1,B:10.2,B:10.6,B:10.10,B:11.2,B:11.9,E:10.7,E:11.10,P_B",15,183
group_interaction,159,0.3125276870452134,0.3890594468325682,0.7515475213844376,"intercept,P:9.9,P:9.6,P:10.0,B:9.0,B:9.7,B:10.1,B:10.2,B:10.6,B:10.10,B:11.2,B:11.9,E:10.7,E:11.10,P_B,P_E,B_E",17,183
additive_head,159,0.3307725408200273,0.41007395456959395,0.7398567470655626,"intercept,P:9.9,P:9.6,P:10.0,B:9.0,B:9.7,B:10.1,B:10.2,B:10.6,B:10.10,B:11.2,B:11.9,E:10.7,E:11.10",14,184
pb_group_interaction,159,0.33154359696307256,0.412960682734759,0.7361812828726394,"intercept,P:9.9,P:9.6,P:10.0,B:9.0,B:9.7,B:10.1,B:10.2,B:10.6,B:10.10,B:11.2,B:11.9,E:10.7,E:11.10,P_B",15,184
group_interaction,159,0.3210412279987658,0.4002275149803812,0.7521995569892064,"intercept,P:9.9,P:9.6,P:10.0,B:9.0,B:9.7,B:10.1,B:10.2,B:10.6,B:10.10,B:11.2,B:11.9,E:10.7,E:11.10,P_B,P_E,B_E",17,184
additive_head,159,0.35159650684377214,0.4323841322839709,0.7280786912930333,"intercept,P:9.9,P:9.6,P:10.0,B:9.0,B:9.7,B:10.1,B:10.2,B:10.6,B:10.10,B:11.2,B:11.9,E:10.7,E:11.10",14,185
pb_group_interaction,159,0.35220048093967915,0.43527106702972884,0.7244354504053077,"intercept,P:9.9,P:9.6,P:10.0,B:9.0,B:9.7,B:10.1,B:10.2,B:10.6,B:10.10,B:11.2,B:11.9,E:10.7,E:11.10,P_B",15,185
group_interaction,159,0.34181607313890705,0.42372836301351346,0.7388567427663032,"intercept,P:9.9,P:9.6,P:10.0,B:9.0,B:9.7,B:10.1,B:10.2,B:10.6,B:10.10,B:11.2,B:11.9,E:10.7,E:11.10,P_B,P_E,B_E",17,185
additive_head,159,0.34955290239707215,0.43202534474118376,0.729588319369312,"intercept,P:9.9,P:9.6,P:10.0,B:9.0,B:9.7,B:10.1,B:10.2,B:10.6,B:10.10,B:11.2,B:11.9,E:10.7,E:11.10",14,186
pb_group_interaction,159,0.3499661538334185,0.4350033946437767,0.7258474507091304,"intercept,P:9.9,P:9.6,P:10.0,B:9.0,B:9.7,B:10.1,B:10.2,B:10.6,B:10.10,B:11.2,B:11.9,E:10.7,E:11.10,P_B",15,186
group_interaction,159,0.3404064014892515,0.42306097615462307,0.7406937821382905,"intercept,P:9.9,P:9.6,P:10.0,B:9.0,B:9.7,B:10.1,B:10.2,B:10.6,B:10.10,B:11.2,B:11.9,E:10.7,E:11.10,P_B,P_E,B_E",17,186
additive_head,159,0.3386661320734131,0.4187343996746866,0.74842136780954,"intercept,P:9.9,P:9.6,P:10.0,B:9.0,B:9.7,B:10.1,B:10.2,B:10.6,B:10.10,B:11.2,B:11.9,E:10.7,E:11.10",14,187
pb_group_interaction,159,0.33855150303978593,0.4219981319558631,0.744484336663809,"intercept,P:9.9,P:9.6,P:10.0,B:9.0,B:9.7,B:10.1,B:10.2,B:10.6,B:10.10,B:11.2,B:11.9,E:10.7,E:11.10,P_B",15,187
group_interaction,159,0.3280431455428166,0.409579440726129,0.7593018411777115,"intercept,P:9.9,P:9.6,P:10.0,B:9.0,B:9.7,B:10.1,B:10.2,B:10.6,B:10.10,B:11.2,B:11.9,E:10.7,E:11.10,P_B,P_E,B_E",17,187
additive_head,159,0.3311684088973435,0.41061410737805976,0.7476592576473922,"intercept,P:9.9,P:9.6,P:10.0,B:9.0,B:9.7,B:10.1,B:10.2,B:10.6,B:10.10,B:11.2,B:11.9,E:10.7,E:11.10",14,188
pb_group_interaction,159,0.33155120361952295,0.4136462287110093,0.7439187493567863,"intercept,P:9.9,P:9.6,P:10.0,B:9.0,B:9.7,B:10.1,B:10.2,B:10.6,B:10.10,B:11.2,B:11.9,E:10.7,E:11.10,P_B",15,188
group_interaction,159,0.3212340960616354,0.40118827096698223,0.7591114823678659,"intercept,P:9.9,P:9.6,P:10.0,B:9.0,B:9.7,B:10.1,B:10.2,B:10.6,B:10.10,B:11.2,B:11.9,E:10.7,E:11.10,P_B,P_E,B_E",17,188
additive_head,159,0.33382361203384836,0.4130844161556051,0.7316947395888656,"intercept,P:9.9,P:9.6,P:10.0,B:9.0,B:9.7,B:10.1,B:10.2,B:10.6,B:10.10,B:11.2,B:11.9,E:10.7,E:11.10",14,189
pb_group_interaction,159,0.3338829788733832,0.41560803985687544,0.7284064538586582,"intercept,P:9.9,P:9.6,P:10.0,B:9.0,B:9.7,B:10.1,B:10.2,B:10.6,B:10.10,B:11.2,B:11.9,E:10.7,E:11.10,P_B",15,189
group_interaction,159,0.3239324058309398,0.40392236394227155,0.7434645641144941,"intercept,P:9.9,P:9.6,P:10.0,B:9.0,B:9.7,B:10.1,B:10.2,B:10.6,B:10.10,B:11.2,B:11.9,E:10.7,E:11.10,P_B,P_E,B_E",17,189
additive_head,159,0.3416273111324652,0.42038555379644704,0.7389907829282796,"intercept,P:9.9,P:9.6,P:10.0,B:9.0,B:9.7,B:10.1,B:10.2,B:10.6,B:10.10,B:11.2,B:11.9,E:10.7,E:11.10",14,190
pb_group_interaction,159,0.3421956222186588,0.4236030157222914,0.7349801745361081,"intercept,P:9.9,P:9.6,P:10.0,B:9.0,B:9.7,B:10.1,B:10.2,B:10.6,B:10.10,B:11.2,B:11.9,E:10.7,E:11.10,P_B",15,190
group_interaction,159,0.330526470560499,0.4109659403712299,0.7505566457959872,"intercept,P:9.9,P:9.6,P:10.0,B:9.0,B:9.7,B:10.1,B:10.2,B:10.6,B:10.10,B:11.2,B:11.9,E:10.7,E:11.10,P_B,P_E,B_E",17,190
additive_head,159,0.3330541161543709,0.40902710646335766,0.7394785380448246,"intercept,P:9.9,P:9.6,P:10.0,B:9.0,B:9.7,B:10.1,B:10.2,B:10.6,B:10.10,B:11.2,B:11.9,E:10.7,E:11.10",14,191
pb_group_interaction,159,0.33374067928874884,0.41192584753068545,0.7357728656689768,"intercept,P:9.9,P:9.6,P:10.0,B:9.0,B:9.7,B:10.1,B:10.2,B:10.6,B:10.10,B:11.2,B:11.9,E:10.7,E:11.10,P_B",15,191
group_interaction,159,0.32292591941611687,0.4005456076416148,0.7501707558056054,"intercept,P:9.9,P:9.6,P:10.0,B:9.0,B:9.7,B:10.1,B:10.2,B:10.6,B:10.10,B:11.2,B:11.9,E:10.7,E:11.10,P_B,P_E,B_E",17,191
additive_head,159,0.3406883489707595,0.4225335136165743,0.7535896939809389,"intercept,P:9.9,P:9.6,P:10.0,B:9.0,B:9.7,B:10.1,B:10.2,B:10.6,B:10.10,B:11.2,B:11.9,E:10.7,E:11.10",14,192
pb_group_interaction,159,0.3412501275093339,0.42582070359900837,0.7497407767338959,"intercept,P:9.9,P:9.6,P:10.0,B:9.0,B:9.7,B:10.1,B:10.2,B:10.6,B:10.10,B:11.2,B:11.9,E:10.7,E:11.10,P_B",15,192
group_interaction,159,0.329675227203562,0.41224113244072974,0.7654479728080251,"intercept,P:9.9,P:9.6,P:10.0,B:9.0,B:9.7,B:10.1,B:10.2,B:10.6,B:10.10,B:11.2,B:11.9,E:10.7,E:11.10,P_B,P_E,B_E",17,192
additive_head,159,0.3445189945341573,0.42311750455607483,0.7258039303540389,"intercept,P:9.9,P:9.6,P:10.0,B:9.0,B:9.7,B:10.1,B:10.2,B:10.6,B:10.10,B:11.2,B:11.9,E:10.7,E:11.10",14,193
pb_group_interaction,159,0.34528570043610307,0.42619862011801046,0.7217960329390962,"intercept,P:9.9,P:9.6,P:10.0,B:9.0,B:9.7,B:10.1,B:10.2,B:10.6,B:10.10,B:11.2,B:11.9,E:10.7,E:11.10,P_B",15,193
group_interaction,159,0.3338022205195783,0.413862687564701,0.7376676877014308,"intercept,P:9.9,P:9.6,P:10.0,B:9.0,B:9.7,B:10.1,B:10.2,B:10.6,B:10.10,B:11.2,B:11.9,E:10.7,E:11.10,P_B,P_E,B_E",17,193
additive_head,159,0.3428387982696425,0.4242639770298194,0.7468438466830938,"intercept,P:9.9,P:9.6,P:10.0,B:9.0,B:9.7,B:10.1,B:10.2,B:10.6,B:10.10,B:11.2,B:11.9,E:10.7,E:11.10",14,194
pb_group_interaction,159,0.3432266467329543,0.42760091242542614,0.7428459212661858,"intercept,P:9.9,P:9.6,P:10.0,B:9.0,B:9.7,B:10.1,B:10.2,B:10.6,B:10.10,B:11.2,B:11.9,E:10.7,E:11.10,P_B",15,194
group_interaction,159,0.3326936970535308,0.41449737548404464,0.7583650555985422,"intercept,P:9.9,P:9.6,P:10.0,B:9.0,B:9.7,B:10.1,B:10.2,B:10.6,B:10.10,B:11.2,B:11.9,E:10.7,E:11.10,P_B,P_E,B_E",17,194
additive_head,159,0.34569244457326664,0.4273883711917879,0.7452632292189394,"intercept,P:9.9,P:9.6,P:10.0,B:9.0,B:9.7,B:10.1,B:10.2,B:10.6,B:10.10,B:11.2,B:11.9,E:10.7,E:11.10",14,195
pb_group_interaction,159,0.3463561808376039,0.4305848929327267,0.741438526770384,"intercept,P:9.9,P:9.6,P:10.0,B:9.0,B:9.7,B:10.1,B:10.2,B:10.6,B:10.10,B:11.2,B:11.9,E:10.7,E:11.10,P_B",15,195
group_interaction,159,0.33555306526284007,0.41771968635678286,0.7566585323622758,"intercept,P:9.9,P:9.6,P:10.0,B:9.0,B:9.7,B:10.1,B:10.2,B:10.6,B:10.10,B:11.2,B:11.9,E:10.7,E:11.10,P_B,P_E,B_E",17,195
additive_head,159,0.34699653008475,0.42858206771209384,0.7334338515656877,"intercept,P:9.9,P:9.6,P:10.0,B:9.0,B:9.7,B:10.1,B:10.2,B:10.6,B:10.10,B:11.2,B:11.9,E:10.7,E:11.10",14,196
pb_group_interaction,159,0.3477431738580734,0.4319636121059654,0.729210803471493,"intercept,P:9.9,P:9.6,P:10.0,B:9.0,B:9.7,B:10.1,B:10.2,B:10.6,B:10.10,B:11.2,B:11.9,E:10.7,E:11.10,P_B",15,196
group_interaction,159,0.33752155206098267,0.4193767827212918,0.7447617415208434,"intercept,P:9.9,P:9.6,P:10.0,B:9.0,B:9.7,B:10.1,B:10.2,B:10.6,B:10.10,B:11.2,B:11.9,E:10.7,E:11.10,P_B,P_E,B_E",17,196
additive_head,159,0.34685006280278974,0.426570510770833,0.7395837030932677,"intercept,P:9.9,P:9.6,P:10.0,B:9.0,B:9.7,B:10.1,B:10.2,B:10.6,B:10.10,B:11.2,B:11.9,E:10.7,E:11.10",14,197
pb_group_interaction,159,0.34759133618231647,0.4297499426372279,0.7356872240825733,"intercept,P:9.9,P:9.6,P:10.0,B:9.0,B:9.7,B:10.1,B:10.2,B:10.6,B:10.10,B:11.2,B:11.9,E:10.7,E:11.10,P_B",15,197
group_interaction,159,0.3367593244777262,0.41759587105126916,0.7504262566745752,"intercept,P:9.9,P:9.6,P:10.0,B:9.0,B:9.7,B:10.1,B:10.2,B:10.6,B:10.10,B:11.2,B:11.9,E:10.7,E:11.10,P_B,P_E,B_E",17,197
additive_head,159,0.33955771256809775,0.4201505956617956,0.7419704203466184,"intercept,P:9.9,P:9.6,P:10.0,B:9.0,B:9.7,B:10.1,B:10.2,B:10.6,B:10.10,B:11.2,B:11.9,E:10.7,E:11.10",14,198
pb_group_interaction,159,0.34007699093651145,0.4232226307342312,0.7381833313850761,"intercept,P:9.9,P:9.6,P:10.0,B:9.0,B:9.7,B:10.1,B:10.2,B:10.6,B:10.10,B:11.2,B:11.9,E:10.7,E:11.10,P_B",15,198
group_interaction,159,0.33068831944216737,0.41121849958375295,0.752824844540332,"intercept,P:9.9,P:9.6,P:10.0,B:9.0,B:9.7,B:10.1,B:10.2,B:10.6,B:10.10,B:11.2,B:11.9,E:10.7,E:11.10,P_B,P_E,B_E",17,198
additive_head,159,0.35044028705643776,0.4314056160831724,0.7308394146374122,"intercept,P:9.9,P:9.6,P:10.0,B:9.0,B:9.7,B:10.1,B:10.2,B:10.6,B:10.10,B:11.2,B:11.9,E:10.7,E:11.10",14,199
pb_group_interaction,159,0.35127643840721234,0.4344882950916641,0.7269790096680333,"intercept,P:9.9,P:9.6,P:10.0,B:9.0,B:9.7,B:10.1,B:10.2,B:10.6,B:10.10,B:11.2,B:11.9,E:10.7,E:11.10,P_B",15,199
group_interaction,159,0.3407360785804681,0.42293471613883327,0.7413058871311232,"intercept,P:9.9,P:9.6,P:10.0,B:9.0,B:9.7,B:10.1,B:10.2,B:10.6,B:10.10,B:11.2,B:11.9,E:10.7,E:11.10,P_B,P_E,B_E",17,199
