model,fold,subset_idx,observed,predicted,error,subset_name,n_heads,n_P,n_B,n_E,has_P,has_B,has_E,P_B,P_E,B_E,P_B_count,P_E_count,B_E_count
additive_head,0,122,0.3629409745335579,0.6648651752513365,0.3019242007177786,P:9.9|P:10.0|B:10.6|E:11.10,4,2,1,1,1,1,1,1,1,1,0.08333333333333333,0.3333333333333333,0.0625
additive_head,0,52,-1.6007909774780273,-0.7678069315012198,0.8329840459768075,P:10.0|B:10.2|E:10.7|E:11.10,4,1,1,2,1,1,1,1,1,1,0.041666666666666664,0.3333333333333333,0.125
additive_head,0,169,0.708813302218914,0.2668828781348229,-0.4419304240840911,P:9.9|P:9.6|B:9.0|B:10.2|B:10.6|B:10.10|B:11.2|B:11.9|E:10.7|E:11.10,10,2,6,2,1,1,1,1,1,1,0.5,0.6666666666666666,0.75
additive_head,0,88,0.1200842633843422,-0.05951149148367885,-0.17959575486802104,P:9.6|P:10.0|B:9.7|B:10.6|B:11.2|B:11.9|E:11.10,7,2,4,1,1,1,1,1,1,1,0.3333333333333333,0.3333333333333333,0.25
additive_head,0,162,0.49946876987814903,-0.0305120863041074,-0.5299808561822564,P:9.9|P:9.6|B:10.1|B:10.2|B:10.6|E:10.7|E:11.10,7,2,3,2,1,1,1,1,1,1,0.25,0.6666666666666666,0.375
additive_head,0,197,1.1613009199500084,0.6875000839682539,-0.4738008359817545,P:9.9|P:9.6|P:10.0|B:10.1|B:10.2|B:10.6|E:10.7|E:11.10,8,3,3,2,1,1,1,1,1,1,0.375,1.0,0.375
additive_head,0,206,1.1710864640772343,0.706021196095177,-0.4650652679820573,P:9.9|P:9.6|P:10.0|B:9.7|B:10.2|B:10.6|E:10.7|E:11.10,8,3,3,2,1,1,1,1,1,1,0.375,1.0,0.375
additive_head,0,225,1.2041504010558128,1.444416650029764,0.2402662489739511,P:9.9|P:9.6|P:10.0|B:9.0|B:9.7|B:10.6|B:11.2|B:11.9,8,3,5,0,1,1,0,1,0,0,0.625,0.0,0.0
additive_head,0,51,-0.7062482126057148,-0.5707401066257011,0.13550810598001373,P:10.0|B:11.2|E:10.7,3,1,1,1,1,1,1,1,1,1,0.041666666666666664,0.16666666666666666,0.0625
additive_head,0,3,0.42918625101447105,-0.08129391398296093,-0.510480164997432,P:10.0,1,1,0,0,1,0,0,0,0,0,0.0,0.0,0.0
additive_head,0,68,-0.03323224559426308,-0.2731220804174621,-0.23988983482319903,P:9.6|B:9.7|B:10.1|B:10.10|B:11.2,5,1,4,0,1,1,0,1,0,0,0.16666666666666666,0.0,0.0
additive_head,0,237,1.4893603511154652,2.282624600507468,0.7932642493920028,P:9.9|P:9.6|P:10.0|B:9.0|B:9.7|B:10.1|B:10.2|B:10.6|B:10.10|B:11.9,10,3,7,0,1,1,0,1,0,0,0.875,0.0,0.0
additive_head,0,32,-0.6199087165296078,-0.43202321429343504,0.18788550223617273,B:9.7|B:10.2|B:10.10|E:10.7,4,0,3,1,0,1,1,0,0,1,0.0,0.0,0.1875
additive_head,0,134,0.43865132704377174,0.8669550522593134,0.4283037252155416,P:9.9|P:10.0|B:9.0|B:10.6|B:11.9|E:11.10,6,2,3,1,1,1,1,1,1,1,0.25,0.3333333333333333,0.1875
additive_head,0,6,0.11284342035651207,-0.6760630529114652,-0.7889064732679772,B:10.1,1,0,1,0,0,1,0,0,0,0,0.0,0.0,0.0
additive_head,0,149,0.47060735896229744,0.22757636862559516,-0.24303099033670228,P:9.9|P:9.6|B:10.10|E:10.7,4,2,1,1,1,1,1,1,1,1,0.08333333333333333,0.3333333333333333,0.0625
additive_head,0,155,0.7810946628451347,0.6080691857697524,-0.1730254770753823,P:9.9|P:9.6|B:10.2|B:10.6|B:10.10|B:11.2|E:10.7,7,2,4,1,1,1,1,1,1,1,0.3333333333333333,0.3333333333333333,0.25
additive_head,0,218,0.6303710080683231,1.4139853438463044,0.7836143357779812,P:9.9|P:9.6|P:10.0|B:9.0|B:10.1|B:10.10,6,3,3,0,1,1,0,1,0,0,0.375,0.0,0.0
additive_head,0,83,0.6069852113723755,0.492207990280097,-0.1147772210922785,P:9.6|P:10.0|B:10.6|B:11.9,4,2,2,0,1,1,0,1,0,0,0.16666666666666666,0.0,0.0
additive_head,0,201,0.5236174315214157,0.22128835322229823,-0.3023290782991175,P:9.9|P:9.6|P:10.0|B:9.7|B:11.2|B:11.9|E:10.7|E:11.10,8,3,3,2,1,1,1,1,1,1,0.375,1.0,0.375
additive_head,0,96,0.8413464911282063,0.858262337800249,0.01691584667204271,P:9.6|P:10.0|B:9.0|B:9.7|B:10.2|B:10.6|B:10.10|B:11.2,8,2,6,0,1,1,0,1,0,0,0.5,0.0,0.0
additive_head,0,89,0.0035700574517250057,-0.24417532573093614,-0.24774538318266115,P:9.6|P:10.0|B:9.7|B:10.2|E:11.10,5,2,2,1,1,1,1,1,1,1,0.16666666666666666,0.3333333333333333,0.125
additive_head,0,101,0.13574618473649025,-0.18380790098927713,-0.3195540857257674,P:9.9|E:10.7,2,1,0,1,1,0,1,0,1,0,0.0,0.16666666666666666,0.0
additive_head,0,60,0.8043079115450382,0.7662959549838102,-0.03801195656122802,P:10.0|B:9.0|B:9.7|B:10.1|B:10.2|B:10.6|B:11.2|B:11.9,8,1,7,0,1,1,0,1,0,0,0.29166666666666663,0.0,0.0
additive_head,0,222,2.0050816535949707,0.9119632242964646,-1.0931184292985061,P:9.9|P:9.6|P:10.0|B:9.0|B:10.1|B:10.2|B:10.6|B:10.10|B:11.2|E:10.7|E:11.10,11,3,6,2,1,1,1,1,1,1,0.75,1.0,0.75
additive_head,0,76,-0.3358710706233978,-0.5819413883774545,-0.24607031775405663,P:9.6|P:10.0|E:11.10,3,2,0,1,1,0,1,0,1,0,0.0,0.3333333333333333,0.0
additive_head,0,144,-0.024949822574853897,0.19805956131022662,0.22300938388508051,P:9.9|P:9.6,2,2,0,0,1,0,0,0,0,0,0.0,0.0,0.0
additive_head,0,84,-0.024493630975484848,0.3255499421408887,0.3500435731163736,P:9.6|P:10.0|B:10.6|B:10.10|E:10.7,5,2,2,1,1,1,1,1,1,1,0.16666666666666666,0.3333333333333333,0.125
additive_head,0,215,0.6853511184453964,0.08526629502608007,-0.6000848234193163,P:9.9|P:9.6|P:10.0|B:9.0|B:10.2|B:11.2|E:10.7|E:11.10,8,3,3,2,1,1,1,1,1,1,0.375,1.0,0.375
additive_head,0,24,-1.9098994433879852,-1.347122682389251,0.5627767609987342,B:10.6|E:10.7|E:11.10,3,0,1,2,0,1,1,0,0,1,0.0,0.0,0.125
additive_head,0,136,0.734557755291462,1.002601074231432,0.26804331893997,P:9.9|P:10.0|B:9.0|B:10.1,4,2,2,0,1,1,0,1,0,0,0.16666666666666666,0.0,0.0
additive_head,0,171,0.4481462836265564,-0.14074728453596508,-0.5888935681625215,P:9.9|P:9.6|B:9.0|B:10.1|B:10.2|B:10.10|B:11.2|E:10.7|E:11.10,9,2,5,2,1,1,1,1,1,1,0.41666666666666663,0.6666666666666666,0.625
additive_head,0,69,-1.431811336427927,-0.7975174632875355,0.6342938731403915,P:9.6|B:9.7|B:10.1|B:10.2|B:10.6|B:11.2|B:11.9|E:10.7|E:11.10,9,1,6,2,1,1,1,1,1,1,0.25,0.3333333333333333,0.75
additive_head,0,191,-0.00995168462395668,0.49603857828353815,0.5059902629074948,P:9.9|P:9.6|P:10.0|B:10.1|E:11.10,5,3,1,1,1,1,1,1,1,1,0.125,0.5,0.0625
additive_head,0,235,1.4840984642505646,1.5674867450947823,0.08338828084421768,P:9.9|P:9.6|P:10.0|B:9.0|B:9.7|B:10.1|B:10.2|B:10.6|B:11.2,9,3,6,0,1,1,0,1,0,0,0.75,0.0,0.0
additive_head,0,95,-1.1356264613568783,-0.7735009754043652,0.36212548595251304,P:9.6|P:10.0|B:9.0|B:9.7|E:10.7|E:11.10,6,2,2,2,1,1,1,1,1,1,0.16666666666666666,0.6666666666666666,0.25
additive_head,0,87,-1.1586299277842045,-0.7794159969577655,0.37921393082643895,P:9.6|P:10.0|B:9.7|E:10.7|E:11.10,5,2,1,2,1,1,1,1,1,1,0.08333333333333333,0.6666666666666666,0.125
additive_head,0,114,0.6210603751242161,0.5288016788559391,-0.09225869626827699,P:9.9|B:9.0|B:9.7|B:10.10|B:11.9|E:10.7,6,1,4,1,1,1,1,1,1,1,0.16666666666666666,0.16666666666666666,0.25
additive_head,0,229,1.1873903311789036,1.5944511543425746,0.407060823163671,P:9.9|P:9.6|P:10.0|B:9.0|B:9.7|B:10.2|B:10.6,7,3,4,0,1,1,0,1,0,0,0.5,0.0,0.0
additive_head,0,219,0.8841039836406708,1.7486836824063725,0.8645796987657017,P:9.9|P:9.6|P:10.0|B:9.0|B:10.1|B:10.6|B:10.10,7,3,4,0,1,1,0,1,0,0,0.5,0.0,0.0
additive_head,0,217,1.5335167162120342,1.3241338004582757,-0.20938291575375856,P:9.9|P:9.6|P:10.0|B:9.0|B:10.2|B:10.6|B:10.10|B:11.2|B:11.9|E:11.10,10,3,6,1,1,1,1,1,1,1,0.75,0.5,0.375
additive_head,0,4,0.0034867338836193063,-0.7933910627019217,-0.796877796585541,B:9.0,1,0,1,0,0,1,0,0,0,0,0.0,0.0,0.0
additive_head,0,130,1.2399504967033863,1.0564612298980212,-0.18348926680536515,P:9.9|P:10.0|B:9.7|B:10.2|B:10.6|B:11.2|E:10.7,7,2,4,1,1,1,1,1,1,1,0.3333333333333333,0.3333333333333333,0.25
additive_head,0,228,1.1373955719172955,1.3057202306454343,0.16832465872813884,P:9.9|P:9.6|P:10.0|B:9.0|B:9.7|B:10.2|B:11.2|B:11.9,8,3,5,0,1,1,0,1,0,0,0.625,0.0,0.0
additive_head,0,128,1.061413548886776,1.3499055033650227,0.2884919544782467,P:9.9|P:10.0|B:9.7|B:10.6,4,2,2,0,1,1,0,1,0,0,0.16666666666666666,0.0,0.0
additive_head,0,15,0.35023678094148636,0.4170393440779086,0.06680256313642224,B:9.0|B:9.7|B:10.1|B:10.2|B:10.6|B:10.10|B:11.2|B:11.9,8,0,8,0,0,1,0,0,0,0,0.0,0.0,0.0
additive_head,0,124,0.904553011059761,1.5616164674990682,0.6570634564393072,P:9.9|P:10.0|B:10.1|B:10.10|B:11.9,5,2,3,0,1,1,0,1,0,0,0.25,0.0,0.0
additive_head,0,93,0.3689284063875675,0.3236023865570502,-0.04532601983051732,P:9.6|P:10.0|B:9.0|B:10.6|B:10.10|B:11.9|E:11.10,7,2,4,1,1,1,1,1,1,1,0.3333333333333333,0.3333333333333333,0.25
additive_head,1,50,-0.5812592878937721,-0.49295738340392103,0.08830190448985109,P:10.0|E:10.7,2,1,0,1,1,0,1,0,1,0,0.0,0.16666666666666666,0.0
additive_head,1,106,-0.08755524829030037,0.0119561301846004,0.09951137847490077,P:9.9|B:11.2,2,1,1,0,1,1,0,1,0,0,0.041666666666666664,0.0,0.0
additive_head,1,230,1.7152394354343414,1.552077326090513,-0.16316210934382847,P:9.9|P:9.6|P:10.0|B:9.0|B:9.7|B:10.2|B:10.6|B:10.10|B:11.2|B:11.9|E:11.10,11,3,7,1,1,1,1,1,1,1,0.875,0.5,0.4375
additive_head,1,160,0.06055968999862671,0.41009310435171786,0.34953341435309115,P:9.9|P:9.6|B:10.1|B:10.6|B:10.10|B:11.2|E:11.10,7,2,4,1,1,1,1,1,1,1,0.3333333333333333,0.3333333333333333,0.25
additive_head,1,48,-1.093090582638979,-0.32696458854381716,0.7661259940951618,B:9.0|B:9.7|B:10.1|B:10.2|B:10.6|B:10.10|B:11.9|E:10.7|E:11.10,9,0,7,2,0,1,1,0,0,1,0.0,0.0,0.875
additive_head,1,198,0.6584309488534927,1.0172807657988248,0.358849816945332,P:9.9|P:9.6|P:10.0|B:9.7,4,3,1,0,1,1,0,1,0,0,0.125,0.0,0.0
additive_head,1,168,0.2776085212826729,0.9500757359315197,0.6724672146488468,P:9.9|P:9.6|B:9.0|B:10.2|B:10.10|B:11.2|B:11.9,7,2,5,0,1,1,0,1,0,0,0.41666666666666663,0.0,0.0
additive_head,1,64,-1.8848259001970291,-1.3431120023452086,0.5417138978518206,P:9.6|B:10.2|E:10.7|E:11.10,4,1,1,2,1,1,1,1,1,1,0.041666666666666664,0.3333333333333333,0.125
additive_head,1,7,0.04607735201716423,-0.5995918648465699,-0.6456692168637341,B:10.2,1,0,1,0,0,1,0,0,0,0,0.0,0.0,0.0
additive_head,1,75,0.32792340219020844,-0.08498727855202559,-0.412910680742234,P:9.6|P:10.0,2,2,0,0,1,0,0,0,0,0,0.0,0.0,0.0
additive_head,1,174,0.0011423192918300629,-0.23450023823632538,-0.23564255752815544,P:9.9|P:9.6|B:9.0|B:9.7|B:10.1|B:11.9|E:10.7|E:11.10,8,2,4,2,1,1,1,1,1,1,0.3333333333333333,0.6666666666666666,0.5
additive_head,1,154,-0.12619714811444283,-0.3522635543009124,-0.22606640618646956,P:9.9|P:9.6|B:10.2|E:10.7|E:11.10,5,2,1,2,1,1,1,1,1,1,0.08333333333333333,0.6666666666666666,0.125
additive_head,1,142,1.7428619898855686,2.0630311185543446,0.320169128668776,P:9.9|P:10.0|B:9.0|B:9.7|B:10.1|B:10.2|B:10.6|B:10.10|B:11.2|B:11.9,10,2,8,0,1,1,0,1,0,0,0.6666666666666666,0.0,0.0
additive_head,1,10,-0.3037194274365902,-0.9788923178596958,-0.6751728904231056,B:11.2,1,0,1,0,0,1,0,0,0,0,0.0,0.0,0.0
additive_head,1,9,0.12788828462362287,-0.4327754146575641,-0.560663699281187,B:10.10,1,0,1,0,0,1,0,0,0,0,0.0,0.0,0.0
additive_head,1,177,-0.22630655765533447,0.4104324236392708,0.6367389812946053,P:9.9|P:9.6|P:10.0|E:11.10,4,3,0,1,1,0,1,0,1,0,0.0,0.5,0.0
additive_head,1,36,0.2635531798005104,-0.39752853242537933,-0.6610817122258897,B:9.0|B:10.6|B:11.9,3,0,3,0,0,1,0,0,0,0,0.0,0.0,0.0
additive_head,1,210,0.4698285423219204,0.8900518525099285,0.42022331018800807,P:9.9|P:9.6|P:10.0|B:9.0,4,3,1,0,1,1,0,1,0,0,0.125,0.0,0.0
additive_head,1,138,1.083946779370308,0.8369680122689056,-0.24697876710140232,P:9.9|P:10.0|B:9.0|B:10.1|B:10.2|B:10.10|B:11.2|B:11.9|E:10.7|E:11.10,10,2,6,2,1,1,1,1,1,1,0.5,0.6666666666666666,0.75
additive_head,1,141,1.2822950780391693,1.1406244283754348,-0.14167064966373455,P:9.9|P:10.0|B:9.0|B:9.7|B:10.1|B:10.2|B:10.6|B:11.2|B:11.9|E:11.10,10,2,7,1,1,1,1,1,1,1,0.5833333333333333,0.3333333333333333,0.4375
additive_head,1,120,0.74381148442626,1.2528997572150522,0.5090882727887922,P:9.9|P:10.0|B:10.10,3,2,1,0,1,1,0,1,0,0,0.08333333333333333,0.0,0.0
additive_head,1,131,0.400036346167326,0.3961964459712086,-0.0038399001961173518,P:9.9|P:10.0|B:9.7|B:10.1|B:11.9|E:10.7|E:11.10,7,2,3,2,1,1,1,1,1,1,0.25,0.6666666666666666,0.375
additive_head,1,30,-0.8866070061922073,-0.7685255254759986,0.11808148071620872,B:9.7|B:10.10|B:11.2|E:10.7,4,0,3,1,0,1,1,0,0,1,0.0,0.0,0.1875
additive_head,1,193,0.6254174932837486,1.428303517032141,0.8028860237483924,P:9.9|P:9.6|P:10.0|B:10.1|B:10.10,5,3,2,0,1,1,0,1,0,0,0.25,0.0,0.0
additive_head,1,19,1.8685232289135456,2.1429704751574734,0.2744472462439278,P:9.9|P:9.6|P:10.0|B:9.0|B:9.7|B:10.1|B:10.2|B:10.6|B:10.10|B:11.2|B:11.9,11,3,8,0,1,1,0,1,0,0,1.0,0.0,0.0
additive_head,1,204,1.4221223182976246,1.594262105416405,0.17213978711878042,P:9.9|P:9.6|P:10.0|B:9.7|B:10.6|B:10.10|B:11.9|E:10.7,8,3,4,1,1,1,1,1,1,1,0.5,0.5,0.25
additive_head,1,27,-2.0526970140635967,-1.2362012312850181,0.8164957827785786,B:10.2|B:11.9|E:10.7|E:11.10,4,0,2,2,0,1,1,0,0,1,0.0,0.0,0.25
additive_head,1,223,1.9471766948699951,1.703520130602152,-0.2436565642678432,P:9.9|P:9.6|P:10.0|B:9.0|B:10.1|B:10.2|B:10.6|B:10.10|B:11.2|B:11.9|E:10.7,11,3,7,1,1,1,1,1,1,1,0.875,0.5,0.4375
additive_head,1,74,-0.022991657257080078,-0.03813344256814333,-0.01514178531106325,P:9.6|B:9.0|B:9.7|B:10.1|B:10.2|B:10.6|B:10.10|B:11.2|B:11.9|E:11.10,10,1,8,1,1,1,1,1,1,1,0.3333333333333333,0.16666666666666666,0.5
additive_head,1,208,0.6361530162394047,0.8774779172966898,0.2413249010572851,P:9.9|P:9.6|P:10.0|B:9.7|B:10.1|B:10.2|E:11.10,7,3,3,1,1,1,1,1,1,1,0.375,0.5,0.1875
additive_head,1,224,0.5285060442984104,0.6780877599643794,0.149581715665969,P:9.9|P:9.6|P:10.0|B:9.0|B:9.7|B:10.6|B:11.2|E:11.10,8,3,4,1,1,1,1,1,1,1,0.5,0.5,0.25
additive_head,1,173,0.6124220378696918,0.22138086856373662,-0.3910411693059552,P:9.9|P:9.6|B:9.0|B:9.7|B:10.2|B:10.6|B:11.9|E:10.7|E:11.10,9,2,5,2,1,1,1,1,1,1,0.41666666666666663,0.6666666666666666,0.625
additive_head,1,18,0.16123811528086662,0.08240167539050369,-0.07883643989036293,P:9.9|P:9.6|P:10.0|E:10.7|E:11.10,5,3,0,2,1,0,1,0,1,0,0.0,1.0,0.0
additive_head,1,11,0.04421548917889595,-0.6729032313201555,-0.7171187204990515,B:11.9,1,0,1,0,0,1,0,0,0,0,0.0,0.0,0.0
additive_head,1,187,0.897874940186739,1.0779062264931674,0.1800312863064284,P:9.9|P:9.6|P:10.0|B:10.6|B:11.2,5,3,2,0,1,1,0,1,0,0,0.25,0.0,0.0
additive_head,1,151,0.276092492043972,0.5022184615410688,0.22612596949709673,P:9.9|P:9.6|B:10.6,3,2,1,0,1,1,0,1,0,0,0.08333333333333333,0.0,0.0
additive_head,1,157,0.37768739834427834,-0.02153189937085631,-0.39921929771513465,P:9.9|P:9.6|B:10.1|E:10.7,4,2,1,1,1,1,1,1,1,1,0.08333333333333333,0.3333333333333333,0.0625
additive_head,1,59,0.9626401513814926,0.5041821909234558,-0.4584579604580368,P:10.0|B:9.0|B:9.7|B:10.1|B:10.6|B:11.9,6,1,5,0,1,1,0,1,0,0,0.20833333333333331,0.0,0.0
additive_head,1,103,0.26081952825188637,0.31794521672414067,0.0571256884722543,P:9.9|B:11.9,2,1,1,0,1,1,0,1,0,0,0.041666666666666664,0.0,0.0
additive_head,1,156,0.08269025757908821,0.3064988488779109,0.2238085912988227,P:9.9|P:9.6|B:10.1,3,2,1,0,1,1,0,1,0,0,0.08333333333333333,0.0,0.0
additive_head,1,123,0.7120838984847069,0.47421650897811407,-0.2378673895065928,P:9.9|P:10.0|B:10.1|B:11.2|E:10.7,5,2,2,1,1,1,1,1,1,1,0.16666666666666666,0.3333333333333333,0.125
additive_head,1,78,-1.3243667595088482,-0.7215966449904739,0.6027701145183743,P:9.6|P:10.0|B:11.9|E:10.7|E:11.10,5,2,1,2,1,1,1,1,1,1,0.08333333333333333,0.6666666666666666,0.125
additive_head,1,115,0.6769261583685875,1.0770203788489061,0.4000942204803186,P:9.9|B:9.0|B:9.7|B:10.1|B:10.2|B:10.10|B:11.2|B:11.9,8,1,7,0,1,1,0,1,0,0,0.29166666666666663,0.0,0.0
additive_head,1,81,-0.23705962300300598,0.013959917525117271,0.25101954052812325,P:9.6|P:10.0|B:10.10|E:10.7,4,2,1,1,1,1,1,1,1,1,0.08333333333333333,0.3333333333333333,0.0625
additive_head,1,58,0.9003594256937504,1.079902033079716,0.1795426073859656,P:10.0|B:9.0|B:10.1|B:10.2|B:10.6|B:10.10|B:11.9,7,1,6,0,1,1,0,1,0,0,0.25,0.0,0.0
additive_head,1,8,0.20578551664948463,-0.5685693431063559,-0.7743548597558405,B:10.6,1,0,1,0,0,1,0,0,0,0,0.0,0.0,0.0
additive_head,1,212,0.9004754312336445,0.44288214538493964,-0.45759328584870484,P:9.9|P:9.6|P:10.0|B:9.0|B:11.2|E:10.7,6,3,2,1,1,1,1,1,1,1,0.25,0.5,0.125
additive_head,1,119,0.09514226019382477,0.5173431946994612,0.42220093450563645,P:9.9|P:10.0|B:11.9|E:11.10,4,2,1,1,1,1,1,1,1,1,0.08333333333333333,0.3333333333333333,0.0625
additive_head,2,163,-0.5653442852199078,0.006546708137147861,0.5718909933570556,P:9.9|P:9.6|B:9.7|B:10.2|B:11.2|E:11.10,6,2,3,1,1,1,1,1,1,1,0.25,0.3333333333333333,0.1875
additive_head,2,35,0.04845794662833214,-0.6156940824776638,-0.6641520291059959,B:9.0|B:11.9,2,0,2,0,0,1,0,0,0,0,0.0,0.0,0.0
additive_head,2,140,1.2962299212813377,0.7936690555672752,-0.5025608657140626,P:9.9|P:10.0|B:9.0|B:9.7|B:10.1|B:10.2|B:10.10|B:11.2|B:11.9|E:10.7|E:11.10,11,2,7,2,1,1,1,1,1,1,0.5833333333333333,0.6666666666666666,0.875
additive_head,2,26,-0.9894405044615269,-0.8052151627312176,0.18422534173030924,B:10.2|E:10.7,2,0,1,1,0,1,1,0,0,1,0.0,0.0,0.0625
additive_head,2,152,-0.15340392664074898,-0.33166231751041253,-0.17825839086966355,P:9.9|P:9.6|B:10.6|E:10.7|E:11.10,5,2,1,2,1,1,1,1,1,1,0.08333333333333333,0.6666666666666666,0.125
additive_head,2,179,0.8624304980039597,0.6257623063740456,-0.23666819162991404,P:9.9|P:9.6|P:10.0|B:11.9|E:10.7,5,3,1,1,1,1,1,1,1,1,0.125,0.5,0.0625
additive_head,2,86,-0.13070636987686157,-0.5593637190136516,-0.42865734913679,P:9.6|P:10.0|B:10.1|E:11.10,4,2,1,1,1,1,1,1,1,1,0.08333333333333333,0.3333333333333333,0.0625
additive_head,2,238,2.212401542812586,1.0389617593352172,-1.1734397834773687,P:9.9|P:9.6|P:10.0|B:9.0|B:9.7|B:10.1|B:10.2|B:10.6|B:10.10|B:11.2|E:10.7|E:11.10,12,3,7,2,1,1,1,1,1,1,0.875,1.0,0.875
additive_head,2,55,0.44097353890538216,-0.16288791481114817,-0.6038614537165303,P:10.0|B:9.0,2,1,1,0,1,1,0,1,0,0,0.041666666666666664,0.0,0.0
additive_head,2,195,1.275618951767683,0.6118280651561868,-0.6637908866114962,P:9.9|P:9.6|P:10.0|B:10.1|B:10.2|B:10.10|E:10.7|E:11.10,8,3,3,2,1,1,1,1,1,1,0.375,1.0,0.375
additive_head,2,112,0.8748807460069656,0.837920833017241,-0.036959912989724675,P:9.9|B:9.7|B:10.1|B:10.2|B:10.6|B:10.10|B:11.2|B:11.9|E:11.10,9,1,7,1,1,1,1,1,1,1,0.29166666666666663,0.16666666666666666,0.4375
additive_head,2,188,0.19750071316957474,0.5149529463742584,0.31745223320468363,P:9.9|P:9.6|P:10.0|B:10.2|E:11.10,5,3,1,1,1,1,1,1,1,1,0.125,0.5,0.0625
additive_head,2,72,0.3226247727870941,-0.09705168079567716,-0.4196764535827713,P:9.6|B:9.0|B:9.7|B:10.6|B:11.9,5,1,4,0,1,1,0,1,0,0,0.16666666666666666,0.0,0.0
additive_head,2,25,-0.6552459336817265,-1.0438974433492214,-0.38865150966749495,B:10.2|E:11.10,2,0,1,1,0,1,1,0,0,1,0.0,0.0,0.0625
additive_head,2,39,-1.902444377541542,-1.2549021913376448,0.6475421862038973,B:9.0|B:10.1|B:10.10|B:11.2|E:10.7|E:11.10,6,0,4,2,0,1,1,0,0,1,0.0,0.0,0.5
additive_head,2,192,0.37901822477579117,0.03545162367543209,-0.3435666011003591,P:9.9|P:9.6|P:10.0|B:10.1|E:10.7|E:11.10,6,3,1,2,1,1,1,1,1,1,0.125,1.0,0.125
additive_head,2,100,-0.2131936363875866,0.27569523810686725,0.48888887449445384,P:9.6|P:10.0|B:9.0|B:9.7|B:10.1|B:10.2|B:10.6|B:10.10|B:11.2|B:11.9|E:10.7|E:11.10,12,2,8,2,1,1,1,1,1,1,0.6666666666666666,0.6666666666666666,1.0
additive_head,2,132,0.7890389040112495,0.6521911838966952,-0.13684772011455437,P:9.9|P:10.0|B:9.7|B:10.1|B:10.2|B:11.2|E:11.10,7,2,4,1,1,1,1,1,1,1,0.3333333333333333,0.3333333333333333,0.25
additive_head,2,226,1.454001609236002,1.3990733504224606,-0.05492825881354135,P:9.9|P:9.6|P:10.0|B:9.0|B:9.7|B:10.6|B:10.10|B:11.9|E:10.7,9,3,5,1,1,1,1,1,1,1,0.625,0.5,0.3125
additive_head,2,216,1.325690682977438,1.0926103452492892,-0.23308033772814873,P:9.9|P:9.6|P:10.0|B:9.0|B:10.2|B:10.6|E:10.7,7,3,3,1,1,1,1,1,1,1,0.375,0.5,0.1875
additive_head,2,184,0.9177334345877171,0.33818259959467434,-0.5795508349930427,P:9.9|P:9.6|P:10.0|B:10.10|B:11.2|B:11.9|E:10.7|E:11.10,8,3,3,2,1,1,1,1,1,1,0.375,1.0,0.375
additive_head,2,33,-1.4734752662479877,-0.7967043733389827,0.676770892909005,B:9.7|B:10.1|B:10.6|B:10.10|B:11.2|E:10.7|E:11.10,7,0,5,2,0,1,1,0,0,1,0.0,0.0,0.625
additive_head,2,107,0.5038124993443489,0.2683094497398891,-0.23550304960445978,P:9.9|B:10.1|B:10.6|E:10.7,4,1,2,1,1,1,1,1,1,1,0.08333333333333333,0.16666666666666666,0.125
additive_head,2,165,0.0528549998998642,-0.13916367214455727,-0.19201867204442147,P:9.9|P:9.6|B:9.7|B:10.1|B:10.6|B:11.2|E:10.7|E:11.10,8,2,4,2,1,1,1,1,1,1,0.3333333333333333,0.6666666666666666,0.5
additive_head,2,43,0.25424106419086456,0.11100031023140111,-0.14324075395946345,B:9.0|B:9.7|B:10.6|B:10.10|B:11.2|B:11.9,6,0,6,0,0,1,0,0,0,0,0.0,0.0,0.0
additive_head,2,71,-1.9208563305437565,-1.0889964442607547,0.8318598862830018,P:9.6|B:9.0|B:10.1|B:10.2|B:11.2|B:11.9|E:10.7|E:11.10,8,1,5,2,1,1,1,1,1,1,0.20833333333333331,0.3333333333333333,0.625
additive_head,2,102,-0.7290077060461044,-0.7207136677709522,0.008294038275152182,P:9.9|E:10.7|E:11.10,3,1,0,2,1,0,1,0,1,0,0.0,0.3333333333333333,0.0
additive_head,2,196,1.6026018001139164,0.7141542361493406,-0.8884475639645758,P:9.9|P:9.6|P:10.0|B:10.1|B:10.2|B:10.10|B:11.2|B:11.9|E:10.7|E:11.10,10,3,5,2,1,1,1,1,1,1,0.625,1.0,0.625
additive_head,2,214,1.3109852150082588,0.5333990713591038,-0.777586143649155,P:9.9|P:9.6|P:10.0|B:9.0|B:10.6|B:10.10|B:11.2|E:10.7|E:11.10,9,3,4,2,1,1,1,1,1,1,0.5,1.0,0.5
additive_head,2,13,-0.7300628870725632,-1.3155290104600357,-0.5854661233874725,E:11.10,1,0,0,1,0,0,1,0,0,0,0.0,0.0,0.0
additive_head,2,232,1.2487009689211845,0.5441845890407535,-0.704516379880431,P:9.9|P:9.6|P:10.0|B:9.0|B:9.7|B:10.1|B:10.2|B:11.2|B:11.9|E:10.7|E:11.10,11,3,6,2,1,1,1,1,1,1,0.75,1.0,0.75
additive_head,2,231,1.8862354047596455,0.9110888387170009,-0.9751465660426446,P:9.9|P:9.6|P:10.0|B:9.0|B:9.7|B:10.1|B:10.6|B:10.10|B:11.2|B:11.9|E:10.7|E:11.10,12,3,7,2,1,1,1,1,1,1,0.875,1.0,0.875
additive_head,2,150,0.007378906011581418,-0.3607083855575929,-0.3680872915691743,P:9.9|P:9.6|B:10.10|E:10.7|E:11.10,5,2,1,2,1,1,1,1,1,1,0.08333333333333333,0.6666666666666666,0.125
additive_head,2,73,-0.7453505955636501,-0.27943710055280213,0.465913495010848,P:9.6|B:9.0|B:9.7|B:10.1|B:10.2|B:10.6|B:10.10|B:11.9|E:10.7|E:11.10,10,1,7,2,1,1,1,1,1,1,0.29166666666666663,0.3333333333333333,0.875
additive_head,2,147,-0.8010351993143559,-0.7068857354269775,0.09414946388737833,P:9.9|P:9.6|B:11.2|E:10.7|E:11.10,5,2,1,2,1,1,1,1,1,1,0.08333333333333333,0.6666666666666666,0.125
additive_head,2,202,1.0955001190304756,0.9163395856728358,-0.17916053335763982,P:9.9|P:9.6|P:10.0|B:9.7|B:10.10|E:10.7,6,3,2,1,1,1,1,1,1,1,0.25,0.5,0.125
additive_head,2,12,-1.0317822992801666,-1.076846729842032,-0.045064430561865265,E:10.7,1,0,0,1,0,0,1,0,0,0,0.0,0.0,0.0
additive_head,2,82,-0.03239645063877106,-0.3299128460403828,-0.29751639540161173,P:9.6|P:10.0|B:10.6|E:11.10,4,2,1,1,1,1,1,1,1,1,0.08333333333333333,0.3333333333333333,0.0625
additive_head,2,31,-0.23759472742676735,-0.5888346177509708,-0.35123989032420344,B:9.7|B:10.6|B:10.10|B:11.2|E:11.10,5,0,4,1,0,1,1,0,0,1,0.0,0.0,0.25
additive_head,2,153,0.2724653035402298,0.4692802378650127,0.19681493432478292,P:9.9|P:9.6|B:10.2,3,2,1,0,1,1,0,1,0,0,0.08333333333333333,0.0,0.0
additive_head,2,29,-2.1579615026712418,-1.5395802595698966,0.6183812431013451,B:9.7|B:11.2|E:10.7|E:11.10,4,0,2,2,0,1,1,0,0,1,0.0,0.0,0.25
additive_head,2,172,0.1690041534602642,0.562622989626922,0.3936188361666578,P:9.9|P:9.6|B:9.0|B:9.7|B:10.2|B:11.2,6,2,4,0,1,1,0,1,0,0,0.3333333333333333,0.0,0.0
additive_head,2,118,-0.11092682182788849,-0.1241488536118388,-0.013222031783950317,P:9.9|P:10.0|E:10.7|E:11.10,4,2,0,2,1,0,1,0,1,0,0.0,0.6666666666666666,0.0
additive_head,2,186,0.5278505198657513,0.2649024966487009,-0.26294802321705035,P:9.9|P:9.6|P:10.0|B:10.6|E:10.7|E:11.10,6,3,1,2,1,1,1,1,1,1,0.125,1.0,0.125
additive_head,2,79,-1.4608745947480202,-1.0173460889888117,0.44352850575920844,P:9.6|P:10.0|B:11.2|E:10.7|E:11.10,5,2,1,2,1,1,1,1,1,1,0.08333333333333333,0.6666666666666666,0.125
additive_head,2,139,1.478417843580246,1.7172122307520836,0.23879438717183765,P:9.9|P:10.0|B:9.0|B:10.1|B:10.2|B:10.6|B:10.10|B:11.2,8,2,6,0,1,1,0,1,0,0,0.5,0.0,0.0
additive_head,2,178,0.785550020635128,0.4820036598814479,-0.30354636075368013,P:9.9|P:9.6|P:10.0|E:10.7,4,3,0,1,1,0,1,0,1,0,0.0,0.5,0.0
additive_head,2,16,-1.3794433288276196,-0.37612998389566465,1.003313344931955,B:9.0|B:9.7|B:10.1|B:10.2|B:10.6|B:10.10|B:11.2|B:11.9|E:10.7|E:11.10,10,0,8,2,0,1,1,0,0,1,0.0,0.0,1.0
additive_head,3,110,0.5567262880504131,0.5417057702972323,-0.015020517753180807,P:9.9|B:9.7|B:10.10,3,1,2,0,1,1,0,1,0,0,0.08333333333333333,0.0,0.0
additive_head,3,116,0.6422114297747612,0.835394567453543,0.1931831376787818,P:9.9|P:10.0,2,2,0,0,1,0,0,0,0,0,0.0,0.0,0.0
additive_head,3,199,-0.008658107370138168,0.424800576094847,0.4334586834649852,P:9.9|P:9.6|P:10.0|B:9.7|E:11.10,5,3,1,1,1,1,1,1,1,1,0.125,0.5,0.0625
additive_head,3,236,1.3518722876906395,1.2537046268607464,-0.09816766082989314,P:9.9|P:9.6|P:10.0|B:9.0|B:9.7|B:10.1|B:10.2|B:10.6|B:11.2|B:11.9|E:11.10,11,3,7,1,1,1,1,1,1,1,0.875,0.5,0.4375
additive_head,3,176,0.47614696621894836,0.5710716585133309,0.0949246922943825,P:9.9|P:9.6|B:9.0|B:9.7|B:10.1|B:10.2|B:10.6|B:11.9|E:11.10,9,2,6,1,1,1,1,1,1,1,0.5,0.3333333333333333,0.375
additive_head,3,185,0.7254875265061855,1.2815569257812438,0.5560693992750583,P:9.9|P:9.6|P:10.0|B:10.6,4,3,1,0,1,1,0,1,0,0,0.125,0.0,0.0
additive_head,3,158,-0.3258376196026802,-0.5254866873241255,-0.1996490677214453,P:9.9|P:9.6|B:10.1|E:10.7|E:11.10,5,2,1,2,1,1,1,1,1,1,0.08333333333333333,0.6666666666666666,0.125
additive_head,3,2,-0.1576346568763256,-0.752303481382562,-0.5946688245062364,P:9.6,1,1,0,0,1,0,0,0,0,0,0.0,0.0,0.0
additive_head,3,209,1.2488095052540302,1.608857331825985,0.36004782657195467,P:9.9|P:9.6|P:10.0|B:9.7|B:10.1|B:10.2|B:10.6,7,3,4,0,1,1,0,1,0,0,0.5,0.0,0.0
additive_head,3,92,-0.4412704110145569,-0.6024819001065138,-0.16121148909195693,P:9.6|P:10.0|B:9.0|B:11.2|E:11.10,5,2,2,1,1,1,1,1,1,1,0.16666666666666666,0.3333333333333333,0.125
additive_head,3,98,1.0093169696629047,1.1453214044082727,0.13600443474536794,P:9.6|P:10.0|B:9.0|B:9.7|B:10.1|B:10.2|B:10.6|B:10.10|B:11.2|B:11.9,10,2,8,0,1,1,0,1,0,0,0.6666666666666666,0.0,0.0
additive_head,3,105,-0.6707933135330677,-0.5069560953492595,0.16383721818380825,P:9.9|B:11.9|E:10.7|E:11.10,4,1,1,2,1,1,1,1,1,1,0.041666666666666664,0.3333333333333333,0.125
additive_head,3,205,1.3846071772277355,1.0385597595673668,-0.34604741766036873,P:9.9|P:9.6|P:10.0|B:9.7|B:10.2|B:11.2|B:11.9|E:10.7,8,3,4,1,1,1,1,1,1,1,0.5,0.5,0.25
additive_head,3,200,0.39837056398391724,0.12660868284686,-0.27176188113705724,P:9.9|P:9.6|P:10.0|B:9.7|E:10.7|E:11.10,6,3,1,2,1,1,1,1,1,1,0.125,1.0,0.125
additive_head,3,23,-0.8226649463176727,-0.7584309513882587,0.06423399492941406,B:10.6|E:10.7,2,0,1,1,0,1,1,0,0,1,0.0,0.0,0.0625
additive_head,3,56,-0.4917997419834137,-0.18165677740257624,0.31014296458083745,P:10.0|B:9.0|B:10.1|B:11.2|B:11.9|E:10.7,6,1,4,1,1,1,1,1,1,1,0.16666666666666666,0.16666666666666666,0.25
additive_head,3,159,0.029253222048282623,0.6492923360163678,0.6200391139680852,P:9.9|P:9.6|B:10.1|B:10.10|B:11.2,5,2,3,0,1,1,0,1,0,0,0.25,0.0,0.0
additive_head,3,239,2.124457161873579,1.8306717114484732,-0.29378545042510584,P:9.9|P:9.6|P:10.0|B:9.0|B:9.7|B:10.1|B:10.2|B:10.6|B:10.10|B:11.2|B:11.9|E:10.7,12,3,8,1,1,1,1,1,1,1,1.0,0.5,0.5
additive_head,3,63,-1.987990591675043,-1.5896798579440778,0.39831073373096526,P:9.6|E:10.7|E:11.10,3,1,0,2,1,0,1,0,1,0,0.0,0.3333333333333333,0.0
additive_head,3,90,0.6627392582595348,0.23732435930128937,-0.42541489895824547,P:9.6|P:10.0|B:9.7|B:10.1|B:11.9,5,2,3,0,1,1,0,1,0,0,0.25,0.0,0.0
additive_head,3,85,0.31950290501117706,0.3016679281150392,-0.01783497689613789,P:9.6|P:10.0|B:10.2|B:11.2|B:11.9,5,2,3,0,1,1,0,1,0,0,0.25,0.0,0.0
additive_head,3,181,0.5778550244867802,0.9138716872530412,0.3360166627662611,P:9.9|P:9.6|P:10.0|B:11.2,4,3,1,0,1,1,0,1,0,0,0.125,0.0,0.0
additive_head,3,146,-0.3059505894780159,0.23266687116241835,0.5386174606404343,P:9.9|P:9.6|B:11.2,3,2,1,0,1,1,0,1,0,0,0.08333333333333333,0.0,0.0
additive_head,3,117,0.02911713346838951,0.2962100841400144,0.26709295067162486,P:9.9|P:10.0|E:11.10,3,2,0,1,1,0,1,0,1,0,0.0,0.3333333333333333,0.0
additive_head,3,143,1.8553861118853092,1.5126301538402258,-0.3427559580450834,P:9.9|P:10.0|B:9.0|B:9.7|B:10.1|B:10.2|B:10.6|B:10.10|B:11.2|B:11.9|E:11.10,11,2,8,1,1,1,1,1,1,1,0.6666666666666666,0.3333333333333333,0.5
additive_head,3,233,1.3947341851890087,1.5835196840621282,0.18878549887311946,P:9.9|P:9.6|P:10.0|B:9.0|B:9.7|B:10.1|B:10.2|B:10.10|B:11.2,9,3,6,0,1,1,0,1,0,0,0.75,0.0,0.0
additive_head,3,97,-0.00730687752366066,0.14204162585310542,0.14934850337676608,P:9.6|P:10.0|B:9.0|B:9.7|B:10.1|B:10.2|B:11.2|B:11.9|E:10.7,9,2,6,1,1,1,1,1,1,1,0.5,0.3333333333333333,0.375
additive_head,3,80,0.4240094982087612,0.26487582923024555,-0.15913366897851566,P:9.6|P:10.0|B:10.10,3,2,1,0,1,1,0,1,0,0,0.08333333333333333,0.0,0.0
additive_head,3,203,1.0001394301652908,1.6690729447155557,0.6689335145502648,P:9.9|P:9.6|P:10.0|B:9.7|B:10.6|B:10.10,6,3,3,0,1,1,0,1,0,0,0.375,0.0,0.0
additive_head,3,182,-0.11927512288093567,0.3746872039395126,0.49396232682044827,P:9.9|P:9.6|P:10.0|B:11.2|E:11.10,5,3,1,1,1,1,1,1,1,1,0.125,0.5,0.0625
additive_head,3,17,0.46299997344613075,0.9124435349962483,0.44944356155011755,P:9.9|P:9.6|P:10.0,3,3,0,0,1,0,0,0,0,0,0.0,0.0,0.0
additive_head,3,108,-0.32360805571079254,-0.10780769806120183,0.2158003576495907,P:9.9|B:10.1|B:10.2|B:11.2|E:11.10,5,1,3,1,1,1,1,1,1,1,0.125,0.16666666666666666,0.1875
additive_head,3,44,0.4107043147087097,-0.3548123634170293,-0.765516678125739,B:9.0|B:9.7|B:10.1|B:10.10,4,0,4,0,0,1,0,0,0,0,0.0,0.0,0.0
additive_head,3,148,-0.35026708617806435,0.02802873011428131,0.37829581629234565,P:9.9|P:9.6|B:10.10|E:11.10,4,2,1,1,1,1,1,1,1,1,0.08333333333333333,0.3333333333333333,0.0625
additive_head,3,5,0.18057629838585854,-0.7778109245131399,-0.9583872228989985,B:9.7,1,0,1,0,0,1,0,0,0,0,0.0,0.0,0.0
additive_head,3,129,0.762895978987217,0.613781017389999,-0.14911496159721793,P:9.9|P:10.0|B:9.7|B:10.2|B:10.6|E:10.7|E:11.10,7,2,3,2,1,1,1,1,1,1,0.25,0.6666666666666666,0.375
additive_head,3,194,1.2136539109051228,1.0662410532302113,-0.1474128576749114,P:9.9|P:9.6|P:10.0|B:10.1|B:10.2|B:11.9|E:10.7,7,3,3,1,1,1,1,1,1,1,0.375,0.5,0.1875
additive_head,3,42,-0.46380022168159485,-0.7969891349561936,-0.33318891327459876,B:9.0|B:9.7|B:10.10|B:11.2|B:11.9|E:11.10,6,0,5,1,0,1,1,0,0,1,0.0,0.0,0.3125
additive_head,3,183,0.8049454912543297,1.2498461817752258,0.4449006905208961,P:9.9|P:9.6|P:10.0|B:10.10|B:11.2,5,3,2,0,1,1,0,1,0,0,0.25,0.0,0.0
additive_head,3,28,0.2634904868900776,-0.21761907277046877,-0.48110955966054636,B:10.1|B:10.2|B:10.10,3,0,3,0,0,1,0,0,0,0,0.0,0.0,0.0
additive_head,3,45,-0.5084521621465683,-0.10623218377389143,0.40221997837267687,B:9.0|B:9.7|B:10.1|B:10.6|B:10.10|B:11.2|B:11.9|E:10.7,8,0,7,1,0,1,1,0,0,1,0.0,0.0,0.4375
additive_head,3,61,-1.0373320244252682,-0.10507843421813301,0.9322535902071352,P:10.0|B:9.0|B:9.7|B:10.1|B:10.2|B:10.6|B:11.2|B:11.9|E:10.7|E:11.10,10,1,7,2,1,1,1,1,1,1,0.29166666666666663,0.3333333333333333,0.875
additive_head,3,94,-0.49759408831596375,0.06129559213378055,0.5588896804497443,P:9.6|P:10.0|B:9.0|B:10.1|B:10.6|B:10.10|B:11.2|B:11.9|E:10.7|E:11.10,10,2,6,2,1,1,1,1,1,1,0.5,0.6666666666666666,0.75
additive_head,3,166,0.34098824113607407,-0.27883725161114914,-0.6198254927472232,P:9.9|P:9.6|B:9.7|B:10.1|B:10.2|E:10.7|E:11.10,7,2,3,2,1,1,1,1,1,1,0.25,0.6666666666666666,0.375
additive_head,3,54,0.02327965945005417,-0.6066811458164083,-0.6299608052664625,P:10.0|B:10.1|E:11.10,3,1,1,1,1,1,1,1,1,1,0.041666666666666664,0.16666666666666666,0.0625
additive_head,3,41,-2.0931180715560913,-1.4311555227263653,0.661962548829726,B:9.0|B:9.7|B:11.2|B:11.9|E:10.7|E:11.10,6,0,4,2,0,1,1,0,0,1,0.0,0.0,0.5
additive_head,3,180,0.22938881069421768,0.25129768828406895,0.021908877589851272,P:9.9|P:9.6|P:10.0|B:11.9|E:10.7|E:11.10,6,3,1,2,1,1,1,1,1,1,0.125,1.0,0.125
additive_head,3,137,0.9683080837130547,1.1189546975851108,0.15064661387205613,P:9.9|P:10.0|B:9.0|B:10.1|B:10.2|B:11.2,6,2,4,0,1,1,0,1,0,0,0.3333333333333333,0.0,0.0
additive_head,4,135,0.3180081695318222,0.5308316023630862,0.21282343283126404,P:9.9|P:10.0|B:9.0|B:10.6|B:11.9|E:10.7|E:11.10,7,2,3,2,1,1,1,1,1,1,0.25,0.6666666666666666,0.375
additive_head,4,37,-2.092911761254072,-1.2386736648505754,0.8542380964034968,B:9.0|B:10.2|E:10.7|E:11.10,4,0,2,2,0,1,1,0,0,1,0.0,0.0,0.25
additive_head,4,91,0.38466572016477585,0.13846926313133512,-0.24619645703344073,P:9.6|P:10.0|B:9.0|B:11.9,4,2,2,0,1,1,0,1,0,0,0.16666666666666666,0.0,0.0
additive_head,4,113,-0.6673449911177158,-0.44916770438801246,0.21817728672970338,P:9.9|B:9.0|B:9.7|B:11.2|B:11.9|E:10.7|E:11.10,7,1,4,2,1,1,1,1,1,1,0.16666666666666666,0.3333333333333333,0.5
additive_head,4,38,-0.12388213351368904,-0.09206684089042094,0.0318152926232681,B:9.0|B:10.2|B:10.10|B:11.2|B:11.9,5,0,5,0,0,1,0,0,0,0,0.0,0.0,0.0
additive_head,4,62,-0.96882164478302,-1.2371067828277136,-0.26828513804469356,P:9.6|E:11.10,2,1,0,1,1,0,1,0,1,0,0.0,0.16666666666666666,0.0
additive_head,4,57,-1.3938638791441917,-0.5054120471736758,0.8884518319705159,P:10.0|B:9.0|B:10.1|B:10.2|E:10.7|E:11.10,6,1,3,2,1,1,1,1,1,1,0.125,0.3333333333333333,0.375
additive_head,4,190,0.7528919950127602,0.7851341161452452,0.032242121132485035,P:9.9|P:9.6|P:10.0|B:10.2|B:10.6|B:11.2|E:11.10,7,3,3,1,1,1,1,1,1,1,0.375,0.5,0.1875
additive_head,4,164,0.30114129185676575,0.743989277094921,0.4428479852381553,P:9.9|P:9.6|B:9.7|B:10.1|B:10.10|B:11.2|B:11.9,7,2,5,0,1,1,0,1,0,0,0.41666666666666663,0.0,0.0
additive_head,4,221,0.5948651321232319,0.6368189263898487,0.04195379426661683,P:9.9|P:9.6|P:10.0|B:9.0|B:10.1|B:10.2|B:11.2|E:11.10,8,3,4,1,1,1,1,1,1,1,0.5,0.5,0.25
additive_head,4,1,0.1935817413032055,0.20559047076310855,0.012008729459903056,P:9.9,1,1,0,0,1,0,0,0,0,0,0.0,0.0,0.0
additive_head,4,53,-0.06579641252756119,-0.26048226305380484,-0.19468585052624365,P:10.0|B:10.2|B:11.9|E:11.10,4,1,2,1,1,1,1,1,1,1,0.08333333333333333,0.16666666666666666,0.125
additive_head,4,126,0.9073482267558575,0.9102157525304286,0.002867525774571167,P:9.9|P:10.0|B:10.1|B:10.2|E:10.7,5,2,2,1,1,1,1,1,1,1,0.16666666666666666,0.3333333333333333,0.125
additive_head,4,14,-2.1500720120966434,-1.5503497554098913,0.5997222566867522,E:10.7|E:11.10,2,0,0,2,0,0,1,0,0,0,0.0,0.0,0.0
additive_head,4,40,0.43496930971741676,0.04736561042526771,-0.38760369929214905,B:9.0|B:10.1|B:10.6|B:10.10,4,0,4,0,0,1,0,0,0,0,0.0,0.0,0.0
additive_head,4,234,1.2642529793083668,1.6747034867731156,0.41045050746474887,P:9.9|P:9.6|P:10.0|B:9.0|B:9.7|B:10.1|B:10.2|B:10.6,8,3,5,0,1,1,0,1,0,0,0.625,0.0,0.0
additive_head,4,34,-0.4527350068092346,-0.1512127263937314,0.3015222804155032,B:9.7|B:10.1|B:10.2|B:10.10|B:11.9|E:10.7,6,0,5,1,0,1,1,0,0,1,0.0,0.0,0.3125
additive_head,4,99,0.8856487385928631,0.5216143753824283,-0.3640343632104348,P:9.6|P:10.0|B:9.0|B:9.7|B:10.1|B:10.2|B:10.6|B:10.10|B:11.2|B:11.9|E:11.10,11,2,8,1,1,1,1,1,1,1,0.6666666666666666,0.3333333333333333,0.5
additive_head,4,109,0.5982384718954563,0.514979751819201,-0.08325872007625534,P:9.9|B:10.1|B:10.2|B:10.6|B:10.10|B:11.2|E:11.10,7,1,5,1,1,1,1,1,1,1,0.20833333333333331,0.16666666666666666,0.3125
additive_head,4,49,-0.5108466930687428,0.1187449940424169,0.6295916871111596,B:9.0|B:9.7|B:10.1|B:10.2|B:10.6|B:10.10|B:11.2|B:11.9|E:10.7,9,0,8,1,0,1,1,0,0,1,0.0,0.0,0.5
additive_head,4,127,0.24340659379959106,0.36897271071594284,0.12556611691635178,P:9.9|P:10.0|B:9.7|E:11.10,4,2,1,1,1,1,1,1,1,1,0.08333333333333333,0.3333333333333333,0.0625
additive_head,4,21,-2.0925130136311054,-1.4165586570488036,0.6759543565823019,B:11.9|E:10.7|E:11.10,3,0,1,2,0,1,1,0,0,1,0.0,0.0,0.125
additive_head,4,227,1.6139287240803242,0.835559810592587,-0.7783689134877372,P:9.9|P:9.6|P:10.0|B:9.0|B:9.7|B:10.6|B:10.10|B:11.2|B:11.9|E:10.7|E:11.10,11,3,6,2,1,1,1,1,1,1,0.75,1.0,0.75
additive_head,4,167,0.3539474345743656,0.16594105022191497,-0.18800638435245065,P:9.9|P:9.6|B:9.0|B:11.9|E:10.7,5,2,2,1,1,1,1,1,1,1,0.16666666666666666,0.3333333333333333,0.125
additive_head,4,125,1.1199581176042557,1.2779537867528,0.15799566914854424,P:9.9|P:10.0|B:10.1|B:10.6|B:11.2|B:11.9,6,2,4,0,1,1,0,1,0,0,0.3333333333333333,0.0,0.0
additive_head,4,170,0.3828652650117874,0.7205365675675673,0.33767130255577993,P:9.9|P:9.6|B:9.0|B:10.1|B:10.6,5,2,3,0,1,1,0,1,0,0,0.25,0.0,0.0
additive_head,4,66,0.09258740022778511,-0.21265150547268785,-0.30523890570047296,P:9.6|B:10.1|B:10.2|B:11.9,4,1,3,0,1,1,0,1,0,0,0.125,0.0,0.0
additive_head,4,104,0.20134234055876732,0.06371626313974477,-0.13762607741902255,P:9.9|B:11.9|E:10.7,3,1,1,1,1,1,1,1,1,1,0.041666666666666664,0.16666666666666666,0.0625
additive_head,4,22,-0.9958479702472687,-1.2484245610937124,-0.2525765908464437,B:11.2|B:11.9|E:11.10,3,0,2,1,0,1,1,0,0,1,0.0,0.0,0.125
additive_head,4,46,-0.23023967072367668,-0.46218721913203764,-0.23194754840836096,B:9.0|B:9.7|B:10.1|B:10.2|B:10.10|B:11.2|B:11.9|E:11.10,8,0,7,1,0,1,1,0,0,1,0.0,0.0,0.4375
additive_head,4,111,-0.15740074962377548,-0.2272329032231194,-0.06983215359934392,P:9.9|B:9.7|B:10.6|E:10.7|E:11.10,5,1,2,2,1,1,1,1,1,1,0.08333333333333333,0.3333333333333333,0.25
additive_head,4,70,-1.6255602352321148,-0.9674254001505372,0.6581348350815776,P:9.6|B:9.0|B:10.1|B:10.2|B:11.9|E:10.7|E:11.10,7,1,4,2,1,1,1,1,1,1,0.16666666666666666,0.3333333333333333,0.5
additive_head,4,77,-1.3802263587713242,-0.8793899708764896,0.5008363878948345,P:9.6|P:10.0|E:10.7|E:11.10,4,2,0,2,1,0,1,0,1,0,0.0,0.6666666666666666,0.0
additive_head,4,145,-0.9065218307077885,-0.3005875718170068,0.6059342588907817,P:9.9|P:9.6|E:11.10,3,2,0,1,1,0,1,0,1,0,0.0,0.3333333333333333,0.0
additive_head,4,207,1.1867230460047722,0.6654815898976628,-0.5212414561071094,P:9.9|P:9.6|P:10.0|B:9.7|B:10.1|B:10.10|B:11.9|E:10.7|E:11.10,9,3,4,2,1,1,1,1,1,1,0.5,1.0,0.5
additive_head,4,189,0.5667572394013405,0.3041582102090892,-0.2625990291922513,P:9.9|P:9.6|P:10.0|B:10.2|E:10.7|E:11.10,6,3,1,2,1,1,1,1,1,1,0.125,1.0,0.125
additive_head,4,20,2.3267794027924538,1.182468280408684,-1.1443111223837699,P:9.9|P:9.6|P:10.0|B:9.0|B:9.7|B:10.1|B:10.2|B:10.6|B:10.10|B:11.2|B:11.9|E:10.7|E:11.10,13,3,8,2,1,1,1,1,1,1,1.0,1.0,1.0
additive_head,4,175,0.43807394430041313,0.7823765092476374,0.3443025649472242,P:9.9|P:9.6|B:9.0|B:9.7|B:10.1|B:10.10,6,2,4,0,1,1,0,1,0,0,0.3333333333333333,0.0,0.0
additive_head,4,67,0.1194758489727974,-0.3725662723799987,-0.49204212135279607,P:9.6|B:9.7|B:10.2,3,1,2,0,1,1,0,1,0,0,0.08333333333333333,0.0,0.0
additive_head,4,121,0.8768309131264687,1.1518143986798481,0.2749834855533795,P:9.9|P:10.0|B:10.6,3,2,1,0,1,1,0,1,0,0,0.08333333333333333,0.0,0.0
additive_head,4,213,0.7374192625284195,1.2540391857620183,0.5166199232335988,P:9.9|P:9.6|P:10.0|B:9.0|B:10.6,5,3,2,0,1,1,0,1,0,0,0.25,0.0,0.0
additive_head,4,211,0.1879602037370205,0.12177636061866082,-0.06618384311835968,P:9.9|P:9.6|P:10.0|B:9.0|E:10.7|E:11.10,6,3,1,2,1,1,1,1,1,1,0.125,1.0,0.125
additive_head,4,133,1.7260217368602753,1.2221177009498774,-0.5039040359103979,P:9.9|P:10.0|B:9.7|B:10.1|B:10.2|B:10.6|B:10.10|B:11.2|E:11.10,9,2,6,1,1,1,1,1,1,1,0.5,0.3333333333333333,0.375
additive_head,4,161,0.41517258435487747,-0.035949697548588566,-0.45112228190346604,P:9.9|P:9.6|B:10.1|B:10.2|B:10.10|B:11.2|E:10.7|E:11.10,8,2,4,2,1,1,1,1,1,1,0.3333333333333333,0.6666666666666666,0.5
additive_head,4,65,-1.8147796541452408,-1.072348408300519,0.7424312458447218,P:9.6|B:10.2|B:10.10|B:11.2|E:10.7|E:11.10,6,1,3,2,1,1,1,1,1,1,0.125,0.3333333333333333,0.375
additive_head,4,220,1.2591385692358017,0.8354235908070827,-0.42371497842871897,P:9.9|P:9.6|P:10.0|B:9.0|B:10.1|B:10.6|B:10.10|E:10.7|E:11.10,9,3,4,2,1,1,1,1,1,1,0.5,1.0,0.5
additive_head,4,47,0.18758106604218483,-0.04030671880035264,-0.22788778484253747,B:9.0|B:9.7|B:10.1|B:10.2|B:10.6|B:11.2,6,0,6,0,0,1,0,0,0,0,0.0,0.0,0.0
count_additive,0,122,0.3629409745335579,0.6355296330647475,0.27258865853118963,P:9.9|P:10.0|B:10.6|E:11.10,4,2,1,1,1,1,1,1,1,1,0.08333333333333333,0.3333333333333333,0.0625
count_additive,0,52,-1.6007909774780273,-0.8552713277070062,0.7455196497710211,P:10.0|B:10.2|E:10.7|E:11.10,4,1,1,2,1,1,1,1,1,1,0.041666666666666664,0.3333333333333333,0.125
count_additive,0,169,0.708813302218914,0.2958025252999645,-0.41301077691894955,P:9.9|P:9.6|B:9.0|B:10.2|B:10.6|B:10.10|B:11.2|B:11.9|E:10.7|E:11.10,10,2,6,2,1,1,1,1,1,1,0.5,0.6666666666666666,0.75
count_additive,0,88,0.1200842633843422,-0.10117889165093641,-0.2212631550352786,P:9.6|P:10.0|B:9.7|B:10.6|B:11.2|B:11.9|E:11.10,7,2,4,1,1,1,1,1,1,1,0.3333333333333333,0.3333333333333333,0.25
count_additive,0,162,0.49946876987814903,-0.10361917703913981,-0.6030879469172888,P:9.9|P:9.6|B:10.1|B:10.2|B:10.6|E:10.7|E:11.10,7,2,3,2,1,1,1,1,1,1,0.25,0.6666666666666666,0.375
count_additive,0,197,1.1613009199500084,0.709473425106714,-0.45182749484329443,P:9.9|P:9.6|P:10.0|B:10.1|B:10.2|B:10.6|E:10.7|E:11.10,8,3,3,2,1,1,1,1,1,1,0.375,1.0,0.375
count_additive,0,206,1.1710864640772343,0.676441456095234,-0.4946450079820003,P:9.9|P:9.6|P:10.0|B:9.7|B:10.2|B:10.6|E:10.7|E:11.10,8,3,3,2,1,1,1,1,1,1,0.375,1.0,0.375
count_additive,0,225,1.2041504010558128,1.392611404949566,0.1884610038937531,P:9.9|P:9.6|P:10.0|B:9.0|B:9.7|B:10.6|B:11.2|B:11.9,8,3,5,0,1,1,0,1,0,0,0.625,0.0,0.0
count_additive,0,51,-0.7062482126057148,-0.6430038781531734,0.0632443344525414,P:10.0|B:11.2|E:10.7,3,1,1,1,1,1,1,1,1,1,0.041666666666666664,0.16666666666666666,0.0625
count_additive,0,3,0.42918625101447105,-0.19894072382882433,-0.6281269748432954,P:10.0,1,1,0,0,1,0,0,0,0,0,0.0,0.0,0.0
count_additive,0,68,-0.03323224559426308,-0.3365222732993423,-0.30329002770507923,P:9.6|B:9.7|B:10.1|B:10.10|B:11.2,5,1,4,0,1,1,0,1,0,0,0.16666666666666666,0.0,0.0
count_additive,0,237,1.4893603511154652,2.3649452785773786,0.8755849274619134,P:9.9|P:9.6|P:10.0|B:9.0|B:9.7|B:10.1|B:10.2|B:10.6|B:10.10|B:11.9,10,3,7,0,1,1,0,1,0,0,0.875,0.0,0.0
count_additive,0,32,-0.6199087165296078,-0.4260879128470103,0.19382080368259746,B:9.7|B:10.2|B:10.10|E:10.7,4,0,3,1,0,1,1,0,0,1,0.0,0.0,0.1875
count_additive,0,134,0.43865132704377174,0.7755723267675911,0.3369209997238194,P:9.9|P:10.0|B:9.0|B:10.6|B:11.9|E:11.10,6,2,3,1,1,1,1,1,1,1,0.25,0.3333333333333333,0.1875
count_additive,0,6,0.11284342035651207,-0.5670361411225949,-0.679879561479107,B:10.1,1,0,1,0,0,1,0,0,0,0,0.0,0.0,0.0
count_additive,0,149,0.47060735896229744,0.20759948620057694,-0.2630078727617205,P:9.9|P:9.6|B:10.10|E:10.7,4,2,1,1,1,1,1,1,1,1,0.08333333333333333,0.3333333333333333,0.0625
count_additive,0,155,0.7810946628451347,0.5659985823599165,-0.21509608048521822,P:9.9|P:9.6|B:10.2|B:10.6|B:10.10|B:11.2|E:10.7,7,2,4,1,1,1,1,1,1,1,0.3333333333333333,0.3333333333333333,0.25
count_additive,0,218,0.6303710080683231,1.4114762047438618,0.7811051966755387,P:9.9|P:9.6|P:10.0|B:9.0|B:10.1|B:10.10,6,3,3,0,1,1,0,1,0,0,0.375,0.0,0.0
count_additive,0,83,0.6069852113723755,0.44800354755573896,-0.15898166381663653,P:9.6|P:10.0|B:10.6|B:11.9,4,2,2,0,1,1,0,1,0,0,0.16666666666666666,0.0,0.0
count_additive,0,201,0.5236174315214157,0.2033812174196553,-0.3202362141017604,P:9.9|P:9.6|P:10.0|B:9.7|B:11.2|B:11.9|E:10.7|E:11.10,8,3,3,2,1,1,1,1,1,1,0.375,1.0,0.375
count_additive,0,96,0.8413464911282063,0.8139770983916433,-0.027369392736562914,P:9.6|P:10.0|B:9.0|B:9.7|B:10.2|B:10.6|B:10.10|B:11.2,8,2,6,0,1,1,0,1,0,0,0.5,0.0,0.0
count_additive,0,89,0.0035700574517250057,-0.2693850090037576,-0.2729550664554826,P:9.6|P:10.0|B:9.7|B:10.2|E:11.10,5,2,2,1,1,1,1,1,1,1,0.16666666666666666,0.3333333333333333,0.125
count_additive,0,101,0.13574618473649025,-0.2365058513512585,-0.37225203608774876,P:9.9|E:10.7,2,1,0,1,1,0,1,0,1,0,0.0,0.16666666666666666,0.0
count_additive,0,60,0.8043079115450382,0.7012493120777745,-0.1030585994672637,P:10.0|B:9.0|B:9.7|B:10.1|B:10.2|B:10.6|B:11.2|B:11.9,8,1,7,0,1,1,0,1,0,0,0.29166666666666663,0.0,0.0
count_additive,0,222,2.0050816535949707,1.0469653781756958,-0.9581162754192749,P:9.9|P:9.6|P:10.0|B:9.0|B:10.1|B:10.2|B:10.6|B:10.10|B:11.2|E:10.7|E:11.10,11,3,6,2,1,1,1,1,1,1,0.75,1.0,0.75
count_additive,0,76,-0.3358710706233978,-0.6344802539882369,-0.2986091833648391,P:9.6|P:10.0|E:11.10,3,2,0,1,1,0,1,0,1,0,0.0,0.3333333333333333,0.0
count_additive,0,144,-0.024949822574853897,0.13431997809227453,0.15926980066712842,P:9.9|P:9.6,2,2,0,0,1,0,0,0,0,0,0.0,0.0,0.0
count_additive,0,84,-0.024493630975484848,0.2703951974655718,0.2948888284410566,P:9.6|P:10.0|B:10.6|B:10.10|E:10.7,5,2,2,1,1,1,1,1,1,1,0.16666666666666666,0.3333333333333333,0.125
count_additive,0,215,0.6853511184453964,0.048844829504681164,-0.6365062889407153,P:9.9|P:9.6|P:10.0|B:9.0|B:10.2|B:11.2|E:10.7|E:11.10,8,3,3,2,1,1,1,1,1,1,0.375,1.0,0.375
count_additive,0,24,-1.9098994433879852,-1.2835922032894655,0.6263072400985197,B:10.6|E:10.7|E:11.10,3,0,1,2,0,1,1,0,0,1,0.0,0.0,0.125
count_additive,0,136,0.734557755291462,0.9551607984475202,0.22060304315605828,P:9.9|P:10.0|B:9.0|B:10.1,4,2,2,0,1,1,0,1,0,0,0.16666666666666666,0.0,0.0
count_additive,0,171,0.4481462836265564,-0.26936139276548066,-0.717507676392037,P:9.9|P:9.6|B:9.0|B:10.1|B:10.2|B:10.10|B:11.2|E:10.7|E:11.10,9,2,5,2,1,1,1,1,1,1,0.41666666666666663,0.6666666666666666,0.625
count_additive,0,69,-1.431811336427927,-0.7331499461455948,0.6986613902823322,P:9.6|B:9.7|B:10.1|B:10.2|B:10.6|B:11.2|B:11.9|E:10.7|E:11.10,9,1,6,2,1,1,1,1,1,1,0.25,0.3333333333333333,0.75
count_additive,0,191,-0.00995168462395668,0.6426765015282399,0.6526281861521965,P:9.9|P:9.6|P:10.0|B:10.1|E:11.10,5,3,1,1,1,1,1,1,1,1,0.125,0.5,0.0625
count_additive,0,235,1.4840984642505646,1.7051831738351075,0.22108470958454296,P:9.9|P:9.6|P:10.0|B:9.0|B:9.7|B:10.1|B:10.2|B:10.6|B:11.2,9,3,6,0,1,1,0,1,0,0,0.75,0.0,0.0
count_additive,0,95,-1.1356264613568783,-0.8754790108554679,0.2601474505014104,P:9.6|P:10.0|B:9.0|B:9.7|E:10.7|E:11.10,6,2,2,2,1,1,1,1,1,1,0.16666666666666666,0.6666666666666666,0.25
count_additive,0,87,-1.1586299277842045,-0.8731022622486918,0.2855276655355127,P:9.6|P:10.0|B:9.7|E:10.7|E:11.10,5,2,1,2,1,1,1,1,1,1,0.08333333333333333,0.6666666666666666,0.125
count_additive,0,114,0.6210603751242161,0.4738596691046472,-0.14720070601956886,P:9.9|B:9.0|B:9.7|B:10.10|B:11.9|E:10.7,6,1,4,1,1,1,1,1,1,1,0.16666666666666666,0.16666666666666666,0.25
count_additive,0,229,1.1873903311789036,1.613495676936961,0.4261053457580575,P:9.9|P:9.6|P:10.0|B:9.0|B:9.7|B:10.2|B:10.6,7,3,4,0,1,1,0,1,0,0,0.5,0.0,0.0
count_additive,0,219,0.8841039836406708,1.800566594084078,0.9164626104434073,P:9.9|P:9.6|P:10.0|B:9.0|B:10.1|B:10.6|B:10.10,7,3,4,0,1,1,0,1,0,0,0.5,0.0,0.0
count_additive,0,217,1.5335167162120342,1.5034432756231402,-0.03007344058889405,P:9.9|P:9.6|P:10.0|B:9.0|B:10.2|B:10.6|B:10.10|B:11.2|B:11.9|E:11.10,10,3,6,1,1,1,1,1,1,1,0.75,0.5,0.375
count_additive,0,4,0.0034867338836193063,-0.7356283717879548,-0.7391151056715741,B:9.0,1,0,1,0,0,1,0,0,0,0,0.0,0.0,0.0
count_additive,0,130,1.2399504967033863,0.9702335022374454,-0.2697169944659409,P:9.9|P:10.0|B:9.7|B:10.2|B:10.6|B:11.2|E:10.7,7,2,4,1,1,1,1,1,1,1,0.3333333333333333,0.3333333333333333,0.25
count_additive,0,228,1.1373955719172955,1.2638787543099075,0.12648318239261203,P:9.9|P:9.6|P:10.0|B:9.0|B:9.7|B:10.2|B:11.2|B:11.9,8,3,5,0,1,1,0,1,0,0,0.625,0.0,0.0
count_additive,0,128,1.061413548886776,1.262407333750087,0.200993784863311,P:9.9|P:10.0|B:9.7|B:10.6,4,2,2,0,1,1,0,1,0,0,0.16666666666666666,0.0,0.0
count_additive,0,15,0.35023678094148636,0.4216780500398192,0.07144126909833282,B:9.0|B:9.7|B:10.1|B:10.2|B:10.6|B:10.10|B:11.2|B:11.9,8,0,8,0,0,1,0,0,0,0,0.0,0.0,0.0
count_additive,0,124,0.904553011059761,1.4631650425671652,0.5586120315074041,P:9.9|P:10.0|B:10.1|B:10.10|B:11.9,5,2,3,0,1,1,0,1,0,0,0.25,0.0,0.0
count_additive,0,93,0.3689284063875675,0.2806035091278354,-0.08832489725973214,P:9.6|P:10.0|B:9.0|B:10.6|B:10.10|B:11.9|E:11.10,7,2,4,1,1,1,1,1,1,1,0.3333333333333333,0.3333333333333333,0.25
count_additive,1,50,-0.5812592878937721,-0.48189365090802594,0.09936563698574619,P:10.0|E:10.7,2,1,0,1,1,0,1,0,1,0,0.0,0.16666666666666666,0.0
count_additive,1,106,-0.08755524829030037,-0.0774550846923269,0.010100163597973472,P:9.9|B:11.2,2,1,1,0,1,1,0,1,0,0,0.041666666666666664,0.0,0.0
count_additive,1,230,1.7152394354343414,1.6422958488290575,-0.07294358660528388,P:9.9|P:9.6|P:10.0|B:9.0|B:9.7|B:10.2|B:10.6|B:10.10|B:11.2|B:11.9|E:11.10,11,3,7,1,1,1,1,1,1,1,0.875,0.5,0.4375
count_additive,1,160,0.06055968999862671,0.4204167298404406,0.3598570398418139,P:9.9|P:9.6|B:10.1|B:10.6|B:10.10|B:11.2|E:11.10,7,2,4,1,1,1,1,1,1,1,0.3333333333333333,0.3333333333333333,0.25
count_additive,1,48,-1.093090582638979,-0.2495773421311377,0.8435132405078413,B:9.0|B:9.7|B:10.1|B:10.2|B:10.6|B:10.10|B:11.9|E:10.7|E:11.10,9,0,7,2,0,1,1,0,0,1,0.0,0.0,0.875
count_additive,1,198,0.6584309488534927,1.0327428071330895,0.3743118582795968,P:9.9|P:9.6|P:10.0|B:9.7,4,3,1,0,1,1,0,1,0,0,0.125,0.0,0.0
count_additive,1,168,0.2776085212826729,0.7769286438796118,0.4993201225969389,P:9.9|P:9.6|B:9.0|B:10.2|B:10.10|B:11.2|B:11.9,7,2,5,0,1,1,0,1,0,0,0.41666666666666663,0.0,0.0
count_additive,1,64,-1.8848259001970291,-1.4113419358019321,0.473483964395097,P:9.6|B:10.2|E:10.7|E:11.10,4,1,1,2,1,1,1,1,1,1,0.041666666666666664,0.3333333333333333,0.125
count_additive,1,7,0.04607735201716423,-0.5644767600557101,-0.6105541120728744,B:10.2,1,0,1,0,0,1,0,0,0,0,0.0,0.0,0.0
count_additive,1,75,0.32792340219020844,-0.11272076880919324,-0.4406441709994017,P:9.6|P:10.0,2,2,0,0,1,0,0,0,0,0,0.0,0.0,0.0
count_additive,1,174,0.0011423192918300629,-0.27699693139655435,-0.2781392506883844,P:9.9|P:9.6|B:9.0|B:9.7|B:10.1|B:11.9|E:10.7|E:11.10,8,2,4,2,1,1,1,1,1,1,0.3333333333333333,0.6666666666666666,0.5
count_additive,1,154,-0.12619714811444283,-0.42804206913588905,-0.3018449210214462,P:9.9|P:9.6|B:10.2|E:10.7|E:11.10,5,2,1,2,1,1,1,1,1,1,0.08333333333333333,0.6666666666666666,0.125
count_additive,1,142,1.7428619898855686,1.883984567577782,0.14112257769221337,P:9.9|P:10.0|B:9.0|B:9.7|B:10.1|B:10.2|B:10.6|B:10.10|B:11.2|B:11.9,10,2,8,0,1,1,0,1,0,0,0.6666666666666666,0.0,0.0
count_additive,1,10,-0.3037194274365902,-0.9560286044941697,-0.6523091770575795,B:11.2,1,0,1,0,0,1,0,0,0,0,0.0,0.0,0.0
count_additive,1,9,0.12788828462362287,-0.406192087917293,-0.5340803725409159,B:10.10,1,0,1,0,0,1,0,0,0,0,0.0,0.0,0.0
count_additive,1,177,-0.22630655765533447,0.5621882753673118,0.7884948330226462,P:9.9|P:9.6|P:10.0|E:11.10,4,3,0,1,1,0,1,0,1,0,0.0,0.5,0.0
count_additive,1,36,0.2635531798005104,-0.41394460116193466,-0.6774977809624451,B:9.0|B:10.6|B:11.9,3,0,3,0,0,1,0,0,0,0,0.0,0.0,0.0
count_additive,1,210,0.4698285423219204,0.8893647947797376,0.4195362524578172,P:9.9|P:9.6|P:10.0|B:9.0,4,3,1,0,1,1,0,1,0,0,0.125,0.0,0.0
count_additive,1,138,1.083946779370308,0.8955105517449693,-0.18843622762533863,P:9.9|P:10.0|B:9.0|B:10.1|B:10.2|B:10.10|B:11.2|B:11.9|E:10.7|E:11.10,10,2,6,2,1,1,1,1,1,1,0.5,0.6666666666666666,0.75
count_additive,1,141,1.2822950780391693,1.1247126160730114,-0.15758246196615788,P:9.9|P:10.0|B:9.0|B:9.7|B:10.1|B:10.2|B:10.6|B:11.2|B:11.9|E:11.10,10,2,7,1,1,1,1,1,1,1,0.5833333333333333,0.3333333333333333,0.4375
count_additive,1,120,0.74381148442626,1.1408012479445095,0.39698976351824955,P:9.9|P:10.0|B:10.10,3,2,1,0,1,1,0,1,0,0,0.08333333333333333,0.0,0.0
count_additive,1,131,0.400036346167326,0.2906044602943459,-0.10943188587298008,P:9.9|P:10.0|B:9.7|B:10.1|B:11.9|E:10.7|E:11.10,7,2,3,2,1,1,1,1,1,1,0.25,0.6666666666666666,0.375
count_additive,1,30,-0.8866070061922073,-0.7582115638068363,0.12839544238537104,B:9.7|B:10.10|B:11.2|E:10.7,4,0,3,1,0,1,1,0,0,1,0.0,0.0,0.1875
count_additive,1,193,0.6254174932837486,1.554562080991475,0.9291445877077265,P:9.9|P:9.6|P:10.0|B:10.1|B:10.10,5,3,2,0,1,1,0,1,0,0,0.25,0.0,0.0
count_additive,1,19,1.8685232289135456,2.1008385554935805,0.23231532658003484,P:9.9|P:9.6|P:10.0|B:9.0|B:9.7|B:10.1|B:10.2|B:10.6|B:10.10|B:11.2|B:11.9,11,3,8,0,1,1,0,1,0,0,1.0,0.0,0.0
count_additive,1,204,1.4221223182976246,1.6932167183198166,0.271094400022192,P:9.9|P:9.6|P:10.0|B:9.7|B:10.6|B:10.10|B:11.9|E:10.7,8,3,4,1,1,1,1,1,1,1,0.5,0.5,0.25
count_additive,1,27,-2.0526970140635967,-1.10317857545911,0.9495184386044868,B:10.2|B:11.9|E:10.7|E:11.10,4,0,2,2,0,1,1,0,0,1,0.0,0.0,0.25
count_additive,1,223,1.9471766948699951,1.8225509610225339,-0.12462573384746123,P:9.9|P:9.6|P:10.0|B:9.0|B:10.1|B:10.2|B:10.6|B:10.10|B:11.2|B:11.9|E:10.7,11,3,7,1,1,1,1,1,1,1,0.875,0.5,0.4375
count_additive,1,74,-0.022991657257080078,-0.13274080511102004,-0.10974914785393997,P:9.6|B:9.0|B:9.7|B:10.1|B:10.2|B:10.6|B:10.10|B:11.2|B:11.9|E:11.10,10,1,8,1,1,1,1,1,1,1,0.3333333333333333,0.16666666666666666,0.5
count_additive,1,208,0.6361530162394047,0.9403864312624732,0.30423341502306855,P:9.9|P:9.6|P:10.0|B:9.7|B:10.1|B:10.2|E:11.10,7,3,3,1,1,1,1,1,1,1,0.375,0.5,0.1875
count_additive,1,224,0.5285060442984104,0.7330973486273873,0.20459130432897688,P:9.9|P:9.6|P:10.0|B:9.0|B:9.7|B:10.6|B:11.2|E:11.10,8,3,4,1,1,1,1,1,1,1,0.5,0.5,0.25
count_additive,1,173,0.6124220378696918,0.04242899544131418,-0.5699930424283777,P:9.9|P:9.6|B:9.0|B:9.7|B:10.2|B:10.6|B:11.9|E:10.7|E:11.10,9,2,5,2,1,1,1,1,1,1,0.41666666666666663,0.6666666666666666,0.625
count_additive,1,18,0.16123811528086662,0.1850551364480887,0.023817021167222063,P:9.9|P:9.6|P:10.0|E:10.7|E:11.10,5,3,0,2,1,0,1,0,1,0,0.0,1.0,0.0
count_additive,1,11,0.04421548917889595,-0.6202716041888156,-0.6644870933677115,B:11.9,1,0,1,0,0,1,0,0,0,0,0.0,0.0,0.0
count_additive,1,187,0.897874940186739,1.1682894620701814,0.2704145218834424,P:9.9|P:9.6|P:10.0|B:10.6|B:11.2,5,3,2,0,1,1,0,1,0,0,0.25,0.0,0.0
count_additive,1,151,0.276092492043972,0.4153356449211548,0.1392431528771828,P:9.9|P:9.6|B:10.6,3,2,1,0,1,1,0,1,0,0,0.08333333333333333,0.0,0.0
count_additive,1,157,0.37768739834427834,-0.037281574611991705,-0.41496897295627005,P:9.9|P:9.6|B:10.1|E:10.7,4,2,1,1,1,1,1,1,1,1,0.08333333333333333,0.3333333333333333,0.0625
count_additive,1,59,0.9626401513814926,0.32724320101542215,-0.6353969503660705,P:10.0|B:9.0|B:9.7|B:10.1|B:10.6|B:11.9,6,1,5,0,1,1,0,1,0,0,0.20833333333333331,0.0,0.0
count_additive,1,103,0.26081952825188637,0.25830191561302723,-0.0025176126388591347,P:9.9|B:11.9,2,1,1,0,1,1,0,1,0,0,0.041666666666666664,0.0,0.0
count_additive,1,156,0.08269025757908821,0.2517717472655718,0.16908148968648357,P:9.9|P:9.6|B:10.1,3,2,1,0,1,1,0,1,0,0,0.08333333333333333,0.0,0.0
count_additive,1,123,0.7120838984847069,0.49881825462123586,-0.21326564386347102,P:9.9|P:10.0|B:10.1|B:11.2|E:10.7,5,2,2,1,1,1,1,1,1,1,0.16666666666666666,0.3333333333333333,0.125
count_additive,1,78,-1.3243667595088482,-0.7987169638750777,0.5256497956337705,P:9.6|P:10.0|B:11.9|E:10.7|E:11.10,5,2,1,2,1,1,1,1,1,1,0.08333333333333333,0.6666666666666666,0.125
count_additive,1,115,0.6769261583685875,1.0385833973817835,0.361657239013196,P:9.9|B:9.0|B:9.7|B:10.1|B:10.2|B:10.10|B:11.2|B:11.9,8,1,7,0,1,1,0,1,0,0,0.29166666666666663,0.0,0.0
count_additive,1,81,-0.23705962300300598,-0.051432380377827824,0.18562724262517816,P:9.6|P:10.0|B:10.10|E:10.7,4,2,1,1,1,1,1,1,1,1,0.08333333333333333,0.3333333333333333,0.0625
count_additive,1,58,0.9003594256937504,1.1471402435744293,0.24678081788067896,P:10.0|B:9.0|B:10.1|B:10.2|B:10.6|B:10.10|B:11.9,7,1,6,0,1,1,0,1,0,0,0.25,0.0,0.0
count_additive,1,8,0.20578551664948463,-0.5433574351019572,-0.7491429517514419,B:10.6,1,0,1,0,0,1,0,0,0,0,0.0,0.0,0.0
count_additive,1,212,0.9004754312336445,0.548111046296711,-0.35236438493693345,P:9.9|P:9.6|P:10.0|B:9.0|B:11.2|E:10.7,6,3,2,1,1,1,1,1,1,1,0.25,0.5,0.125
count_additive,1,119,0.09514226019382477,0.48159648148891915,0.3864542212950944,P:9.9|P:10.0|B:11.9|E:11.10,4,2,1,1,1,1,1,1,1,1,0.08333333333333333,0.3333333333333333,0.0625
count_additive,2,163,-0.5653442852199078,0.013456562453822818,0.5788008476737305,P:9.9|P:9.6|B:9.7|B:10.2|B:11.2|E:11.10,6,2,3,1,1,1,1,1,1,1,0.25,0.3333333333333333,0.1875
count_additive,2,35,0.04845794662833214,-0.5547045858085636,-0.6031625324368958,B:9.0|B:11.9,2,0,2,0,0,1,0,0,0,0,0.0,0.0,0.0
count_additive,2,140,1.2962299212813377,0.7795212578012223,-0.5167086634801155,P:9.9|P:10.0|B:9.0|B:9.7|B:10.1|B:10.2|B:10.10|B:11.2|B:11.9|E:10.7|E:11.10,11,2,7,2,1,1,1,1,1,1,0.5833333333333333,0.6666666666666666,0.875
count_additive,2,26,-0.9894405044615269,-0.6896945783691898,0.2997459260923371,B:10.2|E:10.7,2,0,1,1,0,1,1,0,0,1,0.0,0.0,0.0625
count_additive,2,152,-0.15340392664074898,-0.3583566166682066,-0.20495269002745764,P:9.9|P:9.6|B:10.6|E:10.7|E:11.10,5,2,1,2,1,1,1,1,1,1,0.08333333333333333,0.6666666666666666,0.125
count_additive,2,179,0.8624304980039597,0.7013323868677108,-0.16109811113624883,P:9.9|P:9.6|P:10.0|B:11.9|E:10.7,5,3,1,1,1,1,1,1,1,1,0.125,0.5,0.0625
count_additive,2,86,-0.13070636987686157,-0.52580092740768,-0.39509455753081846,P:9.6|P:10.0|B:10.1|E:11.10,4,2,1,1,1,1,1,1,1,1,0.08333333333333333,0.3333333333333333,0.0625
count_additive,2,238,2.212401542812586,1.0320150274990711,-1.1803865153135147,P:9.9|P:9.6|P:10.0|B:9.0|B:9.7|B:10.1|B:10.2|B:10.6|B:10.10|B:11.2|E:10.7|E:11.10,12,3,7,2,1,1,1,1,1,1,0.875,1.0,0.875
count_additive,2,55,0.44097353890538216,-0.2872535847604647,-0.7282271236658469,P:10.0|B:9.0,2,1,1,0,1,1,0,1,0,0,0.041666666666666664,0.0,0.0
count_additive,2,195,1.275618951767683,0.6017770775994196,-0.6738418741682635,P:9.9|P:9.6|P:10.0|B:10.1|B:10.2|B:10.10|E:10.7|E:11.10,8,3,3,2,1,1,1,1,1,1,0.375,1.0,0.375
count_additive,2,112,0.8748807460069656,0.7938118245305756,-0.08106892147639,P:9.9|B:9.7|B:10.1|B:10.2|B:10.6|B:10.10|B:11.2|B:11.9|E:11.10,9,1,7,1,1,1,1,1,1,1,0.29166666666666663,0.16666666666666666,0.4375
count_additive,2,188,0.19750071316957474,0.57784778500322,0.38034707183364524,P:9.9|P:9.6|P:10.0|B:10.2|E:11.10,5,3,1,1,1,1,1,1,1,1,0.125,0.5,0.0625
count_additive,2,72,0.3226247727870941,-0.2058661952470079,-0.528490968034102,P:9.6|B:9.0|B:9.7|B:10.6|B:11.9,5,1,4,0,1,1,0,1,0,0,0.16666666666666666,0.0,0.0
count_additive,2,25,-0.6552459336817265,-0.9378034328074611,-0.2825574991257347,B:10.2|E:11.10,2,0,1,1,0,1,1,0,0,1,0.0,0.0,0.0625
count_additive,2,39,-1.902444377541542,-1.222853717753705,0.679590659787837,B:9.0|B:10.1|B:10.10|B:11.2|E:10.7|E:11.10,6,0,4,2,0,1,1,0,0,1,0.0,0.0,0.5
count_additive,2,192,0.37901822477579117,0.05433108796706304,-0.3246871368087281,P:9.9|P:9.6|P:10.0|B:10.1|E:10.7|E:11.10,6,3,1,2,1,1,1,1,1,1,0.125,1.0,0.125
count_additive,2,100,-0.2131936363875866,0.22014079206350612,0.4333344284510927,P:9.6|P:10.0|B:9.0|B:9.7|B:10.1|B:10.2|B:10.6|B:10.10|B:11.2|B:11.9|E:10.7|E:11.10,12,2,8,2,1,1,1,1,1,1,0.6666666666666666,0.6666666666666666,1.0
count_additive,2,132,0.7890389040112495,0.6923980811997001,-0.0966408228115494,P:9.9|P:10.0|B:9.7|B:10.1|B:10.2|B:11.2|E:11.10,7,2,4,1,1,1,1,1,1,1,0.3333333333333333,0.3333333333333333,0.25
count_additive,2,226,1.454001609236002,1.412642199545015,-0.04135940969098706,P:9.9|P:9.6|P:10.0|B:9.0|B:9.7|B:10.6|B:10.10|B:11.9|E:10.7,9,3,5,1,1,1,1,1,1,1,0.625,0.5,0.3125
count_additive,2,216,1.325690682977438,1.123548032932454,-0.20214265004498388,P:9.9|P:9.6|P:10.0|B:9.0|B:10.2|B:10.6|E:10.7,7,3,3,1,1,1,1,1,1,1,0.375,0.5,0.1875
count_additive,2,184,0.9177334345877171,0.30662202645227116,-0.6111114081354458,P:9.9|P:9.6|P:10.0|B:10.10|B:11.2|B:11.9|E:10.7|E:11.10,8,3,3,2,1,1,1,1,1,1,0.375,1.0,0.375
count_additive,2,33,-1.4734752662479877,-0.7966069549741466,0.6768683112738412,B:9.7|B:10.1|B:10.6|B:10.10|B:11.2|E:10.7|E:11.10,7,0,5,2,0,1,1,0,0,1,0.0,0.0,0.625
count_additive,2,107,0.5038124993443489,0.23222604500004634,-0.27158645434430256,P:9.9|B:10.1|B:10.6|E:10.7,4,1,2,1,1,1,1,1,1,1,0.08333333333333333,0.16666666666666666,0.125
count_additive,2,165,0.0528549998998642,-0.15808338901918656,-0.21093838891905076,P:9.9|P:9.6|B:9.7|B:10.1|B:10.6|B:11.2|E:10.7|E:11.10,8,2,4,2,1,1,1,1,1,1,0.3333333333333333,0.6666666666666666,0.5
count_additive,2,43,0.25424106419086456,0.16753454590401035,-0.08670651828685422,B:9.0|B:9.7|B:10.6|B:10.10|B:11.2|B:11.9,6,0,6,0,0,1,0,0,0,0,0.0,0.0,0.0
count_additive,2,71,-1.9208563305437565,-1.200278244122264,0.7205780864214926,P:9.6|B:9.0|B:10.1|B:10.2|B:11.2|B:11.9|E:10.7|E:11.10,8,1,5,2,1,1,1,1,1,1,0.20833333333333331,0.3333333333333333,0.625
count_additive,2,102,-0.7290077060461044,-0.787422965297812,-0.05841525925170754,P:9.9|E:10.7|E:11.10,3,1,0,2,1,0,1,0,1,0,0.0,0.3333333333333333,0.0
count_additive,2,196,1.6026018001139164,0.7085061377978461,-0.8940956623160703,P:9.9|P:9.6|P:10.0|B:10.1|B:10.2|B:10.10|B:11.2|B:11.9|E:10.7|E:11.10,10,3,5,2,1,1,1,1,1,1,0.625,1.0,0.625
count_additive,2,214,1.3109852150082588,0.4971164747760842,-0.8138687402321746,P:9.9|P:9.6|P:10.0|B:9.0|B:10.6|B:10.10|B:11.2|E:10.7|E:11.10,9,3,4,2,1,1,1,1,1,1,0.5,1.0,0.5
count_additive,2,13,-0.7300628870725632,-1.1807000669235088,-0.45063717985094565,E:11.10,1,0,0,1,0,0,1,0,0,0,0.0,0.0,0.0
count_additive,2,232,1.2487009689211845,0.6051232167524186,-0.6435777521687659,P:9.9|P:9.6|P:10.0|B:9.0|B:9.7|B:10.1|B:10.2|B:11.2|B:11.9|E:10.7|E:11.10,11,3,6,2,1,1,1,1,1,1,0.75,1.0,0.75
count_additive,2,231,1.8862354047596455,0.9073907749252905,-0.9788446298343549,P:9.9|P:9.6|P:10.0|B:9.0|B:9.7|B:10.1|B:10.6|B:10.10|B:11.2|B:11.9|E:10.7|E:11.10,12,3,7,2,1,1,1,1,1,1,0.875,1.0,0.875
count_additive,2,150,0.007378906011581418,-0.3946085703399279,-0.40198747635150933,P:9.9|P:9.6|B:10.10|E:10.7|E:11.10,5,2,1,2,1,1,1,1,1,1,0.08333333333333333,0.6666666666666666,0.125
count_additive,2,73,-0.7453505955636501,-0.37668923756094985,0.3686613580027003,P:9.6|B:9.0|B:9.7|B:10.1|B:10.2|B:10.6|B:10.10|B:11.9|E:10.7|E:11.10,10,1,7,2,1,1,1,1,1,1,0.29166666666666663,0.3333333333333333,0.875
count_additive,2,147,-0.8010351993143559,-0.7332063899606827,0.06782880935367319,P:9.9|P:9.6|B:11.2|E:10.7|E:11.10,5,2,1,2,1,1,1,1,1,1,0.08333333333333333,0.6666666666666666,0.125
count_additive,2,202,1.0955001190304756,0.9629435753656914,-0.1325565436647842,P:9.9|P:9.6|P:10.0|B:9.7|B:10.10|E:10.7,6,3,2,1,1,1,1,1,1,1,0.25,0.5,0.125
count_additive,2,12,-1.0317822992801666,-0.9325912124852374,0.09919108679492927,E:10.7,1,0,0,1,0,0,1,0,0,0,0.0,0.0,0.0
count_additive,2,82,-0.03239645063877106,-0.32148195268857194,-0.2890855020498009,P:9.6|P:10.0|B:10.6|E:11.10,4,2,1,1,1,1,1,1,1,1,0.08333333333333333,0.3333333333333333,0.0625
count_additive,2,31,-0.23759472742676735,-0.5273165984395256,-0.28972187101275826,B:9.7|B:10.6|B:10.10|B:11.2|E:11.10,5,0,4,1,0,1,1,0,0,1,0.0,0.0,0.25
count_additive,2,153,0.2724653035402298,0.46734573790362194,0.19488043436339214,P:9.9|P:9.6|B:10.2,3,2,1,0,1,1,0,1,0,0,0.08333333333333333,0.0,0.0
count_additive,2,29,-2.1579615026712418,-1.5007586244925935,0.6572028781786483,B:9.7|B:11.2|E:10.7|E:11.10,4,0,2,2,0,1,1,0,0,1,0.0,0.0,0.25
count_additive,2,172,0.1690041534602642,0.5436848047871068,0.3746806513268426,P:9.9|P:9.6|B:9.0|B:9.7|B:10.2|B:11.2,6,2,4,0,1,1,0,1,0,0,0.3333333333333333,0.0,0.0
count_additive,2,118,-0.11092682182788849,-0.1121160885539445,-0.0011892667260560152,P:9.9|P:10.0|E:10.7|E:11.10,4,2,0,2,1,0,1,0,1,0,0.0,0.6666666666666666,0.0
count_additive,2,186,0.5278505198657513,0.25865006268617136,-0.2692004571795799,P:9.9|P:9.6|P:10.0|B:10.6|E:10.7|E:11.10,6,3,1,2,1,1,1,1,1,1,0.125,1.0,0.125
count_additive,2,79,-1.4608745947480202,-1.0576760339696252,0.403198560778395,P:9.6|P:10.0|B:11.2|E:10.7|E:11.10,5,2,1,2,1,1,1,1,1,1,0.08333333333333333,0.6666666666666666,0.125
count_additive,2,139,1.478417843580246,1.7161474089949738,0.23772956541472778,P:9.9|P:10.0|B:9.0|B:10.1|B:10.2|B:10.6|B:10.10|B:11.2,8,2,6,0,1,1,0,1,0,0,0.5,0.0,0.0
count_additive,2,178,0.785550020635128,0.5830600053254438,-0.20249001530968425,P:9.9|P:9.6|P:10.0|E:10.7,4,3,0,1,1,0,1,0,1,0,0.0,0.5,0.0
count_additive,2,16,-1.3794433288276196,-0.3540341023838547,1.0254092264437649,B:9.0|B:9.7|B:10.1|B:10.2|B:10.6|B:10.10|B:11.2|B:11.9|E:10.7|E:11.10,10,0,8,2,0,1,1,0,0,1,0.0,0.0,1.0
count_additive,3,110,0.5567262880504131,0.48104375522517173,-0.0756825328252414,P:9.9|B:9.7|B:10.10,3,1,2,0,1,1,0,1,0,0,0.08333333333333333,0.0,0.0
count_additive,3,116,0.6422114297747612,0.7996901772585008,0.15747874748373958,P:9.9|P:10.0,2,2,0,0,1,0,0,0,0,0,0.0,0.0,0.0
count_additive,3,199,-0.008658107370138168,0.5295734868091708,0.538231594179309,P:9.9|P:9.6|P:10.0|B:9.7|E:11.10,5,3,1,1,1,1,1,1,1,1,0.125,0.5,0.0625
count_additive,3,236,1.3518722876906395,1.425874720558037,0.0740024328673976,P:9.9|P:9.6|P:10.0|B:9.0|B:9.7|B:10.1|B:10.2|B:10.6|B:11.2|B:11.9|E:11.10,11,3,7,1,1,1,1,1,1,1,0.875,0.5,0.4375
count_additive,3,176,0.47614696621894836,0.7624669888872472,0.2863200226682988,P:9.9|P:9.6|B:9.0|B:9.7|B:10.1|B:10.2|B:10.6|B:11.9|E:11.10,9,2,6,1,1,1,1,1,1,1,0.5,0.3333333333333333,0.375
count_additive,3,185,0.7254875265061855,1.340395455986191,0.6149079294800055,P:9.9|P:9.6|P:10.0|B:10.6,4,3,1,0,1,1,0,1,0,0,0.125,0.0,0.0
count_additive,3,158,-0.3258376196026802,-0.5442379279236236,-0.21840030832094337,P:9.9|P:9.6|B:10.1|E:10.7|E:11.10,5,2,1,2,1,1,1,1,1,1,0.08333333333333333,0.6666666666666666,0.125
count_additive,3,2,-0.1576346568763256,-0.7443268591474603,-0.5866922022711347,P:9.6,1,1,0,0,1,0,0,0,0,0,0.0,0.0,0.0
count_additive,3,209,1.2488095052540302,1.7041341975829574,0.45532469232892714,P:9.9|P:9.6|P:10.0|B:9.7|B:10.1|B:10.2|B:10.6,7,3,4,0,1,1,0,1,0,0,0.5,0.0,0.0
count_additive,3,92,-0.4412704110145569,-0.6773324377575045,-0.23606202674294763,P:9.6|P:10.0|B:9.0|B:11.2|E:11.10,5,2,2,1,1,1,1,1,1,1,0.16666666666666666,0.3333333333333333,0.125
count_additive,3,98,1.0093169696629047,0.9822772579696342,-0.027039711693270574,P:9.6|P:10.0|B:9.0|B:9.7|B:10.1|B:10.2|B:10.6|B:10.10|B:11.2|B:11.9,10,2,8,0,1,1,0,1,0,0,0.6666666666666666,0.0,0.0
count_additive,3,105,-0.6707933135330677,-0.5338640985432404,0.13692921498982735,P:9.9|B:11.9|E:10.7|E:11.10,4,1,1,2,1,1,1,1,1,1,0.041666666666666664,0.3333333333333333,0.125
count_additive,3,205,1.3846071772277355,1.1690582576430566,-0.21554891958467892,P:9.9|P:9.6|P:10.0|B:9.7|B:10.2|B:11.2|B:11.9|E:10.7,8,3,4,1,1,1,1,1,1,1,0.5,0.5,0.25
count_additive,3,200,0.39837056398391724,0.19161030269433893,-0.2067602612895783,P:9.9|P:9.6|P:10.0|B:9.7|E:10.7|E:11.10,6,3,1,2,1,1,1,1,1,1,0.125,1.0,0.125
count_additive,3,23,-0.8226649463176727,-0.667334495693019,0.15533045062465378,B:10.6|E:10.7,2,0,1,1,0,1,1,0,0,1,0.0,0.0,0.0625
count_additive,3,56,-0.4917997419834137,-0.21689074122197205,0.27490900076144165,P:10.0|B:9.0|B:10.1|B:11.2|B:11.9|E:10.7,6,1,4,1,1,1,1,1,1,1,0.16666666666666666,0.16666666666666666,0.25
count_additive,3,159,0.029253222048282623,0.4972568176694914,0.4680035956212088,P:9.9|P:9.6|B:10.1|B:10.10|B:11.2,5,2,3,0,1,1,0,1,0,0,0.25,0.0,0.0
count_additive,3,239,2.124457161873579,1.8640017717487285,-0.2604553901248505,P:9.9|P:9.6|P:10.0|B:9.0|B:9.7|B:10.1|B:10.2|B:10.6|B:10.10|B:11.2|B:11.9|E:10.7,12,3,8,1,1,1,1,1,1,1,1.0,0.5,0.5
count_additive,3,63,-1.987990591675043,-1.586313510185145,0.401677081489898,P:9.6|E:10.7|E:11.10,3,1,0,2,1,0,1,0,1,0,0.0,0.3333333333333333,0.0
count_additive,3,90,0.6627392582595348,0.11797409580636109,-0.5447651624531737,P:9.6|P:10.0|B:9.7|B:10.1|B:11.9,5,2,3,0,1,1,0,1,0,0,0.25,0.0,0.0
count_additive,3,85,0.31950290501117706,0.13592782540933313,-0.18357507960184394,P:9.6|P:10.0|B:10.2|B:11.2|B:11.9,5,2,3,0,1,1,0,1,0,0,0.25,0.0,0.0
count_additive,3,181,0.5778550244867802,0.9664289029950706,0.3885738785082904,P:9.9|P:9.6|P:10.0|B:11.2,4,3,1,0,1,1,0,1,0,0,0.125,0.0,0.0
count_additive,3,146,-0.3059505894780159,0.17053296466856455,0.47648355414658045,P:9.9|P:9.6|B:11.2,3,2,1,0,1,1,0,1,0,0,0.08333333333333333,0.0,0.0
count_additive,3,117,0.02911713346838951,0.29566671033564806,0.26654957686725855,P:9.9|P:10.0|E:11.10,3,2,0,1,1,0,1,0,1,0,0.0,0.3333333333333333,0.0
count_additive,3,143,1.8553861118853092,1.378918205140638,-0.4764679067446713,P:9.9|P:10.0|B:9.0|B:9.7|B:10.1|B:10.2|B:10.6|B:10.10|B:11.2|B:11.9|E:11.10,11,2,8,1,1,1,1,1,1,1,0.6666666666666666,0.3333333333333333,0.5
count_additive,3,233,1.3947341851890087,1.7889052605723244,0.39417107538331564,P:9.9|P:9.6|P:10.0|B:9.0|B:9.7|B:10.1|B:10.2|B:10.10|B:11.2,9,3,6,0,1,1,0,1,0,0,0.75,0.0,0.0
count_additive,3,97,-0.00730687752366066,0.2864217719250789,0.29372864944873955,P:9.6|P:10.0|B:9.0|B:9.7|B:10.1|B:10.2|B:11.2|B:11.9|E:10.7,9,2,6,1,1,1,1,1,1,1,0.5,0.3333333333333333,0.375
count_additive,3,80,0.4240094982087612,0.15129618013953117,-0.27271331806923005,P:9.6|P:10.0|B:10.10,3,2,1,0,1,1,0,1,0,0,0.08333333333333333,0.0,0.0
count_additive,3,203,1.0001394301652908,1.6070716012785744,0.6069321711132836,P:9.9|P:9.6|P:10.0|B:9.7|B:10.6|B:10.10,6,3,3,0,1,1,0,1,0,0,0.375,0.0,0.0
count_additive,3,182,-0.11927512288093567,0.46240543607221785,0.5816805589531535,P:9.9|P:9.6|P:10.0|B:11.2|E:11.10,5,3,1,1,1,1,1,1,1,1,0.125,0.5,0.0625
count_additive,3,17,0.46299997344613075,1.040887054664395,0.5778870812182642,P:9.9|P:9.6|P:10.0,3,3,0,0,1,0,0,0,0,0,0.0,0.0,0.0
count_additive,3,108,-0.32360805571079254,-0.20981124050364358,0.11379681520714896,P:9.9|B:10.1|B:10.2|B:11.2|E:11.10,5,1,3,1,1,1,1,1,1,1,0.125,0.16666666666666666,0.1875
count_additive,3,44,0.4107043147087097,-0.30617881440483485,-0.7168831291135446,B:9.0|B:9.7|B:10.1|B:10.10,4,0,4,0,0,1,0,0,0,0,0.0,0.0,0.0
count_additive,3,148,-0.35026708617806435,-0.0067619336100771255,0.3435051525679872,P:9.9|P:9.6|B:10.10|E:11.10,4,2,1,1,1,1,1,1,1,1,0.08333333333333333,0.3333333333333333,0.0625
count_additive,3,5,0.18057629838585854,-0.7139962202265302,-0.8945725186123887,B:9.7,1,0,1,0,0,1,0,0,0,0,0.0,0.0,0.0
count_additive,3,129,0.762895978987217,0.4094970429762061,-0.35339893601101086,P:9.9|P:10.0|B:9.7|B:10.2|B:10.6|E:10.7|E:11.10,7,2,3,2,1,1,1,1,1,1,0.25,0.6666666666666666,0.375
count_additive,3,194,1.2136539109051228,1.1448680976339238,-0.06878581327119893,P:9.9|P:9.6|P:10.0|B:10.1|B:10.2|B:11.9|E:10.7,7,3,3,1,1,1,1,1,1,1,0.375,0.5,0.1875
count_additive,3,42,-0.46380022168159485,-0.843663097211528,-0.37986287552993314,B:9.0|B:9.7|B:10.10|B:11.2|B:11.9|E:11.10,6,0,5,1,0,1,1,0,0,1,0.0,0.0,0.3125
count_additive,3,183,0.8049454912543297,1.2984252042062172,0.49347971295188753,P:9.9|P:9.6|P:10.0|B:10.10|B:11.2,5,3,2,0,1,1,0,1,0,0,0.25,0.0,0.0
count_additive,3,28,0.2634904868900776,-0.24210287917713508,-0.5055933660672127,B:10.1|B:10.2|B:10.10,3,0,3,0,0,1,0,0,0,0,0.0,0.0,0.0
count_additive,3,45,-0.5084521621465683,0.03655926566046938,0.5450114278070377,B:9.0|B:9.7|B:10.1|B:10.6|B:10.10|B:11.2|B:11.9|E:10.7,8,0,7,1,0,1,1,0,0,1,0.0,0.0,0.4375
count_additive,3,61,-1.0373320244252682,-0.14260331644803803,0.8947287079772301,P:10.0|B:9.0|B:9.7|B:10.1|B:10.2|B:10.6|B:11.2|B:11.9|E:10.7|E:11.10,10,1,7,2,1,1,1,1,1,1,0.29166666666666663,0.3333333333333333,0.875
count_additive,3,94,-0.49759408831596375,0.12576143072100732,0.6233555190369711,P:9.6|P:10.0|B:9.0|B:10.1|B:10.6|B:10.10|B:11.2|B:11.9|E:10.7|E:11.10,10,2,6,2,1,1,1,1,1,1,0.5,0.6666666666666666,0.75
count_additive,3,166,0.34098824113607407,-0.39195281249002994,-0.7329410536261041,P:9.9|P:9.6|B:9.7|B:10.1|B:10.2|E:10.7|E:11.10,7,2,3,2,1,1,1,1,1,1,0.25,0.6666666666666666,0.375
count_additive,3,54,0.02327965945005417,-0.6408936583735287,-0.6641733178235829,P:10.0|B:10.1|E:11.10,3,1,1,1,1,1,1,1,1,1,0.041666666666666664,0.16666666666666666,0.0625
count_additive,3,41,-2.0931180715560913,-1.3758666433148548,0.7172514282412366,B:9.0|B:9.7|B:11.2|B:11.9|E:10.7|E:11.10,6,0,4,2,0,1,1,0,0,1,0.0,0.0,0.5
count_additive,3,180,0.22938881069421768,0.3506854011747582,0.12129659048054053,P:9.9|P:9.6|P:10.0|B:11.9|E:10.7|E:11.10,6,3,1,2,1,1,1,1,1,1,0.125,1.0,0.125
count_additive,3,137,0.9683080837130547,1.0186584015520823,0.05035031783902766,P:9.9|P:10.0|B:9.0|B:10.1|B:10.2|B:11.2,6,2,4,0,1,1,0,1,0,0,0.3333333333333333,0.0,0.0
count_additive,4,135,0.3180081695318222,0.46370615736874254,0.14569798783692034,P:9.9|P:10.0|B:9.0|B:10.6|B:11.9|E:10.7|E:11.10,7,2,3,2,1,1,1,1,1,1,0.25,0.6666666666666666,0.375
count_additive,4,37,-2.092911761254072,-1.1702588550899957,0.9226529061640765,B:9.0|B:10.2|E:10.7|E:11.10,4,0,2,2,0,1,1,0,0,1,0.0,0.0,0.25
count_additive,4,91,0.38466572016477585,0.09748059630821526,-0.2871851238565606,P:9.6|P:10.0|B:9.0|B:11.9,4,2,2,0,1,1,0,1,0,0,0.16666666666666666,0.0,0.0
count_additive,4,113,-0.6673449911177158,-0.5707560533383299,0.09658893777938593,P:9.9|B:9.0|B:9.7|B:11.2|B:11.9|E:10.7|E:11.10,7,1,4,2,1,1,1,1,1,1,0.16666666666666666,0.3333333333333333,0.5
count_additive,4,38,-0.12388213351368904,-0.02186140382725399,0.10202072968643505,B:9.0|B:10.2|B:10.10|B:11.2|B:11.9,5,0,5,0,0,1,0,0,0,0,0.0,0.0,0.0
count_additive,4,62,-0.96882164478302,-1.2501289732389824,-0.2813073284559624,P:9.6|E:11.10,2,1,0,1,1,0,1,0,1,0,0.0,0.16666666666666666,0.0
count_additive,4,57,-1.3938638791441917,-0.6381871196059928,0.7556767595381989,P:10.0|B:9.0|B:10.1|B:10.2|E:10.7|E:11.10,6,1,3,2,1,1,1,1,1,1,0.125,0.3333333333333333,0.375
count_additive,4,190,0.7528919950127602,0.8405332440161698,0.08764124900340964,P:9.9|P:9.6|P:10.0|B:10.2|B:10.6|B:11.2|E:11.10,7,3,3,1,1,1,1,1,1,1,0.375,0.5,0.1875
count_additive,4,164,0.30114129185676575,0.7198702003070839,0.4187289084503182,P:9.9|P:9.6|B:9.7|B:10.1|B:10.10|B:11.2|B:11.9,7,2,5,0,1,1,0,1,0,0,0.41666666666666663,0.0,0.0
count_additive,4,221,0.5948651321232319,0.7424450772683406,0.14757994514510875,P:9.9|P:9.6|P:10.0|B:9.0|B:10.1|B:10.2|B:11.2|E:11.10,8,3,4,1,1,1,1,1,1,1,0.5,0.5,0.25
count_additive,4,1,0.1935817413032055,0.14526776895864024,-0.04831397234456525,P:9.9,1,1,0,0,1,0,0,0,0,0,0.0,0.0,0.0
count_additive,4,53,-0.06579641252756119,-0.32887176555570163,-0.26307535302814045,P:10.0|B:10.2|B:11.9|E:11.10,4,1,2,1,1,1,1,1,1,1,0.08333333333333333,0.16666666666666666,0.125
count_additive,4,126,0.9073482267558575,0.9262866216211348,0.018938394865277375,P:9.9|P:10.0|B:10.1|B:10.2|E:10.7,5,2,2,1,1,1,1,1,1,1,0.16666666666666666,0.3333333333333333,0.125
count_additive,4,14,-2.1500720120966434,-1.4095585257231973,0.7405134863734462,E:10.7|E:11.10,2,0,0,2,0,0,1,0,0,0,0.0,0.0,0.0
count_additive,4,40,0.43496930971741676,0.13131900648876307,-0.3036503032286537,B:9.0|B:10.1|B:10.6|B:10.10,4,0,4,0,0,1,0,0,0,0,0.0,0.0,0.0
count_additive,4,234,1.2642529793083668,1.7077248033989152,0.4434718240905484,P:9.9|P:9.6|P:10.0|B:9.0|B:9.7|B:10.1|B:10.2|B:10.6,8,3,5,0,1,1,0,1,0,0,0.625,0.0,0.0
count_additive,4,34,-0.4527350068092346,-0.01347617403339052,0.4392588327758441,B:9.7|B:10.1|B:10.2|B:10.10|B:11.9|E:10.7,6,0,5,1,0,1,1,0,0,1,0.0,0.0,0.3125
count_additive,4,99,0.8856487385928631,0.508879921921308,-0.37676881667155504,P:9.6|P:10.0|B:9.0|B:9.7|B:10.1|B:10.2|B:10.6|B:10.10|B:11.2|B:11.9|E:11.10,11,2,8,1,1,1,1,1,1,1,0.6666666666666666,0.3333333333333333,0.5
count_additive,4,109,0.5982384718954563,0.43830343608610867,-0.15993503580934765,P:9.9|B:10.1|B:10.2|B:10.6|B:10.10|B:11.2|E:11.10,7,1,5,1,1,1,1,1,1,1,0.20833333333333331,0.16666666666666666,0.3125
count_additive,4,49,-0.5108466930687428,0.22902730911108138,0.7398740021798241,B:9.0|B:9.7|B:10.1|B:10.2|B:10.6|B:10.10|B:11.2|B:11.9|E:10.7,9,0,8,1,0,1,1,0,0,1,0.0,0.0,0.5
count_additive,4,127,0.24340659379959106,0.3207880145555926,0.07738142075600152,P:9.9|P:10.0|B:9.7|E:11.10,4,2,1,1,1,1,1,1,1,1,0.08333333333333333,0.3333333333333333,0.0625
count_additive,4,21,-2.0925130136311054,-1.34049460866969,0.7520184049614154,B:11.9|E:10.7|E:11.10,3,0,1,2,0,1,1,0,0,1,0.0,0.0,0.125
count_additive,4,227,1.6139287240803242,0.8522039371057988,-0.7617247869745254,P:9.9|P:9.6|P:10.0|B:9.0|B:9.7|B:10.6|B:10.10|B:11.2|B:11.9|E:10.7|E:11.10,11,3,6,2,1,1,1,1,1,1,0.75,1.0,0.75
count_additive,4,167,0.3539474345743656,0.17479137239132042,-0.1791560621830452,P:9.9|P:9.6|B:9.0|B:11.9|E:10.7,5,2,2,1,1,1,1,1,1,1,0.16666666666666666,0.3333333333333333,0.125
count_additive,4,125,1.1199581176042557,1.2793324408595024,0.1593743232552467,P:9.9|P:10.0|B:10.1|B:10.6|B:11.2|B:11.9,6,2,4,0,1,1,0,1,0,0,0.3333333333333333,0.0,0.0
count_additive,4,170,0.3828652650117874,0.6798697372231384,0.29700447221135096,P:9.9|P:9.6|B:9.0|B:10.1|B:10.6,5,2,3,0,1,1,0,1,0,0,0.25,0.0,0.0
count_additive,4,66,0.09258740022778511,-0.29159851082080085,-0.38418591104858596,P:9.6|B:10.1|B:10.2|B:11.9,4,1,3,0,1,1,0,1,0,0,0.125,0.0,0.0
count_additive,4,104,0.20134234055876732,-0.024080811588449574,-0.2254231521472169,P:9.9|B:11.9|E:10.7,3,1,1,1,1,1,1,1,1,1,0.041666666666666664,0.16666666666666666,0.0625
count_additive,4,22,-0.9958479702472687,-1.1094988710666722,-0.11365090081940354,B:11.2|B:11.9|E:11.10,3,0,2,1,0,1,1,0,0,1,0.0,0.0,0.125
count_additive,4,46,-0.23023967072367668,-0.32736702091417985,-0.09712735019050317,B:9.0|B:9.7|B:10.1|B:10.2|B:10.10|B:11.2|B:11.9|E:11.10,8,0,7,1,0,1,1,0,0,1,0.0,0.0,0.4375
count_additive,4,111,-0.15740074962377548,-0.3748005288048455,-0.21739977918107,P:9.9|B:9.7|B:10.6|E:10.7|E:11.10,5,1,2,2,1,1,1,1,1,1,0.08333333333333333,0.3333333333333333,0.25
count_additive,4,70,-1.6255602352321148,-1.032532000832212,0.5930282343999027,P:9.6|B:9.0|B:10.1|B:10.2|B:11.9|E:10.7|E:11.10,7,1,4,2,1,1,1,1,1,1,0.16666666666666666,0.3333333333333333,0.5
count_additive,4,77,-1.3802263587713242,-0.8670275501394561,0.5131988086318681,P:9.6|P:10.0|E:10.7|E:11.10,4,2,0,2,1,0,1,0,1,0,0.0,0.6666666666666666,0.0
count_additive,4,145,-0.9065218307077885,-0.23059884881513476,0.6759229818926538,P:9.9|P:9.6|E:11.10,3,2,0,1,1,0,1,0,1,0,0.0,0.3333333333333333,0.0
count_additive,4,207,1.1867230460047722,0.7244654564619251,-0.4622575895428471,P:9.9|P:9.6|P:10.0|B:9.7|B:10.1|B:10.10|B:11.9|E:10.7|E:11.10,9,3,4,2,1,1,1,1,1,1,0.5,1.0,0.5
count_additive,4,189,0.5667572394013405,0.31582153916140504,-0.25093570023993544,P:9.9|P:9.6|P:10.0|B:10.2|E:10.7|E:11.10,6,3,1,2,1,1,1,1,1,1,0.125,1.0,0.125
count_additive,4,20,2.3267794027924538,1.2053718543277818,-1.121407548464672,P:9.9|P:9.6|P:10.0|B:9.0|B:9.7|B:10.1|B:10.2|B:10.6|B:10.10|B:11.2|B:11.9|E:10.7|E:11.10,13,3,8,2,1,1,1,1,1,1,1.0,1.0,1.0
count_additive,4,175,0.43807394430041313,0.7414127292029947,0.3033387849025816,P:9.9|P:9.6|B:9.0|B:9.7|B:10.1|B:10.10,6,2,4,0,1,1,0,1,0,0,0.3333333333333333,0.0,0.0
count_additive,4,67,0.1194758489727974,-0.5026231751439877,-0.6220990241167851,P:9.6|B:9.7|B:10.2,3,1,2,0,1,1,0,1,0,0,0.08333333333333333,0.0,0.0
count_additive,4,121,0.8768309131264687,1.0700394014829158,0.1932084883564471,P:9.9|P:10.0|B:10.6,3,2,1,0,1,1,0,1,0,0,0.08333333333333333,0.0,0.0
count_additive,4,213,0.7374192625284195,1.266578821085931,0.5291595585575115,P:9.9|P:9.6|P:10.0|B:9.0|B:10.6,5,3,2,0,1,1,0,1,0,0,0.25,0.0,0.0
count_additive,4,211,0.1879602037370205,0.11585879805087385,-0.07210140568614665,P:9.9|P:9.6|P:10.0|B:9.0|E:10.7|E:11.10,6,3,1,2,1,1,1,1,1,1,0.125,1.0,0.125
count_additive,4,133,1.7260217368602753,1.2229305276128417,-0.5030912092474336,P:9.9|P:10.0|B:9.7|B:10.1|B:10.2|B:10.6|B:10.10|B:11.2|E:11.10,9,2,6,1,1,1,1,1,1,1,0.5,0.3333333333333333,0.375
count_additive,4,161,0.41517258435487747,-0.050893716205920814,-0.4660663005607983,P:9.9|P:9.6|B:10.1|B:10.2|B:10.10|B:11.2|E:10.7|E:11.10,8,2,4,2,1,1,1,1,1,1,0.3333333333333333,0.6666666666666666,0.5
count_additive,4,65,-1.8147796541452408,-1.2276114675228325,0.5871681866224083,P:9.6|B:10.2|B:10.10|B:11.2|E:10.7|E:11.10,6,1,3,2,1,1,1,1,1,1,0.125,0.3333333333333333,0.375
count_additive,4,220,1.2591385692358017,0.8692510541048666,-0.3898875151309351,P:9.9|P:9.6|P:10.0|B:9.0|B:10.1|B:10.6|B:10.10|E:10.7|E:11.10,9,3,4,2,1,1,1,1,1,1,0.5,1.0,0.5
count_additive,4,47,0.18758106604218483,0.05834381004995229,-0.12923725599223254,B:9.0|B:9.7|B:10.1|B:10.2|B:10.6|B:11.2,6,0,6,0,0,1,0,0,0,0,0.0,0.0,0.0
count_plus_PB_count,0,122,0.3629409745335579,0.605341538704091,0.24240056417053313,P:9.9|P:10.0|B:10.6|E:11.10,4,2,1,1,1,1,1,1,1,1,0.08333333333333333,0.3333333333333333,0.0625
count_plus_PB_count,0,52,-1.6007909774780273,-0.7801455237977921,0.8206454536802352,P:10.0|B:10.2|E:10.7|E:11.10,4,1,1,2,1,1,1,1,1,1,0.041666666666666664,0.3333333333333333,0.125
count_plus_PB_count,0,169,0.708813302218914,0.2833820709480157,-0.4254312312708983,P:9.9|P:9.6|B:9.0|B:10.2|B:10.6|B:10.10|B:11.2|B:11.9|E:10.7|E:11.10,10,2,6,2,1,1,1,1,1,1,0.5,0.6666666666666666,0.75
count_plus_PB_count,0,88,0.1200842633843422,-0.08235369089578715,-0.20243795428012934,P:9.6|P:10.0|B:9.7|B:10.6|B:11.2|B:11.9|E:11.10,7,2,4,1,1,1,1,1,1,1,0.3333333333333333,0.3333333333333333,0.25
count_plus_PB_count,0,162,0.49946876987814903,-0.12886542802980616,-0.6283341979079552,P:9.9|P:9.6|B:10.1|B:10.2|B:10.6|E:10.7|E:11.10,7,2,3,2,1,1,1,1,1,1,0.25,0.6666666666666666,0.375
count_plus_PB_count,0,197,1.1613009199500084,0.6674707561148574,-0.493830163835151,P:9.9|P:9.6|P:10.0|B:10.1|B:10.2|B:10.6|E:10.7|E:11.10,8,3,3,2,1,1,1,1,1,1,0.375,1.0,0.375
count_plus_PB_count,0,206,1.1710864640772343,0.6282955524995895,-0.5427909115776448,P:9.9|P:9.6|P:10.0|B:9.7|B:10.2|B:10.6|E:10.7|E:11.10,8,3,3,2,1,1,1,1,1,1,0.375,1.0,0.375
count_plus_PB_count,0,225,1.2041504010558128,1.5408115859602187,0.3366611849044059,P:9.9|P:9.6|P:10.0|B:9.0|B:9.7|B:10.6|B:11.2|B:11.9,8,3,5,0,1,1,0,1,0,0,0.625,0.0,0.0
count_plus_PB_count,0,51,-0.7062482126057148,-0.5393456440844185,0.16690256852129626,P:10.0|B:11.2|E:10.7,3,1,1,1,1,1,1,1,1,1,0.041666666666666664,0.16666666666666666,0.0625
count_plus_PB_count,0,3,0.42918625101447105,-0.10430279070017207,-0.5334890417146432,P:10.0,1,1,0,0,1,0,0,0,0,0,0.0,0.0,0.0
count_plus_PB_count,0,68,-0.03323224559426308,-0.3311068943808305,-0.29787464878656744,P:9.6|B:9.7|B:10.1|B:10.10|B:11.2,5,1,4,0,1,1,0,1,0,0,0.16666666666666666,0.0,0.0
count_plus_PB_count,0,237,1.4893603511154652,2.669578415077838,1.1802180639623727,P:9.9|P:9.6|P:10.0|B:9.0|B:9.7|B:10.1|B:10.2|B:10.6|B:10.10|B:11.9,10,3,7,0,1,1,0,1,0,0,0.875,0.0,0.0
count_plus_PB_count,0,32,-0.6199087165296078,-0.40744472207331445,0.21246399445629333,B:9.7|B:10.2|B:10.10|E:10.7,4,0,3,1,0,1,1,0,0,1,0.0,0.0,0.1875
count_plus_PB_count,0,134,0.43865132704377174,0.7896704510758881,0.3510191240321163,P:9.9|P:10.0|B:9.0|B:10.6|B:11.9|E:11.10,6,2,3,1,1,1,1,1,1,1,0.25,0.3333333333333333,0.1875
count_plus_PB_count,0,6,0.11284342035651207,-0.3054471903260489,-0.41829061068256096,B:10.1,1,0,1,0,0,1,0,0,0,0,0.0,0.0,0.0
count_plus_PB_count,0,149,0.47060735896229744,0.20014863705358632,-0.2704587219087111,P:9.9|P:9.6|B:10.10|E:10.7,4,2,1,1,1,1,1,1,1,1,0.08333333333333333,0.3333333333333333,0.0625
count_plus_PB_count,0,155,0.7810946628451347,0.5310643107766997,-0.25003035206843505,P:9.9|P:9.6|B:10.2|B:10.6|B:10.10|B:11.2|E:10.7,7,2,4,1,1,1,1,1,1,1,0.3333333333333333,0.3333333333333333,0.25
count_plus_PB_count,0,218,0.6303710080683231,1.4601530751064256,0.8297820670381024,P:9.9|P:9.6|P:10.0|B:9.0|B:10.1|B:10.10,6,3,3,0,1,1,0,1,0,0,0.375,0.0,0.0
count_plus_PB_count,0,83,0.6069852113723755,0.3923796994224337,-0.21460551194994176,P:9.6|P:10.0|B:10.6|B:11.9,4,2,2,0,1,1,0,1,0,0,0.16666666666666666,0.0,0.0
count_plus_PB_count,0,201,0.5236174315214157,0.18824564191492432,-0.3353717896064914,P:9.9|P:9.6|P:10.0|B:9.7|B:11.2|B:11.9|E:10.7|E:11.10,8,3,3,2,1,1,1,1,1,1,0.375,1.0,0.375
count_plus_PB_count,0,96,0.8413464911282063,0.83256866403427,-0.008777827093936263,P:9.6|P:10.0|B:9.0|B:9.7|B:10.2|B:10.6|B:10.10|B:11.2,8,2,6,0,1,1,0,1,0,0,0.5,0.0,0.0
count_plus_PB_count,0,89,0.0035700574517250057,-0.28837220899386273,-0.29194226644558774,P:9.6|P:10.0|B:9.7|B:10.2|E:11.10,5,2,2,1,1,1,1,1,1,1,0.16666666666666666,0.3333333333333333,0.125
count_plus_PB_count,0,101,0.13574618473649025,-0.14331886403218824,-0.2790650487686785,P:9.9|E:10.7,2,1,0,1,1,0,1,0,1,0,0.0,0.16666666666666666,0.0
count_plus_PB_count,0,60,0.8043079115450382,0.47812364997370427,-0.32618426157133396,P:10.0|B:9.0|B:9.7|B:10.1|B:10.2|B:10.6|B:11.2|B:11.9,8,1,7,0,1,1,0,1,0,0,0.29166666666666663,0.0,0.0
count_plus_PB_count,0,222,2.0050816535949707,1.2528539689092564,-0.7522276846857143,P:9.9|P:9.6|P:10.0|B:9.0|B:10.1|B:10.2|B:10.6|B:10.10|B:11.2|E:10.7|E:11.10,11,3,6,2,1,1,1,1,1,1,0.75,1.0,0.75
count_plus_PB_count,0,76,-0.3358710706233978,-0.7078338363948601,-0.37196276577146226,P:9.6|P:10.0|E:11.10,3,2,0,1,1,0,1,0,1,0,0.0,0.3333333333333333,0.0
count_plus_PB_count,0,144,-0.024949822574853897,0.020221977076383853,0.04517179965123775,P:9.9|P:9.6,2,2,0,0,1,0,0,0,0,0,0.0,0.0,0.0
count_plus_PB_count,0,84,-0.024493630975484848,0.26090677661402334,0.2854004075895082,P:9.6|P:10.0|B:10.6|B:10.10|E:10.7,5,2,2,1,1,1,1,1,1,1,0.16666666666666666,0.3333333333333333,0.125
count_plus_PB_count,0,215,0.6853511184453964,0.012617681955899185,-0.6727334364894972,P:9.9|P:9.6|P:10.0|B:9.0|B:10.2|B:11.2|E:10.7|E:11.10,8,3,3,2,1,1,1,1,1,1,0.375,1.0,0.375
count_plus_PB_count,0,24,-1.9098994433879852,-1.0497313405631257,0.8601681028248596,B:10.6|E:10.7|E:11.10,3,0,1,2,0,1,1,0,0,1,0.0,0.0,0.125
count_plus_PB_count,0,136,0.734557755291462,0.9622358630398904,0.22767810774842845,P:9.9|P:10.0|B:9.0|B:10.1,4,2,2,0,1,1,0,1,0,0,0.16666666666666666,0.0,0.0
count_plus_PB_count,0,171,0.4481462836265564,-0.20568863637539625,-0.6538349200019526,P:9.9|P:9.6|B:9.0|B:10.1|B:10.2|B:10.10|B:11.2|E:10.7|E:11.10,9,2,5,2,1,1,1,1,1,1,0.41666666666666663,0.6666666666666666,0.625
count_plus_PB_count,0,69,-1.431811336427927,-0.929699013666007,0.50211232276192,P:9.6|B:9.7|B:10.1|B:10.2|B:10.6|B:11.2|B:11.9|E:10.7|E:11.10,9,1,6,2,1,1,1,1,1,1,0.25,0.3333333333333333,0.75
count_plus_PB_count,0,191,-0.00995168462395668,0.509100338775486,0.5190520233994427,P:9.9|P:9.6|P:10.0|B:10.1|E:11.10,5,3,1,1,1,1,1,1,1,1,0.125,0.5,0.0625
count_plus_PB_count,0,235,1.4840984642505646,1.8944974114719049,0.4103989472213403,P:9.9|P:9.6|P:10.0|B:9.0|B:9.7|B:10.1|B:10.2|B:10.6|B:11.2,9,3,6,0,1,1,0,1,0,0,0.75,0.0,0.0
count_plus_PB_count,0,95,-1.1356264613568783,-0.8465508592556547,0.2890756021012236,P:9.6|P:10.0|B:9.0|B:9.7|E:10.7|E:11.10,6,2,2,2,1,1,1,1,1,1,0.16666666666666666,0.6666666666666666,0.25
count_plus_PB_count,0,87,-1.1586299277842045,-0.8707682813829678,0.2878616464012367,P:9.6|P:10.0|B:9.7|E:10.7|E:11.10,5,2,1,2,1,1,1,1,1,1,0.08333333333333333,0.6666666666666666,0.125
count_plus_PB_count,0,114,0.6210603751242161,0.46890308315025214,-0.15215729197396394,P:9.9|B:9.0|B:9.7|B:10.10|B:11.9|E:10.7,6,1,4,1,1,1,1,1,1,1,0.16666666666666666,0.16666666666666666,0.25
count_plus_PB_count,0,229,1.1873903311789036,1.647235085519583,0.4598447543406794,P:9.9|P:9.6|P:10.0|B:9.0|B:9.7|B:10.2|B:10.6,7,3,4,0,1,1,0,1,0,0,0.5,0.0,0.0
count_plus_PB_count,0,219,0.8841039836406708,1.9037199527281585,1.0196159690874878,P:9.9|P:9.6|P:10.0|B:9.0|B:10.1|B:10.6|B:10.10,7,3,4,0,1,1,0,1,0,0,0.5,0.0,0.0
count_plus_PB_count,0,217,1.5335167162120342,1.6880127930677093,0.15449607685567512,P:9.9|P:9.6|P:10.0|B:9.0|B:10.2|B:10.6|B:10.10|B:11.2|B:11.9|E:11.10,10,3,6,1,1,1,1,1,1,1,0.75,0.5,0.375
count_plus_PB_count,0,4,0.0034867338836193063,-0.474358685164865,-0.4778454190484843,B:9.0,1,0,1,0,0,1,0,0,0,0,0.0,0.0,0.0
count_plus_PB_count,0,130,1.2399504967033863,0.9268679933541818,-0.3130825033492045,P:9.9|P:10.0|B:9.7|B:10.2|B:10.6|B:11.2|E:10.7,7,2,4,1,1,1,1,1,1,1,0.3333333333333333,0.3333333333333333,0.25
count_plus_PB_count,0,228,1.1373955719172955,1.3869674264260716,0.24957185450877617,P:9.9|P:9.6|P:10.0|B:9.0|B:9.7|B:10.2|B:11.2|B:11.9,8,3,5,0,1,1,0,1,0,0,0.625,0.0,0.0
count_plus_PB_count,0,128,1.061413548886776,1.2234762211919712,0.16206267230519522,P:9.9|P:10.0|B:9.7|B:10.6,4,2,2,0,1,1,0,1,0,0,0.16666666666666666,0.0,0.0
count_plus_PB_count,0,15,0.35023678094148636,-0.13827628108063403,-0.4885130620221204,B:9.0|B:9.7|B:10.1|B:10.2|B:10.6|B:10.10|B:11.2|B:11.9,8,0,8,0,0,1,0,0,0,0,0.0,0.0,0.0
count_plus_PB_count,0,124,0.904553011059761,1.4862284191108834,0.5816754080511224,P:9.9|P:10.0|B:10.1|B:10.10|B:11.9,5,2,3,0,1,1,0,1,0,0,0.25,0.0,0.0
count_plus_PB_count,0,93,0.3689284063875675,0.33731710125996694,-0.031611305127600575,P:9.6|P:10.0|B:9.0|B:10.6|B:10.10|B:11.9|E:11.10,7,2,4,1,1,1,1,1,1,1,0.3333333333333333,0.3333333333333333,0.25
count_plus_PB_count,1,50,-0.5812592878937721,-0.42166285717943647,0.15959643071433566,P:10.0|E:10.7,2,1,0,1,1,0,1,0,1,0,0.0,0.16666666666666666,0.0
count_plus_PB_count,1,106,-0.08755524829030037,0.027771125846519702,0.11532637413682006,P:9.9|B:11.2,2,1,1,0,1,1,0,1,0,0,0.041666666666666664,0.0,0.0
count_plus_PB_count,1,230,1.7152394354343414,1.8959340538925278,0.18069461845818635,P:9.9|P:9.6|P:10.0|B:9.0|B:9.7|B:10.2|B:10.6|B:10.10|B:11.2|B:11.9|E:11.10,11,3,7,1,1,1,1,1,1,1,0.875,0.5,0.4375
count_plus_PB_count,1,160,0.06055968999862671,0.4707397680215586,0.4101800780229319,P:9.9|P:9.6|B:10.1|B:10.6|B:10.10|B:11.2|E:11.10,7,2,4,1,1,1,1,1,1,1,0.3333333333333333,0.3333333333333333,0.25
count_plus_PB_count,1,48,-1.093090582638979,-0.6224289861702923,0.47066159646868666,B:9.0|B:9.7|B:10.1|B:10.2|B:10.6|B:10.10|B:11.9|E:10.7|E:11.10,9,0,7,2,0,1,1,0,0,1,0.0,0.0,0.875
count_plus_PB_count,1,198,0.6584309488534927,0.8794761481779829,0.22104519932449018,P:9.9|P:9.6|P:10.0|B:9.7,4,3,1,0,1,1,0,1,0,0,0.125,0.0,0.0
count_plus_PB_count,1,168,0.2776085212826729,0.8223299734408139,0.544721452158141,P:9.9|P:9.6|B:9.0|B:10.2|B:10.10|B:11.2|B:11.9,7,2,5,0,1,1,0,1,0,0,0.41666666666666663,0.0,0.0
count_plus_PB_count,1,64,-1.8848259001970291,-1.3477637195651837,0.5370621806318454,P:9.6|B:10.2|E:10.7|E:11.10,4,1,1,2,1,1,1,1,1,1,0.041666666666666664,0.3333333333333333,0.125
count_plus_PB_count,1,7,0.04607735201716423,-0.36796339532932926,-0.4140407473464935,B:10.2,1,0,1,0,0,1,0,0,0,0,0.0,0.0,0.0
count_plus_PB_count,1,75,0.32792340219020844,-0.21906884734429444,-0.5469922495345029,P:9.6|P:10.0,2,2,0,0,1,0,0,0,0,0,0.0,0.0,0.0
count_plus_PB_count,1,174,0.0011423192918300629,-0.261575391287437,-0.26271771057926707,P:9.9|P:9.6|B:9.0|B:9.7|B:10.1|B:11.9|E:10.7|E:11.10,8,2,4,2,1,1,1,1,1,1,0.3333333333333333,0.6666666666666666,0.5
count_plus_PB_count,1,154,-0.12619714811444283,-0.4797737068986069,-0.35357655878416405,P:9.9|P:9.6|B:10.2|E:10.7|E:11.10,5,2,1,2,1,1,1,1,1,1,0.08333333333333333,0.6666666666666666,0.125
count_plus_PB_count,1,142,1.7428619898855686,1.996581219548243,0.25371922966267446,P:9.9|P:10.0|B:9.0|B:9.7|B:10.1|B:10.2|B:10.6|B:10.10|B:11.2|B:11.9,10,2,8,0,1,1,0,1,0,0,0.6666666666666666,0.0,0.0
count_plus_PB_count,1,10,-0.3037194274365902,-0.71361505480408,-0.40989562736748986,B:11.2,1,0,1,0,0,1,0,0,0,0,0.0,0.0,0.0
count_plus_PB_count,1,9,0.12788828462362287,-0.17085304053411843,-0.2987413251577413,B:10.10,1,0,1,0,0,1,0,0,0,0,0.0,0.0,0.0
count_plus_PB_count,1,177,-0.22630655765533447,0.25794112802711777,0.48424768568245224,P:9.9|P:9.6|P:10.0|E:11.10,4,3,0,1,1,0,1,0,1,0,0.0,0.5,0.0
count_plus_PB_count,1,36,0.2635531798005104,-0.3807167057538361,-0.6442698855543465,B:9.0|B:10.6|B:11.9,3,0,3,0,0,1,0,0,0,0,0.0,0.0,0.0
count_plus_PB_count,1,210,0.4698285423219204,0.7126314327560255,0.24280289043410508,P:9.9|P:9.6|P:10.0|B:9.0,4,3,1,0,1,1,0,1,0,0,0.125,0.0,0.0
count_plus_PB_count,1,138,1.083946779370308,0.889818734214739,-0.19412804515556892,P:9.9|P:10.0|B:9.0|B:10.1|B:10.2|B:10.10|B:11.2|B:11.9|E:10.7|E:11.10,10,2,6,2,1,1,1,1,1,1,0.5,0.6666666666666666,0.75
count_plus_PB_count,1,141,1.2822950780391693,1.1887264815654932,-0.0935685964736761,P:9.9|P:10.0|B:9.0|B:9.7|B:10.1|B:10.2|B:10.6|B:11.2|B:11.9|E:11.10,10,2,7,1,1,1,1,1,1,1,0.5833333333333333,0.3333333333333333,0.4375
count_plus_PB_count,1,120,0.74381148442626,1.12443283555591,0.3806213511296499,P:9.9|P:10.0|B:10.10,3,2,1,0,1,1,0,1,0,0,0.08333333333333333,0.0,0.0
count_plus_PB_count,1,131,0.400036346167326,0.3218143840457153,-0.0782219621216107,P:9.9|P:10.0|B:9.7|B:10.1|B:11.9|E:10.7|E:11.10,7,2,3,2,1,1,1,1,1,1,0.25,0.6666666666666666,0.375
count_plus_PB_count,1,30,-0.8866070061922073,-0.6674405471220186,0.21916645907018872,B:9.7|B:10.10|B:11.2|E:10.7,4,0,3,1,0,1,1,0,0,1,0.0,0.0,0.1875
count_plus_PB_count,1,193,0.6254174932837486,1.4508575583441905,0.8254400650604419,P:9.9|P:9.6|P:10.0|B:10.1|B:10.10,5,3,2,0,1,1,0,1,0,0,0.25,0.0,0.0
count_plus_PB_count,1,19,1.8685232289135456,2.459042818525057,0.5905195896115112,P:9.9|P:9.6|P:10.0|B:9.0|B:9.7|B:10.1|B:10.2|B:10.6|B:10.10|B:11.2|B:11.9,11,3,8,0,1,1,0,1,0,0,1.0,0.0,0.0
count_plus_PB_count,1,204,1.4221223182976246,1.743888676867238,0.32176635856961333,P:9.9|P:9.6|P:10.0|B:9.7|B:10.6|B:10.10|B:11.9|E:10.7,8,3,4,1,1,1,1,1,1,1,0.5,0.5,0.25
count_plus_PB_count,1,27,-2.0526970140635967,-1.0338933537659125,1.0188036602976842,B:10.2|B:11.9|E:10.7|E:11.10,4,0,2,2,0,1,1,0,0,1,0.0,0.0,0.25
count_plus_PB_count,1,223,1.9471766948699951,2.069851838513323,0.12267514364332799,P:9.9|P:9.6|P:10.0|B:9.0|B:10.1|B:10.2|B:10.6|B:10.10|B:11.2|B:11.9|E:10.7,11,3,7,1,1,1,1,1,1,1,0.875,0.5,0.4375
count_plus_PB_count,1,74,-0.022991657257080078,-0.27001695966137207,-0.247025302404292,P:9.6|B:9.0|B:9.7|B:10.1|B:10.2|B:10.6|B:10.10|B:11.2|B:11.9|E:11.10,10,1,8,1,1,1,1,1,1,1,0.3333333333333333,0.16666666666666666,0.5
count_plus_PB_count,1,208,0.6361530162394047,0.9272599925586309,0.2911069763192262,P:9.9|P:9.6|P:10.0|B:9.7|B:10.1|B:10.2|E:11.10,7,3,3,1,1,1,1,1,1,1,0.375,0.5,0.1875
count_plus_PB_count,1,224,0.5285060442984104,0.7814123874510129,0.2529063431526025,P:9.9|P:9.6|P:10.0|B:9.0|B:9.7|B:10.6|B:11.2|E:11.10,8,3,4,1,1,1,1,1,1,1,0.5,0.5,0.25
count_plus_PB_count,1,173,0.6124220378696918,0.06537894499401764,-0.5470430928756742,P:9.9|P:9.6|B:9.0|B:9.7|B:10.2|B:10.6|B:11.9|E:10.7|E:11.10,9,2,5,2,1,1,1,1,1,1,0.41666666666666663,0.6666666666666666,0.625
count_plus_PB_count,1,18,0.16123811528086662,-0.13744189801526369,-0.2986800132961303,P:9.9|P:9.6|P:10.0|E:10.7|E:11.10,5,3,0,2,1,0,1,0,1,0,0.0,1.0,0.0
count_plus_PB_count,1,11,0.04421548917889595,-0.39191795377027344,-0.4361334429491694,B:11.9,1,0,1,0,0,1,0,0,0,0,0.0,0.0,0.0
count_plus_PB_count,1,187,0.897874940186739,1.058850188435103,0.16097524824836396,P:9.9|P:9.6|P:10.0|B:10.6|B:11.2,5,3,2,0,1,1,0,1,0,0,0.25,0.0,0.0
count_plus_PB_count,1,151,0.276092492043972,0.39800232122715234,0.12190982918318033,P:9.9|P:9.6|B:10.6,3,2,1,0,1,1,0,1,0,0,0.08333333333333333,0.0,0.0
count_plus_PB_count,1,157,0.37768739834427834,-0.033885822868846394,-0.41157322121312473,P:9.9|P:9.6|B:10.1|E:10.7,4,2,1,1,1,1,1,1,1,1,0.08333333333333333,0.3333333333333333,0.0625
count_plus_PB_count,1,59,0.9626401513814926,0.2804959264845128,-0.6821442248969798,P:10.0|B:9.0|B:9.7|B:10.1|B:10.6|B:11.9,6,1,5,0,1,1,0,1,0,0,0.20833333333333331,0.0,0.0
count_plus_PB_count,1,103,0.26081952825188637,0.3494682268803263,0.08864869862843994,P:9.9|B:11.9,2,1,1,0,1,1,0,1,0,0,0.041666666666666664,0.0,0.0
count_plus_PB_count,1,156,0.08269025757908821,0.2472476768662782,0.16455741928718998,P:9.9|P:9.6|B:10.1,3,2,1,0,1,1,0,1,0,0,0.08333333333333333,0.0,0.0
count_plus_PB_count,1,123,0.7120838984847069,0.4961247352989592,-0.2159591631857477,P:9.9|P:10.0|B:10.1|B:11.2|E:10.7,5,2,2,1,1,1,1,1,1,1,0.16666666666666666,0.3333333333333333,0.125
count_plus_PB_count,1,78,-1.3243667595088482,-0.8178185825666995,0.5065481769421487,P:9.6|P:10.0|B:11.9|E:10.7|E:11.10,5,2,1,2,1,1,1,1,1,1,0.08333333333333333,0.6666666666666666,0.125
count_plus_PB_count,1,115,0.6769261583685875,0.8870092314351453,0.21008307306655782,P:9.9|B:9.0|B:9.7|B:10.1|B:10.2|B:10.10|B:11.2|B:11.9,8,1,7,0,1,1,0,1,0,0,0.29166666666666663,0.0,0.0
count_plus_PB_count,1,81,-0.23705962300300598,-0.04795945175632954,0.18910017124667644,P:9.6|P:10.0|B:10.10|E:10.7,4,2,1,1,1,1,1,1,1,1,0.08333333333333333,0.3333333333333333,0.0625
count_plus_PB_count,1,58,0.9003594256937504,0.9689028342014476,0.06854340850769725,P:10.0|B:9.0|B:10.1|B:10.2|B:10.6|B:10.10|B:11.9,7,1,6,0,1,1,0,1,0,0,0.25,0.0,0.0
count_plus_PB_count,1,8,0.20578551664948463,-0.3201150845129096,-0.5259006011623942,B:10.6,1,0,1,0,0,1,0,0,0,0,0.0,0.0,0.0
count_plus_PB_count,1,212,0.9004754312336445,0.4396107358281849,-0.4608646954054596,P:9.9|P:9.6|P:10.0|B:9.0|B:11.2|E:10.7,6,3,2,1,1,1,1,1,1,1,0.25,0.5,0.125
count_plus_PB_count,1,119,0.09514226019382477,0.46882323105279683,0.37368097085897206,P:9.9|P:10.0|B:11.9|E:11.10,4,2,1,1,1,1,1,1,1,1,0.08333333333333333,0.3333333333333333,0.0625
count_plus_PB_count,2,163,-0.5653442852199078,0.04176194603969652,0.6071062312596043,P:9.9|P:9.6|B:9.7|B:10.2|B:11.2|E:11.10,6,2,3,1,1,1,1,1,1,1,0.25,0.3333333333333333,0.1875
count_plus_PB_count,2,35,0.04845794662833214,-0.462045134658088,-0.5105030812864202,B:9.0|B:11.9,2,0,2,0,0,1,0,0,0,0,0.0,0.0,0.0
count_plus_PB_count,2,140,1.2962299212813377,0.854759203304438,-0.44147071797689974,P:9.9|P:10.0|B:9.0|B:9.7|B:10.1|B:10.2|B:10.10|B:11.2|B:11.9|E:10.7|E:11.10,11,2,7,2,1,1,1,1,1,1,0.5833333333333333,0.6666666666666666,0.875
count_plus_PB_count,2,26,-0.9894405044615269,-0.5308421553727912,0.45859834908873565,B:10.2|E:10.7,2,0,1,1,0,1,1,0,0,1,0.0,0.0,0.0625
count_plus_PB_count,2,152,-0.15340392664074898,-0.4200355051171996,-0.26663157847645064,P:9.9|P:9.6|B:10.6|E:10.7|E:11.10,5,2,1,2,1,1,1,1,1,1,0.08333333333333333,0.6666666666666666,0.125
count_plus_PB_count,2,179,0.8624304980039597,0.5223126846427831,-0.3401178133611765,P:9.9|P:9.6|P:10.0|B:11.9|E:10.7,5,3,1,1,1,1,1,1,1,1,0.125,0.5,0.0625
count_plus_PB_count,2,86,-0.13070636987686157,-0.5058339528577509,-0.37512758298088933,P:9.6|P:10.0|B:10.1|E:11.10,4,2,1,1,1,1,1,1,1,1,0.08333333333333333,0.3333333333333333,0.0625
count_plus_PB_count,2,238,2.212401542812586,1.2772782593165597,-0.9351232834960261,P:9.9|P:9.6|P:10.0|B:9.0|B:9.7|B:10.1|B:10.2|B:10.6|B:10.10|B:11.2|E:10.7|E:11.10,12,3,7,2,1,1,1,1,1,1,0.875,1.0,0.875
count_plus_PB_count,2,55,0.44097353890538216,-0.21565376044673323,-0.6566272993521154,P:10.0|B:9.0,2,1,1,0,1,1,0,1,0,0,0.041666666666666664,0.0,0.0
count_plus_PB_count,2,195,1.275618951767683,0.5917945503016451,-0.683824401466038,P:9.9|P:9.6|P:10.0|B:10.1|B:10.2|B:10.10|E:10.7|E:11.10,8,3,3,2,1,1,1,1,1,1,0.375,1.0,0.375
count_plus_PB_count,2,112,0.8748807460069656,0.6287447684399371,-0.24613597756702854,P:9.9|B:9.7|B:10.1|B:10.2|B:10.6|B:10.10|B:11.2|B:11.9|E:11.10,9,1,7,1,1,1,1,1,1,1,0.29166666666666663,0.16666666666666666,0.4375
count_plus_PB_count,2,188,0.19750071316957474,0.3950174949831183,0.19751678181354354,P:9.9|P:9.6|P:10.0|B:10.2|E:11.10,5,3,1,1,1,1,1,1,1,1,0.125,0.5,0.0625
count_plus_PB_count,2,72,0.3226247727870941,-0.2623591484411698,-0.5849839212282639,P:9.6|B:9.0|B:9.7|B:10.6|B:11.9,5,1,4,0,1,1,0,1,0,0,0.16666666666666666,0.0,0.0
count_plus_PB_count,2,25,-0.6552459336817265,-0.763559583305946,-0.10831364962421952,B:10.2|E:11.10,2,0,1,1,0,1,1,0,0,1,0.0,0.0,0.0625
count_plus_PB_count,2,39,-1.902444377541542,-1.263985126317573,0.6384592512239691,B:9.0|B:10.1|B:10.10|B:11.2|E:10.7|E:11.10,6,0,4,2,0,1,1,0,0,1,0.0,0.0,0.5
count_plus_PB_count,2,192,0.37901822477579117,-0.08872332994734727,-0.46774155472313844,P:9.9|P:9.6|P:10.0|B:10.1|E:10.7|E:11.10,6,3,1,2,1,1,1,1,1,1,0.125,1.0,0.125
count_plus_PB_count,2,100,-0.2131936363875866,0.31463510848090714,0.5278287448684937,P:9.6|P:10.0|B:9.0|B:9.7|B:10.1|B:10.2|B:10.6|B:10.10|B:11.2|B:11.9|E:10.7|E:11.10,12,2,8,2,1,1,1,1,1,1,0.6666666666666666,0.6666666666666666,1.0
count_plus_PB_count,2,132,0.7890389040112495,0.7361942359179188,-0.05284466809333077,P:9.9|P:10.0|B:9.7|B:10.1|B:10.2|B:11.2|E:11.10,7,2,4,1,1,1,1,1,1,1,0.3333333333333333,0.3333333333333333,0.25
count_plus_PB_count,2,226,1.454001609236002,1.5341359069981304,0.08013429776212844,P:9.9|P:9.6|P:10.0|B:9.0|B:9.7|B:10.6|B:10.10|B:11.9|E:10.7,9,3,5,1,1,1,1,1,1,1,0.625,0.5,0.3125
count_plus_PB_count,2,216,1.325690682977438,1.071535403470355,-0.25415527950708294,P:9.9|P:9.6|P:10.0|B:9.0|B:10.2|B:10.6|E:10.7,7,3,3,1,1,1,1,1,1,1,0.375,0.5,0.1875
count_plus_PB_count,2,184,0.9177334345877171,0.290921028096116,-0.6268124064916011,P:9.9|P:9.6|P:10.0|B:10.10|B:11.2|B:11.9|E:10.7|E:11.10,8,3,3,2,1,1,1,1,1,1,0.375,1.0,0.375
count_plus_PB_count,2,33,-1.4734752662479877,-0.9248693391981443,0.5486059270498435,B:9.7|B:10.1|B:10.6|B:10.10|B:11.2|E:10.7|E:11.10,7,0,5,2,0,1,1,0,0,1,0.0,0.0,0.625
count_plus_PB_count,2,107,0.5038124993443489,0.26432517107137654,-0.23948732827297237,P:9.9|B:10.1|B:10.6|E:10.7,4,1,2,1,1,1,1,1,1,1,0.08333333333333333,0.16666666666666666,0.125
count_plus_PB_count,2,165,0.0528549998998642,-0.12584544395555708,-0.17870044385542128,P:9.9|P:9.6|B:9.7|B:10.1|B:10.6|B:11.2|E:10.7|E:11.10,8,2,4,2,1,1,1,1,1,1,0.3333333333333333,0.6666666666666666,0.5
count_plus_PB_count,2,43,0.25424106419086456,-0.12345458929130584,-0.3776956534821704,B:9.0|B:9.7|B:10.6|B:10.10|B:11.2|B:11.9,6,0,6,0,0,1,0,0,0,0,0.0,0.0,0.0
count_plus_PB_count,2,71,-1.9208563305437565,-1.2684760618720052,0.6523802686717513,P:9.6|B:9.0|B:10.1|B:10.2|B:11.2|B:11.9|E:10.7|E:11.10,8,1,5,2,1,1,1,1,1,1,0.20833333333333331,0.3333333333333333,0.625
count_plus_PB_count,2,102,-0.7290077060461044,-0.7039880659316529,0.02501964011445157,P:9.9|E:10.7|E:11.10,3,1,0,2,1,0,1,0,1,0,0.0,0.3333333333333333,0.0
count_plus_PB_count,2,196,1.6026018001139164,0.8130501409214066,-0.7895516591925098,P:9.9|P:9.6|P:10.0|B:10.1|B:10.2|B:10.10|B:11.2|B:11.9|E:10.7|E:11.10,10,3,5,2,1,1,1,1,1,1,0.625,1.0,0.625
count_plus_PB_count,2,214,1.3109852150082588,0.5219478298966072,-0.7890373851116517,P:9.9|P:9.6|P:10.0|B:9.0|B:10.6|B:10.10|B:11.2|E:10.7|E:11.10,9,3,4,2,1,1,1,1,1,1,0.5,1.0,0.5
count_plus_PB_count,2,13,-0.7300628870725632,-0.8985868113650577,-0.16852392429249452,E:11.10,1,0,0,1,0,0,1,0,0,0,0.0,0.0,0.0
count_plus_PB_count,2,232,1.2487009689211845,0.775091353009883,-0.4736096159113016,P:9.9|P:9.6|P:10.0|B:9.0|B:9.7|B:10.1|B:10.2|B:11.2|B:11.9|E:10.7|E:11.10,11,3,6,2,1,1,1,1,1,1,0.75,1.0,0.75
count_plus_PB_count,2,231,1.8862354047596455,1.1718560210430697,-0.7143793837165757,P:9.9|P:9.6|P:10.0|B:9.0|B:9.7|B:10.1|B:10.6|B:10.10|B:11.2|B:11.9|E:10.7|E:11.10,12,3,7,2,1,1,1,1,1,1,0.875,1.0,0.875
count_plus_PB_count,2,150,0.007378906011581418,-0.4264966468779909,-0.4338755528895723,P:9.9|P:9.6|B:10.10|E:10.7|E:11.10,5,2,1,2,1,1,1,1,1,1,0.08333333333333333,0.6666666666666666,0.125
count_plus_PB_count,2,73,-0.7453505955636501,-0.5345913308156559,0.21075926474799422,P:9.6|B:9.0|B:9.7|B:10.1|B:10.2|B:10.6|B:10.10|B:11.9|E:10.7|E:11.10,10,1,7,2,1,1,1,1,1,1,0.29166666666666663,0.3333333333333333,0.875
count_plus_PB_count,2,147,-0.8010351993143559,-0.7689956365469384,0.032039562767417484,P:9.9|P:9.6|B:11.2|E:10.7|E:11.10,5,2,1,2,1,1,1,1,1,1,0.08333333333333333,0.6666666666666666,0.125
count_plus_PB_count,2,202,1.0955001190304756,0.9002438710640447,-0.19525624796643093,P:9.9|P:9.6|P:10.0|B:9.7|B:10.10|E:10.7,6,3,2,1,1,1,1,1,1,1,0.25,0.5,0.125
count_plus_PB_count,2,12,-1.0317822992801666,-0.6658693834319029,0.3659129158482637,E:10.7,1,0,0,1,0,0,1,0,0,0,0.0,0.0,0.0
count_plus_PB_count,2,82,-0.03239645063877106,-0.35232510536005135,-0.3199286547212803,P:9.6|P:10.0|B:10.6|E:11.10,4,2,1,1,1,1,1,1,1,1,0.08333333333333333,0.3333333333333333,0.0625
count_plus_PB_count,2,31,-0.23759472742676735,-0.5900343594654939,-0.3524396320387265,B:9.7|B:10.6|B:10.10|B:11.2|E:11.10,5,0,4,1,0,1,1,0,0,1,0.0,0.0,0.25
count_plus_PB_count,2,153,0.2724653035402298,0.3863220213924371,0.1138567178522073,P:9.9|P:9.6|B:10.2,3,2,1,0,1,1,0,1,0,0,0.08333333333333333,0.0,0.0
count_plus_PB_count,2,29,-2.1579615026712418,-1.3699160896292053,0.7880454130420365,B:9.7|B:11.2|E:10.7|E:11.10,4,0,2,2,0,1,1,0,0,1,0.0,0.0,0.25
count_plus_PB_count,2,172,0.1690041534602642,0.5426569113692322,0.373652757908968,P:9.9|P:9.6|B:9.0|B:9.7|B:10.2|B:11.2,6,2,4,0,1,1,0,1,0,0,0.3333333333333333,0.0,0.0
count_plus_PB_count,2,118,-0.11092682182788849,-0.17673984805742826,-0.06581302622953977,P:9.9|P:10.0|E:10.7|E:11.10,4,2,0,2,1,0,1,0,1,0,0.0,0.6666666666666666,0.0
count_plus_PB_count,2,186,0.5278505198657513,0.06478551755035228,-0.463065002315399,P:9.9|P:9.6|P:10.0|B:10.6|E:10.7|E:11.10,6,3,1,2,1,1,1,1,1,1,0.125,1.0,0.125
count_plus_PB_count,2,79,-1.4608745947480202,-1.0797026914494015,0.3811719032986187,P:9.6|P:10.0|B:11.2|E:10.7|E:11.10,5,2,1,2,1,1,1,1,1,1,0.08333333333333333,0.6666666666666666,0.125
count_plus_PB_count,2,139,1.478417843580246,1.7098588140093927,0.2314409704291467,P:9.9|P:10.0|B:9.0|B:10.1|B:10.2|B:10.6|B:10.10|B:11.2,8,2,6,0,1,1,0,1,0,0,0.5,0.0,0.0
count_plus_PB_count,2,178,0.785550020635128,0.3347586847146894,-0.45079133592043863,P:9.9|P:9.6|P:10.0|E:10.7,4,3,0,1,1,0,1,0,1,0,0.0,0.5,0.0
count_plus_PB_count,2,16,-1.3794433288276196,-0.7855092729030119,0.5939340559246077,B:9.0|B:9.7|B:10.1|B:10.2|B:10.6|B:10.10|B:11.2|B:11.9|E:10.7|E:11.10,10,0,8,2,0,1,1,0,0,1,0.0,0.0,1.0
count_plus_PB_count,3,110,0.5567262880504131,0.5301458595356229,-0.026580428514790255,P:9.9|B:9.7|B:10.10,3,1,2,0,1,1,0,1,0,0,0.08333333333333333,0.0,0.0
count_plus_PB_count,3,116,0.6422114297747612,0.6756824734098494,0.03347104363508824,P:9.9|P:10.0,2,2,0,0,1,0,0,0,0,0,0.0,0.0,0.0
count_plus_PB_count,3,199,-0.008658107370138168,0.38269337713899193,0.3913514845091301,P:9.9|P:9.6|P:10.0|B:9.7|E:11.10,5,3,1,1,1,1,1,1,1,1,0.125,0.5,0.0625
count_plus_PB_count,3,236,1.3518722876906395,1.6914482653433964,0.33957597765275693,P:9.9|P:9.6|P:10.0|B:9.0|B:9.7|B:10.1|B:10.2|B:10.6|B:11.2|B:11.9|E:11.10,11,3,7,1,1,1,1,1,1,1,0.875,0.5,0.4375
count_plus_PB_count,3,176,0.47614696621894836,0.84328330181787,0.36713633559892167,P:9.9|P:9.6|B:9.0|B:9.7|B:10.1|B:10.2|B:10.6|B:11.9|E:11.10,9,2,6,1,1,1,1,1,1,1,0.5,0.3333333333333333,0.375
count_plus_PB_count,3,185,0.7254875265061855,1.1312663060185426,0.4057787795123571,P:9.9|P:9.6|P:10.0|B:10.6,4,3,1,0,1,1,0,1,0,0,0.125,0.0,0.0
count_plus_PB_count,3,158,-0.3258376196026802,-0.5402472456098217,-0.21440962600714153,P:9.9|P:9.6|B:10.1|E:10.7|E:11.10,5,2,1,2,1,1,1,1,1,1,0.08333333333333333,0.6666666666666666,0.125
count_plus_PB_count,3,2,-0.1576346568763256,-0.6602699617160925,-0.5026353048397669,P:9.6,1,1,0,0,1,0,0,0,0,0,0.0,0.0,0.0
count_plus_PB_count,3,209,1.2488095052540302,1.7236924853954645,0.47488298014143426,P:9.9|P:9.6|P:10.0|B:9.7|B:10.1|B:10.2|B:10.6,7,3,4,0,1,1,0,1,0,0,0.5,0.0,0.0
count_plus_PB_count,3,92,-0.4412704110145569,-0.6753871273764498,-0.2341167163618929,P:9.6|P:10.0|B:9.0|B:11.2|E:11.10,5,2,2,1,1,1,1,1,1,1,0.16666666666666666,0.3333333333333333,0.125
count_plus_PB_count,3,98,1.0093169696629047,1.1137829185395773,0.1044659488766726,P:9.6|P:10.0|B:9.0|B:9.7|B:10.1|B:10.2|B:10.6|B:10.10|B:11.2|B:11.9,10,2,8,0,1,1,0,1,0,0,0.6666666666666666,0.0,0.0
count_plus_PB_count,3,105,-0.6707933135330677,-0.48326931806430057,0.18752399546876714,P:9.9|B:11.9|E:10.7|E:11.10,4,1,1,2,1,1,1,1,1,1,0.041666666666666664,0.3333333333333333,0.125
count_plus_PB_count,3,205,1.3846071772277355,1.1577938517161401,-0.2268133255115954,P:9.9|P:9.6|P:10.0|B:9.7|B:10.2|B:11.2|B:11.9|E:10.7,8,3,4,1,1,1,1,1,1,1,0.5,0.5,0.25
count_plus_PB_count,3,200,0.39837056398391724,0.022011134177157277,-0.37635942980675996,P:9.9|P:9.6|P:10.0|B:9.7|E:10.7|E:11.10,6,3,1,2,1,1,1,1,1,1,0.125,1.0,0.125
count_plus_PB_count,3,23,-0.8226649463176727,-0.4808000655699646,0.34186488074770816,B:10.6|E:10.7,2,0,1,1,0,1,1,0,0,1,0.0,0.0,0.0625
count_plus_PB_count,3,56,-0.4917997419834137,-0.2500544087553169,0.24174533322809677,P:10.0|B:9.0|B:10.1|B:11.2|B:11.9|E:10.7,6,1,4,1,1,1,1,1,1,1,0.16666666666666666,0.16666666666666666,0.25
count_plus_PB_count,3,159,0.029253222048282623,0.5430915909638913,0.5138383689156086,P:9.9|P:9.6|B:10.1|B:10.10|B:11.2,5,2,3,0,1,1,0,1,0,0,0.25,0.0,0.0
count_plus_PB_count,3,239,2.124457161873579,2.229937343913721,0.10548018204014209,P:9.9|P:9.6|P:10.0|B:9.0|B:9.7|B:10.1|B:10.2|B:10.6|B:10.10|B:11.2|B:11.9|E:10.7,12,3,8,1,1,1,1,1,1,1,1.0,0.5,0.5
count_plus_PB_count,3,63,-1.987990591675043,-1.4929405730306367,0.49505001864440645,P:9.6|E:10.7|E:11.10,3,1,0,2,1,0,1,0,1,0,0.0,0.3333333333333333,0.0
count_plus_PB_count,3,90,0.6627392582595348,0.18791908822921022,-0.4748201700303246,P:9.6|P:10.0|B:9.7|B:10.1|B:11.9,5,2,3,0,1,1,0,1,0,0,0.25,0.0,0.0
count_plus_PB_count,3,85,0.31950290501117706,0.10728156358958318,-0.21222134142159388,P:9.6|P:10.0|B:10.2|B:11.2|B:11.9,5,2,3,0,1,1,0,1,0,0,0.25,0.0,0.0
count_plus_PB_count,3,181,0.5778550244867802,0.7462502515717536,0.16839522708497345,P:9.9|P:9.6|P:10.0|B:11.2,4,3,1,0,1,1,0,1,0,0,0.125,0.0,0.0
count_plus_PB_count,3,146,-0.3059505894780159,0.11475490870186472,0.4207054981798806,P:9.9|P:9.6|B:11.2,3,2,1,0,1,1,0,1,0,0,0.08333333333333333,0.0,0.0
count_plus_PB_count,3,117,0.02911713346838951,0.20369410505714003,0.17457697158875052,P:9.9|P:10.0|E:11.10,3,2,0,1,1,0,1,0,1,0,0.0,0.3333333333333333,0.0
count_plus_PB_count,3,143,1.8553861118853092,1.5100305145000528,-0.34535559738525645,P:9.9|P:10.0|B:9.0|B:9.7|B:10.1|B:10.2|B:10.6|B:10.10|B:11.2|B:11.9|E:11.10,11,2,8,1,1,1,1,1,1,1,0.6666666666666666,0.3333333333333333,0.5
count_plus_PB_count,3,233,1.3947341851890087,1.9514629966884736,0.5567288114994648,P:9.9|P:9.6|P:10.0|B:9.0|B:9.7|B:10.1|B:10.2|B:10.10|B:11.2,9,3,6,0,1,1,0,1,0,0,0.75,0.0,0.0
count_plus_PB_count,3,97,-0.00730687752366066,0.3547971763930393,0.3621040539167,P:9.6|P:10.0|B:9.0|B:9.7|B:10.1|B:10.2|B:11.2|B:11.9|E:10.7,9,2,6,1,1,1,1,1,1,1,0.5,0.3333333333333333,0.375
count_plus_PB_count,3,80,0.4240094982087612,0.12392710732335394,-0.3000823908854073,P:9.6|P:10.0|B:10.10,3,2,1,0,1,1,0,1,0,0,0.08333333333333333,0.0,0.0
count_plus_PB_count,3,203,1.0001394301652908,1.597699390458287,0.5975599602929962,P:9.9|P:9.6|P:10.0|B:9.7|B:10.6|B:10.10,6,3,3,0,1,1,0,1,0,0,0.375,0.0,0.0
count_plus_PB_count,3,182,-0.11927512288093567,0.2742618832190442,0.3935370060999799,P:9.9|P:9.6|P:10.0|B:11.2|E:11.10,5,3,1,1,1,1,1,1,1,1,0.125,0.5,0.0625
count_plus_PB_count,3,17,0.46299997344613075,0.7275005410476438,0.2645005676015131,P:9.9|P:9.6|P:10.0,3,3,0,0,1,0,0,0,0,0,0.0,0.0,0.0
count_plus_PB_count,3,108,-0.32360805571079254,-0.17753784754045135,0.1460702081703412,P:9.9|B:10.1|B:10.2|B:11.2|E:11.10,5,1,3,1,1,1,1,1,1,1,0.125,0.16666666666666666,0.1875
count_plus_PB_count,3,44,0.4107043147087097,-0.3577512987103163,-0.768455613419026,B:9.0|B:9.7|B:10.1|B:10.10,4,0,4,0,0,1,0,0,0,0,0.0,0.0,0.0
count_plus_PB_count,3,148,-0.35026708617806435,-0.005835889317950982,0.34443119686011336,P:9.9|P:9.6|B:10.10|E:11.10,4,2,1,1,1,1,1,1,1,1,0.08333333333333333,0.3333333333333333,0.0625
count_plus_PB_count,3,5,0.18057629838585854,-0.5241515584774591,-0.7047278568633176,B:9.7,1,0,1,0,0,1,0,0,0,0,0.0,0.0,0.0
count_plus_PB_count,3,129,0.762895978987217,0.4062755195652916,-0.35662045942192533,P:9.9|P:10.0|B:9.7|B:10.2|B:10.6|E:10.7|E:11.10,7,2,3,2,1,1,1,1,1,1,0.25,0.6666666666666666,0.375
count_plus_PB_count,3,194,1.2136539109051228,1.1327710328150153,-0.08088287809010741,P:9.9|P:9.6|P:10.0|B:10.1|B:10.2|B:11.9|E:10.7,7,3,3,1,1,1,1,1,1,1,0.375,0.5,0.1875
count_plus_PB_count,3,42,-0.46380022168159485,-0.9900530190630878,-0.526252797381493,B:9.0|B:9.7|B:10.10|B:11.2|B:11.9|E:11.10,6,0,5,1,0,1,1,0,0,1,0.0,0.0,0.3125
count_plus_PB_count,3,183,0.8049454912543297,1.1559156345874821,0.35097014333315246,P:9.9|P:9.6|P:10.0|B:10.10|B:11.2,5,3,2,0,1,1,0,1,0,0,0.25,0.0,0.0
count_plus_PB_count,3,28,0.2634904868900776,-0.2134506743734573,-0.4769411612635349,B:10.1|B:10.2|B:10.10,3,0,3,0,0,1,0,0,0,0,0.0,0.0,0.0
count_plus_PB_count,3,45,-0.5084521621465683,-0.2686948811883362,0.23975728095823212,B:9.0|B:9.7|B:10.1|B:10.6|B:10.10|B:11.2|B:11.9|E:10.7,8,0,7,1,0,1,1,0,0,1,0.0,0.0,0.4375
count_plus_PB_count,3,61,-1.0373320244252682,-0.28232744460478876,0.7550045798204794,P:10.0|B:9.0|B:9.7|B:10.1|B:10.2|B:10.6|B:11.2|B:11.9|E:10.7|E:11.10,10,1,7,2,1,1,1,1,1,1,0.29166666666666663,0.3333333333333333,0.875
count_plus_PB_count,3,94,-0.49759408831596375,0.1778793372743983,0.675473425590362,P:9.6|P:10.0|B:9.0|B:10.1|B:10.6|B:10.10|B:11.2|B:11.9|E:10.7|E:11.10,10,2,6,2,1,1,1,1,1,1,0.5,0.6666666666666666,0.75
count_plus_PB_count,3,166,0.34098824113607407,-0.32708267048042017,-0.6680709116164942,P:9.9|P:9.6|B:9.7|B:10.1|B:10.2|E:10.7|E:11.10,7,2,3,2,1,1,1,1,1,1,0.25,0.6666666666666666,0.375
count_plus_PB_count,3,54,0.02327965945005417,-0.5171629352006818,-0.540442594650736,P:10.0|B:10.1|E:11.10,3,1,1,1,1,1,1,1,1,1,0.041666666666666664,0.16666666666666666,0.0625
count_plus_PB_count,3,41,-2.0931180715560913,-1.4894689919709427,0.6036490795851486,B:9.0|B:9.7|B:11.2|B:11.9|E:10.7|E:11.10,6,0,4,2,0,1,1,0,0,1,0.0,0.0,0.5
count_plus_PB_count,3,180,0.22938881069421768,0.1435985856468786,-0.08579022504733907,P:9.9|P:9.6|P:10.0|B:11.9|E:10.7|E:11.10,6,3,1,2,1,1,1,1,1,1,0.125,1.0,0.125
count_plus_PB_count,3,137,0.9683080837130547,0.9832307128029562,0.014922629089901496,P:9.9|P:10.0|B:9.0|B:10.1|B:10.2|B:11.2,6,2,4,0,1,1,0,1,0,0,0.3333333333333333,0.0,0.0
count_plus_PB_count,4,135,0.3180081695318222,0.48812442958499414,0.17011626005317193,P:9.9|P:10.0|B:9.0|B:10.6|B:11.9|E:10.7|E:11.10,7,2,3,2,1,1,1,1,1,1,0.25,0.6666666666666666,0.375
count_plus_PB_count,4,37,-2.092911761254072,-1.139357028429287,0.9535547328247851,B:9.0|B:10.2|E:10.7|E:11.10,4,0,2,2,0,1,1,0,0,1,0.0,0.0,0.25
count_plus_PB_count,4,91,0.38466572016477585,0.07633540475186817,-0.3083303154129077,P:9.6|P:10.0|B:9.0|B:11.9,4,2,2,0,1,1,0,1,0,0,0.16666666666666666,0.0,0.0
count_plus_PB_count,4,113,-0.6673449911177158,-0.5755947149266727,0.09175027619104315,P:9.9|B:9.0|B:9.7|B:11.2|B:11.9|E:10.7|E:11.10,7,1,4,2,1,1,1,1,1,1,0.16666666666666666,0.3333333333333333,0.5
count_plus_PB_count,4,38,-0.12388213351368904,-0.33593944343515636,-0.21205730992146732,B:9.0|B:10.2|B:10.10|B:11.2|B:11.9,5,0,5,0,0,1,0,0,0,0,0.0,0.0,0.0
count_plus_PB_count,4,62,-0.96882164478302,-1.0812419667727966,-0.11242032198977658,P:9.6|E:11.10,2,1,0,1,1,0,1,0,1,0,0.0,0.16666666666666666,0.0
count_plus_PB_count,4,57,-1.3938638791441917,-0.6395308521502489,0.7543330269939429,P:10.0|B:9.0|B:10.1|B:10.2|E:10.7|E:11.10,6,1,3,2,1,1,1,1,1,1,0.125,0.3333333333333333,0.375
count_plus_PB_count,4,190,0.7528919950127602,0.7791237049284223,0.02623170991566215,P:9.9|P:9.6|P:10.0|B:10.2|B:10.6|B:11.2|E:11.10,7,3,3,1,1,1,1,1,1,1,0.375,0.5,0.1875
count_plus_PB_count,4,164,0.30114129185676575,0.8427587952087232,0.5416175033519575,P:9.9|P:9.6|B:9.7|B:10.1|B:10.10|B:11.2|B:11.9,7,2,5,0,1,1,0,1,0,0,0.41666666666666663,0.0,0.0
count_plus_PB_count,4,221,0.5948651321232319,0.740042574437239,0.1451774423140071,P:9.9|P:9.6|P:10.0|B:9.0|B:10.1|B:10.2|B:11.2|E:11.10,8,3,4,1,1,1,1,1,1,1,0.5,0.5,0.25
count_plus_PB_count,4,1,0.1935817413032055,0.25806841726527935,0.06448667596207386,P:9.9,1,1,0,0,1,0,0,0,0,0,0.0,0.0,0.0
count_plus_PB_count,4,53,-0.06579641252756119,-0.30789983202844473,-0.24210341950088354,P:10.0|B:10.2|B:11.9|E:11.10,4,1,2,1,1,1,1,1,1,1,0.08333333333333333,0.16666666666666666,0.125
count_plus_PB_count,4,126,0.9073482267558575,0.8300475644477988,-0.07730066230805865,P:9.9|P:10.0|B:10.1|B:10.2|E:10.7,5,2,2,1,1,1,1,1,1,1,0.16666666666666666,0.3333333333333333,0.125
count_plus_PB_count,4,14,-2.1500720120966434,-1.096164089747519,1.0539079223491243,E:10.7|E:11.10,2,0,0,2,0,0,1,0,0,0,0.0,0.0,0.0
count_plus_PB_count,4,40,0.43496930971741676,-0.012023869772638092,-0.44699317949005485,B:9.0|B:10.1|B:10.6|B:10.10,4,0,4,0,0,1,0,0,0,0,0.0,0.0,0.0
count_plus_PB_count,4,234,1.2642529793083668,1.8107145420489175,0.5464615627405507,P:9.9|P:9.6|P:10.0|B:9.0|B:9.7|B:10.1|B:10.2|B:10.6,8,3,5,0,1,1,0,1,0,0,0.625,0.0,0.0
count_plus_PB_count,4,34,-0.4527350068092346,-0.2617070195036142,0.19102798730562043,B:9.7|B:10.1|B:10.2|B:10.10|B:11.9|E:10.7,6,0,5,1,0,1,1,0,0,1,0.0,0.0,0.3125
count_plus_PB_count,4,99,0.8856487385928631,0.6364719464726485,-0.2491767921202146,P:9.6|P:10.0|B:9.0|B:9.7|B:10.1|B:10.2|B:10.6|B:10.10|B:11.2|B:11.9|E:11.10,11,2,8,1,1,1,1,1,1,1,0.6666666666666666,0.3333333333333333,0.5
count_plus_PB_count,4,109,0.5982384718954563,0.3409636487850374,-0.25727482311041894,P:9.9|B:10.1|B:10.2|B:10.6|B:10.10|B:11.2|E:11.10,7,1,5,1,1,1,1,1,1,1,0.20833333333333331,0.16666666666666666,0.3125
count_plus_PB_count,4,49,-0.5108466930687428,-0.37995193849063524,0.1308947545781075,B:9.0|B:9.7|B:10.1|B:10.2|B:10.6|B:10.10|B:11.2|B:11.9|E:10.7,9,0,8,1,0,1,1,0,0,1,0.0,0.0,0.5
count_plus_PB_count,4,127,0.24340659379959106,0.3263982853148144,0.08299169151522334,P:9.9|P:10.0|B:9.7|E:11.10,4,2,1,1,1,1,1,1,1,1,0.08333333333333333,0.3333333333333333,0.0625
count_plus_PB_count,4,21,-2.0925130136311054,-1.1108926616675694,0.981620351963536,B:11.9|E:10.7|E:11.10,3,0,1,2,0,1,1,0,0,1,0.0,0.0,0.125
count_plus_PB_count,4,227,1.6139287240803242,1.111292992997437,-0.5026357310828873,P:9.9|P:9.6|P:10.0|B:9.0|B:9.7|B:10.6|B:10.10|B:11.2|B:11.9|E:10.7|E:11.10,11,3,6,2,1,1,1,1,1,1,0.75,1.0,0.75
count_plus_PB_count,4,167,0.3539474345743656,0.13951227216211537,-0.21443516241225025,P:9.9|P:9.6|B:9.0|B:11.9|E:10.7,5,2,2,1,1,1,1,1,1,1,0.16666666666666666,0.3333333333333333,0.125
count_plus_PB_count,4,125,1.1199581176042557,1.2772856562748043,0.1573275386705486,P:9.9|P:10.0|B:10.1|B:10.6|B:11.2|B:11.9,6,2,4,0,1,1,0,1,0,0,0.3333333333333333,0.0,0.0
count_plus_PB_count,4,170,0.3828652650117874,0.6997807180236181,0.31691545301183066,P:9.9|P:9.6|B:9.0|B:10.1|B:10.6,5,2,3,0,1,1,0,1,0,0,0.25,0.0,0.0
count_plus_PB_count,4,66,0.09258740022778511,-0.2887855024222113,-0.3813729026499964,P:9.6|B:10.1|B:10.2|B:11.9,4,1,3,0,1,1,0,1,0,0,0.125,0.0,0.0
count_plus_PB_count,4,104,0.20134234055876732,0.061243161030288734,-0.14009917952847858,P:9.9|B:11.9|E:10.7,3,1,1,1,1,1,1,1,1,1,0.041666666666666664,0.16666666666666666,0.0625
count_plus_PB_count,4,22,-0.9958479702472687,-0.9948658791651356,0.0009820910821330964,B:11.2|B:11.9|E:11.10,3,0,2,1,0,1,1,0,0,1,0.0,0.0,0.125
count_plus_PB_count,4,46,-0.23023967072367668,-0.795681397893601,-0.5654417271699244,B:9.0|B:9.7|B:10.1|B:10.2|B:10.10|B:11.2|B:11.9|E:11.10,8,0,7,1,0,1,1,0,0,1,0.0,0.0,0.4375
count_plus_PB_count,4,111,-0.15740074962377548,-0.2644415028303603,-0.1070407532065848,P:9.9|B:9.7|B:10.6|E:10.7|E:11.10,5,1,2,2,1,1,1,1,1,1,0.08333333333333333,0.3333333333333333,0.25
count_plus_PB_count,4,70,-1.6255602352321148,-1.094188784566934,0.5313714506651808,P:9.6|B:9.0|B:10.1|B:10.2|B:11.9|E:10.7|E:11.10,7,1,4,2,1,1,1,1,1,1,0.16666666666666666,0.3333333333333333,0.5
count_plus_PB_count,4,77,-1.3802263587713242,-0.909262928413117,0.4709634303582072,P:9.6|P:10.0|E:10.7|E:11.10,4,2,0,2,1,0,1,0,1,0,0.0,0.6666666666666666,0.0
count_plus_PB_count,4,145,-0.9065218307077885,-0.2817012845657137,0.6248205461420748,P:9.9|P:9.6|E:11.10,3,2,0,1,1,0,1,0,1,0,0.0,0.3333333333333333,0.0
count_plus_PB_count,4,207,1.1867230460047722,0.8804310204637285,-0.30629202554104373,P:9.9|P:9.6|P:10.0|B:9.7|B:10.1|B:10.10|B:11.9|E:10.7|E:11.10,9,3,4,2,1,1,1,1,1,1,0.5,1.0,0.5
count_plus_PB_count,4,189,0.5667572394013405,0.07429953274360146,-0.492457706657739,P:9.9|P:9.6|P:10.0|B:10.2|E:10.7|E:11.10,6,3,1,2,1,1,1,1,1,1,0.125,1.0,0.125
count_plus_PB_count,4,20,2.3267794027924538,1.6273673957764352,-0.6994120070160186,P:9.9|P:9.6|P:10.0|B:9.0|B:9.7|B:10.1|B:10.2|B:10.6|B:10.10|B:11.2|B:11.9|E:10.7|E:11.10,13,3,8,2,1,1,1,1,1,1,1.0,1.0,1.0
count_plus_PB_count,4,175,0.43807394430041313,0.8061837577815738,0.3681098134811607,P:9.9|P:9.6|B:9.0|B:9.7|B:10.1|B:10.10,6,2,4,0,1,1,0,1,0,0,0.3333333333333333,0.0,0.0
count_plus_PB_count,4,67,0.1194758489727974,-0.4675040267132185,-0.5869798756860158,P:9.6|B:9.7|B:10.2,3,1,2,0,1,1,0,1,0,0,0.08333333333333333,0.0,0.0
count_plus_PB_count,4,121,0.8768309131264687,0.9997217942148481,0.12289088108837942,P:9.9|P:10.0|B:10.6,3,2,1,0,1,1,0,1,0,0,0.08333333333333333,0.0,0.0
count_plus_PB_count,4,213,0.7374192625284195,1.1264699298860261,0.3890506673576066,P:9.9|P:9.6|P:10.0|B:9.0|B:10.6,5,3,2,0,1,1,0,1,0,0,0.25,0.0,0.0
count_plus_PB_count,4,211,0.1879602037370205,-0.07008070607526773,-0.2580409098122882,P:9.9|P:9.6|P:10.0|B:9.0|E:10.7|E:11.10,6,3,1,2,1,1,1,1,1,1,0.125,1.0,0.125
count_plus_PB_count,4,133,1.7260217368602753,1.253142825709359,-0.4728789111509162,P:9.9|P:10.0|B:9.7|B:10.1|B:10.2|B:10.6|B:10.10|B:11.2|E:11.10,9,2,6,1,1,1,1,1,1,1,0.5,0.3333333333333333,0.375
count_plus_PB_count,4,161,0.41517258435487747,-0.044889632120956424,-0.4600622164758339,P:9.9|P:9.6|B:10.1|B:10.2|B:10.10|B:11.2|E:10.7|E:11.10,8,2,4,2,1,1,1,1,1,1,0.3333333333333333,0.6666666666666666,0.5
count_plus_PB_count,4,65,-1.8147796541452408,-1.1985093527179524,0.6162703014272883,P:9.6|B:10.2|B:10.10|B:11.2|E:10.7|E:11.10,6,1,3,2,1,1,1,1,1,1,0.125,0.3333333333333333,0.375
count_plus_PB_count,4,220,1.2591385692358017,0.9598075488251934,-0.29933102041060833,P:9.9|P:9.6|P:10.0|B:9.0|B:10.1|B:10.6|B:10.10|E:10.7|E:11.10,9,3,4,2,1,1,1,1,1,1,0.5,1.0,0.5
count_plus_PB_count,4,47,0.18758106604218483,-0.3894677728424015,-0.5770488388845864,B:9.0|B:9.7|B:10.1|B:10.2|B:10.6|B:11.2,6,0,6,0,0,1,0,0,0,0,0.0,0.0,0.0
count_plus_PE_count,0,122,0.3629409745335579,0.5879160273626568,0.2249750528290989,P:9.9|P:10.0|B:10.6|E:11.10,4,2,1,1,1,1,1,1,1,1,0.08333333333333333,0.3333333333333333,0.0625
count_plus_PE_count,0,52,-1.6007909774780273,-1.1363532146182527,0.46443776285977467,P:10.0|B:10.2|E:10.7|E:11.10,4,1,1,2,1,1,1,1,1,1,0.041666666666666664,0.3333333333333333,0.125
count_plus_PE_count,0,169,0.708813302218914,0.3435240040520158,-0.36528929816689826,P:9.9|P:9.6|B:9.0|B:10.2|B:10.6|B:10.10|B:11.2|B:11.9|E:10.7|E:11.10,10,2,6,2,1,1,1,1,1,1,0.5,0.6666666666666666,0.75
count_plus_PE_count,0,88,0.1200842633843422,0.0018339505988207438,-0.11825031278552145,P:9.6|P:10.0|B:9.7|B:10.6|B:11.2|B:11.9|E:11.10,7,2,4,1,1,1,1,1,1,1,0.3333333333333333,0.3333333333333333,0.25
count_plus_PE_count,0,162,0.49946876987814903,0.10816677124011465,-0.3913019986380344,P:9.9|P:9.6|B:10.1|B:10.2|B:10.6|E:10.7|E:11.10,7,2,3,2,1,1,1,1,1,1,0.25,0.6666666666666666,0.375
count_plus_PE_count,0,197,1.1613009199500084,1.2325330219727444,0.071232102022736,P:9.9|P:9.6|P:10.0|B:10.1|B:10.2|B:10.6|E:10.7|E:11.10,8,3,3,2,1,1,1,1,1,1,0.375,1.0,0.375
count_plus_PE_count,0,206,1.1710864640772343,1.2665538699253875,0.09546740584815328,P:9.9|P:9.6|P:10.0|B:9.7|B:10.2|B:10.6|E:10.7|E:11.10,8,3,3,2,1,1,1,1,1,1,0.375,1.0,0.375
count_plus_PE_count,0,225,1.2041504010558128,0.9331088747609332,-0.27104152629487965,P:9.9|P:9.6|P:10.0|B:9.0|B:9.7|B:10.6|B:11.2|B:11.9,8,3,5,0,1,1,0,1,0,0,0.625,0.0,0.0
count_plus_PE_count,0,51,-0.7062482126057148,-0.5915614677128418,0.114686744892873,P:10.0|B:11.2|E:10.7,3,1,1,1,1,1,1,1,1,1,0.041666666666666664,0.16666666666666666,0.0625
count_plus_PE_count,0,3,0.42918625101447105,0.06142282853729081,-0.36776342247718025,P:10.0,1,1,0,0,1,0,0,0,0,0,0.0,0.0,0.0
count_plus_PE_count,0,68,-0.03323224559426308,-0.04092518763304637,-0.00769294203878329,P:9.6|B:9.7|B:10.1|B:10.10|B:11.2,5,1,4,0,1,1,0,1,0,0,0.16666666666666666,0.0,0.0
count_plus_PE_count,0,237,1.4893603511154652,1.7387334354901012,0.249373084374636,P:9.9|P:9.6|P:10.0|B:9.0|B:9.7|B:10.1|B:10.2|B:10.6|B:10.10|B:11.9,10,3,7,0,1,1,0,1,0,0,0.875,0.0,0.0
count_plus_PE_count,0,32,-0.6199087165296078,-0.3863767293354949,0.2335319871941129,B:9.7|B:10.2|B:10.10|E:10.7,4,0,3,1,0,1,1,0,0,1,0.0,0.0,0.1875
count_plus_PE_count,0,134,0.43865132704377174,0.7741486256205912,0.3354972985768194,P:9.9|P:10.0|B:9.0|B:10.6|B:11.9|E:11.10,6,2,3,1,1,1,1,1,1,1,0.25,0.3333333333333333,0.1875
count_plus_PE_count,0,6,0.11284342035651207,-0.11436083871688917,-0.22720425907340125,B:10.1,1,0,1,0,0,1,0,0,0,0,0.0,0.0,0.0
count_plus_PE_count,0,149,0.47060735896229744,0.13873667575753124,-0.3318706832047662,P:9.9|P:9.6|B:10.10|E:10.7,4,2,1,1,1,1,1,1,1,1,0.08333333333333333,0.3333333333333333,0.0625
count_plus_PE_count,0,155,0.7810946628451347,0.6650243745012514,-0.11607028834388333,P:9.9|P:9.6|B:10.2|B:10.6|B:10.10|B:11.2|E:10.7,7,2,4,1,1,1,1,1,1,1,0.3333333333333333,0.3333333333333333,0.25
count_plus_PE_count,0,218,0.6303710080683231,0.839299502792577,0.2089284947242539,P:9.9|P:9.6|P:10.0|B:9.0|B:10.1|B:10.10,6,3,3,0,1,1,0,1,0,0,0.375,0.0,0.0
count_plus_PE_count,0,83,0.6069852113723755,0.343606660856942,-0.26337855051543346,P:9.6|P:10.0|B:10.6|B:11.9,4,2,2,0,1,1,0,1,0,0,0.16666666666666666,0.0,0.0
count_plus_PE_count,0,201,0.5236174315214157,0.7470030782544286,0.22338564673301287,P:9.9|P:9.6|P:10.0|B:9.7|B:11.2|B:11.9|E:10.7|E:11.10,8,3,3,2,1,1,1,1,1,1,0.375,1.0,0.375
count_plus_PE_count,0,96,0.8413464911282063,0.7532203715773899,-0.0881261195508164,P:9.6|P:10.0|B:9.0|B:9.7|B:10.2|B:10.6|B:10.10|B:11.2,8,2,6,0,1,1,0,1,0,0,0.5,0.0,0.0
count_plus_PE_count,0,89,0.0035700574517250057,-0.1240572795778625,-0.1276273370295875,P:9.6|P:10.0|B:9.7|B:10.2|E:11.10,5,2,2,1,1,1,1,1,1,1,0.16666666666666666,0.3333333333333333,0.125
count_plus_PE_count,0,101,0.13574618473649025,-0.19268291264069903,-0.3284290973771893,P:9.9|E:10.7,2,1,0,1,1,0,1,0,1,0,0.0,0.16666666666666666,0.0
count_plus_PE_count,0,60,0.8043079115450382,0.9854471883507553,0.18113927680571706,P:10.0|B:9.0|B:9.7|B:10.1|B:10.2|B:10.6|B:11.2|B:11.9,8,1,7,0,1,1,0,1,0,0,0.29166666666666663,0.0,0.0
count_plus_PE_count,0,222,2.0050816535949707,1.4523867487283426,-0.5526949048666281,P:9.9|P:9.6|P:10.0|B:9.0|B:10.1|B:10.2|B:10.6|B:10.10|B:11.2|E:10.7|E:11.10,11,3,6,2,1,1,1,1,1,1,0.75,1.0,0.75
count_plus_PE_count,0,76,-0.3358710706233978,-0.58375231017941,-0.24788123955601216,P:9.6|P:10.0|E:11.10,3,2,0,1,1,0,1,0,1,0,0.0,0.3333333333333333,0.0
count_plus_PE_count,0,144,-0.024949822574853897,0.03195858123740359,0.05690840381225749,P:9.9|P:9.6,2,2,0,0,1,0,0,0,0,0,0.0,0.0,0.0
count_plus_PE_count,0,84,-0.024493630975484848,0.33979666005679454,0.3642902910322794,P:9.6|P:10.0|B:10.6|B:10.10|E:10.7,5,2,2,1,1,1,1,1,1,1,0.16666666666666666,0.3333333333333333,0.125
count_plus_PE_count,0,215,0.6853511184453964,0.622306724708896,-0.06304439373650039,P:9.9|P:9.6|P:10.0|B:9.0|B:10.2|B:11.2|E:10.7|E:11.10,8,3,3,2,1,1,1,1,1,1,0.375,1.0,0.375
count_plus_PE_count,0,24,-1.9098994433879852,-2.01826328827806,-0.10836384489007456,B:10.6|E:10.7|E:11.10,3,0,1,2,0,1,1,0,0,1,0.0,0.0,0.125
count_plus_PE_count,0,136,0.734557755291462,0.8271631980253575,0.0926054427338956,P:9.9|P:10.0|B:9.0|B:10.1,4,2,2,0,1,1,0,1,0,0,0.16666666666666666,0.0,0.0
count_plus_PE_count,0,171,0.4481462836265564,-0.12224574105509545,-0.5703920246816518,P:9.9|P:9.6|B:9.0|B:10.1|B:10.2|B:10.10|B:11.2|E:10.7|E:11.10,9,2,5,2,1,1,1,1,1,1,0.41666666666666663,0.6666666666666666,0.625
count_plus_PE_count,0,69,-1.431811336427927,-0.9334969015147274,0.4983144349131996,P:9.6|B:9.7|B:10.1|B:10.2|B:10.6|B:11.2|B:11.9|E:10.7|E:11.10,9,1,6,2,1,1,1,1,1,1,0.25,0.3333333333333333,0.75
count_plus_PE_count,0,191,-0.00995168462395668,0.5213123707824248,0.5312640554063814,P:9.9|P:9.6|P:10.0|B:10.1|E:11.10,5,3,1,1,1,1,1,1,1,1,0.125,0.5,0.0625
count_plus_PE_count,0,235,1.4840984642505646,1.2446613268546556,-0.239437137395909,P:9.9|P:9.6|P:10.0|B:9.0|B:9.7|B:10.1|B:10.2|B:10.6|B:11.2,9,3,6,0,1,1,0,1,0,0,0.75,0.0,0.0
count_plus_PE_count,0,95,-1.1356264613568783,-0.6507979557763885,0.48482850558048973,P:9.6|P:10.0|B:9.0|B:9.7|E:10.7|E:11.10,6,2,2,2,1,1,1,1,1,1,0.16666666666666666,0.6666666666666666,0.25
count_plus_PE_count,0,87,-1.1586299277842045,-0.7355947871479187,0.4230351406362858,P:9.6|P:10.0|B:9.7|E:10.7|E:11.10,5,2,1,2,1,1,1,1,1,1,0.08333333333333333,0.6666666666666666,0.125
count_plus_PE_count,0,114,0.6210603751242161,0.41653664697238735,-0.20452372815182873,P:9.9|B:9.0|B:9.7|B:10.10|B:11.9|E:10.7,6,1,4,1,1,1,1,1,1,1,0.16666666666666666,0.16666666666666666,0.25
count_plus_PE_count,0,229,1.1873903311789036,1.1582067434625998,-0.029183587716303805,P:9.9|P:9.6|P:10.0|B:9.0|B:9.7|B:10.2|B:10.6,7,3,4,0,1,1,0,1,0,0,0.5,0.0,0.0
count_plus_PE_count,0,219,0.8841039836406708,1.1902886016709266,0.3061846180302559,P:9.9|P:9.6|P:10.0|B:9.0|B:10.1|B:10.6|B:10.10,7,3,4,0,1,1,0,1,0,0,0.5,0.0,0.0
count_plus_PE_count,0,217,1.5335167162120342,1.3817121199485507,-0.15180459626348353,P:9.9|P:9.6|P:10.0|B:9.0|B:10.2|B:10.6|B:10.10|B:11.2|B:11.9|E:11.10,10,3,6,1,1,1,1,1,1,1,0.75,0.5,0.375
count_plus_PE_count,0,4,0.0034867338836193063,-0.27484321949188345,-0.27832995337550276,B:9.0,1,0,1,0,0,1,0,0,0,0,0.0,0.0,0.0
count_plus_PE_count,0,130,1.2399504967033863,1.1629553312069683,-0.07699516549641805,P:9.9|P:10.0|B:9.7|B:10.2|B:10.6|B:11.2|E:10.7,7,2,4,1,1,1,1,1,1,1,0.3333333333333333,0.3333333333333333,0.25
count_plus_PE_count,0,228,1.1373955719172955,0.8098985938601503,-0.32749697805714517,P:9.9|P:9.6|P:10.0|B:9.0|B:9.7|B:10.2|B:11.2|B:11.9,8,3,5,0,1,1,0,1,0,0,0.625,0.0,0.0
count_plus_PE_count,0,128,1.061413548886776,1.230187088892186,0.16877354000541,P:9.9|P:10.0|B:9.7|B:10.6,4,2,2,0,1,1,0,1,0,0,0.16666666666666666,0.0,0.0
count_plus_PE_count,0,15,0.35023678094148636,0.9519242800620825,0.6016874991205962,B:9.0|B:9.7|B:10.1|B:10.2|B:10.6|B:10.10|B:11.2|B:11.9,8,0,8,0,0,1,0,0,0,0,0.0,0.0,0.0
count_plus_PE_count,0,124,0.904553011059761,1.2404944330861343,0.3359414220263732,P:9.9|P:10.0|B:10.1|B:10.10|B:11.9,5,2,3,0,1,1,0,1,0,0,0.25,0.0,0.0
count_plus_PE_count,0,93,0.3689284063875675,0.19996706362022443,-0.1689613427673431,P:9.6|P:10.0|B:9.0|B:10.6|B:10.10|B:11.9|E:11.10,7,2,4,1,1,1,1,1,1,1,0.3333333333333333,0.3333333333333333,0.25
count_plus_PE_count,1,50,-0.5812592878937721,-0.41793775440021097,0.16332153349356116,P:10.0|E:10.7,2,1,0,1,1,0,1,0,1,0,0.0,0.16666666666666666,0.0
count_plus_PE_count,1,106,-0.08755524829030037,0.22499916749416676,0.31255441578446713,P:9.9|B:11.2,2,1,1,0,1,1,0,1,0,0,0.041666666666666664,0.0,0.0
count_plus_PE_count,1,230,1.7152394354343414,1.5769655301223766,-0.13827390531196482,P:9.9|P:9.6|P:10.0|B:9.0|B:9.7|B:10.2|B:10.6|B:10.10|B:11.2|B:11.9|E:11.10,11,3,7,1,1,1,1,1,1,1,0.875,0.5,0.4375
count_plus_PE_count,1,160,0.06055968999862671,0.4733825601944599,0.4128228701958332,P:9.9|P:9.6|B:10.1|B:10.6|B:10.10|B:11.2|E:11.10,7,2,4,1,1,1,1,1,1,1,0.3333333333333333,0.3333333333333333,0.25
count_plus_PE_count,1,48,-1.093090582638979,-1.0690382975266945,0.02405228511228441,B:9.0|B:9.7|B:10.1|B:10.2|B:10.6|B:10.10|B:11.9|E:10.7|E:11.10,9,0,7,2,0,1,1,0,0,1,0.0,0.0,0.875
count_plus_PE_count,1,198,0.6584309488534927,0.4905317762051626,-0.16789917264833015,P:9.9|P:9.6|P:10.0|B:9.7,4,3,1,0,1,1,0,1,0,0,0.125,0.0,0.0
count_plus_PE_count,1,168,0.2776085212826729,0.6927380247484193,0.4151295034657464,P:9.9|P:9.6|B:9.0|B:10.2|B:10.10|B:11.2|B:11.9,7,2,5,0,1,1,0,1,0,0,0.41666666666666663,0.0,0.0
count_plus_PE_count,1,64,-1.8848259001970291,-1.725829659239131,0.15899624095789822,P:9.6|B:10.2|E:10.7|E:11.10,4,1,1,2,1,1,1,1,1,1,0.041666666666666664,0.3333333333333333,0.125
count_plus_PE_count,1,7,0.04607735201716423,-0.002174777763240987,-0.04825212978040522,B:10.2,1,0,1,0,0,1,0,0,0,0,0.0,0.0,0.0
count_plus_PE_count,1,75,0.32792340219020844,-0.19260340304685208,-0.5205268052370605,P:9.6|P:10.0,2,2,0,0,1,0,0,0,0,0,0.0,0.0,0.0
count_plus_PE_count,1,174,0.0011423192918300629,-0.16138339301525573,-0.1625257123070858,P:9.9|P:9.6|B:9.0|B:9.7|B:10.1|B:11.9|E:10.7|E:11.10,8,2,4,2,1,1,1,1,1,1,0.3333333333333333,0.6666666666666666,0.5
count_plus_PE_count,1,154,-0.12619714811444283,-0.38512004715760884,-0.258922899043166,P:9.9|P:9.6|B:10.2|E:10.7|E:11.10,5,2,1,2,1,1,1,1,1,1,0.08333333333333333,0.6666666666666666,0.125
count_plus_PE_count,1,142,1.7428619898855686,1.7532047482301034,0.010342758344534797,P:9.9|P:10.0|B:9.0|B:9.7|B:10.1|B:10.2|B:10.6|B:10.10|B:11.2|B:11.9,10,2,8,0,1,1,0,1,0,0,0.6666666666666666,0.0,0.0
count_plus_PE_count,1,10,-0.3037194274365902,-0.3527197432107344,-0.04900031577414421,B:11.2,1,0,1,0,0,1,0,0,0,0,0.0,0.0,0.0
count_plus_PE_count,1,9,0.12788828462362287,0.07295148199692894,-0.054936802626693926,B:10.10,1,0,1,0,0,1,0,0,0,0,0.0,0.0,0.0
count_plus_PE_count,1,177,-0.22630655765533447,0.5341060877654764,0.7604126454208109,P:9.9|P:9.6|P:10.0|E:11.10,4,3,0,1,1,0,1,0,1,0,0.0,0.5,0.0
count_plus_PE_count,1,36,0.2635531798005104,0.23912742102504933,-0.024425758775461076,B:9.0|B:10.6|B:11.9,3,0,3,0,0,1,0,0,0,0,0.0,0.0,0.0
count_plus_PE_count,1,210,0.4698285423219204,0.3394623847789554,-0.130366157542965,P:9.9|P:9.6|P:10.0|B:9.0,4,3,1,0,1,1,0,1,0,0,0.125,0.0,0.0
count_plus_PE_count,1,138,1.083946779370308,0.8262072873648649,-0.257739492005443,P:9.9|P:10.0|B:9.0|B:10.1|B:10.2|B:10.10|B:11.2|B:11.9|E:10.7|E:11.10,10,2,6,2,1,1,1,1,1,1,0.5,0.6666666666666666,0.75
count_plus_PE_count,1,141,1.2822950780391693,1.1706559551340534,-0.1116391229051159,P:9.9|P:10.0|B:9.0|B:9.7|B:10.1|B:10.2|B:10.6|B:11.2|B:11.9|E:11.10,10,2,7,1,1,1,1,1,1,1,0.5833333333333333,0.3333333333333333,0.4375
count_plus_PE_count,1,120,0.74381148442626,0.920200488953368,0.17638900452710804,P:9.9|P:10.0|B:10.10,3,2,1,0,1,1,0,1,0,0,0.08333333333333333,0.0,0.0
count_plus_PE_count,1,131,0.400036346167326,0.3439852725043475,-0.05605107366297846,P:9.9|P:10.0|B:9.7|B:10.1|B:11.9|E:10.7|E:11.10,7,2,3,2,1,1,1,1,1,1,0.25,0.6666666666666666,0.375
count_plus_PE_count,1,30,-0.8866070061922073,-0.7867936188325335,0.09981338735967382,B:9.7|B:10.10|B:11.2|E:10.7,4,0,3,1,0,1,1,0,0,1,0.0,0.0,0.1875
count_plus_PE_count,1,193,0.6254174932837486,0.9119226806476297,0.2865051873638811,P:9.9|P:9.6|P:10.0|B:10.1|B:10.10,5,3,2,0,1,1,0,1,0,0,0.25,0.0,0.0
count_plus_PE_count,1,19,1.8685232289135456,1.5395494426620773,-0.32897378625146834,P:9.9|P:9.6|P:10.0|B:9.0|B:9.7|B:10.1|B:10.2|B:10.6|B:10.10|B:11.2|B:11.9,11,3,8,0,1,1,0,1,0,0,1.0,0.0,0.0
count_plus_PE_count,1,204,1.4221223182976246,1.6823902514298485,0.26026793313222396,P:9.9|P:9.6|P:10.0|B:9.7|B:10.6|B:10.10|B:11.9|E:10.7,8,3,4,1,1,1,1,1,1,1,0.5,0.5,0.25
count_plus_PE_count,1,27,-2.0526970140635967,-1.87072149143668,0.18197552262691663,B:10.2|B:11.9|E:10.7|E:11.10,4,0,2,2,0,1,1,0,0,1,0.0,0.0,0.25
count_plus_PE_count,1,223,1.9471766948699951,1.7243694508966243,-0.22280724397337082,P:9.9|P:9.6|P:10.0|B:9.0|B:10.1|B:10.2|B:10.6|B:10.10|B:11.2|B:11.9|E:10.7,11,3,7,1,1,1,1,1,1,1,0.875,0.5,0.4375
count_plus_PE_count,1,74,-0.022991657257080078,-0.12861745869807883,-0.10562580144099876,P:9.6|B:9.0|B:9.7|B:10.1|B:10.2|B:10.6|B:10.10|B:11.2|B:11.9|E:11.10,10,1,8,1,1,1,1,1,1,1,0.3333333333333333,0.16666666666666666,0.5
count_plus_PE_count,1,208,0.6361530162394047,0.9077494223096487,0.27159640607024405,P:9.9|P:9.6|P:10.0|B:9.7|B:10.1|B:10.2|E:11.10,7,3,3,1,1,1,1,1,1,1,0.375,0.5,0.1875
count_plus_PE_count,1,224,0.5285060442984104,0.87808979689734,0.3495837525989296,P:9.9|P:9.6|P:10.0|B:9.0|B:9.7|B:10.6|B:11.2|E:11.10,8,3,4,1,1,1,1,1,1,1,0.5,0.5,0.25
count_plus_PE_count,1,173,0.6124220378696918,0.2548356212261438,-0.35758641664354807,P:9.9|P:9.6|B:9.0|B:9.7|B:10.2|B:10.6|B:11.9|E:10.7|E:11.10,9,2,5,2,1,1,1,1,1,1,0.41666666666666663,0.6666666666666666,0.625
count_plus_PE_count,1,18,0.16123811528086662,0.597714265866546,0.43647615058567935,P:9.9|P:9.6|P:10.0|E:10.7|E:11.10,5,3,0,2,1,0,1,0,1,0,0.0,1.0,0.0
count_plus_PE_count,1,11,0.04421548917889595,-0.09051255163242139,-0.13472804081131734,B:11.9,1,0,1,0,0,1,0,0,0,0,0.0,0.0,0.0
count_plus_PE_count,1,187,0.897874940186739,0.731011593493631,-0.16686334669310798,P:9.9|P:9.6|P:10.0|B:10.6|B:11.2,5,3,2,0,1,1,0,1,0,0,0.25,0.0,0.0
count_plus_PE_count,1,151,0.276092492043972,0.33984680875216877,0.06375431670819676,P:9.9|P:9.6|B:10.6,3,2,1,0,1,1,0,1,0,0,0.08333333333333333,0.0,0.0
count_plus_PE_count,1,157,0.37768739834427834,-0.06586652210183208,-0.4435539204461104,P:9.9|P:9.6|B:10.1|E:10.7,4,2,1,1,1,1,1,1,1,1,0.08333333333333333,0.3333333333333333,0.0625
count_plus_PE_count,1,59,0.9626401513814926,0.7285164541070743,-0.23412369727441829,P:10.0|B:9.0|B:9.7|B:10.1|B:10.6|B:11.9,6,1,5,0,1,1,0,1,0,0,0.20833333333333331,0.0,0.0
count_plus_PE_count,1,103,0.26081952825188637,0.4872063590724798,0.2263868308205934,P:9.9|B:11.9,2,1,1,0,1,1,0,1,0,0,0.041666666666666664,0.0,0.0
count_plus_PE_count,1,156,0.08269025757908821,0.09508667069850399,0.012396413119415778,P:9.9|P:9.6|B:10.1,3,2,1,0,1,1,0,1,0,0,0.08333333333333333,0.0,0.0
count_plus_PE_count,1,123,0.7120838984847069,0.5389535682076563,-0.1731303302770506,P:9.9|P:10.0|B:10.1|B:11.2|E:10.7,5,2,2,1,1,1,1,1,1,1,0.16666666666666666,0.3333333333333333,0.125
count_plus_PE_count,1,78,-1.3243667595088482,-0.7919474772515565,0.5324192822572917,P:9.6|P:10.0|B:11.9|E:10.7|E:11.10,5,2,1,2,1,1,1,1,1,1,0.08333333333333333,0.6666666666666666,0.125
count_plus_PE_count,1,115,0.6769261583685875,1.2359493287307362,0.5590231703621487,P:9.9|B:9.0|B:9.7|B:10.1|B:10.2|B:10.10|B:11.2|B:11.9,8,1,7,0,1,1,0,1,0,0,0.29166666666666663,0.0,0.0
count_plus_PE_count,1,81,-0.23705962300300598,-0.14073622757285875,0.09632339543014723,P:9.6|P:10.0|B:10.10|E:10.7,4,2,1,1,1,1,1,1,1,1,0.08333333333333333,0.3333333333333333,0.0625
count_plus_PE_count,1,58,0.9003594256937504,1.3136993562458308,0.4133399305520804,P:10.0|B:9.0|B:10.1|B:10.2|B:10.6|B:10.10|B:11.9,7,1,6,0,1,1,0,1,0,0,0.25,0.0,0.0
count_plus_PE_count,1,8,0.20578551664948463,0.07409166929685301,-0.13169384735263162,B:10.6,1,0,1,0,0,1,0,0,0,0,0.0,0.0,0.0
count_plus_PE_count,1,212,0.9004754312336445,0.578180344589593,-0.3222950866440515,P:9.9|P:9.6|P:10.0|B:9.0|B:11.2|E:10.7,6,3,2,1,1,1,1,1,1,1,0.25,0.5,0.125
count_plus_PE_count,1,119,0.09514226019382477,0.4207727981758729,0.3256305379820481,P:9.9|P:10.0|B:11.9|E:11.10,4,2,1,1,1,1,1,1,1,1,0.08333333333333333,0.3333333333333333,0.0625
count_plus_PE_count,2,163,-0.5653442852199078,0.06548032047272845,0.6308246056926362,P:9.9|P:9.6|B:9.7|B:10.2|B:11.2|E:11.10,6,2,3,1,1,1,1,1,1,1,0.25,0.3333333333333333,0.1875
count_plus_PE_count,2,35,0.04845794662833214,-0.01386315762205502,-0.06232110425038716,B:9.0|B:11.9,2,0,2,0,0,1,0,0,0,0,0.0,0.0,0.0
count_plus_PE_count,2,140,1.2962299212813377,0.8275837790114318,-0.468646142269906,P:9.9|P:10.0|B:9.0|B:9.7|B:10.1|B:10.2|B:10.10|B:11.2|B:11.9|E:10.7|E:11.10,11,2,7,2,1,1,1,1,1,1,0.5833333333333333,0.6666666666666666,0.875
count_plus_PE_count,2,26,-0.9894405044615269,-0.8706909896351028,0.11874951482642404,B:10.2|E:10.7,2,0,1,1,0,1,1,0,0,1,0.0,0.0,0.0625
count_plus_PE_count,2,152,-0.15340392664074898,-0.2835548905101408,-0.13015096386939184,P:9.9|P:9.6|B:10.6|E:10.7|E:11.10,5,2,1,2,1,1,1,1,1,1,0.08333333333333333,0.6666666666666666,0.125
count_plus_PE_count,2,179,0.8624304980039597,0.7493701259896932,-0.11306037201426644,P:9.9|P:9.6|P:10.0|B:11.9|E:10.7,5,3,1,1,1,1,1,1,1,1,0.125,0.5,0.0625
count_plus_PE_count,2,86,-0.13070636987686157,-0.6021697781965472,-0.4714634083196856,P:9.6|P:10.0|B:10.1|E:11.10,4,2,1,1,1,1,1,1,1,1,0.08333333333333333,0.3333333333333333,0.0625
count_plus_PE_count,2,238,2.212401542812586,1.511177201663891,-0.7012243411486949,P:9.9|P:9.6|P:10.0|B:9.0|B:9.7|B:10.1|B:10.2|B:10.6|B:10.10|B:11.2|E:10.7|E:11.10,12,3,7,2,1,1,1,1,1,1,0.875,1.0,0.875
count_plus_PE_count,2,55,0.44097353890538216,-0.06295198673558905,-0.5039255256409712,P:10.0|B:9.0,2,1,1,0,1,1,0,1,0,0,0.041666666666666664,0.0,0.0
count_plus_PE_count,2,195,1.275618951767683,1.0548107901423114,-0.22080816162537165,P:9.9|P:9.6|P:10.0|B:10.1|B:10.2|B:10.10|E:10.7|E:11.10,8,3,3,2,1,1,1,1,1,1,0.375,1.0,0.375
count_plus_PE_count,2,112,0.8748807460069656,0.7445139528973629,-0.13036679310960275,P:9.9|B:9.7|B:10.1|B:10.2|B:10.6|B:10.10|B:11.2|B:11.9|E:11.10,9,1,7,1,1,1,1,1,1,1,0.29166666666666663,0.16666666666666666,0.4375
count_plus_PE_count,2,188,0.19750071316957474,0.592165127833068,0.3946644146634932,P:9.9|P:9.6|P:10.0|B:10.2|E:11.10,5,3,1,1,1,1,1,1,1,1,0.125,0.5,0.0625
count_plus_PE_count,2,72,0.3226247727870941,0.16604026613767245,-0.15658450664942167,P:9.6|B:9.0|B:9.7|B:10.6|B:11.9,5,1,4,0,1,1,0,1,0,0,0.16666666666666666,0.0,0.0
count_plus_PE_count,2,25,-0.6552459336817265,-1.1513783158332396,-0.4961323821515131,B:10.2|E:11.10,2,0,1,1,0,1,1,0,0,1,0.0,0.0,0.0625
count_plus_PE_count,2,39,-1.902444377541542,-2.078126499736009,-0.1756821221944671,B:9.0|B:10.1|B:10.10|B:11.2|E:10.7|E:11.10,6,0,4,2,0,1,1,0,0,1,0.0,0.0,0.5
count_plus_PE_count,2,192,0.37901822477579117,0.4712990530460721,0.09228082827028095,P:9.9|P:9.6|P:10.0|B:10.1|E:10.7|E:11.10,6,3,1,2,1,1,1,1,1,1,0.125,1.0,0.125
count_plus_PE_count,2,100,-0.2131936363875866,0.27365473874751656,0.48684837513510315,P:9.6|P:10.0|B:9.0|B:9.7|B:10.1|B:10.2|B:10.6|B:10.10|B:11.2|B:11.9|E:10.7|E:11.10,12,2,8,2,1,1,1,1,1,1,0.6666666666666666,0.6666666666666666,1.0
count_plus_PE_count,2,132,0.7890389040112495,0.7041959549986505,-0.08484294901259903,P:9.9|P:10.0|B:9.7|B:10.1|B:10.2|B:11.2|E:11.10,7,2,4,1,1,1,1,1,1,1,0.3333333333333333,0.3333333333333333,0.25
count_plus_PE_count,2,226,1.454001609236002,1.5286329894387776,0.0746313802027756,P:9.9|P:9.6|P:10.0|B:9.0|B:9.7|B:10.6|B:10.10|B:11.9|E:10.7,9,3,5,1,1,1,1,1,1,1,0.625,0.5,0.3125
count_plus_PE_count,2,216,1.325690682977438,1.266975237777813,-0.058715445199625016,P:9.9|P:9.6|P:10.0|B:9.0|B:10.2|B:10.6|E:10.7,7,3,3,1,1,1,1,1,1,1,0.375,0.5,0.1875
count_plus_PE_count,2,184,0.9177334345877171,0.7962374885311507,-0.12149594605656633,P:9.9|P:9.6|P:10.0|B:10.10|B:11.2|B:11.9|E:10.7|E:11.10,8,3,3,2,1,1,1,1,1,1,0.375,1.0,0.375
count_plus_PE_count,2,33,-1.4734752662479877,-1.6576064611822163,-0.18413119493422858,B:9.7|B:10.1|B:10.6|B:10.10|B:11.2|E:10.7|E:11.10,7,0,5,2,0,1,1,0,0,1,0.0,0.0,0.625
count_plus_PE_count,2,107,0.5038124993443489,0.26855840005393194,-0.23525409929041696,P:9.9|B:10.1|B:10.6|E:10.7,4,1,2,1,1,1,1,1,1,1,0.08333333333333333,0.16666666666666666,0.125
count_plus_PE_count,2,165,0.0528549998998642,-0.030635586741828646,-0.08349058664169284,P:9.9|P:9.6|B:9.7|B:10.1|B:10.6|B:11.2|E:10.7|E:11.10,8,2,4,2,1,1,1,1,1,1,0.3333333333333333,0.6666666666666666,0.5
count_plus_PE_count,2,43,0.25424106419086456,0.6848624044636679,0.4306213402728033,B:9.0|B:9.7|B:10.6|B:10.10|B:11.2|B:11.9,6,0,6,0,0,1,0,0,0,0,0.0,0.0,0.0
count_plus_PE_count,2,71,-1.9208563305437565,-1.4929409971355012,0.42791533340825527,P:9.6|B:9.0|B:10.1|B:10.2|B:11.2|B:11.9|E:10.7|E:11.10,8,1,5,2,1,1,1,1,1,1,0.20833333333333331,0.3333333333333333,0.625
count_plus_PE_count,2,102,-0.7290077060461044,-1.0991529185488762,-0.37014521250277177,P:9.9|E:10.7|E:11.10,3,1,0,2,1,0,1,0,1,0,0.0,0.3333333333333333,0.0
count_plus_PE_count,2,196,1.6026018001139164,1.1564623721580625,-0.44613942795585393,P:9.9|P:9.6|P:10.0|B:10.1|B:10.2|B:10.10|B:11.2|B:11.9|E:10.7|E:11.10,10,3,5,2,1,1,1,1,1,1,0.625,1.0,0.625
count_plus_PE_count,2,214,1.3109852150082588,1.029321753262517,-0.28166346174574186,P:9.9|P:9.6|P:10.0|B:9.0|B:10.6|B:10.10|B:11.2|E:10.7|E:11.10,9,3,4,2,1,1,1,1,1,1,0.5,1.0,0.5
count_plus_PE_count,2,13,-0.7300628870725632,-1.3682324981256526,-0.6381696110530894,E:11.10,1,0,0,1,0,0,1,0,0,0,0.0,0.0,0.0
count_plus_PE_count,2,232,1.2487009689211845,1.1393963353081442,-0.10930463361304033,P:9.9|P:9.6|P:10.0|B:9.0|B:9.7|B:10.1|B:10.2|B:11.2|B:11.9|E:10.7|E:11.10,11,3,6,2,1,1,1,1,1,1,0.75,1.0,0.75
count_plus_PE_count,2,231,1.8862354047596455,1.387694873622379,-0.4985405311372664,P:9.9|P:9.6|P:10.0|B:9.0|B:9.7|B:10.1|B:10.6|B:10.10|B:11.2|B:11.9|E:10.7|E:11.10,12,3,7,2,1,1,1,1,1,1,0.875,1.0,0.875
count_plus_PE_count,2,150,0.007378906011581418,-0.37556658883679983,-0.38294549484838125,P:9.9|P:9.6|B:10.10|E:10.7|E:11.10,5,2,1,2,1,1,1,1,1,1,0.08333333333333333,0.6666666666666666,0.125
count_plus_PE_count,2,73,-0.7453505955636501,-0.6720810218008033,0.07326957376284682,P:9.6|B:9.0|B:9.7|B:10.1|B:10.2|B:10.6|B:10.10|B:11.9|E:10.7|E:11.10,10,1,7,2,1,1,1,1,1,1,0.29166666666666663,0.3333333333333333,0.875
count_plus_PE_count,2,147,-0.8010351993143559,-0.6837934110308916,0.11724178828346421,P:9.9|P:9.6|B:11.2|E:10.7|E:11.10,5,2,1,2,1,1,1,1,1,1,0.08333333333333333,0.6666666666666666,0.125
count_plus_PE_count,2,202,1.0955001190304756,1.0737736963666968,-0.021726422663778777,P:9.9|P:9.6|P:10.0|B:9.7|B:10.10|E:10.7,6,3,2,1,1,1,1,1,1,1,0.25,0.5,0.125
count_plus_PE_count,2,12,-1.0317822992801666,-1.0875451719275155,-0.055762872647348916,E:10.7,1,0,0,1,0,0,1,0,0,0,0.0,0.0,0.0
count_plus_PE_count,2,82,-0.03239645063877106,-0.3370222312454456,-0.30462578060667456,P:9.6|P:10.0|B:10.6|E:11.10,4,2,1,1,1,1,1,1,1,1,0.08333333333333333,0.3333333333333333,0.0625
count_plus_PE_count,2,31,-0.23759472742676735,-0.6723529662259724,-0.43475823879920505,B:9.7|B:10.6|B:10.10|B:11.2|E:11.10,5,0,4,1,0,1,1,0,0,1,0.0,0.0,0.25
count_plus_PE_count,2,153,0.2724653035402298,0.3601259584645169,0.0876606549242871,P:9.9|P:9.6|B:10.2,3,2,1,0,1,1,0,1,0,0,0.08333333333333333,0.0,0.0
count_plus_PE_count,2,29,-2.1579615026712418,-2.2661298831233627,-0.10816838045212096,B:9.7|B:11.2|E:10.7|E:11.10,4,0,2,2,0,1,1,0,0,1,0.0,0.0,0.25
count_plus_PE_count,2,172,0.1690041534602642,0.5438219602931283,0.37481780683286414,P:9.9|P:9.6|B:9.0|B:9.7|B:10.2|B:11.2,6,2,4,0,1,1,0,1,0,0,0.3333333333333333,0.0,0.0
count_plus_PE_count,2,118,-0.11092682182788849,-0.040518676906186935,0.07040814492170155,P:9.9|P:10.0|E:10.7|E:11.10,4,2,0,2,1,0,1,0,1,0,0.0,0.6666666666666666,0.0
count_plus_PE_count,2,186,0.5278505198657513,0.7364465999971737,0.2085960801314224,P:9.9|P:9.6|P:10.0|B:10.6|E:10.7|E:11.10,6,3,1,2,1,1,1,1,1,1,0.125,1.0,0.125
count_plus_PE_count,2,79,-1.4608745947480202,-1.0122018976103087,0.4486726971377115,P:9.6|P:10.0|B:11.2|E:10.7|E:11.10,5,2,1,2,1,1,1,1,1,1,0.08333333333333333,0.6666666666666666,0.125
count_plus_PE_count,2,139,1.478417843580246,1.6145381607936353,0.13612031721338935,P:9.9|P:10.0|B:9.0|B:10.1|B:10.2|B:10.6|B:10.10|B:11.2,8,2,6,0,1,1,0,1,0,0,0.5,0.0,0.0
count_plus_PE_count,2,178,0.785550020635128,0.6559982717387918,-0.12955174889633625,P:9.9|P:9.6|P:10.0|E:10.7,4,3,0,1,1,0,1,0,1,0,0.0,0.5,0.0
count_plus_PE_count,2,16,-1.3794433288276196,-1.2202359902131765,0.15920733861444303,B:9.0|B:9.7|B:10.1|B:10.2|B:10.6|B:10.10|B:11.2|B:11.9|E:10.7|E:11.10,10,0,8,2,0,1,1,0,0,1,0.0,0.0,1.0
count_plus_PE_count,3,110,0.5567262880504131,0.7714326345222922,0.21470634647187903,P:9.9|B:9.7|B:10.10,3,1,2,0,1,1,0,1,0,0,0.08333333333333333,0.0,0.0
count_plus_PE_count,3,116,0.6422114297747612,0.6373777053416554,-0.004833724433105813,P:9.9|P:10.0,2,2,0,0,1,0,0,0,0,0,0.0,0.0,0.0
count_plus_PE_count,3,199,-0.008658107370138168,0.48586757575889794,0.4945256831290361,P:9.9|P:9.6|P:10.0|B:9.7|E:11.10,5,3,1,1,1,1,1,1,1,1,0.125,0.5,0.0625
count_plus_PE_count,3,236,1.3518722876906395,1.3941105945134802,0.04223830682284069,P:9.9|P:9.6|P:10.0|B:9.0|B:9.7|B:10.1|B:10.2|B:10.6|B:11.2|B:11.9|E:11.10,11,3,7,1,1,1,1,1,1,1,0.875,0.5,0.4375
count_plus_PE_count,3,176,0.47614696621894836,0.8803806167497015,0.4042336505307531,P:9.9|P:9.6|B:9.0|B:9.7|B:10.1|B:10.2|B:10.6|B:11.9|E:11.10,9,2,6,1,1,1,1,1,1,1,0.5,0.3333333333333333,0.375
count_plus_PE_count,3,185,0.7254875265061855,0.6919760916567723,-0.03351143484941321,P:9.9|P:9.6|P:10.0|B:10.6,4,3,1,0,1,1,0,1,0,0,0.125,0.0,0.0
count_plus_PE_count,3,158,-0.3258376196026802,-0.4923883771464421,-0.16655075754376192,P:9.9|P:9.6|B:10.1|E:10.7|E:11.10,5,2,1,2,1,1,1,1,1,1,0.08333333333333333,0.6666666666666666,0.125
count_plus_PE_count,3,2,-0.1576346568763256,-0.5291830689111605,-0.3715484120348349,P:9.6,1,1,0,0,1,0,0,0,0,0,0.0,0.0,0.0
count_plus_PE_count,3,209,1.2488095052540302,1.2644245815126818,0.01561507625865155,P:9.9|P:9.6|P:10.0|B:9.7|B:10.1|B:10.2|B:10.6,7,3,4,0,1,1,0,1,0,0,0.5,0.0,0.0
count_plus_PE_count,3,92,-0.4412704110145569,-0.6388103365205734,-0.1975399255060165,P:9.6|P:10.0|B:9.0|B:11.2|E:11.10,5,2,2,1,1,1,1,1,1,1,0.16666666666666666,0.3333333333333333,0.125
count_plus_PE_count,3,98,1.0093169696629047,0.8130390188413037,-0.19627795082160104,P:9.6|P:10.0|B:9.0|B:9.7|B:10.1|B:10.2|B:10.6|B:10.10|B:11.2|B:11.9,10,2,8,0,1,1,0,1,0,0,0.6666666666666666,0.0,0.0
count_plus_PE_count,3,105,-0.6707933135330677,-0.9401795114119055,-0.2693861978788378,P:9.9|B:11.9|E:10.7|E:11.10,4,1,1,2,1,1,1,1,1,1,0.041666666666666664,0.3333333333333333,0.125
count_plus_PE_count,3,205,1.3846071772277355,1.161078247599157,-0.2235289296285785,P:9.9|P:9.6|P:10.0|B:9.7|B:10.2|B:11.2|B:11.9|E:10.7,8,3,4,1,1,1,1,1,1,1,0.5,0.5,0.25
count_plus_PE_count,3,200,0.39837056398391724,0.5905319520256165,0.19216138804169924,P:9.9|P:9.6|P:10.0|B:9.7|E:10.7|E:11.10,6,3,1,2,1,1,1,1,1,1,0.125,1.0,0.125
count_plus_PE_count,3,23,-0.8226649463176727,-0.743470485844389,0.07919446047328371,B:10.6|E:10.7,2,0,1,1,0,1,1,0,0,1,0.0,0.0,0.0625
count_plus_PE_count,3,56,-0.4917997419834137,-0.2331890746723102,0.2586106673111035,P:10.0|B:9.0|B:10.1|B:11.2|B:11.9|E:10.7,6,1,4,1,1,1,1,1,1,1,0.16666666666666666,0.16666666666666666,0.25
count_plus_PE_count,3,159,0.029253222048282623,0.311006093626545,0.2817528715782624,P:9.9|P:9.6|B:10.1|B:10.10|B:11.2,5,2,3,0,1,1,0,1,0,0,0.25,0.0,0.0
count_plus_PE_count,3,239,2.124457161873579,1.8048091993749225,-0.31964796249865657,P:9.9|P:9.6|P:10.0|B:9.0|B:9.7|B:10.1|B:10.2|B:10.6|B:10.10|B:11.2|B:11.9|E:10.7,12,3,8,1,1,1,1,1,1,1,1.0,0.5,0.5
count_plus_PE_count,3,63,-1.987990591675043,-1.8890122121896806,0.09897837948536248,P:9.6|E:10.7|E:11.10,3,1,0,2,1,0,1,0,1,0,0.0,0.3333333333333333,0.0
count_plus_PE_count,3,90,0.6627392582595348,0.010152400164192443,-0.6525868580953424,P:9.6|P:10.0|B:9.7|B:10.1|B:11.9,5,2,3,0,1,1,0,1,0,0,0.25,0.0,0.0
count_plus_PE_count,3,85,0.31950290501117706,-0.05888698981527607,-0.37838989482645313,P:9.6|P:10.0|B:10.2|B:11.2|B:11.9,5,2,3,0,1,1,0,1,0,0,0.25,0.0,0.0
count_plus_PE_count,3,181,0.5778550244867802,0.24489527171058686,-0.3329597527761933,P:9.9|P:9.6|P:10.0|B:11.2,4,3,1,0,1,1,0,1,0,0,0.125,0.0,0.0
count_plus_PE_count,3,146,-0.3059505894780159,-0.07665651382005166,0.22929407565796422,P:9.9|P:9.6|B:11.2,3,2,1,0,1,1,0,1,0,0,0.08333333333333333,0.0,0.0
count_plus_PE_count,3,117,0.02911713346838951,0.3110511369814769,0.2819340035130874,P:9.9|P:10.0|E:11.10,3,2,0,1,1,0,1,0,1,0,0.0,0.3333333333333333,0.0
count_plus_PE_count,3,143,1.8553861118853092,1.3887282086883146,-0.46665790319699463,P:9.9|P:10.0|B:9.0|B:9.7|B:10.1|B:10.2|B:10.6|B:10.10|B:11.2|B:11.9|E:11.10,11,2,8,1,1,1,1,1,1,1,0.6666666666666666,0.3333333333333333,0.5
count_plus_PE_count,3,233,1.3947341851890087,1.2030961638910798,-0.19163802129792895,P:9.9|P:9.6|P:10.0|B:9.0|B:9.7|B:10.1|B:10.2|B:10.10|B:11.2,9,3,6,0,1,1,0,1,0,0,0.75,0.0,0.0
count_plus_PE_count,3,97,-0.00730687752366066,0.31676463854683656,0.3240715160704972,P:9.6|P:10.0|B:9.0|B:9.7|B:10.1|B:10.2|B:11.2|B:11.9|E:10.7,9,2,6,1,1,1,1,1,1,1,0.5,0.3333333333333333,0.375
count_plus_PE_count,3,80,0.4240094982087612,-0.09590309709820186,-0.5199125953069631,P:9.6|P:10.0|B:10.10,3,2,1,0,1,1,0,1,0,0,0.08333333333333333,0.0,0.0
count_plus_PE_count,3,203,1.0001394301652908,1.0822292752880827,0.08208984512279183,P:9.9|P:9.6|P:10.0|B:9.7|B:10.6|B:10.10,6,3,3,0,1,1,0,1,0,0,0.375,0.0,0.0
count_plus_PE_count,3,182,-0.11927512288093567,0.29795768707876147,0.41723280995969714,P:9.9|P:9.6|P:10.0|B:11.2|E:11.10,5,3,1,1,1,1,1,1,1,1,0.125,0.5,0.0625
count_plus_PE_count,3,17,0.46299997344613075,0.4237593016108471,-0.03924067183528368,P:9.9|P:9.6|P:10.0,3,3,0,0,1,0,0,0,0,0,0.0,0.0,0.0
count_plus_PE_count,3,108,-0.32360805571079254,-0.16749345971766805,0.1561145959931245,P:9.9|B:10.1|B:10.2|B:11.2|E:11.10,5,1,3,1,1,1,1,1,1,1,0.125,0.16666666666666666,0.1875
count_plus_PE_count,3,44,0.4107043147087097,0.3491636974912634,-0.0615406172174463,B:9.0|B:9.7|B:10.1|B:10.10,4,0,4,0,0,1,0,0,0,0,0.0,0.0,0.0
count_plus_PE_count,3,148,-0.35026708617806435,-0.05538409651263776,0.2948829896654266,P:9.9|P:9.6|B:10.10|E:11.10,4,2,1,1,1,1,1,1,1,1,0.08333333333333333,0.3333333333333333,0.0625
count_plus_PE_count,3,5,0.18057629838585854,-0.16784729198261558,-0.34842359036847415,B:9.7,1,0,1,0,0,1,0,0,0,0,0.0,0.0,0.0
count_plus_PE_count,3,129,0.762895978987217,0.6513873287255758,-0.11150865026164114,P:9.9|P:10.0|B:9.7|B:10.2|B:10.6|E:10.7|E:11.10,7,2,3,2,1,1,1,1,1,1,0.25,0.6666666666666666,0.375
count_plus_PE_count,3,194,1.2136539109051228,1.1182025032137655,-0.09545140769135729,P:9.9|P:9.6|P:10.0|B:10.1|B:10.2|B:11.9|E:10.7,7,3,3,1,1,1,1,1,1,1,0.375,0.5,0.1875
count_plus_PE_count,3,42,-0.46380022168159485,-0.882789969845412,-0.4189897481638172,B:9.0|B:9.7|B:10.10|B:11.2|B:11.9|E:11.10,6,0,5,1,0,1,1,0,0,1,0.0,0.0,0.3125
count_plus_PE_count,3,183,0.8049454912543297,0.6344493581569738,-0.1704961330973559,P:9.9|P:9.6|P:10.0|B:10.10|B:11.2,5,3,2,0,1,1,0,1,0,0,0.25,0.0,0.0
count_plus_PE_count,3,28,0.2634904868900776,0.33609523797993535,0.07260475108985776,B:10.1|B:10.2|B:10.10,3,0,3,0,0,1,0,0,0,0,0.0,0.0,0.0
count_plus_PE_count,3,45,-0.5084521621465683,-0.05098922388435403,0.4574629382622143,B:9.0|B:9.7|B:10.1|B:10.6|B:10.10|B:11.2|B:11.9|E:10.7,8,0,7,1,0,1,1,0,0,1,0.0,0.0,0.4375
count_plus_PE_count,3,61,-1.0373320244252682,-0.436553145393775,0.6007788790314932,P:10.0|B:9.0|B:9.7|B:10.1|B:10.2|B:10.6|B:11.2|B:11.9|E:10.7|E:11.10,10,1,7,2,1,1,1,1,1,1,0.29166666666666663,0.3333333333333333,0.875
count_plus_PE_count,3,94,-0.49759408831596375,0.09430972613368915,0.5919038144496529,P:9.6|P:10.0|B:9.0|B:10.1|B:10.6|B:10.10|B:11.2|B:11.9|E:10.7|E:11.10,10,2,6,2,1,1,1,1,1,1,0.5,0.6666666666666666,0.75
count_plus_PE_count,3,166,0.34098824113607407,-0.14554436798663328,-0.48653260912270735,P:9.9|P:9.6|B:9.7|B:10.1|B:10.2|E:10.7|E:11.10,7,2,3,2,1,1,1,1,1,1,0.25,0.6666666666666666,0.375
count_plus_PE_count,3,54,0.02327965945005417,-0.6932731491430829,-0.7165528085931371,P:10.0|B:10.1|E:11.10,3,1,1,1,1,1,1,1,1,1,0.041666666666666664,0.16666666666666666,0.0625
count_plus_PE_count,3,41,-2.0931180715560913,-2.0766807389361324,0.016437332619958944,B:9.0|B:9.7|B:11.2|B:11.9|E:10.7|E:11.10,6,0,4,2,0,1,1,0,0,1,0.0,0.0,0.5
count_plus_PE_count,3,180,0.22938881069421768,0.628303035816326,0.3989142251221083,P:9.9|P:9.6|P:10.0|B:11.9|E:10.7|E:11.10,6,3,1,2,1,1,1,1,1,1,0.125,1.0,0.125
count_plus_PE_count,3,137,0.9683080837130547,0.9321154904437728,-0.036192593269281814,P:9.9|P:10.0|B:9.0|B:10.1|B:10.2|B:11.2,6,2,4,0,1,1,0,1,0,0,0.3333333333333333,0.0,0.0
count_plus_PE_count,4,135,0.3180081695318222,0.4500621616313767,0.13205399209955448,P:9.9|P:10.0|B:9.0|B:10.6|B:11.9|E:10.7|E:11.10,7,2,3,2,1,1,1,1,1,1,0.25,0.6666666666666666,0.375
count_plus_PE_count,4,37,-2.092911761254072,-2.0288327499667482,0.06407901128732396,B:9.0|B:10.2|E:10.7|E:11.10,4,0,2,2,0,1,1,0,0,1,0.0,0.0,0.25
count_plus_PE_count,4,91,0.38466572016477585,-0.07231915613536255,-0.4569848763001384,P:9.6|P:10.0|B:9.0|B:11.9,4,2,2,0,1,1,0,1,0,0,0.16666666666666666,0.0,0.0
count_plus_PE_count,4,113,-0.6673449911177158,-0.874262254095944,-0.2069172629782282,P:9.9|B:9.0|B:9.7|B:11.2|B:11.9|E:10.7|E:11.10,7,1,4,2,1,1,1,1,1,1,0.16666666666666666,0.3333333333333333,0.5
count_plus_PE_count,4,38,-0.12388213351368904,0.5240452132215963,0.6479273467352853,B:9.0|B:10.2|B:10.10|B:11.2|B:11.9,5,0,5,0,0,1,0,0,0,0,0.0,0.0,0.0
count_plus_PE_count,4,62,-0.96882164478302,-1.2500159768808015,-0.28119433209778144,P:9.6|E:11.10,2,1,0,1,1,0,1,0,1,0,0.0,0.16666666666666666,0.0
count_plus_PE_count,4,57,-1.3938638791441917,-1.0086579321860945,0.3852059469580973,P:10.0|B:9.0|B:10.1|B:10.2|E:10.7|E:11.10,6,1,3,2,1,1,1,1,1,1,0.125,0.3333333333333333,0.375
count_plus_PE_count,4,190,0.7528919950127602,0.8955809087567941,0.14268891374403392,P:9.9|P:9.6|P:10.0|B:10.2|B:10.6|B:11.2|E:11.10,7,3,3,1,1,1,1,1,1,1,0.375,0.5,0.1875
count_plus_PE_count,4,164,0.30114129185676575,0.6853284445599817,0.3841871527032159,P:9.9|P:9.6|B:9.7|B:10.1|B:10.10|B:11.2|B:11.9,7,2,5,0,1,1,0,1,0,0,0.41666666666666663,0.0,0.0
count_plus_PE_count,4,221,0.5948651321232319,0.8357839715179507,0.2409188393947188,P:9.9|P:9.6|P:10.0|B:9.0|B:10.1|B:10.2|B:11.2|E:11.10,8,3,4,1,1,1,1,1,1,1,0.5,0.5,0.25
count_plus_PE_count,4,1,0.1935817413032055,0.3974354197481629,0.2038536784449574,P:9.9,1,1,0,0,1,0,0,0,0,0,0.0,0.0,0.0
count_plus_PE_count,4,53,-0.06579641252756119,-0.406627568287963,-0.3408311557604018,P:10.0|B:10.2|B:11.9|E:11.10,4,1,2,1,1,1,1,1,1,1,0.08333333333333333,0.16666666666666666,0.125
count_plus_PE_count,4,126,0.9073482267558575,0.934516199302473,0.027167972546615515,P:9.9|P:10.0|B:10.1|B:10.2|E:10.7,5,2,2,1,1,1,1,1,1,1,0.16666666666666666,0.3333333333333333,0.125
count_plus_PE_count,4,14,-2.1500720120966434,-2.245072321719214,-0.09500030962257044,E:10.7|E:11.10,2,0,0,2,0,0,1,0,0,0,0.0,0.0,0.0
count_plus_PE_count,4,40,0.43496930971741676,0.7389396080796213,0.30397029836220457,B:9.0|B:10.1|B:10.6|B:10.10,4,0,4,0,0,1,0,0,0,0,0.0,0.0,0.0
count_plus_PE_count,4,234,1.2642529793083668,1.3639841205290435,0.09973114122067672,P:9.9|P:9.6|P:10.0|B:9.0|B:9.7|B:10.1|B:10.2|B:10.6,8,3,5,0,1,1,0,1,0,0,0.625,0.0,0.0
count_plus_PE_count,4,34,-0.4527350068092346,-0.07433197690560767,0.37840302990362695,B:9.7|B:10.1|B:10.2|B:10.10|B:11.9|E:10.7,6,0,5,1,0,1,1,0,0,1,0.0,0.0,0.3125
count_plus_PE_count,4,99,0.8856487385928631,0.5506293845868437,-0.33501935400601934,P:9.6|P:10.0|B:9.0|B:9.7|B:10.1|B:10.2|B:10.6|B:10.10|B:11.2|B:11.9|E:11.10,11,2,8,1,1,1,1,1,1,1,0.6666666666666666,0.3333333333333333,0.5
count_plus_PE_count,4,109,0.5982384718954563,0.5209298514734539,-0.07730862042200237,P:9.9|B:10.1|B:10.2|B:10.6|B:10.10|B:11.2|E:11.10,7,1,5,1,1,1,1,1,1,1,0.20833333333333331,0.16666666666666666,0.3125
count_plus_PE_count,4,49,-0.5108466930687428,0.13460473710110055,0.6454514301698433,B:9.0|B:9.7|B:10.1|B:10.2|B:10.6|B:10.10|B:11.2|B:11.9|E:10.7,9,0,8,1,0,1,1,0,0,1,0.0,0.0,0.5
count_plus_PE_count,4,127,0.24340659379959106,0.29065416200258765,0.04724756820299658,P:9.9|P:10.0|B:9.7|E:11.10,4,2,1,1,1,1,1,1,1,1,0.08333333333333333,0.3333333333333333,0.0625
count_plus_PE_count,4,21,-2.0925130136311054,-2.2942195364182623,-0.20170652278715684,B:11.9|E:10.7|E:11.10,3,0,1,2,0,1,1,0,0,1,0.0,0.0,0.125
count_plus_PE_count,4,227,1.6139287240803242,1.334112637293972,-0.27981608678635217,P:9.9|P:9.6|P:10.0|B:9.0|B:9.7|B:10.6|B:10.10|B:11.2|B:11.9|E:10.7|E:11.10,11,3,6,2,1,1,1,1,1,1,0.75,1.0,0.75
count_plus_PE_count,4,167,0.3539474345743656,0.110754007609554,-0.2431934269648116,P:9.9|P:9.6|B:9.0|B:11.9|E:10.7,5,2,2,1,1,1,1,1,1,1,0.16666666666666666,0.3333333333333333,0.125
count_plus_PE_count,4,125,1.1199581176042557,1.2317736425627526,0.11181552495849689,P:9.9|P:10.0|B:10.1|B:10.6|B:11.2|B:11.9,6,2,4,0,1,1,0,1,0,0,0.3333333333333333,0.0,0.0
count_plus_PE_count,4,170,0.3828652650117874,0.5772998639142947,0.19443459890250725,P:9.9|P:9.6|B:9.0|B:10.1|B:10.6,5,2,3,0,1,1,0,1,0,0,0.25,0.0,0.0
count_plus_PE_count,4,66,0.09258740022778511,-0.07135100044221426,-0.16393840066999937,P:9.6|B:10.1|B:10.2|B:11.9,4,1,3,0,1,1,0,1,0,0,0.125,0.0,0.0
count_plus_PE_count,4,104,0.20134234055876732,-0.1563933729148917,-0.357735713473659,P:9.9|B:11.9|E:10.7,3,1,1,1,1,1,1,1,1,1,0.041666666666666664,0.16666666666666666,0.0625
count_plus_PE_count,4,22,-0.9958479702472687,-1.2953496529310342,-0.29950168268376554,B:11.2|B:11.9|E:11.10,3,0,2,1,0,1,1,0,0,1,0.0,0.0,0.125
count_plus_PE_count,4,46,-0.23023967072367668,-0.4651950108162592,-0.2349553400925825,B:9.0|B:9.7|B:10.1|B:10.2|B:10.10|B:11.2|B:11.9|E:11.10,8,0,7,1,0,1,1,0,0,1,0.0,0.0,0.4375
count_plus_PE_count,4,111,-0.15740074962377548,-0.6713823003453647,-0.5139815507215892,P:9.9|B:9.7|B:10.6|E:10.7|E:11.10,5,1,2,2,1,1,1,1,1,1,0.08333333333333333,0.3333333333333333,0.25
count_plus_PE_count,4,70,-1.6255602352321148,-1.3468398767568641,0.2787203584752507,P:9.6|B:9.0|B:10.1|B:10.2|B:11.9|E:10.7|E:11.10,7,1,4,2,1,1,1,1,1,1,0.16666666666666666,0.3333333333333333,0.5
count_plus_PE_count,4,77,-1.3802263587713242,-0.7774292760541717,0.6027970827171525,P:9.6|P:10.0|E:10.7|E:11.10,4,2,0,2,1,0,1,0,1,0,0.0,0.6666666666666666,0.0
count_plus_PE_count,4,145,-0.9065218307077885,-0.21932401411310287,0.6871978165946856,P:9.9|P:9.6|E:11.10,3,2,0,1,1,0,1,0,1,0,0.0,0.3333333333333333,0.0
count_plus_PE_count,4,207,1.1867230460047722,1.232298397031836,0.04557535102706378,P:9.9|P:9.6|P:10.0|B:9.7|B:10.1|B:10.10|B:11.9|E:10.7|E:11.10,9,3,4,2,1,1,1,1,1,1,0.5,1.0,0.5
count_plus_PE_count,4,189,0.5667572394013405,0.733479516184584,0.16672227678324347,P:9.9|P:9.6|P:10.0|B:10.2|E:10.7|E:11.10,6,3,1,2,1,1,1,1,1,1,0.125,1.0,0.125
count_plus_PE_count,4,20,2.3267794027924538,1.6875047637364724,-0.6392746390559814,P:9.9|P:9.6|P:10.0|B:9.0|B:9.7|B:10.1|B:10.2|B:10.6|B:10.10|B:11.2|B:11.9|E:10.7|E:11.10,13,3,8,2,1,1,1,1,1,1,1.0,1.0,1.0
count_plus_PE_count,4,175,0.43807394430041313,0.730775737017721,0.2927017927173079,P:9.9|P:9.6|B:9.0|B:9.7|B:10.1|B:10.10,6,2,4,0,1,1,0,1,0,0,0.3333333333333333,0.0,0.0
count_plus_PE_count,4,67,0.1194758489727974,-0.17759428410801942,-0.2970701330808168,P:9.6|B:9.7|B:10.2,3,1,2,0,1,1,0,1,0,0,0.08333333333333333,0.0,0.0
count_plus_PE_count,4,121,0.8768309131264687,0.9309170713571308,0.054086158230662096,P:9.9|P:10.0|B:10.6,3,2,1,0,1,1,0,1,0,0,0.08333333333333333,0.0,0.0
count_plus_PE_count,4,213,0.7374192625284195,0.7896485478425738,0.05222928531415427,P:9.9|P:9.6|P:10.0|B:9.0|B:10.6,5,3,2,0,1,1,0,1,0,0,0.25,0.0,0.0
count_plus_PE_count,4,211,0.1879602037370205,0.4966966131772321,0.30873640944021163,P:9.9|P:9.6|P:10.0|B:9.0|E:10.7|E:11.10,6,3,1,2,1,1,1,1,1,1,0.125,1.0,0.125
count_plus_PE_count,4,133,1.7260217368602753,1.3238043508931068,-0.4022173859671685,P:9.9|P:10.0|B:9.7|B:10.1|B:10.2|B:10.6|B:10.10|B:11.2|E:11.10,9,2,6,1,1,1,1,1,1,1,0.5,0.3333333333333333,0.375
count_plus_PE_count,4,161,0.41517258435487747,0.11718932051989417,-0.2979832638349833,P:9.9|P:9.6|B:10.1|B:10.2|B:10.10|B:11.2|E:10.7|E:11.10,8,2,4,2,1,1,1,1,1,1,0.3333333333333333,0.6666666666666666,0.5
count_plus_PE_count,4,65,-1.8147796541452408,-1.5472498270156805,0.2675298271295603,P:9.6|B:10.2|B:10.10|B:11.2|E:10.7|E:11.10,6,1,3,2,1,1,1,1,1,1,0.125,0.3333333333333333,0.375
count_plus_PE_count,4,220,1.2591385692358017,1.4022082160979086,0.14306964686210688,P:9.9|P:9.6|P:10.0|B:9.0|B:10.1|B:10.6|B:10.10|E:10.7|E:11.10,9,3,4,2,1,1,1,1,1,1,0.5,1.0,0.5
count_plus_PE_count,4,47,0.18758106604218483,0.6952333120195335,0.5076522459773487,B:9.0|B:9.7|B:10.1|B:10.2|B:10.6|B:11.2,6,0,6,0,0,1,0,0,0,0,0.0,0.0,0.0
count_plus_BE_count,0,122,0.3629409745335579,0.6425015400914184,0.27956056555786046,P:9.9|P:10.0|B:10.6|E:11.10,4,2,1,1,1,1,1,1,1,1,0.08333333333333333,0.3333333333333333,0.0625
count_plus_BE_count,0,52,-1.6007909774780273,-0.9219731369317916,0.6788178405462357,P:10.0|B:10.2|E:10.7|E:11.10,4,1,1,2,1,1,1,1,1,1,0.041666666666666664,0.3333333333333333,0.125
count_plus_BE_count,0,169,0.708813302218914,0.3895209843895204,-0.31929231782939366,P:9.9|P:9.6|B:9.0|B:10.2|B:10.6|B:10.10|B:11.2|B:11.9|E:10.7|E:11.10,10,2,6,2,1,1,1,1,1,1,0.5,0.6666666666666666,0.75
count_plus_BE_count,0,88,0.1200842633843422,-0.10294739280070853,-0.22303165618505072,P:9.6|P:10.0|B:9.7|B:10.6|B:11.2|B:11.9|E:11.10,7,2,4,1,1,1,1,1,1,1,0.3333333333333333,0.3333333333333333,0.25
count_plus_BE_count,0,162,0.49946876987814903,-0.09777028830141155,-0.5972390581795606,P:9.9|P:9.6|B:10.1|B:10.2|B:10.6|E:10.7|E:11.10,7,2,3,2,1,1,1,1,1,1,0.25,0.6666666666666666,0.375
count_plus_BE_count,0,197,1.1613009199500084,0.7046740808819258,-0.45662683906808255,P:9.9|P:9.6|P:10.0|B:10.1|B:10.2|B:10.6|E:10.7|E:11.10,8,3,3,2,1,1,1,1,1,1,0.375,1.0,0.375
count_plus_BE_count,0,206,1.1710864640772343,0.67554140024259,-0.49554506383464425,P:9.9|P:9.6|P:10.0|B:9.7|B:10.2|B:10.6|E:10.7|E:11.10,8,3,3,2,1,1,1,1,1,1,0.375,1.0,0.375
count_plus_BE_count,0,225,1.2041504010558128,1.3145362246749064,0.11038582361909355,P:9.9|P:9.6|P:10.0|B:9.0|B:9.7|B:10.6|B:11.2|B:11.9,8,3,5,0,1,1,0,1,0,0,0.625,0.0,0.0
count_plus_BE_count,0,51,-0.7062482126057148,-0.6488333940080762,0.05741481859763864,P:10.0|B:11.2|E:10.7,3,1,1,1,1,1,1,1,1,1,0.041666666666666664,0.16666666666666666,0.0625
count_plus_BE_count,0,3,0.42918625101447105,-0.10339974472893798,-0.532585995743409,P:10.0,1,1,0,0,1,0,0,0,0,0,0.0,0.0,0.0
count_plus_BE_count,0,68,-0.03323224559426308,-0.38570372484780563,-0.35247147925354255,P:9.6|B:9.7|B:10.1|B:10.10|B:11.2,5,1,4,0,1,1,0,1,0,0,0.16666666666666666,0.0,0.0
count_plus_BE_count,0,237,1.4893603511154652,2.212833369366915,0.7234730182514499,P:9.9|P:9.6|P:10.0|B:9.0|B:9.7|B:10.1|B:10.2|B:10.6|B:10.10|B:11.9,10,3,7,0,1,1,0,1,0,0,0.875,0.0,0.0
count_plus_BE_count,0,32,-0.6199087165296078,-0.4179754006902297,0.20193331583937807,B:9.7|B:10.2|B:10.10|E:10.7,4,0,3,1,0,1,1,0,0,1,0.0,0.0,0.1875
count_plus_BE_count,0,134,0.43865132704377174,0.7833851413275498,0.34473381428377803,P:9.9|P:10.0|B:9.0|B:10.6|B:11.9|E:11.10,6,2,3,1,1,1,1,1,1,1,0.25,0.3333333333333333,0.1875
count_plus_BE_count,0,6,0.11284342035651207,-0.5165815387271614,-0.6294249590836735,B:10.1,1,0,1,0,0,1,0,0,0,0,0.0,0.0,0.0
count_plus_BE_count,0,149,0.47060735896229744,0.21514855497781193,-0.2554588039844855,P:9.9|P:9.6|B:10.10|E:10.7,4,2,1,1,1,1,1,1,1,1,0.08333333333333333,0.3333333333333333,0.0625
count_plus_BE_count,0,155,0.7810946628451347,0.5865883444899533,-0.1945063183551814,P:9.9|P:9.6|B:10.2|B:10.6|B:10.10|B:11.2|E:10.7,7,2,4,1,1,1,1,1,1,1,0.3333333333333333,0.3333333333333333,0.25
count_plus_BE_count,0,218,0.6303710080683231,1.3985088532681027,0.7681378451997796,P:9.9|P:9.6|P:10.0|B:9.0|B:10.1|B:10.10,6,3,3,0,1,1,0,1,0,0,0.375,0.0,0.0
count_plus_BE_count,0,83,0.6069852113723755,0.4711247391955055,-0.13586047217686997,P:9.6|P:10.0|B:10.6|B:11.9,4,2,2,0,1,1,0,1,0,0,0.16666666666666666,0.0,0.0
count_plus_BE_count,0,201,0.5236174315214157,0.18433351254364483,-0.3392839189777709,P:9.9|P:9.6|P:10.0|B:9.7|B:11.2|B:11.9|E:10.7|E:11.10,8,3,3,2,1,1,1,1,1,1,0.375,1.0,0.375
count_plus_BE_count,0,96,0.8413464911282063,0.7025754039523213,-0.13877108717588493,P:9.6|P:10.0|B:9.0|B:9.7|B:10.2|B:10.6|B:10.10|B:11.2,8,2,6,0,1,1,0,1,0,0,0.5,0.0,0.0
count_plus_BE_count,0,89,0.0035700574517250057,-0.25668529323820133,-0.26025535068992633,P:9.6|P:10.0|B:9.7|B:10.2|E:11.10,5,2,2,1,1,1,1,1,1,1,0.16666666666666666,0.3333333333333333,0.125
count_plus_BE_count,0,101,0.13574618473649025,-0.22615263578421718,-0.36189882052070743,P:9.9|E:10.7,2,1,0,1,1,0,1,0,1,0,0.0,0.16666666666666666,0.0
count_plus_BE_count,0,60,0.8043079115450382,0.5464070511976895,-0.2579008603473487,P:10.0|B:9.0|B:9.7|B:10.1|B:10.2|B:10.6|B:11.2|B:11.9,8,1,7,0,1,1,0,1,0,0,0.29166666666666663,0.0,0.0
count_plus_BE_count,0,222,2.0050816535949707,1.1290544774887556,-0.876027176106215,P:9.9|P:9.6|P:10.0|B:9.0|B:10.1|B:10.2|B:10.6|B:10.10|B:11.2|E:10.7|E:11.10,11,3,6,2,1,1,1,1,1,1,0.75,1.0,0.75
count_plus_BE_count,0,76,-0.3358710706233978,-0.6291429126711245,-0.2932718420477267,P:9.6|P:10.0|E:11.10,3,2,0,1,1,0,1,0,1,0,0.0,0.3333333333333333,0.0
count_plus_BE_count,0,144,-0.024949822574853897,0.2396031103538072,0.2645529329286611,P:9.9|P:9.6,2,2,0,0,1,0,0,0,0,0,0.0,0.0,0.0
count_plus_BE_count,0,84,-0.024493630975484848,0.2714709233401697,0.29596455431565455,P:9.6|P:10.0|B:10.6|B:10.10|E:10.7,5,2,2,1,1,1,1,1,1,1,0.16666666666666666,0.3333333333333333,0.125
count_plus_BE_count,0,215,0.6853511184453964,0.04773328383504927,-0.6376178346103472,P:9.9|P:9.6|P:10.0|B:9.0|B:10.2|B:11.2|E:10.7|E:11.10,8,3,3,2,1,1,1,1,1,1,0.375,1.0,0.375
count_plus_BE_count,0,24,-1.9098994433879852,-1.3654788149826957,0.5444206284052895,B:10.6|E:10.7|E:11.10,3,0,1,2,0,1,1,0,0,1,0.0,0.0,0.125
count_plus_BE_count,0,136,0.734557755291462,0.9900020121906321,0.25544425689917016,P:9.9|P:10.0|B:9.0|B:10.1,4,2,2,0,1,1,0,1,0,0,0.16666666666666666,0.0,0.0
count_plus_BE_count,0,171,0.4481462836265564,-0.19118103374491846,-0.6393273173714749,P:9.9|P:9.6|B:9.0|B:10.1|B:10.2|B:10.10|B:11.2|E:10.7|E:11.10,9,2,5,2,1,1,1,1,1,1,0.41666666666666663,0.6666666666666666,0.625
count_plus_BE_count,0,69,-1.431811336427927,-0.6573764352095167,0.7744349012184103,P:9.6|B:9.7|B:10.1|B:10.2|B:10.6|B:11.2|B:11.9|E:10.7|E:11.10,9,1,6,2,1,1,1,1,1,1,0.25,0.3333333333333333,0.75
count_plus_BE_count,0,191,-0.00995168462395668,0.6342223222540659,0.6441740068780226,P:9.9|P:9.6|P:10.0|B:10.1|E:11.10,5,3,1,1,1,1,1,1,1,1,0.125,0.5,0.0625
count_plus_BE_count,0,235,1.4840984642505646,1.5863866892304013,0.1022882249798367,P:9.9|P:9.6|P:10.0|B:9.0|B:9.7|B:10.1|B:10.2|B:10.6|B:11.2,9,3,6,0,1,1,0,1,0,0,0.75,0.0,0.0
count_plus_BE_count,0,95,-1.1356264613568783,-0.9126302783139664,0.2229961830429119,P:9.6|P:10.0|B:9.0|B:9.7|E:10.7|E:11.10,6,2,2,2,1,1,1,1,1,1,0.16666666666666666,0.6666666666666666,0.25
count_plus_BE_count,0,87,-1.1586299277842045,-0.9480462933167269,0.21058363446747763,P:9.6|P:10.0|B:9.7|E:10.7|E:11.10,5,2,1,2,1,1,1,1,1,1,0.08333333333333333,0.6666666666666666,0.125
count_plus_BE_count,0,114,0.6210603751242161,0.485171576972524,-0.13588879815169208,P:9.9|B:9.0|B:9.7|B:10.10|B:11.9|E:10.7,6,1,4,1,1,1,1,1,1,1,0.16666666666666666,0.16666666666666666,0.25
count_plus_BE_count,0,229,1.1873903311789036,1.5888467513321127,0.40145642015320915,P:9.9|P:9.6|P:10.0|B:9.0|B:9.7|B:10.2|B:10.6,7,3,4,0,1,1,0,1,0,0,0.5,0.0,0.0
count_plus_BE_count,0,219,0.8841039836406708,1.759180412984014,0.8750764293433433,P:9.9|P:9.6|P:10.0|B:9.0|B:10.1|B:10.6|B:10.10,7,3,4,0,1,1,0,1,0,0,0.5,0.0,0.0
count_plus_BE_count,0,217,1.5335167162120342,1.4929591369061816,-0.040557579305852576,P:9.9|P:9.6|P:10.0|B:9.0|B:10.2|B:10.6|B:10.10|B:11.2|B:11.9|E:11.10,10,3,6,1,1,1,1,1,1,1,0.75,0.5,0.375
count_plus_BE_count,0,4,0.0034867338836193063,-0.6780912888515089,-0.6815780227351282,B:9.0,1,0,1,0,0,1,0,0,0,0,0.0,0.0,0.0
count_plus_BE_count,0,130,1.2399504967033863,0.9939499021057534,-0.2460005945976329,P:9.9|P:10.0|B:9.7|B:10.2|B:10.6|B:11.2|E:10.7,7,2,4,1,1,1,1,1,1,1,0.3333333333333333,0.3333333333333333,0.25
count_plus_BE_count,0,228,1.1373955719172955,1.1988832906429545,0.06148771872565906,P:9.9|P:9.6|P:10.0|B:9.0|B:9.7|B:10.2|B:11.2|B:11.9,8,3,5,0,1,1,0,1,0,0,0.625,0.0,0.0
count_plus_BE_count,0,128,1.061413548886776,1.2967197325681141,0.23530618368133815,P:9.9|P:10.0|B:9.7|B:10.6,4,2,2,0,1,1,0,1,0,0,0.16666666666666666,0.0,0.0
count_plus_BE_count,0,15,0.35023678094148636,0.2296938471371866,-0.12054293380429976,B:9.0|B:9.7|B:10.1|B:10.2|B:10.6|B:10.10|B:11.2|B:11.9,8,0,8,0,0,1,0,0,0,0,0.0,0.0,0.0
count_plus_BE_count,0,124,0.904553011059761,1.4568680464214347,0.5523150353616737,P:9.9|P:10.0|B:10.1|B:10.10|B:11.9,5,2,3,0,1,1,0,1,0,0,0.25,0.0,0.0
count_plus_BE_count,0,93,0.3689284063875675,0.28565463161742266,-0.08327377477014486,P:9.6|P:10.0|B:9.0|B:10.6|B:10.10|B:11.9|E:11.10,7,2,4,1,1,1,1,1,1,1,0.3333333333333333,0.3333333333333333,0.25
count_plus_BE_count,1,50,-0.5812592878937721,-0.5018481406426777,0.07941114725109444,P:10.0|E:10.7,2,1,0,1,1,0,1,0,1,0,0.0,0.16666666666666666,0.0
count_plus_BE_count,1,106,-0.08755524829030037,0.02006246893510566,0.10761771722540603,P:9.9|B:11.2,2,1,1,0,1,1,0,1,0,0,0.041666666666666664,0.0,0.0
count_plus_BE_count,1,230,1.7152394354343414,1.622588574855556,-0.09265086057878547,P:9.9|P:9.6|P:10.0|B:9.0|B:9.7|B:10.2|B:10.6|B:10.10|B:11.2|B:11.9|E:11.10,11,3,7,1,1,1,1,1,1,1,0.875,0.5,0.4375
count_plus_BE_count,1,160,0.06055968999862671,0.4031863985866281,0.34262670858800137,P:9.9|P:9.6|B:10.1|B:10.6|B:10.10|B:11.2|E:11.10,7,2,4,1,1,1,1,1,1,1,0.3333333333333333,0.3333333333333333,0.25
count_plus_BE_count,1,48,-1.093090582638979,-0.07349588264474494,1.019594699994234,B:9.0|B:9.7|B:10.1|B:10.2|B:10.6|B:10.10|B:11.9|E:10.7|E:11.10,9,0,7,2,0,1,1,0,0,1,0.0,0.0,0.875
count_plus_BE_count,1,198,0.6584309488534927,1.1639940023698272,0.5055630535163345,P:9.9|P:9.6|P:10.0|B:9.7,4,3,1,0,1,1,0,1,0,0,0.125,0.0,0.0
count_plus_BE_count,1,168,0.2776085212826729,0.6783601131810304,0.4007515918983575,P:9.9|P:9.6|B:9.0|B:10.2|B:10.10|B:11.2|B:11.9,7,2,5,0,1,1,0,1,0,0,0.41666666666666663,0.0,0.0
count_plus_BE_count,1,64,-1.8848259001970291,-1.5021962761042507,0.38262962409277845,P:9.6|B:10.2|E:10.7|E:11.10,4,1,1,2,1,1,1,1,1,1,0.041666666666666664,0.3333333333333333,0.125
count_plus_BE_count,1,7,0.04607735201716423,-0.42387134853110275,-0.469948700548267,B:10.2,1,0,1,0,0,1,0,0,0,0,0.0,0.0,0.0
count_plus_BE_count,1,75,0.32792340219020844,0.02755340069110046,-0.300370001499108,P:9.6|P:10.0,2,2,0,0,1,0,0,0,0,0,0.0,0.0,0.0
count_plus_BE_count,1,174,0.0011423192918300629,-0.22801796127578722,-0.22916028056761728,P:9.9|P:9.6|B:9.0|B:9.7|B:10.1|B:11.9|E:10.7|E:11.10,8,2,4,2,1,1,1,1,1,1,0.3333333333333333,0.6666666666666666,0.5
count_plus_BE_count,1,154,-0.12619714811444283,-0.5063492851667588,-0.380152137052316,P:9.9|P:9.6|B:10.2|E:10.7|E:11.10,5,2,1,2,1,1,1,1,1,1,0.08333333333333333,0.6666666666666666,0.125
count_plus_BE_count,1,142,1.7428619898855686,1.628854519740771,-0.11400747014479773,P:9.9|P:10.0|B:9.0|B:9.7|B:10.1|B:10.2|B:10.6|B:10.10|B:11.2|B:11.9,10,2,8,0,1,1,0,1,0,0,0.6666666666666666,0.0,0.0
count_plus_BE_count,1,10,-0.3037194274365902,-0.837004875820029,-0.5332854483834388,B:11.2,1,0,1,0,0,1,0,0,0,0,0.0,0.0,0.0
count_plus_BE_count,1,9,0.12788828462362287,-0.292007342622255,-0.4198956272458778,B:10.10,1,0,1,0,0,1,0,0,0,0,0.0,0.0,0.0
count_plus_BE_count,1,177,-0.22630655765533447,0.5467794730591006,0.773086030714435,P:9.9|P:9.6|P:10.0|E:11.10,4,3,0,1,1,0,1,0,1,0,0.0,0.5,0.0
count_plus_BE_count,1,36,0.2635531798005104,-0.40703550664566057,-0.670588686446171,B:9.0|B:10.6|B:11.9,3,0,3,0,0,1,0,0,0,0,0.0,0.0,0.0
count_plus_BE_count,1,210,0.4698285423219204,1.0081812201385052,0.5383526778165848,P:9.9|P:9.6|P:10.0|B:9.0,4,3,1,0,1,1,0,1,0,0,0.125,0.0,0.0
count_plus_BE_count,1,138,1.083946779370308,0.9916525906600069,-0.09229418871030104,P:9.9|P:10.0|B:9.0|B:10.1|B:10.2|B:10.10|B:11.2|B:11.9|E:10.7|E:11.10,10,2,6,2,1,1,1,1,1,1,0.5,0.6666666666666666,0.75
count_plus_BE_count,1,141,1.2822950780391693,1.1182881163181102,-0.1640069617210591,P:9.9|P:10.0|B:9.0|B:9.7|B:10.1|B:10.2|B:10.6|B:11.2|B:11.9|E:11.10,10,2,7,1,1,1,1,1,1,1,0.5833333333333333,0.3333333333333333,0.4375
count_plus_BE_count,1,120,0.74381148442626,1.2489887358049963,0.5051772513787363,P:9.9|P:10.0|B:10.10,3,2,1,0,1,1,0,1,0,0,0.08333333333333333,0.0,0.0
count_plus_BE_count,1,131,0.400036346167326,0.2768929118261606,-0.12314343434116537,P:9.9|P:10.0|B:9.7|B:10.1|B:11.9|E:10.7|E:11.10,7,2,3,2,1,1,1,1,1,1,0.25,0.6666666666666666,0.375
count_plus_BE_count,1,30,-0.8866070061922073,-0.7593829356404481,0.12722407055175922,B:9.7|B:10.10|B:11.2|E:10.7,4,0,3,1,0,1,1,0,0,1,0.0,0.0,0.1875
count_plus_BE_count,1,193,0.6254174932837486,1.5816763194453438,0.9562588261615952,P:9.9|P:9.6|P:10.0|B:10.1|B:10.10,5,3,2,0,1,1,0,1,0,0,0.25,0.0,0.0
count_plus_BE_count,1,19,1.8685232289135456,1.8391071244345971,-0.02941610447894849,P:9.9|P:9.6|P:10.0|B:9.0|B:9.7|B:10.1|B:10.2|B:10.6|B:10.10|B:11.2|B:11.9,11,3,8,0,1,1,0,1,0,0,1.0,0.0,0.0
count_plus_BE_count,1,204,1.4221223182976246,1.6965665864483743,0.27444426815074974,P:9.9|P:9.6|P:10.0|B:9.7|B:10.6|B:10.10|B:11.9|E:10.7,8,3,4,1,1,1,1,1,1,1,0.5,0.5,0.25
count_plus_BE_count,1,27,-2.0526970140635967,-1.1531407903329587,0.899556223730638,B:10.2|B:11.9|E:10.7|E:11.10,4,0,2,2,0,1,1,0,0,1,0.0,0.0,0.25
count_plus_BE_count,1,223,1.9471766948699951,1.781260041070471,-0.16591665379952403,P:9.9|P:9.6|P:10.0|B:9.0|B:10.1|B:10.2|B:10.6|B:10.10|B:11.2|B:11.9|E:10.7,11,3,7,1,1,1,1,1,1,1,0.875,0.5,0.4375
count_plus_BE_count,1,74,-0.022991657257080078,-0.1715638095842139,-0.14857215232713383,P:9.6|B:9.0|B:9.7|B:10.1|B:10.2|B:10.6|B:10.10|B:11.2|B:11.9|E:11.10,10,1,8,1,1,1,1,1,1,1,0.3333333333333333,0.16666666666666666,0.5
count_plus_BE_count,1,208,0.6361530162394047,0.9534794389963956,0.31732642275699097,P:9.9|P:9.6|P:10.0|B:9.7|B:10.1|B:10.2|E:11.10,7,3,3,1,1,1,1,1,1,1,0.375,0.5,0.1875
count_plus_BE_count,1,224,0.5285060442984104,0.7537210493227647,0.22521500502435432,P:9.9|P:9.6|P:10.0|B:9.0|B:9.7|B:10.6|B:11.2|E:11.10,8,3,4,1,1,1,1,1,1,1,0.5,0.5,0.25
count_plus_BE_count,1,173,0.6124220378696918,0.1602632967127049,-0.45215874115698695,P:9.9|P:9.6|B:9.0|B:9.7|B:10.2|B:10.6|B:11.9|E:10.7|E:11.10,9,2,5,2,1,1,1,1,1,1,0.41666666666666663,0.6666666666666666,0.625
count_plus_BE_count,1,18,0.16123811528086662,0.015469360818472278,-0.14576875446239435,P:9.9|P:9.6|P:10.0|E:10.7|E:11.10,5,3,0,2,1,0,1,0,1,0,0.0,1.0,0.0
count_plus_BE_count,1,11,0.04421548917889595,-0.5026914409842763,-0.5469069301631723,B:11.9,1,0,1,0,0,1,0,0,0,0,0.0,0.0,0.0
count_plus_BE_count,1,187,0.897874940186739,1.2103552403492746,0.3124803001625356,P:9.9|P:9.6|P:10.0|B:10.6|B:11.2,5,3,2,0,1,1,0,1,0,0,0.25,0.0,0.0
count_plus_BE_count,1,151,0.276092492043972,0.5360756853750785,0.25998319333110653,P:9.9|P:9.6|B:10.6,3,2,1,0,1,1,0,1,0,0,0.08333333333333333,0.0,0.0
count_plus_BE_count,1,157,0.37768739834427834,-0.027683133003826854,-0.4053705313481052,P:9.9|P:9.6|B:10.1|E:10.7,4,2,1,1,1,1,1,1,1,1,0.08333333333333333,0.3333333333333333,0.0625
count_plus_BE_count,1,59,0.9626401513814926,0.24224972032363323,-0.7203904310578594,P:10.0|B:9.0|B:9.7|B:10.1|B:10.6|B:11.9,6,1,5,0,1,1,0,1,0,0,0.20833333333333331,0.0,0.0
count_plus_BE_count,1,103,0.26081952825188637,0.3543759037708584,0.09355637551897206,P:9.9|B:11.9,2,1,1,0,1,1,0,1,0,0,0.041666666666666664,0.0,0.0
count_plus_BE_count,1,156,0.08269025757908821,0.3623992312733735,0.27970897369428527,P:9.9|P:9.6|B:10.1,3,2,1,0,1,1,0,1,0,0,0.08333333333333333,0.0,0.0
count_plus_BE_count,1,123,0.7120838984847069,0.4842759113490073,-0.22780798713569955,P:9.9|P:10.0|B:10.1|B:11.2|E:10.7,5,2,2,1,1,1,1,1,1,1,0.16666666666666666,0.3333333333333333,0.125
count_plus_BE_count,1,78,-1.3243667595088482,-0.8970876348853081,0.4272791246235401,P:9.6|P:10.0|B:11.9|E:10.7|E:11.10,5,2,1,2,1,1,1,1,1,1,0.08333333333333333,0.6666666666666666,0.125
count_plus_BE_count,1,115,0.6769261583685875,0.8146925641598629,0.13776640579127541,P:9.9|B:9.0|B:9.7|B:10.1|B:10.2|B:10.10|B:11.2|B:11.9,8,1,7,0,1,1,0,1,0,0,0.29166666666666663,0.0,0.0
count_plus_BE_count,1,81,-0.23705962300300598,-0.0455535364255828,0.19150608657742318,P:9.6|P:10.0|B:10.10|E:10.7,4,2,1,1,1,1,1,1,1,1,0.08333333333333333,0.3333333333333333,0.0625
count_plus_BE_count,1,58,0.9003594256937504,0.9720431568286351,0.07168373113488469,P:10.0|B:9.0|B:10.1|B:10.2|B:10.6|B:10.10|B:11.9,7,1,6,0,1,1,0,1,0,0,0.25,0.0,0.0
count_plus_BE_count,1,8,0.20578551664948463,-0.4123787423641699,-0.6181642590136545,B:10.6,1,0,1,0,0,1,0,0,0,0,0.0,0.0,0.0
count_plus_BE_count,1,212,0.9004754312336445,0.5375162495261363,-0.3629591817075082,P:9.9|P:9.6|P:10.0|B:9.0|B:11.2|E:10.7,6,3,2,1,1,1,1,1,1,1,0.25,0.5,0.125
count_plus_BE_count,1,119,0.09514226019382477,0.4907502912362345,0.3956080310424097,P:9.9|P:10.0|B:11.9|E:11.10,4,2,1,1,1,1,1,1,1,1,0.08333333333333333,0.3333333333333333,0.0625
count_plus_BE_count,2,163,-0.5653442852199078,0.027571577621911203,0.592915862841819,P:9.9|P:9.6|B:9.7|B:10.2|B:11.2|E:11.10,6,2,3,1,1,1,1,1,1,1,0.25,0.3333333333333333,0.1875
count_plus_BE_count,2,35,0.04845794662833214,-0.5401247292223983,-0.5885826758507304,B:9.0|B:11.9,2,0,2,0,0,1,0,0,0,0,0.0,0.0,0.0
count_plus_BE_count,2,140,1.2962299212813377,1.0860963097722824,-0.2101336115090553,P:9.9|P:10.0|B:9.0|B:9.7|B:10.1|B:10.2|B:10.10|B:11.2|B:11.9|E:10.7|E:11.10,11,2,7,2,1,1,1,1,1,1,0.5833333333333333,0.6666666666666666,0.875
count_plus_BE_count,2,26,-0.9894405044615269,-0.6828041244572256,0.30663638000430127,B:10.2|E:10.7,2,0,1,1,0,1,1,0,0,1,0.0,0.0,0.0625
count_plus_BE_count,2,152,-0.15340392664074898,-0.5413669221639404,-0.38796299552319147,P:9.9|P:9.6|B:10.6|E:10.7|E:11.10,5,2,1,2,1,1,1,1,1,1,0.08333333333333333,0.6666666666666666,0.125
count_plus_BE_count,2,179,0.8624304980039597,0.6812315671715559,-0.1811989308324038,P:9.9|P:9.6|P:10.0|B:11.9|E:10.7,5,3,1,1,1,1,1,1,1,1,0.125,0.5,0.0625
count_plus_BE_count,2,86,-0.13070636987686157,-0.5194588679827759,-0.3887524981059143,P:9.6|P:10.0|B:10.1|E:11.10,4,2,1,1,1,1,1,1,1,1,0.08333333333333333,0.3333333333333333,0.0625
count_plus_BE_count,2,238,2.212401542812586,1.3402322205475945,-0.8721693222649913,P:9.9|P:9.6|P:10.0|B:9.0|B:9.7|B:10.1|B:10.2|B:10.6|B:10.10|B:11.2|E:10.7|E:11.10,12,3,7,2,1,1,1,1,1,1,0.875,1.0,0.875
count_plus_BE_count,2,55,0.44097353890538216,-0.1326579341058673,-0.5736314730112495,P:10.0|B:9.0,2,1,1,0,1,1,0,1,0,0,0.041666666666666664,0.0,0.0
count_plus_BE_count,2,195,1.275618951767683,0.6261306662379427,-0.6494882855297404,P:9.9|P:9.6|P:10.0|B:10.1|B:10.2|B:10.10|E:10.7|E:11.10,8,3,3,2,1,1,1,1,1,1,0.375,1.0,0.375
count_plus_BE_count,2,112,0.8748807460069656,0.791530187241339,-0.08335055876562669,P:9.9|B:9.7|B:10.1|B:10.2|B:10.6|B:10.10|B:11.2|B:11.9|E:11.10,9,1,7,1,1,1,1,1,1,1,0.29166666666666663,0.16666666666666666,0.4375
count_plus_BE_count,2,188,0.19750071316957474,0.5924510673220691,0.39495035415249435,P:9.9|P:9.6|P:10.0|B:10.2|E:11.10,5,3,1,1,1,1,1,1,1,1,0.125,0.5,0.0625
count_plus_BE_count,2,72,0.3226247727870941,-0.2541834412955836,-0.5768082140826778,P:9.6|B:9.0|B:9.7|B:10.6|B:11.9,5,1,4,0,1,1,0,1,0,0,0.16666666666666666,0.0,0.0
count_plus_BE_count,2,25,-0.6552459336817265,-0.9374229847425701,-0.2821770510608437,B:10.2|E:11.10,2,0,1,1,0,1,1,0,0,1,0.0,0.0,0.0625
count_plus_BE_count,2,39,-1.902444377541542,-1.1762710895956558,0.7261732879458862,B:9.0|B:10.1|B:10.10|B:11.2|E:10.7|E:11.10,6,0,4,2,0,1,1,0,0,1,0.0,0.0,0.5
count_plus_BE_count,2,192,0.37901822477579117,-0.08867749828569771,-0.4676957230614889,P:9.9|P:9.6|P:10.0|B:10.1|E:10.7|E:11.10,6,3,1,2,1,1,1,1,1,1,0.125,1.0,0.125
count_plus_BE_count,2,100,-0.2131936363875866,0.6413702213093755,0.8545638576969621,P:9.6|P:10.0|B:9.0|B:9.7|B:10.1|B:10.2|B:10.6|B:10.10|B:11.2|B:11.9|E:10.7|E:11.10,12,2,8,2,1,1,1,1,1,1,0.6666666666666666,0.6666666666666666,1.0
count_plus_BE_count,2,132,0.7890389040112495,0.7294035892432343,-0.0596353147680152,P:9.9|P:10.0|B:9.7|B:10.1|B:10.2|B:11.2|E:11.10,7,2,4,1,1,1,1,1,1,1,0.3333333333333333,0.3333333333333333,0.25
count_plus_BE_count,2,226,1.454001609236002,1.4684606266217184,0.014459017385716422,P:9.9|P:9.6|P:10.0|B:9.0|B:9.7|B:10.6|B:10.10|B:11.9|E:10.7,9,3,5,1,1,1,1,1,1,1,0.625,0.5,0.3125
count_plus_BE_count,2,216,1.325690682977438,1.1613161594723806,-0.16437452350505732,P:9.9|P:9.6|P:10.0|B:9.0|B:10.2|B:10.6|E:10.7,7,3,3,1,1,1,1,1,1,1,0.375,0.5,0.1875
count_plus_BE_count,2,184,0.9177334345877171,0.27204426759278144,-0.6456891669949356,P:9.9|P:9.6|P:10.0|B:10.10|B:11.2|B:11.9|E:10.7|E:11.10,8,3,3,2,1,1,1,1,1,1,0.375,1.0,0.375
count_plus_BE_count,2,33,-1.4734752662479877,-0.6486321287655765,0.8248431374824112,B:9.7|B:10.1|B:10.6|B:10.10|B:11.2|E:10.7|E:11.10,7,0,5,2,0,1,1,0,0,1,0.0,0.0,0.625
count_plus_BE_count,2,107,0.5038124993443489,0.16475118888563278,-0.3390613104587161,P:9.9|B:10.1|B:10.6|E:10.7,4,1,2,1,1,1,1,1,1,1,0.08333333333333333,0.16666666666666666,0.125
count_plus_BE_count,2,165,0.0528549998998642,-0.11947648295838009,-0.1723314828582443,P:9.9|P:9.6|B:9.7|B:10.1|B:10.6|B:11.2|E:10.7|E:11.10,8,2,4,2,1,1,1,1,1,1,0.3333333333333333,0.6666666666666666,0.5
count_plus_BE_count,2,43,0.25424106419086456,-0.07902122006035246,-0.333262284251217,B:9.0|B:9.7|B:10.6|B:10.10|B:11.2|B:11.9,6,0,6,0,0,1,0,0,0,0,0.0,0.0,0.0
count_plus_BE_count,2,71,-1.9208563305437565,-1.0082925098980802,0.9125638206456763,P:9.6|B:9.0|B:10.1|B:10.2|B:11.2|B:11.9|E:10.7|E:11.10,8,1,5,2,1,1,1,1,1,1,0.20833333333333331,0.3333333333333333,0.625
count_plus_BE_count,2,102,-0.7290077060461044,-1.0452754587773674,-0.31626775273126295,P:9.9|E:10.7|E:11.10,3,1,0,2,1,0,1,0,1,0,0.0,0.3333333333333333,0.0
count_plus_BE_count,2,196,1.6026018001139164,0.8764923783873165,-0.7261094217265999,P:9.9|P:9.6|P:10.0|B:10.1|B:10.2|B:10.10|B:11.2|B:11.9|E:10.7|E:11.10,10,3,5,2,1,1,1,1,1,1,0.625,1.0,0.625
count_plus_BE_count,2,214,1.3109852150082588,0.5421792394257491,-0.7688059755825097,P:9.9|P:9.6|P:10.0|B:9.0|B:10.6|B:10.10|B:11.2|E:10.7|E:11.10,9,3,4,2,1,1,1,1,1,1,0.5,1.0,0.5
count_plus_BE_count,2,13,-0.7300628870725632,-1.2359523310521707,-0.5058894439796076,E:11.10,1,0,0,1,0,0,1,0,0,0,0.0,0.0,0.0
count_plus_BE_count,2,232,1.2487009689211845,0.8157588312650981,-0.43294213765608647,P:9.9|P:9.6|P:10.0|B:9.0|B:9.7|B:10.1|B:10.2|B:11.2|B:11.9|E:10.7|E:11.10,11,3,6,2,1,1,1,1,1,1,0.75,1.0,0.75
count_plus_BE_count,2,231,1.8862354047596455,1.1743938601117367,-0.7118415446479087,P:9.9|P:9.6|P:10.0|B:9.0|B:9.7|B:10.1|B:10.6|B:10.10|B:11.2|B:11.9|E:10.7|E:11.10,12,3,7,2,1,1,1,1,1,1,0.875,1.0,0.875
count_plus_BE_count,2,150,0.007378906011581418,-0.5705888831356326,-0.577967789147214,P:9.9|P:9.6|B:10.10|E:10.7|E:11.10,5,2,1,2,1,1,1,1,1,1,0.08333333333333333,0.6666666666666666,0.125
count_plus_BE_count,2,73,-0.7453505955636501,-0.0635532405950141,0.681797354968636,P:9.6|B:9.0|B:9.7|B:10.1|B:10.2|B:10.6|B:10.10|B:11.9|E:10.7|E:11.10,10,1,7,2,1,1,1,1,1,1,0.29166666666666663,0.3333333333333333,0.875
count_plus_BE_count,2,147,-0.8010351993143559,-0.9181912373300095,-0.11715603801565366,P:9.9|P:9.6|B:11.2|E:10.7|E:11.10,5,2,1,2,1,1,1,1,1,1,0.08333333333333333,0.6666666666666666,0.125
count_plus_BE_count,2,202,1.0955001190304756,0.9468403800897672,-0.14865973894070839,P:9.9|P:9.6|P:10.0|B:9.7|B:10.10|E:10.7,6,3,2,1,1,1,1,1,1,1,0.25,0.5,0.125
count_plus_BE_count,2,12,-1.0317822992801666,-0.9813334707668264,0.050448828513340205,E:10.7,1,0,0,1,0,0,1,0,0,0,0.0,0.0,0.0
count_plus_BE_count,2,82,-0.03239645063877106,-0.33088259102601003,-0.298486140387239,P:9.6|P:10.0|B:10.6|E:11.10,4,2,1,1,1,1,1,1,1,1,0.08333333333333333,0.3333333333333333,0.0625
count_plus_BE_count,2,31,-0.23759472742676735,-0.5528185964968771,-0.3152238690701098,B:9.7|B:10.6|B:10.10|B:11.2|E:11.10,5,0,4,1,0,1,1,0,0,1,0.0,0.0,0.25
count_plus_BE_count,2,153,0.2724653035402298,0.5887504169722502,0.31628511343202037,P:9.9|P:9.6|B:10.2,3,2,1,0,1,1,0,1,0,0,0.08333333333333333,0.0,0.0
count_plus_BE_count,2,29,-2.1579615026712418,-1.6117152684067504,0.5462462342644914,B:9.7|B:11.2|E:10.7|E:11.10,4,0,2,2,0,1,1,0,0,1,0.0,0.0,0.25
count_plus_BE_count,2,172,0.1690041534602642,0.5091539955878123,0.34014984212754806,P:9.9|P:9.6|B:9.0|B:9.7|B:10.2|B:11.2,6,2,4,0,1,1,0,1,0,0,0.3333333333333333,0.0,0.0
count_plus_BE_count,2,118,-0.11092682182788849,-0.35220234810103546,-0.24127552627314697,P:9.9|P:10.0|E:10.7|E:11.10,4,2,0,2,1,0,1,0,1,0,0.0,0.6666666666666666,0.0
count_plus_BE_count,2,186,0.5278505198657513,0.09989877867106811,-0.42795174119468316,P:9.9|P:9.6|P:10.0|B:10.6|E:10.7|E:11.10,6,3,1,2,1,1,1,1,1,1,0.125,1.0,0.125
count_plus_BE_count,2,79,-1.4608745947480202,-1.1994415182672846,0.26143307648073555,P:9.6|P:10.0|B:11.2|E:10.7|E:11.10,5,2,1,2,1,1,1,1,1,1,0.08333333333333333,0.6666666666666666,0.125
count_plus_BE_count,2,139,1.478417843580246,1.4984531509406498,0.02003530736040382,P:9.9|P:10.0|B:9.0|B:10.1|B:10.2|B:10.6|B:10.10|B:11.2,8,2,6,0,1,1,0,1,0,0,0.5,0.0,0.0
count_plus_BE_count,2,178,0.785550020635128,0.548540581297813,-0.237009439337315,P:9.9|P:9.6|P:10.0|E:10.7,4,3,0,1,1,0,1,0,1,0,0.0,0.5,0.0
count_plus_BE_count,2,16,-1.3794433288276196,0.03401215101701971,1.4134554798446393,B:9.0|B:9.7|B:10.1|B:10.2|B:10.6|B:10.10|B:11.2|B:11.9|E:10.7|E:11.10,10,0,8,2,0,1,1,0,0,1,0.0,0.0,1.0
count_plus_BE_count,3,110,0.5567262880504131,0.5392948551397457,-0.0174314329106674,P:9.9|B:9.7|B:10.10,3,1,2,0,1,1,0,1,0,0,0.08333333333333333,0.0,0.0
count_plus_BE_count,3,116,0.6422114297747612,1.0214428508289188,0.37923142105415764,P:9.9|P:10.0,2,2,0,0,1,0,0,0,0,0,0.0,0.0,0.0
count_plus_BE_count,3,199,-0.008658107370138168,0.5349658491584459,0.5436239565285841,P:9.9|P:9.6|P:10.0|B:9.7|E:11.10,5,3,1,1,1,1,1,1,1,1,0.125,0.5,0.0625
count_plus_BE_count,3,236,1.3518722876906395,1.4214840081137425,0.06961172042310304,P:9.9|P:9.6|P:10.0|B:9.0|B:9.7|B:10.1|B:10.2|B:10.6|B:11.2|B:11.9|E:11.10,11,3,7,1,1,1,1,1,1,1,0.875,0.5,0.4375
count_plus_BE_count,3,176,0.47614696621894836,0.7312326205360979,0.2550856543171496,P:9.9|P:9.6|B:9.0|B:9.7|B:10.1|B:10.2|B:10.6|B:11.9|E:11.10,9,2,6,1,1,1,1,1,1,1,0.5,0.3333333333333333,0.375
count_plus_BE_count,3,185,0.7254875265061855,1.4820426135395508,0.7565550870333653,P:9.9|P:9.6|P:10.0|B:10.6,4,3,1,0,1,1,0,1,0,0,0.125,0.0,0.0
count_plus_BE_count,3,158,-0.3258376196026802,-0.7271827921243574,-0.40134517252167723,P:9.9|P:9.6|B:10.1|E:10.7|E:11.10,5,2,1,2,1,1,1,1,1,1,0.08333333333333333,0.6666666666666666,0.125
count_plus_BE_count,3,2,-0.1576346568763256,-0.5533494886691406,-0.39571483179281497,P:9.6,1,1,0,0,1,0,0,0,0,0,0.0,0.0,0.0
count_plus_BE_count,3,209,1.2488095052540302,1.6890813604095167,0.4402718551554865,P:9.9|P:9.6|P:10.0|B:9.7|B:10.1|B:10.2|B:10.6,7,3,4,0,1,1,0,1,0,0,0.5,0.0,0.0
count_plus_BE_count,3,92,-0.4412704110145569,-0.6840936928721157,-0.24282328185755886,P:9.6|P:10.0|B:9.0|B:11.2|E:11.10,5,2,2,1,1,1,1,1,1,1,0.16666666666666666,0.3333333333333333,0.125
count_plus_BE_count,3,98,1.0093169696629047,0.6886315556849643,-0.3206854139779405,P:9.6|P:10.0|B:9.0|B:9.7|B:10.1|B:10.2|B:10.6|B:10.10|B:11.2|B:11.9,10,2,8,0,1,1,0,1,0,0,0.6666666666666666,0.0,0.0
count_plus_BE_count,3,105,-0.6707933135330677,-0.6977486058924063,-0.02695529235933858,P:9.9|B:11.9|E:10.7|E:11.10,4,1,1,2,1,1,1,1,1,1,0.041666666666666664,0.3333333333333333,0.125
count_plus_BE_count,3,205,1.3846071772277355,1.2097494981566932,-0.17485767907104233,P:9.9|P:9.6|P:10.0|B:9.7|B:10.2|B:11.2|B:11.9|E:10.7,8,3,4,1,1,1,1,1,1,1,0.5,0.5,0.25
count_plus_BE_count,3,200,0.39837056398391724,0.059899166133340676,-0.33847139785057656,P:9.9|P:9.6|P:10.0|B:9.7|E:10.7|E:11.10,6,3,1,2,1,1,1,1,1,1,0.125,1.0,0.125
count_plus_BE_count,3,23,-0.8226649463176727,-0.6705978744888723,0.15206707182880042,B:10.6|E:10.7,2,0,1,1,0,1,1,0,0,1,0.0,0.0,0.0625
count_plus_BE_count,3,56,-0.4917997419834137,-0.2126562818062092,0.2791434601772045,P:10.0|B:9.0|B:10.1|B:11.2|B:11.9|E:10.7,6,1,4,1,1,1,1,1,1,1,0.16666666666666666,0.16666666666666666,0.25
count_plus_BE_count,3,159,0.029253222048282623,0.4578410666322837,0.42858784458400107,P:9.9|P:9.6|B:10.1|B:10.10|B:11.2,5,2,3,0,1,1,0,1,0,0,0.25,0.0,0.0
count_plus_BE_count,3,239,2.124457161873579,1.8640528605008466,-0.2604043013727324,P:9.9|P:9.6|P:10.0|B:9.0|B:9.7|B:10.1|B:10.2|B:10.6|B:10.10|B:11.2|B:11.9|E:10.7,12,3,8,1,1,1,1,1,1,1,1.0,0.5,0.5
count_plus_BE_count,3,63,-1.987990591675043,-1.8029376548659206,0.1850529368091225,P:9.6|E:10.7|E:11.10,3,1,0,2,1,0,1,0,1,0,0.0,0.3333333333333333,0.0
count_plus_BE_count,3,90,0.6627392582595348,0.12337018320607362,-0.5393690750534612,P:9.6|P:10.0|B:9.7|B:10.1|B:11.9,5,2,3,0,1,1,0,1,0,0,0.25,0.0,0.0
count_plus_BE_count,3,85,0.31950290501117706,0.16991640936228014,-0.14958649564889692,P:9.6|P:10.0|B:10.2|B:11.2|B:11.9,5,2,3,0,1,1,0,1,0,0,0.25,0.0,0.0
count_plus_BE_count,3,181,0.5778550244867802,1.1023847754823617,0.5245297509955815,P:9.9|P:9.6|P:10.0|B:11.2,4,3,1,0,1,1,0,1,0,0,0.125,0.0,0.0
count_plus_BE_count,3,146,-0.3059505894780159,0.28943719511997124,0.5953877845979871,P:9.9|P:9.6|B:11.2,3,2,1,0,1,1,0,1,0,0,0.08333333333333333,0.0,0.0
count_plus_BE_count,3,117,0.02911713346838951,0.30978225365340084,0.28066512018501133,P:9.9|P:10.0|E:11.10,3,2,0,1,1,0,1,0,1,0,0.0,0.3333333333333333,0.0
count_plus_BE_count,3,143,1.8553861118853092,1.3873234116759565,-0.4680627002093527,P:9.9|P:10.0|B:9.0|B:9.7|B:10.1|B:10.2|B:10.6|B:10.10|B:11.2|B:11.9|E:11.10,11,2,8,1,1,1,1,1,1,1,0.6666666666666666,0.3333333333333333,0.5
count_plus_BE_count,3,233,1.3947341851890087,1.5964932532563325,0.2017590680673238,P:9.9|P:9.6|P:10.0|B:9.0|B:9.7|B:10.1|B:10.2|B:10.10|B:11.2,9,3,6,0,1,1,0,1,0,0,0.75,0.0,0.0
count_plus_BE_count,3,97,-0.00730687752366066,0.28606989800826643,0.2933767755319271,P:9.6|P:10.0|B:9.0|B:9.7|B:10.1|B:10.2|B:11.2|B:11.9|E:10.7,9,2,6,1,1,1,1,1,1,1,0.5,0.3333333333333333,0.375
count_plus_BE_count,3,80,0.4240094982087612,0.2834550066320673,-0.14055449157669392,P:9.6|P:10.0|B:10.10,3,2,1,0,1,1,0,1,0,0,0.08333333333333333,0.0,0.0
count_plus_BE_count,3,203,1.0001394301652908,1.6245808629471712,0.6244414327818804,P:9.9|P:9.6|P:10.0|B:9.7|B:10.6|B:10.10,6,3,3,0,1,1,0,1,0,0,0.375,0.0,0.0
count_plus_BE_count,3,182,-0.11927512288093567,0.45358506430300094,0.5728601871839366,P:9.9|P:9.6|P:10.0|B:11.2|E:11.10,5,3,1,1,1,1,1,1,1,1,0.125,0.5,0.0625
count_plus_BE_count,3,17,0.46299997344613075,1.245301125059253,0.7823011516131222,P:9.9|P:9.6|P:10.0,3,3,0,0,1,0,0,0,0,0,0.0,0.0,0.0
count_plus_BE_count,3,108,-0.32360805571079254,-0.2206949933290171,0.10291306238177544,P:9.9|B:10.1|B:10.2|B:11.2|E:11.10,5,1,3,1,1,1,1,1,1,1,0.125,0.16666666666666666,0.1875
count_plus_BE_count,3,44,0.4107043147087097,-0.3736046529852539,-0.7843089676939636,B:9.0|B:9.7|B:10.1|B:10.10,4,0,4,0,0,1,0,0,0,0,0.0,0.0,0.0
count_plus_BE_count,3,148,-0.35026708617806435,-0.046968645482095395,0.30329844069596895,P:9.9|P:9.6|B:10.10|E:11.10,4,2,1,1,1,1,1,1,1,1,0.08333333333333333,0.3333333333333333,0.0625
count_plus_BE_count,3,5,0.18057629838585854,-0.5729463911058112,-0.7535226894916698,B:9.7,1,0,1,0,0,1,0,0,0,0,0.0,0.0,0.0
count_plus_BE_count,3,129,0.762895978987217,0.4510792858914934,-0.3118166930957236,P:9.9|P:10.0|B:9.7|B:10.2|B:10.6|E:10.7|E:11.10,7,2,3,2,1,1,1,1,1,1,0.25,0.6666666666666666,0.375
count_plus_BE_count,3,194,1.2136539109051228,1.138279691157515,-0.07537421974760772,P:9.9|P:9.6|P:10.0|B:10.1|B:10.2|B:11.9|E:10.7,7,3,3,1,1,1,1,1,1,1,0.375,0.5,0.1875
count_plus_BE_count,3,42,-0.46380022168159485,-0.8488460445601899,-0.385045822878595,B:9.0|B:9.7|B:10.10|B:11.2|B:11.9|E:11.10,6,0,5,1,0,1,1,0,0,1,0.0,0.0,0.3125
count_plus_BE_count,3,183,0.8049454912543297,1.3490993188154397,0.54415382756111,P:9.9|P:9.6|P:10.0|B:10.10|B:11.2,5,3,2,0,1,1,0,1,0,0,0.25,0.0,0.0
count_plus_BE_count,3,28,0.2634904868900776,-0.2507498864771549,-0.5142403733672325,B:10.1|B:10.2|B:10.10,3,0,3,0,0,1,0,0,0,0,0.0,0.0,0.0
count_plus_BE_count,3,45,-0.5084521621465683,-0.005136316129814522,0.5033158460167537,B:9.0|B:9.7|B:10.1|B:10.6|B:10.10|B:11.2|B:11.9|E:10.7,8,0,7,1,0,1,1,0,0,1,0.0,0.0,0.4375
count_plus_BE_count,3,61,-1.0373320244252682,0.11402133346924215,1.1513533578945103,P:10.0|B:9.0|B:9.7|B:10.1|B:10.2|B:10.6|B:11.2|B:11.9|E:10.7|E:11.10,10,1,7,2,1,1,1,1,1,1,0.29166666666666663,0.3333333333333333,0.875
count_plus_BE_count,3,94,-0.49759408831596375,0.2479339761766397,0.7455280644926034,P:9.6|P:10.0|B:9.0|B:10.1|B:10.6|B:10.10|B:11.2|B:11.9|E:10.7|E:11.10,10,2,6,2,1,1,1,1,1,1,0.5,0.6666666666666666,0.75
count_plus_BE_count,3,166,0.34098824113607407,-0.41042145133761465,-0.7514096924736887,P:9.9|P:9.6|B:9.7|B:10.1|B:10.2|E:10.7|E:11.10,7,2,3,2,1,1,1,1,1,1,0.25,0.6666666666666666,0.375
count_plus_BE_count,3,54,0.02327965945005417,-0.648729836333199,-0.6720094957832532,P:10.0|B:10.1|E:11.10,3,1,1,1,1,1,1,1,1,1,0.041666666666666664,0.16666666666666666,0.0625
count_plus_BE_count,3,41,-2.0931180715560913,-1.3250277473893723,0.768090324166719,B:9.0|B:9.7|B:11.2|B:11.9|E:10.7|E:11.10,6,0,4,2,0,1,1,0,0,1,0.0,0.0,0.5
count_plus_BE_count,3,180,0.22938881069421768,0.19343664263873284,-0.035952168055484846,P:9.9|P:9.6|P:10.0|B:11.9|E:10.7|E:11.10,6,3,1,2,1,1,1,1,1,1,0.125,1.0,0.125
count_plus_BE_count,3,137,0.9683080837130547,1.0006477867670798,0.032339703054025115,P:9.9|P:10.0|B:9.0|B:10.1|B:10.2|B:11.2,6,2,4,0,1,1,0,1,0,0,0.3333333333333333,0.0,0.0
count_plus_BE_count,4,135,0.3180081695318222,0.4601156345265835,0.1421074649947613,P:9.9|P:10.0|B:9.0|B:10.6|B:11.9|E:10.7|E:11.10,7,2,3,2,1,1,1,1,1,1,0.25,0.6666666666666666,0.375
count_plus_BE_count,4,37,-2.092911761254072,-1.2288397965833795,0.8640719646706927,B:9.0|B:10.2|E:10.7|E:11.10,4,0,2,2,0,1,1,0,0,1,0.0,0.0,0.25
count_plus_BE_count,4,91,0.38466572016477585,0.12053779515040852,-0.2641279250143673,P:9.6|P:10.0|B:9.0|B:11.9,4,2,2,0,1,1,0,1,0,0,0.16666666666666666,0.0,0.0
count_plus_BE_count,4,113,-0.6673449911177158,-0.5378654580433925,0.12947953307432336,P:9.9|B:9.0|B:9.7|B:11.2|B:11.9|E:10.7|E:11.10,7,1,4,2,1,1,1,1,1,1,0.16666666666666666,0.3333333333333333,0.5
count_plus_BE_count,4,38,-0.12388213351368904,-0.09883611755068789,0.025046015963001156,B:9.0|B:10.2|B:10.10|B:11.2|B:11.9,5,0,5,0,0,1,0,0,0,0,0.0,0.0,0.0
count_plus_BE_count,4,62,-0.96882164478302,-1.2650136263677887,-0.29619198158476867,P:9.6|E:11.10,2,1,0,1,1,0,1,0,1,0,0.0,0.16666666666666666,0.0
count_plus_BE_count,4,57,-1.3938638791441917,-0.6324103768363057,0.761453502307886,P:10.0|B:9.0|B:10.1|B:10.2|E:10.7|E:11.10,6,1,3,2,1,1,1,1,1,1,0.125,0.3333333333333333,0.375
count_plus_BE_count,4,190,0.7528919950127602,0.8484767848018873,0.0955847897891271,P:9.9|P:9.6|P:10.0|B:10.2|B:10.6|B:11.2|E:11.10,7,3,3,1,1,1,1,1,1,1,0.375,0.5,0.1875
count_plus_BE_count,4,164,0.30114129185676575,0.6489387928669073,0.3477975010101415,P:9.9|P:9.6|B:9.7|B:10.1|B:10.10|B:11.2|B:11.9,7,2,5,0,1,1,0,1,0,0,0.41666666666666663,0.0,0.0
count_plus_BE_count,4,221,0.5948651321232319,0.7409133962866972,0.14604826416346528,P:9.9|P:9.6|P:10.0|B:9.0|B:10.1|B:10.2|B:11.2|E:11.10,8,3,4,1,1,1,1,1,1,1,0.5,0.5,0.25
count_plus_BE_count,4,1,0.1935817413032055,0.2368969455030765,0.043315204199871005,P:9.9,1,1,0,0,1,0,0,0,0,0,0.0,0.0,0.0
count_plus_BE_count,4,53,-0.06579641252756119,-0.3226113862190625,-0.2568149736915013,P:10.0|B:10.2|B:11.9|E:11.10,4,1,2,1,1,1,1,1,1,1,0.08333333333333333,0.16666666666666666,0.125
count_plus_BE_count,4,126,0.9073482267558575,0.9278397662555828,0.020491539499725375,P:9.9|P:10.0|B:10.1|B:10.2|E:10.7,5,2,2,1,1,1,1,1,1,1,0.16666666666666666,0.3333333333333333,0.125
count_plus_BE_count,4,14,-2.1500720120966434,-1.552431506204149,0.5976405058924945,E:10.7|E:11.10,2,0,0,2,0,0,1,0,0,0,0.0,0.0,0.0
count_plus_BE_count,4,40,0.43496930971741676,0.07255057072263231,-0.36241873899478444,B:9.0|B:10.1|B:10.6|B:10.10,4,0,4,0,0,1,0,0,0,0,0.0,0.0,0.0
count_plus_BE_count,4,234,1.2642529793083668,1.6688639367492064,0.40461095744083964,P:9.9|P:9.6|P:10.0|B:9.0|B:9.7|B:10.1|B:10.2|B:10.6,8,3,5,0,1,1,0,1,0,0,0.625,0.0,0.0
count_plus_BE_count,4,34,-0.4527350068092346,-0.016149814573910792,0.4365851922353238,B:9.7|B:10.1|B:10.2|B:10.10|B:11.9|E:10.7,6,0,5,1,0,1,1,0,0,1,0.0,0.0,0.3125
count_plus_BE_count,4,99,0.8856487385928631,0.5215003713097477,-0.3641483672831154,P:9.6|P:10.0|B:9.0|B:9.7|B:10.1|B:10.2|B:10.6|B:10.10|B:11.2|B:11.9|E:11.10,11,2,8,1,1,1,1,1,1,1,0.6666666666666666,0.3333333333333333,0.5
count_plus_BE_count,4,109,0.5982384718954563,0.4474461292252367,-0.15079234267021963,P:9.9|B:10.1|B:10.2|B:10.6|B:10.10|B:11.2|E:11.10,7,1,5,1,1,1,1,1,1,1,0.20833333333333331,0.16666666666666666,0.3125
count_plus_BE_count,4,49,-0.5108466930687428,0.22533851877614813,0.7361852118448908,B:9.0|B:9.7|B:10.1|B:10.2|B:10.6|B:10.10|B:11.2|B:11.9|E:10.7,9,0,8,1,0,1,1,0,0,1,0.0,0.0,0.5
count_plus_BE_count,4,127,0.24340659379959106,0.33896159597229525,0.09555500217270418,P:9.9|P:10.0|B:9.7|E:11.10,4,2,1,1,1,1,1,1,1,1,0.08333333333333333,0.3333333333333333,0.0625
count_plus_BE_count,4,21,-2.0925130136311054,-1.4418705342273168,0.6506424794037886,B:11.9|E:10.7|E:11.10,3,0,1,2,0,1,1,0,0,1,0.0,0.0,0.125
count_plus_BE_count,4,227,1.6139287240803242,0.9380011476232607,-0.6759275764570635,P:9.9|P:9.6|P:10.0|B:9.0|B:9.7|B:10.6|B:10.10|B:11.2|B:11.9|E:10.7|E:11.10,11,3,6,2,1,1,1,1,1,1,0.75,1.0,0.75
count_plus_BE_count,4,167,0.3539474345743656,0.16184414809381437,-0.19210328648055125,P:9.9|P:9.6|B:9.0|B:11.9|E:10.7,5,2,2,1,1,1,1,1,1,1,0.16666666666666666,0.3333333333333333,0.125
count_plus_BE_count,4,125,1.1199581176042557,1.2340670009286474,0.11410888332439173,P:9.9|P:10.0|B:10.1|B:10.6|B:11.2|B:11.9,6,2,4,0,1,1,0,1,0,0,0.3333333333333333,0.0,0.0
count_plus_BE_count,4,170,0.3828652650117874,0.6718466426269747,0.2889813776151873,P:9.9|P:9.6|B:9.0|B:10.1|B:10.6,5,2,3,0,1,1,0,1,0,0,0.25,0.0,0.0
count_plus_BE_count,4,66,0.09258740022778511,-0.29563762721220077,-0.3882250274399859,P:9.6|B:10.1|B:10.2|B:11.9,4,1,3,0,1,1,0,1,0,0,0.125,0.0,0.0
count_plus_BE_count,4,104,0.20134234055876732,-0.02090840493829227,-0.2222507454970596,P:9.9|B:11.9|E:10.7,3,1,1,1,1,1,1,1,1,1,0.041666666666666664,0.16666666666666666,0.0625
count_plus_BE_count,4,22,-0.9958479702472687,-1.1481354357758473,-0.15228746552857864,B:11.2|B:11.9|E:11.10,3,0,2,1,0,1,1,0,0,1,0.0,0.0,0.125
count_plus_BE_count,4,46,-0.23023967072367668,-0.34499912190753956,-0.11475945118386288,B:9.0|B:9.7|B:10.1|B:10.2|B:10.10|B:11.2|B:11.9|E:11.10,8,0,7,1,0,1,1,0,0,1,0.0,0.0,0.4375
count_plus_BE_count,4,111,-0.15740074962377548,-0.4059423374517598,-0.2485415878279843,P:9.9|B:9.7|B:10.6|E:10.7|E:11.10,5,1,2,2,1,1,1,1,1,1,0.08333333333333333,0.3333333333333333,0.25
count_plus_BE_count,4,70,-1.6255602352321148,-1.0130874524832492,0.6124727827488656,P:9.6|B:9.0|B:10.1|B:10.2|B:11.9|E:10.7|E:11.10,7,1,4,2,1,1,1,1,1,1,0.16666666666666666,0.3333333333333333,0.5
count_plus_BE_count,4,77,-1.3802263587713242,-0.9901838376496892,0.39004252112163496,P:9.6|P:10.0|E:10.7|E:11.10,4,2,0,2,1,0,1,0,1,0,0.0,0.6666666666666666,0.0
count_plus_BE_count,4,145,-0.9065218307077885,-0.250431759687412,0.6560900710203765,P:9.9|P:9.6|E:11.10,3,2,0,1,1,0,1,0,1,0,0.0,0.3333333333333333,0.0
count_plus_BE_count,4,207,1.1867230460047722,0.7454188763931126,-0.44130416961165964,P:9.9|P:9.6|P:10.0|B:9.7|B:10.1|B:10.10|B:11.9|E:10.7|E:11.10,9,3,4,2,1,1,1,1,1,1,0.5,1.0,0.5
count_plus_BE_count,4,189,0.5667572394013405,0.25048986168759035,-0.31626737771375013,P:9.9|P:9.6|P:10.0|B:10.2|E:10.7|E:11.10,6,3,1,2,1,1,1,1,1,1,0.125,1.0,0.125
count_plus_BE_count,4,20,2.3267794027924538,1.3758305422713537,-0.9509488605211001,P:9.9|P:9.6|P:10.0|B:9.0|B:9.7|B:10.1|B:10.2|B:10.6|B:10.10|B:11.2|B:11.9|E:10.7|E:11.10,13,3,8,2,1,1,1,1,1,1,1.0,1.0,1.0
count_plus_BE_count,4,175,0.43807394430041313,0.7079891856137769,0.26991524131336375,P:9.9|P:9.6|B:9.0|B:9.7|B:10.1|B:10.10,6,2,4,0,1,1,0,1,0,0,0.3333333333333333,0.0,0.0
count_plus_BE_count,4,67,0.1194758489727974,-0.4558961860407095,-0.5753720350135069,P:9.6|B:9.7|B:10.2,3,1,2,0,1,1,0,1,0,0,0.08333333333333333,0.0,0.0
count_plus_BE_count,4,121,0.8768309131264687,1.144396560534684,0.2675656474082153,P:9.9|P:10.0|B:10.6,3,2,1,0,1,1,0,1,0,0,0.08333333333333333,0.0,0.0
count_plus_BE_count,4,213,0.7374192625284195,1.2983781369667766,0.5609588744383571,P:9.9|P:9.6|P:10.0|B:9.0|B:10.6,5,3,2,0,1,1,0,1,0,0,0.25,0.0,0.0
count_plus_BE_count,4,211,0.1879602037370205,0.04446259369070282,-0.14349761004631767,P:9.9|P:9.6|P:10.0|B:9.0|E:10.7|E:11.10,6,3,1,2,1,1,1,1,1,1,0.125,1.0,0.125
count_plus_BE_count,4,133,1.7260217368602753,1.2262394896047106,-0.49978224725556464,P:9.9|P:10.0|B:9.7|B:10.1|B:10.2|B:10.6|B:10.10|B:11.2|E:11.10,9,2,6,1,1,1,1,1,1,1,0.5,0.3333333333333333,0.375
count_plus_BE_count,4,161,0.41517258435487747,-0.0397616647896879,-0.4549342491445654,P:9.9|P:9.6|B:10.1|B:10.2|B:10.10|B:11.2|E:10.7|E:11.10,8,2,4,2,1,1,1,1,1,1,0.3333333333333333,0.6666666666666666,0.5
count_plus_BE_count,4,65,-1.8147796541452408,-1.2336348059880016,0.5811448481572392,P:9.6|B:10.2|B:10.10|B:11.2|E:10.7|E:11.10,6,1,3,2,1,1,1,1,1,1,0.125,0.3333333333333333,0.375
count_plus_BE_count,4,220,1.2591385692358017,0.8877760523799558,-0.37136251685584587,P:9.9|P:9.6|P:10.0|B:9.0|B:10.1|B:10.6|B:10.10|E:10.7|E:11.10,9,3,4,2,1,1,1,1,1,1,0.5,1.0,0.5
count_plus_BE_count,4,47,0.18758106604218483,-0.058654616569041196,-0.24623568261122603,B:9.0|B:9.7|B:10.1|B:10.2|B:10.6|B:11.2,6,0,6,0,0,1,0,0,0,0,0.0,0.0,0.0
count_plus_all_pairs,0,122,0.3629409745335579,0.5745908489565144,0.21164987442295646,P:9.9|P:10.0|B:10.6|E:11.10,4,2,1,1,1,1,1,1,1,1,0.08333333333333333,0.3333333333333333,0.0625
count_plus_all_pairs,0,52,-1.6007909774780273,-1.1205946342217978,0.4801963432562295,P:10.0|B:10.2|E:10.7|E:11.10,4,1,1,2,1,1,1,1,1,1,0.041666666666666664,0.3333333333333333,0.125
count_plus_all_pairs,0,169,0.708813302218914,0.4099402334730915,-0.29887306874582253,P:9.9|P:9.6|B:9.0|B:10.2|B:10.6|B:10.10|B:11.2|B:11.9|E:10.7|E:11.10,10,2,6,2,1,1,1,1,1,1,0.5,0.6666666666666666,0.75
count_plus_all_pairs,0,88,0.1200842633843422,0.007924796738707163,-0.11215946664563503,P:9.6|P:10.0|B:9.7|B:10.6|B:11.2|B:11.9|E:11.10,7,2,4,1,1,1,1,1,1,1,0.3333333333333333,0.3333333333333333,0.25
count_plus_all_pairs,0,162,0.49946876987814903,0.08202921684948511,-0.4174395530286639,P:9.9|P:9.6|B:10.1|B:10.2|B:10.6|E:10.7|E:11.10,7,2,3,2,1,1,1,1,1,1,0.25,0.6666666666666666,0.375
count_plus_all_pairs,0,197,1.1613009199500084,1.1667228181911806,0.005421898241172229,P:9.9|P:9.6|P:10.0|B:10.1|B:10.2|B:10.6|E:10.7|E:11.10,8,3,3,2,1,1,1,1,1,1,0.375,1.0,0.375
count_plus_all_pairs,0,206,1.1710864640772343,1.1955268206071947,0.02444035652996046,P:9.9|P:9.6|P:10.0|B:9.7|B:10.2|B:10.6|E:10.7|E:11.10,8,3,3,2,1,1,1,1,1,1,0.375,1.0,0.375
count_plus_all_pairs,0,225,1.2041504010558128,1.0032398785075283,-0.20091052254828456,P:9.9|P:9.6|P:10.0|B:9.0|B:9.7|B:10.6|B:11.2|B:11.9,8,3,5,0,1,1,0,1,0,0,0.625,0.0,0.0
count_plus_all_pairs,0,51,-0.7062482126057148,-0.5239891624709442,0.18225905013477062,P:10.0|B:11.2|E:10.7,3,1,1,1,1,1,1,1,1,1,0.041666666666666664,0.16666666666666666,0.0625
count_plus_all_pairs,0,3,0.42918625101447105,0.19466624794600437,-0.23452000306846668,P:10.0,1,1,0,0,1,0,0,0,0,0,0.0,0.0,0.0
count_plus_all_pairs,0,68,-0.03323224559426308,-0.09570941010978545,-0.062477164515522376,P:9.6|B:9.7|B:10.1|B:10.10|B:11.2,5,1,4,0,1,1,0,1,0,0,0.16666666666666666,0.0,0.0
count_plus_all_pairs,0,237,1.4893603511154652,1.870901295471397,0.3815409443559319,P:9.9|P:9.6|P:10.0|B:9.0|B:9.7|B:10.1|B:10.2|B:10.6|B:10.10|B:11.9,10,3,7,0,1,1,0,1,0,0,0.875,0.0,0.0
count_plus_all_pairs,0,32,-0.6199087165296078,-0.36838578341873257,0.2515229331108752,B:9.7|B:10.2|B:10.10|E:10.7,4,0,3,1,0,1,1,0,0,1,0.0,0.0,0.1875
count_plus_all_pairs,0,134,0.43865132704377174,0.7910320129508365,0.35238068590706473,P:9.9|P:10.0|B:9.0|B:10.6|B:11.9|E:11.10,6,2,3,1,1,1,1,1,1,1,0.25,0.3333333333333333,0.1875
count_plus_all_pairs,0,6,0.11284342035651207,0.09135568731472263,-0.021487733041789442,B:10.1,1,0,1,0,0,1,0,0,0,0,0.0,0.0,0.0
count_plus_all_pairs,0,149,0.47060735896229744,0.14372480153754194,-0.32688255742475547,P:9.9|P:9.6|B:10.10|E:10.7,4,2,1,1,1,1,1,1,1,1,0.08333333333333333,0.3333333333333333,0.0625
count_plus_all_pairs,0,155,0.7810946628451347,0.650873294777574,-0.13022136806756068,P:9.9|P:9.6|B:10.2|B:10.6|B:10.10|B:11.2|E:10.7,7,2,4,1,1,1,1,1,1,1,0.3333333333333333,0.3333333333333333,0.25
count_plus_all_pairs,0,218,0.6303710080683231,0.8980558544531677,0.2676848463848446,P:9.9|P:9.6|P:10.0|B:9.0|B:10.1|B:10.10,6,3,3,0,1,1,0,1,0,0,0.375,0.0,0.0
count_plus_all_pairs,0,83,0.6069852113723755,0.32863384529787937,-0.2783513660744961,P:9.6|P:10.0|B:10.6|B:11.9,4,2,2,0,1,1,0,1,0,0,0.16666666666666666,0.0,0.0
count_plus_all_pairs,0,201,0.5236174315214157,0.6876323049822738,0.16401487346085808,P:9.9|P:9.6|P:10.0|B:9.7|B:11.2|B:11.9|E:10.7|E:11.10,8,3,3,2,1,1,1,1,1,1,0.375,1.0,0.375
count_plus_all_pairs,0,96,0.8413464911282063,0.6773011486773136,-0.16404534245089264,P:9.6|P:10.0|B:9.0|B:9.7|B:10.2|B:10.6|B:10.10|B:11.2,8,2,6,0,1,1,0,1,0,0,0.5,0.0,0.0
count_plus_all_pairs,0,89,0.0035700574517250057,-0.13594631871451174,-0.13951637616623674,P:9.6|P:10.0|B:9.7|B:10.2|E:11.10,5,2,2,1,1,1,1,1,1,1,0.16666666666666666,0.3333333333333333,0.125
count_plus_all_pairs,0,101,0.13574618473649025,-0.11876184265529698,-0.25450802739178724,P:9.9|E:10.7,2,1,0,1,1,0,1,0,1,0,0.0,0.16666666666666666,0.0
count_plus_all_pairs,0,60,0.8043079115450382,0.6765672744036503,-0.12774063714138795,P:10.0|B:9.0|B:9.7|B:10.1|B:10.2|B:10.6|B:11.2|B:11.9,8,1,7,0,1,1,0,1,0,0,0.29166666666666663,0.0,0.0
count_plus_all_pairs,0,222,2.0050816535949707,1.6467796669261339,-0.35830198666883684,P:9.9|P:9.6|P:10.0|B:9.0|B:10.1|B:10.2|B:10.6|B:10.10|B:11.2|E:10.7|E:11.10,11,3,6,2,1,1,1,1,1,1,0.75,1.0,0.75
count_plus_all_pairs,0,76,-0.3358710706233978,-0.6357545570763818,-0.299883486452984,P:9.6|P:10.0|E:11.10,3,2,0,1,1,0,1,0,1,0,0.0,0.3333333333333333,0.0
count_plus_all_pairs,0,144,-0.024949822574853897,0.042921871010360844,0.06787169358521475,P:9.9|P:9.6,2,2,0,0,1,0,0,0,0,0,0.0,0.0,0.0
count_plus_all_pairs,0,84,-0.024493630975484848,0.32964347376153125,0.3541371047370161,P:9.6|P:10.0|B:10.6|B:10.10|E:10.7,5,2,2,1,1,1,1,1,1,1,0.16666666666666666,0.3333333333333333,0.125
count_plus_all_pairs,0,215,0.6853511184453964,0.5607786908975737,-0.12457242754782272,P:9.9|P:9.6|P:10.0|B:9.0|B:10.2|B:11.2|E:10.7|E:11.10,8,3,3,2,1,1,1,1,1,1,0.375,1.0,0.375
count_plus_all_pairs,0,24,-1.9098994433879852,-1.872501041040478,0.03739840234750713,B:10.6|E:10.7|E:11.10,3,0,1,2,0,1,1,0,0,1,0.0,0.0,0.125
count_plus_all_pairs,0,136,0.734557755291462,0.86906586856329,0.1345081132718281,P:9.9|P:10.0|B:9.0|B:10.1,4,2,2,0,1,1,0,1,0,0,0.16666666666666666,0.0,0.0
count_plus_all_pairs,0,171,0.4481462836265564,-0.019310496236875863,-0.46745677986343226,P:9.9|P:9.6|B:9.0|B:10.1|B:10.2|B:10.10|B:11.2|E:10.7|E:11.10,9,2,5,2,1,1,1,1,1,1,0.41666666666666663,0.6666666666666666,0.625
count_plus_all_pairs,0,69,-1.431811336427927,-1.0014099424311276,0.43040139399679944,P:9.6|B:9.7|B:10.1|B:10.2|B:10.6|B:11.2|B:11.9|E:10.7|E:11.10,9,1,6,2,1,1,1,1,1,1,0.25,0.3333333333333333,0.75
count_plus_all_pairs,0,191,-0.00995168462395668,0.42418131330057174,0.4341329979245284,P:9.9|P:9.6|P:10.0|B:10.1|E:11.10,5,3,1,1,1,1,1,1,1,1,0.125,0.5,0.0625
count_plus_all_pairs,0,235,1.4840984642505646,1.3107769565066043,-0.17332150774396027,P:9.9|P:9.6|P:10.0|B:9.0|B:9.7|B:10.1|B:10.2|B:10.6|B:11.2,9,3,6,0,1,1,0,1,0,0,0.75,0.0,0.0
count_plus_all_pairs,0,95,-1.1356264613568783,-0.6741710276762568,0.4614554336806215,P:9.6|P:10.0|B:9.0|B:9.7|E:10.7|E:11.10,6,2,2,2,1,1,1,1,1,1,0.16666666666666666,0.6666666666666666,0.25
count_plus_all_pairs,0,87,-1.1586299277842045,-0.804720340436087,0.3539095873481175,P:9.6|P:10.0|B:9.7|E:10.7|E:11.10,5,2,1,2,1,1,1,1,1,1,0.08333333333333333,0.6666666666666666,0.125
count_plus_all_pairs,0,114,0.6210603751242161,0.4257976093201871,-0.19526276580402896,P:9.9|B:9.0|B:9.7|B:10.10|B:11.9|E:10.7,6,1,4,1,1,1,1,1,1,1,0.16666666666666666,0.16666666666666666,0.25
count_plus_all_pairs,0,229,1.1873903311789036,1.1893477616998744,0.00195743052097086,P:9.9|P:9.6|P:10.0|B:9.0|B:9.7|B:10.2|B:10.6,7,3,4,0,1,1,0,1,0,0,0.5,0.0,0.0
count_plus_all_pairs,0,219,0.8841039836406708,1.267255709515513,0.38315172587484225,P:9.9|P:9.6|P:10.0|B:9.0|B:10.1|B:10.6|B:10.10,7,3,4,0,1,1,0,1,0,0,0.5,0.0,0.0
count_plus_all_pairs,0,217,1.5335167162120342,1.5146669815690093,-0.018849734643024973,P:9.9|P:9.6|P:10.0|B:9.0|B:10.2|B:10.6|B:10.10|B:11.2|B:11.9|E:11.10,10,3,6,1,1,1,1,1,1,1,0.75,0.5,0.375
count_plus_all_pairs,0,4,0.0034867338836193063,-0.06392494241711122,-0.06741167630073053,B:9.0,1,0,1,0,0,1,0,0,0,0,0.0,0.0,0.0
count_plus_all_pairs,0,130,1.2399504967033863,1.1396856849558723,-0.100264811747514,P:9.9|P:10.0|B:9.7|B:10.2|B:10.6|B:11.2|E:10.7,7,2,4,1,1,1,1,1,1,1,0.3333333333333333,0.3333333333333333,0.25
count_plus_all_pairs,0,228,1.1373955719172955,0.8723365169084982,-0.26505905500879723,P:9.9|P:9.6|P:10.0|B:9.0|B:9.7|B:10.2|B:11.2|B:11.9,8,3,5,0,1,1,0,1,0,0,0.625,0.0,0.0
count_plus_all_pairs,0,128,1.061413548886776,1.2324202528696842,0.17100670398290818,P:9.9|P:10.0|B:9.7|B:10.6,4,2,2,0,1,1,0,1,0,0,0.16666666666666666,0.0,0.0
count_plus_all_pairs,0,15,0.35023678094148636,0.3519608196556492,0.0017240387141628233,B:9.0|B:9.7|B:10.1|B:10.2|B:10.6|B:10.10|B:11.2|B:11.9,8,0,8,0,0,1,0,0,0,0,0.0,0.0,0.0
count_plus_all_pairs,0,124,0.904553011059761,1.2653166903207846,0.3607636792610236,P:9.9|P:10.0|B:10.1|B:10.10|B:11.9,5,2,3,0,1,1,0,1,0,0,0.25,0.0,0.0
count_plus_all_pairs,0,93,0.3689284063875675,0.250312250785255,-0.11861615560231253,P:9.6|P:10.0|B:9.0|B:10.6|B:10.10|B:11.9|E:11.10,7,2,4,1,1,1,1,1,1,1,0.3333333333333333,0.3333333333333333,0.25
count_plus_all_pairs,1,50,-0.5812592878937721,-0.372138301952041,0.20912098594173112,P:10.0|E:10.7,2,1,0,1,1,0,1,0,1,0,0.0,0.16666666666666666,0.0
count_plus_all_pairs,1,106,-0.08755524829030037,0.38228924844014767,0.46984449673044804,P:9.9|B:11.2,2,1,1,0,1,1,0,1,0,0,0.041666666666666664,0.0,0.0
count_plus_all_pairs,1,230,1.7152394354343414,1.8117712200859244,0.09653178465158296,P:9.9|P:9.6|P:10.0|B:9.0|B:9.7|B:10.2|B:10.6|B:10.10|B:11.2|B:11.9|E:11.10,11,3,7,1,1,1,1,1,1,1,0.875,0.5,0.4375
count_plus_all_pairs,1,160,0.06055968999862671,0.5113188238554247,0.450759133856798,P:9.9|P:9.6|B:10.1|B:10.6|B:10.10|B:11.2|E:11.10,7,2,4,1,1,1,1,1,1,1,0.3333333333333333,0.3333333333333333,0.25
count_plus_all_pairs,1,48,-1.093090582638979,-1.3167452028056486,-0.2236546201666696,B:9.0|B:9.7|B:10.1|B:10.2|B:10.6|B:10.10|B:11.9|E:10.7|E:11.10,9,0,7,2,0,1,1,0,0,1,0.0,0.0,0.875
count_plus_all_pairs,1,198,0.6584309488534927,0.4260547616939531,-0.23237618715953962,P:9.9|P:9.6|P:10.0|B:9.7,4,3,1,0,1,1,0,1,0,0,0.125,0.0,0.0
count_plus_all_pairs,1,168,0.2776085212826729,0.6786262568776704,0.40101773559499754,P:9.9|P:9.6|B:9.0|B:10.2|B:10.10|B:11.2|B:11.9,7,2,5,0,1,1,0,1,0,0,0.41666666666666663,0.0,0.0
count_plus_all_pairs,1,64,-1.8848259001970291,-1.7153332759171458,0.16949262427988332,P:9.6|B:10.2|E:10.7|E:11.10,4,1,1,2,1,1,1,1,1,1,0.041666666666666664,0.3333333333333333,0.125
count_plus_all_pairs,1,7,0.04607735201716423,0.2667486863128955,0.22067133429573127,B:10.2,1,0,1,0,0,1,0,0,0,0,0.0,0.0,0.0
count_plus_all_pairs,1,75,0.32792340219020844,-0.21093737610532043,-0.5388607782955288,P:9.6|P:10.0,2,2,0,0,1,0,0,0,0,0,0.0,0.0,0.0
count_plus_all_pairs,1,174,0.0011423192918300629,-0.11830195602276539,-0.11944427531459545,P:9.9|P:9.6|B:9.0|B:9.7|B:10.1|B:11.9|E:10.7|E:11.10,8,2,4,2,1,1,1,1,1,1,0.3333333333333333,0.6666666666666666,0.5
count_plus_all_pairs,1,154,-0.12619714811444283,-0.48259158088644283,-0.356394432772,P:9.9|P:9.6|B:10.2|E:10.7|E:11.10,5,2,1,2,1,1,1,1,1,1,0.08333333333333333,0.6666666666666666,0.125
count_plus_all_pairs,1,142,1.7428619898855686,1.7110146995049749,-0.03184729038059375,P:9.9|P:10.0|B:9.0|B:9.7|B:10.1|B:10.2|B:10.6|B:10.10|B:11.2|B:11.9,10,2,8,0,1,1,0,1,0,0,0.6666666666666666,0.0,0.0
count_plus_all_pairs,1,10,-0.3037194274365902,-0.052630093864728306,0.2510893335718619,B:11.2,1,0,1,0,0,1,0,0,0,0,0.0,0.0,0.0
count_plus_all_pairs,1,9,0.12788828462362287,0.36456103409092516,0.2366727494673023,B:10.10,1,0,1,0,0,1,0,0,0,0,0.0,0.0,0.0
count_plus_all_pairs,1,177,-0.22630655765533447,0.2301704402890255,0.45647699794436,P:9.9|P:9.6|P:10.0|E:11.10,4,3,0,1,1,0,1,0,1,0,0.0,0.5,0.0
count_plus_all_pairs,1,36,0.2635531798005104,0.268770671054874,0.005217491254363604,B:9.0|B:10.6|B:11.9,3,0,3,0,0,1,0,0,0,0,0.0,0.0,0.0
count_plus_all_pairs,1,210,0.4698285423219204,0.2448679770662236,-0.2249605652556968,P:9.9|P:9.6|P:10.0|B:9.0,4,3,1,0,1,1,0,1,0,0,0.125,0.0,0.0
count_plus_all_pairs,1,138,1.083946779370308,0.8789465818041674,-0.20500019756614052,P:9.9|P:10.0|B:9.0|B:10.1|B:10.2|B:10.10|B:11.2|B:11.9|E:10.7|E:11.10,10,2,6,2,1,1,1,1,1,1,0.5,0.6666666666666666,0.75
count_plus_all_pairs,1,141,1.2822950780391693,1.2284070007528745,-0.053888077286294855,P:9.9|P:10.0|B:9.0|B:9.7|B:10.1|B:10.2|B:10.6|B:11.2|B:11.9|E:11.10,10,2,7,1,1,1,1,1,1,1,0.5833333333333333,0.3333333333333333,0.4375
count_plus_all_pairs,1,120,0.74381148442626,0.9713520607084507,0.2275405762821907,P:9.9|P:10.0|B:10.10,3,2,1,0,1,1,0,1,0,0,0.08333333333333333,0.0,0.0
count_plus_all_pairs,1,131,0.400036346167326,0.3654911724509266,-0.03454517371639937,P:9.9|P:10.0|B:9.7|B:10.1|B:11.9|E:10.7|E:11.10,7,2,3,2,1,1,1,1,1,1,0.25,0.6666666666666666,0.375
count_plus_all_pairs,1,30,-0.8866070061922073,-0.6991885381848018,0.18741846800740558,B:9.7|B:10.10|B:11.2|E:10.7,4,0,3,1,0,1,1,0,0,1,0.0,0.0,0.1875
count_plus_all_pairs,1,193,0.6254174932837486,0.8342021081901123,0.20878461490636369,P:9.9|P:9.6|P:10.0|B:10.1|B:10.10,5,3,2,0,1,1,0,1,0,0,0.25,0.0,0.0
count_plus_all_pairs,1,19,1.8685232289135456,1.7359753151756006,-0.13254791373794506,P:9.9|P:9.6|P:10.0|B:9.0|B:9.7|B:10.1|B:10.2|B:10.6|B:10.10|B:11.2|B:11.9,11,3,8,0,1,1,0,1,0,0,1.0,0.0,0.0
count_plus_all_pairs,1,204,1.4221223182976246,1.7336386261229757,0.3115163078253511,P:9.9|P:9.6|P:10.0|B:9.7|B:10.6|B:10.10|B:11.9|E:10.7,8,3,4,1,1,1,1,1,1,1,0.5,0.5,0.25
count_plus_all_pairs,1,27,-2.0526970140635967,-1.825560310284039,0.22713670377955775,B:10.2|B:11.9|E:10.7|E:11.10,4,0,2,2,0,1,1,0,0,1,0.0,0.0,0.25
count_plus_all_pairs,1,223,1.9471766948699951,1.9404490047793357,-0.006727690090659433,P:9.9|P:9.6|P:10.0|B:9.0|B:10.1|B:10.2|B:10.6|B:10.10|B:11.2|B:11.9|E:10.7,11,3,7,1,1,1,1,1,1,1,0.875,0.5,0.4375
count_plus_all_pairs,1,74,-0.022991657257080078,-0.2850018241945292,-0.2620101669374491,P:9.6|B:9.0|B:9.7|B:10.1|B:10.2|B:10.6|B:10.10|B:11.2|B:11.9|E:11.10,10,1,8,1,1,1,1,1,1,1,0.3333333333333333,0.16666666666666666,0.5
count_plus_all_pairs,1,208,0.6361530162394047,0.9031940868351517,0.267041070595747,P:9.9|P:9.6|P:10.0|B:9.7|B:10.1|B:10.2|E:11.10,7,3,3,1,1,1,1,1,1,1,0.375,0.5,0.1875
count_plus_all_pairs,1,224,0.5285060442984104,0.9357911310556574,0.40728508675724695,P:9.9|P:9.6|P:10.0|B:9.0|B:9.7|B:10.6|B:11.2|E:11.10,8,3,4,1,1,1,1,1,1,1,0.5,0.5,0.25
count_plus_all_pairs,1,173,0.6124220378696918,0.34543565714480795,-0.2669863807248839,P:9.9|P:9.6|B:9.0|B:9.7|B:10.2|B:10.6|B:11.9|E:10.7|E:11.10,9,2,5,2,1,1,1,1,1,1,0.41666666666666663,0.6666666666666666,0.625
count_plus_all_pairs,1,18,0.16123811528086662,0.17927171823271182,0.018033602951845196,P:9.9|P:9.6|P:10.0|E:10.7|E:11.10,5,3,0,2,1,0,1,0,1,0,0.0,1.0,0.0
count_plus_all_pairs,1,11,0.04421548917889595,0.19583614758095558,0.15162065840205963,B:11.9,1,0,1,0,0,1,0,0,0,0,0.0,0.0,0.0
count_plus_all_pairs,1,187,0.897874940186739,0.6545697353008342,-0.2433052048859048,P:9.9|P:9.6|P:10.0|B:10.6|B:11.2,5,3,2,0,1,1,0,1,0,0,0.25,0.0,0.0
count_plus_all_pairs,1,151,0.276092492043972,0.3960851268383161,0.11999263479434408,P:9.9|P:9.6|B:10.6,3,2,1,0,1,1,0,1,0,0,0.08333333333333333,0.0,0.0
count_plus_all_pairs,1,157,0.37768739834427834,-0.05653508482117811,-0.4342224831654564,P:9.9|P:9.6|B:10.1|E:10.7,4,2,1,1,1,1,1,1,1,1,0.08333333333333333,0.3333333333333333,0.0625
count_plus_all_pairs,1,59,0.9626401513814926,0.6281936696431298,-0.3344464817383628,P:10.0|B:9.0|B:9.7|B:10.1|B:10.6|B:11.9,6,1,5,0,1,1,0,1,0,0,0.20833333333333331,0.0,0.0
count_plus_all_pairs,1,103,0.26081952825188637,0.6307554898858315,0.36993596163394515,P:9.9|B:11.9,2,1,1,0,1,1,0,1,0,0,0.041666666666666664,0.0,0.0
count_plus_all_pairs,1,156,0.08269025757908821,0.15852637177194093,0.07583611419285272,P:9.9|P:9.6|B:10.1,3,2,1,0,1,1,0,1,0,0,0.08333333333333333,0.0,0.0
count_plus_all_pairs,1,123,0.7120838984847069,0.5272251584925568,-0.18485873999215008,P:9.9|P:10.0|B:10.1|B:11.2|E:10.7,5,2,2,1,1,1,1,1,1,1,0.16666666666666666,0.3333333333333333,0.125
count_plus_all_pairs,1,78,-1.3243667595088482,-0.8694181648436399,0.4549485946652083,P:9.6|P:10.0|B:11.9|E:10.7|E:11.10,5,2,1,2,1,1,1,1,1,1,0.08333333333333333,0.6666666666666666,0.125
count_plus_all_pairs,1,115,0.6769261583685875,0.952943098670486,0.2760169403018985,P:9.9|B:9.0|B:9.7|B:10.1|B:10.2|B:10.10|B:11.2|B:11.9,8,1,7,0,1,1,0,1,0,0,0.29166666666666663,0.0,0.0
count_plus_all_pairs,1,81,-0.23705962300300598,-0.13293244574594182,0.10412717725706416,P:9.6|P:10.0|B:10.10|E:10.7,4,2,1,1,1,1,1,1,1,1,0.08333333333333333,0.3333333333333333,0.0625
count_plus_all_pairs,1,58,0.9003594256937504,1.0343623210959294,0.13400289540217902,P:10.0|B:9.0|B:10.1|B:10.2|B:10.6|B:10.10|B:11.9,7,1,6,0,1,1,0,1,0,0,0.25,0.0,0.0
count_plus_all_pairs,1,8,0.20578551664948463,0.3626031048568067,0.15681758820732206,B:10.6,1,0,1,0,0,1,0,0,0,0,0.0,0.0,0.0
count_plus_all_pairs,1,212,0.9004754312336445,0.46632680528168885,-0.43414862595195564,P:9.9|P:9.6|P:10.0|B:9.0|B:11.2|E:10.7,6,3,2,1,1,1,1,1,1,1,0.25,0.5,0.125
count_plus_all_pairs,1,119,0.09514226019382477,0.4144917196053077,0.3193494594114829,P:9.9|P:10.0|B:11.9|E:11.10,4,2,1,1,1,1,1,1,1,1,0.08333333333333333,0.3333333333333333,0.0625
count_plus_all_pairs,2,163,-0.5653442852199078,0.09915485090028875,0.6644991361201965,P:9.9|P:9.6|B:9.7|B:10.2|B:11.2|E:11.10,6,2,3,1,1,1,1,1,1,1,0.25,0.3333333333333333,0.1875
count_plus_all_pairs,2,35,0.04845794662833214,0.06258153143030784,0.014123584801975703,B:9.0|B:11.9,2,0,2,0,0,1,0,0,0,0,0.0,0.0,0.0
count_plus_all_pairs,2,140,1.2962299212813377,1.0954227829463687,-0.200807138334969,P:9.9|P:10.0|B:9.0|B:9.7|B:10.1|B:10.2|B:10.10|B:11.2|B:11.9|E:10.7|E:11.10,11,2,7,2,1,1,1,1,1,1,0.5833333333333333,0.6666666666666666,0.875
count_plus_all_pairs,2,26,-0.9894405044615269,-0.7119206860537498,0.27751981840777706,B:10.2|E:10.7,2,0,1,1,0,1,1,0,0,1,0.0,0.0,0.0625
count_plus_all_pairs,2,152,-0.15340392664074898,-0.46273311215441404,-0.30932918551366506,P:9.9|P:9.6|B:10.6|E:10.7|E:11.10,5,2,1,2,1,1,1,1,1,1,0.08333333333333333,0.6666666666666666,0.125
count_plus_all_pairs,2,179,0.8624304980039597,0.5679724782564151,-0.2944580197475446,P:9.9|P:9.6|P:10.0|B:11.9|E:10.7,5,3,1,1,1,1,1,1,1,1,0.125,0.5,0.0625
count_plus_all_pairs,2,86,-0.13070636987686157,-0.576738009407389,-0.4460316395305274,P:9.6|P:10.0|B:10.1|E:11.10,4,2,1,1,1,1,1,1,1,1,0.08333333333333333,0.3333333333333333,0.0625
count_plus_all_pairs,2,238,2.212401542812586,1.922951728432921,-0.2894498143796649,P:9.9|P:9.6|P:10.0|B:9.0|B:9.7|B:10.1|B:10.2|B:10.6|B:10.10|B:11.2|E:10.7|E:11.10,12,3,7,2,1,1,1,1,1,1,0.875,1.0,0.875
count_plus_all_pairs,2,55,0.44097353890538216,0.09630463866294367,-0.34466890024243846,P:10.0|B:9.0,2,1,1,0,1,1,0,1,0,0,0.041666666666666664,0.0,0.0
count_plus_all_pairs,2,195,1.275618951767683,1.0452236199392013,-0.2303953318284817,P:9.9|P:9.6|P:10.0|B:10.1|B:10.2|B:10.10|E:10.7|E:11.10,8,3,3,2,1,1,1,1,1,1,0.375,1.0,0.375
count_plus_all_pairs,2,112,0.8748807460069656,0.5911680336742536,-0.283712712332712,P:9.9|B:9.7|B:10.1|B:10.2|B:10.6|B:10.10|B:11.2|B:11.9|E:11.10,9,1,7,1,1,1,1,1,1,1,0.29166666666666663,0.16666666666666666,0.4375
count_plus_all_pairs,2,188,0.19750071316957474,0.4310100530586544,0.23350933988907968,P:9.9|P:9.6|P:10.0|B:10.2|E:11.10,5,3,1,1,1,1,1,1,1,1,0.125,0.5,0.0625
count_plus_all_pairs,2,72,0.3226247727870941,0.06876283022033403,-0.2538619425667601,P:9.6|B:9.0|B:9.7|B:10.6|B:11.9,5,1,4,0,1,1,0,1,0,0,0.16666666666666666,0.0,0.0
count_plus_all_pairs,2,25,-0.6552459336817265,-0.981359941197957,-0.32611400751623054,B:10.2|E:11.10,2,0,1,1,0,1,1,0,0,1,0.0,0.0,0.0625
count_plus_all_pairs,2,39,-1.902444377541542,-2.055602625912696,-0.15315824837115377,B:9.0|B:10.1|B:10.10|B:11.2|E:10.7|E:11.10,6,0,4,2,0,1,1,0,0,1,0.0,0.0,0.5
count_plus_all_pairs,2,192,0.37901822477579117,0.23022859198099044,-0.14878963279480073,P:9.9|P:9.6|P:10.0|B:10.1|E:10.7|E:11.10,6,3,1,2,1,1,1,1,1,1,0.125,1.0,0.125
count_plus_all_pairs,2,100,-0.2131936363875866,0.6338423417630489,0.8470359781506355,P:9.6|P:10.0|B:9.0|B:9.7|B:10.1|B:10.2|B:10.6|B:10.10|B:11.2|B:11.9|E:10.7|E:11.10,12,2,8,2,1,1,1,1,1,1,0.6666666666666666,0.6666666666666666,1.0
count_plus_all_pairs,2,132,0.7890389040112495,0.7686187338111875,-0.020420170200062038,P:9.9|P:10.0|B:9.7|B:10.1|B:10.2|B:11.2|E:11.10,7,2,4,1,1,1,1,1,1,1,0.3333333333333333,0.3333333333333333,0.25
count_plus_all_pairs,2,226,1.454001609236002,1.6738947846594217,0.21989317542341968,P:9.9|P:9.6|P:10.0|B:9.0|B:9.7|B:10.6|B:10.10|B:11.9|E:10.7,9,3,5,1,1,1,1,1,1,1,0.625,0.5,0.3125
count_plus_all_pairs,2,216,1.325690682977438,1.2380392040624613,-0.08765147891497671,P:9.9|P:9.6|P:10.0|B:9.0|B:10.2|B:10.6|E:10.7,7,3,3,1,1,1,1,1,1,1,0.375,0.5,0.1875
count_plus_all_pairs,2,184,0.9177334345877171,0.7416694677988964,-0.17606396678882064,P:9.9|P:9.6|P:10.0|B:10.10|B:11.2|B:11.9|E:10.7|E:11.10,8,3,3,2,1,1,1,1,1,1,0.375,1.0,0.375
count_plus_all_pairs,2,33,-1.4734752662479877,-1.6499755276842571,-0.1765002614362694,B:9.7|B:10.1|B:10.6|B:10.10|B:11.2|E:10.7|E:11.10,7,0,5,2,0,1,1,0,0,1,0.0,0.0,0.625
count_plus_all_pairs,2,107,0.5038124993443489,0.2532205226922382,-0.2505919766521107,P:9.9|B:10.1|B:10.6|E:10.7,4,1,2,1,1,1,1,1,1,1,0.08333333333333333,0.16666666666666666,0.125
count_plus_all_pairs,2,165,0.0528549998998642,0.019950821992272716,-0.03290417790759148,P:9.9|P:9.6|B:9.7|B:10.1|B:10.6|B:11.2|E:10.7|E:11.10,8,2,4,2,1,1,1,1,1,1,0.3333333333333333,0.6666666666666666,0.5
count_plus_all_pairs,2,43,0.25424106419086456,0.23514773283484955,-0.019093331356015014,B:9.0|B:9.7|B:10.6|B:10.10|B:11.2|B:11.9,6,0,6,0,0,1,0,0,0,0,0.0,0.0,0.0
count_plus_all_pairs,2,71,-1.9208563305437565,-1.421024466073242,0.4998318644705144,P:9.6|B:9.0|B:10.1|B:10.2|B:11.2|B:11.9|E:10.7|E:11.10,8,1,5,2,1,1,1,1,1,1,0.20833333333333331,0.3333333333333333,0.625
count_plus_all_pairs,2,102,-0.7290077060461044,-1.1782159213394854,-0.44920821529338095,P:9.9|E:10.7|E:11.10,3,1,0,2,1,0,1,0,1,0,0.0,0.3333333333333333,0.0
count_plus_all_pairs,2,196,1.6026018001139164,1.3471216718304089,-0.2554801282835075,P:9.9|P:9.6|P:10.0|B:10.1|B:10.2|B:10.10|B:11.2|B:11.9|E:10.7|E:11.10,10,3,5,2,1,1,1,1,1,1,0.625,1.0,0.625
count_plus_all_pairs,2,214,1.3109852150082588,1.0627903306894835,-0.24819488431877534,P:9.9|P:9.6|P:10.0|B:9.0|B:10.6|B:10.10|B:11.2|E:10.7|E:11.10,9,3,4,2,1,1,1,1,1,1,0.5,1.0,0.5
count_plus_all_pairs,2,13,-0.7300628870725632,-1.134962974766304,-0.40490008769374075,E:11.10,1,0,0,1,0,0,1,0,0,0,0.0,0.0,0.0
count_plus_all_pairs,2,232,1.2487009689211845,1.4156234874113616,0.16692251849017703,P:9.9|P:9.6|P:10.0|B:9.0|B:9.7|B:10.1|B:10.2|B:11.2|B:11.9|E:10.7|E:11.10,11,3,6,2,1,1,1,1,1,1,0.75,1.0,0.75
count_plus_all_pairs,2,231,1.8862354047596455,1.7904748984864747,-0.09576050627317079,P:9.9|P:9.6|P:10.0|B:9.0|B:9.7|B:10.1|B:10.6|B:10.10|B:11.2|B:11.9|E:10.7|E:11.10,12,3,7,2,1,1,1,1,1,1,0.875,1.0,0.875
count_plus_all_pairs,2,150,0.007378906011581418,-0.5204574135315183,-0.5278363195430997,P:9.9|P:9.6|B:10.10|E:10.7|E:11.10,5,2,1,2,1,1,1,1,1,1,0.08333333333333333,0.6666666666666666,0.125
count_plus_all_pairs,2,73,-0.7453505955636501,-0.6046996697757578,0.1406509257878923,P:9.6|B:9.0|B:9.7|B:10.1|B:10.2|B:10.6|B:10.10|B:11.9|E:10.7|E:11.10,10,1,7,2,1,1,1,1,1,1,0.29166666666666663,0.3333333333333333,0.875
count_plus_all_pairs,2,147,-0.8010351993143559,-0.839257881350733,-0.03822268203637713,P:9.9|P:9.6|B:11.2|E:10.7|E:11.10,5,2,1,2,1,1,1,1,1,1,0.08333333333333333,0.6666666666666666,0.125
count_plus_all_pairs,2,202,1.0955001190304756,1.0009918508042324,-0.09450826822624325,P:9.9|P:9.6|P:10.0|B:9.7|B:10.10|E:10.7,6,3,2,1,1,1,1,1,1,1,0.25,0.5,0.125
count_plus_all_pairs,2,12,-1.0317822992801666,-0.8655237196220968,0.16625857965806978,E:10.7,1,0,0,1,0,0,1,0,0,0,0.0,0.0,0.0
count_plus_all_pairs,2,82,-0.03239645063877106,-0.3712905624049282,-0.33889411176615714,P:9.6|P:10.0|B:10.6|E:11.10,4,2,1,1,1,1,1,1,1,1,0.08333333333333333,0.3333333333333333,0.0625
count_plus_all_pairs,2,31,-0.23759472742676735,-0.7421489566163919,-0.5045542291896246,B:9.7|B:10.6|B:10.10|B:11.2|E:11.10,5,0,4,1,0,1,1,0,0,1,0.0,0.0,0.25
count_plus_all_pairs,2,153,0.2724653035402298,0.36755919294311135,0.09509388940288155,P:9.9|P:9.6|B:10.2,3,2,1,0,1,1,0,1,0,0,0.08333333333333333,0.0,0.0
count_plus_all_pairs,2,29,-2.1579615026712418,-2.1892980239021544,-0.031336521230912684,B:9.7|B:11.2|E:10.7|E:11.10,4,0,2,2,0,1,1,0,0,1,0.0,0.0,0.25
count_plus_all_pairs,2,172,0.1690041534602642,0.5203862918097113,0.3513821383494471,P:9.9|P:9.6|B:9.0|B:9.7|B:10.2|B:11.2,6,2,4,0,1,1,0,1,0,0,0.3333333333333333,0.0,0.0
count_plus_all_pairs,2,118,-0.11092682182788849,-0.2594708633592724,-0.1485440415313839,P:9.9|P:10.0|E:10.7|E:11.10,4,2,0,2,1,0,1,0,1,0,0.0,0.6666666666666666,0.0
count_plus_all_pairs,2,186,0.5278505198657513,0.4356760389834512,-0.09217448088230007,P:9.9|P:9.6|P:10.0|B:10.6|E:10.7|E:11.10,6,3,1,2,1,1,1,1,1,1,0.125,1.0,0.125
count_plus_all_pairs,2,79,-1.4608745947480202,-1.1265888801176995,0.33428571463032064,P:9.6|P:10.0|B:11.2|E:10.7|E:11.10,5,2,1,2,1,1,1,1,1,1,0.08333333333333333,0.6666666666666666,0.125
count_plus_all_pairs,2,139,1.478417843580246,1.4706223163583596,-0.007795527221886367,P:9.9|P:10.0|B:9.0|B:10.1|B:10.2|B:10.6|B:10.10|B:11.2,8,2,6,0,1,1,0,1,0,0,0.5,0.0,0.0
count_plus_all_pairs,2,178,0.785550020635128,0.39985256833827193,-0.3856974522968561,P:9.9|P:9.6|P:10.0|E:10.7,4,3,0,1,1,0,1,0,1,0,0.0,0.5,0.0
count_plus_all_pairs,2,16,-1.3794433288276196,-1.3383525284255755,0.04109080040204405,B:9.0|B:9.7|B:10.1|B:10.2|B:10.6|B:10.10|B:11.2|B:11.9|E:10.7|E:11.10,10,0,8,2,0,1,1,0,0,1,0.0,0.0,1.0
count_plus_all_pairs,3,110,0.5567262880504131,0.8401270970653726,0.28340080901495945,P:9.9|B:9.7|B:10.10,3,1,2,0,1,1,0,1,0,0,0.08333333333333333,0.0,0.0
count_plus_all_pairs,3,116,0.6422114297747612,0.6641971258333164,0.02198569605855516,P:9.9|P:10.0,2,2,0,0,1,0,0,0,0,0,0.0,0.0,0.0
count_plus_all_pairs,3,199,-0.008658107370138168,0.3618604918695137,0.37051859923965186,P:9.9|P:9.6|P:10.0|B:9.7|E:11.10,5,3,1,1,1,1,1,1,1,1,0.125,0.5,0.0625
count_plus_all_pairs,3,236,1.3518722876906395,1.6247376004346565,0.27286531274401704,P:9.9|P:9.6|P:10.0|B:9.0|B:9.7|B:10.1|B:10.2|B:10.6|B:11.2|B:11.9|E:11.10,11,3,7,1,1,1,1,1,1,1,0.875,0.5,0.4375
count_plus_all_pairs,3,176,0.47614696621894836,0.9292166834191931,0.4530697172002447,P:9.9|P:9.6|B:9.0|B:9.7|B:10.1|B:10.2|B:10.6|B:11.9|E:11.10,9,2,6,1,1,1,1,1,1,1,0.5,0.3333333333333333,0.375
count_plus_all_pairs,3,185,0.7254875265061855,0.6114875458327937,-0.11399998067339179,P:9.9|P:9.6|P:10.0|B:10.6,4,3,1,0,1,1,0,1,0,0,0.125,0.0,0.0
count_plus_all_pairs,3,158,-0.3258376196026802,-0.598091556934625,-0.2722539373319448,P:9.9|P:9.6|B:10.1|E:10.7|E:11.10,5,2,1,2,1,1,1,1,1,1,0.08333333333333333,0.6666666666666666,0.125
count_plus_all_pairs,3,2,-0.1576346568763256,-0.3495905768740836,-0.19195591999775802,P:9.6,1,1,0,0,1,0,0,0,0,0,0.0,0.0,0.0
count_plus_all_pairs,3,209,1.2488095052540302,1.2855945147083814,0.03678500945435115,P:9.9|P:9.6|P:10.0|B:9.7|B:10.1|B:10.2|B:10.6,7,3,4,0,1,1,0,1,0,0,0.5,0.0,0.0
count_plus_all_pairs,3,92,-0.4412704110145569,-0.6422203101536694,-0.20094989913911254,P:9.6|P:10.0|B:9.0|B:11.2|E:11.10,5,2,2,1,1,1,1,1,1,1,0.16666666666666666,0.3333333333333333,0.125
count_plus_all_pairs,3,98,1.0093169696629047,0.7602099875451023,-0.24910698211780247,P:9.6|P:10.0|B:9.0|B:9.7|B:10.1|B:10.2|B:10.6|B:10.10|B:11.2|B:11.9,10,2,8,0,1,1,0,1,0,0,0.6666666666666666,0.0,0.0
count_plus_all_pairs,3,105,-0.6707933135330677,-0.9804385363277949,-0.30964522279472717,P:9.9|B:11.9|E:10.7|E:11.10,4,1,1,2,1,1,1,1,1,1,0.041666666666666664,0.3333333333333333,0.125
count_plus_all_pairs,3,205,1.3846071772277355,1.1754089060222395,-0.20919827120549606,P:9.9|P:9.6|P:10.0|B:9.7|B:10.2|B:11.2|B:11.9|E:10.7,8,3,4,1,1,1,1,1,1,1,0.5,0.5,0.25
count_plus_all_pairs,3,200,0.39837056398391724,0.3529551540531551,-0.04541540993076215,P:9.9|P:9.6|P:10.0|B:9.7|E:10.7|E:11.10,6,3,1,2,1,1,1,1,1,1,0.125,1.0,0.125
count_plus_all_pairs,3,23,-0.8226649463176727,-0.5800056082591011,0.24265933805857165,B:10.6|E:10.7,2,0,1,1,0,1,1,0,0,1,0.0,0.0,0.0625
count_plus_all_pairs,3,56,-0.4917997419834137,-0.2592237507868431,0.23257599119657058,P:10.0|B:9.0|B:10.1|B:11.2|B:11.9|E:10.7,6,1,4,1,1,1,1,1,1,1,0.16666666666666666,0.16666666666666666,0.25
count_plus_all_pairs,3,159,0.029253222048282623,0.3333706155687493,0.3041173935204667,P:9.9|P:9.6|B:10.1|B:10.10|B:11.2,5,2,3,0,1,1,0,1,0,0,0.25,0.0,0.0
count_plus_all_pairs,3,239,2.124457161873579,2.126635730285402,0.0021785684118231785,P:9.9|P:9.6|P:10.0|B:9.0|B:9.7|B:10.1|B:10.2|B:10.6|B:10.10|B:11.2|B:11.9|E:10.7,12,3,8,1,1,1,1,1,1,1,1.0,0.5,0.5
count_plus_all_pairs,3,63,-1.987990591675043,-1.9259407877589676,0.06204980391607551,P:9.6|E:10.7|E:11.10,3,1,0,2,1,0,1,0,1,0,0.0,0.3333333333333333,0.0
count_plus_all_pairs,3,90,0.6627392582595348,0.0776727478339507,-0.5850665104255841,P:9.6|P:10.0|B:9.7|B:10.1|B:11.9,5,2,3,0,1,1,0,1,0,0,0.25,0.0,0.0
count_plus_all_pairs,3,85,0.31950290501117706,-0.05821271571319536,-0.3777156207243724,P:9.6|P:10.0|B:10.2|B:11.2|B:11.9,5,2,3,0,1,1,0,1,0,0,0.25,0.0,0.0
count_plus_all_pairs,3,181,0.5778550244867802,0.15354181330173172,-0.42431321118504844,P:9.9|P:9.6|P:10.0|B:11.2,4,3,1,0,1,1,0,1,0,0,0.125,0.0,0.0
count_plus_all_pairs,3,146,-0.3059505894780159,-0.04819720391020317,0.25775338556781274,P:9.9|P:9.6|B:11.2,3,2,1,0,1,1,0,1,0,0,0.08333333333333333,0.0,0.0
count_plus_all_pairs,3,117,0.02911713346838951,0.23846485999572234,0.20934772652733283,P:9.9|P:10.0|E:11.10,3,2,0,1,1,0,1,0,1,0,0.0,0.3333333333333333,0.0
count_plus_all_pairs,3,143,1.8553861118853092,1.5080609194706462,-0.347325192414663,P:9.9|P:10.0|B:9.0|B:9.7|B:10.1|B:10.2|B:10.6|B:10.10|B:11.2|B:11.9|E:11.10,11,2,8,1,1,1,1,1,1,1,0.6666666666666666,0.3333333333333333,0.5
count_plus_all_pairs,3,233,1.3947341851890087,1.2492486425902865,-0.14548554259872226,P:9.9|P:9.6|P:10.0|B:9.0|B:9.7|B:10.1|B:10.2|B:10.10|B:11.2,9,3,6,0,1,1,0,1,0,0,0.75,0.0,0.0
count_plus_all_pairs,3,97,-0.00730687752366066,0.37546869985643627,0.38277557738009693,P:9.6|P:10.0|B:9.0|B:9.7|B:10.1|B:10.2|B:11.2|B:11.9|E:10.7,9,2,6,1,1,1,1,1,1,1,0.5,0.3333333333333333,0.375
count_plus_all_pairs,3,80,0.4240094982087612,-0.03479544862479192,-0.4588049468335531,P:9.6|P:10.0|B:10.10,3,2,1,0,1,1,0,1,0,0,0.08333333333333333,0.0,0.0
count_plus_all_pairs,3,203,1.0001394301652908,1.0997618313568276,0.09962240119153676,P:9.9|P:9.6|P:10.0|B:9.7|B:10.6|B:10.10,6,3,3,0,1,1,0,1,0,0,0.375,0.0,0.0
count_plus_all_pairs,3,182,-0.11927512288093567,0.133044359723326,0.2523194826042617,P:9.9|P:9.6|P:10.0|B:11.2|E:11.10,5,3,1,1,1,1,1,1,1,1,0.125,0.5,0.0625
count_plus_all_pairs,3,17,0.46299997344613075,0.2881055005390657,-0.17489447290706506,P:9.9|P:9.6|P:10.0,3,3,0,0,1,0,0,0,0,0,0.0,0.0,0.0
count_plus_all_pairs,3,108,-0.32360805571079254,-0.14691549257652908,0.17669256313426346,P:9.9|B:10.1|B:10.2|B:11.2|E:11.10,5,1,3,1,1,1,1,1,1,1,0.125,0.16666666666666666,0.1875
count_plus_all_pairs,3,44,0.4107043147087097,0.24511425231227824,-0.16559006239643148,B:9.0|B:9.7|B:10.1|B:10.10,4,0,4,0,0,1,0,0,0,0,0.0,0.0,0.0
count_plus_all_pairs,3,148,-0.35026708617806435,-0.07680827899815852,0.27345880717990584,P:9.9|P:9.6|B:10.10|E:11.10,4,2,1,1,1,1,1,1,1,1,0.08333333333333333,0.3333333333333333,0.0625
count_plus_all_pairs,3,5,0.18057629838585854,0.06515766773282988,-0.11541863065302865,B:9.7,1,0,1,0,0,1,0,0,0,0,0.0,0.0,0.0
count_plus_all_pairs,3,129,0.762895978987217,0.6659333044811719,-0.09696267450604501,P:9.9|P:10.0|B:9.7|B:10.2|B:10.6|E:10.7|E:11.10,7,2,3,2,1,1,1,1,1,1,0.25,0.6666666666666666,0.375
count_plus_all_pairs,3,194,1.2136539109051228,1.1045282684001592,-0.1091256425049636,P:9.9|P:9.6|P:10.0|B:10.1|B:10.2|B:11.9|E:10.7,7,3,3,1,1,1,1,1,1,1,0.375,0.5,0.1875
count_plus_all_pairs,3,42,-0.46380022168159485,-1.012726852605895,-0.5489266309243002,B:9.0|B:9.7|B:10.10|B:11.2|B:11.9|E:11.10,6,0,5,1,0,1,1,0,0,1,0.0,0.0,0.3125
count_plus_all_pairs,3,183,0.8049454912543297,0.5591442972376869,-0.2458011940166428,P:9.9|P:9.6|P:10.0|B:10.10|B:11.2,5,3,2,0,1,1,0,1,0,0,0.25,0.0,0.0
count_plus_all_pairs,3,28,0.2634904868900776,0.3390731225247628,0.0755826356346852,B:10.1|B:10.2|B:10.10,3,0,3,0,0,1,0,0,0,0,0.0,0.0,0.0
count_plus_all_pairs,3,45,-0.5084521621465683,-0.33993883121245533,0.16851333093411297,B:9.0|B:9.7|B:10.1|B:10.6|B:10.10|B:11.2|B:11.9|E:10.7,8,0,7,1,0,1,1,0,0,1,0.0,0.0,0.4375
count_plus_all_pairs,3,61,-1.0373320244252682,-0.399087527899602,0.6382444965256662,P:10.0|B:9.0|B:9.7|B:10.1|B:10.2|B:10.6|B:11.2|B:11.9|E:10.7|E:11.10,10,1,7,2,1,1,1,1,1,1,0.29166666666666663,0.3333333333333333,0.875
count_plus_all_pairs,3,94,-0.49759408831596375,0.21272074318164103,0.7103148314976048,P:9.6|P:10.0|B:9.0|B:10.1|B:10.6|B:10.10|B:11.2|B:11.9|E:10.7|E:11.10,10,2,6,2,1,1,1,1,1,1,0.5,0.6666666666666666,0.75
count_plus_all_pairs,3,166,0.34098824113607407,-0.10691855359349989,-0.44790679472957395,P:9.9|P:9.6|B:9.7|B:10.1|B:10.2|E:10.7|E:11.10,7,2,3,2,1,1,1,1,1,1,0.25,0.6666666666666666,0.375
count_plus_all_pairs,3,54,0.02327965945005417,-0.5881274876747649,-0.611407147124819,P:10.0|B:10.1|E:11.10,3,1,1,1,1,1,1,1,1,1,0.041666666666666664,0.16666666666666666,0.0625
count_plus_all_pairs,3,41,-2.0931180715560913,-2.1255231478899796,-0.03240507633388834,B:9.0|B:9.7|B:11.2|B:11.9|E:10.7|E:11.10,6,0,4,2,0,1,1,0,0,1,0.0,0.0,0.5
count_plus_all_pairs,3,180,0.22938881069421768,0.34647381869321436,0.11708500799899668,P:9.9|P:9.6|P:10.0|B:11.9|E:10.7|E:11.10,6,3,1,2,1,1,1,1,1,1,0.125,1.0,0.125
count_plus_all_pairs,3,137,0.9683080837130547,0.8930730672426854,-0.07523501647036923,P:9.9|P:10.0|B:9.0|B:10.1|B:10.2|B:11.2,6,2,4,0,1,1,0,1,0,0,0.3333333333333333,0.0,0.0
count_plus_all_pairs,4,135,0.3180081695318222,0.4649737193590301,0.1469655498272079,P:9.9|P:10.0|B:9.0|B:10.6|B:11.9|E:10.7|E:11.10,7,2,3,2,1,1,1,1,1,1,0.25,0.6666666666666666,0.375
count_plus_all_pairs,4,37,-2.092911761254072,-2.0087509177242295,0.08416084352984265,B:9.0|B:10.2|E:10.7|E:11.10,4,0,2,2,0,1,1,0,0,1,0.0,0.0,0.25
count_plus_all_pairs,4,91,0.38466572016477585,-0.05835685116124162,-0.44302257132601747,P:9.6|P:10.0|B:9.0|B:11.9,4,2,2,0,1,1,0,1,0,0,0.16666666666666666,0.0,0.0
count_plus_all_pairs,4,113,-0.6673449911177158,-0.8331286448827466,-0.1657836537650308,P:9.9|B:9.0|B:9.7|B:11.2|B:11.9|E:10.7|E:11.10,7,1,4,2,1,1,1,1,1,1,0.16666666666666666,0.3333333333333333,0.5
count_plus_all_pairs,4,38,-0.12388213351368904,0.20800329985493218,0.3318854333686212,B:9.0|B:10.2|B:10.10|B:11.2|B:11.9,5,0,5,0,0,1,0,0,0,0,0.0,0.0,0.0
count_plus_all_pairs,4,62,-0.96882164478302,-1.1437506178179786,-0.17492897303495858,P:9.6|E:11.10,2,1,0,1,1,0,1,0,1,0,0.0,0.16666666666666666,0.0
count_plus_all_pairs,4,57,-1.3938638791441917,-0.9841745017497792,0.4096893773944126,P:10.0|B:9.0|B:10.1|B:10.2|E:10.7|E:11.10,6,1,3,2,1,1,1,1,1,1,0.125,0.3333333333333333,0.375
count_plus_all_pairs,4,190,0.7528919950127602,0.8560143324725535,0.10312233745979338,P:9.9|P:9.6|P:10.0|B:10.2|B:10.6|B:11.2|E:11.10,7,3,3,1,1,1,1,1,1,1,0.375,0.5,0.1875
count_plus_all_pairs,4,164,0.30114129185676575,0.7139769418621598,0.412835650005394,P:9.9|P:9.6|B:9.7|B:10.1|B:10.10|B:11.2|B:11.9,7,2,5,0,1,1,0,1,0,0,0.41666666666666663,0.0,0.0
count_plus_all_pairs,4,221,0.5948651321232319,0.8276230872549799,0.23275795513174802,P:9.9|P:9.6|P:10.0|B:9.0|B:10.1|B:10.2|B:11.2|E:11.10,8,3,4,1,1,1,1,1,1,1,0.5,0.5,0.25
count_plus_all_pairs,4,1,0.1935817413032055,0.539924635153729,0.3463428938505235,P:9.9,1,1,0,0,1,0,0,0,0,0,0.0,0.0,0.0
count_plus_all_pairs,4,53,-0.06579641252756119,-0.3822883054002325,-0.3164918928726713,P:10.0|B:10.2|B:11.9|E:11.10,4,1,2,1,1,1,1,1,1,1,0.08333333333333333,0.16666666666666666,0.125
count_plus_all_pairs,4,126,0.9073482267558575,0.8676681971313986,-0.039680029624458824,P:9.9|P:10.0|B:10.1|B:10.2|E:10.7,5,2,2,1,1,1,1,1,1,1,0.16666666666666666,0.3333333333333333,0.125
count_plus_all_pairs,4,14,-2.1500720120966434,-2.0985149871053754,0.05155702499126802,E:10.7|E:11.10,2,0,0,2,0,0,1,0,0,0,0.0,0.0,0.0
count_plus_all_pairs,4,40,0.43496930971741676,0.5549013778201971,0.11993206810278034,B:9.0|B:10.1|B:10.6|B:10.10,4,0,4,0,0,1,0,0,0,0,0.0,0.0,0.0
count_plus_all_pairs,4,234,1.2642529793083668,1.4227978833573767,0.1585449040490099,P:9.9|P:9.6|P:10.0|B:9.0|B:9.7|B:10.1|B:10.2|B:10.6,8,3,5,0,1,1,0,1,0,0,0.625,0.0,0.0
count_plus_all_pairs,4,34,-0.4527350068092346,-0.24782083490349457,0.20491417190574004,B:9.7|B:10.1|B:10.2|B:10.10|B:11.9|E:10.7,6,0,5,1,0,1,1,0,0,1,0.0,0.0,0.3125
count_plus_all_pairs,4,99,0.8856487385928631,0.6486901263401771,-0.236958612252686,P:9.6|P:10.0|B:9.0|B:9.7|B:10.1|B:10.2|B:10.6|B:10.10|B:11.2|B:11.9|E:11.10,11,2,8,1,1,1,1,1,1,1,0.6666666666666666,0.3333333333333333,0.5
count_plus_all_pairs,4,109,0.5982384718954563,0.45556696447464107,-0.14267150742081525,P:9.9|B:10.1|B:10.2|B:10.6|B:10.10|B:11.2|E:11.10,7,1,5,1,1,1,1,1,1,1,0.20833333333333331,0.16666666666666666,0.3125
count_plus_all_pairs,4,49,-0.5108466930687428,-0.2916413145069187,0.21920537856182404,B:9.0|B:9.7|B:10.1|B:10.2|B:10.6|B:10.10|B:11.2|B:11.9|E:10.7,9,0,8,1,0,1,1,0,0,1,0.0,0.0,0.5
count_plus_all_pairs,4,127,0.24340659379959106,0.3115730052448519,0.06816641144526081,P:9.9|P:10.0|B:9.7|E:11.10,4,2,1,1,1,1,1,1,1,1,0.08333333333333333,0.3333333333333333,0.0625
count_plus_all_pairs,4,21,-2.0925130136311054,-2.1651087524163257,-0.0725957387852203,B:11.9|E:10.7|E:11.10,3,0,1,2,0,1,1,0,0,1,0.0,0.0,0.125
count_plus_all_pairs,4,227,1.6139287240803242,1.5618444007050676,-0.05208432337525659,P:9.9|P:9.6|P:10.0|B:9.0|B:9.7|B:10.6|B:10.10|B:11.2|B:11.9|E:10.7|E:11.10,11,3,6,2,1,1,1,1,1,1,0.75,1.0,0.75
count_plus_all_pairs,4,167,0.3539474345743656,0.07859228727571599,-0.2753551472986496,P:9.9|P:9.6|B:9.0|B:11.9|E:10.7,5,2,2,1,1,1,1,1,1,1,0.16666666666666666,0.3333333333333333,0.125
count_plus_all_pairs,4,125,1.1199581176042557,1.194866894482704,0.07490877687844821,P:9.9|P:10.0|B:10.1|B:10.6|B:11.2|B:11.9,6,2,4,0,1,1,0,1,0,0,0.3333333333333333,0.0,0.0
count_plus_all_pairs,4,170,0.3828652650117874,0.5902456380145846,0.2073803730027972,P:9.9|P:9.6|B:9.0|B:10.1|B:10.6,5,2,3,0,1,1,0,1,0,0,0.25,0.0,0.0
count_plus_all_pairs,4,66,0.09258740022778511,-0.08499888965389579,-0.1775862898816809,P:9.6|B:10.1|B:10.2|B:11.9,4,1,3,0,1,1,0,1,0,0,0.125,0.0,0.0
count_plus_all_pairs,4,104,0.20134234055876732,-0.08635721025666951,-0.28769955081543686,P:9.9|B:11.9|E:10.7,3,1,1,1,1,1,1,1,1,1,0.041666666666666664,0.16666666666666666,0.0625
count_plus_all_pairs,4,22,-0.9958479702472687,-1.2369214380411728,-0.24107346779390415,B:11.2|B:11.9|E:11.10,3,0,2,1,0,1,1,0,0,1,0.0,0.0,0.125
count_plus_all_pairs,4,46,-0.23023967072367668,-0.8018201083201126,-0.571580437596436,B:9.0|B:9.7|B:10.1|B:10.2|B:10.10|B:11.2|B:11.9|E:11.10,8,0,7,1,0,1,1,0,0,1,0.0,0.0,0.4375
count_plus_all_pairs,4,111,-0.15740074962377548,-0.603504194883479,-0.44610344525970347,P:9.9|B:9.7|B:10.6|E:10.7|E:11.10,5,1,2,2,1,1,1,1,1,1,0.08333333333333333,0.3333333333333333,0.25
count_plus_all_pairs,4,70,-1.6255602352321148,-1.356394604697416,0.2691656305346988,P:9.6|B:9.0|B:10.1|B:10.2|B:11.9|E:10.7|E:11.10,7,1,4,2,1,1,1,1,1,1,0.16666666666666666,0.3333333333333333,0.5
count_plus_all_pairs,4,77,-1.3802263587713242,-0.9157931841975996,0.46443317457372457,P:9.6|P:10.0|E:10.7|E:11.10,4,2,0,2,1,0,1,0,1,0,0.0,0.6666666666666666,0.0
count_plus_all_pairs,4,145,-0.9065218307077885,-0.2725940227452631,0.6339278079625253,P:9.9|P:9.6|E:11.10,3,2,0,1,1,0,1,0,1,0,0.0,0.3333333333333333,0.0
count_plus_all_pairs,4,207,1.1867230460047722,1.3314603707573422,0.14473732475257006,P:9.9|P:9.6|P:10.0|B:9.7|B:10.1|B:10.10|B:11.9|E:10.7|E:11.10,9,3,4,2,1,1,1,1,1,1,0.5,1.0,0.5
count_plus_all_pairs,4,189,0.5667572394013405,0.48539771079077615,-0.08135952861056434,P:9.9|P:9.6|P:10.0|B:10.2|E:10.7|E:11.10,6,3,1,2,1,1,1,1,1,1,0.125,1.0,0.125
count_plus_all_pairs,4,20,2.3267794027924538,2.101092355001672,-0.22568704779078175,P:9.9|P:9.6|P:10.0|B:9.0|B:9.7|B:10.1|B:10.2|B:10.6|B:10.10|B:11.2|B:11.9|E:10.7|E:11.10,13,3,8,2,1,1,1,1,1,1,1.0,1.0,1.0
count_plus_all_pairs,4,175,0.43807394430041313,0.7487910994307,0.31071715513028686,P:9.9|P:9.6|B:9.0|B:9.7|B:10.1|B:10.10,6,2,4,0,1,1,0,1,0,0,0.3333333333333333,0.0,0.0
count_plus_all_pairs,4,67,0.1194758489727974,-0.13159544566108125,-0.25107129463387867,P:9.6|B:9.7|B:10.2,3,1,2,0,1,1,0,1,0,0,0.08333333333333333,0.0,0.0
count_plus_all_pairs,4,121,0.8768309131264687,0.9517736544432411,0.07494274131677248,P:9.9|P:10.0|B:10.6,3,2,1,0,1,1,0,1,0,0,0.08333333333333333,0.0,0.0
count_plus_all_pairs,4,213,0.7374192625284195,0.7443356337342316,0.006916371205812122,P:9.9|P:9.6|P:10.0|B:9.0|B:10.6,5,3,2,0,1,1,0,1,0,0,0.25,0.0,0.0
count_plus_all_pairs,4,211,0.1879602037370205,0.2846524163813626,0.09669221264434213,P:9.9|P:9.6|P:10.0|B:9.0|E:10.7|E:11.10,6,3,1,2,1,1,1,1,1,1,0.125,1.0,0.125
count_plus_all_pairs,4,133,1.7260217368602753,1.3422429712427109,-0.3837787656175644,P:9.9|P:10.0|B:9.7|B:10.1|B:10.2|B:10.6|B:10.10|B:11.2|E:11.10,9,2,6,1,1,1,1,1,1,1,0.5,0.3333333333333333,0.375
count_plus_all_pairs,4,161,0.41517258435487747,0.12145386418200743,-0.29371872017287004,P:9.9|P:9.6|B:10.1|B:10.2|B:10.10|B:11.2|E:10.7|E:11.10,8,2,4,2,1,1,1,1,1,1,0.3333333333333333,0.6666666666666666,0.5
count_plus_all_pairs,4,65,-1.8147796541452408,-1.5141052566390825,0.3006743975061583,P:9.6|B:10.2|B:10.10|B:11.2|E:10.7|E:11.10,6,1,3,2,1,1,1,1,1,1,0.125,0.3333333333333333,0.375
count_plus_all_pairs,4,220,1.2591385692358017,1.4519195661907551,0.19278099695495343,P:9.9|P:9.6|P:10.0|B:9.0|B:10.1|B:10.6|B:10.10|E:10.7|E:11.10,9,3,4,2,1,1,1,1,1,1,0.5,1.0,0.5
count_plus_all_pairs,4,47,0.18758106604218483,0.2463726185303894,0.05879155248820456,B:9.0|B:9.7|B:10.1|B:10.2|B:10.6|B:11.2,6,0,6,0,0,1,0,0,0,0,0.0,0.0,0.0
