model,n_rows,mae,rmse,r2,columns,n_params,bootstrap
additive_head,239,0.40199650129566145,0.4733864516906129,0.7567487010653742,"intercept,P:9.9,P:9.6,P:10.0,B:9.0,B:9.7,B:10.1,B:10.2,B:10.6,B:10.10,B:11.2,B:11.9,E:10.7,E:11.10",14,0
count_additive,239,0.4050832471389391,0.4787701038011196,0.751184422429855,"intercept,P:9.9,P:9.6,P:10.0,B:9.0,B:9.7,B:10.1,B:10.2,B:10.6,B:10.10,B:11.2,B:11.9,E:10.7,E:11.10,P_count_eq_1,P_count_eq_2,P_count_eq_3,B_count_eq_1,B_count_2_3,B_count_4_5,B_count_6_8,E_count_eq_1,E_count_eq_2",23,0
count_plus_PB_count,239,0.3952282425221787,0.4596746523601118,0.7706363283984249,"intercept,P:9.9,P:9.6,P:10.0,B:9.0,B:9.7,B:10.1,B:10.2,B:10.6,B:10.10,B:11.2,B:11.9,E:10.7,E:11.10,P_count_eq_1,P_count_eq_2,P_count_eq_3,B_count_eq_1,B_count_2_3,B_count_4_5,B_count_6_8,E_count_eq_1,E_count_eq_2,P_B_count",24,0
count_plus_PE_count,239,0.26848637782815565,0.32589655961210695,0.884712274519738,"intercept,P:9.9,P:9.6,P:10.0,B:9.0,B:9.7,B:10.1,B:10.2,B:10.6,B:10.10,B:11.2,B:11.9,E:10.7,E:11.10,P_count_eq_1,P_count_eq_2,P_count_eq_3,B_count_eq_1,B_count_2_3,B_count_4_5,B_count_6_8,E_count_eq_1,E_count_eq_2,P_E_count",24,0
count_plus_BE_count,239,0.4022979586798717,0.4733216625582705,0.7568152807575428,"intercept,P:9.9,P:9.6,P:10.0,B:9.0,B:9.7,B:10.1,B:10.2,B:10.6,B:10.10,B:11.2,B:11.9,E:10.7,E:11.10,P_count_eq_1,P_count_eq_2,P_count_eq_3,B_count_eq_1,B_count_2_3,B_count_4_5,B_count_6_8,E_count_eq_1,E_count_eq_2,B_E_count",24,0
count_plus_all_pairs,239,0.2409927211985817,0.29770523616094,0.9037952609328369,"intercept,P:9.9,P:9.6,P:10.0,B:9.0,B:9.7,B:10.1,B:10.2,B:10.6,B:10.10,B:11.2,B:11.9,E:10.7,E:11.10,P_count_eq_1,P_count_eq_2,P_count_eq_3,B_count_eq_1,B_count_2_3,B_count_4_5,B_count_6_8,E_count_eq_1,E_count_eq_2,P_B_count,P_E_count,B_E_count",26,0
additive_head,239,0.39298023676957583,0.464895726947556,0.7625275702011511,"intercept,P:9.9,P:9.6,P:10.0,B:9.0,B:9.7,B:10.1,B:10.2,B:10.6,B:10.10,B:11.2,B:11.9,E:10.7,E:11.10",14,1
count_additive,239,0.39682089110101754,0.46995627006712937,0.7573295007603764,"intercept,P:9.9,P:9.6,P:10.0,B:9.0,B:9.7,B:10.1,B:10.2,B:10.6,B:10.10,B:11.2,B:11.9,E:10.7,E:11.10,P_count_eq_1,P_count_eq_2,P_count_eq_3,B_count_eq_1,B_count_2_3,B_count_4_5,B_count_6_8,E_count_eq_1,E_count_eq_2",23,1
count_plus_PB_count,239,0.3854971247521636,0.45047830709983516,0.7770282452913659,"intercept,P:9.9,P:9.6,P:10.0,B:9.0,B:9.7,B:10.1,B:10.2,B:10.6,B:10.10,B:11.2,B:11.9,E:10.7,E:11.10,P_count_eq_1,P_count_eq_2,P_count_eq_3,B_count_eq_1,B_count_2_3,B_count_4_5,B_count_6_8,E_count_eq_1,E_count_eq_2,P_B_count",24,1
count_plus_PE_count,239,0.26394471280949533,0.31999248877758635,0.8874924531011092,"intercept,P:9.9,P:9.6,P:10.0,B:9.0,B:9.7,B:10.1,B:10.2,B:10.6,B:10.10,B:11.2,B:11.9,E:10.7,E:11.10,P_count_eq_1,P_count_eq_2,P_count_eq_3,B_count_eq_1,B_count_2_3,B_count_4_5,B_count_6_8,E_count_eq_1,E_count_eq_2,P_E_count",24,1
count_plus_BE_count,239,0.39345833974515254,0.4640969104041863,0.7633429527450083,"intercept,P:9.9,P:9.6,P:10.0,B:9.0,B:9.7,B:10.1,B:10.2,B:10.6,B:10.10,B:11.2,B:11.9,E:10.7,E:11.10,P_count_eq_1,P_count_eq_2,P_count_eq_3,B_count_eq_1,B_count_2_3,B_count_4_5,B_count_6_8,E_count_eq_1,E_count_eq_2,B_E_count",24,1
count_plus_all_pairs,239,0.23571112296579505,0.2906067587476178,0.9072073647986829,"intercept,P:9.9,P:9.6,P:10.0,B:9.0,B:9.7,B:10.1,B:10.2,B:10.6,B:10.10,B:11.2,B:11.9,E:10.7,E:11.10,P_count_eq_1,P_count_eq_2,P_count_eq_3,B_count_eq_1,B_count_2_3,B_count_4_5,B_count_6_8,E_count_eq_1,E_count_eq_2,P_B_count,P_E_count,B_E_count",26,1
additive_head,239,0.3903079555617,0.4579768011244491,0.747808827365587,"intercept,P:9.9,P:9.6,P:10.0,B:9.0,B:9.7,B:10.1,B:10.2,B:10.6,B:10.10,B:11.2,B:11.9,E:10.7,E:11.10",14,2
count_additive,239,0.3937706331008779,0.4635830413557956,0.7415967312321963,"intercept,P:9.9,P:9.6,P:10.0,B:9.0,B:9.7,B:10.1,B:10.2,B:10.6,B:10.10,B:11.2,B:11.9,E:10.7,E:11.10,P_count_eq_1,P_count_eq_2,P_count_eq_3,B_count_eq_1,B_count_2_3,B_count_4_5,B_count_6_8,E_count_eq_1,E_count_eq_2",23,2
count_plus_PB_count,239,0.3848621111158274,0.4459499329280955,0.7608804260197328,"intercept,P:9.9,P:9.6,P:10.0,B:9.0,B:9.7,B:10.1,B:10.2,B:10.6,B:10.10,B:11.2,B:11.9,E:10.7,E:11.10,P_count_eq_1,P_count_eq_2,P_count_eq_3,B_count_eq_1,B_count_2_3,B_count_4_5,B_count_6_8,E_count_eq_1,E_count_eq_2,P_B_count",24,2
count_plus_PE_count,239,0.259972700700707,0.314603998844635,0.8809933035999512,"intercept,P:9.9,P:9.6,P:10.0,B:9.0,B:9.7,B:10.1,B:10.2,B:10.6,B:10.10,B:11.2,B:11.9,E:10.7,E:11.10,P_count_eq_1,P_count_eq_2,P_count_eq_3,B_count_eq_1,B_count_2_3,B_count_4_5,B_count_6_8,E_count_eq_1,E_count_eq_2,P_E_count",24,2
count_plus_BE_count,239,0.3913135868407651,0.4586319937563586,0.7470867296896324,"intercept,P:9.9,P:9.6,P:10.0,B:9.0,B:9.7,B:10.1,B:10.2,B:10.6,B:10.10,B:11.2,B:11.9,E:10.7,E:11.10,P_count_eq_1,P_count_eq_2,P_count_eq_3,B_count_eq_1,B_count_2_3,B_count_4_5,B_count_6_8,E_count_eq_1,E_count_eq_2,B_E_count",24,2
count_plus_all_pairs,239,0.23393805500614517,0.28872419442576397,0.8997673346805652,"intercept,P:9.9,P:9.6,P:10.0,B:9.0,B:9.7,B:10.1,B:10.2,B:10.6,B:10.10,B:11.2,B:11.9,E:10.7,E:11.10,P_count_eq_1,P_count_eq_2,P_count_eq_3,B_count_eq_1,B_count_2_3,B_count_4_5,B_count_6_8,E_count_eq_1,E_count_eq_2,P_B_count,P_E_count,B_E_count",26,2
additive_head,239,0.37278424318056214,0.4392747479300349,0.7517817687735872,"intercept,P:9.9,P:9.6,P:10.0,B:9.0,B:9.7,B:10.1,B:10.2,B:10.6,B:10.10,B:11.2,B:11.9,E:10.7,E:11.10",14,3
count_additive,239,0.3756497471109329,0.44364084290696104,0.7468230033446739,"intercept,P:9.9,P:9.6,P:10.0,B:9.0,B:9.7,B:10.1,B:10.2,B:10.6,B:10.10,B:11.2,B:11.9,E:10.7,E:11.10,P_count_eq_1,P_count_eq_2,P_count_eq_3,B_count_eq_1,B_count_2_3,B_count_4_5,B_count_6_8,E_count_eq_1,E_count_eq_2",23,3
count_plus_PB_count,239,0.3663988864891023,0.42587845050123224,0.7666904421139851,"intercept,P:9.9,P:9.6,P:10.0,B:9.0,B:9.7,B:10.1,B:10.2,B:10.6,B:10.10,B:11.2,B:11.9,E:10.7,E:11.10,P_count_eq_1,P_count_eq_2,P_count_eq_3,B_count_eq_1,B_count_2_3,B_count_4_5,B_count_6_8,E_count_eq_1,E_count_eq_2,P_B_count",24,3
count_plus_PE_count,239,0.2498101132053731,0.30257286962785235,0.8822336625954337,"intercept,P:9.9,P:9.6,P:10.0,B:9.0,B:9.7,B:10.1,B:10.2,B:10.6,B:10.10,B:11.2,B:11.9,E:10.7,E:11.10,P_count_eq_1,P_count_eq_2,P_count_eq_3,B_count_eq_1,B_count_2_3,B_count_4_5,B_count_6_8,E_count_eq_1,E_count_eq_2,P_E_count",24,3
count_plus_BE_count,239,0.37329672038964584,0.4388188663443035,0.752296705738905,"intercept,P:9.9,P:9.6,P:10.0,B:9.0,B:9.7,B:10.1,B:10.2,B:10.6,B:10.10,B:11.2,B:11.9,E:10.7,E:11.10,P_count_eq_1,P_count_eq_2,P_count_eq_3,B_count_eq_1,B_count_2_3,B_count_4_5,B_count_6_8,E_count_eq_1,E_count_eq_2,B_E_count",24,3
count_plus_all_pairs,239,0.22433056376093677,0.27674602418077593,0.9014800957877045,"intercept,P:9.9,P:9.6,P:10.0,B:9.0,B:9.7,B:10.1,B:10.2,B:10.6,B:10.10,B:11.2,B:11.9,E:10.7,E:11.10,P_count_eq_1,P_count_eq_2,P_count_eq_3,B_count_eq_1,B_count_2_3,B_count_4_5,B_count_6_8,E_count_eq_1,E_count_eq_2,P_B_count,P_E_count,B_E_count",26,3
additive_head,239,0.3834398455346748,0.45312539337427554,0.7639951804597995,"intercept,P:9.9,P:9.6,P:10.0,B:9.0,B:9.7,B:10.1,B:10.2,B:10.6,B:10.10,B:11.2,B:11.9,E:10.7,E:11.10",14,4
count_additive,239,0.386526056053955,0.45817639623979695,0.7587043492331674,"intercept,P:9.9,P:9.6,P:10.0,B:9.0,B:9.7,B:10.1,B:10.2,B:10.6,B:10.10,B:11.2,B:11.9,E:10.7,E:11.10,P_count_eq_1,P_count_eq_2,P_count_eq_3,B_count_eq_1,B_count_2_3,B_count_4_5,B_count_6_8,E_count_eq_1,E_count_eq_2",23,4
count_plus_PB_count,239,0.37627645523980985,0.4387750174122197,0.7787069093548766,"intercept,P:9.9,P:9.6,P:10.0,B:9.0,B:9.7,B:10.1,B:10.2,B:10.6,B:10.10,B:11.2,B:11.9,E:10.7,E:11.10,P_count_eq_1,P_count_eq_2,P_count_eq_3,B_count_eq_1,B_count_2_3,B_count_4_5,B_count_6_8,E_count_eq_1,E_count_eq_2,P_B_count",24,4
count_plus_PE_count,239,0.25740677061086753,0.31233370862254883,0.8878700093172344,"intercept,P:9.9,P:9.6,P:10.0,B:9.0,B:9.7,B:10.1,B:10.2,B:10.6,B:10.10,B:11.2,B:11.9,E:10.7,E:11.10,P_count_eq_1,P_count_eq_2,P_count_eq_3,B_count_eq_1,B_count_2_3,B_count_4_5,B_count_6_8,E_count_eq_1,E_count_eq_2,P_E_count",24,4
count_plus_BE_count,239,0.38338116893016144,0.45233029127023283,0.7648226922161285,"intercept,P:9.9,P:9.6,P:10.0,B:9.0,B:9.7,B:10.1,B:10.2,B:10.6,B:10.10,B:11.2,B:11.9,E:10.7,E:11.10,P_count_eq_1,P_count_eq_2,P_count_eq_3,B_count_eq_1,B_count_2_3,B_count_4_5,B_count_6_8,E_count_eq_1,E_count_eq_2,B_E_count",24,4
count_plus_all_pairs,239,0.22938764937218278,0.2831468072486657,0.9078474392703674,"intercept,P:9.9,P:9.6,P:10.0,B:9.0,B:9.7,B:10.1,B:10.2,B:10.6,B:10.10,B:11.2,B:11.9,E:10.7,E:11.10,P_count_eq_1,P_count_eq_2,P_count_eq_3,B_count_eq_1,B_count_2_3,B_count_4_5,B_count_6_8,E_count_eq_1,E_count_eq_2,P_B_count,P_E_count,B_E_count",26,4
additive_head,239,0.38021196756925135,0.44835485811032844,0.752903318119474,"intercept,P:9.9,P:9.6,P:10.0,B:9.0,B:9.7,B:10.1,B:10.2,B:10.6,B:10.10,B:11.2,B:11.9,E:10.7,E:11.10",14,5
count_additive,239,0.38348176572832016,0.45357391952965553,0.747117193199412,"intercept,P:9.9,P:9.6,P:10.0,B:9.0,B:9.7,B:10.1,B:10.2,B:10.6,B:10.10,B:11.2,B:11.9,E:10.7,E:11.10,P_count_eq_1,P_count_eq_2,P_count_eq_3,B_count_eq_1,B_count_2_3,B_count_4_5,B_count_6_8,E_count_eq_1,E_count_eq_2",23,5
count_plus_PB_count,239,0.3745995200090535,0.4361947488321377,0.7661248819322738,"intercept,P:9.9,P:9.6,P:10.0,B:9.0,B:9.7,B:10.1,B:10.2,B:10.6,B:10.10,B:11.2,B:11.9,E:10.7,E:11.10,P_count_eq_1,P_count_eq_2,P_count_eq_3,B_count_eq_1,B_count_2_3,B_count_4_5,B_count_6_8,E_count_eq_1,E_count_eq_2,P_B_count",24,5
count_plus_PE_count,239,0.25333427717618406,0.30791507705421034,0.883457303301632,"intercept,P:9.9,P:9.6,P:10.0,B:9.0,B:9.7,B:10.1,B:10.2,B:10.6,B:10.10,B:11.2,B:11.9,E:10.7,E:11.10,P_count_eq_1,P_count_eq_2,P_count_eq_3,B_count_eq_1,B_count_2_3,B_count_4_5,B_count_6_8,E_count_eq_1,E_count_eq_2,P_E_count",24,5
count_plus_BE_count,239,0.3813556042453784,0.4484115543298267,0.752840821491036,"intercept,P:9.9,P:9.6,P:10.0,B:9.0,B:9.7,B:10.1,B:10.2,B:10.6,B:10.10,B:11.2,B:11.9,E:10.7,E:11.10,P_count_eq_1,P_count_eq_2,P_count_eq_3,B_count_eq_1,B_count_2_3,B_count_4_5,B_count_6_8,E_count_eq_1,E_count_eq_2,B_E_count",24,5
count_plus_all_pairs,239,0.228272547604892,0.2820719221272298,0.9021990958615753,"intercept,P:9.9,P:9.6,P:10.0,B:9.0,B:9.7,B:10.1,B:10.2,B:10.6,B:10.10,B:11.2,B:11.9,E:10.7,E:11.10,P_count_eq_1,P_count_eq_2,P_count_eq_3,B_count_eq_1,B_count_2_3,B_count_4_5,B_count_6_8,E_count_eq_1,E_count_eq_2,P_B_count,P_E_count,B_E_count",26,5
additive_head,239,0.36342732209416223,0.4284697650325132,0.7614289547801012,"intercept,P:9.9,P:9.6,P:10.0,B:9.0,B:9.7,B:10.1,B:10.2,B:10.6,B:10.10,B:11.2,B:11.9,E:10.7,E:11.10",14,6
count_additive,239,0.3659855466655459,0.43295195329374714,0.7564115021440295,"intercept,P:9.9,P:9.6,P:10.0,B:9.0,B:9.7,B:10.1,B:10.2,B:10.6,B:10.10,B:11.2,B:11.9,E:10.7,E:11.10,P_count_eq_1,P_count_eq_2,P_count_eq_3,B_count_eq_1,B_count_2_3,B_count_4_5,B_count_6_8,E_count_eq_1,E_count_eq_2",23,6
count_plus_PB_count,239,0.3583005552034184,0.4171889206328648,0.7738258831916897,"intercept,P:9.9,P:9.6,P:10.0,B:9.0,B:9.7,B:10.1,B:10.2,B:10.6,B:10.10,B:11.2,B:11.9,E:10.7,E:11.10,P_count_eq_1,P_count_eq_2,P_count_eq_3,B_count_eq_1,B_count_2_3,B_count_4_5,B_count_6_8,E_count_eq_1,E_count_eq_2,P_B_count",24,6
count_plus_PE_count,239,0.23954011139696832,0.2907476430252084,0.8901475427090064,"intercept,P:9.9,P:9.6,P:10.0,B:9.0,B:9.7,B:10.1,B:10.2,B:10.6,B:10.10,B:11.2,B:11.9,E:10.7,E:11.10,P_count_eq_1,P_count_eq_2,P_count_eq_3,B_count_eq_1,B_count_2_3,B_count_4_5,B_count_6_8,E_count_eq_1,E_count_eq_2,P_E_count",24,6
count_plus_BE_count,239,0.3633585880214822,0.4274863361892246,0.7625228401254708,"intercept,P:9.9,P:9.6,P:10.0,B:9.0,B:9.7,B:10.1,B:10.2,B:10.6,B:10.10,B:11.2,B:11.9,E:10.7,E:11.10,P_count_eq_1,P_count_eq_2,P_count_eq_3,B_count_eq_1,B_count_2_3,B_count_4_5,B_count_6_8,E_count_eq_1,E_count_eq_2,B_E_count",24,6
count_plus_all_pairs,239,0.2154970629155364,0.2662271144331154,0.9078952685665037,"intercept,P:9.9,P:9.6,P:10.0,B:9.0,B:9.7,B:10.1,B:10.2,B:10.6,B:10.10,B:11.2,B:11.9,E:10.7,E:11.10,P_count_eq_1,P_count_eq_2,P_count_eq_3,B_count_eq_1,B_count_2_3,B_count_4_5,B_count_6_8,E_count_eq_1,E_count_eq_2,P_B_count,P_E_count,B_E_count",26,6
additive_head,239,0.36988712846352007,0.4381440682341256,0.7655543719117975,"intercept,P:9.9,P:9.6,P:10.0,B:9.0,B:9.7,B:10.1,B:10.2,B:10.6,B:10.10,B:11.2,B:11.9,E:10.7,E:11.10",14,7
count_additive,239,0.37255116556569534,0.44245480708692003,0.7609184287159386,"intercept,P:9.9,P:9.6,P:10.0,B:9.0,B:9.7,B:10.1,B:10.2,B:10.6,B:10.10,B:11.2,B:11.9,E:10.7,E:11.10,P_count_eq_1,P_count_eq_2,P_count_eq_3,B_count_eq_1,B_count_2_3,B_count_4_5,B_count_6_8,E_count_eq_1,E_count_eq_2",23,7
count_plus_PB_count,239,0.3628663421403713,0.42363569179527216,0.7808238210944284,"intercept,P:9.9,P:9.6,P:10.0,B:9.0,B:9.7,B:10.1,B:10.2,B:10.6,B:10.10,B:11.2,B:11.9,E:10.7,E:11.10,P_count_eq_1,P_count_eq_2,P_count_eq_3,B_count_eq_1,B_count_2_3,B_count_4_5,B_count_6_8,E_count_eq_1,E_count_eq_2,P_B_count",24,7
count_plus_PE_count,239,0.24614208085687994,0.2988946093119728,0.8908950560572324,"intercept,P:9.9,P:9.6,P:10.0,B:9.0,B:9.7,B:10.1,B:10.2,B:10.6,B:10.10,B:11.2,B:11.9,E:10.7,E:11.10,P_count_eq_1,P_count_eq_2,P_count_eq_3,B_count_eq_1,B_count_2_3,B_count_4_5,B_count_6_8,E_count_eq_1,E_count_eq_2,P_E_count",24,7
count_plus_BE_count,239,0.3697363163213135,0.4377458402123098,0.7659803522997535,"intercept,P:9.9,P:9.6,P:10.0,B:9.0,B:9.7,B:10.1,B:10.2,B:10.6,B:10.10,B:11.2,B:11.9,E:10.7,E:11.10,P_count_eq_1,P_count_eq_2,P_count_eq_3,B_count_eq_1,B_count_2_3,B_count_4_5,B_count_6_8,E_count_eq_1,E_count_eq_2,B_E_count",24,7
count_plus_all_pairs,239,0.21970073682492572,0.2713847771365062,0.9100545432222681,"intercept,P:9.9,P:9.6,P:10.0,B:9.0,B:9.7,B:10.1,B:10.2,B:10.6,B:10.10,B:11.2,B:11.9,E:10.7,E:11.10,P_count_eq_1,P_count_eq_2,P_count_eq_3,B_count_eq_1,B_count_2_3,B_count_4_5,B_count_6_8,E_count_eq_1,E_count_eq_2,P_B_count,P_E_count,B_E_count",26,7
additive_head,239,0.3756133351189394,0.4426663685947552,0.7538215948964928,"intercept,P:9.9,P:9.6,P:10.0,B:9.0,B:9.7,B:10.1,B:10.2,B:10.6,B:10.10,B:11.2,B:11.9,E:10.7,E:11.10",14,8
count_additive,239,0.3788787227606742,0.44774578881628224,0.7481395832095996,"intercept,P:9.9,P:9.6,P:10.0,B:9.0,B:9.7,B:10.1,B:10.2,B:10.6,B:10.10,B:11.2,B:11.9,E:10.7,E:11.10,P_count_eq_1,P_count_eq_2,P_count_eq_3,B_count_eq_1,B_count_2_3,B_count_4_5,B_count_6_8,E_count_eq_1,E_count_eq_2",23,8
count_plus_PB_count,239,0.3695840391986629,0.4295549362203841,0.768188847508257,"intercept,P:9.9,P:9.6,P:10.0,B:9.0,B:9.7,B:10.1,B:10.2,B:10.6,B:10.10,B:11.2,B:11.9,E:10.7,E:11.10,P_count_eq_1,P_count_eq_2,P_count_eq_3,B_count_eq_1,B_count_2_3,B_count_4_5,B_count_6_8,E_count_eq_1,E_count_eq_2,P_B_count",24,8
count_plus_PE_count,239,0.251254391700417,0.30485529132078726,0.8832426114558487,"intercept,P:9.9,P:9.6,P:10.0,B:9.0,B:9.7,B:10.1,B:10.2,B:10.6,B:10.10,B:11.2,B:11.9,E:10.7,E:11.10,P_count_eq_1,P_count_eq_2,P_count_eq_3,B_count_eq_1,B_count_2_3,B_count_4_5,B_count_6_8,E_count_eq_1,E_count_eq_2,P_E_count",24,8
count_plus_BE_count,239,0.37591496963323756,0.4423684893247317,0.7541528004078805,"intercept,P:9.9,P:9.6,P:10.0,B:9.0,B:9.7,B:10.1,B:10.2,B:10.6,B:10.10,B:11.2,B:11.9,E:10.7,E:11.10,P_count_eq_1,P_count_eq_2,P_count_eq_3,B_count_eq_1,B_count_2_3,B_count_4_5,B_count_6_8,E_count_eq_1,E_count_eq_2,B_E_count",24,8
count_plus_all_pairs,239,0.22483055444271768,0.27778981323132945,0.9030540815287932,"intercept,P:9.9,P:9.6,P:10.0,B:9.0,B:9.7,B:10.1,B:10.2,B:10.6,B:10.10,B:11.2,B:11.9,E:10.7,E:11.10,P_count_eq_1,P_count_eq_2,P_count_eq_3,B_count_eq_1,B_count_2_3,B_count_4_5,B_count_6_8,E_count_eq_1,E_count_eq_2,P_B_count,P_E_count,B_E_count",26,8
additive_head,239,0.3879163916374073,0.4555344255330083,0.7607853809840911,"intercept,P:9.9,P:9.6,P:10.0,B:9.0,B:9.7,B:10.1,B:10.2,B:10.6,B:10.10,B:11.2,B:11.9,E:10.7,E:11.10",14,9
count_additive,239,0.39166262000396757,0.4617991703071522,0.7541605318487483,"intercept,P:9.9,P:9.6,P:10.0,B:9.0,B:9.7,B:10.1,B:10.2,B:10.6,B:10.10,B:11.2,B:11.9,E:10.7,E:11.10,P_count_eq_1,P_count_eq_2,P_count_eq_3,B_count_eq_1,B_count_2_3,B_count_4_5,B_count_6_8,E_count_eq_1,E_count_eq_2",23,9
count_plus_PB_count,239,0.38223683659148383,0.44436702570322,0.7723702820383337,"intercept,P:9.9,P:9.6,P:10.0,B:9.0,B:9.7,B:10.1,B:10.2,B:10.6,B:10.10,B:11.2,B:11.9,E:10.7,E:11.10,P_count_eq_1,P_count_eq_2,P_count_eq_3,B_count_eq_1,B_count_2_3,B_count_4_5,B_count_6_8,E_count_eq_1,E_count_eq_2,P_B_count",24,9
count_plus_PE_count,239,0.25830073500156125,0.31395549838914266,0.8863730111623743,"intercept,P:9.9,P:9.6,P:10.0,B:9.0,B:9.7,B:10.1,B:10.2,B:10.6,B:10.10,B:11.2,B:11.9,E:10.7,E:11.10,P_count_eq_1,P_count_eq_2,P_count_eq_3,B_count_eq_1,B_count_2_3,B_count_4_5,B_count_6_8,E_count_eq_1,E_count_eq_2,P_E_count",24,9
count_plus_BE_count,239,0.38854356217263686,0.455616610078918,0.7606990581194375,"intercept,P:9.9,P:9.6,P:10.0,B:9.0,B:9.7,B:10.1,B:10.2,B:10.6,B:10.10,B:11.2,B:11.9,E:10.7,E:11.10,P_count_eq_1,P_count_eq_2,P_count_eq_3,B_count_eq_1,B_count_2_3,B_count_4_5,B_count_6_8,E_count_eq_1,E_count_eq_2,B_E_count",24,9
count_plus_all_pairs,239,0.23189784677973407,0.28696205311360845,0.9050720170704492,"intercept,P:9.9,P:9.6,P:10.0,B:9.0,B:9.7,B:10.1,B:10.2,B:10.6,B:10.10,B:11.2,B:11.9,E:10.7,E:11.10,P_count_eq_1,P_count_eq_2,P_count_eq_3,B_count_eq_1,B_count_2_3,B_count_4_5,B_count_6_8,E_count_eq_1,E_count_eq_2,P_B_count,P_E_count,B_E_count",26,9
additive_head,239,0.3695143533610788,0.4370829760737,0.764660194932695,"intercept,P:9.9,P:9.6,P:10.0,B:9.0,B:9.7,B:10.1,B:10.2,B:10.6,B:10.10,B:11.2,B:11.9,E:10.7,E:11.10",14,10
count_additive,239,0.37235209916677564,0.4415808470640753,0.7597916705789761,"intercept,P:9.9,P:9.6,P:10.0,B:9.0,B:9.7,B:10.1,B:10.2,B:10.6,B:10.10,B:11.2,B:11.9,E:10.7,E:11.10,P_count_eq_1,P_count_eq_2,P_count_eq_3,B_count_eq_1,B_count_2_3,B_count_4_5,B_count_6_8,E_count_eq_1,E_count_eq_2",23,10
count_plus_PB_count,239,0.36383298254958774,0.4242473885733555,0.778279442541926,"intercept,P:9.9,P:9.6,P:10.0,B:9.0,B:9.7,B:10.1,B:10.2,B:10.6,B:10.10,B:11.2,B:11.9,E:10.7,E:11.10,P_count_eq_1,P_count_eq_2,P_count_eq_3,B_count_eq_1,B_count_2_3,B_count_4_5,B_count_6_8,E_count_eq_1,E_count_eq_2,P_B_count",24,10
count_plus_PE_count,239,0.24336028138267551,0.29608987077366883,0.8920022500800018,"intercept,P:9.9,P:9.6,P:10.0,B:9.0,B:9.7,B:10.1,B:10.2,B:10.6,B:10.10,B:11.2,B:11.9,E:10.7,E:11.10,P_count_eq_1,P_count_eq_2,P_count_eq_3,B_count_eq_1,B_count_2_3,B_count_4_5,B_count_6_8,E_count_eq_1,E_count_eq_2,P_E_count",24,10
count_plus_BE_count,239,0.37043267450268313,0.43741019787401564,0.7643076891385004,"intercept,P:9.9,P:9.6,P:10.0,B:9.0,B:9.7,B:10.1,B:10.2,B:10.6,B:10.10,B:11.2,B:11.9,E:10.7,E:11.10,P_count_eq_1,P_count_eq_2,P_count_eq_3,B_count_eq_1,B_count_2_3,B_count_4_5,B_count_6_8,E_count_eq_1,E_count_eq_2,B_E_count",24,10
count_plus_all_pairs,239,0.21903970965338107,0.27097551517275853,0.9095460143853373,"intercept,P:9.9,P:9.6,P:10.0,B:9.0,B:9.7,B:10.1,B:10.2,B:10.6,B:10.10,B:11.2,B:11.9,E:10.7,E:11.10,P_count_eq_1,P_count_eq_2,P_count_eq_3,B_count_eq_1,B_count_2_3,B_count_4_5,B_count_6_8,E_count_eq_1,E_count_eq_2,P_B_count,P_E_count,B_E_count",26,10
additive_head,239,0.3976202174709296,0.47109632511313604,0.758502436309477,"intercept,P:9.9,P:9.6,P:10.0,B:9.0,B:9.7,B:10.1,B:10.2,B:10.6,B:10.10,B:11.2,B:11.9,E:10.7,E:11.10",14,11
count_additive,239,0.4007003046508288,0.47610020628708094,0.7533449223993043,"intercept,P:9.9,P:9.6,P:10.0,B:9.0,B:9.7,B:10.1,B:10.2,B:10.6,B:10.10,B:11.2,B:11.9,E:10.7,E:11.10,P_count_eq_1,P_count_eq_2,P_count_eq_3,B_count_eq_1,B_count_2_3,B_count_4_5,B_count_6_8,E_count_eq_1,E_count_eq_2",23,11
count_plus_PB_count,239,0.3899563266087164,0.4555998243617296,0.774129030032745,"intercept,P:9.9,P:9.6,P:10.0,B:9.0,B:9.7,B:10.1,B:10.2,B:10.6,B:10.10,B:11.2,B:11.9,E:10.7,E:11.10,P_count_eq_1,P_count_eq_2,P_count_eq_3,B_count_eq_1,B_count_2_3,B_count_4_5,B_count_6_8,E_count_eq_1,E_count_eq_2,P_B_count",24,11
count_plus_PE_count,239,0.2663014796214956,0.32391001084336773,0.8858326127648927,"intercept,P:9.9,P:9.6,P:10.0,B:9.0,B:9.7,B:10.1,B:10.2,B:10.6,B:10.10,B:11.2,B:11.9,E:10.7,E:11.10,P_count_eq_1,P_count_eq_2,P_count_eq_3,B_count_eq_1,B_count_2_3,B_count_4_5,B_count_6_8,E_count_eq_1,E_count_eq_2,P_E_count",24,11
count_plus_BE_count,239,0.39623393917628913,0.4694549035513683,0.7601823845839749,"intercept,P:9.9,P:9.6,P:10.0,B:9.0,B:9.7,B:10.1,B:10.2,B:10.6,B:10.10,B:11.2,B:11.9,E:10.7,E:11.10,P_count_eq_1,P_count_eq_2,P_count_eq_3,B_count_eq_1,B_count_2_3,B_count_4_5,B_count_6_8,E_count_eq_1,E_count_eq_2,B_E_count",24,11
count_plus_all_pairs,239,0.23669221758611309,0.292290799587685,0.9070341142326208,"intercept,P:9.9,P:9.6,P:10.0,B:9.0,B:9.7,B:10.1,B:10.2,B:10.6,B:10.10,B:11.2,B:11.9,E:10.7,E:11.10,P_count_eq_1,P_count_eq_2,P_count_eq_3,B_count_eq_1,B_count_2_3,B_count_4_5,B_count_6_8,E_count_eq_1,E_count_eq_2,P_B_count,P_E_count,B_E_count",26,11
additive_head,239,0.39425136298949437,0.4649526638464098,0.762546763187895,"intercept,P:9.9,P:9.6,P:10.0,B:9.0,B:9.7,B:10.1,B:10.2,B:10.6,B:10.10,B:11.2,B:11.9,E:10.7,E:11.10",14,12
count_additive,239,0.3980681884113799,0.4707404385438234,0.756598287945969,"intercept,P:9.9,P:9.6,P:10.0,B:9.0,B:9.7,B:10.1,B:10.2,B:10.6,B:10.10,B:11.2,B:11.9,E:10.7,E:11.10,P_count_eq_1,P_count_eq_2,P_count_eq_3,B_count_eq_1,B_count_2_3,B_count_4_5,B_count_6_8,E_count_eq_1,E_count_eq_2",23,12
count_plus_PB_count,239,0.38698917008812944,0.4501508975145895,0.7774247580001379,"intercept,P:9.9,P:9.6,P:10.0,B:9.0,B:9.7,B:10.1,B:10.2,B:10.6,B:10.10,B:11.2,B:11.9,E:10.7,E:11.10,P_count_eq_1,P_count_eq_2,P_count_eq_3,B_count_eq_1,B_count_2_3,B_count_4_5,B_count_6_8,E_count_eq_1,E_count_eq_2,P_B_count",24,12
count_plus_PE_count,239,0.26679241717757,0.3233606620439101,0.8851489462517523,"intercept,P:9.9,P:9.6,P:10.0,B:9.0,B:9.7,B:10.1,B:10.2,B:10.6,B:10.10,B:11.2,B:11.9,E:10.7,E:11.10,P_count_eq_1,P_count_eq_2,P_count_eq_3,B_count_eq_1,B_count_2_3,B_count_4_5,B_count_6_8,E_count_eq_1,E_count_eq_2,P_E_count",24,12
count_plus_BE_count,239,0.3950121040056227,0.4656634202809811,0.7618202358378757,"intercept,P:9.9,P:9.6,P:10.0,B:9.0,B:9.7,B:10.1,B:10.2,B:10.6,B:10.10,B:11.2,B:11.9,E:10.7,E:11.10,P_count_eq_1,P_count_eq_2,P_count_eq_3,B_count_eq_1,B_count_2_3,B_count_4_5,B_count_6_8,E_count_eq_1,E_count_eq_2,B_E_count",24,12
count_plus_all_pairs,239,0.23780882581459345,0.2938947723281289,0.9051266281997861,"intercept,P:9.9,P:9.6,P:10.0,B:9.0,B:9.7,B:10.1,B:10.2,B:10.6,B:10.10,B:11.2,B:11.9,E:10.7,E:11.10,P_count_eq_1,P_count_eq_2,P_count_eq_3,B_count_eq_1,B_count_2_3,B_count_4_5,B_count_6_8,E_count_eq_1,E_count_eq_2,P_B_count,P_E_count,B_E_count",26,12
additive_head,239,0.3809633584541396,0.45033556318262064,0.7558520518633233,"intercept,P:9.9,P:9.6,P:10.0,B:9.0,B:9.7,B:10.1,B:10.2,B:10.6,B:10.10,B:11.2,B:11.9,E:10.7,E:11.10",14,13
count_additive,239,0.38447633615364885,0.4558798810255865,0.7498033780062523,"intercept,P:9.9,P:9.6,P:10.0,B:9.0,B:9.7,B:10.1,B:10.2,B:10.6,B:10.10,B:11.2,B:11.9,E:10.7,E:11.10,P_count_eq_1,P_count_eq_2,P_count_eq_3,B_count_eq_1,B_count_2_3,B_count_4_5,B_count_6_8,E_count_eq_1,E_count_eq_2",23,13
count_plus_PB_count,239,0.3749982178449018,0.4376399872995913,0.7694237441116097,"intercept,P:9.9,P:9.6,P:10.0,B:9.0,B:9.7,B:10.1,B:10.2,B:10.6,B:10.10,B:11.2,B:11.9,E:10.7,E:11.10,P_count_eq_1,P_count_eq_2,P_count_eq_3,B_count_eq_1,B_count_2_3,B_count_4_5,B_count_6_8,E_count_eq_1,E_count_eq_2,P_B_count",24,13
count_plus_PE_count,239,0.2532181138113019,0.3083409534763753,0.8855428279569717,"intercept,P:9.9,P:9.6,P:10.0,B:9.0,B:9.7,B:10.1,B:10.2,B:10.6,B:10.10,B:11.2,B:11.9,E:10.7,E:11.10,P_count_eq_1,P_count_eq_2,P_count_eq_3,B_count_eq_1,B_count_2_3,B_count_4_5,B_count_6_8,E_count_eq_1,E_count_eq_2,P_E_count",24,13
count_plus_BE_count,239,0.3817016966183896,0.4504220859102427,0.7557582268250721,"intercept,P:9.9,P:9.6,P:10.0,B:9.0,B:9.7,B:10.1,B:10.2,B:10.6,B:10.10,B:11.2,B:11.9,E:10.7,E:11.10,P_count_eq_1,P_count_eq_2,P_count_eq_3,B_count_eq_1,B_count_2_3,B_count_4_5,B_count_6_8,E_count_eq_1,E_count_eq_2,B_E_count",24,13
count_plus_all_pairs,239,0.22707663303146433,0.28088377278285465,0.9050196230107388,"intercept,P:9.9,P:9.6,P:10.0,B:9.0,B:9.7,B:10.1,B:10.2,B:10.6,B:10.10,B:11.2,B:11.9,E:10.7,E:11.10,P_count_eq_1,P_count_eq_2,P_count_eq_3,B_count_eq_1,B_count_2_3,B_count_4_5,B_count_6_8,E_count_eq_1,E_count_eq_2,P_B_count,P_E_count,B_E_count",26,13
additive_head,239,0.3761052753072121,0.4426798782804897,0.7621244823847312,"intercept,P:9.9,P:9.6,P:10.0,B:9.0,B:9.7,B:10.1,B:10.2,B:10.6,B:10.10,B:11.2,B:11.9,E:10.7,E:11.10",14,14
count_additive,239,0.37834137539673307,0.4471163459727489,0.7573326892129026,"intercept,P:9.9,P:9.6,P:10.0,B:9.0,B:9.7,B:10.1,B:10.2,B:10.6,B:10.10,B:11.2,B:11.9,E:10.7,E:11.10,P_count_eq_1,P_count_eq_2,P_count_eq_3,B_count_eq_1,B_count_2_3,B_count_4_5,B_count_6_8,E_count_eq_1,E_count_eq_2",23,14
count_plus_PB_count,239,0.369729448788945,0.4297309091751304,0.7758372906707667,"intercept,P:9.9,P:9.6,P:10.0,B:9.0,B:9.7,B:10.1,B:10.2,B:10.6,B:10.10,B:11.2,B:11.9,E:10.7,E:11.10,P_count_eq_1,P_count_eq_2,P_count_eq_3,B_count_eq_1,B_count_2_3,B_count_4_5,B_count_6_8,E_count_eq_1,E_count_eq_2,P_B_count",24,14
count_plus_PE_count,239,0.2492946613483784,0.302849420897516,0.8886670600145941,"intercept,P:9.9,P:9.6,P:10.0,B:9.0,B:9.7,B:10.1,B:10.2,B:10.6,B:10.10,B:11.2,B:11.9,E:10.7,E:11.10,P_count_eq_1,P_count_eq_2,P_count_eq_3,B_count_eq_1,B_count_2_3,B_count_4_5,B_count_6_8,E_count_eq_1,E_count_eq_2,P_E_count",24,14
count_plus_BE_count,239,0.3753787709514228,0.44143642831526597,0.7634589495668505,"intercept,P:9.9,P:9.6,P:10.0,B:9.0,B:9.7,B:10.1,B:10.2,B:10.6,B:10.10,B:11.2,B:11.9,E:10.7,E:11.10,P_count_eq_1,P_count_eq_2,P_count_eq_3,B_count_eq_1,B_count_2_3,B_count_4_5,B_count_6_8,E_count_eq_1,E_count_eq_2,B_E_count",24,14
count_plus_all_pairs,239,0.22358524628731402,0.2763145284484479,0.9073217929169748,"intercept,P:9.9,P:9.6,P:10.0,B:9.0,B:9.7,B:10.1,B:10.2,B:10.6,B:10.10,B:11.2,B:11.9,E:10.7,E:11.10,P_count_eq_1,P_count_eq_2,P_count_eq_3,B_count_eq_1,B_count_2_3,B_count_4_5,B_count_6_8,E_count_eq_1,E_count_eq_2,P_B_count,P_E_count,B_E_count",26,14
additive_head,239,0.39405424950359264,0.46657631788564136,0.7690528362365268,"intercept,P:9.9,P:9.6,P:10.0,B:9.0,B:9.7,B:10.1,B:10.2,B:10.6,B:10.10,B:11.2,B:11.9,E:10.7,E:11.10",14,15
count_additive,239,0.3971727795825252,0.47162511411101077,0.7640276613098588,"intercept,P:9.9,P:9.6,P:10.0,B:9.0,B:9.7,B:10.1,B:10.2,B:10.6,B:10.10,B:11.2,B:11.9,E:10.7,E:11.10,P_count_eq_1,P_count_eq_2,P_count_eq_3,B_count_eq_1,B_count_2_3,B_count_4_5,B_count_6_8,E_count_eq_1,E_count_eq_2",23,15
count_plus_PB_count,239,0.3852710146475909,0.4505981301790718,0.7845998404426808,"intercept,P:9.9,P:9.6,P:10.0,B:9.0,B:9.7,B:10.1,B:10.2,B:10.6,B:10.10,B:11.2,B:11.9,E:10.7,E:11.10,P_count_eq_1,P_count_eq_2,P_count_eq_3,B_count_eq_1,B_count_2_3,B_count_4_5,B_count_6_8,E_count_eq_1,E_count_eq_2,P_B_count",24,15
count_plus_PE_count,239,0.2654823612596595,0.32246722045387005,0.8896840273357856,"intercept,P:9.9,P:9.6,P:10.0,B:9.0,B:9.7,B:10.1,B:10.2,B:10.6,B:10.10,B:11.2,B:11.9,E:10.7,E:11.10,P_count_eq_1,P_count_eq_2,P_count_eq_3,B_count_eq_1,B_count_2_3,B_count_4_5,B_count_6_8,E_count_eq_1,E_count_eq_2,P_E_count",24,15
count_plus_BE_count,239,0.39355394524184495,0.46635758703978814,0.7692693214106328,"intercept,P:9.9,P:9.6,P:10.0,B:9.0,B:9.7,B:10.1,B:10.2,B:10.6,B:10.10,B:11.2,B:11.9,E:10.7,E:11.10,P_count_eq_1,P_count_eq_2,P_count_eq_3,B_count_eq_1,B_count_2_3,B_count_4_5,B_count_6_8,E_count_eq_1,E_count_eq_2,B_E_count",24,15
count_plus_all_pairs,239,0.23676482430830464,0.29187181437178067,0.9096243225217102,"intercept,P:9.9,P:9.6,P:10.0,B:9.0,B:9.7,B:10.1,B:10.2,B:10.6,B:10.10,B:11.2,B:11.9,E:10.7,E:11.10,P_count_eq_1,P_count_eq_2,P_count_eq_3,B_count_eq_1,B_count_2_3,B_count_4_5,B_count_6_8,E_count_eq_1,E_count_eq_2,P_B_count,P_E_count,B_E_count",26,15
additive_head,239,0.38588899532802207,0.45626259532484126,0.7670496951688328,"intercept,P:9.9,P:9.6,P:10.0,B:9.0,B:9.7,B:10.1,B:10.2,B:10.6,B:10.10,B:11.2,B:11.9,E:10.7,E:11.10",14,16
count_additive,239,0.38919335688430673,0.460911649732178,0.7622782489871059,"intercept,P:9.9,P:9.6,P:10.0,B:9.0,B:9.7,B:10.1,B:10.2,B:10.6,B:10.10,B:11.2,B:11.9,E:10.7,E:11.10,P_count_eq_1,P_count_eq_2,P_count_eq_3,B_count_eq_1,B_count_2_3,B_count_4_5,B_count_6_8,E_count_eq_1,E_count_eq_2",23,16
count_plus_PB_count,239,0.3782616699940585,0.4410852654400913,0.7822898632099473,"intercept,P:9.9,P:9.6,P:10.0,B:9.0,B:9.7,B:10.1,B:10.2,B:10.6,B:10.10,B:11.2,B:11.9,E:10.7,E:11.10,P_count_eq_1,P_count_eq_2,P_count_eq_3,B_count_eq_1,B_count_2_3,B_count_4_5,B_count_6_8,E_count_eq_1,E_count_eq_2,P_B_count",24,16
count_plus_PE_count,239,0.25834680657265396,0.3133536694410725,0.8901239294459333,"intercept,P:9.9,P:9.6,P:10.0,B:9.0,B:9.7,B:10.1,B:10.2,B:10.6,B:10.10,B:11.2,B:11.9,E:10.7,E:11.10,P_count_eq_1,P_count_eq_2,P_count_eq_3,B_count_eq_1,B_count_2_3,B_count_4_5,B_count_6_8,E_count_eq_1,E_count_eq_2,P_E_count",24,16
count_plus_BE_count,239,0.3857410228968129,0.4554838216070364,0.7678442409056444,"intercept,P:9.9,P:9.6,P:10.0,B:9.0,B:9.7,B:10.1,B:10.2,B:10.6,B:10.10,B:11.2,B:11.9,E:10.7,E:11.10,P_count_eq_1,P_count_eq_2,P_count_eq_3,B_count_eq_1,B_count_2_3,B_count_4_5,B_count_6_8,E_count_eq_1,E_count_eq_2,B_E_count",24,16
count_plus_all_pairs,239,0.23020933600375454,0.28416380952647485,0.9096410693328428,"intercept,P:9.9,P:9.6,P:10.0,B:9.0,B:9.7,B:10.1,B:10.2,B:10.6,B:10.10,B:11.2,B:11.9,E:10.7,E:11.10,P_count_eq_1,P_count_eq_2,P_count_eq_3,B_count_eq_1,B_count_2_3,B_count_4_5,B_count_6_8,E_count_eq_1,E_count_eq_2,P_B_count,P_E_count,B_E_count",26,16
additive_head,239,0.38222783253846854,0.45015681427661247,0.7636881938729241,"intercept,P:9.9,P:9.6,P:10.0,B:9.0,B:9.7,B:10.1,B:10.2,B:10.6,B:10.10,B:11.2,B:11.9,E:10.7,E:11.10",14,17
count_additive,239,0.38511862885150144,0.455044319908875,0.7585289017048666,"intercept,P:9.9,P:9.6,P:10.0,B:9.0,B:9.7,B:10.1,B:10.2,B:10.6,B:10.10,B:11.2,B:11.9,E:10.7,E:11.10,P_count_eq_1,P_count_eq_2,P_count_eq_3,B_count_eq_1,B_count_2_3,B_count_4_5,B_count_6_8,E_count_eq_1,E_count_eq_2",23,17
count_plus_PB_count,239,0.37651459072553467,0.4374929857739566,0.7767970392923196,"intercept,P:9.9,P:9.6,P:10.0,B:9.0,B:9.7,B:10.1,B:10.2,B:10.6,B:10.10,B:11.2,B:11.9,E:10.7,E:11.10,P_count_eq_1,P_count_eq_2,P_count_eq_3,B_count_eq_1,B_count_2_3,B_count_4_5,B_count_6_8,E_count_eq_1,E_count_eq_2,P_B_count",24,17
count_plus_PE_count,239,0.25372994040613256,0.30869536874790204,0.8888734094544934,"intercept,P:9.9,P:9.6,P:10.0,B:9.0,B:9.7,B:10.1,B:10.2,B:10.6,B:10.10,B:11.2,B:11.9,E:10.7,E:11.10,P_count_eq_1,P_count_eq_2,P_count_eq_3,B_count_eq_1,B_count_2_3,B_count_4_5,B_count_6_8,E_count_eq_1,E_count_eq_2,P_E_count",24,17
count_plus_BE_count,239,0.382498341488486,0.4493089420076981,0.764577544114135,"intercept,P:9.9,P:9.6,P:10.0,B:9.0,B:9.7,B:10.1,B:10.2,B:10.6,B:10.10,B:11.2,B:11.9,E:10.7,E:11.10,P_count_eq_1,P_count_eq_2,P_count_eq_3,B_count_eq_1,B_count_2_3,B_count_4_5,B_count_6_8,E_count_eq_1,E_count_eq_2,B_E_count",24,17
count_plus_all_pairs,239,0.22785988908716728,0.2820513406148158,0.9072286025171511,"intercept,P:9.9,P:9.6,P:10.0,B:9.0,B:9.7,B:10.1,B:10.2,B:10.6,B:10.10,B:11.2,B:11.9,E:10.7,E:11.10,P_count_eq_1,P_count_eq_2,P_count_eq_3,B_count_eq_1,B_count_2_3,B_count_4_5,B_count_6_8,E_count_eq_1,E_count_eq_2,P_B_count,P_E_count,B_E_count",26,17
additive_head,239,0.37084006782078843,0.43875339787764756,0.7786198669689675,"intercept,P:9.9,P:9.6,P:10.0,B:9.0,B:9.7,B:10.1,B:10.2,B:10.6,B:10.10,B:11.2,B:11.9,E:10.7,E:11.10",14,18
count_additive,239,0.373386343850383,0.4428952394996719,0.7744204723525431,"intercept,P:9.9,P:9.6,P:10.0,B:9.0,B:9.7,B:10.1,B:10.2,B:10.6,B:10.10,B:11.2,B:11.9,E:10.7,E:11.10,P_count_eq_1,P_count_eq_2,P_count_eq_3,B_count_eq_1,B_count_2_3,B_count_4_5,B_count_6_8,E_count_eq_1,E_count_eq_2",23,18
count_plus_PB_count,239,0.36341355591438307,0.4237067778550224,0.7935435378483763,"intercept,P:9.9,P:9.6,P:10.0,B:9.0,B:9.7,B:10.1,B:10.2,B:10.6,B:10.10,B:11.2,B:11.9,E:10.7,E:11.10,P_count_eq_1,P_count_eq_2,P_count_eq_3,B_count_eq_1,B_count_2_3,B_count_4_5,B_count_6_8,E_count_eq_1,E_count_eq_2,P_B_count",24,18
count_plus_PE_count,239,0.24705098944321052,0.3003147332553629,0.8962827635874304,"intercept,P:9.9,P:9.6,P:10.0,B:9.0,B:9.7,B:10.1,B:10.2,B:10.6,B:10.10,B:11.2,B:11.9,E:10.7,E:11.10,P_count_eq_1,P_count_eq_2,P_count_eq_3,B_count_eq_1,B_count_2_3,B_count_4_5,B_count_6_8,E_count_eq_1,E_count_eq_2,P_E_count",24,18
count_plus_BE_count,239,0.369565494576602,0.4375330504325309,0.779849646471432,"intercept,P:9.9,P:9.6,P:10.0,B:9.0,B:9.7,B:10.1,B:10.2,B:10.6,B:10.10,B:11.2,B:11.9,E:10.7,E:11.10,P_count_eq_1,P_count_eq_2,P_count_eq_3,B_count_eq_1,B_count_2_3,B_count_4_5,B_count_6_8,E_count_eq_1,E_count_eq_2,B_E_count",24,18
count_plus_all_pairs,239,0.2200124723610838,0.2716800643037693,0.9151184696174404,"intercept,P:9.9,P:9.6,P:10.0,B:9.0,B:9.7,B:10.1,B:10.2,B:10.6,B:10.10,B:11.2,B:11.9,E:10.7,E:11.10,P_count_eq_1,P_count_eq_2,P_count_eq_3,B_count_eq_1,B_count_2_3,B_count_4_5,B_count_6_8,E_count_eq_1,E_count_eq_2,P_B_count,P_E_count,B_E_count",26,18
additive_head,239,0.3939800305378385,0.46412478222885334,0.7598465303347239,"intercept,P:9.9,P:9.6,P:10.0,B:9.0,B:9.7,B:10.1,B:10.2,B:10.6,B:10.10,B:11.2,B:11.9,E:10.7,E:11.10",14,19
count_additive,239,0.3972671016202314,0.4690749035833991,0.7546965001016606,"intercept,P:9.9,P:9.6,P:10.0,B:9.0,B:9.7,B:10.1,B:10.2,B:10.6,B:10.10,B:11.2,B:11.9,E:10.7,E:11.10,P_count_eq_1,P_count_eq_2,P_count_eq_3,B_count_eq_1,B_count_2_3,B_count_4_5,B_count_6_8,E_count_eq_1,E_count_eq_2",23,19
count_plus_PB_count,239,0.38813039001281197,0.45098707859759074,0.7732498690729837,"intercept,P:9.9,P:9.6,P:10.0,B:9.0,B:9.7,B:10.1,B:10.2,B:10.6,B:10.10,B:11.2,B:11.9,E:10.7,E:11.10,P_count_eq_1,P_count_eq_2,P_count_eq_3,B_count_eq_1,B_count_2_3,B_count_4_5,B_count_6_8,E_count_eq_1,E_count_eq_2,P_B_count",24,19
count_plus_PE_count,239,0.26126630855750205,0.3168339605239755,0.8880864167921376,"intercept,P:9.9,P:9.6,P:10.0,B:9.0,B:9.7,B:10.1,B:10.2,B:10.6,B:10.10,B:11.2,B:11.9,E:10.7,E:11.10,P_count_eq_1,P_count_eq_2,P_count_eq_3,B_count_eq_1,B_count_2_3,B_count_4_5,B_count_6_8,E_count_eq_1,E_count_eq_2,P_E_count",24,19
count_plus_BE_count,239,0.39471606624130856,0.46374533939406287,0.7602390422953563,"intercept,P:9.9,P:9.6,P:10.0,B:9.0,B:9.7,B:10.1,B:10.2,B:10.6,B:10.10,B:11.2,B:11.9,E:10.7,E:11.10,P_count_eq_1,P_count_eq_2,P_count_eq_3,B_count_eq_1,B_count_2_3,B_count_4_5,B_count_6_8,E_count_eq_1,E_count_eq_2,B_E_count",24,19
count_plus_all_pairs,239,0.23490712549011275,0.28977505062669984,0.9063858864125482,"intercept,P:9.9,P:9.6,P:10.0,B:9.0,B:9.7,B:10.1,B:10.2,B:10.6,B:10.10,B:11.2,B:11.9,E:10.7,E:11.10,P_count_eq_1,P_count_eq_2,P_count_eq_3,B_count_eq_1,B_count_2_3,B_count_4_5,B_count_6_8,E_count_eq_1,E_count_eq_2,P_B_count,P_E_count,B_E_count",26,19
additive_head,239,0.39075608037229803,0.46161981103778366,0.7576027418470359,"intercept,P:9.9,P:9.6,P:10.0,B:9.0,B:9.7,B:10.1,B:10.2,B:10.6,B:10.10,B:11.2,B:11.9,E:10.7,E:11.10",14,20
count_additive,239,0.393796979627047,0.46723246563763454,0.7516724810626562,"intercept,P:9.9,P:9.6,P:10.0,B:9.0,B:9.7,B:10.1,B:10.2,B:10.6,B:10.10,B:11.2,B:11.9,E:10.7,E:11.10,P_count_eq_1,P_count_eq_2,P_count_eq_3,B_count_eq_1,B_count_2_3,B_count_4_5,B_count_6_8,E_count_eq_1,E_count_eq_2",23,20
count_plus_PB_count,239,0.38355354589275886,0.447902699257117,0.7717944592693176,"intercept,P:9.9,P:9.6,P:10.0,B:9.0,B:9.7,B:10.1,B:10.2,B:10.6,B:10.10,B:11.2,B:11.9,E:10.7,E:11.10,P_count_eq_1,P_count_eq_2,P_count_eq_3,B_count_eq_1,B_count_2_3,B_count_4_5,B_count_6_8,E_count_eq_1,E_count_eq_2,P_B_count",24,20
count_plus_PE_count,239,0.26060403988963166,0.3176839231116037,0.8851980407985162,"intercept,P:9.9,P:9.6,P:10.0,B:9.0,B:9.7,B:10.1,B:10.2,B:10.6,B:10.10,B:11.2,B:11.9,E:10.7,E:11.10,P_count_eq_1,P_count_eq_2,P_count_eq_3,B_count_eq_1,B_count_2_3,B_count_4_5,B_count_6_8,E_count_eq_1,E_count_eq_2,P_E_count",24,20
count_plus_BE_count,239,0.389988127509275,0.46106682043477987,0.7581831463924851,"intercept,P:9.9,P:9.6,P:10.0,B:9.0,B:9.7,B:10.1,B:10.2,B:10.6,B:10.10,B:11.2,B:11.9,E:10.7,E:11.10,P_count_eq_1,P_count_eq_2,P_count_eq_3,B_count_eq_1,B_count_2_3,B_count_4_5,B_count_6_8,E_count_eq_1,E_count_eq_2,B_E_count",24,20
count_plus_all_pairs,239,0.23291335242110828,0.2882169286861743,0.905507400395617,"intercept,P:9.9,P:9.6,P:10.0,B:9.0,B:9.7,B:10.1,B:10.2,B:10.6,B:10.10,B:11.2,B:11.9,E:10.7,E:11.10,P_count_eq_1,P_count_eq_2,P_count_eq_3,B_count_eq_1,B_count_2_3,B_count_4_5,B_count_6_8,E_count_eq_1,E_count_eq_2,P_B_count,P_E_count,B_E_count",26,20
additive_head,239,0.3672260519993336,0.43452751899586595,0.7708836926234671,"intercept,P:9.9,P:9.6,P:10.0,B:9.0,B:9.7,B:10.1,B:10.2,B:10.6,B:10.10,B:11.2,B:11.9,E:10.7,E:11.10",14,21
count_additive,239,0.3697240171566694,0.43900782864248256,0.7661346076183327,"intercept,P:9.9,P:9.6,P:10.0,B:9.0,B:9.7,B:10.1,B:10.2,B:10.6,B:10.10,B:11.2,B:11.9,E:10.7,E:11.10,P_count_eq_1,P_count_eq_2,P_count_eq_3,B_count_eq_1,B_count_2_3,B_count_4_5,B_count_6_8,E_count_eq_1,E_count_eq_2",23,21
count_plus_PB_count,239,0.35934191318288006,0.4196472402966928,0.7863070609025303,"intercept,P:9.9,P:9.6,P:10.0,B:9.0,B:9.7,B:10.1,B:10.2,B:10.6,B:10.10,B:11.2,B:11.9,E:10.7,E:11.10,P_count_eq_1,P_count_eq_2,P_count_eq_3,B_count_eq_1,B_count_2_3,B_count_4_5,B_count_6_8,E_count_eq_1,E_count_eq_2,P_B_count",24,21
count_plus_PE_count,239,0.24681728397851227,0.30043560458140156,0.8904722342590732,"intercept,P:9.9,P:9.6,P:10.0,B:9.0,B:9.7,B:10.1,B:10.2,B:10.6,B:10.10,B:11.2,B:11.9,E:10.7,E:11.10,P_count_eq_1,P_count_eq_2,P_count_eq_3,B_count_eq_1,B_count_2_3,B_count_4_5,B_count_6_8,E_count_eq_1,E_count_eq_2,P_E_count",24,21
count_plus_BE_count,239,0.36637614442213384,0.43417197592598716,0.7712584784998939,"intercept,P:9.9,P:9.6,P:10.0,B:9.0,B:9.7,B:10.1,B:10.2,B:10.6,B:10.10,B:11.2,B:11.9,E:10.7,E:11.10,P_count_eq_1,P_count_eq_2,P_count_eq_3,B_count_eq_1,B_count_2_3,B_count_4_5,B_count_6_8,E_count_eq_1,E_count_eq_2,B_E_count",24,21
count_plus_all_pairs,239,0.22052220085749102,0.27242879130986153,0.9099409344194106,"intercept,P:9.9,P:9.6,P:10.0,B:9.0,B:9.7,B:10.1,B:10.2,B:10.6,B:10.10,B:11.2,B:11.9,E:10.7,E:11.10,P_count_eq_1,P_count_eq_2,P_count_eq_3,B_count_eq_1,B_count_2_3,B_count_4_5,B_count_6_8,E_count_eq_1,E_count_eq_2,P_B_count,P_E_count,B_E_count",26,21
additive_head,239,0.4011677460081723,0.47594970807318243,0.7592669348850561,"intercept,P:9.9,P:9.6,P:10.0,B:9.0,B:9.7,B:10.1,B:10.2,B:10.6,B:10.10,B:11.2,B:11.9,E:10.7,E:11.10",14,22
count_additive,239,0.4044551046030957,0.48117960407337684,0.7539473556094465,"intercept,P:9.9,P:9.6,P:10.0,B:9.0,B:9.7,B:10.1,B:10.2,B:10.6,B:10.10,B:11.2,B:11.9,E:10.7,E:11.10,P_count_eq_1,P_count_eq_2,P_count_eq_3,B_count_eq_1,B_count_2_3,B_count_4_5,B_count_6_8,E_count_eq_1,E_count_eq_2",23,22
count_plus_PB_count,239,0.3919697533534915,0.4592741259373183,0.775840280458409,"intercept,P:9.9,P:9.6,P:10.0,B:9.0,B:9.7,B:10.1,B:10.2,B:10.6,B:10.10,B:11.2,B:11.9,E:10.7,E:11.10,P_count_eq_1,P_count_eq_2,P_count_eq_3,B_count_eq_1,B_count_2_3,B_count_4_5,B_count_6_8,E_count_eq_1,E_count_eq_2,P_B_count",24,22
count_plus_PE_count,239,0.2729912279055505,0.33228507759683734,0.8826629156646758,"intercept,P:9.9,P:9.6,P:10.0,B:9.0,B:9.7,B:10.1,B:10.2,B:10.6,B:10.10,B:11.2,B:11.9,E:10.7,E:11.10,P_count_eq_1,P_count_eq_2,P_count_eq_3,B_count_eq_1,B_count_2_3,B_count_4_5,B_count_6_8,E_count_eq_1,E_count_eq_2,P_E_count",24,22
count_plus_BE_count,239,0.3996038324192069,0.47444067229187525,0.760791040929246,"intercept,P:9.9,P:9.6,P:10.0,B:9.0,B:9.7,B:10.1,B:10.2,B:10.6,B:10.10,B:11.2,B:11.9,E:10.7,E:11.10,P_count_eq_1,P_count_eq_2,P_count_eq_3,B_count_eq_1,B_count_2_3,B_count_4_5,B_count_6_8,E_count_eq_1,E_count_eq_2,B_E_count",24,22
count_plus_all_pairs,239,0.24219766689144684,0.29924659875235315,0.9048361372993011,"intercept,P:9.9,P:9.6,P:10.0,B:9.0,B:9.7,B:10.1,B:10.2,B:10.6,B:10.10,B:11.2,B:11.9,E:10.7,E:11.10,P_count_eq_1,P_count_eq_2,P_count_eq_3,B_count_eq_1,B_count_2_3,B_count_4_5,B_count_6_8,E_count_eq_1,E_count_eq_2,P_B_count,P_E_count,B_E_count",26,22
additive_head,239,0.3800326586129639,0.4487684816714277,0.7618242156027045,"intercept,P:9.9,P:9.6,P:10.0,B:9.0,B:9.7,B:10.1,B:10.2,B:10.6,B:10.10,B:11.2,B:11.9,E:10.7,E:11.10",14,23
count_additive,239,0.38339523226942146,0.453797651656625,0.7564560209186227,"intercept,P:9.9,P:9.6,P:10.0,B:9.0,B:9.7,B:10.1,B:10.2,B:10.6,B:10.10,B:11.2,B:11.9,E:10.7,E:11.10,P_count_eq_1,P_count_eq_2,P_count_eq_3,B_count_eq_1,B_count_2_3,B_count_4_5,B_count_6_8,E_count_eq_1,E_count_eq_2",23,23
count_plus_PB_count,239,0.37334534932354557,0.4343656424111587,0.7768669812305674,"intercept,P:9.9,P:9.6,P:10.0,B:9.0,B:9.7,B:10.1,B:10.2,B:10.6,B:10.10,B:11.2,B:11.9,E:10.7,E:11.10,P_count_eq_1,P_count_eq_2,P_count_eq_3,B_count_eq_1,B_count_2_3,B_count_4_5,B_count_6_8,E_count_eq_1,E_count_eq_2,P_B_count",24,23
count_plus_PE_count,239,0.2534838601981416,0.3072055496604757,0.8883879659301971,"intercept,P:9.9,P:9.6,P:10.0,B:9.0,B:9.7,B:10.1,B:10.2,B:10.6,B:10.10,B:11.2,B:11.9,E:10.7,E:11.10,P_count_eq_1,P_count_eq_2,P_count_eq_3,B_count_eq_1,B_count_2_3,B_count_4_5,B_count_6_8,E_count_eq_1,E_count_eq_2,P_E_count",24,23
count_plus_BE_count,239,0.38091513469274907,0.4498581525245149,0.7606661650187989,"intercept,P:9.9,P:9.6,P:10.0,B:9.0,B:9.7,B:10.1,B:10.2,B:10.6,B:10.10,B:11.2,B:11.9,E:10.7,E:11.10,P_count_eq_1,P_count_eq_2,P_count_eq_3,B_count_eq_1,B_count_2_3,B_count_4_5,B_count_6_8,E_count_eq_1,E_count_eq_2,B_E_count",24,23
count_plus_all_pairs,239,0.2269074184817047,0.2799340582875649,0.9073246169664014,"intercept,P:9.9,P:9.6,P:10.0,B:9.0,B:9.7,B:10.1,B:10.2,B:10.6,B:10.10,B:11.2,B:11.9,E:10.7,E:11.10,P_count_eq_1,P_count_eq_2,P_count_eq_3,B_count_eq_1,B_count_2_3,B_count_4_5,B_count_6_8,E_count_eq_1,E_count_eq_2,P_B_count,P_E_count,B_E_count",26,23
additive_head,239,0.3652445773669325,0.4347178455414876,0.7716878824101336,"intercept,P:9.9,P:9.6,P:10.0,B:9.0,B:9.7,B:10.1,B:10.2,B:10.6,B:10.10,B:11.2,B:11.9,E:10.7,E:11.10",14,24
count_additive,239,0.36793115749348165,0.43881398791433585,0.7673650559183051,"intercept,P:9.9,P:9.6,P:10.0,B:9.0,B:9.7,B:10.1,B:10.2,B:10.6,B:10.10,B:11.2,B:11.9,E:10.7,E:11.10,P_count_eq_1,P_count_eq_2,P_count_eq_3,B_count_eq_1,B_count_2_3,B_count_4_5,B_count_6_8,E_count_eq_1,E_count_eq_2",23,24
count_plus_PB_count,239,0.3582115511004734,0.42044049787718807,0.7864384284367462,"intercept,P:9.9,P:9.6,P:10.0,B:9.0,B:9.7,B:10.1,B:10.2,B:10.6,B:10.10,B:11.2,B:11.9,E:10.7,E:11.10,P_count_eq_1,P_count_eq_2,P_count_eq_3,B_count_eq_1,B_count_2_3,B_count_4_5,B_count_6_8,E_count_eq_1,E_count_eq_2,P_B_count",24,24
count_plus_PE_count,239,0.23955033054361224,0.29289004270081453,0.8963609939113963,"intercept,P:9.9,P:9.6,P:10.0,B:9.0,B:9.7,B:10.1,B:10.2,B:10.6,B:10.10,B:11.2,B:11.9,E:10.7,E:11.10,P_count_eq_1,P_count_eq_2,P_count_eq_3,B_count_eq_1,B_count_2_3,B_count_4_5,B_count_6_8,E_count_eq_1,E_count_eq_2,P_E_count",24,24
count_plus_BE_count,239,0.3645118814996448,0.4336767922669379,0.772780087289347,"intercept,P:9.9,P:9.6,P:10.0,B:9.0,B:9.7,B:10.1,B:10.2,B:10.6,B:10.10,B:11.2,B:11.9,E:10.7,E:11.10,P_count_eq_1,P_count_eq_2,P_count_eq_3,B_count_eq_1,B_count_2_3,B_count_4_5,B_count_6_8,E_count_eq_1,E_count_eq_2,B_E_count",24,24
count_plus_all_pairs,239,0.213963482958797,0.2650693217164597,0.9151146080617244,"intercept,P:9.9,P:9.6,P:10.0,B:9.0,B:9.7,B:10.1,B:10.2,B:10.6,B:10.10,B:11.2,B:11.9,E:10.7,E:11.10,P_count_eq_1,P_count_eq_2,P_count_eq_3,B_count_eq_1,B_count_2_3,B_count_4_5,B_count_6_8,E_count_eq_1,E_count_eq_2,P_B_count,P_E_count,B_E_count",26,24
additive_head,239,0.40175181097670387,0.472068188729261,0.7486421542430822,"intercept,P:9.9,P:9.6,P:10.0,B:9.0,B:9.7,B:10.1,B:10.2,B:10.6,B:10.10,B:11.2,B:11.9,E:10.7,E:11.10",14,25
count_additive,239,0.40547224287544287,0.4778538507227133,0.7424431205567228,"intercept,P:9.9,P:9.6,P:10.0,B:9.0,B:9.7,B:10.1,B:10.2,B:10.6,B:10.10,B:11.2,B:11.9,E:10.7,E:11.10,P_count_eq_1,P_count_eq_2,P_count_eq_3,B_count_eq_1,B_count_2_3,B_count_4_5,B_count_6_8,E_count_eq_1,E_count_eq_2",23,25
count_plus_PB_count,239,0.39587783361254714,0.4590821803326775,0.7622810268688117,"intercept,P:9.9,P:9.6,P:10.0,B:9.0,B:9.7,B:10.1,B:10.2,B:10.6,B:10.10,B:11.2,B:11.9,E:10.7,E:11.10,P_count_eq_1,P_count_eq_2,P_count_eq_3,B_count_eq_1,B_count_2_3,B_count_4_5,B_count_6_8,E_count_eq_1,E_count_eq_2,P_B_count",24,25
count_plus_PE_count,239,0.2699634042083757,0.32701712229414687,0.879378712607804,"intercept,P:9.9,P:9.6,P:10.0,B:9.0,B:9.7,B:10.1,B:10.2,B:10.6,B:10.10,B:11.2,B:11.9,E:10.7,E:11.10,P_count_eq_1,P_count_eq_2,P_count_eq_3,B_count_eq_1,B_count_2_3,B_count_4_5,B_count_6_8,E_count_eq_1,E_count_eq_2,P_E_count",24,25
count_plus_BE_count,239,0.40291515020842256,0.47269850217896653,0.7479704716061646,"intercept,P:9.9,P:9.6,P:10.0,B:9.0,B:9.7,B:10.1,B:10.2,B:10.6,B:10.10,B:11.2,B:11.9,E:10.7,E:11.10,P_count_eq_1,P_count_eq_2,P_count_eq_3,B_count_eq_1,B_count_2_3,B_count_4_5,B_count_6_8,E_count_eq_1,E_count_eq_2,B_E_count",24,25
count_plus_all_pairs,239,0.24272398968724493,0.2996704749076035,0.8987089934979899,"intercept,P:9.9,P:9.6,P:10.0,B:9.0,B:9.7,B:10.1,B:10.2,B:10.6,B:10.10,B:11.2,B:11.9,E:10.7,E:11.10,P_count_eq_1,P_count_eq_2,P_count_eq_3,B_count_eq_1,B_count_2_3,B_count_4_5,B_count_6_8,E_count_eq_1,E_count_eq_2,P_B_count,P_E_count,B_E_count",26,25
additive_head,239,0.37951443981446104,0.4503518620347622,0.7618095164973251,"intercept,P:9.9,P:9.6,P:10.0,B:9.0,B:9.7,B:10.1,B:10.2,B:10.6,B:10.10,B:11.2,B:11.9,E:10.7,E:11.10",14,26
count_additive,239,0.382292277139683,0.455013337980653,0.7568531007818533,"intercept,P:9.9,P:9.6,P:10.0,B:9.0,B:9.7,B:10.1,B:10.2,B:10.6,B:10.10,B:11.2,B:11.9,E:10.7,E:11.10,P_count_eq_1,P_count_eq_2,P_count_eq_3,B_count_eq_1,B_count_2_3,B_count_4_5,B_count_6_8,E_count_eq_1,E_count_eq_2",23,26
count_plus_PB_count,239,0.3706549738153172,0.43389187064519397,0.7789026653470787,"intercept,P:9.9,P:9.6,P:10.0,B:9.0,B:9.7,B:10.1,B:10.2,B:10.6,B:10.10,B:11.2,B:11.9,E:10.7,E:11.10,P_count_eq_1,P_count_eq_2,P_count_eq_3,B_count_eq_1,B_count_2_3,B_count_4_5,B_count_6_8,E_count_eq_1,E_count_eq_2,P_B_count",24,26
count_plus_PE_count,239,0.25708083626812084,0.3128837231826548,0.8850294994070621,"intercept,P:9.9,P:9.6,P:10.0,B:9.0,B:9.7,B:10.1,B:10.2,B:10.6,B:10.10,B:11.2,B:11.9,E:10.7,E:11.10,P_count_eq_1,P_count_eq_2,P_count_eq_3,B_count_eq_1,B_count_2_3,B_count_4_5,B_count_6_8,E_count_eq_1,E_count_eq_2,P_E_count",24,26
count_plus_BE_count,239,0.3787018274232644,0.4501544011797086,0.7620183442580811,"intercept,P:9.9,P:9.6,P:10.0,B:9.0,B:9.7,B:10.1,B:10.2,B:10.6,B:10.10,B:11.2,B:11.9,E:10.7,E:11.10,P_count_eq_1,P_count_eq_2,P_count_eq_3,B_count_eq_1,B_count_2_3,B_count_4_5,B_count_6_8,E_count_eq_1,E_count_eq_2,B_E_count",24,26
count_plus_all_pairs,239,0.2288220634417564,0.2826459139498529,0.9061777370916639,"intercept,P:9.9,P:9.6,P:10.0,B:9.0,B:9.7,B:10.1,B:10.2,B:10.6,B:10.10,B:11.2,B:11.9,E:10.7,E:11.10,P_count_eq_1,P_count_eq_2,P_count_eq_3,B_count_eq_1,B_count_2_3,B_count_4_5,B_count_6_8,E_count_eq_1,E_count_eq_2,P_B_count,P_E_count,B_E_count",26,26
additive_head,239,0.3851097723324647,0.45435904581690156,0.7585130669356193,"intercept,P:9.9,P:9.6,P:10.0,B:9.0,B:9.7,B:10.1,B:10.2,B:10.6,B:10.10,B:11.2,B:11.9,E:10.7,E:11.10",14,27
count_additive,239,0.38806864693390347,0.4591897597581034,0.7533508250159558,"intercept,P:9.9,P:9.6,P:10.0,B:9.0,B:9.7,B:10.1,B:10.2,B:10.6,B:10.10,B:11.2,B:11.9,E:10.7,E:11.10,P_count_eq_1,P_count_eq_2,P_count_eq_3,B_count_eq_1,B_count_2_3,B_count_4_5,B_count_6_8,E_count_eq_1,E_count_eq_2",23,27
count_plus_PB_count,239,0.3784755913230463,0.4402935996059527,0.7732329121402649,"intercept,P:9.9,P:9.6,P:10.0,B:9.0,B:9.7,B:10.1,B:10.2,B:10.6,B:10.10,B:11.2,B:11.9,E:10.7,E:11.10,P_count_eq_1,P_count_eq_2,P_count_eq_3,B_count_eq_1,B_count_2_3,B_count_4_5,B_count_6_8,E_count_eq_1,E_count_eq_2,P_B_count",24,27
count_plus_PE_count,239,0.25728322829236777,0.3122879051577472,0.8859210258618757,"intercept,P:9.9,P:9.6,P:10.0,B:9.0,B:9.7,B:10.1,B:10.2,B:10.6,B:10.10,B:11.2,B:11.9,E:10.7,E:11.10,P_count_eq_1,P_count_eq_2,P_count_eq_3,B_count_eq_1,B_count_2_3,B_count_4_5,B_count_6_8,E_count_eq_1,E_count_eq_2,P_E_count",24,27
count_plus_BE_count,239,0.3851478141359463,0.45342789206660056,0.759501849055368,"intercept,P:9.9,P:9.6,P:10.0,B:9.0,B:9.7,B:10.1,B:10.2,B:10.6,B:10.10,B:11.2,B:11.9,E:10.7,E:11.10,P_count_eq_1,P_count_eq_2,P_count_eq_3,B_count_eq_1,B_count_2_3,B_count_4_5,B_count_6_8,E_count_eq_1,E_count_eq_2,B_E_count",24,27
count_plus_all_pairs,239,0.2299236766924535,0.28392029041444855,0.9057051140882343,"intercept,P:9.9,P:9.6,P:10.0,B:9.0,B:9.7,B:10.1,B:10.2,B:10.6,B:10.10,B:11.2,B:11.9,E:10.7,E:11.10,P_count_eq_1,P_count_eq_2,P_count_eq_3,B_count_eq_1,B_count_2_3,B_count_4_5,B_count_6_8,E_count_eq_1,E_count_eq_2,P_B_count,P_E_count,B_E_count",26,27
additive_head,239,0.39240064809085945,0.46494977120529374,0.7609859066292908,"intercept,P:9.9,P:9.6,P:10.0,B:9.0,B:9.7,B:10.1,B:10.2,B:10.6,B:10.10,B:11.2,B:11.9,E:10.7,E:11.10",14,28
count_additive,239,0.3965258882102311,0.4705429193153132,0.7552008428493624,"intercept,P:9.9,P:9.6,P:10.0,B:9.0,B:9.7,B:10.1,B:10.2,B:10.6,B:10.10,B:11.2,B:11.9,E:10.7,E:11.10,P_count_eq_1,P_count_eq_2,P_count_eq_3,B_count_eq_1,B_count_2_3,B_count_4_5,B_count_6_8,E_count_eq_1,E_count_eq_2",23,28
count_plus_PB_count,239,0.3847620022720691,0.4492733946021672,0.7768315305105187,"intercept,P:9.9,P:9.6,P:10.0,B:9.0,B:9.7,B:10.1,B:10.2,B:10.6,B:10.10,B:11.2,B:11.9,E:10.7,E:11.10,P_count_eq_1,P_count_eq_2,P_count_eq_3,B_count_eq_1,B_count_2_3,B_count_4_5,B_count_6_8,E_count_eq_1,E_count_eq_2,P_B_count",24,28
count_plus_PE_count,239,0.2661729686958171,0.32345177905347505,0.8843273936109347,"intercept,P:9.9,P:9.6,P:10.0,B:9.0,B:9.7,B:10.1,B:10.2,B:10.6,B:10.10,B:11.2,B:11.9,E:10.7,E:11.10,P_count_eq_1,P_count_eq_2,P_count_eq_3,B_count_eq_1,B_count_2_3,B_count_4_5,B_count_6_8,E_count_eq_1,E_count_eq_2,P_E_count",24,28
count_plus_BE_count,239,0.3927522343840198,0.465248601458226,0.7606785719482125,"intercept,P:9.9,P:9.6,P:10.0,B:9.0,B:9.7,B:10.1,B:10.2,B:10.6,B:10.10,B:11.2,B:11.9,E:10.7,E:11.10,P_count_eq_1,P_count_eq_2,P_count_eq_3,B_count_eq_1,B_count_2_3,B_count_4_5,B_count_6_8,E_count_eq_1,E_count_eq_2,B_E_count",24,28
count_plus_all_pairs,239,0.23762664467525987,0.29275426477316707,0.9052415618229035,"intercept,P:9.9,P:9.6,P:10.0,B:9.0,B:9.7,B:10.1,B:10.2,B:10.6,B:10.10,B:11.2,B:11.9,E:10.7,E:11.10,P_count_eq_1,P_count_eq_2,P_count_eq_3,B_count_eq_1,B_count_2_3,B_count_4_5,B_count_6_8,E_count_eq_1,E_count_eq_2,P_B_count,P_E_count,B_E_count",26,28
additive_head,239,0.37249327159152146,0.4393077251798891,0.7606442191861618,"intercept,P:9.9,P:9.6,P:10.0,B:9.0,B:9.7,B:10.1,B:10.2,B:10.6,B:10.10,B:11.2,B:11.9,E:10.7,E:11.10",14,29
count_additive,239,0.375568468604093,0.443799860140554,0.7557241336754433,"intercept,P:9.9,P:9.6,P:10.0,B:9.0,B:9.7,B:10.1,B:10.2,B:10.6,B:10.10,B:11.2,B:11.9,E:10.7,E:11.10,P_count_eq_1,P_count_eq_2,P_count_eq_3,B_count_eq_1,B_count_2_3,B_count_4_5,B_count_6_8,E_count_eq_1,E_count_eq_2",23,29
count_plus_PB_count,239,0.36654180242559575,0.42622665746689936,0.7746863740526804,"intercept,P:9.9,P:9.6,P:10.0,B:9.0,B:9.7,B:10.1,B:10.2,B:10.6,B:10.10,B:11.2,B:11.9,E:10.7,E:11.10,P_count_eq_1,P_count_eq_2,P_count_eq_3,B_count_eq_1,B_count_2_3,B_count_4_5,B_count_6_8,E_count_eq_1,E_count_eq_2,P_B_count",24,29
count_plus_PE_count,239,0.24860346877873474,0.30159523226850904,0.8871880298953175,"intercept,P:9.9,P:9.6,P:10.0,B:9.0,B:9.7,B:10.1,B:10.2,B:10.6,B:10.10,B:11.2,B:11.9,E:10.7,E:11.10,P_count_eq_1,P_count_eq_2,P_count_eq_3,B_count_eq_1,B_count_2_3,B_count_4_5,B_count_6_8,E_count_eq_1,E_count_eq_2,P_E_count",24,29
count_plus_BE_count,239,0.3734102508357634,0.43919563173843196,0.7607663512984718,"intercept,P:9.9,P:9.6,P:10.0,B:9.0,B:9.7,B:10.1,B:10.2,B:10.6,B:10.10,B:11.2,B:11.9,E:10.7,E:11.10,P_count_eq_1,P_count_eq_2,P_count_eq_3,B_count_eq_1,B_count_2_3,B_count_4_5,B_count_6_8,E_count_eq_1,E_count_eq_2,B_E_count",24,29
count_plus_all_pairs,239,0.22342538302929277,0.2760064334536612,0.9055189631846493,"intercept,P:9.9,P:9.6,P:10.0,B:9.0,B:9.7,B:10.1,B:10.2,B:10.6,B:10.10,B:11.2,B:11.9,E:10.7,E:11.10,P_count_eq_1,P_count_eq_2,P_count_eq_3,B_count_eq_1,B_count_2_3,B_count_4_5,B_count_6_8,E_count_eq_1,E_count_eq_2,P_B_count,P_E_count,B_E_count",26,29
additive_head,239,0.3797097592901741,0.4503108875951732,0.7670571180397612,"intercept,P:9.9,P:9.6,P:10.0,B:9.0,B:9.7,B:10.1,B:10.2,B:10.6,B:10.10,B:11.2,B:11.9,E:10.7,E:11.10",14,30
count_additive,239,0.3823751016362408,0.454639900663572,0.762556849716127,"intercept,P:9.9,P:9.6,P:10.0,B:9.0,B:9.7,B:10.1,B:10.2,B:10.6,B:10.10,B:11.2,B:11.9,E:10.7,E:11.10,P_count_eq_1,P_count_eq_2,P_count_eq_3,B_count_eq_1,B_count_2_3,B_count_4_5,B_count_6_8,E_count_eq_1,E_count_eq_2",23,30
count_plus_PB_count,239,0.3710455752959624,0.4340365438963861,0.7835900908606331,"intercept,P:9.9,P:9.6,P:10.0,B:9.0,B:9.7,B:10.1,B:10.2,B:10.6,B:10.10,B:11.2,B:11.9,E:10.7,E:11.10,P_count_eq_1,P_count_eq_2,P_count_eq_3,B_count_eq_1,B_count_2_3,B_count_4_5,B_count_6_8,E_count_eq_1,E_count_eq_2,P_B_count",24,30
count_plus_PE_count,239,0.25600510856895836,0.31165848108711375,0.8884210041085395,"intercept,P:9.9,P:9.6,P:10.0,B:9.0,B:9.7,B:10.1,B:10.2,B:10.6,B:10.10,B:11.2,B:11.9,E:10.7,E:11.10,P_count_eq_1,P_count_eq_2,P_count_eq_3,B_count_eq_1,B_count_2_3,B_count_4_5,B_count_6_8,E_count_eq_1,E_count_eq_2,P_E_count",24,30
count_plus_BE_count,239,0.3781910532007925,0.44892978555164303,0.7684837970088142,"intercept,P:9.9,P:9.6,P:10.0,B:9.0,B:9.7,B:10.1,B:10.2,B:10.6,B:10.10,B:11.2,B:11.9,E:10.7,E:11.10,P_count_eq_1,P_count_eq_2,P_count_eq_3,B_count_eq_1,B_count_2_3,B_count_4_5,B_count_6_8,E_count_eq_1,E_count_eq_2,B_E_count",24,30
count_plus_all_pairs,239,0.22751486142514213,0.28117614917677247,0.9091799980378489,"intercept,P:9.9,P:9.6,P:10.0,B:9.0,B:9.7,B:10.1,B:10.2,B:10.6,B:10.10,B:11.2,B:11.9,E:10.7,E:11.10,P_count_eq_1,P_count_eq_2,P_count_eq_3,B_count_eq_1,B_count_2_3,B_count_4_5,B_count_6_8,E_count_eq_1,E_count_eq_2,P_B_count,P_E_count,B_E_count",26,30
additive_head,239,0.37895223816095364,0.4467757946468027,0.7707290675060369,"intercept,P:9.9,P:9.6,P:10.0,B:9.0,B:9.7,B:10.1,B:10.2,B:10.6,B:10.10,B:11.2,B:11.9,E:10.7,E:11.10",14,31
count_additive,239,0.3826705301926043,0.4518925798214147,0.7654474570388772,"intercept,P:9.9,P:9.6,P:10.0,B:9.0,B:9.7,B:10.1,B:10.2,B:10.6,B:10.10,B:11.2,B:11.9,E:10.7,E:11.10,P_count_eq_1,P_count_eq_2,P_count_eq_3,B_count_eq_1,B_count_2_3,B_count_4_5,B_count_6_8,E_count_eq_1,E_count_eq_2",23,31
count_plus_PB_count,239,0.3725517012787392,0.43329325835617366,0.7843578817728794,"intercept,P:9.9,P:9.6,P:10.0,B:9.0,B:9.7,B:10.1,B:10.2,B:10.6,B:10.10,B:11.2,B:11.9,E:10.7,E:11.10,P_count_eq_1,P_count_eq_2,P_count_eq_3,B_count_eq_1,B_count_2_3,B_count_4_5,B_count_6_8,E_count_eq_1,E_count_eq_2,P_B_count",24,31
count_plus_PE_count,239,0.25295769170696497,0.30681850892510665,0.8918733281634071,"intercept,P:9.9,P:9.6,P:10.0,B:9.0,B:9.7,B:10.1,B:10.2,B:10.6,B:10.10,B:11.2,B:11.9,E:10.7,E:11.10,P_count_eq_1,P_count_eq_2,P_count_eq_3,B_count_eq_1,B_count_2_3,B_count_4_5,B_count_6_8,E_count_eq_1,E_count_eq_2,P_E_count",24,31
count_plus_BE_count,239,0.38028584805646287,0.4479338573138079,0.7695389662618733,"intercept,P:9.9,P:9.6,P:10.0,B:9.0,B:9.7,B:10.1,B:10.2,B:10.6,B:10.10,B:11.2,B:11.9,E:10.7,E:11.10,P_count_eq_1,P_count_eq_2,P_count_eq_3,B_count_eq_1,B_count_2_3,B_count_4_5,B_count_6_8,E_count_eq_1,E_count_eq_2,B_E_count",24,31
count_plus_all_pairs,239,0.227322052097432,0.2806791704821675,0.9095121865231898,"intercept,P:9.9,P:9.6,P:10.0,B:9.0,B:9.7,B:10.1,B:10.2,B:10.6,B:10.10,B:11.2,B:11.9,E:10.7,E:11.10,P_count_eq_1,P_count_eq_2,P_count_eq_3,B_count_eq_1,B_count_2_3,B_count_4_5,B_count_6_8,E_count_eq_1,E_count_eq_2,P_B_count,P_E_count,B_E_count",26,31
additive_head,239,0.3810689829807435,0.45060801186401567,0.7604137795545436,"intercept,P:9.9,P:9.6,P:10.0,B:9.0,B:9.7,B:10.1,B:10.2,B:10.6,B:10.10,B:11.2,B:11.9,E:10.7,E:11.10",14,32
count_additive,239,0.38419623032857914,0.4549559918132719,0.7557678705276364,"intercept,P:9.9,P:9.6,P:10.0,B:9.0,B:9.7,B:10.1,B:10.2,B:10.6,B:10.10,B:11.2,B:11.9,E:10.7,E:11.10,P_count_eq_1,P_count_eq_2,P_count_eq_3,B_count_eq_1,B_count_2_3,B_count_4_5,B_count_6_8,E_count_eq_1,E_count_eq_2",23,32
count_plus_PB_count,239,0.37476375054920374,0.4362007737407194,0.7754893841840744,"intercept,P:9.9,P:9.6,P:10.0,B:9.0,B:9.7,B:10.1,B:10.2,B:10.6,B:10.10,B:11.2,B:11.9,E:10.7,E:11.10,P_count_eq_1,P_count_eq_2,P_count_eq_3,B_count_eq_1,B_count_2_3,B_count_4_5,B_count_6_8,E_count_eq_1,E_count_eq_2,P_B_count",24,32
count_plus_PE_count,239,0.2532740052306465,0.30757374418662325,0.888374726277912,"intercept,P:9.9,P:9.6,P:10.0,B:9.0,B:9.7,B:10.1,B:10.2,B:10.6,B:10.10,B:11.2,B:11.9,E:10.7,E:11.10,P_count_eq_1,P_count_eq_2,P_count_eq_3,B_count_eq_1,B_count_2_3,B_count_4_5,B_count_6_8,E_count_eq_1,E_count_eq_2,P_E_count",24,32
count_plus_BE_count,239,0.38218340633917197,0.4503617517412046,0.7606755787611096,"intercept,P:9.9,P:9.6,P:10.0,B:9.0,B:9.7,B:10.1,B:10.2,B:10.6,B:10.10,B:11.2,B:11.9,E:10.7,E:11.10,P_count_eq_1,P_count_eq_2,P_count_eq_3,B_count_eq_1,B_count_2_3,B_count_4_5,B_count_6_8,E_count_eq_1,E_count_eq_2,B_E_count",24,32
count_plus_all_pairs,239,0.22685454557958712,0.28045723365942377,0.9071894577929841,"intercept,P:9.9,P:9.6,P:10.0,B:9.0,B:9.7,B:10.1,B:10.2,B:10.6,B:10.10,B:11.2,B:11.9,E:10.7,E:11.10,P_count_eq_1,P_count_eq_2,P_count_eq_3,B_count_eq_1,B_count_2_3,B_count_4_5,B_count_6_8,E_count_eq_1,E_count_eq_2,P_B_count,P_E_count,B_E_count",26,32
additive_head,239,0.3691839855073417,0.4368516795071973,0.7794200423012565,"intercept,P:9.9,P:9.6,P:10.0,B:9.0,B:9.7,B:10.1,B:10.2,B:10.6,B:10.10,B:11.2,B:11.9,E:10.7,E:11.10",14,33
count_additive,239,0.37153616810781065,0.44091818750414347,0.7752943168122755,"intercept,P:9.9,P:9.6,P:10.0,B:9.0,B:9.7,B:10.1,B:10.2,B:10.6,B:10.10,B:11.2,B:11.9,E:10.7,E:11.10,P_count_eq_1,P_count_eq_2,P_count_eq_3,B_count_eq_1,B_count_2_3,B_count_4_5,B_count_6_8,E_count_eq_1,E_count_eq_2",23,33
count_plus_PB_count,239,0.3613896204517647,0.42269396540554505,0.7934857021905849,"intercept,P:9.9,P:9.6,P:10.0,B:9.0,B:9.7,B:10.1,B:10.2,B:10.6,B:10.10,B:11.2,B:11.9,E:10.7,E:11.10,P_count_eq_1,P_count_eq_2,P_count_eq_3,B_count_eq_1,B_count_2_3,B_count_4_5,B_count_6_8,E_count_eq_1,E_count_eq_2,P_B_count",24,33
count_plus_PE_count,239,0.24431374189093755,0.297732435824828,0.8975409486118666,"intercept,P:9.9,P:9.6,P:10.0,B:9.0,B:9.7,B:10.1,B:10.2,B:10.6,B:10.10,B:11.2,B:11.9,E:10.7,E:11.10,P_count_eq_1,P_count_eq_2,P_count_eq_3,B_count_eq_1,B_count_2_3,B_count_4_5,B_count_6_8,E_count_eq_1,E_count_eq_2,P_E_count",24,33
count_plus_BE_count,239,0.3679894296917159,0.4353397645000141,0.7809442257087529,"intercept,P:9.9,P:9.6,P:10.0,B:9.0,B:9.7,B:10.1,B:10.2,B:10.6,B:10.10,B:11.2,B:11.9,E:10.7,E:11.10,P_count_eq_1,P_count_eq_2,P_count_eq_3,B_count_eq_1,B_count_2_3,B_count_4_5,B_count_6_8,E_count_eq_1,E_count_eq_2,B_E_count",24,33
count_plus_all_pairs,239,0.21829075321252336,0.2700135389199618,0.9157307533321108,"intercept,P:9.9,P:9.6,P:10.0,B:9.0,B:9.7,B:10.1,B:10.2,B:10.6,B:10.10,B:11.2,B:11.9,E:10.7,E:11.10,P_count_eq_1,P_count_eq_2,P_count_eq_3,B_count_eq_1,B_count_2_3,B_count_4_5,B_count_6_8,E_count_eq_1,E_count_eq_2,P_B_count,P_E_count,B_E_count",26,33
additive_head,239,0.3845793511468748,0.4531491573241783,0.7556943577298887,"intercept,P:9.9,P:9.6,P:10.0,B:9.0,B:9.7,B:10.1,B:10.2,B:10.6,B:10.10,B:11.2,B:11.9,E:10.7,E:11.10",14,34
count_additive,239,0.38718546017942584,0.4579749543595413,0.7504632009543439,"intercept,P:9.9,P:9.6,P:10.0,B:9.0,B:9.7,B:10.1,B:10.2,B:10.6,B:10.10,B:11.2,B:11.9,E:10.7,E:11.10,P_count_eq_1,P_count_eq_2,P_count_eq_3,B_count_eq_1,B_count_2_3,B_count_4_5,B_count_6_8,E_count_eq_1,E_count_eq_2",23,34
count_plus_PB_count,239,0.37791667827777387,0.4391567788017277,0.770548804132392,"intercept,P:9.9,P:9.6,P:10.0,B:9.0,B:9.7,B:10.1,B:10.2,B:10.6,B:10.10,B:11.2,B:11.9,E:10.7,E:11.10,P_count_eq_1,P_count_eq_2,P_count_eq_3,B_count_eq_1,B_count_2_3,B_count_4_5,B_count_6_8,E_count_eq_1,E_count_eq_2,P_B_count",24,34
count_plus_PE_count,239,0.2561805910634261,0.3109513473079865,0.8849634020605773,"intercept,P:9.9,P:9.6,P:10.0,B:9.0,B:9.7,B:10.1,B:10.2,B:10.6,B:10.10,B:11.2,B:11.9,E:10.7,E:11.10,P_count_eq_1,P_count_eq_2,P_count_eq_3,B_count_eq_1,B_count_2_3,B_count_4_5,B_count_6_8,E_count_eq_1,E_count_eq_2,P_E_count",24,34
count_plus_BE_count,239,0.3840140011236542,0.4525463719277621,0.7563438830563902,"intercept,P:9.9,P:9.6,P:10.0,B:9.0,B:9.7,B:10.1,B:10.2,B:10.6,B:10.10,B:11.2,B:11.9,E:10.7,E:11.10,P_count_eq_1,P_count_eq_2,P_count_eq_3,B_count_eq_1,B_count_2_3,B_count_4_5,B_count_6_8,E_count_eq_1,E_count_eq_2,B_E_count",24,34
count_plus_all_pairs,239,0.22900838690963352,0.2830792884817366,0.904661715198123,"intercept,P:9.9,P:9.6,P:10.0,B:9.0,B:9.7,B:10.1,B:10.2,B:10.6,B:10.10,B:11.2,B:11.9,E:10.7,E:11.10,P_count_eq_1,P_count_eq_2,P_count_eq_3,B_count_eq_1,B_count_2_3,B_count_4_5,B_count_6_8,E_count_eq_1,E_count_eq_2,P_B_count,P_E_count,B_E_count",26,34
additive_head,239,0.4046351757048628,0.47787126823096543,0.7500335971369119,"intercept,P:9.9,P:9.6,P:10.0,B:9.0,B:9.7,B:10.1,B:10.2,B:10.6,B:10.10,B:11.2,B:11.9,E:10.7,E:11.10",14,35
count_additive,239,0.4083020891433847,0.4829838236218339,0.7446564029104638,"intercept,P:9.9,P:9.6,P:10.0,B:9.0,B:9.7,B:10.1,B:10.2,B:10.6,B:10.10,B:11.2,B:11.9,E:10.7,E:11.10,P_count_eq_1,P_count_eq_2,P_count_eq_3,B_count_eq_1,B_count_2_3,B_count_4_5,B_count_6_8,E_count_eq_1,E_count_eq_2",23,35
count_plus_PB_count,239,0.39771152005314686,0.463116450436269,0.7652312880428918,"intercept,P:9.9,P:9.6,P:10.0,B:9.0,B:9.7,B:10.1,B:10.2,B:10.6,B:10.10,B:11.2,B:11.9,E:10.7,E:11.10,P_count_eq_1,P_count_eq_2,P_count_eq_3,B_count_eq_1,B_count_2_3,B_count_4_5,B_count_6_8,E_count_eq_1,E_count_eq_2,P_B_count",24,35
count_plus_PE_count,239,0.270564070880132,0.32837491334826213,0.8819680060667703,"intercept,P:9.9,P:9.6,P:10.0,B:9.0,B:9.7,B:10.1,B:10.2,B:10.6,B:10.10,B:11.2,B:11.9,E:10.7,E:11.10,P_count_eq_1,P_count_eq_2,P_count_eq_3,B_count_eq_1,B_count_2_3,B_count_4_5,B_count_6_8,E_count_eq_1,E_count_eq_2,P_E_count",24,35
count_plus_BE_count,239,0.4048623646175324,0.4770939305201362,0.7508461602131014,"intercept,P:9.9,P:9.6,P:10.0,B:9.0,B:9.7,B:10.1,B:10.2,B:10.6,B:10.10,B:11.2,B:11.9,E:10.7,E:11.10,P_count_eq_1,P_count_eq_2,P_count_eq_3,B_count_eq_1,B_count_2_3,B_count_4_5,B_count_6_8,E_count_eq_1,E_count_eq_2,B_E_count",24,35
count_plus_all_pairs,239,0.24197724181260832,0.2986976650652788,0.9023384850606551,"intercept,P:9.9,P:9.6,P:10.0,B:9.0,B:9.7,B:10.1,B:10.2,B:10.6,B:10.10,B:11.2,B:11.9,E:10.7,E:11.10,P_count_eq_1,P_count_eq_2,P_count_eq_3,B_count_eq_1,B_count_2_3,B_count_4_5,B_count_6_8,E_count_eq_1,E_count_eq_2,P_B_count,P_E_count,B_E_count",26,35
additive_head,239,0.3671763692777021,0.43239887009859906,0.7680838146903607,"intercept,P:9.9,P:9.6,P:10.0,B:9.0,B:9.7,B:10.1,B:10.2,B:10.6,B:10.10,B:11.2,B:11.9,E:10.7,E:11.10",14,36
count_additive,239,0.3694243000905782,0.43663959917792794,0.7635124961200984,"intercept,P:9.9,P:9.6,P:10.0,B:9.0,B:9.7,B:10.1,B:10.2,B:10.6,B:10.10,B:11.2,B:11.9,E:10.7,E:11.10,P_count_eq_1,P_count_eq_2,P_count_eq_3,B_count_eq_1,B_count_2_3,B_count_4_5,B_count_6_8,E_count_eq_1,E_count_eq_2",23,36
count_plus_PB_count,239,0.3608765556930355,0.41918549706530966,0.7820411764252,"intercept,P:9.9,P:9.6,P:10.0,B:9.0,B:9.7,B:10.1,B:10.2,B:10.6,B:10.10,B:11.2,B:11.9,E:10.7,E:11.10,P_count_eq_1,P_count_eq_2,P_count_eq_3,B_count_eq_1,B_count_2_3,B_count_4_5,B_count_6_8,E_count_eq_1,E_count_eq_2,P_B_count",24,36
count_plus_PE_count,239,0.24359196548359277,0.29596549147144113,0.891346402163258,"intercept,P:9.9,P:9.6,P:10.0,B:9.0,B:9.7,B:10.1,B:10.2,B:10.6,B:10.10,B:11.2,B:11.9,E:10.7,E:11.10,P_count_eq_1,P_count_eq_2,P_count_eq_3,B_count_eq_1,B_count_2_3,B_count_4_5,B_count_6_8,E_count_eq_1,E_count_eq_2,P_E_count",24,36
count_plus_BE_count,239,0.36689939929572685,0.4317408291861112,0.7687891551741699,"intercept,P:9.9,P:9.6,P:10.0,B:9.0,B:9.7,B:10.1,B:10.2,B:10.6,B:10.10,B:11.2,B:11.9,E:10.7,E:11.10,P_count_eq_1,P_count_eq_2,P_count_eq_3,B_count_eq_1,B_count_2_3,B_count_4_5,B_count_6_8,E_count_eq_1,E_count_eq_2,B_E_count",24,36
count_plus_all_pairs,239,0.21850262765144873,0.2703267342711007,0.9093558138990361,"intercept,P:9.9,P:9.6,P:10.0,B:9.0,B:9.7,B:10.1,B:10.2,B:10.6,B:10.10,B:11.2,B:11.9,E:10.7,E:11.10,P_count_eq_1,P_count_eq_2,P_count_eq_3,B_count_eq_1,B_count_2_3,B_count_4_5,B_count_6_8,E_count_eq_1,E_count_eq_2,P_B_count,P_E_count,B_E_count",26,36
additive_head,239,0.362148436405779,0.4277049184164237,0.774057591209807,"intercept,P:9.9,P:9.6,P:10.0,B:9.0,B:9.7,B:10.1,B:10.2,B:10.6,B:10.10,B:11.2,B:11.9,E:10.7,E:11.10",14,37
count_additive,239,0.36418672373018635,0.4316329000132804,0.7698884881121493,"intercept,P:9.9,P:9.6,P:10.0,B:9.0,B:9.7,B:10.1,B:10.2,B:10.6,B:10.10,B:11.2,B:11.9,E:10.7,E:11.10,P_count_eq_1,P_count_eq_2,P_count_eq_3,B_count_eq_1,B_count_2_3,B_count_4_5,B_count_6_8,E_count_eq_1,E_count_eq_2",23,37
count_plus_PB_count,239,0.35435920907742646,0.41281216164260687,0.7895183535876498,"intercept,P:9.9,P:9.6,P:10.0,B:9.0,B:9.7,B:10.1,B:10.2,B:10.6,B:10.10,B:11.2,B:11.9,E:10.7,E:11.10,P_count_eq_1,P_count_eq_2,P_count_eq_3,B_count_eq_1,B_count_2_3,B_count_4_5,B_count_6_8,E_count_eq_1,E_count_eq_2,P_B_count",24,37
count_plus_PE_count,239,0.24209214807153423,0.29421368440650875,0.8930858954550039,"intercept,P:9.9,P:9.6,P:10.0,B:9.0,B:9.7,B:10.1,B:10.2,B:10.6,B:10.10,B:11.2,B:11.9,E:10.7,E:11.10,P_count_eq_1,P_count_eq_2,P_count_eq_3,B_count_eq_1,B_count_2_3,B_count_4_5,B_count_6_8,E_count_eq_1,E_count_eq_2,P_E_count",24,37
count_plus_BE_count,239,0.36048067068246614,0.4259367434529246,0.7759218667649479,"intercept,P:9.9,P:9.6,P:10.0,B:9.0,B:9.7,B:10.1,B:10.2,B:10.6,B:10.10,B:11.2,B:11.9,E:10.7,E:11.10,P_count_eq_1,P_count_eq_2,P_count_eq_3,B_count_eq_1,B_count_2_3,B_count_4_5,B_count_6_8,E_count_eq_1,E_count_eq_2,B_E_count",24,37
count_plus_all_pairs,239,0.2150566982172412,0.2657499911035789,0.9127720265236329,"intercept,P:9.9,P:9.6,P:10.0,B:9.0,B:9.7,B:10.1,B:10.2,B:10.6,B:10.10,B:11.2,B:11.9,E:10.7,E:11.10,P_count_eq_1,P_count_eq_2,P_count_eq_3,B_count_eq_1,B_count_2_3,B_count_4_5,B_count_6_8,E_count_eq_1,E_count_eq_2,P_B_count,P_E_count,B_E_count",26,37
additive_head,239,0.3924258042745862,0.4600154245052577,0.7367039841494352,"intercept,P:9.9,P:9.6,P:10.0,B:9.0,B:9.7,B:10.1,B:10.2,B:10.6,B:10.10,B:11.2,B:11.9,E:10.7,E:11.10",14,38
count_additive,239,0.39617750390554957,0.4659947018533839,0.729814861225736,"intercept,P:9.9,P:9.6,P:10.0,B:9.0,B:9.7,B:10.1,B:10.2,B:10.6,B:10.10,B:11.2,B:11.9,E:10.7,E:11.10,P_count_eq_1,P_count_eq_2,P_count_eq_3,B_count_eq_1,B_count_2_3,B_count_4_5,B_count_6_8,E_count_eq_1,E_count_eq_2",23,38
count_plus_PB_count,239,0.3895831011291037,0.4508227018320284,0.7471219962906416,"intercept,P:9.9,P:9.6,P:10.0,B:9.0,B:9.7,B:10.1,B:10.2,B:10.6,B:10.10,B:11.2,B:11.9,E:10.7,E:11.10,P_count_eq_1,P_count_eq_2,P_count_eq_3,B_count_eq_1,B_count_2_3,B_count_4_5,B_count_6_8,E_count_eq_1,E_count_eq_2,P_B_count",24,38
count_plus_PE_count,239,0.2586437425849246,0.3139500254604733,0.8773632748571024,"intercept,P:9.9,P:9.6,P:10.0,B:9.0,B:9.7,B:10.1,B:10.2,B:10.6,B:10.10,B:11.2,B:11.9,E:10.7,E:11.10,P_count_eq_1,P_count_eq_2,P_count_eq_3,B_count_eq_1,B_count_2_3,B_count_4_5,B_count_6_8,E_count_eq_1,E_count_eq_2,P_E_count",24,38
count_plus_BE_count,239,0.3949658630121278,0.4608367922398962,0.7357629029960422,"intercept,P:9.9,P:9.6,P:10.0,B:9.0,B:9.7,B:10.1,B:10.2,B:10.6,B:10.10,B:11.2,B:11.9,E:10.7,E:11.10,P_count_eq_1,P_count_eq_2,P_count_eq_3,B_count_eq_1,B_count_2_3,B_count_4_5,B_count_6_8,E_count_eq_1,E_count_eq_2,B_E_count",24,38
count_plus_all_pairs,239,0.23544457971150382,0.290930528367091,0.8946879441641642,"intercept,P:9.9,P:9.6,P:10.0,B:9.0,B:9.7,B:10.1,B:10.2,B:10.6,B:10.10,B:11.2,B:11.9,E:10.7,E:11.10,P_count_eq_1,P_count_eq_2,P_count_eq_3,B_count_eq_1,B_count_2_3,B_count_4_5,B_count_6_8,E_count_eq_1,E_count_eq_2,P_B_count,P_E_count,B_E_count",26,38
additive_head,239,0.39252478516345696,0.46407989107407494,0.7630014963695397,"intercept,P:9.9,P:9.6,P:10.0,B:9.0,B:9.7,B:10.1,B:10.2,B:10.6,B:10.10,B:11.2,B:11.9,E:10.7,E:11.10",14,39
count_additive,239,0.39562914582819203,0.4692258962397017,0.7577163833420021,"intercept,P:9.9,P:9.6,P:10.0,B:9.0,B:9.7,B:10.1,B:10.2,B:10.6,B:10.10,B:11.2,B:11.9,E:10.7,E:11.10,P_count_eq_1,P_count_eq_2,P_count_eq_3,B_count_eq_1,B_count_2_3,B_count_4_5,B_count_6_8,E_count_eq_1,E_count_eq_2",23,39
count_plus_PB_count,239,0.3845423249349955,0.448667777762267,0.7784815702359371,"intercept,P:9.9,P:9.6,P:10.0,B:9.0,B:9.7,B:10.1,B:10.2,B:10.6,B:10.10,B:11.2,B:11.9,E:10.7,E:11.10,P_count_eq_1,P_count_eq_2,P_count_eq_3,B_count_eq_1,B_count_2_3,B_count_4_5,B_count_6_8,E_count_eq_1,E_count_eq_2,P_B_count",24,39
count_plus_PE_count,239,0.2635359838734936,0.3202654728159547,0.8871295271537101,"intercept,P:9.9,P:9.6,P:10.0,B:9.0,B:9.7,B:10.1,B:10.2,B:10.6,B:10.10,B:11.2,B:11.9,E:10.7,E:11.10,P_count_eq_1,P_count_eq_2,P_count_eq_3,B_count_eq_1,B_count_2_3,B_count_4_5,B_count_6_8,E_count_eq_1,E_count_eq_2,P_E_count",24,39
count_plus_BE_count,239,0.3918909134835257,0.46360186551522,0.7634894855991613,"intercept,P:9.9,P:9.6,P:10.0,B:9.0,B:9.7,B:10.1,B:10.2,B:10.6,B:10.10,B:11.2,B:11.9,E:10.7,E:11.10,P_count_eq_1,P_count_eq_2,P_count_eq_3,B_count_eq_1,B_count_2_3,B_count_4_5,B_count_6_8,E_count_eq_1,E_count_eq_2,B_E_count",24,39
count_plus_all_pairs,239,0.2347257849854902,0.2899723965938415,0.907471948036472,"intercept,P:9.9,P:9.6,P:10.0,B:9.0,B:9.7,B:10.1,B:10.2,B:10.6,B:10.10,B:11.2,B:11.9,E:10.7,E:11.10,P_count_eq_1,P_count_eq_2,P_count_eq_3,B_count_eq_1,B_count_2_3,B_count_4_5,B_count_6_8,E_count_eq_1,E_count_eq_2,P_B_count,P_E_count,B_E_count",26,39
additive_head,239,0.3655215969074863,0.43290083885393077,0.7557287324039368,"intercept,P:9.9,P:9.6,P:10.0,B:9.0,B:9.7,B:10.1,B:10.2,B:10.6,B:10.10,B:11.2,B:11.9,E:10.7,E:11.10",14,40
count_additive,239,0.3688157067581449,0.4374327553236423,0.7505875480740071,"intercept,P:9.9,P:9.6,P:10.0,B:9.0,B:9.7,B:10.1,B:10.2,B:10.6,B:10.10,B:11.2,B:11.9,E:10.7,E:11.10,P_count_eq_1,P_count_eq_2,P_count_eq_3,B_count_eq_1,B_count_2_3,B_count_4_5,B_count_6_8,E_count_eq_1,E_count_eq_2",23,40
count_plus_PB_count,239,0.3582751529820277,0.4175987529099092,0.7726924204615738,"intercept,P:9.9,P:9.6,P:10.0,B:9.0,B:9.7,B:10.1,B:10.2,B:10.6,B:10.10,B:11.2,B:11.9,E:10.7,E:11.10,P_count_eq_1,P_count_eq_2,P_count_eq_3,B_count_eq_1,B_count_2_3,B_count_4_5,B_count_6_8,E_count_eq_1,E_count_eq_2,P_B_count",24,40
count_plus_PE_count,239,0.2442128113545882,0.29696084624936464,0.8850539860301146,"intercept,P:9.9,P:9.6,P:10.0,B:9.0,B:9.7,B:10.1,B:10.2,B:10.6,B:10.10,B:11.2,B:11.9,E:10.7,E:11.10,P_count_eq_1,P_count_eq_2,P_count_eq_3,B_count_eq_1,B_count_2_3,B_count_4_5,B_count_6_8,E_count_eq_1,E_count_eq_2,P_E_count",24,40
count_plus_BE_count,239,0.36585523788058055,0.43310688628679755,0.7554961459028027,"intercept,P:9.9,P:9.6,P:10.0,B:9.0,B:9.7,B:10.1,B:10.2,B:10.6,B:10.10,B:11.2,B:11.9,E:10.7,E:11.10,P_count_eq_1,P_count_eq_2,P_count_eq_3,B_count_eq_1,B_count_2_3,B_count_4_5,B_count_6_8,E_count_eq_1,E_count_eq_2,B_E_count",24,40
count_plus_all_pairs,239,0.21759728021736216,0.2686287178454414,0.9059409886054343,"intercept,P:9.9,P:9.6,P:10.0,B:9.0,B:9.7,B:10.1,B:10.2,B:10.6,B:10.10,B:11.2,B:11.9,E:10.7,E:11.10,P_count_eq_1,P_count_eq_2,P_count_eq_3,B_count_eq_1,B_count_2_3,B_count_4_5,B_count_6_8,E_count_eq_1,E_count_eq_2,P_B_count,P_E_count,B_E_count",26,40
additive_head,239,0.38824190177011014,0.4565676609396161,0.7606253897647404,"intercept,P:9.9,P:9.6,P:10.0,B:9.0,B:9.7,B:10.1,B:10.2,B:10.6,B:10.10,B:11.2,B:11.9,E:10.7,E:11.10",14,41
count_additive,239,0.39152809647364745,0.4618213149136252,0.7550848009935026,"intercept,P:9.9,P:9.6,P:10.0,B:9.0,B:9.7,B:10.1,B:10.2,B:10.6,B:10.10,B:11.2,B:11.9,E:10.7,E:11.10,P_count_eq_1,P_count_eq_2,P_count_eq_3,B_count_eq_1,B_count_2_3,B_count_4_5,B_count_6_8,E_count_eq_1,E_count_eq_2",23,41
count_plus_PB_count,239,0.38235054324424983,0.4437285953320902,0.773898926401162,"intercept,P:9.9,P:9.6,P:10.0,B:9.0,B:9.7,B:10.1,B:10.2,B:10.6,B:10.10,B:11.2,B:11.9,E:10.7,E:11.10,P_count_eq_1,P_count_eq_2,P_count_eq_3,B_count_eq_1,B_count_2_3,B_count_4_5,B_count_6_8,E_count_eq_1,E_count_eq_2,P_B_count",24,41
count_plus_PE_count,239,0.2596156237631903,0.31465564028430115,0.8863056632410884,"intercept,P:9.9,P:9.6,P:10.0,B:9.0,B:9.7,B:10.1,B:10.2,B:10.6,B:10.10,B:11.2,B:11.9,E:10.7,E:11.10,P_count_eq_1,P_count_eq_2,P_count_eq_3,B_count_eq_1,B_count_2_3,B_count_4_5,B_count_6_8,E_count_eq_1,E_count_eq_2,P_E_count",24,41
count_plus_BE_count,239,0.38890969702935047,0.45632513360341503,0.7608796323327162,"intercept,P:9.9,P:9.6,P:10.0,B:9.0,B:9.7,B:10.1,B:10.2,B:10.6,B:10.10,B:11.2,B:11.9,E:10.7,E:11.10,P_count_eq_1,P_count_eq_2,P_count_eq_3,B_count_eq_1,B_count_2_3,B_count_4_5,B_count_6_8,E_count_eq_1,E_count_eq_2,B_E_count",24,41
count_plus_all_pairs,239,0.23305149008445575,0.2875577334288367,0.9050449877564526,"intercept,P:9.9,P:9.6,P:10.0,B:9.0,B:9.7,B:10.1,B:10.2,B:10.6,B:10.10,B:11.2,B:11.9,E:10.7,E:11.10,P_count_eq_1,P_count_eq_2,P_count_eq_3,B_count_eq_1,B_count_2_3,B_count_4_5,B_count_6_8,E_count_eq_1,E_count_eq_2,P_B_count,P_E_count,B_E_count",26,41
additive_head,239,0.3702127859594498,0.43706440757263887,0.7675524158407613,"intercept,P:9.9,P:9.6,P:10.0,B:9.0,B:9.7,B:10.1,B:10.2,B:10.6,B:10.10,B:11.2,B:11.9,E:10.7,E:11.10",14,42
count_additive,239,0.37285589864723256,0.4412615220057434,0.7630666079655314,"intercept,P:9.9,P:9.6,P:10.0,B:9.0,B:9.7,B:10.1,B:10.2,B:10.6,B:10.10,B:11.2,B:11.9,E:10.7,E:11.10,P_count_eq_1,P_count_eq_2,P_count_eq_3,B_count_eq_1,B_count_2_3,B_count_4_5,B_count_6_8,E_count_eq_1,E_count_eq_2",23,42
count_plus_PB_count,239,0.36297211822952113,0.42274108444459224,0.7825381546586483,"intercept,P:9.9,P:9.6,P:10.0,B:9.0,B:9.7,B:10.1,B:10.2,B:10.6,B:10.10,B:11.2,B:11.9,E:10.7,E:11.10,P_count_eq_1,P_count_eq_2,P_count_eq_3,B_count_eq_1,B_count_2_3,B_count_4_5,B_count_6_8,E_count_eq_1,E_count_eq_2,P_B_count",24,42
count_plus_PE_count,239,0.2481348869507894,0.3011467096041196,0.8896454105456219,"intercept,P:9.9,P:9.6,P:10.0,B:9.0,B:9.7,B:10.1,B:10.2,B:10.6,B:10.10,B:11.2,B:11.9,E:10.7,E:11.10,P_count_eq_1,P_count_eq_2,P_count_eq_3,B_count_eq_1,B_count_2_3,B_count_4_5,B_count_6_8,E_count_eq_1,E_count_eq_2,P_E_count",24,42
count_plus_BE_count,239,0.36965371977356065,0.4356055709927698,0.7691015564368977,"intercept,P:9.9,P:9.6,P:10.0,B:9.0,B:9.7,B:10.1,B:10.2,B:10.6,B:10.10,B:11.2,B:11.9,E:10.7,E:11.10,P_count_eq_1,P_count_eq_2,P_count_eq_3,B_count_eq_1,B_count_2_3,B_count_4_5,B_count_6_8,E_count_eq_1,E_count_eq_2,B_E_count",24,42
count_plus_all_pairs,239,0.2211758546718739,0.27342922858967944,0.90902458839209,"intercept,P:9.9,P:9.6,P:10.0,B:9.0,B:9.7,B:10.1,B:10.2,B:10.6,B:10.10,B:11.2,B:11.9,E:10.7,E:11.10,P_count_eq_1,P_count_eq_2,P_count_eq_3,B_count_eq_1,B_count_2_3,B_count_4_5,B_count_6_8,E_count_eq_1,E_count_eq_2,P_B_count,P_E_count,B_E_count",26,42
additive_head,239,0.36051510777848467,0.426822470109268,0.7643277769255221,"intercept,P:9.9,P:9.6,P:10.0,B:9.0,B:9.7,B:10.1,B:10.2,B:10.6,B:10.10,B:11.2,B:11.9,E:10.7,E:11.10",14,43
count_additive,239,0.36308169622412717,0.4309600823570595,0.7597364222157758,"intercept,P:9.9,P:9.6,P:10.0,B:9.0,B:9.7,B:10.1,B:10.2,B:10.6,B:10.10,B:11.2,B:11.9,E:10.7,E:11.10,P_count_eq_1,P_count_eq_2,P_count_eq_3,B_count_eq_1,B_count_2_3,B_count_4_5,B_count_6_8,E_count_eq_1,E_count_eq_2",23,43
count_plus_PB_count,239,0.3538442370947689,0.4130433683672307,0.7792985653401306,"intercept,P:9.9,P:9.6,P:10.0,B:9.0,B:9.7,B:10.1,B:10.2,B:10.6,B:10.10,B:11.2,B:11.9,E:10.7,E:11.10,P_count_eq_1,P_count_eq_2,P_count_eq_3,B_count_eq_1,B_count_2_3,B_count_4_5,B_count_6_8,E_count_eq_1,E_count_eq_2,P_B_count",24,43
count_plus_PE_count,239,0.24080484325774965,0.29290667093654743,0.889012933041667,"intercept,P:9.9,P:9.6,P:10.0,B:9.0,B:9.7,B:10.1,B:10.2,B:10.6,B:10.10,B:11.2,B:11.9,E:10.7,E:11.10,P_count_eq_1,P_count_eq_2,P_count_eq_3,B_count_eq_1,B_count_2_3,B_count_4_5,B_count_6_8,E_count_eq_1,E_count_eq_2,P_E_count",24,43
count_plus_BE_count,239,0.35945737306570896,0.4248826178393681,0.7664651077434311,"intercept,P:9.9,P:9.6,P:10.0,B:9.0,B:9.7,B:10.1,B:10.2,B:10.6,B:10.10,B:11.2,B:11.9,E:10.7,E:11.10,P_count_eq_1,P_count_eq_2,P_count_eq_3,B_count_eq_1,B_count_2_3,B_count_4_5,B_count_6_8,E_count_eq_1,E_count_eq_2,B_E_count",24,43
count_plus_all_pairs,239,0.21475230681820862,0.26510024086737516,0.9090853034522997,"intercept,P:9.9,P:9.6,P:10.0,B:9.0,B:9.7,B:10.1,B:10.2,B:10.6,B:10.10,B:11.2,B:11.9,E:10.7,E:11.10,P_count_eq_1,P_count_eq_2,P_count_eq_3,B_count_eq_1,B_count_2_3,B_count_4_5,B_count_6_8,E_count_eq_1,E_count_eq_2,P_B_count,P_E_count,B_E_count",26,43
additive_head,239,0.39454895549497904,0.46727792691565806,0.7567381281809299,"intercept,P:9.9,P:9.6,P:10.0,B:9.0,B:9.7,B:10.1,B:10.2,B:10.6,B:10.10,B:11.2,B:11.9,E:10.7,E:11.10",14,44
count_additive,239,0.3980080302971837,0.47225640639225414,0.7515269864223395,"intercept,P:9.9,P:9.6,P:10.0,B:9.0,B:9.7,B:10.1,B:10.2,B:10.6,B:10.10,B:11.2,B:11.9,E:10.7,E:11.10,P_count_eq_1,P_count_eq_2,P_count_eq_3,B_count_eq_1,B_count_2_3,B_count_4_5,B_count_6_8,E_count_eq_1,E_count_eq_2",23,44
count_plus_PB_count,239,0.3875238988466227,0.45211156715961126,0.772272882934508,"intercept,P:9.9,P:9.6,P:10.0,B:9.0,B:9.7,B:10.1,B:10.2,B:10.6,B:10.10,B:11.2,B:11.9,E:10.7,E:11.10,P_count_eq_1,P_count_eq_2,P_count_eq_3,B_count_eq_1,B_count_2_3,B_count_4_5,B_count_6_8,E_count_eq_1,E_count_eq_2,P_B_count",24,44
count_plus_PE_count,239,0.2648317909138957,0.32245021381211697,0.8841625870403058,"intercept,P:9.9,P:9.6,P:10.0,B:9.0,B:9.7,B:10.1,B:10.2,B:10.6,B:10.10,B:11.2,B:11.9,E:10.7,E:11.10,P_count_eq_1,P_count_eq_2,P_count_eq_3,B_count_eq_1,B_count_2_3,B_count_4_5,B_count_6_8,E_count_eq_1,E_count_eq_2,P_E_count",24,44
count_plus_BE_count,239,0.39464735534885736,0.46697338634875735,0.7570551085597168,"intercept,P:9.9,P:9.6,P:10.0,B:9.0,B:9.7,B:10.1,B:10.2,B:10.6,B:10.10,B:11.2,B:11.9,E:10.7,E:11.10,P_count_eq_1,P_count_eq_2,P_count_eq_3,B_count_eq_1,B_count_2_3,B_count_4_5,B_count_6_8,E_count_eq_1,E_count_eq_2,B_E_count",24,44
count_plus_all_pairs,239,0.23697514158371452,0.29302858310204394,0.9043371133975379,"intercept,P:9.9,P:9.6,P:10.0,B:9.0,B:9.7,B:10.1,B:10.2,B:10.6,B:10.10,B:11.2,B:11.9,E:10.7,E:11.10,P_count_eq_1,P_count_eq_2,P_count_eq_3,B_count_eq_1,B_count_2_3,B_count_4_5,B_count_6_8,E_count_eq_1,E_count_eq_2,P_B_count,P_E_count,B_E_count",26,44
additive_head,239,0.39054183592386,0.45988958861475404,0.7549429153282339,"intercept,P:9.9,P:9.6,P:10.0,B:9.0,B:9.7,B:10.1,B:10.2,B:10.6,B:10.10,B:11.2,B:11.9,E:10.7,E:11.10",14,45
count_additive,239,0.3938342298277519,0.464898748963311,0.7495754730151779,"intercept,P:9.9,P:9.6,P:10.0,B:9.0,B:9.7,B:10.1,B:10.2,B:10.6,B:10.10,B:11.2,B:11.9,E:10.7,E:11.10,P_count_eq_1,P_count_eq_2,P_count_eq_3,B_count_eq_1,B_count_2_3,B_count_4_5,B_count_6_8,E_count_eq_1,E_count_eq_2",23,45
count_plus_PB_count,239,0.3839662476637702,0.4462117490219948,0.7693029135088534,"intercept,P:9.9,P:9.6,P:10.0,B:9.0,B:9.7,B:10.1,B:10.2,B:10.6,B:10.10,B:11.2,B:11.9,E:10.7,E:11.10,P_count_eq_1,P_count_eq_2,P_count_eq_3,B_count_eq_1,B_count_2_3,B_count_4_5,B_count_6_8,E_count_eq_1,E_count_eq_2,P_B_count",24,45
count_plus_PE_count,239,0.2624043192467849,0.31742647695992354,0.8832528183758048,"intercept,P:9.9,P:9.6,P:10.0,B:9.0,B:9.7,B:10.1,B:10.2,B:10.6,B:10.10,B:11.2,B:11.9,E:10.7,E:11.10,P_count_eq_1,P_count_eq_2,P_count_eq_3,B_count_eq_1,B_count_2_3,B_count_4_5,B_count_6_8,E_count_eq_1,E_count_eq_2,P_E_count",24,45
count_plus_BE_count,239,0.39158901183001726,0.46022836217839935,0.7545817441189746,"intercept,P:9.9,P:9.6,P:10.0,B:9.0,B:9.7,B:10.1,B:10.2,B:10.6,B:10.10,B:11.2,B:11.9,E:10.7,E:11.10,P_count_eq_1,P_count_eq_2,P_count_eq_3,B_count_eq_1,B_count_2_3,B_count_4_5,B_count_6_8,E_count_eq_1,E_count_eq_2,B_E_count",24,45
count_plus_all_pairs,239,0.235486738369172,0.2904937255410886,0.9022236952772913,"intercept,P:9.9,P:9.6,P:10.0,B:9.0,B:9.7,B:10.1,B:10.2,B:10.6,B:10.10,B:11.2,B:11.9,E:10.7,E:11.10,P_count_eq_1,P_count_eq_2,P_count_eq_3,B_count_eq_1,B_count_2_3,B_count_4_5,B_count_6_8,E_count_eq_1,E_count_eq_2,P_B_count,P_E_count,B_E_count",26,45
additive_head,239,0.3664620386380854,0.4308919404185884,0.7632633613037946,"intercept,P:9.9,P:9.6,P:10.0,B:9.0,B:9.7,B:10.1,B:10.2,B:10.6,B:10.10,B:11.2,B:11.9,E:10.7,E:11.10",14,46
count_additive,239,0.36935660887145444,0.4357476869980945,0.7578976995529327,"intercept,P:9.9,P:9.6,P:10.0,B:9.0,B:9.7,B:10.1,B:10.2,B:10.6,B:10.10,B:11.2,B:11.9,E:10.7,E:11.10,P_count_eq_1,P_count_eq_2,P_count_eq_3,B_count_eq_1,B_count_2_3,B_count_4_5,B_count_6_8,E_count_eq_1,E_count_eq_2",23,46
count_plus_PB_count,239,0.36069097968417796,0.41854423739624164,0.7766368792411764,"intercept,P:9.9,P:9.6,P:10.0,B:9.0,B:9.7,B:10.1,B:10.2,B:10.6,B:10.10,B:11.2,B:11.9,E:10.7,E:11.10,P_count_eq_1,P_count_eq_2,P_count_eq_3,B_count_eq_1,B_count_2_3,B_count_4_5,B_count_6_8,E_count_eq_1,E_count_eq_2,P_B_count",24,46
count_plus_PE_count,239,0.24412018658762966,0.2961544578411094,0.8881682081515675,"intercept,P:9.9,P:9.6,P:10.0,B:9.0,B:9.7,B:10.1,B:10.2,B:10.6,B:10.10,B:11.2,B:11.9,E:10.7,E:11.10,P_count_eq_1,P_count_eq_2,P_count_eq_3,B_count_eq_1,B_count_2_3,B_count_4_5,B_count_6_8,E_count_eq_1,E_count_eq_2,P_E_count",24,46
count_plus_BE_count,239,0.3673090808738268,0.4308070367775142,0.763356646048609,"intercept,P:9.9,P:9.6,P:10.0,B:9.0,B:9.7,B:10.1,B:10.2,B:10.6,B:10.10,B:11.2,B:11.9,E:10.7,E:11.10,P_count_eq_1,P_count_eq_2,P_count_eq_3,B_count_eq_1,B_count_2_3,B_count_4_5,B_count_6_8,E_count_eq_1,E_count_eq_2,B_E_count",24,46
count_plus_all_pairs,239,0.21892199015662428,0.2708192605092718,0.9064835890246411,"intercept,P:9.9,P:9.6,P:10.0,B:9.0,B:9.7,B:10.1,B:10.2,B:10.6,B:10.10,B:11.2,B:11.9,E:10.7,E:11.10,P_count_eq_1,P_count_eq_2,P_count_eq_3,B_count_eq_1,B_count_2_3,B_count_4_5,B_count_6_8,E_count_eq_1,E_count_eq_2,P_B_count,P_E_count,B_E_count",26,46
additive_head,239,0.4012526943158791,0.470231771190528,0.7524362065657347,"intercept,P:9.9,P:9.6,P:10.0,B:9.0,B:9.7,B:10.1,B:10.2,B:10.6,B:10.10,B:11.2,B:11.9,E:10.7,E:11.10",14,47
count_additive,239,0.4051758576269791,0.47623910079045634,0.7460704224720687,"intercept,P:9.9,P:9.6,P:10.0,B:9.0,B:9.7,B:10.1,B:10.2,B:10.6,B:10.10,B:11.2,B:11.9,E:10.7,E:11.10,P_count_eq_1,P_count_eq_2,P_count_eq_3,B_count_eq_1,B_count_2_3,B_count_4_5,B_count_6_8,E_count_eq_1,E_count_eq_2",23,47
count_plus_PB_count,239,0.3961105315264994,0.4581911648239983,0.7649519718654504,"intercept,P:9.9,P:9.6,P:10.0,B:9.0,B:9.7,B:10.1,B:10.2,B:10.6,B:10.10,B:11.2,B:11.9,E:10.7,E:11.10,P_count_eq_1,P_count_eq_2,P_count_eq_3,B_count_eq_1,B_count_2_3,B_count_4_5,B_count_6_8,E_count_eq_1,E_count_eq_2,P_B_count",24,47
count_plus_PE_count,239,0.2697886538372799,0.3257301943804132,0.8812101789876956,"intercept,P:9.9,P:9.6,P:10.0,B:9.0,B:9.7,B:10.1,B:10.2,B:10.6,B:10.10,B:11.2,B:11.9,E:10.7,E:11.10,P_count_eq_1,P_count_eq_2,P_count_eq_3,B_count_eq_1,B_count_2_3,B_count_4_5,B_count_6_8,E_count_eq_1,E_count_eq_2,P_E_count",24,47
count_plus_BE_count,239,0.40312382750811565,0.4707611200316256,0.7518785183082566,"intercept,P:9.9,P:9.6,P:10.0,B:9.0,B:9.7,B:10.1,B:10.2,B:10.6,B:10.10,B:11.2,B:11.9,E:10.7,E:11.10,P_count_eq_1,P_count_eq_2,P_count_eq_3,B_count_eq_1,B_count_2_3,B_count_4_5,B_count_6_8,E_count_eq_1,E_count_eq_2,B_E_count",24,47
count_plus_all_pairs,239,0.24273456607212143,0.29898910423324787,0.8999138657825144,"intercept,P:9.9,P:9.6,P:10.0,B:9.0,B:9.7,B:10.1,B:10.2,B:10.6,B:10.10,B:11.2,B:11.9,E:10.7,E:11.10,P_count_eq_1,P_count_eq_2,P_count_eq_3,B_count_eq_1,B_count_2_3,B_count_4_5,B_count_6_8,E_count_eq_1,E_count_eq_2,P_B_count,P_E_count,B_E_count",26,47
additive_head,239,0.40712175927054095,0.47918386588775713,0.760465306429777,"intercept,P:9.9,P:9.6,P:10.0,B:9.0,B:9.7,B:10.1,B:10.2,B:10.6,B:10.10,B:11.2,B:11.9,E:10.7,E:11.10",14,48
count_additive,239,0.4108707023810198,0.48492915503125855,0.7546869558282665,"intercept,P:9.9,P:9.6,P:10.0,B:9.0,B:9.7,B:10.1,B:10.2,B:10.6,B:10.10,B:11.2,B:11.9,E:10.7,E:11.10,P_count_eq_1,P_count_eq_2,P_count_eq_3,B_count_eq_1,B_count_2_3,B_count_4_5,B_count_6_8,E_count_eq_1,E_count_eq_2",23,48
count_plus_PB_count,239,0.40027479182262016,0.4654068056117609,0.7740410698559435,"intercept,P:9.9,P:9.6,P:10.0,B:9.0,B:9.7,B:10.1,B:10.2,B:10.6,B:10.10,B:11.2,B:11.9,E:10.7,E:11.10,P_count_eq_1,P_count_eq_2,P_count_eq_3,B_count_eq_1,B_count_2_3,B_count_4_5,B_count_6_8,E_count_eq_1,E_count_eq_2,P_B_count",24,48
count_plus_PE_count,239,0.27331932986945995,0.33096869001341905,0.8857285146680425,"intercept,P:9.9,P:9.6,P:10.0,B:9.0,B:9.7,B:10.1,B:10.2,B:10.6,B:10.10,B:11.2,B:11.9,E:10.7,E:11.10,P_count_eq_1,P_count_eq_2,P_count_eq_3,B_count_eq_1,B_count_2_3,B_count_4_5,B_count_6_8,E_count_eq_1,E_count_eq_2,P_E_count",24,48
count_plus_BE_count,239,0.40782277787300636,0.4794407915513848,0.76020837328471,"intercept,P:9.9,P:9.6,P:10.0,B:9.0,B:9.7,B:10.1,B:10.2,B:10.6,B:10.10,B:11.2,B:11.9,E:10.7,E:11.10,P_count_eq_1,P_count_eq_2,P_count_eq_3,B_count_eq_1,B_count_2_3,B_count_4_5,B_count_6_8,E_count_eq_1,E_count_eq_2,B_E_count",24,48
count_plus_all_pairs,239,0.24527722236010932,0.3023037769390608,0.9046652577057577,"intercept,P:9.9,P:9.6,P:10.0,B:9.0,B:9.7,B:10.1,B:10.2,B:10.6,B:10.10,B:11.2,B:11.9,E:10.7,E:11.10,P_count_eq_1,P_count_eq_2,P_count_eq_3,B_count_eq_1,B_count_2_3,B_count_4_5,B_count_6_8,E_count_eq_1,E_count_eq_2,P_B_count,P_E_count,B_E_count",26,48
additive_head,239,0.39303024926526675,0.464474865128486,0.764499764738172,"intercept,P:9.9,P:9.6,P:10.0,B:9.0,B:9.7,B:10.1,B:10.2,B:10.6,B:10.10,B:11.2,B:11.9,E:10.7,E:11.10",14,49
count_additive,239,0.39602341205759867,0.4693405394920398,0.7595398868422919,"intercept,P:9.9,P:9.6,P:10.0,B:9.0,B:9.7,B:10.1,B:10.2,B:10.6,B:10.10,B:11.2,B:11.9,E:10.7,E:11.10,P_count_eq_1,P_count_eq_2,P_count_eq_3,B_count_eq_1,B_count_2_3,B_count_4_5,B_count_6_8,E_count_eq_1,E_count_eq_2",23,49
count_plus_PB_count,239,0.38529175414283334,0.44834514771304945,0.7805720940643517,"intercept,P:9.9,P:9.6,P:10.0,B:9.0,B:9.7,B:10.1,B:10.2,B:10.6,B:10.10,B:11.2,B:11.9,E:10.7,E:11.10,P_count_eq_1,P_count_eq_2,P_count_eq_3,B_count_eq_1,B_count_2_3,B_count_4_5,B_count_6_8,E_count_eq_1,E_count_eq_2,P_B_count",24,49
count_plus_PE_count,239,0.2642969780908554,0.3205198552854233,0.8878558078667392,"intercept,P:9.9,P:9.6,P:10.0,B:9.0,B:9.7,B:10.1,B:10.2,B:10.6,B:10.10,B:11.2,B:11.9,E:10.7,E:11.10,P_count_eq_1,P_count_eq_2,P_count_eq_3,B_count_eq_1,B_count_2_3,B_count_4_5,B_count_6_8,E_count_eq_1,E_count_eq_2,P_E_count",24,49
count_plus_BE_count,239,0.393193999387458,0.46454928064284545,0.7644242976835601,"intercept,P:9.9,P:9.6,P:10.0,B:9.0,B:9.7,B:10.1,B:10.2,B:10.6,B:10.10,B:11.2,B:11.9,E:10.7,E:11.10,P_count_eq_1,P_count_eq_2,P_count_eq_3,B_count_eq_1,B_count_2_3,B_count_4_5,B_count_6_8,E_count_eq_1,E_count_eq_2,B_E_count",24,49
count_plus_all_pairs,239,0.23540177677234705,0.29063246725708153,0.9077948522155448,"intercept,P:9.9,P:9.6,P:10.0,B:9.0,B:9.7,B:10.1,B:10.2,B:10.6,B:10.10,B:11.2,B:11.9,E:10.7,E:11.10,P_count_eq_1,P_count_eq_2,P_count_eq_3,B_count_eq_1,B_count_2_3,B_count_4_5,B_count_6_8,E_count_eq_1,E_count_eq_2,P_B_count,P_E_count,B_E_count",26,49
additive_head,239,0.37628801871437473,0.44662870465821813,0.7716203392109654,"intercept,P:9.9,P:9.6,P:10.0,B:9.0,B:9.7,B:10.1,B:10.2,B:10.6,B:10.10,B:11.2,B:11.9,E:10.7,E:11.10",14,50
count_additive,239,0.3796043654328636,0.45119345629088986,0.7669281919485297,"intercept,P:9.9,P:9.6,P:10.0,B:9.0,B:9.7,B:10.1,B:10.2,B:10.6,B:10.10,B:11.2,B:11.9,E:10.7,E:11.10,P_count_eq_1,P_count_eq_2,P_count_eq_3,B_count_eq_1,B_count_2_3,B_count_4_5,B_count_6_8,E_count_eq_1,E_count_eq_2",23,50
count_plus_PB_count,239,0.36824916878812247,0.4305190242588889,0.7877983018519354,"intercept,P:9.9,P:9.6,P:10.0,B:9.0,B:9.7,B:10.1,B:10.2,B:10.6,B:10.10,B:11.2,B:11.9,E:10.7,E:11.10,P_count_eq_1,P_count_eq_2,P_count_eq_3,B_count_eq_1,B_count_2_3,B_count_4_5,B_count_6_8,E_count_eq_1,E_count_eq_2,P_B_count",24,50
count_plus_PE_count,239,0.25462943834321144,0.3097640035955832,0.8901434242224983,"intercept,P:9.9,P:9.6,P:10.0,B:9.0,B:9.7,B:10.1,B:10.2,B:10.6,B:10.10,B:11.2,B:11.9,E:10.7,E:11.10,P_count_eq_1,P_count_eq_2,P_count_eq_3,B_count_eq_1,B_count_2_3,B_count_4_5,B_count_6_8,E_count_eq_1,E_count_eq_2,P_E_count",24,50
count_plus_BE_count,239,0.3763258650234828,0.4463826745294955,0.7718718805955801,"intercept,P:9.9,P:9.6,P:10.0,B:9.0,B:9.7,B:10.1,B:10.2,B:10.6,B:10.10,B:11.2,B:11.9,E:10.7,E:11.10,P_count_eq_1,P_count_eq_2,P_count_eq_3,B_count_eq_1,B_count_2_3,B_count_4_5,B_count_6_8,E_count_eq_1,E_count_eq_2,B_E_count",24,50
count_plus_all_pairs,239,0.22728904609998246,0.2802680653246882,0.9100685922661758,"intercept,P:9.9,P:9.6,P:10.0,B:9.0,B:9.7,B:10.1,B:10.2,B:10.6,B:10.10,B:11.2,B:11.9,E:10.7,E:11.10,P_count_eq_1,P_count_eq_2,P_count_eq_3,B_count_eq_1,B_count_2_3,B_count_4_5,B_count_6_8,E_count_eq_1,E_count_eq_2,P_B_count,P_E_count,B_E_count",26,50
additive_head,239,0.3790227424099723,0.4478585796511022,0.7670989530172827,"intercept,P:9.9,P:9.6,P:10.0,B:9.0,B:9.7,B:10.1,B:10.2,B:10.6,B:10.10,B:11.2,B:11.9,E:10.7,E:11.10",14,51
count_additive,239,0.3821635122194461,0.4526064501965497,0.7621346833572648,"intercept,P:9.9,P:9.6,P:10.0,B:9.0,B:9.7,B:10.1,B:10.2,B:10.6,B:10.10,B:11.2,B:11.9,E:10.7,E:11.10,P_count_eq_1,P_count_eq_2,P_count_eq_3,B_count_eq_1,B_count_2_3,B_count_4_5,B_count_6_8,E_count_eq_1,E_count_eq_2",23,51
count_plus_PB_count,239,0.37088138425486905,0.4323381302715935,0.7829615275812913,"intercept,P:9.9,P:9.6,P:10.0,B:9.0,B:9.7,B:10.1,B:10.2,B:10.6,B:10.10,B:11.2,B:11.9,E:10.7,E:11.10,P_count_eq_1,P_count_eq_2,P_count_eq_3,B_count_eq_1,B_count_2_3,B_count_4_5,B_count_6_8,E_count_eq_1,E_count_eq_2,P_B_count",24,51
count_plus_PE_count,239,0.2530631800742947,0.30774168501707466,0.8900330198668136,"intercept,P:9.9,P:9.6,P:10.0,B:9.0,B:9.7,B:10.1,B:10.2,B:10.6,B:10.10,B:11.2,B:11.9,E:10.7,E:11.10,P_count_eq_1,P_count_eq_2,P_count_eq_3,B_count_eq_1,B_count_2_3,B_count_4_5,B_count_6_8,E_count_eq_1,E_count_eq_2,P_E_count",24,51
count_plus_BE_count,239,0.37933160759584456,0.44811350295002894,0.7668337407234567,"intercept,P:9.9,P:9.6,P:10.0,B:9.0,B:9.7,B:10.1,B:10.2,B:10.6,B:10.10,B:11.2,B:11.9,E:10.7,E:11.10,P_count_eq_1,P_count_eq_2,P_count_eq_3,B_count_eq_1,B_count_2_3,B_count_4_5,B_count_6_8,E_count_eq_1,E_count_eq_2,B_E_count",24,51
count_plus_all_pairs,239,0.22556554716628222,0.27877427781957437,0.909760840236322,"intercept,P:9.9,P:9.6,P:10.0,B:9.0,B:9.7,B:10.1,B:10.2,B:10.6,B:10.10,B:11.2,B:11.9,E:10.7,E:11.10,P_count_eq_1,P_count_eq_2,P_count_eq_3,B_count_eq_1,B_count_2_3,B_count_4_5,B_count_6_8,E_count_eq_1,E_count_eq_2,P_B_count,P_E_count,B_E_count",26,51
additive_head,239,0.397847232518662,0.4683312422020137,0.7672521743947597,"intercept,P:9.9,P:9.6,P:10.0,B:9.0,B:9.7,B:10.1,B:10.2,B:10.6,B:10.10,B:11.2,B:11.9,E:10.7,E:11.10",14,52
count_additive,239,0.4008476667056794,0.47382558141257713,0.7617590676570829,"intercept,P:9.9,P:9.6,P:10.0,B:9.0,B:9.7,B:10.1,B:10.2,B:10.6,B:10.10,B:11.2,B:11.9,E:10.7,E:11.10,P_count_eq_1,P_count_eq_2,P_count_eq_3,B_count_eq_1,B_count_2_3,B_count_4_5,B_count_6_8,E_count_eq_1,E_count_eq_2",23,52
count_plus_PB_count,239,0.3903999775037302,0.4541339638420101,0.7811496033734788,"intercept,P:9.9,P:9.6,P:10.0,B:9.0,B:9.7,B:10.1,B:10.2,B:10.6,B:10.10,B:11.2,B:11.9,E:10.7,E:11.10,P_count_eq_1,P_count_eq_2,P_count_eq_3,B_count_eq_1,B_count_2_3,B_count_4_5,B_count_6_8,E_count_eq_1,E_count_eq_2,P_B_count",24,52
count_plus_PE_count,239,0.269182231047469,0.32656383486015916,0.8868341092125178,"intercept,P:9.9,P:9.6,P:10.0,B:9.0,B:9.7,B:10.1,B:10.2,B:10.6,B:10.10,B:11.2,B:11.9,E:10.7,E:11.10,P_count_eq_1,P_count_eq_2,P_count_eq_3,B_count_eq_1,B_count_2_3,B_count_4_5,B_count_6_8,E_count_eq_1,E_count_eq_2,P_E_count",24,52
count_plus_BE_count,239,0.3970590251697094,0.46744736848895946,0.7681298675343335,"intercept,P:9.9,P:9.6,P:10.0,B:9.0,B:9.7,B:10.1,B:10.2,B:10.6,B:10.10,B:11.2,B:11.9,E:10.7,E:11.10,P_count_eq_1,P_count_eq_2,P_count_eq_3,B_count_eq_1,B_count_2_3,B_count_4_5,B_count_6_8,E_count_eq_1,E_count_eq_2,B_E_count",24,52
count_plus_all_pairs,239,0.240292008328079,0.2968186631451729,0.9065107273301933,"intercept,P:9.9,P:9.6,P:10.0,B:9.0,B:9.7,B:10.1,B:10.2,B:10.6,B:10.10,B:11.2,B:11.9,E:10.7,E:11.10,P_count_eq_1,P_count_eq_2,P_count_eq_3,B_count_eq_1,B_count_2_3,B_count_4_5,B_count_6_8,E_count_eq_1,E_count_eq_2,P_B_count,P_E_count,B_E_count",26,52
additive_head,239,0.38323490601406984,0.45189007388131525,0.7455144757135381,"intercept,P:9.9,P:9.6,P:10.0,B:9.0,B:9.7,B:10.1,B:10.2,B:10.6,B:10.10,B:11.2,B:11.9,E:10.7,E:11.10",14,53
count_additive,239,0.3868699965491105,0.45696776426902525,0.7397632600513264,"intercept,P:9.9,P:9.6,P:10.0,B:9.0,B:9.7,B:10.1,B:10.2,B:10.6,B:10.10,B:11.2,B:11.9,E:10.7,E:11.10,P_count_eq_1,P_count_eq_2,P_count_eq_3,B_count_eq_1,B_count_2_3,B_count_4_5,B_count_6_8,E_count_eq_1,E_count_eq_2",23,53
count_plus_PB_count,239,0.3775951744419005,0.4385018777657038,0.7603704374189835,"intercept,P:9.9,P:9.6,P:10.0,B:9.0,B:9.7,B:10.1,B:10.2,B:10.6,B:10.10,B:11.2,B:11.9,E:10.7,E:11.10,P_count_eq_1,P_count_eq_2,P_count_eq_3,B_count_eq_1,B_count_2_3,B_count_4_5,B_count_6_8,E_count_eq_1,E_count_eq_2,P_B_count",24,53
count_plus_PE_count,239,0.25497279428122194,0.30958631791556496,0.8805569188530044,"intercept,P:9.9,P:9.6,P:10.0,B:9.0,B:9.7,B:10.1,B:10.2,B:10.6,B:10.10,B:11.2,B:11.9,E:10.7,E:11.10,P_count_eq_1,P_count_eq_2,P_count_eq_3,B_count_eq_1,B_count_2_3,B_count_4_5,B_count_6_8,E_count_eq_1,E_count_eq_2,P_E_count",24,53
count_plus_BE_count,239,0.3844732419299749,0.45205961996979244,0.7453234774068849,"intercept,P:9.9,P:9.6,P:10.0,B:9.0,B:9.7,B:10.1,B:10.2,B:10.6,B:10.10,B:11.2,B:11.9,E:10.7,E:11.10,P_count_eq_1,P_count_eq_2,P_count_eq_3,B_count_eq_1,B_count_2_3,B_count_4_5,B_count_6_8,E_count_eq_1,E_count_eq_2,B_E_count",24,53
count_plus_all_pairs,239,0.2289682986571389,0.2826663807441087,0.9004260359998438,"intercept,P:9.9,P:9.6,P:10.0,B:9.0,B:9.7,B:10.1,B:10.2,B:10.6,B:10.10,B:11.2,B:11.9,E:10.7,E:11.10,P_count_eq_1,P_count_eq_2,P_count_eq_3,B_count_eq_1,B_count_2_3,B_count_4_5,B_count_6_8,E_count_eq_1,E_count_eq_2,P_B_count,P_E_count,B_E_count",26,53
additive_head,239,0.3852796327063107,0.452984810938779,0.7468503258623522,"intercept,P:9.9,P:9.6,P:10.0,B:9.0,B:9.7,B:10.1,B:10.2,B:10.6,B:10.10,B:11.2,B:11.9,E:10.7,E:11.10",14,54
count_additive,239,0.3878878586944023,0.45767411495105065,0.7415819805736203,"intercept,P:9.9,P:9.6,P:10.0,B:9.0,B:9.7,B:10.1,B:10.2,B:10.6,B:10.10,B:11.2,B:11.9,E:10.7,E:11.10,P_count_eq_1,P_count_eq_2,P_count_eq_3,B_count_eq_1,B_count_2_3,B_count_4_5,B_count_6_8,E_count_eq_1,E_count_eq_2",23,54
count_plus_PB_count,239,0.379202089101757,0.4401629714455336,0.7609784256310085,"intercept,P:9.9,P:9.6,P:10.0,B:9.0,B:9.7,B:10.1,B:10.2,B:10.6,B:10.10,B:11.2,B:11.9,E:10.7,E:11.10,P_count_eq_1,P_count_eq_2,P_count_eq_3,B_count_eq_1,B_count_2_3,B_count_4_5,B_count_6_8,E_count_eq_1,E_count_eq_2,P_B_count",24,54
count_plus_PE_count,239,0.25513520410248575,0.3096746817998284,0.8816899894975018,"intercept,P:9.9,P:9.6,P:10.0,B:9.0,B:9.7,B:10.1,B:10.2,B:10.6,B:10.10,B:11.2,B:11.9,E:10.7,E:11.10,P_count_eq_1,P_count_eq_2,P_count_eq_3,B_count_eq_1,B_count_2_3,B_count_4_5,B_count_6_8,E_count_eq_1,E_count_eq_2,P_E_count",24,54
count_plus_BE_count,239,0.38502428574654396,0.4518009935157611,0.7481717450190482,"intercept,P:9.9,P:9.6,P:10.0,B:9.0,B:9.7,B:10.1,B:10.2,B:10.6,B:10.10,B:11.2,B:11.9,E:10.7,E:11.10,P_count_eq_1,P_count_eq_2,P_count_eq_3,B_count_eq_1,B_count_2_3,B_count_4_5,B_count_6_8,E_count_eq_1,E_count_eq_2,B_E_count",24,54
count_plus_all_pairs,239,0.22903249644646326,0.282812716656051,0.901324812555981,"intercept,P:9.9,P:9.6,P:10.0,B:9.0,B:9.7,B:10.1,B:10.2,B:10.6,B:10.10,B:11.2,B:11.9,E:10.7,E:11.10,P_count_eq_1,P_count_eq_2,P_count_eq_3,B_count_eq_1,B_count_2_3,B_count_4_5,B_count_6_8,E_count_eq_1,E_count_eq_2,P_B_count,P_E_count,B_E_count",26,54
additive_head,239,0.37958858984738164,0.4485513307672488,0.7590224208265062,"intercept,P:9.9,P:9.6,P:10.0,B:9.0,B:9.7,B:10.1,B:10.2,B:10.6,B:10.10,B:11.2,B:11.9,E:10.7,E:11.10",14,55
count_additive,239,0.38223094372629285,0.4528162359074958,0.7544181205254582,"intercept,P:9.9,P:9.6,P:10.0,B:9.0,B:9.7,B:10.1,B:10.2,B:10.6,B:10.10,B:11.2,B:11.9,E:10.7,E:11.10,P_count_eq_1,P_count_eq_2,P_count_eq_3,B_count_eq_1,B_count_2_3,B_count_4_5,B_count_6_8,E_count_eq_1,E_count_eq_2",23,55
count_plus_PB_count,239,0.3729781329201494,0.43434711784417873,0.7740427781985031,"intercept,P:9.9,P:9.6,P:10.0,B:9.0,B:9.7,B:10.1,B:10.2,B:10.6,B:10.10,B:11.2,B:11.9,E:10.7,E:11.10,P_count_eq_1,P_count_eq_2,P_count_eq_3,B_count_eq_1,B_count_2_3,B_count_4_5,B_count_6_8,E_count_eq_1,E_count_eq_2,P_B_count",24,55
count_plus_PE_count,239,0.2532091940070957,0.30717314071511354,0.8869894952465522,"intercept,P:9.9,P:9.6,P:10.0,B:9.0,B:9.7,B:10.1,B:10.2,B:10.6,B:10.10,B:11.2,B:11.9,E:10.7,E:11.10,P_count_eq_1,P_count_eq_2,P_count_eq_3,B_count_eq_1,B_count_2_3,B_count_4_5,B_count_6_8,E_count_eq_1,E_count_eq_2,P_E_count",24,55
count_plus_BE_count,239,0.37925056241782207,0.4474388705135657,0.7602162442664395,"intercept,P:9.9,P:9.6,P:10.0,B:9.0,B:9.7,B:10.1,B:10.2,B:10.6,B:10.10,B:11.2,B:11.9,E:10.7,E:11.10,P_count_eq_1,P_count_eq_2,P_count_eq_3,B_count_eq_1,B_count_2_3,B_count_4_5,B_count_6_8,E_count_eq_1,E_count_eq_2,B_E_count",24,55
count_plus_all_pairs,239,0.22666021174840598,0.27961296641127187,0.9063588039553896,"intercept,P:9.9,P:9.6,P:10.0,B:9.0,B:9.7,B:10.1,B:10.2,B:10.6,B:10.10,B:11.2,B:11.9,E:10.7,E:11.10,P_count_eq_1,P_count_eq_2,P_count_eq_3,B_count_eq_1,B_count_2_3,B_count_4_5,B_count_6_8,E_count_eq_1,E_count_eq_2,P_B_count,P_E_count,B_E_count",26,55
additive_head,239,0.3839046465763533,0.45248164652644157,0.7570632794604333,"intercept,P:9.9,P:9.6,P:10.0,B:9.0,B:9.7,B:10.1,B:10.2,B:10.6,B:10.10,B:11.2,B:11.9,E:10.7,E:11.10",14,56
count_additive,239,0.3867906023648118,0.4571810877760282,0.7519908285069659,"intercept,P:9.9,P:9.6,P:10.0,B:9.0,B:9.7,B:10.1,B:10.2,B:10.6,B:10.10,B:11.2,B:11.9,E:10.7,E:11.10,P_count_eq_1,P_count_eq_2,P_count_eq_3,B_count_eq_1,B_count_2_3,B_count_4_5,B_count_6_8,E_count_eq_1,E_count_eq_2",23,56
count_plus_PB_count,239,0.3782474561150473,0.4396205906388908,0.7706771771412507,"intercept,P:9.9,P:9.6,P:10.0,B:9.0,B:9.7,B:10.1,B:10.2,B:10.6,B:10.10,B:11.2,B:11.9,E:10.7,E:11.10,P_count_eq_1,P_count_eq_2,P_count_eq_3,B_count_eq_1,B_count_2_3,B_count_4_5,B_count_6_8,E_count_eq_1,E_count_eq_2,P_B_count",24,56
count_plus_PE_count,239,0.2568074597839012,0.3111596617734771,0.8851164598929123,"intercept,P:9.9,P:9.6,P:10.0,B:9.0,B:9.7,B:10.1,B:10.2,B:10.6,B:10.10,B:11.2,B:11.9,E:10.7,E:11.10,P_count_eq_1,P_count_eq_2,P_count_eq_3,B_count_eq_1,B_count_2_3,B_count_4_5,B_count_6_8,E_count_eq_1,E_count_eq_2,P_E_count",24,56
count_plus_BE_count,239,0.383853679305059,0.4511510048320344,0.7584900175998353,"intercept,P:9.9,P:9.6,P:10.0,B:9.0,B:9.7,B:10.1,B:10.2,B:10.6,B:10.10,B:11.2,B:11.9,E:10.7,E:11.10,P_count_eq_1,P_count_eq_2,P_count_eq_3,B_count_eq_1,B_count_2_3,B_count_4_5,B_count_6_8,E_count_eq_1,E_count_eq_2,B_E_count",24,56
count_plus_all_pairs,239,0.23020055410993767,0.28418375318442446,0.9041725967813993,"intercept,P:9.9,P:9.6,P:10.0,B:9.0,B:9.7,B:10.1,B:10.2,B:10.6,B:10.10,B:11.2,B:11.9,E:10.7,E:11.10,P_count_eq_1,P_count_eq_2,P_count_eq_3,B_count_eq_1,B_count_2_3,B_count_4_5,B_count_6_8,E_count_eq_1,E_count_eq_2,P_B_count,P_E_count,B_E_count",26,56
additive_head,239,0.39529717421830246,0.46623670720217136,0.7578233562465669,"intercept,P:9.9,P:9.6,P:10.0,B:9.0,B:9.7,B:10.1,B:10.2,B:10.6,B:10.10,B:11.2,B:11.9,E:10.7,E:11.10",14,57
count_additive,239,0.39821029108180467,0.4712405093863547,0.7525972265349985,"intercept,P:9.9,P:9.6,P:10.0,B:9.0,B:9.7,B:10.1,B:10.2,B:10.6,B:10.10,B:11.2,B:11.9,E:10.7,E:11.10,P_count_eq_1,P_count_eq_2,P_count_eq_3,B_count_eq_1,B_count_2_3,B_count_4_5,B_count_6_8,E_count_eq_1,E_count_eq_2",23,57
count_plus_PB_count,239,0.3881348828474855,0.4511662545433462,0.7732263722023728,"intercept,P:9.9,P:9.6,P:10.0,B:9.0,B:9.7,B:10.1,B:10.2,B:10.6,B:10.10,B:11.2,B:11.9,E:10.7,E:11.10,P_count_eq_1,P_count_eq_2,P_count_eq_3,B_count_eq_1,B_count_2_3,B_count_4_5,B_count_6_8,E_count_eq_1,E_count_eq_2,P_B_count",24,57
count_plus_PE_count,239,0.26352065635839833,0.32014420584532177,0.8858145881670003,"intercept,P:9.9,P:9.6,P:10.0,B:9.0,B:9.7,B:10.1,B:10.2,B:10.6,B:10.10,B:11.2,B:11.9,E:10.7,E:11.10,P_count_eq_1,P_count_eq_2,P_count_eq_3,B_count_eq_1,B_count_2_3,B_count_4_5,B_count_6_8,E_count_eq_1,E_count_eq_2,P_E_count",24,57
count_plus_BE_count,239,0.39486896062511584,0.46572172427951664,0.7583580544190904,"intercept,P:9.9,P:9.6,P:10.0,B:9.0,B:9.7,B:10.1,B:10.2,B:10.6,B:10.10,B:11.2,B:11.9,E:10.7,E:11.10,P_count_eq_1,P_count_eq_2,P_count_eq_3,B_count_eq_1,B_count_2_3,B_count_4_5,B_count_6_8,E_count_eq_1,E_count_eq_2,B_E_count",24,57
count_plus_all_pairs,239,0.23516368448653005,0.2905031247749011,0.905979848473087,"intercept,P:9.9,P:9.6,P:10.0,B:9.0,B:9.7,B:10.1,B:10.2,B:10.6,B:10.10,B:11.2,B:11.9,E:10.7,E:11.10,P_count_eq_1,P_count_eq_2,P_count_eq_3,B_count_eq_1,B_count_2_3,B_count_4_5,B_count_6_8,E_count_eq_1,E_count_eq_2,P_B_count,P_E_count,B_E_count",26,57
additive_head,239,0.38797802567052947,0.4575829624757149,0.7668322540753798,"intercept,P:9.9,P:9.6,P:10.0,B:9.0,B:9.7,B:10.1,B:10.2,B:10.6,B:10.10,B:11.2,B:11.9,E:10.7,E:11.10",14,58
count_additive,239,0.3910477580328948,0.46228517858816925,0.7620154725784435,"intercept,P:9.9,P:9.6,P:10.0,B:9.0,B:9.7,B:10.1,B:10.2,B:10.6,B:10.10,B:11.2,B:11.9,E:10.7,E:11.10,P_count_eq_1,P_count_eq_2,P_count_eq_3,B_count_eq_1,B_count_2_3,B_count_4_5,B_count_6_8,E_count_eq_1,E_count_eq_2",23,58
count_plus_PB_count,239,0.380822294306134,0.44292758295591533,0.7815287789984755,"intercept,P:9.9,P:9.6,P:10.0,B:9.0,B:9.7,B:10.1,B:10.2,B:10.6,B:10.10,B:11.2,B:11.9,E:10.7,E:11.10,P_count_eq_1,P_count_eq_2,P_count_eq_3,B_count_eq_1,B_count_2_3,B_count_4_5,B_count_6_8,E_count_eq_1,E_count_eq_2,P_B_count",24,58
count_plus_PE_count,239,0.2592852653974264,0.31425300633741254,0.8900265967033316,"intercept,P:9.9,P:9.6,P:10.0,B:9.0,B:9.7,B:10.1,B:10.2,B:10.6,B:10.10,B:11.2,B:11.9,E:10.7,E:11.10,P_count_eq_1,P_count_eq_2,P_count_eq_3,B_count_eq_1,B_count_2_3,B_count_4_5,B_count_6_8,E_count_eq_1,E_count_eq_2,P_E_count",24,58
count_plus_BE_count,239,0.3885720576241776,0.4579424419883895,0.7664657546255276,"intercept,P:9.9,P:9.6,P:10.0,B:9.0,B:9.7,B:10.1,B:10.2,B:10.6,B:10.10,B:11.2,B:11.9,E:10.7,E:11.10,P_count_eq_1,P_count_eq_2,P_count_eq_3,B_count_eq_1,B_count_2_3,B_count_4_5,B_count_6_8,E_count_eq_1,E_count_eq_2,B_E_count",24,58
count_plus_all_pairs,239,0.23232214774158147,0.28689717637813433,0.9083396880608504,"intercept,P:9.9,P:9.6,P:10.0,B:9.0,B:9.7,B:10.1,B:10.2,B:10.6,B:10.10,B:11.2,B:11.9,E:10.7,E:11.10,P_count_eq_1,P_count_eq_2,P_count_eq_3,B_count_eq_1,B_count_2_3,B_count_4_5,B_count_6_8,E_count_eq_1,E_count_eq_2,P_B_count,P_E_count,B_E_count",26,58
additive_head,239,0.3780194525798324,0.4487720275547167,0.7651097819334306,"intercept,P:9.9,P:9.6,P:10.0,B:9.0,B:9.7,B:10.1,B:10.2,B:10.6,B:10.10,B:11.2,B:11.9,E:10.7,E:11.10",14,59
count_additive,239,0.3802318039997366,0.45286317155346745,0.7608075977748074,"intercept,P:9.9,P:9.6,P:10.0,B:9.0,B:9.7,B:10.1,B:10.2,B:10.6,B:10.10,B:11.2,B:11.9,E:10.7,E:11.10,P_count_eq_1,P_count_eq_2,P_count_eq_3,B_count_eq_1,B_count_2_3,B_count_4_5,B_count_6_8,E_count_eq_1,E_count_eq_2",23,59
count_plus_PB_count,239,0.3689715624405677,0.43222757209988993,0.7821094938369135,"intercept,P:9.9,P:9.6,P:10.0,B:9.0,B:9.7,B:10.1,B:10.2,B:10.6,B:10.10,B:11.2,B:11.9,E:10.7,E:11.10,P_count_eq_1,P_count_eq_2,P_count_eq_3,B_count_eq_1,B_count_2_3,B_count_4_5,B_count_6_8,E_count_eq_1,E_count_eq_2,P_B_count",24,59
count_plus_PE_count,239,0.25132120136008507,0.3066592279544498,0.890320503292475,"intercept,P:9.9,P:9.6,P:10.0,B:9.0,B:9.7,B:10.1,B:10.2,B:10.6,B:10.10,B:11.2,B:11.9,E:10.7,E:11.10,P_count_eq_1,P_count_eq_2,P_count_eq_3,B_count_eq_1,B_count_2_3,B_count_4_5,B_count_6_8,E_count_eq_1,E_count_eq_2,P_E_count",24,59
count_plus_BE_count,239,0.3760399187533323,0.44734648817734346,0.766599685096294,"intercept,P:9.9,P:9.6,P:10.0,B:9.0,B:9.7,B:10.1,B:10.2,B:10.6,B:10.10,B:11.2,B:11.9,E:10.7,E:11.10,P_count_eq_1,P_count_eq_2,P_count_eq_3,B_count_eq_1,B_count_2_3,B_count_4_5,B_count_6_8,E_count_eq_1,E_count_eq_2,B_E_count",24,59
count_plus_all_pairs,239,0.22323119773246858,0.2760605063362962,0.9111163391840904,"intercept,P:9.9,P:9.6,P:10.0,B:9.0,B:9.7,B:10.1,B:10.2,B:10.6,B:10.10,B:11.2,B:11.9,E:10.7,E:11.10,P_count_eq_1,P_count_eq_2,P_count_eq_3,B_count_eq_1,B_count_2_3,B_count_4_5,B_count_6_8,E_count_eq_1,E_count_eq_2,P_B_count,P_E_count,B_E_count",26,59
additive_head,239,0.3838909036504147,0.452845188049617,0.7597602278105737,"intercept,P:9.9,P:9.6,P:10.0,B:9.0,B:9.7,B:10.1,B:10.2,B:10.6,B:10.10,B:11.2,B:11.9,E:10.7,E:11.10",14,60
count_additive,239,0.38688780038156645,0.4577464138840414,0.7545317683203523,"intercept,P:9.9,P:9.6,P:10.0,B:9.0,B:9.7,B:10.1,B:10.2,B:10.6,B:10.10,B:11.2,B:11.9,E:10.7,E:11.10,P_count_eq_1,P_count_eq_2,P_count_eq_3,B_count_eq_1,B_count_2_3,B_count_4_5,B_count_6_8,E_count_eq_1,E_count_eq_2",23,60
count_plus_PB_count,239,0.3777991024248558,0.43908529913521993,0.7741379911066737,"intercept,P:9.9,P:9.6,P:10.0,B:9.0,B:9.7,B:10.1,B:10.2,B:10.6,B:10.10,B:11.2,B:11.9,E:10.7,E:11.10,P_count_eq_1,P_count_eq_2,P_count_eq_3,B_count_eq_1,B_count_2_3,B_count_4_5,B_count_6_8,E_count_eq_1,E_count_eq_2,P_B_count",24,60
count_plus_PE_count,239,0.25529549303538007,0.31072586953505554,0.8868902045863353,"intercept,P:9.9,P:9.6,P:10.0,B:9.0,B:9.7,B:10.1,B:10.2,B:10.6,B:10.10,B:11.2,B:11.9,E:10.7,E:11.10,P_count_eq_1,P_count_eq_2,P_count_eq_3,B_count_eq_1,B_count_2_3,B_count_4_5,B_count_6_8,E_count_eq_1,E_count_eq_2,P_E_count",24,60
count_plus_BE_count,239,0.3840495266111879,0.4526835213613971,0.7599317294036663,"intercept,P:9.9,P:9.6,P:10.0,B:9.0,B:9.7,B:10.1,B:10.2,B:10.6,B:10.10,B:11.2,B:11.9,E:10.7,E:11.10,P_count_eq_1,P_count_eq_2,P_count_eq_3,B_count_eq_1,B_count_2_3,B_count_4_5,B_count_6_8,E_count_eq_1,E_count_eq_2,B_E_count",24,60
count_plus_all_pairs,239,0.22926004818020804,0.2833536156124532,0.9059404470891775,"intercept,P:9.9,P:9.6,P:10.0,B:9.0,B:9.7,B:10.1,B:10.2,B:10.6,B:10.10,B:11.2,B:11.9,E:10.7,E:11.10,P_count_eq_1,P_count_eq_2,P_count_eq_3,B_count_eq_1,B_count_2_3,B_count_4_5,B_count_6_8,E_count_eq_1,E_count_eq_2,P_B_count,P_E_count,B_E_count",26,60
additive_head,239,0.38171204612153736,0.44991099260105155,0.7612446325305375,"intercept,P:9.9,P:9.6,P:10.0,B:9.0,B:9.7,B:10.1,B:10.2,B:10.6,B:10.10,B:11.2,B:11.9,E:10.7,E:11.10",14,61
count_additive,239,0.38478329437736414,0.4548735952728543,0.755948551340594,"intercept,P:9.9,P:9.6,P:10.0,B:9.0,B:9.7,B:10.1,B:10.2,B:10.6,B:10.10,B:11.2,B:11.9,E:10.7,E:11.10,P_count_eq_1,P_count_eq_2,P_count_eq_3,B_count_eq_1,B_count_2_3,B_count_4_5,B_count_6_8,E_count_eq_1,E_count_eq_2",23,61
count_plus_PB_count,239,0.37569582638398613,0.43652440140171156,0.7752410544133133,"intercept,P:9.9,P:9.6,P:10.0,B:9.0,B:9.7,B:10.1,B:10.2,B:10.6,B:10.10,B:11.2,B:11.9,E:10.7,E:11.10,P_count_eq_1,P_count_eq_2,P_count_eq_3,B_count_eq_1,B_count_2_3,B_count_4_5,B_count_6_8,E_count_eq_1,E_count_eq_2,P_B_count",24,61
count_plus_PE_count,239,0.2534273508695434,0.3075177651482967,0.8884575049819627,"intercept,P:9.9,P:9.6,P:10.0,B:9.0,B:9.7,B:10.1,B:10.2,B:10.6,B:10.10,B:11.2,B:11.9,E:10.7,E:11.10,P_count_eq_1,P_count_eq_2,P_count_eq_3,B_count_eq_1,B_count_2_3,B_count_4_5,B_count_6_8,E_count_eq_1,E_count_eq_2,P_E_count",24,61
count_plus_BE_count,239,0.38205542226320655,0.44985959245345053,0.761299182698542,"intercept,P:9.9,P:9.6,P:10.0,B:9.0,B:9.7,B:10.1,B:10.2,B:10.6,B:10.10,B:11.2,B:11.9,E:10.7,E:11.10,P_count_eq_1,P_count_eq_2,P_count_eq_3,B_count_eq_1,B_count_2_3,B_count_4_5,B_count_6_8,E_count_eq_1,E_count_eq_2,B_E_count",24,61
count_plus_all_pairs,239,0.22723776001285484,0.2804972359796263,0.9071980488668694,"intercept,P:9.9,P:9.6,P:10.0,B:9.0,B:9.7,B:10.1,B:10.2,B:10.6,B:10.10,B:11.2,B:11.9,E:10.7,E:11.10,P_count_eq_1,P_count_eq_2,P_count_eq_3,B_count_eq_1,B_count_2_3,B_count_4_5,B_count_6_8,E_count_eq_1,E_count_eq_2,P_B_count,P_E_count,B_E_count",26,61
additive_head,239,0.3827283208221274,0.4520701193746836,0.7638033658612321,"intercept,P:9.9,P:9.6,P:10.0,B:9.0,B:9.7,B:10.1,B:10.2,B:10.6,B:10.10,B:11.2,B:11.9,E:10.7,E:11.10",14,62
count_additive,239,0.38552810166739354,0.45687746515395217,0.7587531923376909,"intercept,P:9.9,P:9.6,P:10.0,B:9.0,B:9.7,B:10.1,B:10.2,B:10.6,B:10.10,B:11.2,B:11.9,E:10.7,E:11.10,P_count_eq_1,P_count_eq_2,P_count_eq_3,B_count_eq_1,B_count_2_3,B_count_4_5,B_count_6_8,E_count_eq_1,E_count_eq_2",23,62
count_plus_PB_count,239,0.3759235382279312,0.43805677260908976,0.7782197348885624,"intercept,P:9.9,P:9.6,P:10.0,B:9.0,B:9.7,B:10.1,B:10.2,B:10.6,B:10.10,B:11.2,B:11.9,E:10.7,E:11.10,P_count_eq_1,P_count_eq_2,P_count_eq_3,B_count_eq_1,B_count_2_3,B_count_4_5,B_count_6_8,E_count_eq_1,E_count_eq_2,P_B_count",24,62
count_plus_PE_count,239,0.25320847342619535,0.30786826093703734,0.8904551570831349,"intercept,P:9.9,P:9.6,P:10.0,B:9.0,B:9.7,B:10.1,B:10.2,B:10.6,B:10.10,B:11.2,B:11.9,E:10.7,E:11.10,P_count_eq_1,P_count_eq_2,P_count_eq_3,B_count_eq_1,B_count_2_3,B_count_4_5,B_count_6_8,E_count_eq_1,E_count_eq_2,P_E_count",24,62
count_plus_BE_count,239,0.38265643912458125,0.4518732310224854,0.7640090606734494,"intercept,P:9.9,P:9.6,P:10.0,B:9.0,B:9.7,B:10.1,B:10.2,B:10.6,B:10.10,B:11.2,B:11.9,E:10.7,E:11.10,P_count_eq_1,P_count_eq_2,P_count_eq_3,B_count_eq_1,B_count_2_3,B_count_4_5,B_count_6_8,E_count_eq_1,E_count_eq_2,B_E_count",24,62
count_plus_all_pairs,239,0.22665046034438566,0.28008697339228233,0.909333276570933,"intercept,P:9.9,P:9.6,P:10.0,B:9.0,B:9.7,B:10.1,B:10.2,B:10.6,B:10.10,B:11.2,B:11.9,E:10.7,E:11.10,P_count_eq_1,P_count_eq_2,P_count_eq_3,B_count_eq_1,B_count_2_3,B_count_4_5,B_count_6_8,E_count_eq_1,E_count_eq_2,P_B_count,P_E_count,B_E_count",26,62
additive_head,239,0.38724912919588717,0.45857242870155673,0.763422354139345,"intercept,P:9.9,P:9.6,P:10.0,B:9.0,B:9.7,B:10.1,B:10.2,B:10.6,B:10.10,B:11.2,B:11.9,E:10.7,E:11.10",14,63
count_additive,239,0.3896211310253328,0.46254156030757215,0.75930927842681,"intercept,P:9.9,P:9.6,P:10.0,B:9.0,B:9.7,B:10.1,B:10.2,B:10.6,B:10.10,B:11.2,B:11.9,E:10.7,E:11.10,P_count_eq_1,P_count_eq_2,P_count_eq_3,B_count_eq_1,B_count_2_3,B_count_4_5,B_count_6_8,E_count_eq_1,E_count_eq_2",23,63
count_plus_PB_count,239,0.37865130792255514,0.4417072301376281,0.7805038823757791,"intercept,P:9.9,P:9.6,P:10.0,B:9.0,B:9.7,B:10.1,B:10.2,B:10.6,B:10.10,B:11.2,B:11.9,E:10.7,E:11.10,P_count_eq_1,P_count_eq_2,P_count_eq_3,B_count_eq_1,B_count_2_3,B_count_4_5,B_count_6_8,E_count_eq_1,E_count_eq_2,P_B_count",24,63
count_plus_PE_count,239,0.2575858254818747,0.31286671052381293,0.8898773791400907,"intercept,P:9.9,P:9.6,P:10.0,B:9.0,B:9.7,B:10.1,B:10.2,B:10.6,B:10.10,B:11.2,B:11.9,E:10.7,E:11.10,P_count_eq_1,P_count_eq_2,P_count_eq_3,B_count_eq_1,B_count_2_3,B_count_4_5,B_count_6_8,E_count_eq_1,E_count_eq_2,P_E_count",24,63
count_plus_BE_count,239,0.3856449534684488,0.45671666760407015,0.7653332551133165,"intercept,P:9.9,P:9.6,P:10.0,B:9.0,B:9.7,B:10.1,B:10.2,B:10.6,B:10.10,B:11.2,B:11.9,E:10.7,E:11.10,P_count_eq_1,P_count_eq_2,P_count_eq_3,B_count_eq_1,B_count_2_3,B_count_4_5,B_count_6_8,E_count_eq_1,E_count_eq_2,B_E_count",24,63
count_plus_all_pairs,239,0.2286011881097671,0.28177989207486515,0.9106740129888433,"intercept,P:9.9,P:9.6,P:10.0,B:9.0,B:9.7,B:10.1,B:10.2,B:10.6,B:10.10,B:11.2,B:11.9,E:10.7,E:11.10,P_count_eq_1,P_count_eq_2,P_count_eq_3,B_count_eq_1,B_count_2_3,B_count_4_5,B_count_6_8,E_count_eq_1,E_count_eq_2,P_B_count,P_E_count,B_E_count",26,63
additive_head,239,0.3759311477786792,0.4431177422353472,0.7628841573020251,"intercept,P:9.9,P:9.6,P:10.0,B:9.0,B:9.7,B:10.1,B:10.2,B:10.6,B:10.10,B:11.2,B:11.9,E:10.7,E:11.10",14,64
count_additive,239,0.3788918785379528,0.4479770094292333,0.7576551775621754,"intercept,P:9.9,P:9.6,P:10.0,B:9.0,B:9.7,B:10.1,B:10.2,B:10.6,B:10.10,B:11.2,B:11.9,E:10.7,E:11.10,P_count_eq_1,P_count_eq_2,P_count_eq_3,B_count_eq_1,B_count_2_3,B_count_4_5,B_count_6_8,E_count_eq_1,E_count_eq_2",23,64
count_plus_PB_count,239,0.3690434510322559,0.42967153574864886,0.7770561680138536,"intercept,P:9.9,P:9.6,P:10.0,B:9.0,B:9.7,B:10.1,B:10.2,B:10.6,B:10.10,B:11.2,B:11.9,E:10.7,E:11.10,P_count_eq_1,P_count_eq_2,P_count_eq_3,B_count_eq_1,B_count_2_3,B_count_4_5,B_count_6_8,E_count_eq_1,E_count_eq_2,P_B_count",24,64
count_plus_PE_count,239,0.25142040100711804,0.3051932194966446,0.8875208425349335,"intercept,P:9.9,P:9.6,P:10.0,B:9.0,B:9.7,B:10.1,B:10.2,B:10.6,B:10.10,B:11.2,B:11.9,E:10.7,E:11.10,P_count_eq_1,P_count_eq_2,P_count_eq_3,B_count_eq_1,B_count_2_3,B_count_4_5,B_count_6_8,E_count_eq_1,E_count_eq_2,P_E_count",24,64
count_plus_BE_count,239,0.3761185325416432,0.44295632806088964,0.7630568738663035,"intercept,P:9.9,P:9.6,P:10.0,B:9.0,B:9.7,B:10.1,B:10.2,B:10.6,B:10.10,B:11.2,B:11.9,E:10.7,E:11.10,P_count_eq_1,P_count_eq_2,P_count_eq_3,B_count_eq_1,B_count_2_3,B_count_4_5,B_count_6_8,E_count_eq_1,E_count_eq_2,B_E_count",24,64
count_plus_all_pairs,239,0.22531072059642399,0.2783810252511137,0.9064160109418453,"intercept,P:9.9,P:9.6,P:10.0,B:9.0,B:9.7,B:10.1,B:10.2,B:10.6,B:10.10,B:11.2,B:11.9,E:10.7,E:11.10,P_count_eq_1,P_count_eq_2,P_count_eq_3,B_count_eq_1,B_count_2_3,B_count_4_5,B_count_6_8,E_count_eq_1,E_count_eq_2,P_B_count,P_E_count,B_E_count",26,64
additive_head,239,0.3927736405664734,0.4635754651732409,0.7531513690120872,"intercept,P:9.9,P:9.6,P:10.0,B:9.0,B:9.7,B:10.1,B:10.2,B:10.6,B:10.10,B:11.2,B:11.9,E:10.7,E:11.10",14,65
count_additive,239,0.3961424612713,0.46949714216047855,0.7468046394776746,"intercept,P:9.9,P:9.6,P:10.0,B:9.0,B:9.7,B:10.1,B:10.2,B:10.6,B:10.10,B:11.2,B:11.9,E:10.7,E:11.10,P_count_eq_1,P_count_eq_2,P_count_eq_3,B_count_eq_1,B_count_2_3,B_count_4_5,B_count_6_8,E_count_eq_1,E_count_eq_2",23,65
count_plus_PB_count,239,0.38551185693965717,0.44998943950173126,0.7674081564907645,"intercept,P:9.9,P:9.6,P:10.0,B:9.0,B:9.7,B:10.1,B:10.2,B:10.6,B:10.10,B:11.2,B:11.9,E:10.7,E:11.10,P_count_eq_1,P_count_eq_2,P_count_eq_3,B_count_eq_1,B_count_2_3,B_count_4_5,B_count_6_8,E_count_eq_1,E_count_eq_2,P_B_count",24,65
count_plus_PE_count,239,0.26219457771956717,0.3188268003964991,0.8832385501590183,"intercept,P:9.9,P:9.6,P:10.0,B:9.0,B:9.7,B:10.1,B:10.2,B:10.6,B:10.10,B:11.2,B:11.9,E:10.7,E:11.10,P_count_eq_1,P_count_eq_2,P_count_eq_3,B_count_eq_1,B_count_2_3,B_count_4_5,B_count_6_8,E_count_eq_1,E_count_eq_2,P_E_count",24,65
count_plus_BE_count,239,0.39242530677746257,0.4632554088419221,0.7534921040170421,"intercept,P:9.9,P:9.6,P:10.0,B:9.0,B:9.7,B:10.1,B:10.2,B:10.6,B:10.10,B:11.2,B:11.9,E:10.7,E:11.10,P_count_eq_1,P_count_eq_2,P_count_eq_3,B_count_eq_1,B_count_2_3,B_count_4_5,B_count_6_8,E_count_eq_1,E_count_eq_2,B_E_count",24,65
count_plus_all_pairs,239,0.23428223846473298,0.2891627045824232,0.9039550812102413,"intercept,P:9.9,P:9.6,P:10.0,B:9.0,B:9.7,B:10.1,B:10.2,B:10.6,B:10.10,B:11.2,B:11.9,E:10.7,E:11.10,P_count_eq_1,P_count_eq_2,P_count_eq_3,B_count_eq_1,B_count_2_3,B_count_4_5,B_count_6_8,E_count_eq_1,E_count_eq_2,P_B_count,P_E_count,B_E_count",26,65
additive_head,239,0.3635769814359396,0.43194102683811186,0.7730961607876639,"intercept,P:9.9,P:9.6,P:10.0,B:9.0,B:9.7,B:10.1,B:10.2,B:10.6,B:10.10,B:11.2,B:11.9,E:10.7,E:11.10",14,66
count_additive,239,0.3666219015955958,0.43612688950299416,0.7686770833513299,"intercept,P:9.9,P:9.6,P:10.0,B:9.0,B:9.7,B:10.1,B:10.2,B:10.6,B:10.10,B:11.2,B:11.9,E:10.7,E:11.10,P_count_eq_1,P_count_eq_2,P_count_eq_3,B_count_eq_1,B_count_2_3,B_count_4_5,B_count_6_8,E_count_eq_1,E_count_eq_2",23,66
count_plus_PB_count,239,0.3558763570462108,0.41657978519473177,0.7889480763864096,"intercept,P:9.9,P:9.6,P:10.0,B:9.0,B:9.7,B:10.1,B:10.2,B:10.6,B:10.10,B:11.2,B:11.9,E:10.7,E:11.10,P_count_eq_1,P_count_eq_2,P_count_eq_3,B_count_eq_1,B_count_2_3,B_count_4_5,B_count_6_8,E_count_eq_1,E_count_eq_2,P_B_count",24,66
count_plus_PE_count,239,0.24360816953530134,0.2970302282515663,0.8927013570324402,"intercept,P:9.9,P:9.6,P:10.0,B:9.0,B:9.7,B:10.1,B:10.2,B:10.6,B:10.10,B:11.2,B:11.9,E:10.7,E:11.10,P_count_eq_1,P_count_eq_2,P_count_eq_3,B_count_eq_1,B_count_2_3,B_count_4_5,B_count_6_8,E_count_eq_1,E_count_eq_2,P_E_count",24,66
count_plus_BE_count,239,0.36304289214450475,0.4310754140055018,0.7740046832868801,"intercept,P:9.9,P:9.6,P:10.0,B:9.0,B:9.7,B:10.1,B:10.2,B:10.6,B:10.10,B:11.2,B:11.9,E:10.7,E:11.10,P_count_eq_1,P_count_eq_2,P_count_eq_3,B_count_eq_1,B_count_2_3,B_count_4_5,B_count_6_8,E_count_eq_1,E_count_eq_2,B_E_count",24,66
count_plus_all_pairs,239,0.21691541955785817,0.2683435065830152,0.9124260149519113,"intercept,P:9.9,P:9.6,P:10.0,B:9.0,B:9.7,B:10.1,B:10.2,B:10.6,B:10.10,B:11.2,B:11.9,E:10.7,E:11.10,P_count_eq_1,P_count_eq_2,P_count_eq_3,B_count_eq_1,B_count_2_3,B_count_4_5,B_count_6_8,E_count_eq_1,E_count_eq_2,P_B_count,P_E_count,B_E_count",26,66
additive_head,239,0.40987000631303716,0.4875819592719094,0.7631042403504286,"intercept,P:9.9,P:9.6,P:10.0,B:9.0,B:9.7,B:10.1,B:10.2,B:10.6,B:10.10,B:11.2,B:11.9,E:10.7,E:11.10",14,67
count_additive,239,0.41388746089670697,0.49305401384564246,0.75775711615519,"intercept,P:9.9,P:9.6,P:10.0,B:9.0,B:9.7,B:10.1,B:10.2,B:10.6,B:10.10,B:11.2,B:11.9,E:10.7,E:11.10,P_count_eq_1,P_count_eq_2,P_count_eq_3,B_count_eq_1,B_count_2_3,B_count_4_5,B_count_6_8,E_count_eq_1,E_count_eq_2",23,67
count_plus_PB_count,239,0.4011098190128482,0.4707149497229535,0.7792107044477631,"intercept,P:9.9,P:9.6,P:10.0,B:9.0,B:9.7,B:10.1,B:10.2,B:10.6,B:10.10,B:11.2,B:11.9,E:10.7,E:11.10,P_count_eq_1,P_count_eq_2,P_count_eq_3,B_count_eq_1,B_count_2_3,B_count_4_5,B_count_6_8,E_count_eq_1,E_count_eq_2,P_B_count",24,67
count_plus_PE_count,239,0.2770487706618907,0.3375469632118772,0.8864648230842921,"intercept,P:9.9,P:9.6,P:10.0,B:9.0,B:9.7,B:10.1,B:10.2,B:10.6,B:10.10,B:11.2,B:11.9,E:10.7,E:11.10,P_count_eq_1,P_count_eq_2,P_count_eq_3,B_count_eq_1,B_count_2_3,B_count_4_5,B_count_6_8,E_count_eq_1,E_count_eq_2,P_E_count",24,67
count_plus_BE_count,239,0.4099840874478369,0.4874248223850243,0.7632569082786507,"intercept,P:9.9,P:9.6,P:10.0,B:9.0,B:9.7,B:10.1,B:10.2,B:10.6,B:10.10,B:11.2,B:11.9,E:10.7,E:11.10,P_count_eq_1,P_count_eq_2,P_count_eq_3,B_count_eq_1,B_count_2_3,B_count_4_5,B_count_6_8,E_count_eq_1,E_count_eq_2,B_E_count",24,67
count_plus_all_pairs,239,0.24663674112549133,0.3050010060723457,0.9073032357552129,"intercept,P:9.9,P:9.6,P:10.0,B:9.0,B:9.7,B:10.1,B:10.2,B:10.6,B:10.10,B:11.2,B:11.9,E:10.7,E:11.10,P_count_eq_1,P_count_eq_2,P_count_eq_3,B_count_eq_1,B_count_2_3,B_count_4_5,B_count_6_8,E_count_eq_1,E_count_eq_2,P_B_count,P_E_count,B_E_count",26,67
additive_head,239,0.3678083439882094,0.43270679055409766,0.7482897970090896,"intercept,P:9.9,P:9.6,P:10.0,B:9.0,B:9.7,B:10.1,B:10.2,B:10.6,B:10.10,B:11.2,B:11.9,E:10.7,E:11.10",14,68
count_additive,239,0.37087151435678645,0.43813553604947114,0.7419342576898889,"intercept,P:9.9,P:9.6,P:10.0,B:9.0,B:9.7,B:10.1,B:10.2,B:10.6,B:10.10,B:11.2,B:11.9,E:10.7,E:11.10,P_count_eq_1,P_count_eq_2,P_count_eq_3,B_count_eq_1,B_count_2_3,B_count_4_5,B_count_6_8,E_count_eq_1,E_count_eq_2",23,68
count_plus_PB_count,239,0.36260763861763695,0.42165930145814756,0.7609786096221688,"intercept,P:9.9,P:9.6,P:10.0,B:9.0,B:9.7,B:10.1,B:10.2,B:10.6,B:10.10,B:11.2,B:11.9,E:10.7,E:11.10,P_count_eq_1,P_count_eq_2,P_count_eq_3,B_count_eq_1,B_count_2_3,B_count_4_5,B_count_6_8,E_count_eq_1,E_count_eq_2,P_B_count",24,68
count_plus_PE_count,239,0.24455183268110806,0.2968740343822689,0.881516512972998,"intercept,P:9.9,P:9.6,P:10.0,B:9.0,B:9.7,B:10.1,B:10.2,B:10.6,B:10.10,B:11.2,B:11.9,E:10.7,E:11.10,P_count_eq_1,P_count_eq_2,P_count_eq_3,B_count_eq_1,B_count_2_3,B_count_4_5,B_count_6_8,E_count_eq_1,E_count_eq_2,P_E_count",24,68
count_plus_BE_count,239,0.36849375510769244,0.4330187699192224,0.7479267026444005,"intercept,P:9.9,P:9.6,P:10.0,B:9.0,B:9.7,B:10.1,B:10.2,B:10.6,B:10.10,B:11.2,B:11.9,E:10.7,E:11.10,P_count_eq_1,P_count_eq_2,P_count_eq_3,B_count_eq_1,B_count_2_3,B_count_4_5,B_count_6_8,E_count_eq_1,E_count_eq_2,B_E_count",24,68
count_plus_all_pairs,239,0.22037286633044326,0.27219552768014743,0.9003963235407214,"intercept,P:9.9,P:9.6,P:10.0,B:9.0,B:9.7,B:10.1,B:10.2,B:10.6,B:10.10,B:11.2,B:11.9,E:10.7,E:11.10,P_count_eq_1,P_count_eq_2,P_count_eq_3,B_count_eq_1,B_count_2_3,B_count_4_5,B_count_6_8,E_count_eq_1,E_count_eq_2,P_B_count,P_E_count,B_E_count",26,68
additive_head,239,0.3784442453343973,0.4469780365065916,0.7617997278394397,"intercept,P:9.9,P:9.6,P:10.0,B:9.0,B:9.7,B:10.1,B:10.2,B:10.6,B:10.10,B:11.2,B:11.9,E:10.7,E:11.10",14,69
count_additive,239,0.38107429477523314,0.4515772608419358,0.7568725380738159,"intercept,P:9.9,P:9.6,P:10.0,B:9.0,B:9.7,B:10.1,B:10.2,B:10.6,B:10.10,B:11.2,B:11.9,E:10.7,E:11.10,P_count_eq_1,P_count_eq_2,P_count_eq_3,B_count_eq_1,B_count_2_3,B_count_4_5,B_count_6_8,E_count_eq_1,E_count_eq_2",23,69
count_plus_PB_count,239,0.37124670239478735,0.43329872536361574,0.7761563857338768,"intercept,P:9.9,P:9.6,P:10.0,B:9.0,B:9.7,B:10.1,B:10.2,B:10.6,B:10.10,B:11.2,B:11.9,E:10.7,E:11.10,P_count_eq_1,P_count_eq_2,P_count_eq_3,B_count_eq_1,B_count_2_3,B_count_4_5,B_count_6_8,E_count_eq_1,E_count_eq_2,P_B_count",24,69
count_plus_PE_count,239,0.24956805126104142,0.30367374808624636,0.8900527462518365,"intercept,P:9.9,P:9.6,P:10.0,B:9.0,B:9.7,B:10.1,B:10.2,B:10.6,B:10.10,B:11.2,B:11.9,E:10.7,E:11.10,P_count_eq_1,P_count_eq_2,P_count_eq_3,B_count_eq_1,B_count_2_3,B_count_4_5,B_count_6_8,E_count_eq_1,E_count_eq_2,P_E_count",24,69
count_plus_BE_count,239,0.3781624501164235,0.4467297237579601,0.7620643123603084,"intercept,P:9.9,P:9.6,P:10.0,B:9.0,B:9.7,B:10.1,B:10.2,B:10.6,B:10.10,B:11.2,B:11.9,E:10.7,E:11.10,P_count_eq_1,P_count_eq_2,P_count_eq_3,B_count_eq_1,B_count_2_3,B_count_4_5,B_count_6_8,E_count_eq_1,E_count_eq_2,B_E_count",24,69
count_plus_all_pairs,239,0.2240668980661029,0.276656223860819,0.9087462382745861,"intercept,P:9.9,P:9.6,P:10.0,B:9.0,B:9.7,B:10.1,B:10.2,B:10.6,B:10.10,B:11.2,B:11.9,E:10.7,E:11.10,P_count_eq_1,P_count_eq_2,P_count_eq_3,B_count_eq_1,B_count_2_3,B_count_4_5,B_count_6_8,E_count_eq_1,E_count_eq_2,P_B_count,P_E_count,B_E_count",26,69
additive_head,239,0.3555179578539555,0.41993627886966683,0.7732206366775561,"intercept,P:9.9,P:9.6,P:10.0,B:9.0,B:9.7,B:10.1,B:10.2,B:10.6,B:10.10,B:11.2,B:11.9,E:10.7,E:11.10",14,70
count_additive,239,0.3573901741470014,0.423648137966392,0.7691938671716706,"intercept,P:9.9,P:9.6,P:10.0,B:9.0,B:9.7,B:10.1,B:10.2,B:10.6,B:10.10,B:11.2,B:11.9,E:10.7,E:11.10,P_count_eq_1,P_count_eq_2,P_count_eq_3,B_count_eq_1,B_count_2_3,B_count_4_5,B_count_6_8,E_count_eq_1,E_count_eq_2",23,70
count_plus_PB_count,239,0.348355120513035,0.40666748931322755,0.7873253878026136,"intercept,P:9.9,P:9.6,P:10.0,B:9.0,B:9.7,B:10.1,B:10.2,B:10.6,B:10.10,B:11.2,B:11.9,E:10.7,E:11.10,P_count_eq_1,P_count_eq_2,P_count_eq_3,B_count_eq_1,B_count_2_3,B_count_4_5,B_count_6_8,E_count_eq_1,E_count_eq_2,P_B_count",24,70
count_plus_PE_count,239,0.23535969405586846,0.28625508302577596,0.8946236491700849,"intercept,P:9.9,P:9.6,P:10.0,B:9.0,B:9.7,B:10.1,B:10.2,B:10.6,B:10.10,B:11.2,B:11.9,E:10.7,E:11.10,P_count_eq_1,P_count_eq_2,P_count_eq_3,B_count_eq_1,B_count_2_3,B_count_4_5,B_count_6_8,E_count_eq_1,E_count_eq_2,P_E_count",24,70
count_plus_BE_count,239,0.35486118367991315,0.41879126137808903,0.7744556446619404,"intercept,P:9.9,P:9.6,P:10.0,B:9.0,B:9.7,B:10.1,B:10.2,B:10.6,B:10.10,B:11.2,B:11.9,E:10.7,E:11.10,P_count_eq_1,P_count_eq_2,P_count_eq_3,B_count_eq_1,B_count_2_3,B_count_4_5,B_count_6_8,E_count_eq_1,E_count_eq_2,B_E_count",24,70
count_plus_all_pairs,239,0.2111353675918633,0.2609639027487504,0.9124214767313275,"intercept,P:9.9,P:9.6,P:10.0,B:9.0,B:9.7,B:10.1,B:10.2,B:10.6,B:10.10,B:11.2,B:11.9,E:10.7,E:11.10,P_count_eq_1,P_count_eq_2,P_count_eq_3,B_count_eq_1,B_count_2_3,B_count_4_5,B_count_6_8,E_count_eq_1,E_count_eq_2,P_B_count,P_E_count,B_E_count",26,70
additive_head,239,0.37891196122499377,0.4466086198020812,0.7599127247848069,"intercept,P:9.9,P:9.6,P:10.0,B:9.0,B:9.7,B:10.1,B:10.2,B:10.6,B:10.10,B:11.2,B:11.9,E:10.7,E:11.10",14,71
count_additive,239,0.3815497313392885,0.4509440718470814,0.7552288068071737,"intercept,P:9.9,P:9.6,P:10.0,B:9.0,B:9.7,B:10.1,B:10.2,B:10.6,B:10.10,B:11.2,B:11.9,E:10.7,E:11.10,P_count_eq_1,P_count_eq_2,P_count_eq_3,B_count_eq_1,B_count_2_3,B_count_4_5,B_count_6_8,E_count_eq_1,E_count_eq_2",23,71
count_plus_PB_count,239,0.37285989411504694,0.43269229329096753,0.774641854090711,"intercept,P:9.9,P:9.6,P:10.0,B:9.0,B:9.7,B:10.1,B:10.2,B:10.6,B:10.10,B:11.2,B:11.9,E:10.7,E:11.10,P_count_eq_1,P_count_eq_2,P_count_eq_3,B_count_eq_1,B_count_2_3,B_count_4_5,B_count_6_8,E_count_eq_1,E_count_eq_2,P_B_count",24,71
count_plus_PE_count,239,0.2510194624566661,0.30477532679741764,0.8881915692538962,"intercept,P:9.9,P:9.6,P:10.0,B:9.0,B:9.7,B:10.1,B:10.2,B:10.6,B:10.10,B:11.2,B:11.9,E:10.7,E:11.10,P_count_eq_1,P_count_eq_2,P_count_eq_3,B_count_eq_1,B_count_2_3,B_count_4_5,B_count_6_8,E_count_eq_1,E_count_eq_2,P_E_count",24,71
count_plus_BE_count,239,0.3792894627660938,0.4468751932008192,0.7596260308937797,"intercept,P:9.9,P:9.6,P:10.0,B:9.0,B:9.7,B:10.1,B:10.2,B:10.6,B:10.10,B:11.2,B:11.9,E:10.7,E:11.10,P_count_eq_1,P_count_eq_2,P_count_eq_3,B_count_eq_1,B_count_2_3,B_count_4_5,B_count_6_8,E_count_eq_1,E_count_eq_2,B_E_count",24,71
count_plus_all_pairs,239,0.2256935999027096,0.27881975926833547,0.9064245257879944,"intercept,P:9.9,P:9.6,P:10.0,B:9.0,B:9.7,B:10.1,B:10.2,B:10.6,B:10.10,B:11.2,B:11.9,E:10.7,E:11.10,P_count_eq_1,P_count_eq_2,P_count_eq_3,B_count_eq_1,B_count_2_3,B_count_4_5,B_count_6_8,E_count_eq_1,E_count_eq_2,P_B_count,P_E_count,B_E_count",26,71
additive_head,239,0.38119439665224664,0.4505665311766599,0.7582157623210465,"intercept,P:9.9,P:9.6,P:10.0,B:9.0,B:9.7,B:10.1,B:10.2,B:10.6,B:10.10,B:11.2,B:11.9,E:10.7,E:11.10",14,72
count_additive,239,0.38385163380697707,0.45518871550323636,0.7532295789375093,"intercept,P:9.9,P:9.6,P:10.0,B:9.0,B:9.7,B:10.1,B:10.2,B:10.6,B:10.10,B:11.2,B:11.9,E:10.7,E:11.10,P_count_eq_1,P_count_eq_2,P_count_eq_3,B_count_eq_1,B_count_2_3,B_count_4_5,B_count_6_8,E_count_eq_1,E_count_eq_2",23,72
count_plus_PB_count,239,0.37386568008155047,0.43579747125210627,0.7738068024957957,"intercept,P:9.9,P:9.6,P:10.0,B:9.0,B:9.7,B:10.1,B:10.2,B:10.6,B:10.10,B:11.2,B:11.9,E:10.7,E:11.10,P_count_eq_1,P_count_eq_2,P_count_eq_3,B_count_eq_1,B_count_2_3,B_count_4_5,B_count_6_8,E_count_eq_1,E_count_eq_2,P_B_count",24,72
count_plus_PE_count,239,0.2537563803317957,0.3081110982327217,0.8869358786484938,"intercept,P:9.9,P:9.6,P:10.0,B:9.0,B:9.7,B:10.1,B:10.2,B:10.6,B:10.10,B:11.2,B:11.9,E:10.7,E:11.10,P_count_eq_1,P_count_eq_2,P_count_eq_3,B_count_eq_1,B_count_2_3,B_count_4_5,B_count_6_8,E_count_eq_1,E_count_eq_2,P_E_count",24,72
count_plus_BE_count,239,0.3810511987884903,0.45027116762803143,0.7585326560009839,"intercept,P:9.9,P:9.6,P:10.0,B:9.0,B:9.7,B:10.1,B:10.2,B:10.6,B:10.10,B:11.2,B:11.9,E:10.7,E:11.10,P_count_eq_1,P_count_eq_2,P_count_eq_3,B_count_eq_1,B_count_2_3,B_count_4_5,B_count_6_8,E_count_eq_1,E_count_eq_2,B_E_count",24,72
count_plus_all_pairs,239,0.2264266241840675,0.2798574508606388,0.9067210011945915,"intercept,P:9.9,P:9.6,P:10.0,B:9.0,B:9.7,B:10.1,B:10.2,B:10.6,B:10.10,B:11.2,B:11.9,E:10.7,E:11.10,P_count_eq_1,P_count_eq_2,P_count_eq_3,B_count_eq_1,B_count_2_3,B_count_4_5,B_count_6_8,E_count_eq_1,E_count_eq_2,P_B_count,P_E_count,B_E_count",26,72
additive_head,239,0.3929589278546097,0.46250794827702535,0.7583326041593399,"intercept,P:9.9,P:9.6,P:10.0,B:9.0,B:9.7,B:10.1,B:10.2,B:10.6,B:10.10,B:11.2,B:11.9,E:10.7,E:11.10",14,73
count_additive,239,0.3966649882000131,0.4676673318810711,0.7529108193797625,"intercept,P:9.9,P:9.6,P:10.0,B:9.0,B:9.7,B:10.1,B:10.2,B:10.6,B:10.10,B:11.2,B:11.9,E:10.7,E:11.10,P_count_eq_1,P_count_eq_2,P_count_eq_3,B_count_eq_1,B_count_2_3,B_count_4_5,B_count_6_8,E_count_eq_1,E_count_eq_2",23,73
count_plus_PB_count,239,0.3862102661445418,0.4483377634133646,0.7729140300585606,"intercept,P:9.9,P:9.6,P:10.0,B:9.0,B:9.7,B:10.1,B:10.2,B:10.6,B:10.10,B:11.2,B:11.9,E:10.7,E:11.10,P_count_eq_1,P_count_eq_2,P_count_eq_3,B_count_eq_1,B_count_2_3,B_count_4_5,B_count_6_8,E_count_eq_1,E_count_eq_2,P_B_count",24,73
count_plus_PE_count,239,0.26461907551058733,0.3203423866155585,0.8840666261358361,"intercept,P:9.9,P:9.6,P:10.0,B:9.0,B:9.7,B:10.1,B:10.2,B:10.6,B:10.10,B:11.2,B:11.9,E:10.7,E:11.10,P_count_eq_1,P_count_eq_2,P_count_eq_3,B_count_eq_1,B_count_2_3,B_count_4_5,B_count_6_8,E_count_eq_1,E_count_eq_2,P_E_count",24,73
count_plus_BE_count,239,0.3934745585151621,0.4624982430019799,0.7583427463588261,"intercept,P:9.9,P:9.6,P:10.0,B:9.0,B:9.7,B:10.1,B:10.2,B:10.6,B:10.10,B:11.2,B:11.9,E:10.7,E:11.10,P_count_eq_1,P_count_eq_2,P_count_eq_3,B_count_eq_1,B_count_2_3,B_count_4_5,B_count_6_8,E_count_eq_1,E_count_eq_2,B_E_count",24,73
count_plus_all_pairs,239,0.23698284347161935,0.29219375943396403,0.9035457133392816,"intercept,P:9.9,P:9.6,P:10.0,B:9.0,B:9.7,B:10.1,B:10.2,B:10.6,B:10.10,B:11.2,B:11.9,E:10.7,E:11.10,P_count_eq_1,P_count_eq_2,P_count_eq_3,B_count_eq_1,B_count_2_3,B_count_4_5,B_count_6_8,E_count_eq_1,E_count_eq_2,P_B_count,P_E_count,B_E_count",26,73
additive_head,239,0.37301516195553347,0.4419359135503667,0.770876824599149,"intercept,P:9.9,P:9.6,P:10.0,B:9.0,B:9.7,B:10.1,B:10.2,B:10.6,B:10.10,B:11.2,B:11.9,E:10.7,E:11.10",14,74
count_additive,239,0.37556807519505464,0.44605790132750384,0.766582774878334,"intercept,P:9.9,P:9.6,P:10.0,B:9.0,B:9.7,B:10.1,B:10.2,B:10.6,B:10.10,B:11.2,B:11.9,E:10.7,E:11.10,P_count_eq_1,P_count_eq_2,P_count_eq_3,B_count_eq_1,B_count_2_3,B_count_4_5,B_count_6_8,E_count_eq_1,E_count_eq_2",23,74
count_plus_PB_count,239,0.3645925951002205,0.42592866946039354,0.7871742484788254,"intercept,P:9.9,P:9.6,P:10.0,B:9.0,B:9.7,B:10.1,B:10.2,B:10.6,B:10.10,B:11.2,B:11.9,E:10.7,E:11.10,P_count_eq_1,P_count_eq_2,P_count_eq_3,B_count_eq_1,B_count_2_3,B_count_4_5,B_count_6_8,E_count_eq_1,E_count_eq_2,P_B_count",24,74
count_plus_PE_count,239,0.24904027042586818,0.30288411649721314,0.8923774131459851,"intercept,P:9.9,P:9.6,P:10.0,B:9.0,B:9.7,B:10.1,B:10.2,B:10.6,B:10.10,B:11.2,B:11.9,E:10.7,E:11.10,P_count_eq_1,P_count_eq_2,P_count_eq_3,B_count_eq_1,B_count_2_3,B_count_4_5,B_count_6_8,E_count_eq_1,E_count_eq_2,P_E_count",24,74
count_plus_BE_count,239,0.37242183248194244,0.44156102703558814,0.7712653820997027,"intercept,P:9.9,P:9.6,P:10.0,B:9.0,B:9.7,B:10.1,B:10.2,B:10.6,B:10.10,B:11.2,B:11.9,E:10.7,E:11.10,P_count_eq_1,P_count_eq_2,P_count_eq_3,B_count_eq_1,B_count_2_3,B_count_4_5,B_count_6_8,E_count_eq_1,E_count_eq_2,B_E_count",24,74
count_plus_all_pairs,239,0.22181522131329995,0.27415017954256315,0.911828648518935,"intercept,P:9.9,P:9.6,P:10.0,B:9.0,B:9.7,B:10.1,B:10.2,B:10.6,B:10.10,B:11.2,B:11.9,E:10.7,E:11.10,P_count_eq_1,P_count_eq_2,P_count_eq_3,B_count_eq_1,B_count_2_3,B_count_4_5,B_count_6_8,E_count_eq_1,E_count_eq_2,P_B_count,P_E_count,B_E_count",26,74
additive_head,239,0.36994204234030426,0.440120820473422,0.7747969039910985,"intercept,P:9.9,P:9.6,P:10.0,B:9.0,B:9.7,B:10.1,B:10.2,B:10.6,B:10.10,B:11.2,B:11.9,E:10.7,E:11.10",14,75
count_additive,239,0.37242357815472266,0.44371262728893596,0.7711061599086588,"intercept,P:9.9,P:9.6,P:10.0,B:9.0,B:9.7,B:10.1,B:10.2,B:10.6,B:10.10,B:11.2,B:11.9,E:10.7,E:11.10,P_count_eq_1,P_count_eq_2,P_count_eq_3,B_count_eq_1,B_count_2_3,B_count_4_5,B_count_6_8,E_count_eq_1,E_count_eq_2",23,75
count_plus_PB_count,239,0.3606947895284088,0.4220058106829202,0.7929537396505251,"intercept,P:9.9,P:9.6,P:10.0,B:9.0,B:9.7,B:10.1,B:10.2,B:10.6,B:10.10,B:11.2,B:11.9,E:10.7,E:11.10,P_count_eq_1,P_count_eq_2,P_count_eq_3,B_count_eq_1,B_count_2_3,B_count_4_5,B_count_6_8,E_count_eq_1,E_count_eq_2,P_B_count",24,75
count_plus_PE_count,239,0.2517124626908914,0.30658419320268177,0.8907226766984623,"intercept,P:9.9,P:9.6,P:10.0,B:9.0,B:9.7,B:10.1,B:10.2,B:10.6,B:10.10,B:11.2,B:11.9,E:10.7,E:11.10,P_count_eq_1,P_count_eq_2,P_count_eq_3,B_count_eq_1,B_count_2_3,B_count_4_5,B_count_6_8,E_count_eq_1,E_count_eq_2,P_E_count",24,75
count_plus_BE_count,239,0.36915569558526157,0.43936634145445275,0.7755683529555921,"intercept,P:9.9,P:9.6,P:10.0,B:9.0,B:9.7,B:10.1,B:10.2,B:10.6,B:10.10,B:11.2,B:11.9,E:10.7,E:11.10,P_count_eq_1,P_count_eq_2,P_count_eq_3,B_count_eq_1,B_count_2_3,B_count_4_5,B_count_6_8,E_count_eq_1,E_count_eq_2,B_E_count",24,75
count_plus_all_pairs,239,0.22379209473972586,0.2761862357375584,0.9113181813768847,"intercept,P:9.9,P:9.6,P:10.0,B:9.0,B:9.7,B:10.1,B:10.2,B:10.6,B:10.10,B:11.2,B:11.9,E:10.7,E:11.10,P_count_eq_1,P_count_eq_2,P_count_eq_3,B_count_eq_1,B_count_2_3,B_count_4_5,B_count_6_8,E_count_eq_1,E_count_eq_2,P_B_count,P_E_count,B_E_count",26,75
additive_head,239,0.3816046733953692,0.45262381623228537,0.7593711171879729,"intercept,P:9.9,P:9.6,P:10.0,B:9.0,B:9.7,B:10.1,B:10.2,B:10.6,B:10.10,B:11.2,B:11.9,E:10.7,E:11.10",14,76
count_additive,239,0.3847563871258764,0.4571679512653771,0.7545152569115532,"intercept,P:9.9,P:9.6,P:10.0,B:9.0,B:9.7,B:10.1,B:10.2,B:10.6,B:10.10,B:11.2,B:11.9,E:10.7,E:11.10,P_count_eq_1,P_count_eq_2,P_count_eq_3,B_count_eq_1,B_count_2_3,B_count_4_5,B_count_6_8,E_count_eq_1,E_count_eq_2",23,76
count_plus_PB_count,239,0.37415881807875484,0.4376682378260821,0.7750101057501292,"intercept,P:9.9,P:9.6,P:10.0,B:9.0,B:9.7,B:10.1,B:10.2,B:10.6,B:10.10,B:11.2,B:11.9,E:10.7,E:11.10,P_count_eq_1,P_count_eq_2,P_count_eq_3,B_count_eq_1,B_count_2_3,B_count_4_5,B_count_6_8,E_count_eq_1,E_count_eq_2,P_B_count",24,76
count_plus_PE_count,239,0.254820361172944,0.3102244587771089,0.8869618550276669,"intercept,P:9.9,P:9.6,P:10.0,B:9.0,B:9.7,B:10.1,B:10.2,B:10.6,B:10.10,B:11.2,B:11.9,E:10.7,E:11.10,P_count_eq_1,P_count_eq_2,P_count_eq_3,B_count_eq_1,B_count_2_3,B_count_4_5,B_count_6_8,E_count_eq_1,E_count_eq_2,P_E_count",24,76
count_plus_BE_count,239,0.3813580173561155,0.4519665009575111,0.7600695081492985,"intercept,P:9.9,P:9.6,P:10.0,B:9.0,B:9.7,B:10.1,B:10.2,B:10.6,B:10.10,B:11.2,B:11.9,E:10.7,E:11.10,P_count_eq_1,P_count_eq_2,P_count_eq_3,B_count_eq_1,B_count_2_3,B_count_4_5,B_count_6_8,E_count_eq_1,E_count_eq_2,B_E_count",24,76
count_plus_all_pairs,239,0.22769858898810327,0.28130274533432836,0.9070560999760954,"intercept,P:9.9,P:9.6,P:10.0,B:9.0,B:9.7,B:10.1,B:10.2,B:10.6,B:10.10,B:11.2,B:11.9,E:10.7,E:11.10,P_count_eq_1,P_count_eq_2,P_count_eq_3,B_count_eq_1,B_count_2_3,B_count_4_5,B_count_6_8,E_count_eq_1,E_count_eq_2,P_B_count,P_E_count,B_E_count",26,76
additive_head,239,0.38958196798957595,0.45640913325893656,0.7415148434392642,"intercept,P:9.9,P:9.6,P:10.0,B:9.0,B:9.7,B:10.1,B:10.2,B:10.6,B:10.10,B:11.2,B:11.9,E:10.7,E:11.10",14,77
count_additive,239,0.3931982286245067,0.4623919954947051,0.7346936953462561,"intercept,P:9.9,P:9.6,P:10.0,B:9.0,B:9.7,B:10.1,B:10.2,B:10.6,B:10.10,B:11.2,B:11.9,E:10.7,E:11.10,P_count_eq_1,P_count_eq_2,P_count_eq_3,B_count_eq_1,B_count_2_3,B_count_4_5,B_count_6_8,E_count_eq_1,E_count_eq_2",23,77
count_plus_PB_count,239,0.38696250562590523,0.4474528844620765,0.7515599660464769,"intercept,P:9.9,P:9.6,P:10.0,B:9.0,B:9.7,B:10.1,B:10.2,B:10.6,B:10.10,B:11.2,B:11.9,E:10.7,E:11.10,P_count_eq_1,P_count_eq_2,P_count_eq_3,B_count_eq_1,B_count_2_3,B_count_4_5,B_count_6_8,E_count_eq_1,E_count_eq_2,P_B_count",24,77
count_plus_PE_count,239,0.2582687947736014,0.313134860942831,0.8783282385458632,"intercept,P:9.9,P:9.6,P:10.0,B:9.0,B:9.7,B:10.1,B:10.2,B:10.6,B:10.10,B:11.2,B:11.9,E:10.7,E:11.10,P_count_eq_1,P_count_eq_2,P_count_eq_3,B_count_eq_1,B_count_2_3,B_count_4_5,B_count_6_8,E_count_eq_1,E_count_eq_2,P_E_count",24,77
count_plus_BE_count,239,0.3923241473038269,0.45727373813732575,0.7405345860588651,"intercept,P:9.9,P:9.6,P:10.0,B:9.0,B:9.7,B:10.1,B:10.2,B:10.6,B:10.10,B:11.2,B:11.9,E:10.7,E:11.10,P_count_eq_1,P_count_eq_2,P_count_eq_3,B_count_eq_1,B_count_2_3,B_count_4_5,B_count_6_8,E_count_eq_1,E_count_eq_2,B_E_count",24,77
count_plus_all_pairs,239,0.23511856214885613,0.2906002723331797,0.8952102052501578,"intercept,P:9.9,P:9.6,P:10.0,B:9.0,B:9.7,B:10.1,B:10.2,B:10.6,B:10.10,B:11.2,B:11.9,E:10.7,E:11.10,P_count_eq_1,P_count_eq_2,P_count_eq_3,B_count_eq_1,B_count_2_3,B_count_4_5,B_count_6_8,E_count_eq_1,E_count_eq_2,P_B_count,P_E_count,B_E_count",26,77
additive_head,239,0.3823387399383612,0.451778064630296,0.7572415466875136,"intercept,P:9.9,P:9.6,P:10.0,B:9.0,B:9.7,B:10.1,B:10.2,B:10.6,B:10.10,B:11.2,B:11.9,E:10.7,E:11.10",14,78
count_additive,239,0.3854914791826851,0.45690296054387947,0.7517026841221516,"intercept,P:9.9,P:9.6,P:10.0,B:9.0,B:9.7,B:10.1,B:10.2,B:10.6,B:10.10,B:11.2,B:11.9,E:10.7,E:11.10,P_count_eq_1,P_count_eq_2,P_count_eq_3,B_count_eq_1,B_count_2_3,B_count_4_5,B_count_6_8,E_count_eq_1,E_count_eq_2",23,78
count_plus_PB_count,239,0.37504997871660606,0.43692476114076884,0.7729416928845186,"intercept,P:9.9,P:9.6,P:10.0,B:9.0,B:9.7,B:10.1,B:10.2,B:10.6,B:10.10,B:11.2,B:11.9,E:10.7,E:11.10,P_count_eq_1,P_count_eq_2,P_count_eq_3,B_count_eq_1,B_count_2_3,B_count_4_5,B_count_6_8,E_count_eq_1,E_count_eq_2,P_B_count",24,78
count_plus_PE_count,239,0.25615639753701486,0.3112895634719413,0.8847467445176361,"intercept,P:9.9,P:9.6,P:10.0,B:9.0,B:9.7,B:10.1,B:10.2,B:10.6,B:10.10,B:11.2,B:11.9,E:10.7,E:11.10,P_count_eq_1,P_count_eq_2,P_count_eq_3,B_count_eq_1,B_count_2_3,B_count_4_5,B_count_6_8,E_count_eq_1,E_count_eq_2,P_E_count",24,78
count_plus_BE_count,239,0.3822585164818516,0.4520799081591571,0.75691705308172,"intercept,P:9.9,P:9.6,P:10.0,B:9.0,B:9.7,B:10.1,B:10.2,B:10.6,B:10.10,B:11.2,B:11.9,E:10.7,E:11.10,P_count_eq_1,P_count_eq_2,P_count_eq_3,B_count_eq_1,B_count_2_3,B_count_4_5,B_count_6_8,E_count_eq_1,E_count_eq_2,B_E_count",24,78
count_plus_all_pairs,239,0.22890595717737888,0.2825318193574593,0.9050579045323969,"intercept,P:9.9,P:9.6,P:10.0,B:9.0,B:9.7,B:10.1,B:10.2,B:10.6,B:10.10,B:11.2,B:11.9,E:10.7,E:11.10,P_count_eq_1,P_count_eq_2,P_count_eq_3,B_count_eq_1,B_count_2_3,B_count_4_5,B_count_6_8,E_count_eq_1,E_count_eq_2,P_B_count,P_E_count,B_E_count",26,78
additive_head,239,0.35788362267563223,0.4240925192323536,0.7793646817947545,"intercept,P:9.9,P:9.6,P:10.0,B:9.0,B:9.7,B:10.1,B:10.2,B:10.6,B:10.10,B:11.2,B:11.9,E:10.7,E:11.10",14,79
count_additive,239,0.36088357531135623,0.42809842602952797,0.7751768274744549,"intercept,P:9.9,P:9.6,P:10.0,B:9.0,B:9.7,B:10.1,B:10.2,B:10.6,B:10.10,B:11.2,B:11.9,E:10.7,E:11.10,P_count_eq_1,P_count_eq_2,P_count_eq_3,B_count_eq_1,B_count_2_3,B_count_4_5,B_count_6_8,E_count_eq_1,E_count_eq_2",23,79
count_plus_PB_count,239,0.35101166791265387,0.4093441939383315,0.7944435638804375,"intercept,P:9.9,P:9.6,P:10.0,B:9.0,B:9.7,B:10.1,B:10.2,B:10.6,B:10.10,B:11.2,B:11.9,E:10.7,E:11.10,P_count_eq_1,P_count_eq_2,P_count_eq_3,B_count_eq_1,B_count_2_3,B_count_4_5,B_count_6_8,E_count_eq_1,E_count_eq_2,P_B_count",24,79
count_plus_PE_count,239,0.23769029516564408,0.28896988836365933,0.8975624954753345,"intercept,P:9.9,P:9.6,P:10.0,B:9.0,B:9.7,B:10.1,B:10.2,B:10.6,B:10.10,B:11.2,B:11.9,E:10.7,E:11.10,P_count_eq_1,P_count_eq_2,P_count_eq_3,B_count_eq_1,B_count_2_3,B_count_4_5,B_count_6_8,E_count_eq_1,E_count_eq_2,P_E_count",24,79
count_plus_BE_count,239,0.35781204325542976,0.4235003466251957,0.7799804105217898,"intercept,P:9.9,P:9.6,P:10.0,B:9.0,B:9.7,B:10.1,B:10.2,B:10.6,B:10.10,B:11.2,B:11.9,E:10.7,E:11.10,P_count_eq_1,P_count_eq_2,P_count_eq_3,B_count_eq_1,B_count_2_3,B_count_4_5,B_count_6_8,E_count_eq_1,E_count_eq_2,B_E_count",24,79
count_plus_all_pairs,239,0.21174607295839704,0.26158643922724906,0.9160570433063635,"intercept,P:9.9,P:9.6,P:10.0,B:9.0,B:9.7,B:10.1,B:10.2,B:10.6,B:10.10,B:11.2,B:11.9,E:10.7,E:11.10,P_count_eq_1,P_count_eq_2,P_count_eq_3,B_count_eq_1,B_count_2_3,B_count_4_5,B_count_6_8,E_count_eq_1,E_count_eq_2,P_B_count,P_E_count,B_E_count",26,79
additive_head,239,0.3485288062070121,0.4118198611277599,0.7809965986438627,"intercept,P:9.9,P:9.6,P:10.0,B:9.0,B:9.7,B:10.1,B:10.2,B:10.6,B:10.10,B:11.2,B:11.9,E:10.7,E:11.10",14,80
count_additive,239,0.3506857265227557,0.4156864932257372,0.776864787396577,"intercept,P:9.9,P:9.6,P:10.0,B:9.0,B:9.7,B:10.1,B:10.2,B:10.6,B:10.10,B:11.2,B:11.9,E:10.7,E:11.10,P_count_eq_1,P_count_eq_2,P_count_eq_3,B_count_eq_1,B_count_2_3,B_count_4_5,B_count_6_8,E_count_eq_1,E_count_eq_2",23,80
count_plus_PB_count,239,0.3421043325885995,0.3985476333128668,0.7948853154996902,"intercept,P:9.9,P:9.6,P:10.0,B:9.0,B:9.7,B:10.1,B:10.2,B:10.6,B:10.10,B:11.2,B:11.9,E:10.7,E:11.10,P_count_eq_1,P_count_eq_2,P_count_eq_3,B_count_eq_1,B_count_2_3,B_count_4_5,B_count_6_8,E_count_eq_1,E_count_eq_2,P_B_count",24,80
count_plus_PE_count,239,0.23192631463147612,0.28229131135181024,0.8970962250779321,"intercept,P:9.9,P:9.6,P:10.0,B:9.0,B:9.7,B:10.1,B:10.2,B:10.6,B:10.10,B:11.2,B:11.9,E:10.7,E:11.10,P_count_eq_1,P_count_eq_2,P_count_eq_3,B_count_eq_1,B_count_2_3,B_count_4_5,B_count_6_8,E_count_eq_1,E_count_eq_2,P_E_count",24,80
count_plus_BE_count,239,0.34770467254194043,0.4104391609474516,0.7824626335579103,"intercept,P:9.9,P:9.6,P:10.0,B:9.0,B:9.7,B:10.1,B:10.2,B:10.6,B:10.10,B:11.2,B:11.9,E:10.7,E:11.10,P_count_eq_1,P_count_eq_2,P_count_eq_3,B_count_eq_1,B_count_2_3,B_count_4_5,B_count_6_8,E_count_eq_1,E_count_eq_2,B_E_count",24,80
count_plus_all_pairs,239,0.20730776297427128,0.25634056420306095,0.9151462664344863,"intercept,P:9.9,P:9.6,P:10.0,B:9.0,B:9.7,B:10.1,B:10.2,B:10.6,B:10.10,B:11.2,B:11.9,E:10.7,E:11.10,P_count_eq_1,P_count_eq_2,P_count_eq_3,B_count_eq_1,B_count_2_3,B_count_4_5,B_count_6_8,E_count_eq_1,E_count_eq_2,P_B_count,P_E_count,B_E_count",26,80
additive_head,239,0.3730574061747214,0.4392465368937043,0.7645807421677082,"intercept,P:9.9,P:9.6,P:10.0,B:9.0,B:9.7,B:10.1,B:10.2,B:10.6,B:10.10,B:11.2,B:11.9,E:10.7,E:11.10",14,81
count_additive,239,0.375671974567727,0.44379283742584535,0.7596822377474483,"intercept,P:9.9,P:9.6,P:10.0,B:9.0,B:9.7,B:10.1,B:10.2,B:10.6,B:10.10,B:11.2,B:11.9,E:10.7,E:11.10,P_count_eq_1,P_count_eq_2,P_count_eq_3,B_count_eq_1,B_count_2_3,B_count_4_5,B_count_6_8,E_count_eq_1,E_count_eq_2",23,81
count_plus_PB_count,239,0.3677015105953422,0.4262373693044485,0.778319067578056,"intercept,P:9.9,P:9.6,P:10.0,B:9.0,B:9.7,B:10.1,B:10.2,B:10.6,B:10.10,B:11.2,B:11.9,E:10.7,E:11.10,P_count_eq_1,P_count_eq_2,P_count_eq_3,B_count_eq_1,B_count_2_3,B_count_4_5,B_count_6_8,E_count_eq_1,E_count_eq_2,P_B_count",24,81
count_plus_PE_count,239,0.24791462744641068,0.3008053767874009,0.8895930319331231,"intercept,P:9.9,P:9.6,P:10.0,B:9.0,B:9.7,B:10.1,B:10.2,B:10.6,B:10.10,B:11.2,B:11.9,E:10.7,E:11.10,P_count_eq_1,P_count_eq_2,P_count_eq_3,B_count_eq_1,B_count_2_3,B_count_4_5,B_count_6_8,E_count_eq_1,E_count_eq_2,P_E_count",24,81
count_plus_BE_count,239,0.3734154708905264,0.4384176454168073,0.7654684117599608,"intercept,P:9.9,P:9.6,P:10.0,B:9.0,B:9.7,B:10.1,B:10.2,B:10.6,B:10.10,B:11.2,B:11.9,E:10.7,E:11.10,P_count_eq_1,P_count_eq_2,P_count_eq_3,B_count_eq_1,B_count_2_3,B_count_4_5,B_count_6_8,E_count_eq_1,E_count_eq_2,B_E_count",24,81
count_plus_all_pairs,239,0.2223358291754773,0.2744906844025118,0.9080650775391559,"intercept,P:9.9,P:9.6,P:10.0,B:9.0,B:9.7,B:10.1,B:10.2,B:10.6,B:10.10,B:11.2,B:11.9,E:10.7,E:11.10,P_count_eq_1,P_count_eq_2,P_count_eq_3,B_count_eq_1,B_count_2_3,B_count_4_5,B_count_6_8,E_count_eq_1,E_count_eq_2,P_B_count,P_E_count,B_E_count",26,81
additive_head,239,0.4024465316560397,0.47532429948950905,0.7731076429620716,"intercept,P:9.9,P:9.6,P:10.0,B:9.0,B:9.7,B:10.1,B:10.2,B:10.6,B:10.10,B:11.2,B:11.9,E:10.7,E:11.10",14,82
count_additive,239,0.4057194187802261,0.4808226580791689,0.7678280852621664,"intercept,P:9.9,P:9.6,P:10.0,B:9.0,B:9.7,B:10.1,B:10.2,B:10.6,B:10.10,B:11.2,B:11.9,E:10.7,E:11.10,P_count_eq_1,P_count_eq_2,P_count_eq_3,B_count_eq_1,B_count_2_3,B_count_4_5,B_count_6_8,E_count_eq_1,E_count_eq_2",23,82
count_plus_PB_count,239,0.3937396968666171,0.4597050066296331,0.787774140848311,"intercept,P:9.9,P:9.6,P:10.0,B:9.0,B:9.7,B:10.1,B:10.2,B:10.6,B:10.10,B:11.2,B:11.9,E:10.7,E:11.10,P_count_eq_1,P_count_eq_2,P_count_eq_3,B_count_eq_1,B_count_2_3,B_count_4_5,B_count_6_8,E_count_eq_1,E_count_eq_2,P_B_count",24,82
count_plus_PE_count,239,0.2695232646433976,0.32736930328729075,0.8923743614060702,"intercept,P:9.9,P:9.6,P:10.0,B:9.0,B:9.7,B:10.1,B:10.2,B:10.6,B:10.10,B:11.2,B:11.9,E:10.7,E:11.10,P_count_eq_1,P_count_eq_2,P_count_eq_3,B_count_eq_1,B_count_2_3,B_count_4_5,B_count_6_8,E_count_eq_1,E_count_eq_2,P_E_count",24,82
count_plus_BE_count,239,0.4016945956111421,0.47511178873291887,0.773310478322801,"intercept,P:9.9,P:9.6,P:10.0,B:9.0,B:9.7,B:10.1,B:10.2,B:10.6,B:10.10,B:11.2,B:11.9,E:10.7,E:11.10,P_count_eq_1,P_count_eq_2,P_count_eq_3,B_count_eq_1,B_count_2_3,B_count_4_5,B_count_6_8,E_count_eq_1,E_count_eq_2,B_E_count",24,82
count_plus_all_pairs,239,0.24001050278588118,0.2963750182022078,0.9117889441563328,"intercept,P:9.9,P:9.6,P:10.0,B:9.0,B:9.7,B:10.1,B:10.2,B:10.6,B:10.10,B:11.2,B:11.9,E:10.7,E:11.10,P_count_eq_1,P_count_eq_2,P_count_eq_3,B_count_eq_1,B_count_2_3,B_count_4_5,B_count_6_8,E_count_eq_1,E_count_eq_2,P_B_count,P_E_count,B_E_count",26,82
additive_head,239,0.3929722981012335,0.46674429691438896,0.7721499005933375,"intercept,P:9.9,P:9.6,P:10.0,B:9.0,B:9.7,B:10.1,B:10.2,B:10.6,B:10.10,B:11.2,B:11.9,E:10.7,E:11.10",14,83
count_additive,239,0.39606716058593827,0.4716268939680572,0.7673579014368995,"intercept,P:9.9,P:9.6,P:10.0,B:9.0,B:9.7,B:10.1,B:10.2,B:10.6,B:10.10,B:11.2,B:11.9,E:10.7,E:11.10,P_count_eq_1,P_count_eq_2,P_count_eq_3,B_count_eq_1,B_count_2_3,B_count_4_5,B_count_6_8,E_count_eq_1,E_count_eq_2",23,83
count_plus_PB_count,239,0.3845696074115352,0.45091503121823745,0.7873425471585234,"intercept,P:9.9,P:9.6,P:10.0,B:9.0,B:9.7,B:10.1,B:10.2,B:10.6,B:10.10,B:11.2,B:11.9,E:10.7,E:11.10,P_count_eq_1,P_count_eq_2,P_count_eq_3,B_count_eq_1,B_count_2_3,B_count_4_5,B_count_6_8,E_count_eq_1,E_count_eq_2,P_B_count",24,83
count_plus_PE_count,239,0.26182090720431245,0.31879357906313843,0.893705617498907,"intercept,P:9.9,P:9.6,P:10.0,B:9.0,B:9.7,B:10.1,B:10.2,B:10.6,B:10.10,B:11.2,B:11.9,E:10.7,E:11.10,P_count_eq_1,P_count_eq_2,P_count_eq_3,B_count_eq_1,B_count_2_3,B_count_4_5,B_count_6_8,E_count_eq_1,E_count_eq_2,P_E_count",24,83
count_plus_BE_count,239,0.39223647038614096,0.4658062147754087,0.7730648654515316,"intercept,P:9.9,P:9.6,P:10.0,B:9.0,B:9.7,B:10.1,B:10.2,B:10.6,B:10.10,B:11.2,B:11.9,E:10.7,E:11.10,P_count_eq_1,P_count_eq_2,P_count_eq_3,B_count_eq_1,B_count_2_3,B_count_4_5,B_count_6_8,E_count_eq_1,E_count_eq_2,B_E_count",24,83
count_plus_all_pairs,239,0.23256465438316834,0.2877759613720864,0.913383584092734,"intercept,P:9.9,P:9.6,P:10.0,B:9.0,B:9.7,B:10.1,B:10.2,B:10.6,B:10.10,B:11.2,B:11.9,E:10.7,E:11.10,P_count_eq_1,P_count_eq_2,P_count_eq_3,B_count_eq_1,B_count_2_3,B_count_4_5,B_count_6_8,E_count_eq_1,E_count_eq_2,P_B_count,P_E_count,B_E_count",26,83
additive_head,239,0.37205559926128523,0.4395375639734107,0.7586877974363402,"intercept,P:9.9,P:9.6,P:10.0,B:9.0,B:9.7,B:10.1,B:10.2,B:10.6,B:10.10,B:11.2,B:11.9,E:10.7,E:11.10",14,84
count_additive,239,0.3750655730606255,0.4440773808898215,0.7536772095821174,"intercept,P:9.9,P:9.6,P:10.0,B:9.0,B:9.7,B:10.1,B:10.2,B:10.6,B:10.10,B:11.2,B:11.9,E:10.7,E:11.10,P_count_eq_1,P_count_eq_2,P_count_eq_3,B_count_eq_1,B_count_2_3,B_count_4_5,B_count_6_8,E_count_eq_1,E_count_eq_2",23,84
count_plus_PB_count,239,0.36585765272537124,0.42607637267765874,0.7732422215488925,"intercept,P:9.9,P:9.6,P:10.0,B:9.0,B:9.7,B:10.1,B:10.2,B:10.6,B:10.10,B:11.2,B:11.9,E:10.7,E:11.10,P_count_eq_1,P_count_eq_2,P_count_eq_3,B_count_eq_1,B_count_2_3,B_count_4_5,B_count_6_8,E_count_eq_1,E_count_eq_2,P_B_count",24,84
count_plus_PE_count,239,0.24633011735755622,0.29911215630403176,0.8882479709448622,"intercept,P:9.9,P:9.6,P:10.0,B:9.0,B:9.7,B:10.1,B:10.2,B:10.6,B:10.10,B:11.2,B:11.9,E:10.7,E:11.10,P_count_eq_1,P_count_eq_2,P_count_eq_3,B_count_eq_1,B_count_2_3,B_count_4_5,B_count_6_8,E_count_eq_1,E_count_eq_2,P_E_count",24,84
count_plus_BE_count,239,0.37240536093868803,0.43947962164013943,0.7587514155277318,"intercept,P:9.9,P:9.6,P:10.0,B:9.0,B:9.7,B:10.1,B:10.2,B:10.6,B:10.10,B:11.2,B:11.9,E:10.7,E:11.10,P_count_eq_1,P_count_eq_2,P_count_eq_3,B_count_eq_1,B_count_2_3,B_count_4_5,B_count_6_8,E_count_eq_1,E_count_eq_2,B_E_count",24,84
count_plus_all_pairs,239,0.2207891830099158,0.27280237290618076,0.9070426836839722,"intercept,P:9.9,P:9.6,P:10.0,B:9.0,B:9.7,B:10.1,B:10.2,B:10.6,B:10.10,B:11.2,B:11.9,E:10.7,E:11.10,P_count_eq_1,P_count_eq_2,P_count_eq_3,B_count_eq_1,B_count_2_3,B_count_4_5,B_count_6_8,E_count_eq_1,E_count_eq_2,P_B_count,P_E_count,B_E_count",26,84
additive_head,239,0.3804348245057243,0.44909479003032005,0.7608245066420019,"intercept,P:9.9,P:9.6,P:10.0,B:9.0,B:9.7,B:10.1,B:10.2,B:10.6,B:10.10,B:11.2,B:11.9,E:10.7,E:11.10",14,85
count_additive,239,0.38343280831665744,0.45392330842069967,0.7556537870184378,"intercept,P:9.9,P:9.6,P:10.0,B:9.0,B:9.7,B:10.1,B:10.2,B:10.6,B:10.10,B:11.2,B:11.9,E:10.7,E:11.10,P_count_eq_1,P_count_eq_2,P_count_eq_3,B_count_eq_1,B_count_2_3,B_count_4_5,B_count_6_8,E_count_eq_1,E_count_eq_2",23,85
count_plus_PB_count,239,0.37387975039549587,0.4355101993343108,0.7750752194212862,"intercept,P:9.9,P:9.6,P:10.0,B:9.0,B:9.7,B:10.1,B:10.2,B:10.6,B:10.10,B:11.2,B:11.9,E:10.7,E:11.10,P_count_eq_1,P_count_eq_2,P_count_eq_3,B_count_eq_1,B_count_2_3,B_count_4_5,B_count_6_8,E_count_eq_1,E_count_eq_2,P_B_count",24,85
count_plus_PE_count,239,0.2524693189006968,0.30714236257375777,0.8881283390644992,"intercept,P:9.9,P:9.6,P:10.0,B:9.0,B:9.7,B:10.1,B:10.2,B:10.6,B:10.10,B:11.2,B:11.9,E:10.7,E:11.10,P_count_eq_1,P_count_eq_2,P_count_eq_3,B_count_eq_1,B_count_2_3,B_count_4_5,B_count_6_8,E_count_eq_1,E_count_eq_2,P_E_count",24,85
count_plus_BE_count,239,0.380244144744121,0.448478618606262,0.7614803681993743,"intercept,P:9.9,P:9.6,P:10.0,B:9.0,B:9.7,B:10.1,B:10.2,B:10.6,B:10.10,B:11.2,B:11.9,E:10.7,E:11.10,P_count_eq_1,P_count_eq_2,P_count_eq_3,B_count_eq_1,B_count_2_3,B_count_4_5,B_count_6_8,E_count_eq_1,E_count_eq_2,B_E_count",24,85
count_plus_all_pairs,239,0.22610565177318848,0.2794390351435726,0.907399188841471,"intercept,P:9.9,P:9.6,P:10.0,B:9.0,B:9.7,B:10.1,B:10.2,B:10.6,B:10.10,B:11.2,B:11.9,E:10.7,E:11.10,P_count_eq_1,P_count_eq_2,P_count_eq_3,B_count_eq_1,B_count_2_3,B_count_4_5,B_count_6_8,E_count_eq_1,E_count_eq_2,P_B_count,P_E_count,B_E_count",26,85
additive_head,239,0.40393104924196455,0.476900156479015,0.7570425330629706,"intercept,P:9.9,P:9.6,P:10.0,B:9.0,B:9.7,B:10.1,B:10.2,B:10.6,B:10.10,B:11.2,B:11.9,E:10.7,E:11.10",14,86
count_additive,239,0.4074295441201919,0.48224753395386516,0.7515635286677305,"intercept,P:9.9,P:9.6,P:10.0,B:9.0,B:9.7,B:10.1,B:10.2,B:10.6,B:10.10,B:11.2,B:11.9,E:10.7,E:11.10,P_count_eq_1,P_count_eq_2,P_count_eq_3,B_count_eq_1,B_count_2_3,B_count_4_5,B_count_6_8,E_count_eq_1,E_count_eq_2",23,86
count_plus_PB_count,239,0.3961455487514402,0.46126612333809847,0.7727109878438737,"intercept,P:9.9,P:9.6,P:10.0,B:9.0,B:9.7,B:10.1,B:10.2,B:10.6,B:10.10,B:11.2,B:11.9,E:10.7,E:11.10,P_count_eq_1,P_count_eq_2,P_count_eq_3,B_count_eq_1,B_count_2_3,B_count_4_5,B_count_6_8,E_count_eq_1,E_count_eq_2,P_B_count",24,86
count_plus_PE_count,239,0.27008690444350786,0.3272928528775753,0.8855677691671038,"intercept,P:9.9,P:9.6,P:10.0,B:9.0,B:9.7,B:10.1,B:10.2,B:10.6,B:10.10,B:11.2,B:11.9,E:10.7,E:11.10,P_count_eq_1,P_count_eq_2,P_count_eq_3,B_count_eq_1,B_count_2_3,B_count_4_5,B_count_6_8,E_count_eq_1,E_count_eq_2,P_E_count",24,86
count_plus_BE_count,239,0.4046253657309255,0.4775653598003831,0.7563642827972379,"intercept,P:9.9,P:9.6,P:10.0,B:9.0,B:9.7,B:10.1,B:10.2,B:10.6,B:10.10,B:11.2,B:11.9,E:10.7,E:11.10,P_count_eq_1,P_count_eq_2,P_count_eq_3,B_count_eq_1,B_count_2_3,B_count_4_5,B_count_6_8,E_count_eq_1,E_count_eq_2,B_E_count",24,86
count_plus_all_pairs,239,0.24099068942815452,0.2974288210559486,0.9054979084739152,"intercept,P:9.9,P:9.6,P:10.0,B:9.0,B:9.7,B:10.1,B:10.2,B:10.6,B:10.10,B:11.2,B:11.9,E:10.7,E:11.10,P_count_eq_1,P_count_eq_2,P_count_eq_3,B_count_eq_1,B_count_2_3,B_count_4_5,B_count_6_8,E_count_eq_1,E_count_eq_2,P_B_count,P_E_count,B_E_count",26,86
additive_head,239,0.3604139689263554,0.42734006889201526,0.7764510094793415,"intercept,P:9.9,P:9.6,P:10.0,B:9.0,B:9.7,B:10.1,B:10.2,B:10.6,B:10.10,B:11.2,B:11.9,E:10.7,E:11.10",14,87
count_additive,239,0.36313942489981327,0.4315763261855167,0.7719969223948553,"intercept,P:9.9,P:9.6,P:10.0,B:9.0,B:9.7,B:10.1,B:10.2,B:10.6,B:10.10,B:11.2,B:11.9,E:10.7,E:11.10,P_count_eq_1,P_count_eq_2,P_count_eq_3,B_count_eq_1,B_count_2_3,B_count_4_5,B_count_6_8,E_count_eq_1,E_count_eq_2",23,87
count_plus_PB_count,239,0.3532182366774451,0.4129028929993794,0.7913005362187269,"intercept,P:9.9,P:9.6,P:10.0,B:9.0,B:9.7,B:10.1,B:10.2,B:10.6,B:10.10,B:11.2,B:11.9,E:10.7,E:11.10,P_count_eq_1,P_count_eq_2,P_count_eq_3,B_count_eq_1,B_count_2_3,B_count_4_5,B_count_6_8,E_count_eq_1,E_count_eq_2,P_B_count",24,87
count_plus_PE_count,239,0.23903491542280522,0.2906776619887955,0.8965694584919467,"intercept,P:9.9,P:9.6,P:10.0,B:9.0,B:9.7,B:10.1,B:10.2,B:10.6,B:10.10,B:11.2,B:11.9,E:10.7,E:11.10,P_count_eq_1,P_count_eq_2,P_count_eq_3,B_count_eq_1,B_count_2_3,B_count_4_5,B_count_6_8,E_count_eq_1,E_count_eq_2,P_E_count",24,87
count_plus_BE_count,239,0.3598990086995898,0.4267437672378746,0.7770744456540999,"intercept,P:9.9,P:9.6,P:10.0,B:9.0,B:9.7,B:10.1,B:10.2,B:10.6,B:10.10,B:11.2,B:11.9,E:10.7,E:11.10,P_count_eq_1,P_count_eq_2,P_count_eq_3,B_count_eq_1,B_count_2_3,B_count_4_5,B_count_6_8,E_count_eq_1,E_count_eq_2,B_E_count",24,87
count_plus_all_pairs,239,0.2130979867944225,0.26293969990351945,0.9153673757377088,"intercept,P:9.9,P:9.6,P:10.0,B:9.0,B:9.7,B:10.1,B:10.2,B:10.6,B:10.10,B:11.2,B:11.9,E:10.7,E:11.10,P_count_eq_1,P_count_eq_2,P_count_eq_3,B_count_eq_1,B_count_2_3,B_count_4_5,B_count_6_8,E_count_eq_1,E_count_eq_2,P_B_count,P_E_count,B_E_count",26,87
additive_head,239,0.3809471129567607,0.45046056025695974,0.7730669568607367,"intercept,P:9.9,P:9.6,P:10.0,B:9.0,B:9.7,B:10.1,B:10.2,B:10.6,B:10.10,B:11.2,B:11.9,E:10.7,E:11.10",14,88
count_additive,239,0.3840468433540234,0.4548228888182497,0.768650366251179,"intercept,P:9.9,P:9.6,P:10.0,B:9.0,B:9.7,B:10.1,B:10.2,B:10.6,B:10.10,B:11.2,B:11.9,E:10.7,E:11.10,P_count_eq_1,P_count_eq_2,P_count_eq_3,B_count_eq_1,B_count_2_3,B_count_4_5,B_count_6_8,E_count_eq_1,E_count_eq_2",23,88
count_plus_PB_count,239,0.3730413330819807,0.43584231815382996,0.7875567271899624,"intercept,P:9.9,P:9.6,P:10.0,B:9.0,B:9.7,B:10.1,B:10.2,B:10.6,B:10.10,B:11.2,B:11.9,E:10.7,E:11.10,P_count_eq_1,P_count_eq_2,P_count_eq_3,B_count_eq_1,B_count_2_3,B_count_4_5,B_count_6_8,E_count_eq_1,E_count_eq_2,P_B_count",24,88
count_plus_PE_count,239,0.2547534108460603,0.30914788508202745,0.8931150025356234,"intercept,P:9.9,P:9.6,P:10.0,B:9.0,B:9.7,B:10.1,B:10.2,B:10.6,B:10.10,B:11.2,B:11.9,E:10.7,E:11.10,P_count_eq_1,P_count_eq_2,P_count_eq_3,B_count_eq_1,B_count_2_3,B_count_4_5,B_count_6_8,E_count_eq_1,E_count_eq_2,P_E_count",24,88
count_plus_BE_count,239,0.3810151763185107,0.4502969295236387,0.7732317947141674,"intercept,P:9.9,P:9.6,P:10.0,B:9.0,B:9.7,B:10.1,B:10.2,B:10.6,B:10.10,B:11.2,B:11.9,E:10.7,E:11.10,P_count_eq_1,P_count_eq_2,P_count_eq_3,B_count_eq_1,B_count_2_3,B_count_4_5,B_count_6_8,E_count_eq_1,E_count_eq_2,B_E_count",24,88
count_plus_all_pairs,239,0.22842274889707498,0.2817734812610049,0.9112058351206087,"intercept,P:9.9,P:9.6,P:10.0,B:9.0,B:9.7,B:10.1,B:10.2,B:10.6,B:10.10,B:11.2,B:11.9,E:10.7,E:11.10,P_count_eq_1,P_count_eq_2,P_count_eq_3,B_count_eq_1,B_count_2_3,B_count_4_5,B_count_6_8,E_count_eq_1,E_count_eq_2,P_B_count,P_E_count,B_E_count",26,88
additive_head,239,0.3695133343223697,0.4379258105774402,0.7716082837077118,"intercept,P:9.9,P:9.6,P:10.0,B:9.0,B:9.7,B:10.1,B:10.2,B:10.6,B:10.10,B:11.2,B:11.9,E:10.7,E:11.10",14,89
count_additive,239,0.3724155459354356,0.44229481818951616,0.7670284088965473,"intercept,P:9.9,P:9.6,P:10.0,B:9.0,B:9.7,B:10.1,B:10.2,B:10.6,B:10.10,B:11.2,B:11.9,E:10.7,E:11.10,P_count_eq_1,P_count_eq_2,P_count_eq_3,B_count_eq_1,B_count_2_3,B_count_4_5,B_count_6_8,E_count_eq_1,E_count_eq_2",23,89
count_plus_PB_count,239,0.36172961994028763,0.4220100715101829,0.7879077034728507,"intercept,P:9.9,P:9.6,P:10.0,B:9.0,B:9.7,B:10.1,B:10.2,B:10.6,B:10.10,B:11.2,B:11.9,E:10.7,E:11.10,P_count_eq_1,P_count_eq_2,P_count_eq_3,B_count_eq_1,B_count_2_3,B_count_4_5,B_count_6_8,E_count_eq_1,E_count_eq_2,P_B_count",24,89
count_plus_PE_count,239,0.24863662620907853,0.3019322259588435,0.8914329091425421,"intercept,P:9.9,P:9.6,P:10.0,B:9.0,B:9.7,B:10.1,B:10.2,B:10.6,B:10.10,B:11.2,B:11.9,E:10.7,E:11.10,P_count_eq_1,P_count_eq_2,P_count_eq_3,B_count_eq_1,B_count_2_3,B_count_4_5,B_count_6_8,E_count_eq_1,E_count_eq_2,P_E_count",24,89
count_plus_BE_count,239,0.3694049966777917,0.43790309452939397,0.7716319773220892,"intercept,P:9.9,P:9.6,P:10.0,B:9.0,B:9.7,B:10.1,B:10.2,B:10.6,B:10.10,B:11.2,B:11.9,E:10.7,E:11.10,P_count_eq_1,P_count_eq_2,P_count_eq_3,B_count_eq_1,B_count_2_3,B_count_4_5,B_count_6_8,E_count_eq_1,E_count_eq_2,B_E_count",24,89
count_plus_all_pairs,239,0.22125762300756516,0.27314211951212014,0.9111501675202014,"intercept,P:9.9,P:9.6,P:10.0,B:9.0,B:9.7,B:10.1,B:10.2,B:10.6,B:10.10,B:11.2,B:11.9,E:10.7,E:11.10,P_count_eq_1,P_count_eq_2,P_count_eq_3,B_count_eq_1,B_count_2_3,B_count_4_5,B_count_6_8,E_count_eq_1,E_count_eq_2,P_B_count,P_E_count,B_E_count",26,89
additive_head,239,0.38751395367543073,0.45597902070328317,0.754986864645934,"intercept,P:9.9,P:9.6,P:10.0,B:9.0,B:9.7,B:10.1,B:10.2,B:10.6,B:10.10,B:11.2,B:11.9,E:10.7,E:11.10",14,90
count_additive,239,0.39107269302331565,0.4614731167445916,0.7490469622517129,"intercept,P:9.9,P:9.6,P:10.0,B:9.0,B:9.7,B:10.1,B:10.2,B:10.6,B:10.10,B:11.2,B:11.9,E:10.7,E:11.10,P_count_eq_1,P_count_eq_2,P_count_eq_3,B_count_eq_1,B_count_2_3,B_count_4_5,B_count_6_8,E_count_eq_1,E_count_eq_2",23,90
count_plus_PB_count,239,0.38134917868410945,0.442657366651734,0.7690940962410423,"intercept,P:9.9,P:9.6,P:10.0,B:9.0,B:9.7,B:10.1,B:10.2,B:10.6,B:10.10,B:11.2,B:11.9,E:10.7,E:11.10,P_count_eq_1,P_count_eq_2,P_count_eq_3,B_count_eq_1,B_count_2_3,B_count_4_5,B_count_6_8,E_count_eq_1,E_count_eq_2,P_B_count",24,90
count_plus_PE_count,239,0.26059304341287837,0.3154724259422606,0.8827204054829834,"intercept,P:9.9,P:9.6,P:10.0,B:9.0,B:9.7,B:10.1,B:10.2,B:10.6,B:10.10,B:11.2,B:11.9,E:10.7,E:11.10,P_count_eq_1,P_count_eq_2,P_count_eq_3,B_count_eq_1,B_count_2_3,B_count_4_5,B_count_6_8,E_count_eq_1,E_count_eq_2,P_E_count",24,90
count_plus_BE_count,239,0.38886693912257814,0.4567889175639127,0.7541157210725475,"intercept,P:9.9,P:9.6,P:10.0,B:9.0,B:9.7,B:10.1,B:10.2,B:10.6,B:10.10,B:11.2,B:11.9,E:10.7,E:11.10,P_count_eq_1,P_count_eq_2,P_count_eq_3,B_count_eq_1,B_count_2_3,B_count_4_5,B_count_6_8,E_count_eq_1,E_count_eq_2,B_E_count",24,90
count_plus_all_pairs,239,0.23392619040913742,0.288487851371446,0.9019258160678699,"intercept,P:9.9,P:9.6,P:10.0,B:9.0,B:9.7,B:10.1,B:10.2,B:10.6,B:10.10,B:11.2,B:11.9,E:10.7,E:11.10,P_count_eq_1,P_count_eq_2,P_count_eq_3,B_count_eq_1,B_count_2_3,B_count_4_5,B_count_6_8,E_count_eq_1,E_count_eq_2,P_B_count,P_E_count,B_E_count",26,90
additive_head,239,0.3805669776295932,0.45264491479831503,0.7633523326378001,"intercept,P:9.9,P:9.6,P:10.0,B:9.0,B:9.7,B:10.1,B:10.2,B:10.6,B:10.10,B:11.2,B:11.9,E:10.7,E:11.10",14,91
count_additive,239,0.3841099100277292,0.4570748548664499,0.7586976248717632,"intercept,P:9.9,P:9.6,P:10.0,B:9.0,B:9.7,B:10.1,B:10.2,B:10.6,B:10.10,B:11.2,B:11.9,E:10.7,E:11.10,P_count_eq_1,P_count_eq_2,P_count_eq_3,B_count_eq_1,B_count_2_3,B_count_4_5,B_count_6_8,E_count_eq_1,E_count_eq_2",23,91
count_plus_PB_count,239,0.3727559749438509,0.4364795994793001,0.779953311683604,"intercept,P:9.9,P:9.6,P:10.0,B:9.0,B:9.7,B:10.1,B:10.2,B:10.6,B:10.10,B:11.2,B:11.9,E:10.7,E:11.10,P_count_eq_1,P_count_eq_2,P_count_eq_3,B_count_eq_1,B_count_2_3,B_count_4_5,B_count_6_8,E_count_eq_1,E_count_eq_2,P_B_count",24,91
count_plus_PE_count,239,0.25738860634554106,0.31273898570196407,0.8870331592958808,"intercept,P:9.9,P:9.6,P:10.0,B:9.0,B:9.7,B:10.1,B:10.2,B:10.6,B:10.10,B:11.2,B:11.9,E:10.7,E:11.10,P_count_eq_1,P_count_eq_2,P_count_eq_3,B_count_eq_1,B_count_2_3,B_count_4_5,B_count_6_8,E_count_eq_1,E_count_eq_2,P_E_count",24,91
count_plus_BE_count,239,0.3810910304893593,0.4527066885593843,0.7632877362466524,"intercept,P:9.9,P:9.6,P:10.0,B:9.0,B:9.7,B:10.1,B:10.2,B:10.6,B:10.10,B:11.2,B:11.9,E:10.7,E:11.10,P_count_eq_1,P_count_eq_2,P_count_eq_3,B_count_eq_1,B_count_2_3,B_count_4_5,B_count_6_8,E_count_eq_1,E_count_eq_2,B_E_count",24,91
count_plus_all_pairs,239,0.22974053400287545,0.2836546640401622,0.9070676767353312,"intercept,P:9.9,P:9.6,P:10.0,B:9.0,B:9.7,B:10.1,B:10.2,B:10.6,B:10.10,B:11.2,B:11.9,E:10.7,E:11.10,P_count_eq_1,P_count_eq_2,P_count_eq_3,B_count_eq_1,B_count_2_3,B_count_4_5,B_count_6_8,E_count_eq_1,E_count_eq_2,P_B_count,P_E_count,B_E_count",26,91
additive_head,239,0.3900128941804206,0.46053700308801077,0.773314436973315,"intercept,P:9.9,P:9.6,P:10.0,B:9.0,B:9.7,B:10.1,B:10.2,B:10.6,B:10.10,B:11.2,B:11.9,E:10.7,E:11.10",14,92
count_additive,239,0.39290653007768284,0.46537750511960096,0.768524209945048,"intercept,P:9.9,P:9.6,P:10.0,B:9.0,B:9.7,B:10.1,B:10.2,B:10.6,B:10.10,B:11.2,B:11.9,E:10.7,E:11.10,P_count_eq_1,P_count_eq_2,P_count_eq_3,B_count_eq_1,B_count_2_3,B_count_4_5,B_count_6_8,E_count_eq_1,E_count_eq_2",23,92
count_plus_PB_count,239,0.3822535933958072,0.4457480092501812,0.7876395555950739,"intercept,P:9.9,P:9.6,P:10.0,B:9.0,B:9.7,B:10.1,B:10.2,B:10.6,B:10.10,B:11.2,B:11.9,E:10.7,E:11.10,P_count_eq_1,P_count_eq_2,P_count_eq_3,B_count_eq_1,B_count_2_3,B_count_4_5,B_count_6_8,E_count_eq_1,E_count_eq_2,P_B_count",24,92
count_plus_PE_count,239,0.26039280921480507,0.3164678418249652,0.8929580599545347,"intercept,P:9.9,P:9.6,P:10.0,B:9.0,B:9.7,B:10.1,B:10.2,B:10.6,B:10.10,B:11.2,B:11.9,E:10.7,E:11.10,P_count_eq_1,P_count_eq_2,P_count_eq_3,B_count_eq_1,B_count_2_3,B_count_4_5,B_count_6_8,E_count_eq_1,E_count_eq_2,P_E_count",24,92
count_plus_BE_count,239,0.389379674221707,0.45983386471736326,0.7740061062145904,"intercept,P:9.9,P:9.6,P:10.0,B:9.0,B:9.7,B:10.1,B:10.2,B:10.6,B:10.10,B:11.2,B:11.9,E:10.7,E:11.10,P_count_eq_1,P_count_eq_2,P_count_eq_3,B_count_eq_1,B_count_2_3,B_count_4_5,B_count_6_8,E_count_eq_1,E_count_eq_2,B_E_count",24,92
count_plus_all_pairs,239,0.23291978258975257,0.2873693351412835,0.91173761728663,"intercept,P:9.9,P:9.6,P:10.0,B:9.0,B:9.7,B:10.1,B:10.2,B:10.6,B:10.10,B:11.2,B:11.9,E:10.7,E:11.10,P_count_eq_1,P_count_eq_2,P_count_eq_3,B_count_eq_1,B_count_2_3,B_count_4_5,B_count_6_8,E_count_eq_1,E_count_eq_2,P_B_count,P_E_count,B_E_count",26,92
additive_head,239,0.3835712037945172,0.4525096928177789,0.769048402854368,"intercept,P:9.9,P:9.6,P:10.0,B:9.0,B:9.7,B:10.1,B:10.2,B:10.6,B:10.10,B:11.2,B:11.9,E:10.7,E:11.10",14,93
count_additive,239,0.387124450010233,0.45772514732852254,0.7636940028326111,"intercept,P:9.9,P:9.6,P:10.0,B:9.0,B:9.7,B:10.1,B:10.2,B:10.6,B:10.10,B:11.2,B:11.9,E:10.7,E:11.10,P_count_eq_1,P_count_eq_2,P_count_eq_3,B_count_eq_1,B_count_2_3,B_count_4_5,B_count_6_8,E_count_eq_1,E_count_eq_2",23,93
count_plus_PB_count,239,0.37648870021207415,0.4384454288923984,0.7831815224419971,"intercept,P:9.9,P:9.6,P:10.0,B:9.0,B:9.7,B:10.1,B:10.2,B:10.6,B:10.10,B:11.2,B:11.9,E:10.7,E:11.10,P_count_eq_1,P_count_eq_2,P_count_eq_3,B_count_eq_1,B_count_2_3,B_count_4_5,B_count_6_8,E_count_eq_1,E_count_eq_2,P_B_count",24,93
count_plus_PE_count,239,0.2577009006085913,0.31230626468192607,0.8899914122486581,"intercept,P:9.9,P:9.6,P:10.0,B:9.0,B:9.7,B:10.1,B:10.2,B:10.6,B:10.10,B:11.2,B:11.9,E:10.7,E:11.10,P_count_eq_1,P_count_eq_2,P_count_eq_3,B_count_eq_1,B_count_2_3,B_count_4_5,B_count_6_8,E_count_eq_1,E_count_eq_2,P_E_count",24,93
count_plus_BE_count,239,0.3841702799267941,0.45317171282080093,0.7683721458743806,"intercept,P:9.9,P:9.6,P:10.0,B:9.0,B:9.7,B:10.1,B:10.2,B:10.6,B:10.10,B:11.2,B:11.9,E:10.7,E:11.10,P_count_eq_1,P_count_eq_2,P_count_eq_3,B_count_eq_1,B_count_2_3,B_count_4_5,B_count_6_8,E_count_eq_1,E_count_eq_2,B_E_count",24,93
count_plus_all_pairs,239,0.2307051781701466,0.284738918145451,0.9085552328002564,"intercept,P:9.9,P:9.6,P:10.0,B:9.0,B:9.7,B:10.1,B:10.2,B:10.6,B:10.10,B:11.2,B:11.9,E:10.7,E:11.10,P_count_eq_1,P_count_eq_2,P_count_eq_3,B_count_eq_1,B_count_2_3,B_count_4_5,B_count_6_8,E_count_eq_1,E_count_eq_2,P_B_count,P_E_count,B_E_count",26,93
additive_head,239,0.3918930925548904,0.46491912991783246,0.7664576693427078,"intercept,P:9.9,P:9.6,P:10.0,B:9.0,B:9.7,B:10.1,B:10.2,B:10.6,B:10.10,B:11.2,B:11.9,E:10.7,E:11.10",14,94
count_additive,239,0.39482645075012646,0.46959505700468845,0.7617363388015665,"intercept,P:9.9,P:9.6,P:10.0,B:9.0,B:9.7,B:10.1,B:10.2,B:10.6,B:10.10,B:11.2,B:11.9,E:10.7,E:11.10,P_count_eq_1,P_count_eq_2,P_count_eq_3,B_count_eq_1,B_count_2_3,B_count_4_5,B_count_6_8,E_count_eq_1,E_count_eq_2",23,94
count_plus_PB_count,239,0.384148330873618,0.45047654026047457,0.7807421581597086,"intercept,P:9.9,P:9.6,P:10.0,B:9.0,B:9.7,B:10.1,B:10.2,B:10.6,B:10.10,B:11.2,B:11.9,E:10.7,E:11.10,P_count_eq_1,P_count_eq_2,P_count_eq_3,B_count_eq_1,B_count_2_3,B_count_4_5,B_count_6_8,E_count_eq_1,E_count_eq_2,P_B_count",24,94
count_plus_PE_count,239,0.2591217467150935,0.31584685038067617,0.8922136220382962,"intercept,P:9.9,P:9.6,P:10.0,B:9.0,B:9.7,B:10.1,B:10.2,B:10.6,B:10.10,B:11.2,B:11.9,E:10.7,E:11.10,P_count_eq_1,P_count_eq_2,P_count_eq_3,B_count_eq_1,B_count_2_3,B_count_4_5,B_count_6_8,E_count_eq_1,E_count_eq_2,P_E_count",24,94
count_plus_BE_count,239,0.3905560077464836,0.46272049384843505,0.7686613233968254,"intercept,P:9.9,P:9.6,P:10.0,B:9.0,B:9.7,B:10.1,B:10.2,B:10.6,B:10.10,B:11.2,B:11.9,E:10.7,E:11.10,P_count_eq_1,P_count_eq_2,P_count_eq_3,B_count_eq_1,B_count_2_3,B_count_4_5,B_count_6_8,E_count_eq_1,E_count_eq_2,B_E_count",24,94
count_plus_all_pairs,239,0.2309751985684104,0.2855910039646878,0.9118748592611547,"intercept,P:9.9,P:9.6,P:10.0,B:9.0,B:9.7,B:10.1,B:10.2,B:10.6,B:10.10,B:11.2,B:11.9,E:10.7,E:11.10,P_count_eq_1,P_count_eq_2,P_count_eq_3,B_count_eq_1,B_count_2_3,B_count_4_5,B_count_6_8,E_count_eq_1,E_count_eq_2,P_B_count,P_E_count,B_E_count",26,94
additive_head,239,0.3645049756275856,0.43311488641704005,0.7720357924819337,"intercept,P:9.9,P:9.6,P:10.0,B:9.0,B:9.7,B:10.1,B:10.2,B:10.6,B:10.10,B:11.2,B:11.9,E:10.7,E:11.10",14,95
count_additive,239,0.3667432842663584,0.4370551126243512,0.7678691551232991,"intercept,P:9.9,P:9.6,P:10.0,B:9.0,B:9.7,B:10.1,B:10.2,B:10.6,B:10.10,B:11.2,B:11.9,E:10.7,E:11.10,P_count_eq_1,P_count_eq_2,P_count_eq_3,B_count_eq_1,B_count_2_3,B_count_4_5,B_count_6_8,E_count_eq_1,E_count_eq_2",23,95
count_plus_PB_count,239,0.3560230460928386,0.417451138966408,0.7882264373161886,"intercept,P:9.9,P:9.6,P:10.0,B:9.0,B:9.7,B:10.1,B:10.2,B:10.6,B:10.10,B:11.2,B:11.9,E:10.7,E:11.10,P_count_eq_1,P_count_eq_2,P_count_eq_3,B_count_eq_1,B_count_2_3,B_count_4_5,B_count_6_8,E_count_eq_1,E_count_eq_2,P_B_count",24,95
count_plus_PE_count,239,0.24386999720674526,0.29802423626544394,0.892064673490206,"intercept,P:9.9,P:9.6,P:10.0,B:9.0,B:9.7,B:10.1,B:10.2,B:10.6,B:10.10,B:11.2,B:11.9,E:10.7,E:11.10,P_count_eq_1,P_count_eq_2,P_count_eq_3,B_count_eq_1,B_count_2_3,B_count_4_5,B_count_6_8,E_count_eq_1,E_count_eq_2,P_E_count",24,95
count_plus_BE_count,239,0.36277257180796857,0.4313875792652662,0.7738504565908946,"intercept,P:9.9,P:9.6,P:10.0,B:9.0,B:9.7,B:10.1,B:10.2,B:10.6,B:10.10,B:11.2,B:11.9,E:10.7,E:11.10,P_count_eq_1,P_count_eq_2,P_count_eq_3,B_count_eq_1,B_count_2_3,B_count_4_5,B_count_6_8,E_count_eq_1,E_count_eq_2,B_E_count",24,95
count_plus_all_pairs,239,0.2173460446697481,0.26862832621405075,0.9123071763395592,"intercept,P:9.9,P:9.6,P:10.0,B:9.0,B:9.7,B:10.1,B:10.2,B:10.6,B:10.10,B:11.2,B:11.9,E:10.7,E:11.10,P_count_eq_1,P_count_eq_2,P_count_eq_3,B_count_eq_1,B_count_2_3,B_count_4_5,B_count_6_8,E_count_eq_1,E_count_eq_2,P_B_count,P_E_count,B_E_count",26,95
additive_head,239,0.39288056215292244,0.46413529019397726,0.767432594642026,"intercept,P:9.9,P:9.6,P:10.0,B:9.0,B:9.7,B:10.1,B:10.2,B:10.6,B:10.10,B:11.2,B:11.9,E:10.7,E:11.10",14,96
count_additive,239,0.3959875345984159,0.4691560538057261,0.7623738043316222,"intercept,P:9.9,P:9.6,P:10.0,B:9.0,B:9.7,B:10.1,B:10.2,B:10.6,B:10.10,B:11.2,B:11.9,E:10.7,E:11.10,P_count_eq_1,P_count_eq_2,P_count_eq_3,B_count_eq_1,B_count_2_3,B_count_4_5,B_count_6_8,E_count_eq_1,E_count_eq_2",23,96
count_plus_PB_count,239,0.38496272290256006,0.4489574079544031,0.7823944590477383,"intercept,P:9.9,P:9.6,P:10.0,B:9.0,B:9.7,B:10.1,B:10.2,B:10.6,B:10.10,B:11.2,B:11.9,E:10.7,E:11.10,P_count_eq_1,P_count_eq_2,P_count_eq_3,B_count_eq_1,B_count_2_3,B_count_4_5,B_count_6_8,E_count_eq_1,E_count_eq_2,P_B_count",24,96
count_plus_PE_count,239,0.2638105194683015,0.32057612221897874,0.8890513535513178,"intercept,P:9.9,P:9.6,P:10.0,B:9.0,B:9.7,B:10.1,B:10.2,B:10.6,B:10.10,B:11.2,B:11.9,E:10.7,E:11.10,P_count_eq_1,P_count_eq_2,P_count_eq_3,B_count_eq_1,B_count_2_3,B_count_4_5,B_count_6_8,E_count_eq_1,E_count_eq_2,P_E_count",24,96
count_plus_BE_count,239,0.3922139788007506,0.46337827459093656,0.7681906218019765,"intercept,P:9.9,P:9.6,P:10.0,B:9.0,B:9.7,B:10.1,B:10.2,B:10.6,B:10.10,B:11.2,B:11.9,E:10.7,E:11.10,P_count_eq_1,P_count_eq_2,P_count_eq_3,B_count_eq_1,B_count_2_3,B_count_4_5,B_count_6_8,E_count_eq_1,E_count_eq_2,B_E_count",24,96
count_plus_all_pairs,239,0.23490176199356705,0.29062109646179135,0.9088169867844345,"intercept,P:9.9,P:9.6,P:10.0,B:9.0,B:9.7,B:10.1,B:10.2,B:10.6,B:10.10,B:11.2,B:11.9,E:10.7,E:11.10,P_count_eq_1,P_count_eq_2,P_count_eq_3,B_count_eq_1,B_count_2_3,B_count_4_5,B_count_6_8,E_count_eq_1,E_count_eq_2,P_B_count,P_E_count,B_E_count",26,96
additive_head,239,0.37482156787417625,0.44066769302127273,0.7656436695966491,"intercept,P:9.9,P:9.6,P:10.0,B:9.0,B:9.7,B:10.1,B:10.2,B:10.6,B:10.10,B:11.2,B:11.9,E:10.7,E:11.10",14,97
count_additive,239,0.3776937074360234,0.4455199273864313,0.7604542150378395,"intercept,P:9.9,P:9.6,P:10.0,B:9.0,B:9.7,B:10.1,B:10.2,B:10.6,B:10.10,B:11.2,B:11.9,E:10.7,E:11.10,P_count_eq_1,P_count_eq_2,P_count_eq_3,B_count_eq_1,B_count_2_3,B_count_4_5,B_count_6_8,E_count_eq_1,E_count_eq_2",23,97
count_plus_PB_count,239,0.3693703805479829,0.42827216002028956,0.7786426469555195,"intercept,P:9.9,P:9.6,P:10.0,B:9.0,B:9.7,B:10.1,B:10.2,B:10.6,B:10.10,B:11.2,B:11.9,E:10.7,E:11.10,P_count_eq_1,P_count_eq_2,P_count_eq_3,B_count_eq_1,B_count_2_3,B_count_4_5,B_count_6_8,E_count_eq_1,E_count_eq_2,P_B_count",24,97
count_plus_PE_count,239,0.24787436888288408,0.300683818680009,0.8908875319020101,"intercept,P:9.9,P:9.6,P:10.0,B:9.0,B:9.7,B:10.1,B:10.2,B:10.6,B:10.10,B:11.2,B:11.9,E:10.7,E:11.10,P_count_eq_1,P_count_eq_2,P_count_eq_3,B_count_eq_1,B_count_2_3,B_count_4_5,B_count_6_8,E_count_eq_1,E_count_eq_2,P_E_count",24,97
count_plus_BE_count,239,0.37537879097623883,0.4403109091112978,0.7660230063177198,"intercept,P:9.9,P:9.6,P:10.0,B:9.0,B:9.7,B:10.1,B:10.2,B:10.6,B:10.10,B:11.2,B:11.9,E:10.7,E:11.10,P_count_eq_1,P_count_eq_2,P_count_eq_3,B_count_eq_1,B_count_2_3,B_count_4_5,B_count_6_8,E_count_eq_1,E_count_eq_2,B_E_count",24,97
count_plus_all_pairs,239,0.22219982639043862,0.27480879281121984,0.9088586380820406,"intercept,P:9.9,P:9.6,P:10.0,B:9.0,B:9.7,B:10.1,B:10.2,B:10.6,B:10.10,B:11.2,B:11.9,E:10.7,E:11.10,P_count_eq_1,P_count_eq_2,P_count_eq_3,B_count_eq_1,B_count_2_3,B_count_4_5,B_count_6_8,E_count_eq_1,E_count_eq_2,P_B_count,P_E_count,B_E_count",26,97
additive_head,239,0.38595346109921463,0.4576843170851438,0.762446843109992,"intercept,P:9.9,P:9.6,P:10.0,B:9.0,B:9.7,B:10.1,B:10.2,B:10.6,B:10.10,B:11.2,B:11.9,E:10.7,E:11.10",14,98
count_additive,239,0.3886941353841991,0.46233300841040165,0.7575966898789028,"intercept,P:9.9,P:9.6,P:10.0,B:9.0,B:9.7,B:10.1,B:10.2,B:10.6,B:10.10,B:11.2,B:11.9,E:10.7,E:11.10,P_count_eq_1,P_count_eq_2,P_count_eq_3,B_count_eq_1,B_count_2_3,B_count_4_5,B_count_6_8,E_count_eq_1,E_count_eq_2",23,98
count_plus_PB_count,239,0.37670996466868595,0.44050492623263454,0.7799454854248333,"intercept,P:9.9,P:9.6,P:10.0,B:9.0,B:9.7,B:10.1,B:10.2,B:10.6,B:10.10,B:11.2,B:11.9,E:10.7,E:11.10,P_count_eq_1,P_count_eq_2,P_count_eq_3,B_count_eq_1,B_count_2_3,B_count_4_5,B_count_6_8,E_count_eq_1,E_count_eq_2,P_B_count",24,98
count_plus_PE_count,239,0.26129585220777124,0.31778435637331065,0.8854767214690484,"intercept,P:9.9,P:9.6,P:10.0,B:9.0,B:9.7,B:10.1,B:10.2,B:10.6,B:10.10,B:11.2,B:11.9,E:10.7,E:11.10,P_count_eq_1,P_count_eq_2,P_count_eq_3,B_count_eq_1,B_count_2_3,B_count_4_5,B_count_6_8,E_count_eq_1,E_count_eq_2,P_E_count",24,98
count_plus_BE_count,239,0.3850933443026685,0.4574134497678624,0.7627279379320467,"intercept,P:9.9,P:9.6,P:10.0,B:9.0,B:9.7,B:10.1,B:10.2,B:10.6,B:10.10,B:11.2,B:11.9,E:10.7,E:11.10,P_count_eq_1,P_count_eq_2,P_count_eq_3,B_count_eq_1,B_count_2_3,B_count_4_5,B_count_6_8,E_count_eq_1,E_count_eq_2,B_E_count",24,98
count_plus_all_pairs,239,0.23179908749914627,0.2867263817857911,0.9067682035732835,"intercept,P:9.9,P:9.6,P:10.0,B:9.0,B:9.7,B:10.1,B:10.2,B:10.6,B:10.10,B:11.2,B:11.9,E:10.7,E:11.10,P_count_eq_1,P_count_eq_2,P_count_eq_3,B_count_eq_1,B_count_2_3,B_count_4_5,B_count_6_8,E_count_eq_1,E_count_eq_2,P_B_count,P_E_count,B_E_count",26,98
additive_head,239,0.40384445253142154,0.4793571431784083,0.763580865328094,"intercept,P:9.9,P:9.6,P:10.0,B:9.0,B:9.7,B:10.1,B:10.2,B:10.6,B:10.10,B:11.2,B:11.9,E:10.7,E:11.10",14,99
count_additive,239,0.4072054886566259,0.484400833988102,0.7585795912209177,"intercept,P:9.9,P:9.6,P:10.0,B:9.0,B:9.7,B:10.1,B:10.2,B:10.6,B:10.10,B:11.2,B:11.9,E:10.7,E:11.10,P_count_eq_1,P_count_eq_2,P_count_eq_3,B_count_eq_1,B_count_2_3,B_count_4_5,B_count_6_8,E_count_eq_1,E_count_eq_2",23,99
count_plus_PB_count,239,0.3952189243710069,0.4627847078771574,0.7796453517150932,"intercept,P:9.9,P:9.6,P:10.0,B:9.0,B:9.7,B:10.1,B:10.2,B:10.6,B:10.10,B:11.2,B:11.9,E:10.7,E:11.10,P_count_eq_1,P_count_eq_2,P_count_eq_3,B_count_eq_1,B_count_2_3,B_count_4_5,B_count_6_8,E_count_eq_1,E_count_eq_2,P_B_count",24,99
count_plus_PE_count,239,0.27137139753420736,0.33061848202372685,0.8875347192583479,"intercept,P:9.9,P:9.6,P:10.0,B:9.0,B:9.7,B:10.1,B:10.2,B:10.6,B:10.10,B:11.2,B:11.9,E:10.7,E:11.10,P_count_eq_1,P_count_eq_2,P_count_eq_3,B_count_eq_1,B_count_2_3,B_count_4_5,B_count_6_8,E_count_eq_1,E_count_eq_2,P_E_count",24,99
count_plus_BE_count,239,0.40284719635205823,0.47815385868062815,0.764766296411893,"intercept,P:9.9,P:9.6,P:10.0,B:9.0,B:9.7,B:10.1,B:10.2,B:10.6,B:10.10,B:11.2,B:11.9,E:10.7,E:11.10,P_count_eq_1,P_count_eq_2,P_count_eq_3,B_count_eq_1,B_count_2_3,B_count_4_5,B_count_6_8,E_count_eq_1,E_count_eq_2,B_E_count",24,99
count_plus_all_pairs,239,0.24137819850525985,0.2981359164988574,0.9085480828916138,"intercept,P:9.9,P:9.6,P:10.0,B:9.0,B:9.7,B:10.1,B:10.2,B:10.6,B:10.10,B:11.2,B:11.9,E:10.7,E:11.10,P_count_eq_1,P_count_eq_2,P_count_eq_3,B_count_eq_1,B_count_2_3,B_count_4_5,B_count_6_8,E_count_eq_1,E_count_eq_2,P_B_count,P_E_count,B_E_count",26,99
additive_head,239,0.3706079633969091,0.43876397135042694,0.7657130692561784,"intercept,P:9.9,P:9.6,P:10.0,B:9.0,B:9.7,B:10.1,B:10.2,B:10.6,B:10.10,B:11.2,B:11.9,E:10.7,E:11.10",14,100
count_additive,239,0.3728696629556325,0.4427122205906019,0.7614776023494267,"intercept,P:9.9,P:9.6,P:10.0,B:9.0,B:9.7,B:10.1,B:10.2,B:10.6,B:10.10,B:11.2,B:11.9,E:10.7,E:11.10,P_count_eq_1,P_count_eq_2,P_count_eq_3,B_count_eq_1,B_count_2_3,B_count_4_5,B_count_6_8,E_count_eq_1,E_count_eq_2",23,100
count_plus_PB_count,239,0.36315045617492525,0.42359760653969447,0.7816299162788168,"intercept,P:9.9,P:9.6,P:10.0,B:9.0,B:9.7,B:10.1,B:10.2,B:10.6,B:10.10,B:11.2,B:11.9,E:10.7,E:11.10,P_count_eq_1,P_count_eq_2,P_count_eq_3,B_count_eq_1,B_count_2_3,B_count_4_5,B_count_6_8,E_count_eq_1,E_count_eq_2,P_B_count",24,100
count_plus_PE_count,239,0.24912073687938863,0.3023878272385707,0.8887206053583488,"intercept,P:9.9,P:9.6,P:10.0,B:9.0,B:9.7,B:10.1,B:10.2,B:10.6,B:10.10,B:11.2,B:11.9,E:10.7,E:11.10,P_count_eq_1,P_count_eq_2,P_count_eq_3,B_count_eq_1,B_count_2_3,B_count_4_5,B_count_6_8,E_count_eq_1,E_count_eq_2,P_E_count",24,100
count_plus_BE_count,239,0.3693153879206384,0.4375881901237296,0.7669670513335637,"intercept,P:9.9,P:9.6,P:10.0,B:9.0,B:9.7,B:10.1,B:10.2,B:10.6,B:10.10,B:11.2,B:11.9,E:10.7,E:11.10,P_count_eq_1,P_count_eq_2,P_count_eq_3,B_count_eq_1,B_count_2_3,B_count_4_5,B_count_6_8,E_count_eq_1,E_count_eq_2,B_E_count",24,100
count_plus_all_pairs,239,0.2222772120167997,0.27432853110701666,0.9084142087865361,"intercept,P:9.9,P:9.6,P:10.0,B:9.0,B:9.7,B:10.1,B:10.2,B:10.6,B:10.10,B:11.2,B:11.9,E:10.7,E:11.10,P_count_eq_1,P_count_eq_2,P_count_eq_3,B_count_eq_1,B_count_2_3,B_count_4_5,B_count_6_8,E_count_eq_1,E_count_eq_2,P_B_count,P_E_count,B_E_count",26,100
additive_head,239,0.39794737485997433,0.46937143332561065,0.7562823150020708,"intercept,P:9.9,P:9.6,P:10.0,B:9.0,B:9.7,B:10.1,B:10.2,B:10.6,B:10.10,B:11.2,B:11.9,E:10.7,E:11.10",14,101
count_additive,239,0.4015635275493428,0.47501858274710146,0.7503825542275231,"intercept,P:9.9,P:9.6,P:10.0,B:9.0,B:9.7,B:10.1,B:10.2,B:10.6,B:10.10,B:11.2,B:11.9,E:10.7,E:11.10,P_count_eq_1,P_count_eq_2,P_count_eq_3,B_count_eq_1,B_count_2_3,B_count_4_5,B_count_6_8,E_count_eq_1,E_count_eq_2",23,101
count_plus_PB_count,239,0.3905285010514595,0.45486215145444975,0.7711171048850536,"intercept,P:9.9,P:9.6,P:10.0,B:9.0,B:9.7,B:10.1,B:10.2,B:10.6,B:10.10,B:11.2,B:11.9,E:10.7,E:11.10,P_count_eq_1,P_count_eq_2,P_count_eq_3,B_count_eq_1,B_count_2_3,B_count_4_5,B_count_6_8,E_count_eq_1,E_count_eq_2,P_B_count",24,101
count_plus_PE_count,239,0.26886128647651114,0.3256416834842934,0.8826903556013108,"intercept,P:9.9,P:9.6,P:10.0,B:9.0,B:9.7,B:10.1,B:10.2,B:10.6,B:10.10,B:11.2,B:11.9,E:10.7,E:11.10,P_count_eq_1,P_count_eq_2,P_count_eq_3,B_count_eq_1,B_count_2_3,B_count_4_5,B_count_6_8,E_count_eq_1,E_count_eq_2,P_E_count",24,101
count_plus_BE_count,239,0.39771911035505475,0.4689253542748604,0.7567453414442951,"intercept,P:9.9,P:9.6,P:10.0,B:9.0,B:9.7,B:10.1,B:10.2,B:10.6,B:10.10,B:11.2,B:11.9,E:10.7,E:11.10,P_count_eq_1,P_count_eq_2,P_count_eq_3,B_count_eq_1,B_count_2_3,B_count_4_5,B_count_6_8,E_count_eq_1,E_count_eq_2,B_E_count",24,101
count_plus_all_pairs,239,0.2394806278105362,0.29551616595773766,0.9033913033832182,"intercept,P:9.9,P:9.6,P:10.0,B:9.0,B:9.7,B:10.1,B:10.2,B:10.6,B:10.10,B:11.2,B:11.9,E:10.7,E:11.10,P_count_eq_1,P_count_eq_2,P_count_eq_3,B_count_eq_1,B_count_2_3,B_count_4_5,B_count_6_8,E_count_eq_1,E_count_eq_2,P_B_count,P_E_count,B_E_count",26,101
additive_head,239,0.37370673411239697,0.43795590244516674,0.764406487834638,"intercept,P:9.9,P:9.6,P:10.0,B:9.0,B:9.7,B:10.1,B:10.2,B:10.6,B:10.10,B:11.2,B:11.9,E:10.7,E:11.10",14,102
count_additive,239,0.3765581975331784,0.44323937287383397,0.7586878314774206,"intercept,P:9.9,P:9.6,P:10.0,B:9.0,B:9.7,B:10.1,B:10.2,B:10.6,B:10.10,B:11.2,B:11.9,E:10.7,E:11.10,P_count_eq_1,P_count_eq_2,P_count_eq_3,B_count_eq_1,B_count_2_3,B_count_4_5,B_count_6_8,E_count_eq_1,E_count_eq_2",23,102
count_plus_PB_count,239,0.36937082433891755,0.4278158731090394,0.7751896265972018,"intercept,P:9.9,P:9.6,P:10.0,B:9.0,B:9.7,B:10.1,B:10.2,B:10.6,B:10.10,B:11.2,B:11.9,E:10.7,E:11.10,P_count_eq_1,P_count_eq_2,P_count_eq_3,B_count_eq_1,B_count_2_3,B_count_4_5,B_count_6_8,E_count_eq_1,E_count_eq_2,P_B_count",24,102
count_plus_PE_count,239,0.24641113269621176,0.2989979426962128,0.8901907414481394,"intercept,P:9.9,P:9.6,P:10.0,B:9.0,B:9.7,B:10.1,B:10.2,B:10.6,B:10.10,B:11.2,B:11.9,E:10.7,E:11.10,P_count_eq_1,P_count_eq_2,P_count_eq_3,B_count_eq_1,B_count_2_3,B_count_4_5,B_count_6_8,E_count_eq_1,E_count_eq_2,P_E_count",24,102
count_plus_BE_count,239,0.3744689332461117,0.43789838630886224,0.7644683641043861,"intercept,P:9.9,P:9.6,P:10.0,B:9.0,B:9.7,B:10.1,B:10.2,B:10.6,B:10.10,B:11.2,B:11.9,E:10.7,E:11.10,P_count_eq_1,P_count_eq_2,P_count_eq_3,B_count_eq_1,B_count_2_3,B_count_4_5,B_count_6_8,E_count_eq_1,E_count_eq_2,B_E_count",24,102
count_plus_all_pairs,239,0.2228678615855297,0.27544343086531614,0.9068104107826325,"intercept,P:9.9,P:9.6,P:10.0,B:9.0,B:9.7,B:10.1,B:10.2,B:10.6,B:10.10,B:11.2,B:11.9,E:10.7,E:11.10,P_count_eq_1,P_count_eq_2,P_count_eq_3,B_count_eq_1,B_count_2_3,B_count_4_5,B_count_6_8,E_count_eq_1,E_count_eq_2,P_B_count,P_E_count,B_E_count",26,102
additive_head,239,0.3838899528480092,0.45323758859140906,0.757472035102764,"intercept,P:9.9,P:9.6,P:10.0,B:9.0,B:9.7,B:10.1,B:10.2,B:10.6,B:10.10,B:11.2,B:11.9,E:10.7,E:11.10",14,103
count_additive,239,0.3871224590478651,0.45844395895287543,0.7518681631175829,"intercept,P:9.9,P:9.6,P:10.0,B:9.0,B:9.7,B:10.1,B:10.2,B:10.6,B:10.10,B:11.2,B:11.9,E:10.7,E:11.10,P_count_eq_1,P_count_eq_2,P_count_eq_3,B_count_eq_1,B_count_2_3,B_count_4_5,B_count_6_8,E_count_eq_1,E_count_eq_2",23,103
count_plus_PB_count,239,0.37670982015522736,0.4387079057285774,0.7727724931750913,"intercept,P:9.9,P:9.6,P:10.0,B:9.0,B:9.7,B:10.1,B:10.2,B:10.6,B:10.10,B:11.2,B:11.9,E:10.7,E:11.10,P_count_eq_1,P_count_eq_2,P_count_eq_3,B_count_eq_1,B_count_2_3,B_count_4_5,B_count_6_8,E_count_eq_1,E_count_eq_2,P_B_count",24,103
count_plus_PE_count,239,0.2570015031128224,0.3119980598303939,0.8850751968022703,"intercept,P:9.9,P:9.6,P:10.0,B:9.0,B:9.7,B:10.1,B:10.2,B:10.6,B:10.10,B:11.2,B:11.9,E:10.7,E:11.10,P_count_eq_1,P_count_eq_2,P_count_eq_3,B_count_eq_1,B_count_2_3,B_count_4_5,B_count_6_8,E_count_eq_1,E_count_eq_2,P_E_count",24,103
count_plus_BE_count,239,0.3838213143729768,0.4535291338100366,0.7571599223753169,"intercept,P:9.9,P:9.6,P:10.0,B:9.0,B:9.7,B:10.1,B:10.2,B:10.6,B:10.10,B:11.2,B:11.9,E:10.7,E:11.10,P_count_eq_1,P_count_eq_2,P_count_eq_3,B_count_eq_1,B_count_2_3,B_count_4_5,B_count_6_8,E_count_eq_1,E_count_eq_2,B_E_count",24,103
count_plus_all_pairs,239,0.2294633490109163,0.2833766316672079,0.9051935140387033,"intercept,P:9.9,P:9.6,P:10.0,B:9.0,B:9.7,B:10.1,B:10.2,B:10.6,B:10.10,B:11.2,B:11.9,E:10.7,E:11.10,P_count_eq_1,P_count_eq_2,P_count_eq_3,B_count_eq_1,B_count_2_3,B_count_4_5,B_count_6_8,E_count_eq_1,E_count_eq_2,P_B_count,P_E_count,B_E_count",26,103
additive_head,239,0.3847290655702134,0.45240243165670696,0.7594025184305305,"intercept,P:9.9,P:9.6,P:10.0,B:9.0,B:9.7,B:10.1,B:10.2,B:10.6,B:10.10,B:11.2,B:11.9,E:10.7,E:11.10",14,104
count_additive,239,0.3885309341031836,0.4575052262991822,0.7539443538487522,"intercept,P:9.9,P:9.6,P:10.0,B:9.0,B:9.7,B:10.1,B:10.2,B:10.6,B:10.10,B:11.2,B:11.9,E:10.7,E:11.10,P_count_eq_1,P_count_eq_2,P_count_eq_3,B_count_eq_1,B_count_2_3,B_count_4_5,B_count_6_8,E_count_eq_1,E_count_eq_2",23,104
count_plus_PB_count,239,0.3791632301906827,0.4397135759430456,0.7727096670440184,"intercept,P:9.9,P:9.6,P:10.0,B:9.0,B:9.7,B:10.1,B:10.2,B:10.6,B:10.10,B:11.2,B:11.9,E:10.7,E:11.10,P_count_eq_1,P_count_eq_2,P_count_eq_3,B_count_eq_1,B_count_2_3,B_count_4_5,B_count_6_8,E_count_eq_1,E_count_eq_2,P_B_count",24,104
count_plus_PE_count,239,0.2564569597151369,0.31008129611935364,0.8869703566320963,"intercept,P:9.9,P:9.6,P:10.0,B:9.0,B:9.7,B:10.1,B:10.2,B:10.6,B:10.10,B:11.2,B:11.9,E:10.7,E:11.10,P_count_eq_1,P_count_eq_2,P_count_eq_3,B_count_eq_1,B_count_2_3,B_count_4_5,B_count_6_8,E_count_eq_1,E_count_eq_2,P_E_count",24,104
count_plus_BE_count,239,0.38632682455687845,0.4521506062525171,0.7596702963680024,"intercept,P:9.9,P:9.6,P:10.0,B:9.0,B:9.7,B:10.1,B:10.2,B:10.6,B:10.10,B:11.2,B:11.9,E:10.7,E:11.10,P_count_eq_1,P_count_eq_2,P_count_eq_3,B_count_eq_1,B_count_2_3,B_count_4_5,B_count_6_8,E_count_eq_1,E_count_eq_2,B_E_count",24,104
count_plus_all_pairs,239,0.22983595367191342,0.28352226520972884,0.9055035363915508,"intercept,P:9.9,P:9.6,P:10.0,B:9.0,B:9.7,B:10.1,B:10.2,B:10.6,B:10.10,B:11.2,B:11.9,E:10.7,E:11.10,P_count_eq_1,P_count_eq_2,P_count_eq_3,B_count_eq_1,B_count_2_3,B_count_4_5,B_count_6_8,E_count_eq_1,E_count_eq_2,P_B_count,P_E_count,B_E_count",26,104
additive_head,239,0.37698847769565674,0.4441035624020202,0.7618300569036333,"intercept,P:9.9,P:9.6,P:10.0,B:9.0,B:9.7,B:10.1,B:10.2,B:10.6,B:10.10,B:11.2,B:11.9,E:10.7,E:11.10",14,105
count_additive,239,0.38060963927334746,0.4489745235792638,0.7565768737823784,"intercept,P:9.9,P:9.6,P:10.0,B:9.0,B:9.7,B:10.1,B:10.2,B:10.6,B:10.10,B:11.2,B:11.9,E:10.7,E:11.10,P_count_eq_1,P_count_eq_2,P_count_eq_3,B_count_eq_1,B_count_2_3,B_count_4_5,B_count_6_8,E_count_eq_1,E_count_eq_2",23,105
count_plus_PB_count,239,0.37129615970865315,0.4307100961523017,0.7759790971471613,"intercept,P:9.9,P:9.6,P:10.0,B:9.0,B:9.7,B:10.1,B:10.2,B:10.6,B:10.10,B:11.2,B:11.9,E:10.7,E:11.10,P_count_eq_1,P_count_eq_2,P_count_eq_3,B_count_eq_1,B_count_2_3,B_count_4_5,B_count_6_8,E_count_eq_1,E_count_eq_2,P_B_count",24,105
count_plus_PE_count,239,0.25226934563098513,0.30535537285824793,0.8874022866004616,"intercept,P:9.9,P:9.6,P:10.0,B:9.0,B:9.7,B:10.1,B:10.2,B:10.6,B:10.10,B:11.2,B:11.9,E:10.7,E:11.10,P_count_eq_1,P_count_eq_2,P_count_eq_3,B_count_eq_1,B_count_2_3,B_count_4_5,B_count_6_8,E_count_eq_1,E_count_eq_2,P_E_count",24,105
count_plus_BE_count,239,0.37873935043454304,0.4447379343239103,0.7611491516055515,"intercept,P:9.9,P:9.6,P:10.0,B:9.0,B:9.7,B:10.1,B:10.2,B:10.6,B:10.10,B:11.2,B:11.9,E:10.7,E:11.10,P_count_eq_1,P_count_eq_2,P_count_eq_3,B_count_eq_1,B_count_2_3,B_count_4_5,B_count_6_8,E_count_eq_1,E_count_eq_2,B_E_count",24,105
count_plus_all_pairs,239,0.22640811606422614,0.27926755717163276,0.9058198427167092,"intercept,P:9.9,P:9.6,P:10.0,B:9.0,B:9.7,B:10.1,B:10.2,B:10.6,B:10.10,B:11.2,B:11.9,E:10.7,E:11.10,P_count_eq_1,P_count_eq_2,P_count_eq_3,B_count_eq_1,B_count_2_3,B_count_4_5,B_count_6_8,E_count_eq_1,E_count_eq_2,P_B_count,P_E_count,B_E_count",26,105
additive_head,239,0.3768054312947002,0.4440421939426559,0.7678616699595873,"intercept,P:9.9,P:9.6,P:10.0,B:9.0,B:9.7,B:10.1,B:10.2,B:10.6,B:10.10,B:11.2,B:11.9,E:10.7,E:11.10",14,106
count_additive,239,0.3792791557837892,0.44848075561448636,0.7631976540098204,"intercept,P:9.9,P:9.6,P:10.0,B:9.0,B:9.7,B:10.1,B:10.2,B:10.6,B:10.10,B:11.2,B:11.9,E:10.7,E:11.10,P_count_eq_1,P_count_eq_2,P_count_eq_3,B_count_eq_1,B_count_2_3,B_count_4_5,B_count_6_8,E_count_eq_1,E_count_eq_2",23,106
count_plus_PB_count,239,0.3694321772695805,0.428968724460849,0.7833545185870879,"intercept,P:9.9,P:9.6,P:10.0,B:9.0,B:9.7,B:10.1,B:10.2,B:10.6,B:10.10,B:11.2,B:11.9,E:10.7,E:11.10,P_count_eq_1,P_count_eq_2,P_count_eq_3,B_count_eq_1,B_count_2_3,B_count_4_5,B_count_6_8,E_count_eq_1,E_count_eq_2,P_B_count",24,106
count_plus_PE_count,239,0.2520657175387291,0.30605009265532956,0.8897233900162879,"intercept,P:9.9,P:9.6,P:10.0,B:9.0,B:9.7,B:10.1,B:10.2,B:10.6,B:10.10,B:11.2,B:11.9,E:10.7,E:11.10,P_count_eq_1,P_count_eq_2,P_count_eq_3,B_count_eq_1,B_count_2_3,B_count_4_5,B_count_6_8,E_count_eq_1,E_count_eq_2,P_E_count",24,106
count_plus_BE_count,239,0.3762837844486958,0.4439023170670453,0.7680078978202672,"intercept,P:9.9,P:9.6,P:10.0,B:9.0,B:9.7,B:10.1,B:10.2,B:10.6,B:10.10,B:11.2,B:11.9,E:10.7,E:11.10,P_count_eq_1,P_count_eq_2,P_count_eq_3,B_count_eq_1,B_count_2_3,B_count_4_5,B_count_6_8,E_count_eq_1,E_count_eq_2,B_E_count",24,106
count_plus_all_pairs,239,0.22508617216674004,0.2782590826411325,0.9088415201334873,"intercept,P:9.9,P:9.6,P:10.0,B:9.0,B:9.7,B:10.1,B:10.2,B:10.6,B:10.10,B:11.2,B:11.9,E:10.7,E:11.10,P_count_eq_1,P_count_eq_2,P_count_eq_3,B_count_eq_1,B_count_2_3,B_count_4_5,B_count_6_8,E_count_eq_1,E_count_eq_2,P_B_count,P_E_count,B_E_count",26,106
additive_head,239,0.36707749847232,0.4352511023249819,0.770105330527461,"intercept,P:9.9,P:9.6,P:10.0,B:9.0,B:9.7,B:10.1,B:10.2,B:10.6,B:10.10,B:11.2,B:11.9,E:10.7,E:11.10",14,107
count_additive,239,0.3691709832753396,0.43908125431293094,0.766041442804219,"intercept,P:9.9,P:9.6,P:10.0,B:9.0,B:9.7,B:10.1,B:10.2,B:10.6,B:10.10,B:11.2,B:11.9,E:10.7,E:11.10,P_count_eq_1,P_count_eq_2,P_count_eq_3,B_count_eq_1,B_count_2_3,B_count_4_5,B_count_6_8,E_count_eq_1,E_count_eq_2",23,107
count_plus_PB_count,239,0.3589696074553015,0.4197349117736969,0.7862041213366917,"intercept,P:9.9,P:9.6,P:10.0,B:9.0,B:9.7,B:10.1,B:10.2,B:10.6,B:10.10,B:11.2,B:11.9,E:10.7,E:11.10,P_count_eq_1,P_count_eq_2,P_count_eq_3,B_count_eq_1,B_count_2_3,B_count_4_5,B_count_6_8,E_count_eq_1,E_count_eq_2,P_B_count",24,107
count_plus_PE_count,239,0.24406029151442565,0.29655867029031696,0.8932739604790704,"intercept,P:9.9,P:9.6,P:10.0,B:9.0,B:9.7,B:10.1,B:10.2,B:10.6,B:10.10,B:11.2,B:11.9,E:10.7,E:11.10,P_count_eq_1,P_count_eq_2,P_count_eq_3,B_count_eq_1,B_count_2_3,B_count_4_5,B_count_6_8,E_count_eq_1,E_count_eq_2,P_E_count",24,107
count_plus_BE_count,239,0.3662759001283548,0.4348636297482473,0.7705144655287763,"intercept,P:9.9,P:9.6,P:10.0,B:9.0,B:9.7,B:10.1,B:10.2,B:10.6,B:10.10,B:11.2,B:11.9,E:10.7,E:11.10,P_count_eq_1,P_count_eq_2,P_count_eq_3,B_count_eq_1,B_count_2_3,B_count_4_5,B_count_6_8,E_count_eq_1,E_count_eq_2,B_E_count",24,107
count_plus_all_pairs,239,0.21794113636794865,0.26893758125196765,0.9122287807336296,"intercept,P:9.9,P:9.6,P:10.0,B:9.0,B:9.7,B:10.1,B:10.2,B:10.6,B:10.10,B:11.2,B:11.9,E:10.7,E:11.10,P_count_eq_1,P_count_eq_2,P_count_eq_3,B_count_eq_1,B_count_2_3,B_count_4_5,B_count_6_8,E_count_eq_1,E_count_eq_2,P_B_count,P_E_count,B_E_count",26,107
additive_head,239,0.4064706794345035,0.4758253713629165,0.7574233993278021,"intercept,P:9.9,P:9.6,P:10.0,B:9.0,B:9.7,B:10.1,B:10.2,B:10.6,B:10.10,B:11.2,B:11.9,E:10.7,E:11.10",14,108
count_additive,239,0.41065558181200723,0.4823369849775374,0.7507387067011638,"intercept,P:9.9,P:9.6,P:10.0,B:9.0,B:9.7,B:10.1,B:10.2,B:10.6,B:10.10,B:11.2,B:11.9,E:10.7,E:11.10,P_count_eq_1,P_count_eq_2,P_count_eq_3,B_count_eq_1,B_count_2_3,B_count_4_5,B_count_6_8,E_count_eq_1,E_count_eq_2",23,108
count_plus_PB_count,239,0.4026649182534134,0.4656198218706668,0.7677174227228941,"intercept,P:9.9,P:9.6,P:10.0,B:9.0,B:9.7,B:10.1,B:10.2,B:10.6,B:10.10,B:11.2,B:11.9,E:10.7,E:11.10,P_count_eq_1,P_count_eq_2,P_count_eq_3,B_count_eq_1,B_count_2_3,B_count_4_5,B_count_6_8,E_count_eq_1,E_count_eq_2,P_B_count",24,108
count_plus_PE_count,239,0.2710001143482505,0.32873815536575457,0.8842145619273164,"intercept,P:9.9,P:9.6,P:10.0,B:9.0,B:9.7,B:10.1,B:10.2,B:10.6,B:10.10,B:11.2,B:11.9,E:10.7,E:11.10,P_count_eq_1,P_count_eq_2,P_count_eq_3,B_count_eq_1,B_count_2_3,B_count_4_5,B_count_6_8,E_count_eq_1,E_count_eq_2,P_E_count",24,108
count_plus_BE_count,239,0.40886035586073644,0.4762647259174257,0.7569752250820703,"intercept,P:9.9,P:9.6,P:10.0,B:9.0,B:9.7,B:10.1,B:10.2,B:10.6,B:10.10,B:11.2,B:11.9,E:10.7,E:11.10,P_count_eq_1,P_count_eq_2,P_count_eq_3,B_count_eq_1,B_count_2_3,B_count_4_5,B_count_6_8,E_count_eq_1,E_count_eq_2,B_E_count",24,108
count_plus_all_pairs,239,0.24503680734473404,0.3030446910619038,0.9016063490349954,"intercept,P:9.9,P:9.6,P:10.0,B:9.0,B:9.7,B:10.1,B:10.2,B:10.6,B:10.10,B:11.2,B:11.9,E:10.7,E:11.10,P_count_eq_1,P_count_eq_2,P_count_eq_3,B_count_eq_1,B_count_2_3,B_count_4_5,B_count_6_8,E_count_eq_1,E_count_eq_2,P_B_count,P_E_count,B_E_count",26,108
additive_head,239,0.3906824105009734,0.4630646529163956,0.772908387861706,"intercept,P:9.9,P:9.6,P:10.0,B:9.0,B:9.7,B:10.1,B:10.2,B:10.6,B:10.10,B:11.2,B:11.9,E:10.7,E:11.10",14,109
count_additive,239,0.393951450925495,0.467678128557767,0.7683608561168124,"intercept,P:9.9,P:9.6,P:10.0,B:9.0,B:9.7,B:10.1,B:10.2,B:10.6,B:10.10,B:11.2,B:11.9,E:10.7,E:11.10,P_count_eq_1,P_count_eq_2,P_count_eq_3,B_count_eq_1,B_count_2_3,B_count_4_5,B_count_6_8,E_count_eq_1,E_count_eq_2",23,109
count_plus_PB_count,239,0.3823860414103076,0.44630111099701225,0.7890527992393708,"intercept,P:9.9,P:9.6,P:10.0,B:9.0,B:9.7,B:10.1,B:10.2,B:10.6,B:10.10,B:11.2,B:11.9,E:10.7,E:11.10,P_count_eq_1,P_count_eq_2,P_count_eq_3,B_count_eq_1,B_count_2_3,B_count_4_5,B_count_6_8,E_count_eq_1,E_count_eq_2,P_B_count",24,109
count_plus_PE_count,239,0.2610287405704965,0.3172718536733641,0.8933941780992135,"intercept,P:9.9,P:9.6,P:10.0,B:9.0,B:9.7,B:10.1,B:10.2,B:10.6,B:10.10,B:11.2,B:11.9,E:10.7,E:11.10,P_count_eq_1,P_count_eq_2,P_count_eq_3,B_count_eq_1,B_count_2_3,B_count_4_5,B_count_6_8,E_count_eq_1,E_count_eq_2,P_E_count",24,109
count_plus_BE_count,239,0.3903382798194376,0.4627785873159181,0.7731888801514278,"intercept,P:9.9,P:9.6,P:10.0,B:9.0,B:9.7,B:10.1,B:10.2,B:10.6,B:10.10,B:11.2,B:11.9,E:10.7,E:11.10,P_count_eq_1,P_count_eq_2,P_count_eq_3,B_count_eq_1,B_count_2_3,B_count_4_5,B_count_6_8,E_count_eq_1,E_count_eq_2,B_E_count",24,109
count_plus_all_pairs,239,0.23230212706207637,0.28645136125086834,0.9131000329756246,"intercept,P:9.9,P:9.6,P:10.0,B:9.0,B:9.7,B:10.1,B:10.2,B:10.6,B:10.10,B:11.2,B:11.9,E:10.7,E:11.10,P_count_eq_1,P_count_eq_2,P_count_eq_3,B_count_eq_1,B_count_2_3,B_count_4_5,B_count_6_8,E_count_eq_1,E_count_eq_2,P_B_count,P_E_count,B_E_count",26,109
additive_head,239,0.38314862651813064,0.45180834094113664,0.7503506350753842,"intercept,P:9.9,P:9.6,P:10.0,B:9.0,B:9.7,B:10.1,B:10.2,B:10.6,B:10.10,B:11.2,B:11.9,E:10.7,E:11.10",14,110
count_additive,239,0.3867189495966145,0.4571374784855429,0.7444266097968534,"intercept,P:9.9,P:9.6,P:10.0,B:9.0,B:9.7,B:10.1,B:10.2,B:10.6,B:10.10,B:11.2,B:11.9,E:10.7,E:11.10,P_count_eq_1,P_count_eq_2,P_count_eq_3,B_count_eq_1,B_count_2_3,B_count_4_5,B_count_6_8,E_count_eq_1,E_count_eq_2",23,110
count_plus_PB_count,239,0.37673770971004034,0.4377240331446152,0.765672768618897,"intercept,P:9.9,P:9.6,P:10.0,B:9.0,B:9.7,B:10.1,B:10.2,B:10.6,B:10.10,B:11.2,B:11.9,E:10.7,E:11.10,P_count_eq_1,P_count_eq_2,P_count_eq_3,B_count_eq_1,B_count_2_3,B_count_4_5,B_count_6_8,E_count_eq_1,E_count_eq_2,P_B_count",24,110
count_plus_PE_count,239,0.25831292388835203,0.31301871285023386,0.88017082215844,"intercept,P:9.9,P:9.6,P:10.0,B:9.0,B:9.7,B:10.1,B:10.2,B:10.6,B:10.10,B:11.2,B:11.9,E:10.7,E:11.10,P_count_eq_1,P_count_eq_2,P_count_eq_3,B_count_eq_1,B_count_2_3,B_count_4_5,B_count_6_8,E_count_eq_1,E_count_eq_2,P_E_count",24,110
count_plus_BE_count,239,0.3839268488042281,0.4525627208569143,0.7495162649384737,"intercept,P:9.9,P:9.6,P:10.0,B:9.0,B:9.7,B:10.1,B:10.2,B:10.6,B:10.10,B:11.2,B:11.9,E:10.7,E:11.10,P_count_eq_1,P_count_eq_2,P_count_eq_3,B_count_eq_1,B_count_2_3,B_count_4_5,B_count_6_8,E_count_eq_1,E_count_eq_2,B_E_count",24,110
count_plus_all_pairs,239,0.2315543491251752,0.2853456137656055,0.9004217753089794,"intercept,P:9.9,P:9.6,P:10.0,B:9.0,B:9.7,B:10.1,B:10.2,B:10.6,B:10.10,B:11.2,B:11.9,E:10.7,E:11.10,P_count_eq_1,P_count_eq_2,P_count_eq_3,B_count_eq_1,B_count_2_3,B_count_4_5,B_count_6_8,E_count_eq_1,E_count_eq_2,P_B_count,P_E_count,B_E_count",26,110
additive_head,239,0.3938771683532454,0.46656840631210894,0.7589970726858283,"intercept,P:9.9,P:9.6,P:10.0,B:9.0,B:9.7,B:10.1,B:10.2,B:10.6,B:10.10,B:11.2,B:11.9,E:10.7,E:11.10",14,111
count_additive,239,0.3972226444627738,0.47193563235550196,0.7534203673793548,"intercept,P:9.9,P:9.6,P:10.0,B:9.0,B:9.7,B:10.1,B:10.2,B:10.6,B:10.10,B:11.2,B:11.9,E:10.7,E:11.10,P_count_eq_1,P_count_eq_2,P_count_eq_3,B_count_eq_1,B_count_2_3,B_count_4_5,B_count_6_8,E_count_eq_1,E_count_eq_2",23,111
count_plus_PB_count,239,0.385826969465521,0.4511796694158732,0.7746328011753624,"intercept,P:9.9,P:9.6,P:10.0,B:9.0,B:9.7,B:10.1,B:10.2,B:10.6,B:10.10,B:11.2,B:11.9,E:10.7,E:11.10,P_count_eq_1,P_count_eq_2,P_count_eq_3,B_count_eq_1,B_count_2_3,B_count_4_5,B_count_6_8,E_count_eq_1,E_count_eq_2,P_B_count",24,111
count_plus_PE_count,239,0.2636608978088971,0.3215339846379006,0.8855421909249471,"intercept,P:9.9,P:9.6,P:10.0,B:9.0,B:9.7,B:10.1,B:10.2,B:10.6,B:10.10,B:11.2,B:11.9,E:10.7,E:11.10,P_count_eq_1,P_count_eq_2,P_count_eq_3,B_count_eq_1,B_count_2_3,B_count_4_5,B_count_6_8,E_count_eq_1,E_count_eq_2,P_E_count",24,111
count_plus_BE_count,239,0.3936542496071636,0.46613010953994505,0.7594496587959606,"intercept,P:9.9,P:9.6,P:10.0,B:9.0,B:9.7,B:10.1,B:10.2,B:10.6,B:10.10,B:11.2,B:11.9,E:10.7,E:11.10,P_count_eq_1,P_count_eq_2,P_count_eq_3,B_count_eq_1,B_count_2_3,B_count_4_5,B_count_6_8,E_count_eq_1,E_count_eq_2,B_E_count",24,111
count_plus_all_pairs,239,0.2348022521043105,0.2908378496608489,0.9063530767499989,"intercept,P:9.9,P:9.6,P:10.0,B:9.0,B:9.7,B:10.1,B:10.2,B:10.6,B:10.10,B:11.2,B:11.9,E:10.7,E:11.10,P_count_eq_1,P_count_eq_2,P_count_eq_3,B_count_eq_1,B_count_2_3,B_count_4_5,B_count_6_8,E_count_eq_1,E_count_eq_2,P_B_count,P_E_count,B_E_count",26,111
additive_head,239,0.376750444250323,0.4440352207959548,0.7598479741307782,"intercept,P:9.9,P:9.6,P:10.0,B:9.0,B:9.7,B:10.1,B:10.2,B:10.6,B:10.10,B:11.2,B:11.9,E:10.7,E:11.10",14,112
count_additive,239,0.37988777049637307,0.4490340917855809,0.7544103584353014,"intercept,P:9.9,P:9.6,P:10.0,B:9.0,B:9.7,B:10.1,B:10.2,B:10.6,B:10.10,B:11.2,B:11.9,E:10.7,E:11.10,P_count_eq_1,P_count_eq_2,P_count_eq_3,B_count_eq_1,B_count_2_3,B_count_4_5,B_count_6_8,E_count_eq_1,E_count_eq_2",23,112
count_plus_PB_count,239,0.37014461055986936,0.4303114589508052,0.7744632916011281,"intercept,P:9.9,P:9.6,P:10.0,B:9.0,B:9.7,B:10.1,B:10.2,B:10.6,B:10.10,B:11.2,B:11.9,E:10.7,E:11.10,P_count_eq_1,P_count_eq_2,P_count_eq_3,B_count_eq_1,B_count_2_3,B_count_4_5,B_count_6_8,E_count_eq_1,E_count_eq_2,P_B_count",24,112
count_plus_PE_count,239,0.2532458081621424,0.30742818777782727,0.8848831796716403,"intercept,P:9.9,P:9.6,P:10.0,B:9.0,B:9.7,B:10.1,B:10.2,B:10.6,B:10.10,B:11.2,B:11.9,E:10.7,E:11.10,P_count_eq_1,P_count_eq_2,P_count_eq_3,B_count_eq_1,B_count_2_3,B_count_4_5,B_count_6_8,E_count_eq_1,E_count_eq_2,P_E_count",24,112
count_plus_BE_count,239,0.3768379098526052,0.4438229820283673,0.7600774937115149,"intercept,P:9.9,P:9.6,P:10.0,B:9.0,B:9.7,B:10.1,B:10.2,B:10.6,B:10.10,B:11.2,B:11.9,E:10.7,E:11.10,P_count_eq_1,P_count_eq_2,P_count_eq_3,B_count_eq_1,B_count_2_3,B_count_4_5,B_count_6_8,E_count_eq_1,E_count_eq_2,B_E_count",24,112
count_plus_all_pairs,239,0.22665249527229353,0.27991015360600746,0.9045691657392125,"intercept,P:9.9,P:9.6,P:10.0,B:9.0,B:9.7,B:10.1,B:10.2,B:10.6,B:10.10,B:11.2,B:11.9,E:10.7,E:11.10,P_count_eq_1,P_count_eq_2,P_count_eq_3,B_count_eq_1,B_count_2_3,B_count_4_5,B_count_6_8,E_count_eq_1,E_count_eq_2,P_B_count,P_E_count,B_E_count",26,112
additive_head,239,0.3920932448953719,0.464198614035816,0.7589863128758154,"intercept,P:9.9,P:9.6,P:10.0,B:9.0,B:9.7,B:10.1,B:10.2,B:10.6,B:10.10,B:11.2,B:11.9,E:10.7,E:11.10",14,113
count_additive,239,0.3949412918053729,0.4687491794393745,0.754237809725385,"intercept,P:9.9,P:9.6,P:10.0,B:9.0,B:9.7,B:10.1,B:10.2,B:10.6,B:10.10,B:11.2,B:11.9,E:10.7,E:11.10,P_count_eq_1,P_count_eq_2,P_count_eq_3,B_count_eq_1,B_count_2_3,B_count_4_5,B_count_6_8,E_count_eq_1,E_count_eq_2",23,113
count_plus_PB_count,239,0.38377017624081133,0.44787523279384295,0.7756386101257859,"intercept,P:9.9,P:9.6,P:10.0,B:9.0,B:9.7,B:10.1,B:10.2,B:10.6,B:10.10,B:11.2,B:11.9,E:10.7,E:11.10,P_count_eq_1,P_count_eq_2,P_count_eq_3,B_count_eq_1,B_count_2_3,B_count_4_5,B_count_6_8,E_count_eq_1,E_count_eq_2,P_B_count",24,113
count_plus_PE_count,239,0.2620200042266595,0.3185557985672581,0.8864975966637436,"intercept,P:9.9,P:9.6,P:10.0,B:9.0,B:9.7,B:10.1,B:10.2,B:10.6,B:10.10,B:11.2,B:11.9,E:10.7,E:11.10,P_count_eq_1,P_count_eq_2,P_count_eq_3,B_count_eq_1,B_count_2_3,B_count_4_5,B_count_6_8,E_count_eq_1,E_count_eq_2,P_E_count",24,113
count_plus_BE_count,239,0.3918210001195134,0.46389176544239524,0.7593048414778476,"intercept,P:9.9,P:9.6,P:10.0,B:9.0,B:9.7,B:10.1,B:10.2,B:10.6,B:10.10,B:11.2,B:11.9,E:10.7,E:11.10,P_count_eq_1,P_count_eq_2,P_count_eq_3,B_count_eq_1,B_count_2_3,B_count_4_5,B_count_6_8,E_count_eq_1,E_count_eq_2,B_E_count",24,113
count_plus_all_pairs,239,0.23358325996826212,0.28859707239055393,0.9068424903320328,"intercept,P:9.9,P:9.6,P:10.0,B:9.0,B:9.7,B:10.1,B:10.2,B:10.6,B:10.10,B:11.2,B:11.9,E:10.7,E:11.10,P_count_eq_1,P_count_eq_2,P_count_eq_3,B_count_eq_1,B_count_2_3,B_count_4_5,B_count_6_8,E_count_eq_1,E_count_eq_2,P_B_count,P_E_count,B_E_count",26,113
additive_head,239,0.3786603967066447,0.44617609778392053,0.7591134134503169,"intercept,P:9.9,P:9.6,P:10.0,B:9.0,B:9.7,B:10.1,B:10.2,B:10.6,B:10.10,B:11.2,B:11.9,E:10.7,E:11.10",14,114
count_additive,239,0.38197723994886046,0.451266529124461,0.7535854992482711,"intercept,P:9.9,P:9.6,P:10.0,B:9.0,B:9.7,B:10.1,B:10.2,B:10.6,B:10.10,B:11.2,B:11.9,E:10.7,E:11.10,P_count_eq_1,P_count_eq_2,P_count_eq_3,B_count_eq_1,B_count_2_3,B_count_4_5,B_count_6_8,E_count_eq_1,E_count_eq_2",23,114
count_plus_PB_count,239,0.37250998096396964,0.4329215116341008,0.7732128996603128,"intercept,P:9.9,P:9.6,P:10.0,B:9.0,B:9.7,B:10.1,B:10.2,B:10.6,B:10.10,B:11.2,B:11.9,E:10.7,E:11.10,P_count_eq_1,P_count_eq_2,P_count_eq_3,B_count_eq_1,B_count_2_3,B_count_4_5,B_count_6_8,E_count_eq_1,E_count_eq_2,P_B_count",24,114
count_plus_PE_count,239,0.2551652329850676,0.3092951795949707,0.8842432516299719,"intercept,P:9.9,P:9.6,P:10.0,B:9.0,B:9.7,B:10.1,B:10.2,B:10.6,B:10.10,B:11.2,B:11.9,E:10.7,E:11.10,P_count_eq_1,P_count_eq_2,P_count_eq_3,B_count_eq_1,B_count_2_3,B_count_4_5,B_count_6_8,E_count_eq_1,E_count_eq_2,P_E_count",24,114
count_plus_BE_count,239,0.37902527011412956,0.4459788591059701,0.7593263412623702,"intercept,P:9.9,P:9.6,P:10.0,B:9.0,B:9.7,B:10.1,B:10.2,B:10.6,B:10.10,B:11.2,B:11.9,E:10.7,E:11.10,P_count_eq_1,P_count_eq_2,P_count_eq_3,B_count_eq_1,B_count_2_3,B_count_4_5,B_count_6_8,E_count_eq_1,E_count_eq_2,B_E_count",24,114
count_plus_all_pairs,239,0.22914419840939837,0.28220619138276953,0.9036319455904198,"intercept,P:9.9,P:9.6,P:10.0,B:9.0,B:9.7,B:10.1,B:10.2,B:10.6,B:10.10,B:11.2,B:11.9,E:10.7,E:11.10,P_count_eq_1,P_count_eq_2,P_count_eq_3,B_count_eq_1,B_count_2_3,B_count_4_5,B_count_6_8,E_count_eq_1,E_count_eq_2,P_B_count,P_E_count,B_E_count",26,114
additive_head,239,0.39862484273741233,0.4697367172005307,0.7550303467697667,"intercept,P:9.9,P:9.6,P:10.0,B:9.0,B:9.7,B:10.1,B:10.2,B:10.6,B:10.10,B:11.2,B:11.9,E:10.7,E:11.10",14,115
count_additive,239,0.402566403379593,0.4753802459025964,0.7491087399641931,"intercept,P:9.9,P:9.6,P:10.0,B:9.0,B:9.7,B:10.1,B:10.2,B:10.6,B:10.10,B:11.2,B:11.9,E:10.7,E:11.10,P_count_eq_1,P_count_eq_2,P_count_eq_3,B_count_eq_1,B_count_2_3,B_count_4_5,B_count_6_8,E_count_eq_1,E_count_eq_2",23,115
count_plus_PB_count,239,0.3912879804499871,0.4547013362511658,0.7704613982940636,"intercept,P:9.9,P:9.6,P:10.0,B:9.0,B:9.7,B:10.1,B:10.2,B:10.6,B:10.10,B:11.2,B:11.9,E:10.7,E:11.10,P_count_eq_1,P_count_eq_2,P_count_eq_3,B_count_eq_1,B_count_2_3,B_count_4_5,B_count_6_8,E_count_eq_1,E_count_eq_2,P_B_count",24,115
count_plus_PE_count,239,0.2700168865784495,0.3263808532034902,0.8817359854022098,"intercept,P:9.9,P:9.6,P:10.0,B:9.0,B:9.7,B:10.1,B:10.2,B:10.6,B:10.10,B:11.2,B:11.9,E:10.7,E:11.10,P_count_eq_1,P_count_eq_2,P_count_eq_3,B_count_eq_1,B_count_2_3,B_count_4_5,B_count_6_8,E_count_eq_1,E_count_eq_2,P_E_count",24,115
count_plus_BE_count,239,0.3997137323643405,0.47083308162369,0.7538854950662116,"intercept,P:9.9,P:9.6,P:10.0,B:9.0,B:9.7,B:10.1,B:10.2,B:10.6,B:10.10,B:11.2,B:11.9,E:10.7,E:11.10,P_count_eq_1,P_count_eq_2,P_count_eq_3,B_count_eq_1,B_count_2_3,B_count_4_5,B_count_6_8,E_count_eq_1,E_count_eq_2,B_E_count",24,115
count_plus_all_pairs,239,0.24137953575897292,0.29729884357700476,0.9018727313493567,"intercept,P:9.9,P:9.6,P:10.0,B:9.0,B:9.7,B:10.1,B:10.2,B:10.6,B:10.10,B:11.2,B:11.9,E:10.7,E:11.10,P_count_eq_1,P_count_eq_2,P_count_eq_3,B_count_eq_1,B_count_2_3,B_count_4_5,B_count_6_8,E_count_eq_1,E_count_eq_2,P_B_count,P_E_count,B_E_count",26,115
additive_head,239,0.3952518860871865,0.46344342815147205,0.7601391441092478,"intercept,P:9.9,P:9.6,P:10.0,B:9.0,B:9.7,B:10.1,B:10.2,B:10.6,B:10.10,B:11.2,B:11.9,E:10.7,E:11.10",14,116
count_additive,239,0.398224970001458,0.46864507794609156,0.7547245714603728,"intercept,P:9.9,P:9.6,P:10.0,B:9.0,B:9.7,B:10.1,B:10.2,B:10.6,B:10.10,B:11.2,B:11.9,E:10.7,E:11.10,P_count_eq_1,P_count_eq_2,P_count_eq_3,B_count_eq_1,B_count_2_3,B_count_4_5,B_count_6_8,E_count_eq_1,E_count_eq_2",23,116
count_plus_PB_count,239,0.3903137731268543,0.45163687443671957,0.7722047261604437,"intercept,P:9.9,P:9.6,P:10.0,B:9.0,B:9.7,B:10.1,B:10.2,B:10.6,B:10.10,B:11.2,B:11.9,E:10.7,E:11.10,P_count_eq_1,P_count_eq_2,P_count_eq_3,B_count_eq_1,B_count_2_3,B_count_4_5,B_count_6_8,E_count_eq_1,E_count_eq_2,P_B_count",24,116
count_plus_PE_count,239,0.2619780335424586,0.3171720162053463,0.8876545084346783,"intercept,P:9.9,P:9.6,P:10.0,B:9.0,B:9.7,B:10.1,B:10.2,B:10.6,B:10.10,B:11.2,B:11.9,E:10.7,E:11.10,P_count_eq_1,P_count_eq_2,P_count_eq_3,B_count_eq_1,B_count_2_3,B_count_4_5,B_count_6_8,E_count_eq_1,E_count_eq_2,P_E_count",24,116
count_plus_BE_count,239,0.3965973943448988,0.46373613828897126,0.7598360569490404,"intercept,P:9.9,P:9.6,P:10.0,B:9.0,B:9.7,B:10.1,B:10.2,B:10.6,B:10.10,B:11.2,B:11.9,E:10.7,E:11.10,P_count_eq_1,P_count_eq_2,P_count_eq_3,B_count_eq_1,B_count_2_3,B_count_4_5,B_count_6_8,E_count_eq_1,E_count_eq_2,B_E_count",24,116
count_plus_all_pairs,239,0.23635855078105827,0.29216610674579246,0.9046708787299336,"intercept,P:9.9,P:9.6,P:10.0,B:9.0,B:9.7,B:10.1,B:10.2,B:10.6,B:10.10,B:11.2,B:11.9,E:10.7,E:11.10,P_count_eq_1,P_count_eq_2,P_count_eq_3,B_count_eq_1,B_count_2_3,B_count_4_5,B_count_6_8,E_count_eq_1,E_count_eq_2,P_B_count,P_E_count,B_E_count",26,116
additive_head,239,0.3893215612147723,0.4604708334646999,0.7678670072813965,"intercept,P:9.9,P:9.6,P:10.0,B:9.0,B:9.7,B:10.1,B:10.2,B:10.6,B:10.10,B:11.2,B:11.9,E:10.7,E:11.10",14,117
count_additive,239,0.39243506121005456,0.465628771539096,0.7626374317566594,"intercept,P:9.9,P:9.6,P:10.0,B:9.0,B:9.7,B:10.1,B:10.2,B:10.6,B:10.10,B:11.2,B:11.9,E:10.7,E:11.10,P_count_eq_1,P_count_eq_2,P_count_eq_3,B_count_eq_1,B_count_2_3,B_count_4_5,B_count_6_8,E_count_eq_1,E_count_eq_2",23,117
count_plus_PB_count,239,0.3812403721292808,0.44595090711019636,0.7822757917091231,"intercept,P:9.9,P:9.6,P:10.0,B:9.0,B:9.7,B:10.1,B:10.2,B:10.6,B:10.10,B:11.2,B:11.9,E:10.7,E:11.10,P_count_eq_1,P_count_eq_2,P_count_eq_3,B_count_eq_1,B_count_2_3,B_count_4_5,B_count_6_8,E_count_eq_1,E_count_eq_2,P_B_count",24,117
count_plus_PE_count,239,0.26055322193563735,0.31678765387564906,0.8901325330454564,"intercept,P:9.9,P:9.6,P:10.0,B:9.0,B:9.7,B:10.1,B:10.2,B:10.6,B:10.10,B:11.2,B:11.9,E:10.7,E:11.10,P_count_eq_1,P_count_eq_2,P_count_eq_3,B_count_eq_1,B_count_2_3,B_count_4_5,B_count_6_8,E_count_eq_1,E_count_eq_2,P_E_count",24,117
count_plus_BE_count,239,0.38879101339264605,0.4601100329619376,0.7682306389467234,"intercept,P:9.9,P:9.6,P:10.0,B:9.0,B:9.7,B:10.1,B:10.2,B:10.6,B:10.10,B:11.2,B:11.9,E:10.7,E:11.10,P_count_eq_1,P_count_eq_2,P_count_eq_3,B_count_eq_1,B_count_2_3,B_count_4_5,B_count_6_8,E_count_eq_1,E_count_eq_2,B_E_count",24,117
count_plus_all_pairs,239,0.23274107056244067,0.2875720547873644,0.9094630254145393,"intercept,P:9.9,P:9.6,P:10.0,B:9.0,B:9.7,B:10.1,B:10.2,B:10.6,B:10.10,B:11.2,B:11.9,E:10.7,E:11.10,P_count_eq_1,P_count_eq_2,P_count_eq_3,B_count_eq_1,B_count_2_3,B_count_4_5,B_count_6_8,E_count_eq_1,E_count_eq_2,P_B_count,P_E_count,B_E_count",26,117
additive_head,239,0.39597390617349876,0.4671369938078726,0.7557769012915159,"intercept,P:9.9,P:9.6,P:10.0,B:9.0,B:9.7,B:10.1,B:10.2,B:10.6,B:10.10,B:11.2,B:11.9,E:10.7,E:11.10",14,118
count_additive,239,0.39853040724207417,0.4719299338738554,0.7507396135650272,"intercept,P:9.9,P:9.6,P:10.0,B:9.0,B:9.7,B:10.1,B:10.2,B:10.6,B:10.10,B:11.2,B:11.9,E:10.7,E:11.10,P_count_eq_1,P_count_eq_2,P_count_eq_3,B_count_eq_1,B_count_2_3,B_count_4_5,B_count_6_8,E_count_eq_1,E_count_eq_2",23,118
count_plus_PB_count,239,0.3881784726728881,0.4526735676547906,0.7706659787261791,"intercept,P:9.9,P:9.6,P:10.0,B:9.0,B:9.7,B:10.1,B:10.2,B:10.6,B:10.10,B:11.2,B:11.9,E:10.7,E:11.10,P_count_eq_1,P_count_eq_2,P_count_eq_3,B_count_eq_1,B_count_2_3,B_count_4_5,B_count_6_8,E_count_eq_1,E_count_eq_2,P_B_count",24,118
count_plus_PE_count,239,0.2632951802782042,0.32026191425727263,0.8852087448760075,"intercept,P:9.9,P:9.6,P:10.0,B:9.0,B:9.7,B:10.1,B:10.2,B:10.6,B:10.10,B:11.2,B:11.9,E:10.7,E:11.10,P_count_eq_1,P_count_eq_2,P_count_eq_3,B_count_eq_1,B_count_2_3,B_count_4_5,B_count_6_8,E_count_eq_1,E_count_eq_2,P_E_count",24,118
count_plus_BE_count,239,0.39493634419110996,0.465785107655805,0.7571884104988966,"intercept,P:9.9,P:9.6,P:10.0,B:9.0,B:9.7,B:10.1,B:10.2,B:10.6,B:10.10,B:11.2,B:11.9,E:10.7,E:11.10,P_count_eq_1,P_count_eq_2,P_count_eq_3,B_count_eq_1,B_count_2_3,B_count_4_5,B_count_6_8,E_count_eq_1,E_count_eq_2,B_E_count",24,118
count_plus_all_pairs,239,0.23562959332993957,0.29095552463550584,0.9052560624445918,"intercept,P:9.9,P:9.6,P:10.0,B:9.0,B:9.7,B:10.1,B:10.2,B:10.6,B:10.10,B:11.2,B:11.9,E:10.7,E:11.10,P_count_eq_1,P_count_eq_2,P_count_eq_3,B_count_eq_1,B_count_2_3,B_count_4_5,B_count_6_8,E_count_eq_1,E_count_eq_2,P_B_count,P_E_count,B_E_count",26,118
additive_head,239,0.3889695083071545,0.45956644950749387,0.7685209376552771,"intercept,P:9.9,P:9.6,P:10.0,B:9.0,B:9.7,B:10.1,B:10.2,B:10.6,B:10.10,B:11.2,B:11.9,E:10.7,E:11.10",14,119
count_additive,239,0.39190926667177856,0.46465741575259245,0.7633639928953195,"intercept,P:9.9,P:9.6,P:10.0,B:9.0,B:9.7,B:10.1,B:10.2,B:10.6,B:10.10,B:11.2,B:11.9,E:10.7,E:11.10,P_count_eq_1,P_count_eq_2,P_count_eq_3,B_count_eq_1,B_count_2_3,B_count_4_5,B_count_6_8,E_count_eq_1,E_count_eq_2",23,119
count_plus_PB_count,239,0.38067842471287583,0.44449999375558596,0.7834497938023969,"intercept,P:9.9,P:9.6,P:10.0,B:9.0,B:9.7,B:10.1,B:10.2,B:10.6,B:10.10,B:11.2,B:11.9,E:10.7,E:11.10,P_count_eq_1,P_count_eq_2,P_count_eq_3,B_count_eq_1,B_count_2_3,B_count_4_5,B_count_6_8,E_count_eq_1,E_count_eq_2,P_B_count",24,119
count_plus_PE_count,239,0.26378917574011906,0.32053862496271673,0.8873902945940191,"intercept,P:9.9,P:9.6,P:10.0,B:9.0,B:9.7,B:10.1,B:10.2,B:10.6,B:10.10,B:11.2,B:11.9,E:10.7,E:11.10,P_count_eq_1,P_count_eq_2,P_count_eq_3,B_count_eq_1,B_count_2_3,B_count_4_5,B_count_6_8,E_count_eq_1,E_count_eq_2,P_E_count",24,119
count_plus_BE_count,239,0.3873463925635567,0.45826806802518605,0.7698270537541968,"intercept,P:9.9,P:9.6,P:10.0,B:9.0,B:9.7,B:10.1,B:10.2,B:10.6,B:10.10,B:11.2,B:11.9,E:10.7,E:11.10,P_count_eq_1,P_count_eq_2,P_count_eq_3,B_count_eq_1,B_count_2_3,B_count_4_5,B_count_6_8,E_count_eq_1,E_count_eq_2,B_E_count",24,119
count_plus_all_pairs,239,0.23538995195909937,0.29018569788283444,0.9077073553069761,"intercept,P:9.9,P:9.6,P:10.0,B:9.0,B:9.7,B:10.1,B:10.2,B:10.6,B:10.10,B:11.2,B:11.9,E:10.7,E:11.10,P_count_eq_1,P_count_eq_2,P_count_eq_3,B_count_eq_1,B_count_2_3,B_count_4_5,B_count_6_8,E_count_eq_1,E_count_eq_2,P_B_count,P_E_count,B_E_count",26,119
additive_head,239,0.3943402877063068,0.4619621681056746,0.7500000777162804,"intercept,P:9.9,P:9.6,P:10.0,B:9.0,B:9.7,B:10.1,B:10.2,B:10.6,B:10.10,B:11.2,B:11.9,E:10.7,E:11.10",14,120
count_additive,239,0.39761615822313195,0.4676328236682327,0.743824834091723,"intercept,P:9.9,P:9.6,P:10.0,B:9.0,B:9.7,B:10.1,B:10.2,B:10.6,B:10.10,B:11.2,B:11.9,E:10.7,E:11.10,P_count_eq_1,P_count_eq_2,P_count_eq_3,B_count_eq_1,B_count_2_3,B_count_4_5,B_count_6_8,E_count_eq_1,E_count_eq_2",23,120
count_plus_PB_count,239,0.38860107042621544,0.4493598607132689,0.7634540022949028,"intercept,P:9.9,P:9.6,P:10.0,B:9.0,B:9.7,B:10.1,B:10.2,B:10.6,B:10.10,B:11.2,B:11.9,E:10.7,E:11.10,P_count_eq_1,P_count_eq_2,P_count_eq_3,B_count_eq_1,B_count_2_3,B_count_4_5,B_count_6_8,E_count_eq_1,E_count_eq_2,P_B_count",24,120
count_plus_PE_count,239,0.2643743529256435,0.3195234704717763,0.8803996140851664,"intercept,P:9.9,P:9.6,P:10.0,B:9.0,B:9.7,B:10.1,B:10.2,B:10.6,B:10.10,B:11.2,B:11.9,E:10.7,E:11.10,P_count_eq_1,P_count_eq_2,P_count_eq_3,B_count_eq_1,B_count_2_3,B_count_4_5,B_count_6_8,E_count_eq_1,E_count_eq_2,P_E_count",24,120
count_plus_BE_count,239,0.3956881808887838,0.4624595317013948,0.7494614717282289,"intercept,P:9.9,P:9.6,P:10.0,B:9.0,B:9.7,B:10.1,B:10.2,B:10.6,B:10.10,B:11.2,B:11.9,E:10.7,E:11.10,P_count_eq_1,P_count_eq_2,P_count_eq_3,B_count_eq_1,B_count_2_3,B_count_4_5,B_count_6_8,E_count_eq_1,E_count_eq_2,B_E_count",24,120
count_plus_all_pairs,239,0.23745034651978558,0.29282225337434487,0.8995534075041104,"intercept,P:9.9,P:9.6,P:10.0,B:9.0,B:9.7,B:10.1,B:10.2,B:10.6,B:10.10,B:11.2,B:11.9,E:10.7,E:11.10,P_count_eq_1,P_count_eq_2,P_count_eq_3,B_count_eq_1,B_count_2_3,B_count_4_5,B_count_6_8,E_count_eq_1,E_count_eq_2,P_B_count,P_E_count,B_E_count",26,120
additive_head,239,0.3753148308575194,0.4441388290963327,0.7702388799907267,"intercept,P:9.9,P:9.6,P:10.0,B:9.0,B:9.7,B:10.1,B:10.2,B:10.6,B:10.10,B:11.2,B:11.9,E:10.7,E:11.10",14,121
count_additive,239,0.37781693405330036,0.4487491467630908,0.7654441199377232,"intercept,P:9.9,P:9.6,P:10.0,B:9.0,B:9.7,B:10.1,B:10.2,B:10.6,B:10.10,B:11.2,B:11.9,E:10.7,E:11.10,P_count_eq_1,P_count_eq_2,P_count_eq_3,B_count_eq_1,B_count_2_3,B_count_4_5,B_count_6_8,E_count_eq_1,E_count_eq_2",23,121
count_plus_PB_count,239,0.3664326802181635,0.428197764295796,0.7864360996222639,"intercept,P:9.9,P:9.6,P:10.0,B:9.0,B:9.7,B:10.1,B:10.2,B:10.6,B:10.10,B:11.2,B:11.9,E:10.7,E:11.10,P_count_eq_1,P_count_eq_2,P_count_eq_3,B_count_eq_1,B_count_2_3,B_count_4_5,B_count_6_8,E_count_eq_1,E_count_eq_2,P_B_count",24,121
count_plus_PE_count,239,0.251093371451133,0.3050006546439932,0.8916470858758058,"intercept,P:9.9,P:9.6,P:10.0,B:9.0,B:9.7,B:10.1,B:10.2,B:10.6,B:10.10,B:11.2,B:11.9,E:10.7,E:11.10,P_count_eq_1,P_count_eq_2,P_count_eq_3,B_count_eq_1,B_count_2_3,B_count_4_5,B_count_6_8,E_count_eq_1,E_count_eq_2,P_E_count",24,121
count_plus_BE_count,239,0.3744360436206663,0.4442946069910952,0.7700776782310739,"intercept,P:9.9,P:9.6,P:10.0,B:9.0,B:9.7,B:10.1,B:10.2,B:10.6,B:10.10,B:11.2,B:11.9,E:10.7,E:11.10,P_count_eq_1,P_count_eq_2,P_count_eq_3,B_count_eq_1,B_count_2_3,B_count_4_5,B_count_6_8,E_count_eq_1,E_count_eq_2,B_E_count",24,121
count_plus_all_pairs,239,0.22334987305379755,0.2759015304631987,0.9113360098055074,"intercept,P:9.9,P:9.6,P:10.0,B:9.0,B:9.7,B:10.1,B:10.2,B:10.6,B:10.10,B:11.2,B:11.9,E:10.7,E:11.10,P_count_eq_1,P_count_eq_2,P_count_eq_3,B_count_eq_1,B_count_2_3,B_count_4_5,B_count_6_8,E_count_eq_1,E_count_eq_2,P_B_count,P_E_count,B_E_count",26,121
additive_head,239,0.3707783239010049,0.4362516100705791,0.7736401867011963,"intercept,P:9.9,P:9.6,P:10.0,B:9.0,B:9.7,B:10.1,B:10.2,B:10.6,B:10.10,B:11.2,B:11.9,E:10.7,E:11.10",14,122
count_additive,239,0.37332467906628974,0.4404110209673167,0.7693031853125342,"intercept,P:9.9,P:9.6,P:10.0,B:9.0,B:9.7,B:10.1,B:10.2,B:10.6,B:10.10,B:11.2,B:11.9,E:10.7,E:11.10,P_count_eq_1,P_count_eq_2,P_count_eq_3,B_count_eq_1,B_count_2_3,B_count_4_5,B_count_6_8,E_count_eq_1,E_count_eq_2",23,122
count_plus_PB_count,239,0.36391161561408847,0.4227406316036742,0.7874440701775958,"intercept,P:9.9,P:9.6,P:10.0,B:9.0,B:9.7,B:10.1,B:10.2,B:10.6,B:10.10,B:11.2,B:11.9,E:10.7,E:11.10,P_count_eq_1,P_count_eq_2,P_count_eq_3,B_count_eq_1,B_count_2_3,B_count_4_5,B_count_6_8,E_count_eq_1,E_count_eq_2,P_B_count",24,122
count_plus_PE_count,239,0.24805412389386716,0.3004618600895524,0.8926248102057183,"intercept,P:9.9,P:9.6,P:10.0,B:9.0,B:9.7,B:10.1,B:10.2,B:10.6,B:10.10,B:11.2,B:11.9,E:10.7,E:11.10,P_count_eq_1,P_count_eq_2,P_count_eq_3,B_count_eq_1,B_count_2_3,B_count_4_5,B_count_6_8,E_count_eq_1,E_count_eq_2,P_E_count",24,122
count_plus_BE_count,239,0.370425758363091,0.4355384700234127,0.7743796421097285,"intercept,P:9.9,P:9.6,P:10.0,B:9.0,B:9.7,B:10.1,B:10.2,B:10.6,B:10.10,B:11.2,B:11.9,E:10.7,E:11.10,P_count_eq_1,P_count_eq_2,P_count_eq_3,B_count_eq_1,B_count_2_3,B_count_4_5,B_count_6_8,E_count_eq_1,E_count_eq_2,B_E_count",24,122
count_plus_all_pairs,239,0.2228846089384558,0.2745588463956299,0.9103405388905492,"intercept,P:9.9,P:9.6,P:10.0,B:9.0,B:9.7,B:10.1,B:10.2,B:10.6,B:10.10,B:11.2,B:11.9,E:10.7,E:11.10,P_count_eq_1,P_count_eq_2,P_count_eq_3,B_count_eq_1,B_count_2_3,B_count_4_5,B_count_6_8,E_count_eq_1,E_count_eq_2,P_B_count,P_E_count,B_E_count",26,122
additive_head,239,0.36752426408382877,0.43376220473400534,0.7692191920247546,"intercept,P:9.9,P:9.6,P:10.0,B:9.0,B:9.7,B:10.1,B:10.2,B:10.6,B:10.10,B:11.2,B:11.9,E:10.7,E:11.10",14,123
count_additive,239,0.37068680015217226,0.4382990632263839,0.7643663237207305,"intercept,P:9.9,P:9.6,P:10.0,B:9.0,B:9.7,B:10.1,B:10.2,B:10.6,B:10.10,B:11.2,B:11.9,E:10.7,E:11.10,P_count_eq_1,P_count_eq_2,P_count_eq_3,B_count_eq_1,B_count_2_3,B_count_4_5,B_count_6_8,E_count_eq_1,E_count_eq_2",23,123
count_plus_PB_count,239,0.36095303564728864,0.41943450397781706,0.7842133453674329,"intercept,P:9.9,P:9.6,P:10.0,B:9.0,B:9.7,B:10.1,B:10.2,B:10.6,B:10.10,B:11.2,B:11.9,E:10.7,E:11.10,P_count_eq_1,P_count_eq_2,P_count_eq_3,B_count_eq_1,B_count_2_3,B_count_4_5,B_count_6_8,E_count_eq_1,E_count_eq_2,P_B_count",24,123
count_plus_PE_count,239,0.2466732773803255,0.2992880978177319,0.8901310013917846,"intercept,P:9.9,P:9.6,P:10.0,B:9.0,B:9.7,B:10.1,B:10.2,B:10.6,B:10.10,B:11.2,B:11.9,E:10.7,E:11.10,P_count_eq_1,P_count_eq_2,P_count_eq_3,B_count_eq_1,B_count_2_3,B_count_4_5,B_count_6_8,E_count_eq_1,E_count_eq_2,P_E_count",24,123
count_plus_BE_count,239,0.3675014578639239,0.4333837566399507,0.769621718826185,"intercept,P:9.9,P:9.6,P:10.0,B:9.0,B:9.7,B:10.1,B:10.2,B:10.6,B:10.10,B:11.2,B:11.9,E:10.7,E:11.10,P_count_eq_1,P_count_eq_2,P_count_eq_3,B_count_eq_1,B_count_2_3,B_count_4_5,B_count_6_8,E_count_eq_1,E_count_eq_2,B_E_count",24,123
count_plus_all_pairs,239,0.22016142649338052,0.2717364063067049,0.9094284230543707,"intercept,P:9.9,P:9.6,P:10.0,B:9.0,B:9.7,B:10.1,B:10.2,B:10.6,B:10.10,B:11.2,B:11.9,E:10.7,E:11.10,P_count_eq_1,P_count_eq_2,P_count_eq_3,B_count_eq_1,B_count_2_3,B_count_4_5,B_count_6_8,E_count_eq_1,E_count_eq_2,P_B_count,P_E_count,B_E_count",26,123
additive_head,239,0.382001511752237,0.4502969938138038,0.7593099978562368,"intercept,P:9.9,P:9.6,P:10.0,B:9.0,B:9.7,B:10.1,B:10.2,B:10.6,B:10.10,B:11.2,B:11.9,E:10.7,E:11.10",14,124
count_additive,239,0.38517644851484184,0.455241971419461,0.7539946532342189,"intercept,P:9.9,P:9.6,P:10.0,B:9.0,B:9.7,B:10.1,B:10.2,B:10.6,B:10.10,B:11.2,B:11.9,E:10.7,E:11.10,P_count_eq_1,P_count_eq_2,P_count_eq_3,B_count_eq_1,B_count_2_3,B_count_4_5,B_count_6_8,E_count_eq_1,E_count_eq_2",23,124
count_plus_PB_count,239,0.37532831100213726,0.4359718440192951,0.7743803918627484,"intercept,P:9.9,P:9.6,P:10.0,B:9.0,B:9.7,B:10.1,B:10.2,B:10.6,B:10.10,B:11.2,B:11.9,E:10.7,E:11.10,P_count_eq_1,P_count_eq_2,P_count_eq_3,B_count_eq_1,B_count_2_3,B_count_4_5,B_count_6_8,E_count_eq_1,E_count_eq_2,P_B_count",24,124
count_plus_PE_count,239,0.2556413203551914,0.3101924403606622,0.8857852023821704,"intercept,P:9.9,P:9.6,P:10.0,B:9.0,B:9.7,B:10.1,B:10.2,B:10.6,B:10.10,B:11.2,B:11.9,E:10.7,E:11.10,P_count_eq_1,P_count_eq_2,P_count_eq_3,B_count_eq_1,B_count_2_3,B_count_4_5,B_count_6_8,E_count_eq_1,E_count_eq_2,P_E_count",24,124
count_plus_BE_count,239,0.3825739163012123,0.45093790936686234,0.7586243537154513,"intercept,P:9.9,P:9.6,P:10.0,B:9.0,B:9.7,B:10.1,B:10.2,B:10.6,B:10.10,B:11.2,B:11.9,E:10.7,E:11.10,P_count_eq_1,P_count_eq_2,P_count_eq_3,B_count_eq_1,B_count_2_3,B_count_4_5,B_count_6_8,E_count_eq_1,E_count_eq_2,B_E_count",24,124
count_plus_all_pairs,239,0.22903646962319993,0.28297576462543694,0.9049486171091867,"intercept,P:9.9,P:9.6,P:10.0,B:9.0,B:9.7,B:10.1,B:10.2,B:10.6,B:10.10,B:11.2,B:11.9,E:10.7,E:11.10,P_count_eq_1,P_count_eq_2,P_count_eq_3,B_count_eq_1,B_count_2_3,B_count_4_5,B_count_6_8,E_count_eq_1,E_count_eq_2,P_B_count,P_E_count,B_E_count",26,124
additive_head,239,0.3891345917538453,0.46223049865065396,0.7661380355487268,"intercept,P:9.9,P:9.6,P:10.0,B:9.0,B:9.7,B:10.1,B:10.2,B:10.6,B:10.10,B:11.2,B:11.9,E:10.7,E:11.10",14,125
count_additive,239,0.39289170560739617,0.46735532547569575,0.7609235545972968,"intercept,P:9.9,P:9.6,P:10.0,B:9.0,B:9.7,B:10.1,B:10.2,B:10.6,B:10.10,B:11.2,B:11.9,E:10.7,E:11.10,P_count_eq_1,P_count_eq_2,P_count_eq_3,B_count_eq_1,B_count_2_3,B_count_4_5,B_count_6_8,E_count_eq_1,E_count_eq_2",23,125
count_plus_PB_count,239,0.3802316554980763,0.4453584597931471,0.7828990063356728,"intercept,P:9.9,P:9.6,P:10.0,B:9.0,B:9.7,B:10.1,B:10.2,B:10.6,B:10.10,B:11.2,B:11.9,E:10.7,E:11.10,P_count_eq_1,P_count_eq_2,P_count_eq_3,B_count_eq_1,B_count_2_3,B_count_4_5,B_count_6_8,E_count_eq_1,E_count_eq_2,P_B_count",24,125
count_plus_PE_count,239,0.26328753292038776,0.32011717823791974,0.88783422573809,"intercept,P:9.9,P:9.6,P:10.0,B:9.0,B:9.7,B:10.1,B:10.2,B:10.6,B:10.10,B:11.2,B:11.9,E:10.7,E:11.10,P_count_eq_1,P_count_eq_2,P_count_eq_3,B_count_eq_1,B_count_2_3,B_count_4_5,B_count_6_8,E_count_eq_1,E_count_eq_2,P_E_count",24,125
count_plus_BE_count,239,0.38960738807619816,0.46268477757209187,0.7656781318133563,"intercept,P:9.9,P:9.6,P:10.0,B:9.0,B:9.7,B:10.1,B:10.2,B:10.6,B:10.10,B:11.2,B:11.9,E:10.7,E:11.10,P_count_eq_1,P_count_eq_2,P_count_eq_3,B_count_eq_1,B_count_2_3,B_count_4_5,B_count_6_8,E_count_eq_1,E_count_eq_2,B_E_count",24,125
count_plus_all_pairs,239,0.2338800914227959,0.28881982773969805,0.9086946117033436,"intercept,P:9.9,P:9.6,P:10.0,B:9.0,B:9.7,B:10.1,B:10.2,B:10.6,B:10.10,B:11.2,B:11.9,E:10.7,E:11.10,P_count_eq_1,P_count_eq_2,P_count_eq_3,B_count_eq_1,B_count_2_3,B_count_4_5,B_count_6_8,E_count_eq_1,E_count_eq_2,P_B_count,P_E_count,B_E_count",26,125
additive_head,239,0.38159008024679014,0.4504863070807342,0.7579503520779741,"intercept,P:9.9,P:9.6,P:10.0,B:9.0,B:9.7,B:10.1,B:10.2,B:10.6,B:10.10,B:11.2,B:11.9,E:10.7,E:11.10",14,126
count_additive,239,0.38439340842841035,0.45533934166247125,0.7527071177734658,"intercept,P:9.9,P:9.6,P:10.0,B:9.0,B:9.7,B:10.1,B:10.2,B:10.6,B:10.10,B:11.2,B:11.9,E:10.7,E:11.10,P_count_eq_1,P_count_eq_2,P_count_eq_3,B_count_eq_1,B_count_2_3,B_count_4_5,B_count_6_8,E_count_eq_1,E_count_eq_2",23,126
count_plus_PB_count,239,0.37508536945705967,0.4364342863268301,0.7728153477531176,"intercept,P:9.9,P:9.6,P:10.0,B:9.0,B:9.7,B:10.1,B:10.2,B:10.6,B:10.10,B:11.2,B:11.9,E:10.7,E:11.10,P_count_eq_1,P_count_eq_2,P_count_eq_3,B_count_eq_1,B_count_2_3,B_count_4_5,B_count_6_8,E_count_eq_1,E_count_eq_2,P_B_count",24,126
count_plus_PE_count,239,0.2538001992807102,0.30835055983597026,0.8865953798459255,"intercept,P:9.9,P:9.6,P:10.0,B:9.0,B:9.7,B:10.1,B:10.2,B:10.6,B:10.10,B:11.2,B:11.9,E:10.7,E:11.10,P_count_eq_1,P_count_eq_2,P_count_eq_3,B_count_eq_1,B_count_2_3,B_count_4_5,B_count_6_8,E_count_eq_1,E_count_eq_2,P_E_count",24,126
count_plus_BE_count,239,0.3820270140527295,0.4509019853652392,0.7575034519121404,"intercept,P:9.9,P:9.6,P:10.0,B:9.0,B:9.7,B:10.1,B:10.2,B:10.6,B:10.10,B:11.2,B:11.9,E:10.7,E:11.10,P_count_eq_1,P_count_eq_2,P_count_eq_3,B_count_eq_1,B_count_2_3,B_count_4_5,B_count_6_8,E_count_eq_1,E_count_eq_2,B_E_count",24,126
count_plus_all_pairs,239,0.22742837523437484,0.28117855312314405,0.9057013122042855,"intercept,P:9.9,P:9.6,P:10.0,B:9.0,B:9.7,B:10.1,B:10.2,B:10.6,B:10.10,B:11.2,B:11.9,E:10.7,E:11.10,P_count_eq_1,P_count_eq_2,P_count_eq_3,B_count_eq_1,B_count_2_3,B_count_4_5,B_count_6_8,E_count_eq_1,E_count_eq_2,P_B_count,P_E_count,B_E_count",26,126
additive_head,239,0.3886425607054188,0.45938963980491276,0.7640422617422835,"intercept,P:9.9,P:9.6,P:10.0,B:9.0,B:9.7,B:10.1,B:10.2,B:10.6,B:10.10,B:11.2,B:11.9,E:10.7,E:11.10",14,127
count_additive,239,0.3919081711075196,0.4643264902458154,0.75894355153024,"intercept,P:9.9,P:9.6,P:10.0,B:9.0,B:9.7,B:10.1,B:10.2,B:10.6,B:10.10,B:11.2,B:11.9,E:10.7,E:11.10,P_count_eq_1,P_count_eq_2,P_count_eq_3,B_count_eq_1,B_count_2_3,B_count_4_5,B_count_6_8,E_count_eq_1,E_count_eq_2",23,127
count_plus_PB_count,239,0.38139670072020826,0.4451266419859613,0.778466704208692,"intercept,P:9.9,P:9.6,P:10.0,B:9.0,B:9.7,B:10.1,B:10.2,B:10.6,B:10.10,B:11.2,B:11.9,E:10.7,E:11.10,P_count_eq_1,P_count_eq_2,P_count_eq_3,B_count_eq_1,B_count_2_3,B_count_4_5,B_count_6_8,E_count_eq_1,E_count_eq_2,P_B_count",24,127
count_plus_PE_count,239,0.2594231514267636,0.3152224918698773,0.8889020035475094,"intercept,P:9.9,P:9.6,P:10.0,B:9.0,B:9.7,B:10.1,B:10.2,B:10.6,B:10.10,B:11.2,B:11.9,E:10.7,E:11.10,P_count_eq_1,P_count_eq_2,P_count_eq_3,B_count_eq_1,B_count_2_3,B_count_4_5,B_count_6_8,E_count_eq_1,E_count_eq_2,P_E_count",24,127
count_plus_BE_count,239,0.3881213869414134,0.4585908938473921,0.7648620731857805,"intercept,P:9.9,P:9.6,P:10.0,B:9.0,B:9.7,B:10.1,B:10.2,B:10.6,B:10.10,B:11.2,B:11.9,E:10.7,E:11.10,P_count_eq_1,P_count_eq_2,P_count_eq_3,B_count_eq_1,B_count_2_3,B_count_4_5,B_count_6_8,E_count_eq_1,E_count_eq_2,B_E_count",24,127
count_plus_all_pairs,239,0.23220012476167318,0.2863681988443291,0.9083101194135572,"intercept,P:9.9,P:9.6,P:10.0,B:9.0,B:9.7,B:10.1,B:10.2,B:10.6,B:10.10,B:11.2,B:11.9,E:10.7,E:11.10,P_count_eq_1,P_count_eq_2,P_count_eq_3,B_count_eq_1,B_count_2_3,B_count_4_5,B_count_6_8,E_count_eq_1,E_count_eq_2,P_B_count,P_E_count,B_E_count",26,127
additive_head,239,0.3863313485251635,0.4574429912516668,0.763450148934047,"intercept,P:9.9,P:9.6,P:10.0,B:9.0,B:9.7,B:10.1,B:10.2,B:10.6,B:10.10,B:11.2,B:11.9,E:10.7,E:11.10",14,128
count_additive,239,0.38948336441061704,0.4623572186289762,0.7583404245571236,"intercept,P:9.9,P:9.6,P:10.0,B:9.0,B:9.7,B:10.1,B:10.2,B:10.6,B:10.10,B:11.2,B:11.9,E:10.7,E:11.10,P_count_eq_1,P_count_eq_2,P_count_eq_3,B_count_eq_1,B_count_2_3,B_count_4_5,B_count_6_8,E_count_eq_1,E_count_eq_2",23,128
count_plus_PB_count,239,0.3786577596200853,0.4428411654935953,0.7783107197752014,"intercept,P:9.9,P:9.6,P:10.0,B:9.0,B:9.7,B:10.1,B:10.2,B:10.6,B:10.10,B:11.2,B:11.9,E:10.7,E:11.10,P_count_eq_1,P_count_eq_2,P_count_eq_3,B_count_eq_1,B_count_2_3,B_count_4_5,B_count_6_8,E_count_eq_1,E_count_eq_2,P_B_count",24,128
count_plus_PE_count,239,0.2569098557147851,0.31295203204542843,0.8892855581863305,"intercept,P:9.9,P:9.6,P:10.0,B:9.0,B:9.7,B:10.1,B:10.2,B:10.6,B:10.10,B:11.2,B:11.9,E:10.7,E:11.10,P_count_eq_1,P_count_eq_2,P_count_eq_3,B_count_eq_1,B_count_2_3,B_count_4_5,B_count_6_8,E_count_eq_1,E_count_eq_2,P_E_count",24,128
count_plus_BE_count,239,0.3853278563040188,0.4559519636852477,0.7649896961208419,"intercept,P:9.9,P:9.6,P:10.0,B:9.0,B:9.7,B:10.1,B:10.2,B:10.6,B:10.10,B:11.2,B:11.9,E:10.7,E:11.10,P_count_eq_1,P_count_eq_2,P_count_eq_3,B_count_eq_1,B_count_2_3,B_count_4_5,B_count_6_8,E_count_eq_1,E_count_eq_2,B_E_count",24,128
count_plus_all_pairs,239,0.22876420052891183,0.282890591929996,0.9095339283953999,"intercept,P:9.9,P:9.6,P:10.0,B:9.0,B:9.7,B:10.1,B:10.2,B:10.6,B:10.10,B:11.2,B:11.9,E:10.7,E:11.10,P_count_eq_1,P_count_eq_2,P_count_eq_3,B_count_eq_1,B_count_2_3,B_count_4_5,B_count_6_8,E_count_eq_1,E_count_eq_2,P_B_count,P_E_count,B_E_count",26,128
additive_head,239,0.3784359182303896,0.4479046161915045,0.766128165625797,"intercept,P:9.9,P:9.6,P:10.0,B:9.0,B:9.7,B:10.1,B:10.2,B:10.6,B:10.10,B:11.2,B:11.9,E:10.7,E:11.10",14,129
count_additive,239,0.3815558245886324,0.452088882874985,0.761738154973,"intercept,P:9.9,P:9.6,P:10.0,B:9.0,B:9.7,B:10.1,B:10.2,B:10.6,B:10.10,B:11.2,B:11.9,E:10.7,E:11.10,P_count_eq_1,P_count_eq_2,P_count_eq_3,B_count_eq_1,B_count_2_3,B_count_4_5,B_count_6_8,E_count_eq_1,E_count_eq_2",23,129
count_plus_PB_count,239,0.3707450912107989,0.43170387127846443,0.7827405220501982,"intercept,P:9.9,P:9.6,P:10.0,B:9.0,B:9.7,B:10.1,B:10.2,B:10.6,B:10.10,B:11.2,B:11.9,E:10.7,E:11.10,P_count_eq_1,P_count_eq_2,P_count_eq_3,B_count_eq_1,B_count_2_3,B_count_4_5,B_count_6_8,E_count_eq_1,E_count_eq_2,P_B_count",24,129
count_plus_PE_count,239,0.2530824577523007,0.30691349327992845,0.8901907791548841,"intercept,P:9.9,P:9.6,P:10.0,B:9.0,B:9.7,B:10.1,B:10.2,B:10.6,B:10.10,B:11.2,B:11.9,E:10.7,E:11.10,P_count_eq_1,P_count_eq_2,P_count_eq_3,B_count_eq_1,B_count_2_3,B_count_4_5,B_count_6_8,E_count_eq_1,E_count_eq_2,P_E_count",24,129
count_plus_BE_count,239,0.37861363128204023,0.44767737075719144,0.7663654162488313,"intercept,P:9.9,P:9.6,P:10.0,B:9.0,B:9.7,B:10.1,B:10.2,B:10.6,B:10.10,B:11.2,B:11.9,E:10.7,E:11.10,P_count_eq_1,P_count_eq_2,P_count_eq_3,B_count_eq_1,B_count_2_3,B_count_4_5,B_count_6_8,E_count_eq_1,E_count_eq_2,B_E_count",24,129
count_plus_all_pairs,239,0.22536708864395105,0.27781232173865256,0.9100274864996888,"intercept,P:9.9,P:9.6,P:10.0,B:9.0,B:9.7,B:10.1,B:10.2,B:10.6,B:10.10,B:11.2,B:11.9,E:10.7,E:11.10,P_count_eq_1,P_count_eq_2,P_count_eq_3,B_count_eq_1,B_count_2_3,B_count_4_5,B_count_6_8,E_count_eq_1,E_count_eq_2,P_B_count,P_E_count,B_E_count",26,129
additive_head,239,0.40314248633622096,0.4758318635845335,0.7632124391238663,"intercept,P:9.9,P:9.6,P:10.0,B:9.0,B:9.7,B:10.1,B:10.2,B:10.6,B:10.10,B:11.2,B:11.9,E:10.7,E:11.10",14,130
count_additive,239,0.40780907422092827,0.48190523490379183,0.7571292966668424,"intercept,P:9.9,P:9.6,P:10.0,B:9.0,B:9.7,B:10.1,B:10.2,B:10.6,B:10.10,B:11.2,B:11.9,E:10.7,E:11.10,P_count_eq_1,P_count_eq_2,P_count_eq_3,B_count_eq_1,B_count_2_3,B_count_4_5,B_count_6_8,E_count_eq_1,E_count_eq_2",23,130
count_plus_PB_count,239,0.39638806680294486,0.4610165814017698,0.7777279093897144,"intercept,P:9.9,P:9.6,P:10.0,B:9.0,B:9.7,B:10.1,B:10.2,B:10.6,B:10.10,B:11.2,B:11.9,E:10.7,E:11.10,P_count_eq_1,P_count_eq_2,P_count_eq_3,B_count_eq_1,B_count_2_3,B_count_4_5,B_count_6_8,E_count_eq_1,E_count_eq_2,P_B_count",24,130
count_plus_PE_count,239,0.2727478203543081,0.33043682628816107,0.8858098280311714,"intercept,P:9.9,P:9.6,P:10.0,B:9.0,B:9.7,B:10.1,B:10.2,B:10.6,B:10.10,B:11.2,B:11.9,E:10.7,E:11.10,P_count_eq_1,P_count_eq_2,P_count_eq_3,B_count_eq_1,B_count_2_3,B_count_4_5,B_count_6_8,E_count_eq_1,E_count_eq_2,P_E_count",24,130
count_plus_BE_count,239,0.40479840146713286,0.47701200619918993,0.7620364370717663,"intercept,P:9.9,P:9.6,P:10.0,B:9.0,B:9.7,B:10.1,B:10.2,B:10.6,B:10.10,B:11.2,B:11.9,E:10.7,E:11.10,P_count_eq_1,P_count_eq_2,P_count_eq_3,B_count_eq_1,B_count_2_3,B_count_4_5,B_count_6_8,E_count_eq_1,E_count_eq_2,B_E_count",24,130
count_plus_all_pairs,239,0.24398117998747199,0.3006620938975921,0.9054613932191192,"intercept,P:9.9,P:9.6,P:10.0,B:9.0,B:9.7,B:10.1,B:10.2,B:10.6,B:10.10,B:11.2,B:11.9,E:10.7,E:11.10,P_count_eq_1,P_count_eq_2,P_count_eq_3,B_count_eq_1,B_count_2_3,B_count_4_5,B_count_6_8,E_count_eq_1,E_count_eq_2,P_B_count,P_E_count,B_E_count",26,130
additive_head,239,0.37871278816428566,0.4480494471049314,0.7735363510087845,"intercept,P:9.9,P:9.6,P:10.0,B:9.0,B:9.7,B:10.1,B:10.2,B:10.6,B:10.10,B:11.2,B:11.9,E:10.7,E:11.10",14,131
count_additive,239,0.38155520830302875,0.45255753583243474,0.7689562571871509,"intercept,P:9.9,P:9.6,P:10.0,B:9.0,B:9.7,B:10.1,B:10.2,B:10.6,B:10.10,B:11.2,B:11.9,E:10.7,E:11.10,P_count_eq_1,P_count_eq_2,P_count_eq_3,B_count_eq_1,B_count_2_3,B_count_4_5,B_count_6_8,E_count_eq_1,E_count_eq_2",23,131
count_plus_PB_count,239,0.37061947295355757,0.432159420749636,0.7893145331970227,"intercept,P:9.9,P:9.6,P:10.0,B:9.0,B:9.7,B:10.1,B:10.2,B:10.6,B:10.10,B:11.2,B:11.9,E:10.7,E:11.10,P_count_eq_1,P_count_eq_2,P_count_eq_3,B_count_eq_1,B_count_2_3,B_count_4_5,B_count_6_8,E_count_eq_1,E_count_eq_2,P_B_count",24,131
count_plus_PE_count,239,0.2555160389644285,0.3102415135518487,0.8914208517992106,"intercept,P:9.9,P:9.6,P:10.0,B:9.0,B:9.7,B:10.1,B:10.2,B:10.6,B:10.10,B:11.2,B:11.9,E:10.7,E:11.10,P_count_eq_1,P_count_eq_2,P_count_eq_3,B_count_eq_1,B_count_2_3,B_count_4_5,B_count_6_8,E_count_eq_1,E_count_eq_2,P_E_count",24,131
count_plus_BE_count,239,0.3782550796170583,0.44816936978216926,0.773415106526668,"intercept,P:9.9,P:9.6,P:10.0,B:9.0,B:9.7,B:10.1,B:10.2,B:10.6,B:10.10,B:11.2,B:11.9,E:10.7,E:11.10,P_count_eq_1,P_count_eq_2,P_count_eq_3,B_count_eq_1,B_count_2_3,B_count_4_5,B_count_6_8,E_count_eq_1,E_count_eq_2,B_E_count",24,131
count_plus_all_pairs,239,0.22820209708770128,0.28148425452335346,0.9106170215035035,"intercept,P:9.9,P:9.6,P:10.0,B:9.0,B:9.7,B:10.1,B:10.2,B:10.6,B:10.10,B:11.2,B:11.9,E:10.7,E:11.10,P_count_eq_1,P_count_eq_2,P_count_eq_3,B_count_eq_1,B_count_2_3,B_count_4_5,B_count_6_8,E_count_eq_1,E_count_eq_2,P_B_count,P_E_count,B_E_count",26,131
additive_head,239,0.3649376580740938,0.4322519482437209,0.7615198810969813,"intercept,P:9.9,P:9.6,P:10.0,B:9.0,B:9.7,B:10.1,B:10.2,B:10.6,B:10.10,B:11.2,B:11.9,E:10.7,E:11.10",14,132
count_additive,239,0.36782869576073535,0.4369526896705691,0.7563047328488736,"intercept,P:9.9,P:9.6,P:10.0,B:9.0,B:9.7,B:10.1,B:10.2,B:10.6,B:10.10,B:11.2,B:11.9,E:10.7,E:11.10,P_count_eq_1,P_count_eq_2,P_count_eq_3,B_count_eq_1,B_count_2_3,B_count_4_5,B_count_6_8,E_count_eq_1,E_count_eq_2",23,132
count_plus_PB_count,239,0.35777492384361165,0.41781894332894337,0.7771798236816251,"intercept,P:9.9,P:9.6,P:10.0,B:9.0,B:9.7,B:10.1,B:10.2,B:10.6,B:10.10,B:11.2,B:11.9,E:10.7,E:11.10,P_count_eq_1,P_count_eq_2,P_count_eq_3,B_count_eq_1,B_count_2_3,B_count_4_5,B_count_6_8,E_count_eq_1,E_count_eq_2,P_B_count",24,132
count_plus_PE_count,239,0.244576926837123,0.29819545602329817,0.886504065963269,"intercept,P:9.9,P:9.6,P:10.0,B:9.0,B:9.7,B:10.1,B:10.2,B:10.6,B:10.10,B:11.2,B:11.9,E:10.7,E:11.10,P_count_eq_1,P_count_eq_2,P_count_eq_3,B_count_eq_1,B_count_2_3,B_count_4_5,B_count_6_8,E_count_eq_1,E_count_eq_2,P_E_count",24,132
count_plus_BE_count,239,0.36419514291408595,0.4311598435880079,0.7627234210032241,"intercept,P:9.9,P:9.6,P:10.0,B:9.0,B:9.7,B:10.1,B:10.2,B:10.6,B:10.10,B:11.2,B:11.9,E:10.7,E:11.10,P_count_eq_1,P_count_eq_2,P_count_eq_3,B_count_eq_1,B_count_2_3,B_count_4_5,B_count_6_8,E_count_eq_1,E_count_eq_2,B_E_count",24,132
count_plus_all_pairs,239,0.21769207788007502,0.2693977265100343,0.9073669180687928,"intercept,P:9.9,P:9.6,P:10.0,B:9.0,B:9.7,B:10.1,B:10.2,B:10.6,B:10.10,B:11.2,B:11.9,E:10.7,E:11.10,P_count_eq_1,P_count_eq_2,P_count_eq_3,B_count_eq_1,B_count_2_3,B_count_4_5,B_count_6_8,E_count_eq_1,E_count_eq_2,P_B_count,P_E_count,B_E_count",26,132
additive_head,239,0.37190902803880327,0.43733621641496095,0.7703288524717481,"intercept,P:9.9,P:9.6,P:10.0,B:9.0,B:9.7,B:10.1,B:10.2,B:10.6,B:10.10,B:11.2,B:11.9,E:10.7,E:11.10",14,133
count_additive,239,0.3746523019104529,0.4417540276591207,0.7656653074884445,"intercept,P:9.9,P:9.6,P:10.0,B:9.0,B:9.7,B:10.1,B:10.2,B:10.6,B:10.10,B:11.2,B:11.9,E:10.7,E:11.10,P_count_eq_1,P_count_eq_2,P_count_eq_3,B_count_eq_1,B_count_2_3,B_count_4_5,B_count_6_8,E_count_eq_1,E_count_eq_2",23,133
count_plus_PB_count,239,0.36570302660614695,0.4242831046604244,0.7838341774457362,"intercept,P:9.9,P:9.6,P:10.0,B:9.0,B:9.7,B:10.1,B:10.2,B:10.6,B:10.10,B:11.2,B:11.9,E:10.7,E:11.10,P_count_eq_1,P_count_eq_2,P_count_eq_3,B_count_eq_1,B_count_2_3,B_count_4_5,B_count_6_8,E_count_eq_1,E_count_eq_2,P_B_count",24,133
count_plus_PE_count,239,0.24728071774819524,0.29916957953559997,0.8925242670056428,"intercept,P:9.9,P:9.6,P:10.0,B:9.0,B:9.7,B:10.1,B:10.2,B:10.6,B:10.10,B:11.2,B:11.9,E:10.7,E:11.10,P_count_eq_1,P_count_eq_2,P_count_eq_3,B_count_eq_1,B_count_2_3,B_count_4_5,B_count_6_8,E_count_eq_1,E_count_eq_2,P_E_count",24,133
count_plus_BE_count,239,0.37260266107959295,0.4366633385925034,0.7710350447745614,"intercept,P:9.9,P:9.6,P:10.0,B:9.0,B:9.7,B:10.1,B:10.2,B:10.6,B:10.10,B:11.2,B:11.9,E:10.7,E:11.10,P_count_eq_1,P_count_eq_2,P_count_eq_3,B_count_eq_1,B_count_2_3,B_count_4_5,B_count_6_8,E_count_eq_1,E_count_eq_2,B_E_count",24,133
count_plus_all_pairs,239,0.22172040303990473,0.2732263759023172,0.910356088767106,"intercept,P:9.9,P:9.6,P:10.0,B:9.0,B:9.7,B:10.1,B:10.2,B:10.6,B:10.10,B:11.2,B:11.9,E:10.7,E:11.10,P_count_eq_1,P_count_eq_2,P_count_eq_3,B_count_eq_1,B_count_2_3,B_count_4_5,B_count_6_8,E_count_eq_1,E_count_eq_2,P_B_count,P_E_count,B_E_count",26,133
additive_head,239,0.3757567029638162,0.4460002932565251,0.7634495867345317,"intercept,P:9.9,P:9.6,P:10.0,B:9.0,B:9.7,B:10.1,B:10.2,B:10.6,B:10.10,B:11.2,B:11.9,E:10.7,E:11.10",14,134
count_additive,239,0.379039924459724,0.4504198320573813,0.7587382735829785,"intercept,P:9.9,P:9.6,P:10.0,B:9.0,B:9.7,B:10.1,B:10.2,B:10.6,B:10.10,B:11.2,B:11.9,E:10.7,E:11.10,P_count_eq_1,P_count_eq_2,P_count_eq_3,B_count_eq_1,B_count_2_3,B_count_4_5,B_count_6_8,E_count_eq_1,E_count_eq_2",23,134
count_plus_PB_count,239,0.36900252384587534,0.43080718354944736,0.779291379979782,"intercept,P:9.9,P:9.6,P:10.0,B:9.0,B:9.7,B:10.1,B:10.2,B:10.6,B:10.10,B:11.2,B:11.9,E:10.7,E:11.10,P_count_eq_1,P_count_eq_2,P_count_eq_3,B_count_eq_1,B_count_2_3,B_count_4_5,B_count_6_8,E_count_eq_1,E_count_eq_2,P_B_count",24,134
count_plus_PE_count,239,0.2511505268247069,0.30609741072886143,0.8885775421074081,"intercept,P:9.9,P:9.6,P:10.0,B:9.0,B:9.7,B:10.1,B:10.2,B:10.6,B:10.10,B:11.2,B:11.9,E:10.7,E:11.10,P_count_eq_1,P_count_eq_2,P_count_eq_3,B_count_eq_1,B_count_2_3,B_count_4_5,B_count_6_8,E_count_eq_1,E_count_eq_2,P_E_count",24,134
count_plus_BE_count,239,0.37603548781654483,0.4455498167330738,0.7639271944601529,"intercept,P:9.9,P:9.6,P:10.0,B:9.0,B:9.7,B:10.1,B:10.2,B:10.6,B:10.10,B:11.2,B:11.9,E:10.7,E:11.10,P_count_eq_1,P_count_eq_2,P_count_eq_3,B_count_eq_1,B_count_2_3,B_count_4_5,B_count_6_8,E_count_eq_1,E_count_eq_2,B_E_count",24,134
count_plus_all_pairs,239,0.22410319624679792,0.27747439869404916,0.9084413753218085,"intercept,P:9.9,P:9.6,P:10.0,B:9.0,B:9.7,B:10.1,B:10.2,B:10.6,B:10.10,B:11.2,B:11.9,E:10.7,E:11.10,P_count_eq_1,P_count_eq_2,P_count_eq_3,B_count_eq_1,B_count_2_3,B_count_4_5,B_count_6_8,E_count_eq_1,E_count_eq_2,P_B_count,P_E_count,B_E_count",26,134
additive_head,239,0.4037206815020405,0.47601876484254163,0.7549982436628028,"intercept,P:9.9,P:9.6,P:10.0,B:9.0,B:9.7,B:10.1,B:10.2,B:10.6,B:10.10,B:11.2,B:11.9,E:10.7,E:11.10",14,135
count_additive,239,0.4071996167310561,0.4821404813768375,0.7486561600687215,"intercept,P:9.9,P:9.6,P:10.0,B:9.0,B:9.7,B:10.1,B:10.2,B:10.6,B:10.10,B:11.2,B:11.9,E:10.7,E:11.10,P_count_eq_1,P_count_eq_2,P_count_eq_3,B_count_eq_1,B_count_2_3,B_count_4_5,B_count_6_8,E_count_eq_1,E_count_eq_2",23,135
count_plus_PB_count,239,0.39679093872593674,0.4627494878481108,0.7684669754839963,"intercept,P:9.9,P:9.6,P:10.0,B:9.0,B:9.7,B:10.1,B:10.2,B:10.6,B:10.10,B:11.2,B:11.9,E:10.7,E:11.10,P_count_eq_1,P_count_eq_2,P_count_eq_3,B_count_eq_1,B_count_2_3,B_count_4_5,B_count_6_8,E_count_eq_1,E_count_eq_2,P_B_count",24,135
count_plus_PE_count,239,0.2710681920445788,0.32879511708966974,0.8831115041799288,"intercept,P:9.9,P:9.6,P:10.0,B:9.0,B:9.7,B:10.1,B:10.2,B:10.6,B:10.10,B:11.2,B:11.9,E:10.7,E:11.10,P_count_eq_1,P_count_eq_2,P_count_eq_3,B_count_eq_1,B_count_2_3,B_count_4_5,B_count_6_8,E_count_eq_1,E_count_eq_2,P_E_count",24,135
count_plus_BE_count,239,0.4036507638538959,0.47580457470799714,0.7552186767915863,"intercept,P:9.9,P:9.6,P:10.0,B:9.0,B:9.7,B:10.1,B:10.2,B:10.6,B:10.10,B:11.2,B:11.9,E:10.7,E:11.10,P_count_eq_1,P_count_eq_2,P_count_eq_3,B_count_eq_1,B_count_2_3,B_count_4_5,B_count_6_8,E_count_eq_1,E_count_eq_2,B_E_count",24,135
count_plus_all_pairs,239,0.2427710762396317,0.29927959459035397,0.9031554322175075,"intercept,P:9.9,P:9.6,P:10.0,B:9.0,B:9.7,B:10.1,B:10.2,B:10.6,B:10.10,B:11.2,B:11.9,E:10.7,E:11.10,P_count_eq_1,P_count_eq_2,P_count_eq_3,B_count_eq_1,B_count_2_3,B_count_4_5,B_count_6_8,E_count_eq_1,E_count_eq_2,P_B_count,P_E_count,B_E_count",26,135
additive_head,239,0.3728886448572509,0.4428121284651646,0.7873662741483044,"intercept,P:9.9,P:9.6,P:10.0,B:9.0,B:9.7,B:10.1,B:10.2,B:10.6,B:10.10,B:11.2,B:11.9,E:10.7,E:11.10",14,136
count_additive,239,0.3756596985852657,0.44669937968825857,0.7836166536550491,"intercept,P:9.9,P:9.6,P:10.0,B:9.0,B:9.7,B:10.1,B:10.2,B:10.6,B:10.10,B:11.2,B:11.9,E:10.7,E:11.10,P_count_eq_1,P_count_eq_2,P_count_eq_3,B_count_eq_1,B_count_2_3,B_count_4_5,B_count_6_8,E_count_eq_1,E_count_eq_2",23,136
count_plus_PB_count,239,0.3642522733541482,0.426056233164301,0.8031538247472808,"intercept,P:9.9,P:9.6,P:10.0,B:9.0,B:9.7,B:10.1,B:10.2,B:10.6,B:10.10,B:11.2,B:11.9,E:10.7,E:11.10,P_count_eq_1,P_count_eq_2,P_count_eq_3,B_count_eq_1,B_count_2_3,B_count_4_5,B_count_6_8,E_count_eq_1,E_count_eq_2,P_B_count",24,136
count_plus_PE_count,239,0.2512624116104761,0.3054959671662201,0.8987945041311997,"intercept,P:9.9,P:9.6,P:10.0,B:9.0,B:9.7,B:10.1,B:10.2,B:10.6,B:10.10,B:11.2,B:11.9,E:10.7,E:11.10,P_count_eq_1,P_count_eq_2,P_count_eq_3,B_count_eq_1,B_count_2_3,B_count_4_5,B_count_6_8,E_count_eq_1,E_count_eq_2,P_E_count",24,136
count_plus_BE_count,239,0.3727574594328922,0.4426003438241439,0.7875696190230208,"intercept,P:9.9,P:9.6,P:10.0,B:9.0,B:9.7,B:10.1,B:10.2,B:10.6,B:10.10,B:11.2,B:11.9,E:10.7,E:11.10,P_count_eq_1,P_count_eq_2,P_count_eq_3,B_count_eq_1,B_count_2_3,B_count_4_5,B_count_6_8,E_count_eq_1,E_count_eq_2,B_E_count",24,136
count_plus_all_pairs,239,0.22434020976359897,0.27653564328908825,0.917073112192348,"intercept,P:9.9,P:9.6,P:10.0,B:9.0,B:9.7,B:10.1,B:10.2,B:10.6,B:10.10,B:11.2,B:11.9,E:10.7,E:11.10,P_count_eq_1,P_count_eq_2,P_count_eq_3,B_count_eq_1,B_count_2_3,B_count_4_5,B_count_6_8,E_count_eq_1,E_count_eq_2,P_B_count,P_E_count,B_E_count",26,136
additive_head,239,0.38406157818978615,0.456133351586185,0.7743091239206136,"intercept,P:9.9,P:9.6,P:10.0,B:9.0,B:9.7,B:10.1,B:10.2,B:10.6,B:10.10,B:11.2,B:11.9,E:10.7,E:11.10",14,137
count_additive,239,0.38693475127087035,0.4608371843180157,0.7696302903531651,"intercept,P:9.9,P:9.6,P:10.0,B:9.0,B:9.7,B:10.1,B:10.2,B:10.6,B:10.10,B:11.2,B:11.9,E:10.7,E:11.10,P_count_eq_1,P_count_eq_2,P_count_eq_3,B_count_eq_1,B_count_2_3,B_count_4_5,B_count_6_8,E_count_eq_1,E_count_eq_2",23,137
count_plus_PB_count,239,0.37446686359795844,0.4390416959192665,0.7909058508631188,"intercept,P:9.9,P:9.6,P:10.0,B:9.0,B:9.7,B:10.1,B:10.2,B:10.6,B:10.10,B:11.2,B:11.9,E:10.7,E:11.10,P_count_eq_1,P_count_eq_2,P_count_eq_3,B_count_eq_1,B_count_2_3,B_count_4_5,B_count_6_8,E_count_eq_1,E_count_eq_2,P_B_count",24,137
count_plus_PE_count,239,0.2583180190225526,0.31421553011494785,0.8929009450652841,"intercept,P:9.9,P:9.6,P:10.0,B:9.0,B:9.7,B:10.1,B:10.2,B:10.6,B:10.10,B:11.2,B:11.9,E:10.7,E:11.10,P_count_eq_1,P_count_eq_2,P_count_eq_3,B_count_eq_1,B_count_2_3,B_count_4_5,B_count_6_8,E_count_eq_1,E_count_eq_2,P_E_count",24,137
count_plus_BE_count,239,0.38297646777490235,0.4552837933913385,0.7751490492405483,"intercept,P:9.9,P:9.6,P:10.0,B:9.0,B:9.7,B:10.1,B:10.2,B:10.6,B:10.10,B:11.2,B:11.9,E:10.7,E:11.10,P_count_eq_1,P_count_eq_2,P_count_eq_3,B_count_eq_1,B_count_2_3,B_count_4_5,B_count_6_8,E_count_eq_1,E_count_eq_2,B_E_count",24,137
count_plus_all_pairs,239,0.22869664453286578,0.2822307008584711,0.9135950039850724,"intercept,P:9.9,P:9.6,P:10.0,B:9.0,B:9.7,B:10.1,B:10.2,B:10.6,B:10.10,B:11.2,B:11.9,E:10.7,E:11.10,P_count_eq_1,P_count_eq_2,P_count_eq_3,B_count_eq_1,B_count_2_3,B_count_4_5,B_count_6_8,E_count_eq_1,E_count_eq_2,P_B_count,P_E_count,B_E_count",26,137
additive_head,239,0.3678397028693775,0.4346321827349906,0.7725698202521946,"intercept,P:9.9,P:9.6,P:10.0,B:9.0,B:9.7,B:10.1,B:10.2,B:10.6,B:10.10,B:11.2,B:11.9,E:10.7,E:11.10",14,138
count_additive,239,0.3704392198263584,0.43885428256411,0.7681297584981064,"intercept,P:9.9,P:9.6,P:10.0,B:9.0,B:9.7,B:10.1,B:10.2,B:10.6,B:10.10,B:11.2,B:11.9,E:10.7,E:11.10,P_count_eq_1,P_count_eq_2,P_count_eq_3,B_count_eq_1,B_count_2_3,B_count_4_5,B_count_6_8,E_count_eq_1,E_count_eq_2",23,138
count_plus_PB_count,239,0.3598350823439256,0.4192515829861455,0.7883814399497489,"intercept,P:9.9,P:9.6,P:10.0,B:9.0,B:9.7,B:10.1,B:10.2,B:10.6,B:10.10,B:11.2,B:11.9,E:10.7,E:11.10,P_count_eq_1,P_count_eq_2,P_count_eq_3,B_count_eq_1,B_count_2_3,B_count_4_5,B_count_6_8,E_count_eq_1,E_count_eq_2,P_B_count",24,138
count_plus_PE_count,239,0.2472243140584638,0.30012155528185375,0.8915577026491442,"intercept,P:9.9,P:9.6,P:10.0,B:9.0,B:9.7,B:10.1,B:10.2,B:10.6,B:10.10,B:11.2,B:11.9,E:10.7,E:11.10,P_count_eq_1,P_count_eq_2,P_count_eq_3,B_count_eq_1,B_count_2_3,B_count_4_5,B_count_6_8,E_count_eq_1,E_count_eq_2,P_E_count",24,138
count_plus_BE_count,239,0.3672511235883863,0.43427929037635143,0.7729389866117953,"intercept,P:9.9,P:9.6,P:10.0,B:9.0,B:9.7,B:10.1,B:10.2,B:10.6,B:10.10,B:11.2,B:11.9,E:10.7,E:11.10,P_count_eq_1,P_count_eq_2,P_count_eq_3,B_count_eq_1,B_count_2_3,B_count_4_5,B_count_6_8,E_count_eq_1,E_count_eq_2,B_E_count",24,138
count_plus_all_pairs,239,0.22064203320466969,0.2721202585620304,0.9108490279806021,"intercept,P:9.9,P:9.6,P:10.0,B:9.0,B:9.7,B:10.1,B:10.2,B:10.6,B:10.10,B:11.2,B:11.9,E:10.7,E:11.10,P_count_eq_1,P_count_eq_2,P_count_eq_3,B_count_eq_1,B_count_2_3,B_count_4_5,B_count_6_8,E_count_eq_1,E_count_eq_2,P_B_count,P_E_count,B_E_count",26,138
additive_head,239,0.37569593156566244,0.44488800329312844,0.7747739164296518,"intercept,P:9.9,P:9.6,P:10.0,B:9.0,B:9.7,B:10.1,B:10.2,B:10.6,B:10.10,B:11.2,B:11.9,E:10.7,E:11.10",14,139
count_additive,239,0.3785948082878932,0.4496285303747989,0.7699485277676621,"intercept,P:9.9,P:9.6,P:10.0,B:9.0,B:9.7,B:10.1,B:10.2,B:10.6,B:10.10,B:11.2,B:11.9,E:10.7,E:11.10,P_count_eq_1,P_count_eq_2,P_count_eq_3,B_count_eq_1,B_count_2_3,B_count_4_5,B_count_6_8,E_count_eq_1,E_count_eq_2",23,139
count_plus_PB_count,239,0.36743933579708654,0.4294697235519075,0.7901145172278399,"intercept,P:9.9,P:9.6,P:10.0,B:9.0,B:9.7,B:10.1,B:10.2,B:10.6,B:10.10,B:11.2,B:11.9,E:10.7,E:11.10,P_count_eq_1,P_count_eq_2,P_count_eq_3,B_count_eq_1,B_count_2_3,B_count_4_5,B_count_6_8,E_count_eq_1,E_count_eq_2,P_B_count",24,139
count_plus_PE_count,239,0.25236984677048946,0.3065742355306633,0.8930480756109929,"intercept,P:9.9,P:9.6,P:10.0,B:9.0,B:9.7,B:10.1,B:10.2,B:10.6,B:10.10,B:11.2,B:11.9,E:10.7,E:11.10,P_count_eq_1,P_count_eq_2,P_count_eq_3,B_count_eq_1,B_count_2_3,B_count_4_5,B_count_6_8,E_count_eq_1,E_count_eq_2,P_E_count",24,139
count_plus_BE_count,239,0.37500422545033046,0.44442745646984166,0.7752399819001068,"intercept,P:9.9,P:9.6,P:10.0,B:9.0,B:9.7,B:10.1,B:10.2,B:10.6,B:10.10,B:11.2,B:11.9,E:10.7,E:11.10,P_count_eq_1,P_count_eq_2,P_count_eq_3,B_count_eq_1,B_count_2_3,B_count_4_5,B_count_6_8,E_count_eq_1,E_count_eq_2,B_E_count",24,139
count_plus_all_pairs,239,0.22439811750424035,0.27693683700094274,0.912727231991669,"intercept,P:9.9,P:9.6,P:10.0,B:9.0,B:9.7,B:10.1,B:10.2,B:10.6,B:10.10,B:11.2,B:11.9,E:10.7,E:11.10,P_count_eq_1,P_count_eq_2,P_count_eq_3,B_count_eq_1,B_count_2_3,B_count_4_5,B_count_6_8,E_count_eq_1,E_count_eq_2,P_B_count,P_E_count,B_E_count",26,139
additive_head,239,0.37414445187785084,0.44291069934791505,0.7714810793900975,"intercept,P:9.9,P:9.6,P:10.0,B:9.0,B:9.7,B:10.1,B:10.2,B:10.6,B:10.10,B:11.2,B:11.9,E:10.7,E:11.10",14,140
count_additive,239,0.37687963637845195,0.44731142255732925,0.766917430155747,"intercept,P:9.9,P:9.6,P:10.0,B:9.0,B:9.7,B:10.1,B:10.2,B:10.6,B:10.10,B:11.2,B:11.9,E:10.7,E:11.10,P_count_eq_1,P_count_eq_2,P_count_eq_3,B_count_eq_1,B_count_2_3,B_count_4_5,B_count_6_8,E_count_eq_1,E_count_eq_2",23,140
count_plus_PB_count,239,0.36682828096572134,0.42760157204216676,0.787005491142077,"intercept,P:9.9,P:9.6,P:10.0,B:9.0,B:9.7,B:10.1,B:10.2,B:10.6,B:10.10,B:11.2,B:11.9,E:10.7,E:11.10,P_count_eq_1,P_count_eq_2,P_count_eq_3,B_count_eq_1,B_count_2_3,B_count_4_5,B_count_6_8,E_count_eq_1,E_count_eq_2,P_B_count",24,140
count_plus_PE_count,239,0.25120199427319223,0.30579594769670376,0.8910685529674126,"intercept,P:9.9,P:9.6,P:10.0,B:9.0,B:9.7,B:10.1,B:10.2,B:10.6,B:10.10,B:11.2,B:11.9,E:10.7,E:11.10,P_count_eq_1,P_count_eq_2,P_count_eq_3,B_count_eq_1,B_count_2_3,B_count_4_5,B_count_6_8,E_count_eq_1,E_count_eq_2,P_E_count",24,140
count_plus_BE_count,239,0.37315095146433896,0.4415287074982453,0.7729049265956535,"intercept,P:9.9,P:9.6,P:10.0,B:9.0,B:9.7,B:10.1,B:10.2,B:10.6,B:10.10,B:11.2,B:11.9,E:10.7,E:11.10,P_count_eq_1,P_count_eq_2,P_count_eq_3,B_count_eq_1,B_count_2_3,B_count_4_5,B_count_6_8,E_count_eq_1,E_count_eq_2,B_E_count",24,140
count_plus_all_pairs,239,0.22381272226407387,0.27625833671765926,0.9110961422985037,"intercept,P:9.9,P:9.6,P:10.0,B:9.0,B:9.7,B:10.1,B:10.2,B:10.6,B:10.10,B:11.2,B:11.9,E:10.7,E:11.10,P_count_eq_1,P_count_eq_2,P_count_eq_3,B_count_eq_1,B_count_2_3,B_count_4_5,B_count_6_8,E_count_eq_1,E_count_eq_2,P_B_count,P_E_count,B_E_count",26,140
additive_head,239,0.3841486854945865,0.4537592032040357,0.7623485772491561,"intercept,P:9.9,P:9.6,P:10.0,B:9.0,B:9.7,B:10.1,B:10.2,B:10.6,B:10.10,B:11.2,B:11.9,E:10.7,E:11.10",14,141
count_additive,239,0.3872628895395705,0.45876788264067164,0.7570731392077394,"intercept,P:9.9,P:9.6,P:10.0,B:9.0,B:9.7,B:10.1,B:10.2,B:10.6,B:10.10,B:11.2,B:11.9,E:10.7,E:11.10,P_count_eq_1,P_count_eq_2,P_count_eq_3,B_count_eq_1,B_count_2_3,B_count_4_5,B_count_6_8,E_count_eq_1,E_count_eq_2",23,141
count_plus_PB_count,239,0.37784888451043963,0.44011261305081545,0.7764281319150219,"intercept,P:9.9,P:9.6,P:10.0,B:9.0,B:9.7,B:10.1,B:10.2,B:10.6,B:10.10,B:11.2,B:11.9,E:10.7,E:11.10,P_count_eq_1,P_count_eq_2,P_count_eq_3,B_count_eq_1,B_count_2_3,B_count_4_5,B_count_6_8,E_count_eq_1,E_count_eq_2,P_B_count",24,141
count_plus_PE_count,239,0.2565234783810584,0.31239824545934913,0.8873563543707634,"intercept,P:9.9,P:9.6,P:10.0,B:9.0,B:9.7,B:10.1,B:10.2,B:10.6,B:10.10,B:11.2,B:11.9,E:10.7,E:11.10,P_count_eq_1,P_count_eq_2,P_count_eq_3,B_count_eq_1,B_count_2_3,B_count_4_5,B_count_6_8,E_count_eq_1,E_count_eq_2,P_E_count",24,141
count_plus_BE_count,239,0.3844613043993233,0.4532803295191458,0.7628499222788792,"intercept,P:9.9,P:9.6,P:10.0,B:9.0,B:9.7,B:10.1,B:10.2,B:10.6,B:10.10,B:11.2,B:11.9,E:10.7,E:11.10,P_count_eq_1,P_count_eq_2,P_count_eq_3,B_count_eq_1,B_count_2_3,B_count_4_5,B_count_6_8,E_count_eq_1,E_count_eq_2,B_E_count",24,141
count_plus_all_pairs,239,0.22992189914917285,0.2846034156167077,0.9065090137360589,"intercept,P:9.9,P:9.6,P:10.0,B:9.0,B:9.7,B:10.1,B:10.2,B:10.6,B:10.10,B:11.2,B:11.9,E:10.7,E:11.10,P_count_eq_1,P_count_eq_2,P_count_eq_3,B_count_eq_1,B_count_2_3,B_count_4_5,B_count_6_8,E_count_eq_1,E_count_eq_2,P_B_count,P_E_count,B_E_count",26,141
additive_head,239,0.38172407905283423,0.4519467050983159,0.7696587067654816,"intercept,P:9.9,P:9.6,P:10.0,B:9.0,B:9.7,B:10.1,B:10.2,B:10.6,B:10.10,B:11.2,B:11.9,E:10.7,E:11.10",14,142
count_additive,239,0.3844050579717751,0.4564735079942921,0.765021294291508,"intercept,P:9.9,P:9.6,P:10.0,B:9.0,B:9.7,B:10.1,B:10.2,B:10.6,B:10.10,B:11.2,B:11.9,E:10.7,E:11.10,P_count_eq_1,P_count_eq_2,P_count_eq_3,B_count_eq_1,B_count_2_3,B_count_4_5,B_count_6_8,E_count_eq_1,E_count_eq_2",23,142
count_plus_PB_count,239,0.37337673402683175,0.436572505989423,0.7850635284409344,"intercept,P:9.9,P:9.6,P:10.0,B:9.0,B:9.7,B:10.1,B:10.2,B:10.6,B:10.10,B:11.2,B:11.9,E:10.7,E:11.10,P_count_eq_1,P_count_eq_2,P_count_eq_3,B_count_eq_1,B_count_2_3,B_count_4_5,B_count_6_8,E_count_eq_1,E_count_eq_2,P_B_count",24,142
count_plus_PE_count,239,0.25735030203829107,0.31345420174003336,0.8891985246156726,"intercept,P:9.9,P:9.6,P:10.0,B:9.0,B:9.7,B:10.1,B:10.2,B:10.6,B:10.10,B:11.2,B:11.9,E:10.7,E:11.10,P_count_eq_1,P_count_eq_2,P_count_eq_3,B_count_eq_1,B_count_2_3,B_count_4_5,B_count_6_8,E_count_eq_1,E_count_eq_2,P_E_count",24,142
count_plus_BE_count,239,0.3800331535299745,0.4502578827899113,0.7713769567162039,"intercept,P:9.9,P:9.6,P:10.0,B:9.0,B:9.7,B:10.1,B:10.2,B:10.6,B:10.10,B:11.2,B:11.9,E:10.7,E:11.10,P_count_eq_1,P_count_eq_2,P_count_eq_3,B_count_eq_1,B_count_2_3,B_count_4_5,B_count_6_8,E_count_eq_1,E_count_eq_2,B_E_count",24,142
count_plus_all_pairs,239,0.22954040735006181,0.2834743628452166,0.9093798185578618,"intercept,P:9.9,P:9.6,P:10.0,B:9.0,B:9.7,B:10.1,B:10.2,B:10.6,B:10.10,B:11.2,B:11.9,E:10.7,E:11.10,P_count_eq_1,P_count_eq_2,P_count_eq_3,B_count_eq_1,B_count_2_3,B_count_4_5,B_count_6_8,E_count_eq_1,E_count_eq_2,P_B_count,P_E_count,B_E_count",26,142
additive_head,239,0.37276657187811013,0.44241313197840415,0.7810065867262617,"intercept,P:9.9,P:9.6,P:10.0,B:9.0,B:9.7,B:10.1,B:10.2,B:10.6,B:10.10,B:11.2,B:11.9,E:10.7,E:11.10",14,143
count_additive,239,0.37537537073467725,0.44640269218104534,0.7770391333238973,"intercept,P:9.9,P:9.6,P:10.0,B:9.0,B:9.7,B:10.1,B:10.2,B:10.6,B:10.10,B:11.2,B:11.9,E:10.7,E:11.10,P_count_eq_1,P_count_eq_2,P_count_eq_3,B_count_eq_1,B_count_2_3,B_count_4_5,B_count_6_8,E_count_eq_1,E_count_eq_2",23,143
count_plus_PB_count,239,0.36344718570085705,0.42473836202514464,0.7981549936382943,"intercept,P:9.9,P:9.6,P:10.0,B:9.0,B:9.7,B:10.1,B:10.2,B:10.6,B:10.10,B:11.2,B:11.9,E:10.7,E:11.10,P_count_eq_1,P_count_eq_2,P_count_eq_3,B_count_eq_1,B_count_2_3,B_count_4_5,B_count_6_8,E_count_eq_1,E_count_eq_2,P_B_count",24,143
count_plus_PE_count,239,0.25136686615708076,0.3057517955263272,0.8954044842111555,"intercept,P:9.9,P:9.6,P:10.0,B:9.0,B:9.7,B:10.1,B:10.2,B:10.6,B:10.10,B:11.2,B:11.9,E:10.7,E:11.10,P_count_eq_1,P_count_eq_2,P_count_eq_3,B_count_eq_1,B_count_2_3,B_count_4_5,B_count_6_8,E_count_eq_1,E_count_eq_2,P_E_count",24,143
count_plus_BE_count,239,0.37220025193703477,0.4419571631934737,0.7814577609635767,"intercept,P:9.9,P:9.6,P:10.0,B:9.0,B:9.7,B:10.1,B:10.2,B:10.6,B:10.10,B:11.2,B:11.9,E:10.7,E:11.10,P_count_eq_1,P_count_eq_2,P_count_eq_3,B_count_eq_1,B_count_2_3,B_count_4_5,B_count_6_8,E_count_eq_1,E_count_eq_2,B_E_count",24,143
count_plus_all_pairs,239,0.2227816815059034,0.27542199688607194,0.9151264673241143,"intercept,P:9.9,P:9.6,P:10.0,B:9.0,B:9.7,B:10.1,B:10.2,B:10.6,B:10.10,B:11.2,B:11.9,E:10.7,E:11.10,P_count_eq_1,P_count_eq_2,P_count_eq_3,B_count_eq_1,B_count_2_3,B_count_4_5,B_count_6_8,E_count_eq_1,E_count_eq_2,P_B_count,P_E_count,B_E_count",26,143
additive_head,239,0.38947590244206914,0.4618555272678375,0.7751072011945995,"intercept,P:9.9,P:9.6,P:10.0,B:9.0,B:9.7,B:10.1,B:10.2,B:10.6,B:10.10,B:11.2,B:11.9,E:10.7,E:11.10",14,144
count_additive,239,0.39243621697404885,0.4665681890499337,0.7704942829588007,"intercept,P:9.9,P:9.6,P:10.0,B:9.0,B:9.7,B:10.1,B:10.2,B:10.6,B:10.10,B:11.2,B:11.9,E:10.7,E:11.10,P_count_eq_1,P_count_eq_2,P_count_eq_3,B_count_eq_1,B_count_2_3,B_count_4_5,B_count_6_8,E_count_eq_1,E_count_eq_2",23,144
count_plus_PB_count,239,0.3808286150526726,0.4457972625113757,0.7904739368086584,"intercept,P:9.9,P:9.6,P:10.0,B:9.0,B:9.7,B:10.1,B:10.2,B:10.6,B:10.10,B:11.2,B:11.9,E:10.7,E:11.10,P_count_eq_1,P_count_eq_2,P_count_eq_3,B_count_eq_1,B_count_2_3,B_count_4_5,B_count_6_8,E_count_eq_1,E_count_eq_2,P_B_count",24,144
count_plus_PE_count,239,0.2620506436556739,0.3189763686490034,0.8927295067528841,"intercept,P:9.9,P:9.6,P:10.0,B:9.0,B:9.7,B:10.1,B:10.2,B:10.6,B:10.10,B:11.2,B:11.9,E:10.7,E:11.10,P_count_eq_1,P_count_eq_2,P_count_eq_3,B_count_eq_1,B_count_2_3,B_count_4_5,B_count_6_8,E_count_eq_1,E_count_eq_2,P_E_count",24,144
count_plus_BE_count,239,0.3879028468112394,0.4602498524442048,0.7766681958355557,"intercept,P:9.9,P:9.6,P:10.0,B:9.0,B:9.7,B:10.1,B:10.2,B:10.6,B:10.10,B:11.2,B:11.9,E:10.7,E:11.10,P_count_eq_1,P_count_eq_2,P_count_eq_3,B_count_eq_1,B_count_2_3,B_count_4_5,B_count_6_8,E_count_eq_1,E_count_eq_2,B_E_count",24,144
count_plus_all_pairs,239,0.23307194903190548,0.2875122012249266,0.9128483090613877,"intercept,P:9.9,P:9.6,P:10.0,B:9.0,B:9.7,B:10.1,B:10.2,B:10.6,B:10.10,B:11.2,B:11.9,E:10.7,E:11.10,P_count_eq_1,P_count_eq_2,P_count_eq_3,B_count_eq_1,B_count_2_3,B_count_4_5,B_count_6_8,E_count_eq_1,E_count_eq_2,P_B_count,P_E_count,B_E_count",26,144
additive_head,239,0.3927735156945112,0.46421941781902265,0.7642465843232743,"intercept,P:9.9,P:9.6,P:10.0,B:9.0,B:9.7,B:10.1,B:10.2,B:10.6,B:10.10,B:11.2,B:11.9,E:10.7,E:11.10",14,145
count_additive,239,0.3961699345793023,0.46944443160444727,0.7589096805450907,"intercept,P:9.9,P:9.6,P:10.0,B:9.0,B:9.7,B:10.1,B:10.2,B:10.6,B:10.10,B:11.2,B:11.9,E:10.7,E:11.10,P_count_eq_1,P_count_eq_2,P_count_eq_3,B_count_eq_1,B_count_2_3,B_count_4_5,B_count_6_8,E_count_eq_1,E_count_eq_2",23,145
count_plus_PB_count,239,0.38512592000753615,0.4488606084435013,0.7795884360573668,"intercept,P:9.9,P:9.6,P:10.0,B:9.0,B:9.7,B:10.1,B:10.2,B:10.6,B:10.10,B:11.2,B:11.9,E:10.7,E:11.10,P_count_eq_1,P_count_eq_2,P_count_eq_3,B_count_eq_1,B_count_2_3,B_count_4_5,B_count_6_8,E_count_eq_1,E_count_eq_2,P_B_count",24,145
count_plus_PE_count,239,0.2639800691612371,0.3202343673811136,0.8878117780162406,"intercept,P:9.9,P:9.6,P:10.0,B:9.0,B:9.7,B:10.1,B:10.2,B:10.6,B:10.10,B:11.2,B:11.9,E:10.7,E:11.10,P_count_eq_1,P_count_eq_2,P_count_eq_3,B_count_eq_1,B_count_2_3,B_count_4_5,B_count_6_8,E_count_eq_1,E_count_eq_2,P_E_count",24,145
count_plus_BE_count,239,0.3928538677291504,0.46415126778694565,0.7643157991078781,"intercept,P:9.9,P:9.6,P:10.0,B:9.0,B:9.7,B:10.1,B:10.2,B:10.6,B:10.10,B:11.2,B:11.9,E:10.7,E:11.10,P_count_eq_1,P_count_eq_2,P_count_eq_3,B_count_eq_1,B_count_2_3,B_count_4_5,B_count_6_8,E_count_eq_1,E_count_eq_2,B_E_count",24,145
count_plus_all_pairs,239,0.23542354974230328,0.2903433765119349,0.9077778517312749,"intercept,P:9.9,P:9.6,P:10.0,B:9.0,B:9.7,B:10.1,B:10.2,B:10.6,B:10.10,B:11.2,B:11.9,E:10.7,E:11.10,P_count_eq_1,P_count_eq_2,P_count_eq_3,B_count_eq_1,B_count_2_3,B_count_4_5,B_count_6_8,E_count_eq_1,E_count_eq_2,P_B_count,P_E_count,B_E_count",26,145
additive_head,239,0.37373597538919995,0.44217875055377004,0.7618176340301219,"intercept,P:9.9,P:9.6,P:10.0,B:9.0,B:9.7,B:10.1,B:10.2,B:10.6,B:10.10,B:11.2,B:11.9,E:10.7,E:11.10",14,146
count_additive,239,0.3767610513926496,0.44693033066702526,0.7566711933569228,"intercept,P:9.9,P:9.6,P:10.0,B:9.0,B:9.7,B:10.1,B:10.2,B:10.6,B:10.10,B:11.2,B:11.9,E:10.7,E:11.10,P_count_eq_1,P_count_eq_2,P_count_eq_3,B_count_eq_1,B_count_2_3,B_count_4_5,B_count_6_8,E_count_eq_1,E_count_eq_2",23,146
count_plus_PB_count,239,0.3673959571758359,0.42785311924129305,0.7770008160978187,"intercept,P:9.9,P:9.6,P:10.0,B:9.0,B:9.7,B:10.1,B:10.2,B:10.6,B:10.10,B:11.2,B:11.9,E:10.7,E:11.10,P_count_eq_1,P_count_eq_2,P_count_eq_3,B_count_eq_1,B_count_2_3,B_count_4_5,B_count_6_8,E_count_eq_1,E_count_eq_2,P_B_count",24,146
count_plus_PE_count,239,0.2498891333521816,0.30412129814122274,0.8873301957411966,"intercept,P:9.9,P:9.6,P:10.0,B:9.0,B:9.7,B:10.1,B:10.2,B:10.6,B:10.10,B:11.2,B:11.9,E:10.7,E:11.10,P_count_eq_1,P_count_eq_2,P_count_eq_3,B_count_eq_1,B_count_2_3,B_count_4_5,B_count_6_8,E_count_eq_1,E_count_eq_2,P_E_count",24,146
count_plus_BE_count,239,0.37396704129578134,0.44214897228652317,0.7618497134519078,"intercept,P:9.9,P:9.6,P:10.0,B:9.0,B:9.7,B:10.1,B:10.2,B:10.6,B:10.10,B:11.2,B:11.9,E:10.7,E:11.10,P_count_eq_1,P_count_eq_2,P_count_eq_3,B_count_eq_1,B_count_2_3,B_count_4_5,B_count_6_8,E_count_eq_1,E_count_eq_2,B_E_count",24,146
count_plus_all_pairs,239,0.22367836277860464,0.27648335014493863,0.9068780986089005,"intercept,P:9.9,P:9.6,P:10.0,B:9.0,B:9.7,B:10.1,B:10.2,B:10.6,B:10.10,B:11.2,B:11.9,E:10.7,E:11.10,P_count_eq_1,P_count_eq_2,P_count_eq_3,B_count_eq_1,B_count_2_3,B_count_4_5,B_count_6_8,E_count_eq_1,E_count_eq_2,P_B_count,P_E_count,B_E_count",26,146
additive_head,239,0.38379619754649136,0.4501806339828247,0.7518171674570089,"intercept,P:9.9,P:9.6,P:10.0,B:9.0,B:9.7,B:10.1,B:10.2,B:10.6,B:10.10,B:11.2,B:11.9,E:10.7,E:11.10",14,147
count_additive,239,0.38740678120806066,0.45512955353927187,0.7463305343205429,"intercept,P:9.9,P:9.6,P:10.0,B:9.0,B:9.7,B:10.1,B:10.2,B:10.6,B:10.10,B:11.2,B:11.9,E:10.7,E:11.10,P_count_eq_1,P_count_eq_2,P_count_eq_3,B_count_eq_1,B_count_2_3,B_count_4_5,B_count_6_8,E_count_eq_1,E_count_eq_2",23,147
count_plus_PB_count,239,0.37888513161899867,0.43793569356418516,0.765134727107726,"intercept,P:9.9,P:9.6,P:10.0,B:9.0,B:9.7,B:10.1,B:10.2,B:10.6,B:10.10,B:11.2,B:11.9,E:10.7,E:11.10,P_count_eq_1,P_count_eq_2,P_count_eq_3,B_count_eq_1,B_count_2_3,B_count_4_5,B_count_6_8,E_count_eq_1,E_count_eq_2,P_B_count",24,147
count_plus_PE_count,239,0.2557419223858391,0.30880474507900096,0.883220650931738,"intercept,P:9.9,P:9.6,P:10.0,B:9.0,B:9.7,B:10.1,B:10.2,B:10.6,B:10.10,B:11.2,B:11.9,E:10.7,E:11.10,P_count_eq_1,P_count_eq_2,P_count_eq_3,B_count_eq_1,B_count_2_3,B_count_4_5,B_count_6_8,E_count_eq_1,E_count_eq_2,P_E_count",24,147
count_plus_BE_count,239,0.3857089574712413,0.4501986086483398,0.7517973483349785,"intercept,P:9.9,P:9.6,P:10.0,B:9.0,B:9.7,B:10.1,B:10.2,B:10.6,B:10.10,B:11.2,B:11.9,E:10.7,E:11.10,P_count_eq_1,P_count_eq_2,P_count_eq_3,B_count_eq_1,B_count_2_3,B_count_4_5,B_count_6_8,E_count_eq_1,E_count_eq_2,B_E_count",24,147
count_plus_all_pairs,239,0.2298800549696163,0.2835011577172116,0.9015744628732352,"intercept,P:9.9,P:9.6,P:10.0,B:9.0,B:9.7,B:10.1,B:10.2,B:10.6,B:10.10,B:11.2,B:11.9,E:10.7,E:11.10,P_count_eq_1,P_count_eq_2,P_count_eq_3,B_count_eq_1,B_count_2_3,B_count_4_5,B_count_6_8,E_count_eq_1,E_count_eq_2,P_B_count,P_E_count,B_E_count",26,147
additive_head,239,0.3825199843264882,0.45079012313598255,0.7609183381165342,"intercept,P:9.9,P:9.6,P:10.0,B:9.0,B:9.7,B:10.1,B:10.2,B:10.6,B:10.10,B:11.2,B:11.9,E:10.7,E:11.10",14,148
count_additive,239,0.3857002639155255,0.4558752596759692,0.7554939952267671,"intercept,P:9.9,P:9.6,P:10.0,B:9.0,B:9.7,B:10.1,B:10.2,B:10.6,B:10.10,B:11.2,B:11.9,E:10.7,E:11.10,P_count_eq_1,P_count_eq_2,P_count_eq_3,B_count_eq_1,B_count_2_3,B_count_4_5,B_count_6_8,E_count_eq_1,E_count_eq_2",23,148
count_plus_PB_count,239,0.37629528062375606,0.4374010488854556,0.7749095226356592,"intercept,P:9.9,P:9.6,P:10.0,B:9.0,B:9.7,B:10.1,B:10.2,B:10.6,B:10.10,B:11.2,B:11.9,E:10.7,E:11.10,P_count_eq_1,P_count_eq_2,P_count_eq_3,B_count_eq_1,B_count_2_3,B_count_4_5,B_count_6_8,E_count_eq_1,E_count_eq_2,P_B_count",24,148
count_plus_PE_count,239,0.2542093800945769,0.3087184469235517,0.8878697879527195,"intercept,P:9.9,P:9.6,P:10.0,B:9.0,B:9.7,B:10.1,B:10.2,B:10.6,B:10.10,B:11.2,B:11.9,E:10.7,E:11.10,P_count_eq_1,P_count_eq_2,P_count_eq_3,B_count_eq_1,B_count_2_3,B_count_4_5,B_count_6_8,E_count_eq_1,E_count_eq_2,P_E_count",24,148
count_plus_BE_count,239,0.38288174767187705,0.4507378765092267,0.7609737540888246,"intercept,P:9.9,P:9.6,P:10.0,B:9.0,B:9.7,B:10.1,B:10.2,B:10.6,B:10.10,B:11.2,B:11.9,E:10.7,E:11.10,P_count_eq_1,P_count_eq_2,P_count_eq_3,B_count_eq_1,B_count_2_3,B_count_4_5,B_count_6_8,E_count_eq_1,E_count_eq_2,B_E_count",24,148
count_plus_all_pairs,239,0.22803808605599057,0.28147594062820647,0.906786237094816,"intercept,P:9.9,P:9.6,P:10.0,B:9.0,B:9.7,B:10.1,B:10.2,B:10.6,B:10.10,B:11.2,B:11.9,E:10.7,E:11.10,P_count_eq_1,P_count_eq_2,P_count_eq_3,B_count_eq_1,B_count_2_3,B_count_4_5,B_count_6_8,E_count_eq_1,E_count_eq_2,P_B_count,P_E_count,B_E_count",26,148
additive_head,239,0.3806351360348199,0.44997918905859585,0.7743307624921117,"intercept,P:9.9,P:9.6,P:10.0,B:9.0,B:9.7,B:10.1,B:10.2,B:10.6,B:10.10,B:11.2,B:11.9,E:10.7,E:11.10",14,149
count_additive,239,0.3829665411352827,0.4541387692535338,0.7701393336119848,"intercept,P:9.9,P:9.6,P:10.0,B:9.0,B:9.7,B:10.1,B:10.2,B:10.6,B:10.10,B:11.2,B:11.9,E:10.7,E:11.10,P_count_eq_1,P_count_eq_2,P_count_eq_3,B_count_eq_1,B_count_2_3,B_count_4_5,B_count_6_8,E_count_eq_1,E_count_eq_2",23,149
count_plus_PB_count,239,0.37186651778082663,0.43349127182809344,0.7905655024274951,"intercept,P:9.9,P:9.6,P:10.0,B:9.0,B:9.7,B:10.1,B:10.2,B:10.6,B:10.10,B:11.2,B:11.9,E:10.7,E:11.10,P_count_eq_1,P_count_eq_2,P_count_eq_3,B_count_eq_1,B_count_2_3,B_count_4_5,B_count_6_8,E_count_eq_1,E_count_eq_2,P_B_count",24,149
count_plus_PE_count,239,0.25690911540741607,0.31173272794051926,0.891694052976021,"intercept,P:9.9,P:9.6,P:10.0,B:9.0,B:9.7,B:10.1,B:10.2,B:10.6,B:10.10,B:11.2,B:11.9,E:10.7,E:11.10,P_count_eq_1,P_count_eq_2,P_count_eq_3,B_count_eq_1,B_count_2_3,B_count_4_5,B_count_6_8,E_count_eq_1,E_count_eq_2,P_E_count",24,149
count_plus_BE_count,239,0.3793139280665949,0.4489377846234821,0.7753741040540894,"intercept,P:9.9,P:9.6,P:10.0,B:9.0,B:9.7,B:10.1,B:10.2,B:10.6,B:10.10,B:11.2,B:11.9,E:10.7,E:11.10,P_count_eq_1,P_count_eq_2,P_count_eq_3,B_count_eq_1,B_count_2_3,B_count_4_5,B_count_6_8,E_count_eq_1,E_count_eq_2,B_E_count",24,149
count_plus_all_pairs,239,0.22881124817129936,0.281777754301381,0.9115086315269194,"intercept,P:9.9,P:9.6,P:10.0,B:9.0,B:9.7,B:10.1,B:10.2,B:10.6,B:10.10,B:11.2,B:11.9,E:10.7,E:11.10,P_count_eq_1,P_count_eq_2,P_count_eq_3,B_count_eq_1,B_count_2_3,B_count_4_5,B_count_6_8,E_count_eq_1,E_count_eq_2,P_B_count,P_E_count,B_E_count",26,149
additive_head,239,0.3864591967530089,0.45643021567180003,0.7552882597917252,"intercept,P:9.9,P:9.6,P:10.0,B:9.0,B:9.7,B:10.1,B:10.2,B:10.6,B:10.10,B:11.2,B:11.9,E:10.7,E:11.10",14,150
count_additive,239,0.38971540298186824,0.4611878803852872,0.7501600966394273,"intercept,P:9.9,P:9.6,P:10.0,B:9.0,B:9.7,B:10.1,B:10.2,B:10.6,B:10.10,B:11.2,B:11.9,E:10.7,E:11.10,P_count_eq_1,P_count_eq_2,P_count_eq_3,B_count_eq_1,B_count_2_3,B_count_4_5,B_count_6_8,E_count_eq_1,E_count_eq_2",23,150
count_plus_PB_count,239,0.3803918344630364,0.44327532807418246,0.7691907811047394,"intercept,P:9.9,P:9.6,P:10.0,B:9.0,B:9.7,B:10.1,B:10.2,B:10.6,B:10.10,B:11.2,B:11.9,E:10.7,E:11.10,P_count_eq_1,P_count_eq_2,P_count_eq_3,B_count_eq_1,B_count_2_3,B_count_4_5,B_count_6_8,E_count_eq_1,E_count_eq_2,P_B_count",24,150
count_plus_PE_count,239,0.25681932729865947,0.3119340549521363,0.885703846997288,"intercept,P:9.9,P:9.6,P:10.0,B:9.0,B:9.7,B:10.1,B:10.2,B:10.6,B:10.10,B:11.2,B:11.9,E:10.7,E:11.10,P_count_eq_1,P_count_eq_2,P_count_eq_3,B_count_eq_1,B_count_2_3,B_count_4_5,B_count_6_8,E_count_eq_1,E_count_eq_2,P_E_count",24,150
count_plus_BE_count,239,0.38738004007696925,0.45627896673355967,0.7554504149565044,"intercept,P:9.9,P:9.6,P:10.0,B:9.0,B:9.7,B:10.1,B:10.2,B:10.6,B:10.10,B:11.2,B:11.9,E:10.7,E:11.10,P_count_eq_1,P_count_eq_2,P_count_eq_3,B_count_eq_1,B_count_2_3,B_count_4_5,B_count_6_8,E_count_eq_1,E_count_eq_2,B_E_count",24,150
count_plus_all_pairs,239,0.23134676339251076,0.2856092887652567,0.9041812089785869,"intercept,P:9.9,P:9.6,P:10.0,B:9.0,B:9.7,B:10.1,B:10.2,B:10.6,B:10.10,B:11.2,B:11.9,E:10.7,E:11.10,P_count_eq_1,P_count_eq_2,P_count_eq_3,B_count_eq_1,B_count_2_3,B_count_4_5,B_count_6_8,E_count_eq_1,E_count_eq_2,P_B_count,P_E_count,B_E_count",26,150
additive_head,239,0.3682577075470813,0.43573721129123955,0.7657603865541057,"intercept,P:9.9,P:9.6,P:10.0,B:9.0,B:9.7,B:10.1,B:10.2,B:10.6,B:10.10,B:11.2,B:11.9,E:10.7,E:11.10",14,151
count_additive,239,0.3710400936665435,0.440233445985433,0.7609013566195124,"intercept,P:9.9,P:9.6,P:10.0,B:9.0,B:9.7,B:10.1,B:10.2,B:10.6,B:10.10,B:11.2,B:11.9,E:10.7,E:11.10,P_count_eq_1,P_count_eq_2,P_count_eq_3,B_count_eq_1,B_count_2_3,B_count_4_5,B_count_6_8,E_count_eq_1,E_count_eq_2",23,151
count_plus_PB_count,239,0.36201661779884114,0.4218872791706626,0.7804143756041901,"intercept,P:9.9,P:9.6,P:10.0,B:9.0,B:9.7,B:10.1,B:10.2,B:10.6,B:10.10,B:11.2,B:11.9,E:10.7,E:11.10,P_count_eq_1,P_count_eq_2,P_count_eq_3,B_count_eq_1,B_count_2_3,B_count_4_5,B_count_6_8,E_count_eq_1,E_count_eq_2,P_B_count",24,151
count_plus_PE_count,239,0.24432487090427008,0.29740287470298093,0.8908807511643093,"intercept,P:9.9,P:9.6,P:10.0,B:9.0,B:9.7,B:10.1,B:10.2,B:10.6,B:10.10,B:11.2,B:11.9,E:10.7,E:11.10,P_count_eq_1,P_count_eq_2,P_count_eq_3,B_count_eq_1,B_count_2_3,B_count_4_5,B_count_6_8,E_count_eq_1,E_count_eq_2,P_E_count",24,151
count_plus_BE_count,239,0.3685420471140938,0.4358632387040986,0.7656248696379424,"intercept,P:9.9,P:9.6,P:10.0,B:9.0,B:9.7,B:10.1,B:10.2,B:10.6,B:10.10,B:11.2,B:11.9,E:10.7,E:11.10,P_count_eq_1,P_count_eq_2,P_count_eq_3,B_count_eq_1,B_count_2_3,B_count_4_5,B_count_6_8,E_count_eq_1,E_count_eq_2,B_E_count",24,151
count_plus_all_pairs,239,0.2191571309238337,0.2709529064508555,0.9094270169966371,"intercept,P:9.9,P:9.6,P:10.0,B:9.0,B:9.7,B:10.1,B:10.2,B:10.6,B:10.10,B:11.2,B:11.9,E:10.7,E:11.10,P_count_eq_1,P_count_eq_2,P_count_eq_3,B_count_eq_1,B_count_2_3,B_count_4_5,B_count_6_8,E_count_eq_1,E_count_eq_2,P_B_count,P_E_count,B_E_count",26,151
additive_head,239,0.3792184472930412,0.44600691864158176,0.7596878386578082,"intercept,P:9.9,P:9.6,P:10.0,B:9.0,B:9.7,B:10.1,B:10.2,B:10.6,B:10.10,B:11.2,B:11.9,E:10.7,E:11.10",14,152
count_additive,239,0.38197985770140885,0.4508760883636413,0.7544121000910472,"intercept,P:9.9,P:9.6,P:10.0,B:9.0,B:9.7,B:10.1,B:10.2,B:10.6,B:10.10,B:11.2,B:11.9,E:10.7,E:11.10,P_count_eq_1,P_count_eq_2,P_count_eq_3,B_count_eq_1,B_count_2_3,B_count_4_5,B_count_6_8,E_count_eq_1,E_count_eq_2",23,152
count_plus_PB_count,239,0.37331298718863176,0.4333413562817129,0.7731426604978593,"intercept,P:9.9,P:9.6,P:10.0,B:9.0,B:9.7,B:10.1,B:10.2,B:10.6,B:10.10,B:11.2,B:11.9,E:10.7,E:11.10,P_count_eq_1,P_count_eq_2,P_count_eq_3,B_count_eq_1,B_count_2_3,B_count_4_5,B_count_6_8,E_count_eq_1,E_count_eq_2,P_B_count",24,152
count_plus_PE_count,239,0.25198264036012186,0.3055835657626446,0.8871887149143957,"intercept,P:9.9,P:9.6,P:10.0,B:9.0,B:9.7,B:10.1,B:10.2,B:10.6,B:10.10,B:11.2,B:11.9,E:10.7,E:11.10,P_count_eq_1,P_count_eq_2,P_count_eq_3,B_count_eq_1,B_count_2_3,B_count_4_5,B_count_6_8,E_count_eq_1,E_count_eq_2,P_E_count",24,152
count_plus_BE_count,239,0.3793058096568352,0.44555530710678665,0.7601742562164456,"intercept,P:9.9,P:9.6,P:10.0,B:9.0,B:9.7,B:10.1,B:10.2,B:10.6,B:10.10,B:11.2,B:11.9,E:10.7,E:11.10,P_count_eq_1,P_count_eq_2,P_count_eq_3,B_count_eq_1,B_count_2_3,B_count_4_5,B_count_6_8,E_count_eq_1,E_count_eq_2,B_E_count",24,152
count_plus_all_pairs,239,0.22626028587666006,0.2794705024443938,0.9056450889683318,"intercept,P:9.9,P:9.6,P:10.0,B:9.0,B:9.7,B:10.1,B:10.2,B:10.6,B:10.10,B:11.2,B:11.9,E:10.7,E:11.10,P_count_eq_1,P_count_eq_2,P_count_eq_3,B_count_eq_1,B_count_2_3,B_count_4_5,B_count_6_8,E_count_eq_1,E_count_eq_2,P_B_count,P_E_count,B_E_count",26,152
additive_head,239,0.37997588936063426,0.4481507911755202,0.7708404536509337,"intercept,P:9.9,P:9.6,P:10.0,B:9.0,B:9.7,B:10.1,B:10.2,B:10.6,B:10.10,B:11.2,B:11.9,E:10.7,E:11.10",14,153
count_additive,239,0.3835203590855927,0.45308692581323956,0.7657645195564396,"intercept,P:9.9,P:9.6,P:10.0,B:9.0,B:9.7,B:10.1,B:10.2,B:10.6,B:10.10,B:11.2,B:11.9,E:10.7,E:11.10,P_count_eq_1,P_count_eq_2,P_count_eq_3,B_count_eq_1,B_count_2_3,B_count_4_5,B_count_6_8,E_count_eq_1,E_count_eq_2",23,153
count_plus_PB_count,239,0.3748912515761157,0.43564685993597624,0.7834496973571714,"intercept,P:9.9,P:9.6,P:10.0,B:9.0,B:9.7,B:10.1,B:10.2,B:10.6,B:10.10,B:11.2,B:11.9,E:10.7,E:11.10,P_count_eq_1,P_count_eq_2,P_count_eq_3,B_count_eq_1,B_count_2_3,B_count_4_5,B_count_6_8,E_count_eq_1,E_count_eq_2,P_B_count",24,153
count_plus_PE_count,239,0.25313229038868645,0.30700549143912814,0.8924570596249135,"intercept,P:9.9,P:9.6,P:10.0,B:9.0,B:9.7,B:10.1,B:10.2,B:10.6,B:10.10,B:11.2,B:11.9,E:10.7,E:11.10,P_count_eq_1,P_count_eq_2,P_count_eq_3,B_count_eq_1,B_count_2_3,B_count_4_5,B_count_6_8,E_count_eq_1,E_count_eq_2,P_E_count",24,153
count_plus_BE_count,239,0.3812162474444242,0.44781432790162906,0.7711844219253959,"intercept,P:9.9,P:9.6,P:10.0,B:9.0,B:9.7,B:10.1,B:10.2,B:10.6,B:10.10,B:11.2,B:11.9,E:10.7,E:11.10,P_count_eq_1,P_count_eq_2,P_count_eq_3,B_count_eq_1,B_count_2_3,B_count_4_5,B_count_6_8,E_count_eq_1,E_count_eq_2,B_E_count",24,153
count_plus_all_pairs,239,0.22715744790175849,0.2808177035037534,0.9100215338125266,"intercept,P:9.9,P:9.6,P:10.0,B:9.0,B:9.7,B:10.1,B:10.2,B:10.6,B:10.10,B:11.2,B:11.9,E:10.7,E:11.10,P_count_eq_1,P_count_eq_2,P_count_eq_3,B_count_eq_1,B_count_2_3,B_count_4_5,B_count_6_8,E_count_eq_1,E_count_eq_2,P_B_count,P_E_count,B_E_count",26,153
additive_head,239,0.3860462829013806,0.4546481149005126,0.7609298676477819,"intercept,P:9.9,P:9.6,P:10.0,B:9.0,B:9.7,B:10.1,B:10.2,B:10.6,B:10.10,B:11.2,B:11.9,E:10.7,E:11.10",14,154
count_additive,239,0.38896244222406107,0.45996278785977024,0.7553079115239161,"intercept,P:9.9,P:9.6,P:10.0,B:9.0,B:9.7,B:10.1,B:10.2,B:10.6,B:10.10,B:11.2,B:11.9,E:10.7,E:11.10,P_count_eq_1,P_count_eq_2,P_count_eq_3,B_count_eq_1,B_count_2_3,B_count_4_5,B_count_6_8,E_count_eq_1,E_count_eq_2",23,154
count_plus_PB_count,239,0.37978409577234856,0.44206080500842954,0.7739843286982895,"intercept,P:9.9,P:9.6,P:10.0,B:9.0,B:9.7,B:10.1,B:10.2,B:10.6,B:10.10,B:11.2,B:11.9,E:10.7,E:11.10,P_count_eq_1,P_count_eq_2,P_count_eq_3,B_count_eq_1,B_count_2_3,B_count_4_5,B_count_6_8,E_count_eq_1,E_count_eq_2,P_B_count",24,154
count_plus_PE_count,239,0.2555220798586824,0.3097842421377171,0.889007616480896,"intercept,P:9.9,P:9.6,P:10.0,B:9.0,B:9.7,B:10.1,B:10.2,B:10.6,B:10.10,B:11.2,B:11.9,E:10.7,E:11.10,P_count_eq_1,P_count_eq_2,P_count_eq_3,B_count_eq_1,B_count_2_3,B_count_4_5,B_count_6_8,E_count_eq_1,E_count_eq_2,P_E_count",24,154
count_plus_BE_count,239,0.3860238964359239,0.45468574905745707,0.7608902872559798,"intercept,P:9.9,P:9.6,P:10.0,B:9.0,B:9.7,B:10.1,B:10.2,B:10.6,B:10.10,B:11.2,B:11.9,E:10.7,E:11.10,P_count_eq_1,P_count_eq_2,P_count_eq_3,B_count_eq_1,B_count_2_3,B_count_4_5,B_count_6_8,E_count_eq_1,E_count_eq_2,B_E_count",24,154
count_plus_all_pairs,239,0.22967538961102343,0.28296760469684956,0.9073921141860241,"intercept,P:9.9,P:9.6,P:10.0,B:9.0,B:9.7,B:10.1,B:10.2,B:10.6,B:10.10,B:11.2,B:11.9,E:10.7,E:11.10,P_count_eq_1,P_count_eq_2,P_count_eq_3,B_count_eq_1,B_count_2_3,B_count_4_5,B_count_6_8,E_count_eq_1,E_count_eq_2,P_B_count,P_E_count,B_E_count",26,154
additive_head,239,0.3971452219651163,0.4665759061488019,0.7540576650739357,"intercept,P:9.9,P:9.6,P:10.0,B:9.0,B:9.7,B:10.1,B:10.2,B:10.6,B:10.10,B:11.2,B:11.9,E:10.7,E:11.10",14,155
count_additive,239,0.4005907456377569,0.47196719849660945,0.7483410917117661,"intercept,P:9.9,P:9.6,P:10.0,B:9.0,B:9.7,B:10.1,B:10.2,B:10.6,B:10.10,B:11.2,B:11.9,E:10.7,E:11.10,P_count_eq_1,P_count_eq_2,P_count_eq_3,B_count_eq_1,B_count_2_3,B_count_4_5,B_count_6_8,E_count_eq_1,E_count_eq_2",23,155
count_plus_PB_count,239,0.3911631468409263,0.45378424184322685,0.7673583355607545,"intercept,P:9.9,P:9.6,P:10.0,B:9.0,B:9.7,B:10.1,B:10.2,B:10.6,B:10.10,B:11.2,B:11.9,E:10.7,E:11.10,P_count_eq_1,P_count_eq_2,P_count_eq_3,B_count_eq_1,B_count_2_3,B_count_4_5,B_count_6_8,E_count_eq_1,E_count_eq_2,P_B_count",24,155
count_plus_PE_count,239,0.2651698724329567,0.32077316386743626,0.8837522031315685,"intercept,P:9.9,P:9.6,P:10.0,B:9.0,B:9.7,B:10.1,B:10.2,B:10.6,B:10.10,B:11.2,B:11.9,E:10.7,E:11.10,P_count_eq_1,P_count_eq_2,P_count_eq_3,B_count_eq_1,B_count_2_3,B_count_4_5,B_count_6_8,E_count_eq_1,E_count_eq_2,P_E_count",24,155
count_plus_BE_count,239,0.3982737432401669,0.4665029425099232,0.754134580509803,"intercept,P:9.9,P:9.6,P:10.0,B:9.0,B:9.7,B:10.1,B:10.2,B:10.6,B:10.10,B:11.2,B:11.9,E:10.7,E:11.10,P_count_eq_1,P_count_eq_2,P_count_eq_3,B_count_eq_1,B_count_2_3,B_count_4_5,B_count_6_8,E_count_eq_1,E_count_eq_2,B_E_count",24,155
count_plus_all_pairs,239,0.23818509775006638,0.29370931194072647,0.9025405161057443,"intercept,P:9.9,P:9.6,P:10.0,B:9.0,B:9.7,B:10.1,B:10.2,B:10.6,B:10.10,B:11.2,B:11.9,E:10.7,E:11.10,P_count_eq_1,P_count_eq_2,P_count_eq_3,B_count_eq_1,B_count_2_3,B_count_4_5,B_count_6_8,E_count_eq_1,E_count_eq_2,P_B_count,P_E_count,B_E_count",26,155
additive_head,239,0.37949523552607567,0.44787212177908375,0.7683379692885925,"intercept,P:9.9,P:9.6,P:10.0,B:9.0,B:9.7,B:10.1,B:10.2,B:10.6,B:10.10,B:11.2,B:11.9,E:10.7,E:11.10",14,156
count_additive,239,0.38272807418821586,0.45291908150718213,0.7630874679411226,"intercept,P:9.9,P:9.6,P:10.0,B:9.0,B:9.7,B:10.1,B:10.2,B:10.6,B:10.10,B:11.2,B:11.9,E:10.7,E:11.10,P_count_eq_1,P_count_eq_2,P_count_eq_3,B_count_eq_1,B_count_2_3,B_count_4_5,B_count_6_8,E_count_eq_1,E_count_eq_2",23,156
count_plus_PB_count,239,0.37338625234825185,0.4348533071592953,0.781610198676134,"intercept,P:9.9,P:9.6,P:10.0,B:9.0,B:9.7,B:10.1,B:10.2,B:10.6,B:10.10,B:11.2,B:11.9,E:10.7,E:11.10,P_count_eq_1,P_count_eq_2,P_count_eq_3,B_count_eq_1,B_count_2_3,B_count_4_5,B_count_6_8,E_count_eq_1,E_count_eq_2,P_B_count",24,156
count_plus_PE_count,239,0.2519273058001638,0.3064371617655528,0.8915499738658402,"intercept,P:9.9,P:9.6,P:10.0,B:9.0,B:9.7,B:10.1,B:10.2,B:10.6,B:10.10,B:11.2,B:11.9,E:10.7,E:11.10,P_count_eq_1,P_count_eq_2,P_count_eq_3,B_count_eq_1,B_count_2_3,B_count_4_5,B_count_6_8,E_count_eq_1,E_count_eq_2,P_E_count",24,156
count_plus_BE_count,239,0.3797851705193553,0.447249142410281,0.7689819937114779,"intercept,P:9.9,P:9.6,P:10.0,B:9.0,B:9.7,B:10.1,B:10.2,B:10.6,B:10.10,B:11.2,B:11.9,E:10.7,E:11.10,P_count_eq_1,P_count_eq_2,P_count_eq_3,B_count_eq_1,B_count_2_3,B_count_4_5,B_count_6_8,E_count_eq_1,E_count_eq_2,B_E_count",24,156
count_plus_all_pairs,239,0.22575477518344556,0.2790068222488552,0.9100965321724571,"intercept,P:9.9,P:9.6,P:10.0,B:9.0,B:9.7,B:10.1,B:10.2,B:10.6,B:10.10,B:11.2,B:11.9,E:10.7,E:11.10,P_count_eq_1,P_count_eq_2,P_count_eq_3,B_count_eq_1,B_count_2_3,B_count_4_5,B_count_6_8,E_count_eq_1,E_count_eq_2,P_B_count,P_E_count,B_E_count",26,156
additive_head,239,0.37931800783014835,0.4479499002204875,0.7657525048528546,"intercept,P:9.9,P:9.6,P:10.0,B:9.0,B:9.7,B:10.1,B:10.2,B:10.6,B:10.10,B:11.2,B:11.9,E:10.7,E:11.10",14,157
count_additive,239,0.382157160260768,0.45300681732986897,0.7604338007482925,"intercept,P:9.9,P:9.6,P:10.0,B:9.0,B:9.7,B:10.1,B:10.2,B:10.6,B:10.10,B:11.2,B:11.9,E:10.7,E:11.10,P_count_eq_1,P_count_eq_2,P_count_eq_3,B_count_eq_1,B_count_2_3,B_count_4_5,B_count_6_8,E_count_eq_1,E_count_eq_2",23,157
count_plus_PB_count,239,0.37258810863611735,0.43454655469339015,0.779560869592586,"intercept,P:9.9,P:9.6,P:10.0,B:9.0,B:9.7,B:10.1,B:10.2,B:10.6,B:10.10,B:11.2,B:11.9,E:10.7,E:11.10,P_count_eq_1,P_count_eq_2,P_count_eq_3,B_count_eq_1,B_count_2_3,B_count_4_5,B_count_6_8,E_count_eq_1,E_count_eq_2,P_B_count",24,157
count_plus_PE_count,239,0.255622172744763,0.31049638797151136,0.8874542312638156,"intercept,P:9.9,P:9.6,P:10.0,B:9.0,B:9.7,B:10.1,B:10.2,B:10.6,B:10.10,B:11.2,B:11.9,E:10.7,E:11.10,P_count_eq_1,P_count_eq_2,P_count_eq_3,B_count_eq_1,B_count_2_3,B_count_4_5,B_count_6_8,E_count_eq_1,E_count_eq_2,P_E_count",24,157
count_plus_BE_count,239,0.3788689498739174,0.44695974802677857,0.7667869255739225,"intercept,P:9.9,P:9.6,P:10.0,B:9.0,B:9.7,B:10.1,B:10.2,B:10.6,B:10.10,B:11.2,B:11.9,E:10.7,E:11.10,P_count_eq_1,P_count_eq_2,P_count_eq_3,B_count_eq_1,B_count_2_3,B_count_4_5,B_count_6_8,E_count_eq_1,E_count_eq_2,B_E_count",24,157
count_plus_all_pairs,239,0.2283047893453581,0.2823323988233652,0.9069454735325438,"intercept,P:9.9,P:9.6,P:10.0,B:9.0,B:9.7,B:10.1,B:10.2,B:10.6,B:10.10,B:11.2,B:11.9,E:10.7,E:11.10,P_count_eq_1,P_count_eq_2,P_count_eq_3,B_count_eq_1,B_count_2_3,B_count_4_5,B_count_6_8,E_count_eq_1,E_count_eq_2,P_B_count,P_E_count,B_E_count",26,157
additive_head,239,0.39683126994243006,0.46685937073374306,0.7558908198059766,"intercept,P:9.9,P:9.6,P:10.0,B:9.0,B:9.7,B:10.1,B:10.2,B:10.6,B:10.10,B:11.2,B:11.9,E:10.7,E:11.10",14,158
count_additive,239,0.400269452689061,0.4721212704681732,0.750357176537867,"intercept,P:9.9,P:9.6,P:10.0,B:9.0,B:9.7,B:10.1,B:10.2,B:10.6,B:10.10,B:11.2,B:11.9,E:10.7,E:11.10,P_count_eq_1,P_count_eq_2,P_count_eq_3,B_count_eq_1,B_count_2_3,B_count_4_5,B_count_6_8,E_count_eq_1,E_count_eq_2",23,158
count_plus_PB_count,239,0.3907088870279081,0.4542400011852697,0.7689091743864882,"intercept,P:9.9,P:9.6,P:10.0,B:9.0,B:9.7,B:10.1,B:10.2,B:10.6,B:10.10,B:11.2,B:11.9,E:10.7,E:11.10,P_count_eq_1,P_count_eq_2,P_count_eq_3,B_count_eq_1,B_count_2_3,B_count_4_5,B_count_6_8,E_count_eq_1,E_count_eq_2,P_B_count",24,158
count_plus_PE_count,239,0.2636779523035078,0.319696335895537,0.8855311633551546,"intercept,P:9.9,P:9.6,P:10.0,B:9.0,B:9.7,B:10.1,B:10.2,B:10.6,B:10.10,B:11.2,B:11.9,E:10.7,E:11.10,P_count_eq_1,P_count_eq_2,P_count_eq_3,B_count_eq_1,B_count_2_3,B_count_4_5,B_count_6_8,E_count_eq_1,E_count_eq_2,P_E_count",24,158
count_plus_BE_count,239,0.39753173759315075,0.4668049128778321,0.7559477658075365,"intercept,P:9.9,P:9.6,P:10.0,B:9.0,B:9.7,B:10.1,B:10.2,B:10.6,B:10.10,B:11.2,B:11.9,E:10.7,E:11.10,P_count_eq_1,P_count_eq_2,P_count_eq_3,B_count_eq_1,B_count_2_3,B_count_4_5,B_count_6_8,E_count_eq_1,E_count_eq_2,B_E_count",24,158
count_plus_all_pairs,239,0.23725164612157645,0.2930296010006213,0.903831035671584,"intercept,P:9.9,P:9.6,P:10.0,B:9.0,B:9.7,B:10.1,B:10.2,B:10.6,B:10.10,B:11.2,B:11.9,E:10.7,E:11.10,P_count_eq_1,P_count_eq_2,P_count_eq_3,B_count_eq_1,B_count_2_3,B_count_4_5,B_count_6_8,E_count_eq_1,E_count_eq_2,P_B_count,P_E_count,B_E_count",26,158
additive_head,239,0.3705025532826019,0.4376186909798109,0.7585181462694812,"intercept,P:9.9,P:9.6,P:10.0,B:9.0,B:9.7,B:10.1,B:10.2,B:10.6,B:10.10,B:11.2,B:11.9,E:10.7,E:11.10",14,159
count_additive,239,0.3736133229096678,0.44239391949930185,0.75321936697187,"intercept,P:9.9,P:9.6,P:10.0,B:9.0,B:9.7,B:10.1,B:10.2,B:10.6,B:10.10,B:11.2,B:11.9,E:10.7,E:11.10,P_count_eq_1,P_count_eq_2,P_count_eq_3,B_count_eq_1,B_count_2_3,B_count_4_5,B_count_6_8,E_count_eq_1,E_count_eq_2",23,159
count_plus_PB_count,239,0.3644214103418392,0.42413540391405874,0.773169302935807,"intercept,P:9.9,P:9.6,P:10.0,B:9.0,B:9.7,B:10.1,B:10.2,B:10.6,B:10.10,B:11.2,B:11.9,E:10.7,E:11.10,P_count_eq_1,P_count_eq_2,P_count_eq_3,B_count_eq_1,B_count_2_3,B_count_4_5,B_count_6_8,E_count_eq_1,E_count_eq_2,P_B_count",24,159
count_plus_PE_count,239,0.24646635377699125,0.3000027315580777,0.8865137635614965,"intercept,P:9.9,P:9.6,P:10.0,B:9.0,B:9.7,B:10.1,B:10.2,B:10.6,B:10.10,B:11.2,B:11.9,E:10.7,E:11.10,P_count_eq_1,P_count_eq_2,P_count_eq_3,B_count_eq_1,B_count_2_3,B_count_4_5,B_count_6_8,E_count_eq_1,E_count_eq_2,P_E_count",24,159
count_plus_BE_count,239,0.37044852891858715,0.43711447712714513,0.7590742850026038,"intercept,P:9.9,P:9.6,P:10.0,B:9.0,B:9.7,B:10.1,B:10.2,B:10.6,B:10.10,B:11.2,B:11.9,E:10.7,E:11.10,P_count_eq_1,P_count_eq_2,P_count_eq_3,B_count_eq_1,B_count_2_3,B_count_4_5,B_count_6_8,E_count_eq_1,E_count_eq_2,B_E_count",24,159
count_plus_all_pairs,239,0.2206016521818187,0.2727487827679403,0.9061966350651687,"intercept,P:9.9,P:9.6,P:10.0,B:9.0,B:9.7,B:10.1,B:10.2,B:10.6,B:10.10,B:11.2,B:11.9,E:10.7,E:11.10,P_count_eq_1,P_count_eq_2,P_count_eq_3,B_count_eq_1,B_count_2_3,B_count_4_5,B_count_6_8,E_count_eq_1,E_count_eq_2,P_B_count,P_E_count,B_E_count",26,159
additive_head,239,0.36538971353913985,0.4320898401680288,0.7667067453420002,"intercept,P:9.9,P:9.6,P:10.0,B:9.0,B:9.7,B:10.1,B:10.2,B:10.6,B:10.10,B:11.2,B:11.9,E:10.7,E:11.10",14,160
count_additive,239,0.36837166221314344,0.43629590598449336,0.762142774901738,"intercept,P:9.9,P:9.6,P:10.0,B:9.0,B:9.7,B:10.1,B:10.2,B:10.6,B:10.10,B:11.2,B:11.9,E:10.7,E:11.10,P_count_eq_1,P_count_eq_2,P_count_eq_3,B_count_eq_1,B_count_2_3,B_count_4_5,B_count_6_8,E_count_eq_1,E_count_eq_2",23,160
count_plus_PB_count,239,0.3587052893327166,0.41741984939273324,0.782279026991467,"intercept,P:9.9,P:9.6,P:10.0,B:9.0,B:9.7,B:10.1,B:10.2,B:10.6,B:10.10,B:11.2,B:11.9,E:10.7,E:11.10,P_count_eq_1,P_count_eq_2,P_count_eq_3,B_count_eq_1,B_count_2_3,B_count_4_5,B_count_6_8,E_count_eq_1,E_count_eq_2,P_B_count",24,160
count_plus_PE_count,239,0.2441288532907891,0.2964608695374481,0.8901781314659936,"intercept,P:9.9,P:9.6,P:10.0,B:9.0,B:9.7,B:10.1,B:10.2,B:10.6,B:10.10,B:11.2,B:11.9,E:10.7,E:11.10,P_count_eq_1,P_count_eq_2,P_count_eq_3,B_count_eq_1,B_count_2_3,B_count_4_5,B_count_6_8,E_count_eq_1,E_count_eq_2,P_E_count",24,160
count_plus_BE_count,239,0.36553075338589053,0.43184599364379317,0.7669699854921297,"intercept,P:9.9,P:9.6,P:10.0,B:9.0,B:9.7,B:10.1,B:10.2,B:10.6,B:10.10,B:11.2,B:11.9,E:10.7,E:11.10,P_count_eq_1,P_count_eq_2,P_count_eq_3,B_count_eq_1,B_count_2_3,B_count_4_5,B_count_6_8,E_count_eq_1,E_count_eq_2,B_E_count",24,160
count_plus_all_pairs,239,0.21853747553991504,0.2692476402145604,0.9094146672891358,"intercept,P:9.9,P:9.6,P:10.0,B:9.0,B:9.7,B:10.1,B:10.2,B:10.6,B:10.10,B:11.2,B:11.9,E:10.7,E:11.10,P_count_eq_1,P_count_eq_2,P_count_eq_3,B_count_eq_1,B_count_2_3,B_count_4_5,B_count_6_8,E_count_eq_1,E_count_eq_2,P_B_count,P_E_count,B_E_count",26,160
additive_head,239,0.39646809830993746,0.46945680859220595,0.7605403177939271,"intercept,P:9.9,P:9.6,P:10.0,B:9.0,B:9.7,B:10.1,B:10.2,B:10.6,B:10.10,B:11.2,B:11.9,E:10.7,E:11.10",14,161
count_additive,239,0.3994379485116956,0.4741135347139679,0.75576616739453,"intercept,P:9.9,P:9.6,P:10.0,B:9.0,B:9.7,B:10.1,B:10.2,B:10.6,B:10.10,B:11.2,B:11.9,E:10.7,E:11.10,P_count_eq_1,P_count_eq_2,P_count_eq_3,B_count_eq_1,B_count_2_3,B_count_4_5,B_count_6_8,E_count_eq_1,E_count_eq_2",23,161
count_plus_PB_count,239,0.3882731961827951,0.4533409414423073,0.7766988282373802,"intercept,P:9.9,P:9.6,P:10.0,B:9.0,B:9.7,B:10.1,B:10.2,B:10.6,B:10.10,B:11.2,B:11.9,E:10.7,E:11.10,P_count_eq_1,P_count_eq_2,P_count_eq_3,B_count_eq_1,B_count_2_3,B_count_4_5,B_count_6_8,E_count_eq_1,E_count_eq_2,P_B_count",24,161
count_plus_PE_count,239,0.2659165073652421,0.32300751861475197,0.8866382920264706,"intercept,P:9.9,P:9.6,P:10.0,B:9.0,B:9.7,B:10.1,B:10.2,B:10.6,B:10.10,B:11.2,B:11.9,E:10.7,E:11.10,P_count_eq_1,P_count_eq_2,P_count_eq_3,B_count_eq_1,B_count_2_3,B_count_4_5,B_count_6_8,E_count_eq_1,E_count_eq_2,P_E_count",24,161
count_plus_BE_count,239,0.3961733752253144,0.4691555825871336,0.7608475168402178,"intercept,P:9.9,P:9.6,P:10.0,B:9.0,B:9.7,B:10.1,B:10.2,B:10.6,B:10.10,B:11.2,B:11.9,E:10.7,E:11.10,P_count_eq_1,P_count_eq_2,P_count_eq_3,B_count_eq_1,B_count_2_3,B_count_4_5,B_count_6_8,E_count_eq_1,E_count_eq_2,B_E_count",24,161
count_plus_all_pairs,239,0.23753918100851573,0.29311371178001605,0.9066502008537597,"intercept,P:9.9,P:9.6,P:10.0,B:9.0,B:9.7,B:10.1,B:10.2,B:10.6,B:10.10,B:11.2,B:11.9,E:10.7,E:11.10,P_count_eq_1,P_count_eq_2,P_count_eq_3,B_count_eq_1,B_count_2_3,B_count_4_5,B_count_6_8,E_count_eq_1,E_count_eq_2,P_B_count,P_E_count,B_E_count",26,161
additive_head,239,0.3886335572161726,0.45782323877500486,0.7548335455487195,"intercept,P:9.9,P:9.6,P:10.0,B:9.0,B:9.7,B:10.1,B:10.2,B:10.6,B:10.10,B:11.2,B:11.9,E:10.7,E:11.10",14,162
count_additive,239,0.3921182623557047,0.46341378831336766,0.7488094581374389,"intercept,P:9.9,P:9.6,P:10.0,B:9.0,B:9.7,B:10.1,B:10.2,B:10.6,B:10.10,B:11.2,B:11.9,E:10.7,E:11.10,P_count_eq_1,P_count_eq_2,P_count_eq_3,B_count_eq_1,B_count_2_3,B_count_4_5,B_count_6_8,E_count_eq_1,E_count_eq_2",23,162
count_plus_PB_count,239,0.3820359586790009,0.4444997035180201,0.7688955378224273,"intercept,P:9.9,P:9.6,P:10.0,B:9.0,B:9.7,B:10.1,B:10.2,B:10.6,B:10.10,B:11.2,B:11.9,E:10.7,E:11.10,P_count_eq_1,P_count_eq_2,P_count_eq_3,B_count_eq_1,B_count_2_3,B_count_4_5,B_count_6_8,E_count_eq_1,E_count_eq_2,P_B_count",24,162
count_plus_PE_count,239,0.2582183036481574,0.31389465465389293,0.8847520471089967,"intercept,P:9.9,P:9.6,P:10.0,B:9.0,B:9.7,B:10.1,B:10.2,B:10.6,B:10.10,B:11.2,B:11.9,E:10.7,E:11.10,P_count_eq_1,P_count_eq_2,P_count_eq_3,B_count_eq_1,B_count_2_3,B_count_4_5,B_count_6_8,E_count_eq_1,E_count_eq_2,P_E_count",24,162
count_plus_BE_count,239,0.3892300094275526,0.45840189170563067,0.7542134112728343,"intercept,P:9.9,P:9.6,P:10.0,B:9.0,B:9.7,B:10.1,B:10.2,B:10.6,B:10.10,B:11.2,B:11.9,E:10.7,E:11.10,P_count_eq_1,P_count_eq_2,P_count_eq_3,B_count_eq_1,B_count_2_3,B_count_4_5,B_count_6_8,E_count_eq_1,E_count_eq_2,B_E_count",24,162
count_plus_all_pairs,239,0.231290331427287,0.2862183828915258,0.9041790599881736,"intercept,P:9.9,P:9.6,P:10.0,B:9.0,B:9.7,B:10.1,B:10.2,B:10.6,B:10.10,B:11.2,B:11.9,E:10.7,E:11.10,P_count_eq_1,P_count_eq_2,P_count_eq_3,B_count_eq_1,B_count_2_3,B_count_4_5,B_count_6_8,E_count_eq_1,E_count_eq_2,P_B_count,P_E_count,B_E_count",26,162
additive_head,239,0.3948543959638489,0.46325688717399666,0.7410281464171851,"intercept,P:9.9,P:9.6,P:10.0,B:9.0,B:9.7,B:10.1,B:10.2,B:10.6,B:10.10,B:11.2,B:11.9,E:10.7,E:11.10",14,163
count_additive,239,0.39851143934473365,0.4692440249226438,0.7342909794358896,"intercept,P:9.9,P:9.6,P:10.0,B:9.0,B:9.7,B:10.1,B:10.2,B:10.6,B:10.10,B:11.2,B:11.9,E:10.7,E:11.10,P_count_eq_1,P_count_eq_2,P_count_eq_3,B_count_eq_1,B_count_2_3,B_count_4_5,B_count_6_8,E_count_eq_1,E_count_eq_2",23,163
count_plus_PB_count,239,0.3898234043869963,0.4514304657618991,0.7540818822738874,"intercept,P:9.9,P:9.6,P:10.0,B:9.0,B:9.7,B:10.1,B:10.2,B:10.6,B:10.10,B:11.2,B:11.9,E:10.7,E:11.10,P_count_eq_1,P_count_eq_2,P_count_eq_3,B_count_eq_1,B_count_2_3,B_count_4_5,B_count_6_8,E_count_eq_1,E_count_eq_2,P_B_count",24,163
count_plus_PE_count,239,0.26486824912730017,0.3203438236378682,0.8761655424625986,"intercept,P:9.9,P:9.6,P:10.0,B:9.0,B:9.7,B:10.1,B:10.2,B:10.6,B:10.10,B:11.2,B:11.9,E:10.7,E:11.10,P_count_eq_1,P_count_eq_2,P_count_eq_3,B_count_eq_1,B_count_2_3,B_count_4_5,B_count_6_8,E_count_eq_1,E_count_eq_2,P_E_count",24,163
count_plus_BE_count,239,0.39628619971605017,0.4638582008184227,0.7403554122221139,"intercept,P:9.9,P:9.6,P:10.0,B:9.0,B:9.7,B:10.1,B:10.2,B:10.6,B:10.10,B:11.2,B:11.9,E:10.7,E:11.10,P_count_eq_1,P_count_eq_2,P_count_eq_3,B_count_eq_1,B_count_2_3,B_count_4_5,B_count_6_8,E_count_eq_1,E_count_eq_2,B_E_count",24,163
count_plus_all_pairs,239,0.23839866811076899,0.2940131583759143,0.8956860644294083,"intercept,P:9.9,P:9.6,P:10.0,B:9.0,B:9.7,B:10.1,B:10.2,B:10.6,B:10.10,B:11.2,B:11.9,E:10.7,E:11.10,P_count_eq_1,P_count_eq_2,P_count_eq_3,B_count_eq_1,B_count_2_3,B_count_4_5,B_count_6_8,E_count_eq_1,E_count_eq_2,P_B_count,P_E_count,B_E_count",26,163
additive_head,239,0.3897883236583228,0.4611625467783917,0.7678611703384854,"intercept,P:9.9,P:9.6,P:10.0,B:9.0,B:9.7,B:10.1,B:10.2,B:10.6,B:10.10,B:11.2,B:11.9,E:10.7,E:11.10",14,164
count_additive,239,0.3926629703104951,0.46563906511986797,0.7633325398981081,"intercept,P:9.9,P:9.6,P:10.0,B:9.0,B:9.7,B:10.1,B:10.2,B:10.6,B:10.10,B:11.2,B:11.9,E:10.7,E:11.10,P_count_eq_1,P_count_eq_2,P_count_eq_3,B_count_eq_1,B_count_2_3,B_count_4_5,B_count_6_8,E_count_eq_1,E_count_eq_2",23,164
count_plus_PB_count,239,0.3812461771896082,0.44498704528748245,0.7838603378708968,"intercept,P:9.9,P:9.6,P:10.0,B:9.0,B:9.7,B:10.1,B:10.2,B:10.6,B:10.10,B:11.2,B:11.9,E:10.7,E:11.10,P_count_eq_1,P_count_eq_2,P_count_eq_3,B_count_eq_1,B_count_2_3,B_count_4_5,B_count_6_8,E_count_eq_1,E_count_eq_2,P_B_count",24,164
count_plus_PE_count,239,0.2610519067817735,0.3166628879926446,0.8905453871277276,"intercept,P:9.9,P:9.6,P:10.0,B:9.0,B:9.7,B:10.1,B:10.2,B:10.6,B:10.10,B:11.2,B:11.9,E:10.7,E:11.10,P_count_eq_1,P_count_eq_2,P_count_eq_3,B_count_eq_1,B_count_2_3,B_count_4_5,B_count_6_8,E_count_eq_1,E_count_eq_2,P_E_count",24,164
count_plus_BE_count,239,0.38926256407689247,0.4608654923226261,0.7681601350520584,"intercept,P:9.9,P:9.6,P:10.0,B:9.0,B:9.7,B:10.1,B:10.2,B:10.6,B:10.10,B:11.2,B:11.9,E:10.7,E:11.10,P_count_eq_1,P_count_eq_2,P_count_eq_3,B_count_eq_1,B_count_2_3,B_count_4_5,B_count_6_8,E_count_eq_1,E_count_eq_2,B_E_count",24,164
count_plus_all_pairs,239,0.23286481949271426,0.28698456921523563,0.910100593503313,"intercept,P:9.9,P:9.6,P:10.0,B:9.0,B:9.7,B:10.1,B:10.2,B:10.6,B:10.10,B:11.2,B:11.9,E:10.7,E:11.10,P_count_eq_1,P_count_eq_2,P_count_eq_3,B_count_eq_1,B_count_2_3,B_count_4_5,B_count_6_8,E_count_eq_1,E_count_eq_2,P_B_count,P_E_count,B_E_count",26,164
additive_head,239,0.3707082592356864,0.4385538840016654,0.7646613700616295,"intercept,P:9.9,P:9.6,P:10.0,B:9.0,B:9.7,B:10.1,B:10.2,B:10.6,B:10.10,B:11.2,B:11.9,E:10.7,E:11.10",14,165
count_additive,239,0.37321801659039244,0.44315277458686014,0.7596997386857838,"intercept,P:9.9,P:9.6,P:10.0,B:9.0,B:9.7,B:10.1,B:10.2,B:10.6,B:10.10,B:11.2,B:11.9,E:10.7,E:11.10,P_count_eq_1,P_count_eq_2,P_count_eq_3,B_count_eq_1,B_count_2_3,B_count_4_5,B_count_6_8,E_count_eq_1,E_count_eq_2",23,165
count_plus_PB_count,239,0.3637377920460115,0.42473219501024045,0.7792617161917645,"intercept,P:9.9,P:9.6,P:10.0,B:9.0,B:9.7,B:10.1,B:10.2,B:10.6,B:10.10,B:11.2,B:11.9,E:10.7,E:11.10,P_count_eq_1,P_count_eq_2,P_count_eq_3,B_count_eq_1,B_count_2_3,B_count_4_5,B_count_6_8,E_count_eq_1,E_count_eq_2,P_B_count",24,165
count_plus_PE_count,239,0.24947230076498036,0.3030105966324082,0.8876526247256155,"intercept,P:9.9,P:9.6,P:10.0,B:9.0,B:9.7,B:10.1,B:10.2,B:10.6,B:10.10,B:11.2,B:11.9,E:10.7,E:11.10,P_count_eq_1,P_count_eq_2,P_count_eq_3,B_count_eq_1,B_count_2_3,B_count_4_5,B_count_6_8,E_count_eq_1,E_count_eq_2,P_E_count",24,165
count_plus_BE_count,239,0.36941809076127086,0.43733909552438444,0.7659633341540195,"intercept,P:9.9,P:9.6,P:10.0,B:9.0,B:9.7,B:10.1,B:10.2,B:10.6,B:10.10,B:11.2,B:11.9,E:10.7,E:11.10,P_count_eq_1,P_count_eq_2,P_count_eq_3,B_count_eq_1,B_count_2_3,B_count_4_5,B_count_6_8,E_count_eq_1,E_count_eq_2,B_E_count",24,165
count_plus_all_pairs,239,0.22293239151089916,0.274973968912425,0.9074810997084648,"intercept,P:9.9,P:9.6,P:10.0,B:9.0,B:9.7,B:10.1,B:10.2,B:10.6,B:10.10,B:11.2,B:11.9,E:10.7,E:11.10,P_count_eq_1,P_count_eq_2,P_count_eq_3,B_count_eq_1,B_count_2_3,B_count_4_5,B_count_6_8,E_count_eq_1,E_count_eq_2,P_B_count,P_E_count,B_E_count",26,165
additive_head,239,0.36781593308126376,0.43446157619495174,0.761354905325927,"intercept,P:9.9,P:9.6,P:10.0,B:9.0,B:9.7,B:10.1,B:10.2,B:10.6,B:10.10,B:11.2,B:11.9,E:10.7,E:11.10",14,166
count_additive,239,0.3702424381162324,0.43842533125609845,0.7569805449992046,"intercept,P:9.9,P:9.6,P:10.0,B:9.0,B:9.7,B:10.1,B:10.2,B:10.6,B:10.10,B:11.2,B:11.9,E:10.7,E:11.10,P_count_eq_1,P_count_eq_2,P_count_eq_3,B_count_eq_1,B_count_2_3,B_count_4_5,B_count_6_8,E_count_eq_1,E_count_eq_2",23,166
count_plus_PB_count,239,0.3605396876017857,0.41990299030519057,0.7770806849860532,"intercept,P:9.9,P:9.6,P:10.0,B:9.0,B:9.7,B:10.1,B:10.2,B:10.6,B:10.10,B:11.2,B:11.9,E:10.7,E:11.10,P_count_eq_1,P_count_eq_2,P_count_eq_3,B_count_eq_1,B_count_2_3,B_count_4_5,B_count_6_8,E_count_eq_1,E_count_eq_2,P_B_count",24,166
count_plus_PE_count,239,0.24458712051083933,0.2969163419439994,0.8885402748785919,"intercept,P:9.9,P:9.6,P:10.0,B:9.0,B:9.7,B:10.1,B:10.2,B:10.6,B:10.10,B:11.2,B:11.9,E:10.7,E:11.10,P_count_eq_1,P_count_eq_2,P_count_eq_3,B_count_eq_1,B_count_2_3,B_count_4_5,B_count_6_8,E_count_eq_1,E_count_eq_2,P_E_count",24,166
count_plus_BE_count,239,0.36700431819478546,0.43337601265740144,0.762545992284494,"intercept,P:9.9,P:9.6,P:10.0,B:9.0,B:9.7,B:10.1,B:10.2,B:10.6,B:10.10,B:11.2,B:11.9,E:10.7,E:11.10,P_count_eq_1,P_count_eq_2,P_count_eq_3,B_count_eq_1,B_count_2_3,B_count_4_5,B_count_6_8,E_count_eq_1,E_count_eq_2,B_E_count",24,166
count_plus_all_pairs,239,0.21839261421070696,0.26962879246934635,0.9080858662615582,"intercept,P:9.9,P:9.6,P:10.0,B:9.0,B:9.7,B:10.1,B:10.2,B:10.6,B:10.10,B:11.2,B:11.9,E:10.7,E:11.10,P_count_eq_1,P_count_eq_2,P_count_eq_3,B_count_eq_1,B_count_2_3,B_count_4_5,B_count_6_8,E_count_eq_1,E_count_eq_2,P_B_count,P_E_count,B_E_count",26,166
additive_head,239,0.3874535139511497,0.456461862543827,0.7556135788670667,"intercept,P:9.9,P:9.6,P:10.0,B:9.0,B:9.7,B:10.1,B:10.2,B:10.6,B:10.10,B:11.2,B:11.9,E:10.7,E:11.10",14,167
count_additive,239,0.39095088624040314,0.4618671291865062,0.7497914274852798,"intercept,P:9.9,P:9.6,P:10.0,B:9.0,B:9.7,B:10.1,B:10.2,B:10.6,B:10.10,B:11.2,B:11.9,E:10.7,E:11.10,P_count_eq_1,P_count_eq_2,P_count_eq_3,B_count_eq_1,B_count_2_3,B_count_4_5,B_count_6_8,E_count_eq_1,E_count_eq_2",23,167
count_plus_PB_count,239,0.38181473099336366,0.44383689035982066,0.7689452672534223,"intercept,P:9.9,P:9.6,P:10.0,B:9.0,B:9.7,B:10.1,B:10.2,B:10.6,B:10.10,B:11.2,B:11.9,E:10.7,E:11.10,P_count_eq_1,P_count_eq_2,P_count_eq_3,B_count_eq_1,B_count_2_3,B_count_4_5,B_count_6_8,E_count_eq_1,E_count_eq_2,P_B_count",24,167
count_plus_PE_count,239,0.2597455428647553,0.3151465600168197,0.8835087736325985,"intercept,P:9.9,P:9.6,P:10.0,B:9.0,B:9.7,B:10.1,B:10.2,B:10.6,B:10.10,B:11.2,B:11.9,E:10.7,E:11.10,P_count_eq_1,P_count_eq_2,P_count_eq_3,B_count_eq_1,B_count_2_3,B_count_4_5,B_count_6_8,E_count_eq_1,E_count_eq_2,P_E_count",24,167
count_plus_BE_count,239,0.38822147068177715,0.456404335143769,0.7556751745036612,"intercept,P:9.9,P:9.6,P:10.0,B:9.0,B:9.7,B:10.1,B:10.2,B:10.6,B:10.10,B:11.2,B:11.9,E:10.7,E:11.10,P_count_eq_1,P_count_eq_2,P_count_eq_3,B_count_eq_1,B_count_2_3,B_count_4_5,B_count_6_8,E_count_eq_1,E_count_eq_2,B_E_count",24,167
count_plus_all_pairs,239,0.23327404492318812,0.2883757510429908,0.9024593708181238,"intercept,P:9.9,P:9.6,P:10.0,B:9.0,B:9.7,B:10.1,B:10.2,B:10.6,B:10.10,B:11.2,B:11.9,E:10.7,E:11.10,P_count_eq_1,P_count_eq_2,P_count_eq_3,B_count_eq_1,B_count_2_3,B_count_4_5,B_count_6_8,E_count_eq_1,E_count_eq_2,P_B_count,P_E_count,B_E_count",26,167
additive_head,239,0.38918884673154575,0.45835242258838016,0.7563713131760577,"intercept,P:9.9,P:9.6,P:10.0,B:9.0,B:9.7,B:10.1,B:10.2,B:10.6,B:10.10,B:11.2,B:11.9,E:10.7,E:11.10",14,168
count_additive,239,0.393004596516478,0.4643162945839896,0.7499900967889326,"intercept,P:9.9,P:9.6,P:10.0,B:9.0,B:9.7,B:10.1,B:10.2,B:10.6,B:10.10,B:11.2,B:11.9,E:10.7,E:11.10,P_count_eq_1,P_count_eq_2,P_count_eq_3,B_count_eq_1,B_count_2_3,B_count_4_5,B_count_6_8,E_count_eq_1,E_count_eq_2",23,168
count_plus_PB_count,239,0.38377440036468474,0.44712014563107766,0.7681656211300308,"intercept,P:9.9,P:9.6,P:10.0,B:9.0,B:9.7,B:10.1,B:10.2,B:10.6,B:10.10,B:11.2,B:11.9,E:10.7,E:11.10,P_count_eq_1,P_count_eq_2,P_count_eq_3,B_count_eq_1,B_count_2_3,B_count_4_5,B_count_6_8,E_count_eq_1,E_count_eq_2,P_B_count",24,168
count_plus_PE_count,239,0.25666939308844683,0.311644663580602,0.8873713829605914,"intercept,P:9.9,P:9.6,P:10.0,B:9.0,B:9.7,B:10.1,B:10.2,B:10.6,B:10.10,B:11.2,B:11.9,E:10.7,E:11.10,P_count_eq_1,P_count_eq_2,P_count_eq_3,B_count_eq_1,B_count_2_3,B_count_4_5,B_count_6_8,E_count_eq_1,E_count_eq_2,P_E_count",24,168
count_plus_BE_count,239,0.39054852851610095,0.4583659432625153,0.7563569396394232,"intercept,P:9.9,P:9.6,P:10.0,B:9.0,B:9.7,B:10.1,B:10.2,B:10.6,B:10.10,B:11.2,B:11.9,E:10.7,E:11.10,P_count_eq_1,P_count_eq_2,P_count_eq_3,B_count_eq_1,B_count_2_3,B_count_4_5,B_count_6_8,E_count_eq_1,E_count_eq_2,B_E_count",24,168
count_plus_all_pairs,239,0.23065841567799716,0.28489485834350353,0.9058763880224641,"intercept,P:9.9,P:9.6,P:10.0,B:9.0,B:9.7,B:10.1,B:10.2,B:10.6,B:10.10,B:11.2,B:11.9,E:10.7,E:11.10,P_count_eq_1,P_count_eq_2,P_count_eq_3,B_count_eq_1,B_count_2_3,B_count_4_5,B_count_6_8,E_count_eq_1,E_count_eq_2,P_B_count,P_E_count,B_E_count",26,168
additive_head,239,0.3865665606901422,0.4549240338664105,0.7598788156484813,"intercept,P:9.9,P:9.6,P:10.0,B:9.0,B:9.7,B:10.1,B:10.2,B:10.6,B:10.10,B:11.2,B:11.9,E:10.7,E:11.10",14,169
count_additive,239,0.39025805752087767,0.460549676155188,0.7539033644391565,"intercept,P:9.9,P:9.6,P:10.0,B:9.0,B:9.7,B:10.1,B:10.2,B:10.6,B:10.10,B:11.2,B:11.9,E:10.7,E:11.10,P_count_eq_1,P_count_eq_2,P_count_eq_3,B_count_eq_1,B_count_2_3,B_count_4_5,B_count_6_8,E_count_eq_1,E_count_eq_2",23,169
count_plus_PB_count,239,0.381727783949753,0.4428215973758736,0.7724848598779569,"intercept,P:9.9,P:9.6,P:10.0,B:9.0,B:9.7,B:10.1,B:10.2,B:10.6,B:10.10,B:11.2,B:11.9,E:10.7,E:11.10,P_count_eq_1,P_count_eq_2,P_count_eq_3,B_count_eq_1,B_count_2_3,B_count_4_5,B_count_6_8,E_count_eq_1,E_count_eq_2,P_B_count",24,169
count_plus_PE_count,239,0.25811462121361883,0.3128082063064948,0.8864704308207413,"intercept,P:9.9,P:9.6,P:10.0,B:9.0,B:9.7,B:10.1,B:10.2,B:10.6,B:10.10,B:11.2,B:11.9,E:10.7,E:11.10,P_count_eq_1,P_count_eq_2,P_count_eq_3,B_count_eq_1,B_count_2_3,B_count_4_5,B_count_6_8,E_count_eq_1,E_count_eq_2,P_E_count",24,169
count_plus_BE_count,239,0.3883971370378947,0.4555774044985439,0.7591885870336229,"intercept,P:9.9,P:9.6,P:10.0,B:9.0,B:9.7,B:10.1,B:10.2,B:10.6,B:10.10,B:11.2,B:11.9,E:10.7,E:11.10,P_count_eq_1,P_count_eq_2,P_count_eq_3,B_count_eq_1,B_count_2_3,B_count_4_5,B_count_6_8,E_count_eq_1,E_count_eq_2,B_E_count",24,169
count_plus_all_pairs,239,0.23227224914826478,0.286666569554575,0.9046530483540347,"intercept,P:9.9,P:9.6,P:10.0,B:9.0,B:9.7,B:10.1,B:10.2,B:10.6,B:10.10,B:11.2,B:11.9,E:10.7,E:11.10,P_count_eq_1,P_count_eq_2,P_count_eq_3,B_count_eq_1,B_count_2_3,B_count_4_5,B_count_6_8,E_count_eq_1,E_count_eq_2,P_B_count,P_E_count,B_E_count",26,169
additive_head,239,0.3747354551504893,0.4412505850578314,0.7566176495854937,"intercept,P:9.9,P:9.6,P:10.0,B:9.0,B:9.7,B:10.1,B:10.2,B:10.6,B:10.10,B:11.2,B:11.9,E:10.7,E:11.10",14,170
count_additive,239,0.3778067054854444,0.4459826633617407,0.7513694756112939,"intercept,P:9.9,P:9.6,P:10.0,B:9.0,B:9.7,B:10.1,B:10.2,B:10.6,B:10.10,B:11.2,B:11.9,E:10.7,E:11.10,P_count_eq_1,P_count_eq_2,P_count_eq_3,B_count_eq_1,B_count_2_3,B_count_4_5,B_count_6_8,E_count_eq_1,E_count_eq_2",23,170
count_plus_PB_count,239,0.3693917049946287,0.4290671019768157,0.7698722843933069,"intercept,P:9.9,P:9.6,P:10.0,B:9.0,B:9.7,B:10.1,B:10.2,B:10.6,B:10.10,B:11.2,B:11.9,E:10.7,E:11.10,P_count_eq_1,P_count_eq_2,P_count_eq_3,B_count_eq_1,B_count_2_3,B_count_4_5,B_count_6_8,E_count_eq_1,E_count_eq_2,P_B_count",24,170
count_plus_PE_count,239,0.25011260812102476,0.3030551947535324,0.8851946946601008,"intercept,P:9.9,P:9.6,P:10.0,B:9.0,B:9.7,B:10.1,B:10.2,B:10.6,B:10.10,B:11.2,B:11.9,E:10.7,E:11.10,P_count_eq_1,P_count_eq_2,P_count_eq_3,B_count_eq_1,B_count_2_3,B_count_4_5,B_count_6_8,E_count_eq_1,E_count_eq_2,P_E_count",24,170
count_plus_BE_count,239,0.37562029168961086,0.4405373958436335,0.7574037670304594,"intercept,P:9.9,P:9.6,P:10.0,B:9.0,B:9.7,B:10.1,B:10.2,B:10.6,B:10.10,B:11.2,B:11.9,E:10.7,E:11.10,P_count_eq_1,P_count_eq_2,P_count_eq_3,B_count_eq_1,B_count_2_3,B_count_4_5,B_count_6_8,E_count_eq_1,E_count_eq_2,B_E_count",24,170
count_plus_all_pairs,239,0.2246705288607654,0.27745398600554844,0.9037722282714294,"intercept,P:9.9,P:9.6,P:10.0,B:9.0,B:9.7,B:10.1,B:10.2,B:10.6,B:10.10,B:11.2,B:11.9,E:10.7,E:11.10,P_count_eq_1,P_count_eq_2,P_count_eq_3,B_count_eq_1,B_count_2_3,B_count_4_5,B_count_6_8,E_count_eq_1,E_count_eq_2,P_B_count,P_E_count,B_E_count",26,170
additive_head,239,0.4139953974682193,0.4895954332809406,0.76203643131589,"intercept,P:9.9,P:9.6,P:10.0,B:9.0,B:9.7,B:10.1,B:10.2,B:10.6,B:10.10,B:11.2,B:11.9,E:10.7,E:11.10",14,171
count_additive,239,0.41798854659074913,0.49542872484819933,0.7563322105787764,"intercept,P:9.9,P:9.6,P:10.0,B:9.0,B:9.7,B:10.1,B:10.2,B:10.6,B:10.10,B:11.2,B:11.9,E:10.7,E:11.10,P_count_eq_1,P_count_eq_2,P_count_eq_3,B_count_eq_1,B_count_2_3,B_count_4_5,B_count_6_8,E_count_eq_1,E_count_eq_2",23,171
count_plus_PB_count,239,0.4058835575600994,0.474113911812155,0.7768478093445319,"intercept,P:9.9,P:9.6,P:10.0,B:9.0,B:9.7,B:10.1,B:10.2,B:10.6,B:10.10,B:11.2,B:11.9,E:10.7,E:11.10,P_count_eq_1,P_count_eq_2,P_count_eq_3,B_count_eq_1,B_count_2_3,B_count_4_5,B_count_6_8,E_count_eq_1,E_count_eq_2,P_B_count",24,171
count_plus_PE_count,239,0.27702818057259615,0.336165429797651,0.8878131751559818,"intercept,P:9.9,P:9.6,P:10.0,B:9.0,B:9.7,B:10.1,B:10.2,B:10.6,B:10.10,B:11.2,B:11.9,E:10.7,E:11.10,P_count_eq_1,P_count_eq_2,P_count_eq_3,B_count_eq_1,B_count_2_3,B_count_4_5,B_count_6_8,E_count_eq_1,E_count_eq_2,P_E_count",24,171
count_plus_BE_count,239,0.41435602736222416,0.48958590446445055,0.7620456940212067,"intercept,P:9.9,P:9.6,P:10.0,B:9.0,B:9.7,B:10.1,B:10.2,B:10.6,B:10.10,B:11.2,B:11.9,E:10.7,E:11.10,P_count_eq_1,P_count_eq_2,P_count_eq_3,B_count_eq_1,B_count_2_3,B_count_4_5,B_count_6_8,E_count_eq_1,E_count_eq_2,B_E_count",24,171
count_plus_all_pairs,239,0.24695702740494946,0.30475619626135547,0.9077978930134014,"intercept,P:9.9,P:9.6,P:10.0,B:9.0,B:9.7,B:10.1,B:10.2,B:10.6,B:10.10,B:11.2,B:11.9,E:10.7,E:11.10,P_count_eq_1,P_count_eq_2,P_count_eq_3,B_count_eq_1,B_count_2_3,B_count_4_5,B_count_6_8,E_count_eq_1,E_count_eq_2,P_B_count,P_E_count,B_E_count",26,171
additive_head,239,0.37020336848841107,0.43635139331670364,0.7655168895485737,"intercept,P:9.9,P:9.6,P:10.0,B:9.0,B:9.7,B:10.1,B:10.2,B:10.6,B:10.10,B:11.2,B:11.9,E:10.7,E:11.10",14,172
count_additive,239,0.37335064104726423,0.4413288525978588,0.7601368821615487,"intercept,P:9.9,P:9.6,P:10.0,B:9.0,B:9.7,B:10.1,B:10.2,B:10.6,B:10.10,B:11.2,B:11.9,E:10.7,E:11.10,P_count_eq_1,P_count_eq_2,P_count_eq_3,B_count_eq_1,B_count_2_3,B_count_4_5,B_count_6_8,E_count_eq_1,E_count_eq_2",23,172
count_plus_PB_count,239,0.36404155635008306,0.423191371490928,0.7794472685029297,"intercept,P:9.9,P:9.6,P:10.0,B:9.0,B:9.7,B:10.1,B:10.2,B:10.6,B:10.10,B:11.2,B:11.9,E:10.7,E:11.10,P_count_eq_1,P_count_eq_2,P_count_eq_3,B_count_eq_1,B_count_2_3,B_count_4_5,B_count_6_8,E_count_eq_1,E_count_eq_2,P_B_count",24,172
count_plus_PE_count,239,0.24660218025063796,0.2991734486211719,0.8897737766290087,"intercept,P:9.9,P:9.6,P:10.0,B:9.0,B:9.7,B:10.1,B:10.2,B:10.6,B:10.10,B:11.2,B:11.9,E:10.7,E:11.10,P_count_eq_1,P_count_eq_2,P_count_eq_3,B_count_eq_1,B_count_2_3,B_count_4_5,B_count_6_8,E_count_eq_1,E_count_eq_2,P_E_count",24,172
count_plus_BE_count,239,0.3704769583647596,0.43654372312901973,0.7653101386032688,"intercept,P:9.9,P:9.6,P:10.0,B:9.0,B:9.7,B:10.1,B:10.2,B:10.6,B:10.10,B:11.2,B:11.9,E:10.7,E:11.10,P_count_eq_1,P_count_eq_2,P_count_eq_3,B_count_eq_1,B_count_2_3,B_count_4_5,B_count_6_8,E_count_eq_1,E_count_eq_2,B_E_count",24,172
count_plus_all_pairs,239,0.22117379068797616,0.2726684450376777,0.9084394073103497,"intercept,P:9.9,P:9.6,P:10.0,B:9.0,B:9.7,B:10.1,B:10.2,B:10.6,B:10.10,B:11.2,B:11.9,E:10.7,E:11.10,P_count_eq_1,P_count_eq_2,P_count_eq_3,B_count_eq_1,B_count_2_3,B_count_4_5,B_count_6_8,E_count_eq_1,E_count_eq_2,P_B_count,P_E_count,B_E_count",26,172
additive_head,239,0.3733421902689966,0.44290133021610434,0.7509717370853881,"intercept,P:9.9,P:9.6,P:10.0,B:9.0,B:9.7,B:10.1,B:10.2,B:10.6,B:10.10,B:11.2,B:11.9,E:10.7,E:11.10",14,173
count_additive,239,0.3761896750100447,0.4475044039948086,0.7457685366735045,"intercept,P:9.9,P:9.6,P:10.0,B:9.0,B:9.7,B:10.1,B:10.2,B:10.6,B:10.10,B:11.2,B:11.9,E:10.7,E:11.10,P_count_eq_1,P_count_eq_2,P_count_eq_3,B_count_eq_1,B_count_2_3,B_count_4_5,B_count_6_8,E_count_eq_1,E_count_eq_2",23,173
count_plus_PB_count,239,0.3663971094052989,0.42845532356946026,0.7669517980597487,"intercept,P:9.9,P:9.6,P:10.0,B:9.0,B:9.7,B:10.1,B:10.2,B:10.6,B:10.10,B:11.2,B:11.9,E:10.7,E:11.10,P_count_eq_1,P_count_eq_2,P_count_eq_3,B_count_eq_1,B_count_2_3,B_count_4_5,B_count_6_8,E_count_eq_1,E_count_eq_2,P_B_count",24,173
count_plus_PE_count,239,0.24767090984543735,0.3020805101368421,0.8841542563044407,"intercept,P:9.9,P:9.6,P:10.0,B:9.0,B:9.7,B:10.1,B:10.2,B:10.6,B:10.10,B:11.2,B:11.9,E:10.7,E:11.10,P_count_eq_1,P_count_eq_2,P_count_eq_3,B_count_eq_1,B_count_2_3,B_count_4_5,B_count_6_8,E_count_eq_1,E_count_eq_2,P_E_count",24,173
count_plus_BE_count,239,0.3730055156513591,0.4424868973996556,0.7514375618254894,"intercept,P:9.9,P:9.6,P:10.0,B:9.0,B:9.7,B:10.1,B:10.2,B:10.6,B:10.10,B:11.2,B:11.9,E:10.7,E:11.10,P_count_eq_1,P_count_eq_2,P_count_eq_3,B_count_eq_1,B_count_2_3,B_count_4_5,B_count_6_8,E_count_eq_1,E_count_eq_2,B_E_count",24,173
count_plus_all_pairs,239,0.2212187961202389,0.2739978938067413,0.9046920520876871,"intercept,P:9.9,P:9.6,P:10.0,B:9.0,B:9.7,B:10.1,B:10.2,B:10.6,B:10.10,B:11.2,B:11.9,E:10.7,E:11.10,P_count_eq_1,P_count_eq_2,P_count_eq_3,B_count_eq_1,B_count_2_3,B_count_4_5,B_count_6_8,E_count_eq_1,E_count_eq_2,P_B_count,P_E_count,B_E_count",26,173
additive_head,239,0.386153433124075,0.4581083099844739,0.7743645427290488,"intercept,P:9.9,P:9.6,P:10.0,B:9.0,B:9.7,B:10.1,B:10.2,B:10.6,B:10.10,B:11.2,B:11.9,E:10.7,E:11.10",14,174
count_additive,239,0.3889573497005875,0.46252661159781827,0.769991196994928,"intercept,P:9.9,P:9.6,P:10.0,B:9.0,B:9.7,B:10.1,B:10.2,B:10.6,B:10.10,B:11.2,B:11.9,E:10.7,E:11.10,P_count_eq_1,P_count_eq_2,P_count_eq_3,B_count_eq_1,B_count_2_3,B_count_4_5,B_count_6_8,E_count_eq_1,E_count_eq_2",23,174
count_plus_PB_count,239,0.3773411506376291,0.441041615460514,0.7908633494720427,"intercept,P:9.9,P:9.6,P:10.0,B:9.0,B:9.7,B:10.1,B:10.2,B:10.6,B:10.10,B:11.2,B:11.9,E:10.7,E:11.10,P_count_eq_1,P_count_eq_2,P_count_eq_3,B_count_eq_1,B_count_2_3,B_count_4_5,B_count_6_8,E_count_eq_1,E_count_eq_2,P_B_count",24,174
count_plus_PE_count,239,0.2580313047823661,0.31379910408708434,0.8941296359656498,"intercept,P:9.9,P:9.6,P:10.0,B:9.0,B:9.7,B:10.1,B:10.2,B:10.6,B:10.10,B:11.2,B:11.9,E:10.7,E:11.10,P_count_eq_1,P_count_eq_2,P_count_eq_3,B_count_eq_1,B_count_2_3,B_count_4_5,B_count_6_8,E_count_eq_1,E_count_eq_2,P_E_count",24,174
count_plus_BE_count,239,0.38559231653383097,0.45780451118946874,0.7746637080115213,"intercept,P:9.9,P:9.6,P:10.0,B:9.0,B:9.7,B:10.1,B:10.2,B:10.6,B:10.10,B:11.2,B:11.9,E:10.7,E:11.10,P_count_eq_1,P_count_eq_2,P_count_eq_3,B_count_eq_1,B_count_2_3,B_count_4_5,B_count_6_8,E_count_eq_1,E_count_eq_2,B_E_count",24,174
count_plus_all_pairs,239,0.22924649523070573,0.2831160652938458,0.9138212807355368,"intercept,P:9.9,P:9.6,P:10.0,B:9.0,B:9.7,B:10.1,B:10.2,B:10.6,B:10.10,B:11.2,B:11.9,E:10.7,E:11.10,P_count_eq_1,P_count_eq_2,P_count_eq_3,B_count_eq_1,B_count_2_3,B_count_4_5,B_count_6_8,E_count_eq_1,E_count_eq_2,P_B_count,P_E_count,B_E_count",26,174
additive_head,239,0.39553166266908085,0.4660606272600381,0.753294405013361,"intercept,P:9.9,P:9.6,P:10.0,B:9.0,B:9.7,B:10.1,B:10.2,B:10.6,B:10.10,B:11.2,B:11.9,E:10.7,E:11.10",14,175
count_additive,239,0.3990676967227706,0.4713655383122413,0.7476462143822273,"intercept,P:9.9,P:9.6,P:10.0,B:9.0,B:9.7,B:10.1,B:10.2,B:10.6,B:10.10,B:11.2,B:11.9,E:10.7,E:11.10,P_count_eq_1,P_count_eq_2,P_count_eq_3,B_count_eq_1,B_count_2_3,B_count_4_5,B_count_6_8,E_count_eq_1,E_count_eq_2",23,175
count_plus_PB_count,239,0.38863372621235426,0.45142790061801974,0.7685426573501244,"intercept,P:9.9,P:9.6,P:10.0,B:9.0,B:9.7,B:10.1,B:10.2,B:10.6,B:10.10,B:11.2,B:11.9,E:10.7,E:11.10,P_count_eq_1,P_count_eq_2,P_count_eq_3,B_count_eq_1,B_count_2_3,B_count_4_5,B_count_6_8,E_count_eq_1,E_count_eq_2,P_B_count",24,175
count_plus_PE_count,239,0.26416179167028775,0.3200144533825957,0.8836856346560322,"intercept,P:9.9,P:9.6,P:10.0,B:9.0,B:9.7,B:10.1,B:10.2,B:10.6,B:10.10,B:11.2,B:11.9,E:10.7,E:11.10,P_count_eq_1,P_count_eq_2,P_count_eq_3,B_count_eq_1,B_count_2_3,B_count_4_5,B_count_6_8,E_count_eq_1,E_count_eq_2,P_E_count",24,175
count_plus_BE_count,239,0.39623058802156946,0.4667897099093278,0.7525219327329352,"intercept,P:9.9,P:9.6,P:10.0,B:9.0,B:9.7,B:10.1,B:10.2,B:10.6,B:10.10,B:11.2,B:11.9,E:10.7,E:11.10,P_count_eq_1,P_count_eq_2,P_count_eq_3,B_count_eq_1,B_count_2_3,B_count_4_5,B_count_6_8,E_count_eq_1,E_count_eq_2,B_E_count",24,175
count_plus_all_pairs,239,0.23634998845779687,0.29163242431433134,0.9034025227623322,"intercept,P:9.9,P:9.6,P:10.0,B:9.0,B:9.7,B:10.1,B:10.2,B:10.6,B:10.10,B:11.2,B:11.9,E:10.7,E:11.10,P_count_eq_1,P_count_eq_2,P_count_eq_3,B_count_eq_1,B_count_2_3,B_count_4_5,B_count_6_8,E_count_eq_1,E_count_eq_2,P_B_count,P_E_count,B_E_count",26,175
additive_head,239,0.38282195179166445,0.44961159637286097,0.7489624605551927,"intercept,P:9.9,P:9.6,P:10.0,B:9.0,B:9.7,B:10.1,B:10.2,B:10.6,B:10.10,B:11.2,B:11.9,E:10.7,E:11.10",14,176
count_additive,239,0.3863107518347478,0.4552540963340154,0.7426220212608913,"intercept,P:9.9,P:9.6,P:10.0,B:9.0,B:9.7,B:10.1,B:10.2,B:10.6,B:10.10,B:11.2,B:11.9,E:10.7,E:11.10,P_count_eq_1,P_count_eq_2,P_count_eq_3,B_count_eq_1,B_count_2_3,B_count_4_5,B_count_6_8,E_count_eq_1,E_count_eq_2",23,176
count_plus_PB_count,239,0.3778731299474492,0.4384736466975993,0.7612460011769207,"intercept,P:9.9,P:9.6,P:10.0,B:9.0,B:9.7,B:10.1,B:10.2,B:10.6,B:10.10,B:11.2,B:11.9,E:10.7,E:11.10,P_count_eq_1,P_count_eq_2,P_count_eq_3,B_count_eq_1,B_count_2_3,B_count_4_5,B_count_6_8,E_count_eq_1,E_count_eq_2,P_B_count",24,176
count_plus_PE_count,239,0.25393001503509954,0.3072980595738695,0.8827309795995876,"intercept,P:9.9,P:9.6,P:10.0,B:9.0,B:9.7,B:10.1,B:10.2,B:10.6,B:10.10,B:11.2,B:11.9,E:10.7,E:11.10,P_count_eq_1,P_count_eq_2,P_count_eq_3,B_count_eq_1,B_count_2_3,B_count_4_5,B_count_6_8,E_count_eq_1,E_count_eq_2,P_E_count",24,176
count_plus_BE_count,239,0.3841051094831938,0.4500344083973931,0.7484900901864364,"intercept,P:9.9,P:9.6,P:10.0,B:9.0,B:9.7,B:10.1,B:10.2,B:10.6,B:10.10,B:11.2,B:11.9,E:10.7,E:11.10,P_count_eq_1,P_count_eq_2,P_count_eq_3,B_count_eq_1,B_count_2_3,B_count_4_5,B_count_6_8,E_count_eq_1,E_count_eq_2,B_E_count",24,176
count_plus_all_pairs,239,0.22879643183193618,0.281926467214919,0.9012958620119259,"intercept,P:9.9,P:9.6,P:10.0,B:9.0,B:9.7,B:10.1,B:10.2,B:10.6,B:10.10,B:11.2,B:11.9,E:10.7,E:11.10,P_count_eq_1,P_count_eq_2,P_count_eq_3,B_count_eq_1,B_count_2_3,B_count_4_5,B_count_6_8,E_count_eq_1,E_count_eq_2,P_B_count,P_E_count,B_E_count",26,176
additive_head,239,0.4005932261582349,0.4736123112356454,0.7575572146031462,"intercept,P:9.9,P:9.6,P:10.0,B:9.0,B:9.7,B:10.1,B:10.2,B:10.6,B:10.10,B:11.2,B:11.9,E:10.7,E:11.10",14,177
count_additive,239,0.40402769242963316,0.4787668742218994,0.7522512414911176,"intercept,P:9.9,P:9.6,P:10.0,B:9.0,B:9.7,B:10.1,B:10.2,B:10.6,B:10.10,B:11.2,B:11.9,E:10.7,E:11.10,P_count_eq_1,P_count_eq_2,P_count_eq_3,B_count_eq_1,B_count_2_3,B_count_4_5,B_count_6_8,E_count_eq_1,E_count_eq_2",23,177
count_plus_PB_count,239,0.39310202349791384,0.45915468060855386,0.7721330546201908,"intercept,P:9.9,P:9.6,P:10.0,B:9.0,B:9.7,B:10.1,B:10.2,B:10.6,B:10.10,B:11.2,B:11.9,E:10.7,E:11.10,P_count_eq_1,P_count_eq_2,P_count_eq_3,B_count_eq_1,B_count_2_3,B_count_4_5,B_count_6_8,E_count_eq_1,E_count_eq_2,P_B_count",24,177
count_plus_PE_count,239,0.26939581105253846,0.3267759059058232,0.8845847083325283,"intercept,P:9.9,P:9.6,P:10.0,B:9.0,B:9.7,B:10.1,B:10.2,B:10.6,B:10.10,B:11.2,B:11.9,E:10.7,E:11.10,P_count_eq_1,P_count_eq_2,P_count_eq_3,B_count_eq_1,B_count_2_3,B_count_4_5,B_count_6_8,E_count_eq_1,E_count_eq_2,P_E_count",24,177
count_plus_BE_count,239,0.40085587733176264,0.4727332018832816,0.7584564138334361,"intercept,P:9.9,P:9.6,P:10.0,B:9.0,B:9.7,B:10.1,B:10.2,B:10.6,B:10.10,B:11.2,B:11.9,E:10.7,E:11.10,P_count_eq_1,P_count_eq_2,P_count_eq_3,B_count_eq_1,B_count_2_3,B_count_4_5,B_count_6_8,E_count_eq_1,E_count_eq_2,B_E_count",24,177
count_plus_all_pairs,239,0.2408611734337512,0.2973460476815614,0.9044374699569779,"intercept,P:9.9,P:9.6,P:10.0,B:9.0,B:9.7,B:10.1,B:10.2,B:10.6,B:10.10,B:11.2,B:11.9,E:10.7,E:11.10,P_count_eq_1,P_count_eq_2,P_count_eq_3,B_count_eq_1,B_count_2_3,B_count_4_5,B_count_6_8,E_count_eq_1,E_count_eq_2,P_B_count,P_E_count,B_E_count",26,177
additive_head,239,0.3773831080516348,0.44528570237202836,0.7636403413126893,"intercept,P:9.9,P:9.6,P:10.0,B:9.0,B:9.7,B:10.1,B:10.2,B:10.6,B:10.10,B:11.2,B:11.9,E:10.7,E:11.10",14,178
count_additive,239,0.38018476001861895,0.44989110071076777,0.7587259258073,"intercept,P:9.9,P:9.6,P:10.0,B:9.0,B:9.7,B:10.1,B:10.2,B:10.6,B:10.10,B:11.2,B:11.9,E:10.7,E:11.10,P_count_eq_1,P_count_eq_2,P_count_eq_3,B_count_eq_1,B_count_2_3,B_count_4_5,B_count_6_8,E_count_eq_1,E_count_eq_2",23,178
count_plus_PB_count,239,0.3710757152990212,0.43163993661974176,0.7779048406291735,"intercept,P:9.9,P:9.6,P:10.0,B:9.0,B:9.7,B:10.1,B:10.2,B:10.6,B:10.10,B:11.2,B:11.9,E:10.7,E:11.10,P_count_eq_1,P_count_eq_2,P_count_eq_3,B_count_eq_1,B_count_2_3,B_count_4_5,B_count_6_8,E_count_eq_1,E_count_eq_2,P_B_count",24,178
count_plus_PE_count,239,0.2499074752117082,0.30414642736135117,0.8897290054108146,"intercept,P:9.9,P:9.6,P:10.0,B:9.0,B:9.7,B:10.1,B:10.2,B:10.6,B:10.10,B:11.2,B:11.9,E:10.7,E:11.10,P_count_eq_1,P_count_eq_2,P_count_eq_3,B_count_eq_1,B_count_2_3,B_count_4_5,B_count_6_8,E_count_eq_1,E_count_eq_2,P_E_count",24,178
count_plus_BE_count,239,0.3775527820949687,0.4446923102644695,0.764269871986425,"intercept,P:9.9,P:9.6,P:10.0,B:9.0,B:9.7,B:10.1,B:10.2,B:10.6,B:10.10,B:11.2,B:11.9,E:10.7,E:11.10,P_count_eq_1,P_count_eq_2,P_count_eq_3,B_count_eq_1,B_count_2_3,B_count_4_5,B_count_6_8,E_count_eq_1,E_count_eq_2,B_E_count",24,178
count_plus_all_pairs,239,0.2237073142589053,0.27693563066051036,0.9085774091741136,"intercept,P:9.9,P:9.6,P:10.0,B:9.0,B:9.7,B:10.1,B:10.2,B:10.6,B:10.10,B:11.2,B:11.9,E:10.7,E:11.10,P_count_eq_1,P_count_eq_2,P_count_eq_3,B_count_eq_1,B_count_2_3,B_count_4_5,B_count_6_8,E_count_eq_1,E_count_eq_2,P_B_count,P_E_count,B_E_count",26,178
additive_head,239,0.3889970487783223,0.45869324933435235,0.7692562276529447,"intercept,P:9.9,P:9.6,P:10.0,B:9.0,B:9.7,B:10.1,B:10.2,B:10.6,B:10.10,B:11.2,B:11.9,E:10.7,E:11.10",14,179
count_additive,239,0.39190757450826125,0.4637554167881516,0.7641351188165585,"intercept,P:9.9,P:9.6,P:10.0,B:9.0,B:9.7,B:10.1,B:10.2,B:10.6,B:10.10,B:11.2,B:11.9,E:10.7,E:11.10,P_count_eq_1,P_count_eq_2,P_count_eq_3,B_count_eq_1,B_count_2_3,B_count_4_5,B_count_6_8,E_count_eq_1,E_count_eq_2",23,179
count_plus_PB_count,239,0.38199624366891055,0.44459273453235926,0.7832245912591752,"intercept,P:9.9,P:9.6,P:10.0,B:9.0,B:9.7,B:10.1,B:10.2,B:10.6,B:10.10,B:11.2,B:11.9,E:10.7,E:11.10,P_count_eq_1,P_count_eq_2,P_count_eq_3,B_count_eq_1,B_count_2_3,B_count_4_5,B_count_6_8,E_count_eq_1,E_count_eq_2,P_B_count",24,179
count_plus_PE_count,239,0.25997854610792426,0.3157111607395962,0.8906886743375143,"intercept,P:9.9,P:9.6,P:10.0,B:9.0,B:9.7,B:10.1,B:10.2,B:10.6,B:10.10,B:11.2,B:11.9,E:10.7,E:11.10,P_count_eq_1,P_count_eq_2,P_count_eq_3,B_count_eq_1,B_count_2_3,B_count_4_5,B_count_6_8,E_count_eq_1,E_count_eq_2,P_E_count",24,179
count_plus_BE_count,239,0.38890015593659427,0.4581443688359575,0.7698081214542041,"intercept,P:9.9,P:9.6,P:10.0,B:9.0,B:9.7,B:10.1,B:10.2,B:10.6,B:10.10,B:11.2,B:11.9,E:10.7,E:11.10,P_count_eq_1,P_count_eq_2,P_count_eq_3,B_count_eq_1,B_count_2_3,B_count_4_5,B_count_6_8,E_count_eq_1,E_count_eq_2,B_E_count",24,179
count_plus_all_pairs,239,0.23236033842381337,0.2872077085115016,0.909535648298289,"intercept,P:9.9,P:9.6,P:10.0,B:9.0,B:9.7,B:10.1,B:10.2,B:10.6,B:10.10,B:11.2,B:11.9,E:10.7,E:11.10,P_count_eq_1,P_count_eq_2,P_count_eq_3,B_count_eq_1,B_count_2_3,B_count_4_5,B_count_6_8,E_count_eq_1,E_count_eq_2,P_B_count,P_E_count,B_E_count",26,179
additive_head,239,0.38716372328844934,0.4560954078756191,0.7687577098995587,"intercept,P:9.9,P:9.6,P:10.0,B:9.0,B:9.7,B:10.1,B:10.2,B:10.6,B:10.10,B:11.2,B:11.9,E:10.7,E:11.10",14,180
count_additive,239,0.3908703438788915,0.4612651361496199,0.7634858527194831,"intercept,P:9.9,P:9.6,P:10.0,B:9.0,B:9.7,B:10.1,B:10.2,B:10.6,B:10.10,B:11.2,B:11.9,E:10.7,E:11.10,P_count_eq_1,P_count_eq_2,P_count_eq_3,B_count_eq_1,B_count_2_3,B_count_4_5,B_count_6_8,E_count_eq_1,E_count_eq_2",23,180
count_plus_PB_count,239,0.3806880918712932,0.4421572555991133,0.78267515705778,"intercept,P:9.9,P:9.6,P:10.0,B:9.0,B:9.7,B:10.1,B:10.2,B:10.6,B:10.10,B:11.2,B:11.9,E:10.7,E:11.10,P_count_eq_1,P_count_eq_2,P_count_eq_3,B_count_eq_1,B_count_2_3,B_count_4_5,B_count_6_8,E_count_eq_1,E_count_eq_2,P_B_count",24,180
count_plus_PE_count,239,0.2600599234754558,0.31510902236252153,0.889623266070063,"intercept,P:9.9,P:9.6,P:10.0,B:9.0,B:9.7,B:10.1,B:10.2,B:10.6,B:10.10,B:11.2,B:11.9,E:10.7,E:11.10,P_count_eq_1,P_count_eq_2,P_count_eq_3,B_count_eq_1,B_count_2_3,B_count_4_5,B_count_6_8,E_count_eq_1,E_count_eq_2,P_E_count",24,180
count_plus_BE_count,239,0.3880959402537813,0.45598727972582154,0.768867339756304,"intercept,P:9.9,P:9.6,P:10.0,B:9.0,B:9.7,B:10.1,B:10.2,B:10.6,B:10.10,B:11.2,B:11.9,E:10.7,E:11.10,P_count_eq_1,P_count_eq_2,P_count_eq_3,B_count_eq_1,B_count_2_3,B_count_4_5,B_count_6_8,E_count_eq_1,E_count_eq_2,B_E_count",24,180
count_plus_all_pairs,239,0.23247020420832773,0.28707705784923315,0.9083879005688691,"intercept,P:9.9,P:9.6,P:10.0,B:9.0,B:9.7,B:10.1,B:10.2,B:10.6,B:10.10,B:11.2,B:11.9,E:10.7,E:11.10,P_count_eq_1,P_count_eq_2,P_count_eq_3,B_count_eq_1,B_count_2_3,B_count_4_5,B_count_6_8,E_count_eq_1,E_count_eq_2,P_B_count,P_E_count,B_E_count",26,180
additive_head,239,0.40680046105643164,0.48044422884162946,0.7532118850070804,"intercept,P:9.9,P:9.6,P:10.0,B:9.0,B:9.7,B:10.1,B:10.2,B:10.6,B:10.10,B:11.2,B:11.9,E:10.7,E:11.10",14,181
count_additive,239,0.4103351433955615,0.48616851768166724,0.7472961006283556,"intercept,P:9.9,P:9.6,P:10.0,B:9.0,B:9.7,B:10.1,B:10.2,B:10.6,B:10.10,B:11.2,B:11.9,E:10.7,E:11.10,P_count_eq_1,P_count_eq_2,P_count_eq_3,B_count_eq_1,B_count_2_3,B_count_4_5,B_count_6_8,E_count_eq_1,E_count_eq_2",23,181
count_plus_PB_count,239,0.3995820560639666,0.4664576830588667,0.767371574948583,"intercept,P:9.9,P:9.6,P:10.0,B:9.0,B:9.7,B:10.1,B:10.2,B:10.6,B:10.10,B:11.2,B:11.9,E:10.7,E:11.10,P_count_eq_1,P_count_eq_2,P_count_eq_3,B_count_eq_1,B_count_2_3,B_count_4_5,B_count_6_8,E_count_eq_1,E_count_eq_2,P_B_count",24,181
count_plus_PE_count,239,0.27330774054914525,0.3314683915638249,0.8825312031251848,"intercept,P:9.9,P:9.6,P:10.0,B:9.0,B:9.7,B:10.1,B:10.2,B:10.6,B:10.10,B:11.2,B:11.9,E:10.7,E:11.10,P_count_eq_1,P_count_eq_2,P_count_eq_3,B_count_eq_1,B_count_2_3,B_count_4_5,B_count_6_8,E_count_eq_1,E_count_eq_2,P_E_count",24,181
count_plus_BE_count,239,0.40703485593525746,0.4794772473140043,0.7542042973677392,"intercept,P:9.9,P:9.6,P:10.0,B:9.0,B:9.7,B:10.1,B:10.2,B:10.6,B:10.10,B:11.2,B:11.9,E:10.7,E:11.10,P_count_eq_1,P_count_eq_2,P_count_eq_3,B_count_eq_1,B_count_2_3,B_count_4_5,B_count_6_8,E_count_eq_1,E_count_eq_2,B_E_count",24,181
count_plus_all_pairs,239,0.24370593864758086,0.30104154863370064,0.9031072777583232,"intercept,P:9.9,P:9.6,P:10.0,B:9.0,B:9.7,B:10.1,B:10.2,B:10.6,B:10.10,B:11.2,B:11.9,E:10.7,E:11.10,P_count_eq_1,P_count_eq_2,P_count_eq_3,B_count_eq_1,B_count_2_3,B_count_4_5,B_count_6_8,E_count_eq_1,E_count_eq_2,P_B_count,P_E_count,B_E_count",26,181
additive_head,239,0.38662610275800086,0.4555344556151364,0.7574539077148775,"intercept,P:9.9,P:9.6,P:10.0,B:9.0,B:9.7,B:10.1,B:10.2,B:10.6,B:10.10,B:11.2,B:11.9,E:10.7,E:11.10",14,182
count_additive,239,0.3895442559826764,0.4603794399487413,0.7522671155789971,"intercept,P:9.9,P:9.6,P:10.0,B:9.0,B:9.7,B:10.1,B:10.2,B:10.6,B:10.10,B:11.2,B:11.9,E:10.7,E:11.10,P_count_eq_1,P_count_eq_2,P_count_eq_3,B_count_eq_1,B_count_2_3,B_count_4_5,B_count_6_8,E_count_eq_1,E_count_eq_2",23,182
count_plus_PB_count,239,0.3804569070293123,0.4422601006975257,0.7713836221006778,"intercept,P:9.9,P:9.6,P:10.0,B:9.0,B:9.7,B:10.1,B:10.2,B:10.6,B:10.10,B:11.2,B:11.9,E:10.7,E:11.10,P_count_eq_1,P_count_eq_2,P_count_eq_3,B_count_eq_1,B_count_2_3,B_count_4_5,B_count_6_8,E_count_eq_1,E_count_eq_2,P_B_count",24,182
count_plus_PE_count,239,0.2589493388564656,0.3138488826242032,0.8848688103213784,"intercept,P:9.9,P:9.6,P:10.0,B:9.0,B:9.7,B:10.1,B:10.2,B:10.6,B:10.10,B:11.2,B:11.9,E:10.7,E:11.10,P_count_eq_1,P_count_eq_2,P_count_eq_3,B_count_eq_1,B_count_2_3,B_count_4_5,B_count_6_8,E_count_eq_1,E_count_eq_2,P_E_count",24,182
count_plus_BE_count,239,0.3865149367984528,0.45451366902004847,0.758539710961969,"intercept,P:9.9,P:9.6,P:10.0,B:9.0,B:9.7,B:10.1,B:10.2,B:10.6,B:10.10,B:11.2,B:11.9,E:10.7,E:11.10,P_count_eq_1,P_count_eq_2,P_count_eq_3,B_count_eq_1,B_count_2_3,B_count_4_5,B_count_6_8,E_count_eq_1,E_count_eq_2,B_E_count",24,182
count_plus_all_pairs,239,0.2319708222501046,0.2863582901712947,0.9041545854857127,"intercept,P:9.9,P:9.6,P:10.0,B:9.0,B:9.7,B:10.1,B:10.2,B:10.6,B:10.10,B:11.2,B:11.9,E:10.7,E:11.10,P_count_eq_1,P_count_eq_2,P_count_eq_3,B_count_eq_1,B_count_2_3,B_count_4_5,B_count_6_8,E_count_eq_1,E_count_eq_2,P_B_count,P_E_count,B_E_count",26,182
additive_head,239,0.36614172172622644,0.4324168826678002,0.7640112474559461,"intercept,P:9.9,P:9.6,P:10.0,B:9.0,B:9.7,B:10.1,B:10.2,B:10.6,B:10.10,B:11.2,B:11.9,E:10.7,E:11.10",14,183
count_additive,239,0.36874164617325883,0.43662943415863775,0.7593909049918914,"intercept,P:9.9,P:9.6,P:10.0,B:9.0,B:9.7,B:10.1,B:10.2,B:10.6,B:10.10,B:11.2,B:11.9,E:10.7,E:11.10,P_count_eq_1,P_count_eq_2,P_count_eq_3,B_count_eq_1,B_count_2_3,B_count_4_5,B_count_6_8,E_count_eq_1,E_count_eq_2",23,183
count_plus_PB_count,239,0.3595671395855928,0.41886133976777506,0.778575039213783,"intercept,P:9.9,P:9.6,P:10.0,B:9.0,B:9.7,B:10.1,B:10.2,B:10.6,B:10.10,B:11.2,B:11.9,E:10.7,E:11.10,P_count_eq_1,P_count_eq_2,P_count_eq_3,B_count_eq_1,B_count_2_3,B_count_4_5,B_count_6_8,E_count_eq_1,E_count_eq_2,P_B_count",24,183
count_plus_PE_count,239,0.24558441197936193,0.29794123759266844,0.8879666670628386,"intercept,P:9.9,P:9.6,P:10.0,B:9.0,B:9.7,B:10.1,B:10.2,B:10.6,B:10.10,B:11.2,B:11.9,E:10.7,E:11.10,P_count_eq_1,P_count_eq_2,P_count_eq_3,B_count_eq_1,B_count_2_3,B_count_4_5,B_count_6_8,E_count_eq_1,E_count_eq_2,P_E_count",24,183
count_plus_BE_count,239,0.3657177310115628,0.43152772355873603,0.7649807554647323,"intercept,P:9.9,P:9.6,P:10.0,B:9.0,B:9.7,B:10.1,B:10.2,B:10.6,B:10.10,B:11.2,B:11.9,E:10.7,E:11.10,P_count_eq_1,P_count_eq_2,P_count_eq_3,B_count_eq_1,B_count_2_3,B_count_4_5,B_count_6_8,E_count_eq_1,E_count_eq_2,B_E_count",24,183
count_plus_all_pairs,239,0.22014340305772062,0.27161394190476223,0.9068913267340626,"intercept,P:9.9,P:9.6,P:10.0,B:9.0,B:9.7,B:10.1,B:10.2,B:10.6,B:10.10,B:11.2,B:11.9,E:10.7,E:11.10,P_count_eq_1,P_count_eq_2,P_count_eq_3,B_count_eq_1,B_count_2_3,B_count_4_5,B_count_6_8,E_count_eq_1,E_count_eq_2,P_B_count,P_E_count,B_E_count",26,183
additive_head,239,0.37352984339294354,0.4423040653613011,0.7646256711083885,"intercept,P:9.9,P:9.6,P:10.0,B:9.0,B:9.7,B:10.1,B:10.2,B:10.6,B:10.10,B:11.2,B:11.9,E:10.7,E:11.10",14,184
count_additive,239,0.376388512466544,0.4468397528260486,0.7597735417871616,"intercept,P:9.9,P:9.6,P:10.0,B:9.0,B:9.7,B:10.1,B:10.2,B:10.6,B:10.10,B:11.2,B:11.9,E:10.7,E:11.10,P_count_eq_1,P_count_eq_2,P_count_eq_3,B_count_eq_1,B_count_2_3,B_count_4_5,B_count_6_8,E_count_eq_1,E_count_eq_2",23,184
count_plus_PB_count,239,0.3668389589674824,0.42825656696743014,0.779339145835302,"intercept,P:9.9,P:9.6,P:10.0,B:9.0,B:9.7,B:10.1,B:10.2,B:10.6,B:10.10,B:11.2,B:11.9,E:10.7,E:11.10,P_count_eq_1,P_count_eq_2,P_count_eq_3,B_count_eq_1,B_count_2_3,B_count_4_5,B_count_6_8,E_count_eq_1,E_count_eq_2,P_B_count",24,184
count_plus_PE_count,239,0.24915025890339698,0.30353440614906774,0.8891506668166634,"intercept,P:9.9,P:9.6,P:10.0,B:9.0,B:9.7,B:10.1,B:10.2,B:10.6,B:10.10,B:11.2,B:11.9,E:10.7,E:11.10,P_count_eq_1,P_count_eq_2,P_count_eq_3,B_count_eq_1,B_count_2_3,B_count_4_5,B_count_6_8,E_count_eq_1,E_count_eq_2,P_E_count",24,184
count_plus_BE_count,239,0.37292607353466917,0.44147549818070453,0.7655066974920482,"intercept,P:9.9,P:9.6,P:10.0,B:9.0,B:9.7,B:10.1,B:10.2,B:10.6,B:10.10,B:11.2,B:11.9,E:10.7,E:11.10,P_count_eq_1,P_count_eq_2,P_count_eq_3,B_count_eq_1,B_count_2_3,B_count_4_5,B_count_6_8,E_count_eq_1,E_count_eq_2,B_E_count",24,184
count_plus_all_pairs,239,0.2231202022382457,0.27584933541376266,0.9084494165403614,"intercept,P:9.9,P:9.6,P:10.0,B:9.0,B:9.7,B:10.1,B:10.2,B:10.6,B:10.10,B:11.2,B:11.9,E:10.7,E:11.10,P_count_eq_1,P_count_eq_2,P_count_eq_3,B_count_eq_1,B_count_2_3,B_count_4_5,B_count_6_8,E_count_eq_1,E_count_eq_2,P_B_count,P_E_count,B_E_count",26,184
additive_head,239,0.3975511778242231,0.46763279154228443,0.749388656495499,"intercept,P:9.9,P:9.6,P:10.0,B:9.0,B:9.7,B:10.1,B:10.2,B:10.6,B:10.10,B:11.2,B:11.9,E:10.7,E:11.10",14,185
count_additive,239,0.401418226989364,0.47336640917988215,0.7432055205956221,"intercept,P:9.9,P:9.6,P:10.0,B:9.0,B:9.7,B:10.1,B:10.2,B:10.6,B:10.10,B:11.2,B:11.9,E:10.7,E:11.10,P_count_eq_1,P_count_eq_2,P_count_eq_3,B_count_eq_1,B_count_2_3,B_count_4_5,B_count_6_8,E_count_eq_1,E_count_eq_2",23,185
count_plus_PB_count,239,0.39284154442475583,0.45591911105308514,0.7617864811892572,"intercept,P:9.9,P:9.6,P:10.0,B:9.0,B:9.7,B:10.1,B:10.2,B:10.6,B:10.10,B:11.2,B:11.9,E:10.7,E:11.10,P_count_eq_1,P_count_eq_2,P_count_eq_3,B_count_eq_1,B_count_2_3,B_count_4_5,B_count_6_8,E_count_eq_1,E_count_eq_2,P_B_count",24,185
count_plus_PE_count,239,0.26438544650534357,0.3205783255050363,0.8822233703370336,"intercept,P:9.9,P:9.6,P:10.0,B:9.0,B:9.7,B:10.1,B:10.2,B:10.6,B:10.10,B:11.2,B:11.9,E:10.7,E:11.10,P_count_eq_1,P_count_eq_2,P_count_eq_3,B_count_eq_1,B_count_2_3,B_count_4_5,B_count_6_8,E_count_eq_1,E_count_eq_2,P_E_count",24,185
count_plus_BE_count,239,0.39935740367726374,0.46776238024222744,0.7492497402404634,"intercept,P:9.9,P:9.6,P:10.0,B:9.0,B:9.7,B:10.1,B:10.2,B:10.6,B:10.10,B:11.2,B:11.9,E:10.7,E:11.10,P_count_eq_1,P_count_eq_2,P_count_eq_3,B_count_eq_1,B_count_2_3,B_count_4_5,B_count_6_8,E_count_eq_1,E_count_eq_2,B_E_count",24,185
count_plus_all_pairs,239,0.23814870753710526,0.2941881856761997,0.9008160806645983,"intercept,P:9.9,P:9.6,P:10.0,B:9.0,B:9.7,B:10.1,B:10.2,B:10.6,B:10.10,B:11.2,B:11.9,E:10.7,E:11.10,P_count_eq_1,P_count_eq_2,P_count_eq_3,B_count_eq_1,B_count_2_3,B_count_4_5,B_count_6_8,E_count_eq_1,E_count_eq_2,P_B_count,P_E_count,B_E_count",26,185
additive_head,239,0.39529334031474456,0.4677053111947572,0.7571841203260703,"intercept,P:9.9,P:9.6,P:10.0,B:9.0,B:9.7,B:10.1,B:10.2,B:10.6,B:10.10,B:11.2,B:11.9,E:10.7,E:11.10",14,186
count_additive,239,0.39874501691665215,0.47271424472018775,0.7519553519769243,"intercept,P:9.9,P:9.6,P:10.0,B:9.0,B:9.7,B:10.1,B:10.2,B:10.6,B:10.10,B:11.2,B:11.9,E:10.7,E:11.10,P_count_eq_1,P_count_eq_2,P_count_eq_3,B_count_eq_1,B_count_2_3,B_count_4_5,B_count_6_8,E_count_eq_1,E_count_eq_2",23,186
count_plus_PB_count,239,0.38754340025009876,0.45229147569882716,0.7729250185938404,"intercept,P:9.9,P:9.6,P:10.0,B:9.0,B:9.7,B:10.1,B:10.2,B:10.6,B:10.10,B:11.2,B:11.9,E:10.7,E:11.10,P_count_eq_1,P_count_eq_2,P_count_eq_3,B_count_eq_1,B_count_2_3,B_count_4_5,B_count_6_8,E_count_eq_1,E_count_eq_2,P_B_count",24,186
count_plus_PE_count,239,0.2670321881866625,0.3247852521802551,0.8829085772336136,"intercept,P:9.9,P:9.6,P:10.0,B:9.0,B:9.7,B:10.1,B:10.2,B:10.6,B:10.10,B:11.2,B:11.9,E:10.7,E:11.10,P_count_eq_1,P_count_eq_2,P_count_eq_3,B_count_eq_1,B_count_2_3,B_count_4_5,B_count_6_8,E_count_eq_1,E_count_eq_2,P_E_count",24,186
count_plus_BE_count,239,0.3948628861786089,0.4665466231497478,0.758385728886556,"intercept,P:9.9,P:9.6,P:10.0,B:9.0,B:9.7,B:10.1,B:10.2,B:10.6,B:10.10,B:11.2,B:11.9,E:10.7,E:11.10,P_count_eq_1,P_count_eq_2,P_count_eq_3,B_count_eq_1,B_count_2_3,B_count_4_5,B_count_6_8,E_count_eq_1,E_count_eq_2,B_E_count",24,186
count_plus_all_pairs,239,0.23810462722404413,0.2942590155057807,0.9038848081521106,"intercept,P:9.9,P:9.6,P:10.0,B:9.0,B:9.7,B:10.1,B:10.2,B:10.6,B:10.10,B:11.2,B:11.9,E:10.7,E:11.10,P_count_eq_1,P_count_eq_2,P_count_eq_3,B_count_eq_1,B_count_2_3,B_count_4_5,B_count_6_8,E_count_eq_1,E_count_eq_2,P_B_count,P_E_count,B_E_count",26,186
additive_head,239,0.38087800538727545,0.4513985823822904,0.7774650892776432,"intercept,P:9.9,P:9.6,P:10.0,B:9.0,B:9.7,B:10.1,B:10.2,B:10.6,B:10.10,B:11.2,B:11.9,E:10.7,E:11.10",14,187
count_additive,239,0.3840279241367915,0.45620315850282656,0.7727026640653633,"intercept,P:9.9,P:9.6,P:10.0,B:9.0,B:9.7,B:10.1,B:10.2,B:10.6,B:10.10,B:11.2,B:11.9,E:10.7,E:11.10,P_count_eq_1,P_count_eq_2,P_count_eq_3,B_count_eq_1,B_count_2_3,B_count_4_5,B_count_6_8,E_count_eq_1,E_count_eq_2",23,187
count_plus_PB_count,239,0.3713803186758766,0.43377311027095494,0.7945041655001059,"intercept,P:9.9,P:9.6,P:10.0,B:9.0,B:9.7,B:10.1,B:10.2,B:10.6,B:10.10,B:11.2,B:11.9,E:10.7,E:11.10,P_count_eq_1,P_count_eq_2,P_count_eq_3,B_count_eq_1,B_count_2_3,B_count_4_5,B_count_6_8,E_count_eq_1,E_count_eq_2,P_B_count",24,187
count_plus_PE_count,239,0.25779942218378893,0.3131226230264666,0.8929204190729175,"intercept,P:9.9,P:9.6,P:10.0,B:9.0,B:9.7,B:10.1,B:10.2,B:10.6,B:10.10,B:11.2,B:11.9,E:10.7,E:11.10,P_count_eq_1,P_count_eq_2,P_count_eq_3,B_count_eq_1,B_count_2_3,B_count_4_5,B_count_6_8,E_count_eq_1,E_count_eq_2,P_E_count",24,187
count_plus_BE_count,239,0.38015024200189085,0.45125397473903894,0.7776076466346665,"intercept,P:9.9,P:9.6,P:10.0,B:9.0,B:9.7,B:10.1,B:10.2,B:10.6,B:10.10,B:11.2,B:11.9,E:10.7,E:11.10,P_count_eq_1,P_count_eq_2,P_count_eq_3,B_count_eq_1,B_count_2_3,B_count_4_5,B_count_6_8,E_count_eq_1,E_count_eq_2,B_E_count",24,187
count_plus_all_pairs,239,0.22780188536985083,0.28113234209199534,0.9136823930834622,"intercept,P:9.9,P:9.6,P:10.0,B:9.0,B:9.7,B:10.1,B:10.2,B:10.6,B:10.10,B:11.2,B:11.9,E:10.7,E:11.10,P_count_eq_1,P_count_eq_2,P_count_eq_3,B_count_eq_1,B_count_2_3,B_count_4_5,B_count_6_8,E_count_eq_1,E_count_eq_2,P_B_count,P_E_count,B_E_count",26,187
additive_head,239,0.3741713659352726,0.44348736772630387,0.7725647948266581,"intercept,P:9.9,P:9.6,P:10.0,B:9.0,B:9.7,B:10.1,B:10.2,B:10.6,B:10.10,B:11.2,B:11.9,E:10.7,E:11.10",14,188
count_additive,239,0.3768827024946473,0.44738989205428936,0.7685444928485677,"intercept,P:9.9,P:9.6,P:10.0,B:9.0,B:9.7,B:10.1,B:10.2,B:10.6,B:10.10,B:11.2,B:11.9,E:10.7,E:11.10,P_count_eq_1,P_count_eq_2,P_count_eq_3,B_count_eq_1,B_count_2_3,B_count_4_5,B_count_6_8,E_count_eq_1,E_count_eq_2",23,188
count_plus_PB_count,239,0.366287320514558,0.4277712777966373,0.788398654399502,"intercept,P:9.9,P:9.6,P:10.0,B:9.0,B:9.7,B:10.1,B:10.2,B:10.6,B:10.10,B:11.2,B:11.9,E:10.7,E:11.10,P_count_eq_1,P_count_eq_2,P_count_eq_3,B_count_eq_1,B_count_2_3,B_count_4_5,B_count_6_8,E_count_eq_1,E_count_eq_2,P_B_count",24,188
count_plus_PE_count,239,0.24919225979496942,0.3030035338244962,0.8938327495096304,"intercept,P:9.9,P:9.6,P:10.0,B:9.0,B:9.7,B:10.1,B:10.2,B:10.6,B:10.10,B:11.2,B:11.9,E:10.7,E:11.10,P_count_eq_1,P_count_eq_2,P_count_eq_3,B_count_eq_1,B_count_2_3,B_count_4_5,B_count_6_8,E_count_eq_1,E_count_eq_2,P_E_count",24,188
count_plus_BE_count,239,0.37429930329787486,0.44337571346760646,0.772679300512361,"intercept,P:9.9,P:9.6,P:10.0,B:9.0,B:9.7,B:10.1,B:10.2,B:10.6,B:10.10,B:11.2,B:11.9,E:10.7,E:11.10,P_count_eq_1,P_count_eq_2,P_count_eq_3,B_count_eq_1,B_count_2_3,B_count_4_5,B_count_6_8,E_count_eq_1,E_count_eq_2,B_E_count",24,188
count_plus_all_pairs,239,0.22274344226041945,0.2752096724714713,0.9124164448252818,"intercept,P:9.9,P:9.6,P:10.0,B:9.0,B:9.7,B:10.1,B:10.2,B:10.6,B:10.10,B:11.2,B:11.9,E:10.7,E:11.10,P_count_eq_1,P_count_eq_2,P_count_eq_3,B_count_eq_1,B_count_2_3,B_count_4_5,B_count_6_8,E_count_eq_1,E_count_eq_2,P_B_count,P_E_count,B_E_count",26,188
additive_head,239,0.3760332192601421,0.44435192096214754,0.7557416571179303,"intercept,P:9.9,P:9.6,P:10.0,B:9.0,B:9.7,B:10.1,B:10.2,B:10.6,B:10.10,B:11.2,B:11.9,E:10.7,E:11.10",14,189
count_additive,239,0.37904704534326517,0.4490075264558247,0.7505965112840668,"intercept,P:9.9,P:9.6,P:10.0,B:9.0,B:9.7,B:10.1,B:10.2,B:10.6,B:10.10,B:11.2,B:11.9,E:10.7,E:11.10,P_count_eq_1,P_count_eq_2,P_count_eq_3,B_count_eq_1,B_count_2_3,B_count_4_5,B_count_6_8,E_count_eq_1,E_count_eq_2",23,189
count_plus_PB_count,239,0.36954637180193106,0.43032525984810954,0.7709190572337414,"intercept,P:9.9,P:9.6,P:10.0,B:9.0,B:9.7,B:10.1,B:10.2,B:10.6,B:10.10,B:11.2,B:11.9,E:10.7,E:11.10,P_count_eq_1,P_count_eq_2,P_count_eq_3,B_count_eq_1,B_count_2_3,B_count_4_5,B_count_6_8,E_count_eq_1,E_count_eq_2,P_B_count",24,189
count_plus_PE_count,239,0.24952403744074406,0.3038987123757369,0.8857508435025425,"intercept,P:9.9,P:9.6,P:10.0,B:9.0,B:9.7,B:10.1,B:10.2,B:10.6,B:10.10,B:11.2,B:11.9,E:10.7,E:11.10,P_count_eq_1,P_count_eq_2,P_count_eq_3,B_count_eq_1,B_count_2_3,B_count_4_5,B_count_6_8,E_count_eq_1,E_count_eq_2,P_E_count",24,189
count_plus_BE_count,239,0.3759315608534698,0.4434315086488613,0.7567525025133578,"intercept,P:9.9,P:9.6,P:10.0,B:9.0,B:9.7,B:10.1,B:10.2,B:10.6,B:10.10,B:11.2,B:11.9,E:10.7,E:11.10,P_count_eq_1,P_count_eq_2,P_count_eq_3,B_count_eq_1,B_count_2_3,B_count_4_5,B_count_6_8,E_count_eq_1,E_count_eq_2,B_E_count",24,189
count_plus_all_pairs,239,0.22299907150267465,0.27591905703210867,0.9058200020424729,"intercept,P:9.9,P:9.6,P:10.0,B:9.0,B:9.7,B:10.1,B:10.2,B:10.6,B:10.10,B:11.2,B:11.9,E:10.7,E:11.10,P_count_eq_1,P_count_eq_2,P_count_eq_3,B_count_eq_1,B_count_2_3,B_count_4_5,B_count_6_8,E_count_eq_1,E_count_eq_2,P_B_count,P_E_count,B_E_count",26,189
additive_head,239,0.3878585260836096,0.4568081051417345,0.7598254829628662,"intercept,P:9.9,P:9.6,P:10.0,B:9.0,B:9.7,B:10.1,B:10.2,B:10.6,B:10.10,B:11.2,B:11.9,E:10.7,E:11.10",14,190
count_additive,239,0.3903354291055402,0.46154263551904656,0.754821165966943,"intercept,P:9.9,P:9.6,P:10.0,B:9.0,B:9.7,B:10.1,B:10.2,B:10.6,B:10.10,B:11.2,B:11.9,E:10.7,E:11.10,P_count_eq_1,P_count_eq_2,P_count_eq_3,B_count_eq_1,B_count_2_3,B_count_4_5,B_count_6_8,E_count_eq_1,E_count_eq_2",23,190
count_plus_PB_count,239,0.38032654033170243,0.44234364401217535,0.7747945445871816,"intercept,P:9.9,P:9.6,P:10.0,B:9.0,B:9.7,B:10.1,B:10.2,B:10.6,B:10.10,B:11.2,B:11.9,E:10.7,E:11.10,P_count_eq_1,P_count_eq_2,P_count_eq_3,B_count_eq_1,B_count_2_3,B_count_4_5,B_count_6_8,E_count_eq_1,E_count_eq_2,P_B_count",24,190
count_plus_PE_count,239,0.26083921564090967,0.31629088655203436,0.8848582883576619,"intercept,P:9.9,P:9.6,P:10.0,B:9.0,B:9.7,B:10.1,B:10.2,B:10.6,B:10.10,B:11.2,B:11.9,E:10.7,E:11.10,P_count_eq_1,P_count_eq_2,P_count_eq_3,B_count_eq_1,B_count_2_3,B_count_4_5,B_count_6_8,E_count_eq_1,E_count_eq_2,P_E_count",24,190
count_plus_BE_count,239,0.3866449803261148,0.45581411254452064,0.7608695623253645,"intercept,P:9.9,P:9.6,P:10.0,B:9.0,B:9.7,B:10.1,B:10.2,B:10.6,B:10.10,B:11.2,B:11.9,E:10.7,E:11.10,P_count_eq_1,P_count_eq_2,P_count_eq_3,B_count_eq_1,B_count_2_3,B_count_4_5,B_count_6_8,E_count_eq_1,E_count_eq_2,B_E_count",24,190
count_plus_all_pairs,239,0.23332062228354897,0.28771217167851987,0.9047256939152393,"intercept,P:9.9,P:9.6,P:10.0,B:9.0,B:9.7,B:10.1,B:10.2,B:10.6,B:10.10,B:11.2,B:11.9,E:10.7,E:11.10,P_count_eq_1,P_count_eq_2,P_count_eq_3,B_count_eq_1,B_count_2_3,B_count_4_5,B_count_6_8,E_count_eq_1,E_count_eq_2,P_B_count,P_E_count,B_E_count",26,190
additive_head,239,0.3777793614017561,0.44278657274062966,0.7535709940883284,"intercept,P:9.9,P:9.6,P:10.0,B:9.0,B:9.7,B:10.1,B:10.2,B:10.6,B:10.10,B:11.2,B:11.9,E:10.7,E:11.10",14,191
count_additive,239,0.38076664224505735,0.4481316863036393,0.7475855312848572,"intercept,P:9.9,P:9.6,P:10.0,B:9.0,B:9.7,B:10.1,B:10.2,B:10.6,B:10.10,B:11.2,B:11.9,E:10.7,E:11.10,P_count_eq_1,P_count_eq_2,P_count_eq_3,B_count_eq_1,B_count_2_3,B_count_4_5,B_count_6_8,E_count_eq_1,E_count_eq_2",23,191
count_plus_PB_count,239,0.3735981455849813,0.4327504520650352,0.764615424693514,"intercept,P:9.9,P:9.6,P:10.0,B:9.0,B:9.7,B:10.1,B:10.2,B:10.6,B:10.10,B:11.2,B:11.9,E:10.7,E:11.10,P_count_eq_1,P_count_eq_2,P_count_eq_3,B_count_eq_1,B_count_2_3,B_count_4_5,B_count_6_8,E_count_eq_1,E_count_eq_2,P_B_count",24,191
count_plus_PE_count,239,0.2505498000668378,0.30415477100968485,0.8837234315839539,"intercept,P:9.9,P:9.6,P:10.0,B:9.0,B:9.7,B:10.1,B:10.2,B:10.6,B:10.10,B:11.2,B:11.9,E:10.7,E:11.10,P_count_eq_1,P_count_eq_2,P_count_eq_3,B_count_eq_1,B_count_2_3,B_count_4_5,B_count_6_8,E_count_eq_1,E_count_eq_2,P_E_count",24,191
count_plus_BE_count,239,0.37942808449075527,0.4428499979207764,0.7535003915702315,"intercept,P:9.9,P:9.6,P:10.0,B:9.0,B:9.7,B:10.1,B:10.2,B:10.6,B:10.10,B:11.2,B:11.9,E:10.7,E:11.10,P_count_eq_1,P_count_eq_2,P_count_eq_3,B_count_eq_1,B_count_2_3,B_count_4_5,B_count_6_8,E_count_eq_1,E_count_eq_2,B_E_count",24,191
count_plus_all_pairs,239,0.22709086776645365,0.28092554212202453,0.9008060019458161,"intercept,P:9.9,P:9.6,P:10.0,B:9.0,B:9.7,B:10.1,B:10.2,B:10.6,B:10.10,B:11.2,B:11.9,E:10.7,E:11.10,P_count_eq_1,P_count_eq_2,P_count_eq_3,B_count_eq_1,B_count_2_3,B_count_4_5,B_count_6_8,E_count_eq_1,E_count_eq_2,P_B_count,P_E_count,B_E_count",26,191
additive_head,239,0.3857372399967928,0.45714148743491057,0.7760386159680495,"intercept,P:9.9,P:9.6,P:10.0,B:9.0,B:9.7,B:10.1,B:10.2,B:10.6,B:10.10,B:11.2,B:11.9,E:10.7,E:11.10",14,192
count_additive,239,0.3885411538744745,0.46203469690624027,0.7712184228358622,"intercept,P:9.9,P:9.6,P:10.0,B:9.0,B:9.7,B:10.1,B:10.2,B:10.6,B:10.10,B:11.2,B:11.9,E:10.7,E:11.10,P_count_eq_1,P_count_eq_2,P_count_eq_3,B_count_eq_1,B_count_2_3,B_count_4_5,B_count_6_8,E_count_eq_1,E_count_eq_2",23,192
count_plus_PB_count,239,0.3769854961606655,0.44104144831977526,0.7915361857132257,"intercept,P:9.9,P:9.6,P:10.0,B:9.0,B:9.7,B:10.1,B:10.2,B:10.6,B:10.10,B:11.2,B:11.9,E:10.7,E:11.10,P_count_eq_1,P_count_eq_2,P_count_eq_3,B_count_eq_1,B_count_2_3,B_count_4_5,B_count_6_8,E_count_eq_1,E_count_eq_2,P_B_count",24,192
count_plus_PE_count,239,0.2580537346761713,0.3142249654602192,0.8941835364876147,"intercept,P:9.9,P:9.6,P:10.0,B:9.0,B:9.7,B:10.1,B:10.2,B:10.6,B:10.10,B:11.2,B:11.9,E:10.7,E:11.10,P_count_eq_1,P_count_eq_2,P_count_eq_3,B_count_eq_1,B_count_2_3,B_count_4_5,B_count_6_8,E_count_eq_1,E_count_eq_2,P_E_count",24,192
count_plus_BE_count,239,0.38441311467774625,0.45640503656158343,0.7767596343211333,"intercept,P:9.9,P:9.6,P:10.0,B:9.0,B:9.7,B:10.1,B:10.2,B:10.6,B:10.10,B:11.2,B:11.9,E:10.7,E:11.10,P_count_eq_1,P_count_eq_2,P_count_eq_3,B_count_eq_1,B_count_2_3,B_count_4_5,B_count_6_8,E_count_eq_1,E_count_eq_2,B_E_count",24,192
count_plus_all_pairs,239,0.22934975359452525,0.2831685371026667,0.9140666261790541,"intercept,P:9.9,P:9.6,P:10.0,B:9.0,B:9.7,B:10.1,B:10.2,B:10.6,B:10.10,B:11.2,B:11.9,E:10.7,E:11.10,P_count_eq_1,P_count_eq_2,P_count_eq_3,B_count_eq_1,B_count_2_3,B_count_4_5,B_count_6_8,E_count_eq_1,E_count_eq_2,P_B_count,P_E_count,B_E_count",26,192
additive_head,239,0.3915117591116128,0.46011372219896685,0.747698143042629,"intercept,P:9.9,P:9.6,P:10.0,B:9.0,B:9.7,B:10.1,B:10.2,B:10.6,B:10.10,B:11.2,B:11.9,E:10.7,E:11.10",14,193
count_additive,239,0.3941647662296026,0.4650978298412301,0.7422024997560555,"intercept,P:9.9,P:9.6,P:10.0,B:9.0,B:9.7,B:10.1,B:10.2,B:10.6,B:10.10,B:11.2,B:11.9,E:10.7,E:11.10,P_count_eq_1,P_count_eq_2,P_count_eq_3,B_count_eq_1,B_count_2_3,B_count_4_5,B_count_6_8,E_count_eq_1,E_count_eq_2",23,193
count_plus_PB_count,239,0.384541233053402,0.4461993866592091,0.7627271681284767,"intercept,P:9.9,P:9.6,P:10.0,B:9.0,B:9.7,B:10.1,B:10.2,B:10.6,B:10.10,B:11.2,B:11.9,E:10.7,E:11.10,P_count_eq_1,P_count_eq_2,P_count_eq_3,B_count_eq_1,B_count_2_3,B_count_4_5,B_count_6_8,E_count_eq_1,E_count_eq_2,P_B_count",24,193
count_plus_PE_count,239,0.26339072170909583,0.3185665543339128,0.879054300125581,"intercept,P:9.9,P:9.6,P:10.0,B:9.0,B:9.7,B:10.1,B:10.2,B:10.6,B:10.10,B:11.2,B:11.9,E:10.7,E:11.10,P_count_eq_1,P_count_eq_2,P_count_eq_3,B_count_eq_1,B_count_2_3,B_count_4_5,B_count_6_8,E_count_eq_1,E_count_eq_2,P_E_count",24,193
count_plus_BE_count,239,0.39044330446236064,0.4592310472431473,0.7486652383806056,"intercept,P:9.9,P:9.6,P:10.0,B:9.0,B:9.7,B:10.1,B:10.2,B:10.6,B:10.10,B:11.2,B:11.9,E:10.7,E:11.10,P_count_eq_1,P_count_eq_2,P_count_eq_3,B_count_eq_1,B_count_2_3,B_count_4_5,B_count_6_8,E_count_eq_1,E_count_eq_2,B_E_count",24,193
count_plus_all_pairs,239,0.23571127852492177,0.290228188756898,0.8996148993604545,"intercept,P:9.9,P:9.6,P:10.0,B:9.0,B:9.7,B:10.1,B:10.2,B:10.6,B:10.10,B:11.2,B:11.9,E:10.7,E:11.10,P_count_eq_1,P_count_eq_2,P_count_eq_3,B_count_eq_1,B_count_2_3,B_count_4_5,B_count_6_8,E_count_eq_1,E_count_eq_2,P_B_count,P_E_count,B_E_count",26,193
additive_head,239,0.386818407934786,0.4580866770532233,0.7720464598275509,"intercept,P:9.9,P:9.6,P:10.0,B:9.0,B:9.7,B:10.1,B:10.2,B:10.6,B:10.10,B:11.2,B:11.9,E:10.7,E:11.10",14,194
count_additive,239,0.3899897610927953,0.4629102993260876,0.767220513188485,"intercept,P:9.9,P:9.6,P:10.0,B:9.0,B:9.7,B:10.1,B:10.2,B:10.6,B:10.10,B:11.2,B:11.9,E:10.7,E:11.10,P_count_eq_1,P_count_eq_2,P_count_eq_3,B_count_eq_1,B_count_2_3,B_count_4_5,B_count_6_8,E_count_eq_1,E_count_eq_2",23,194
count_plus_PB_count,239,0.3783346012231674,0.44184510157136814,0.7879242026101917,"intercept,P:9.9,P:9.6,P:10.0,B:9.0,B:9.7,B:10.1,B:10.2,B:10.6,B:10.10,B:11.2,B:11.9,E:10.7,E:11.10,P_count_eq_1,P_count_eq_2,P_count_eq_3,B_count_eq_1,B_count_2_3,B_count_4_5,B_count_6_8,E_count_eq_1,E_count_eq_2,P_B_count",24,194
count_plus_PE_count,239,0.26029560956761244,0.3160386256400138,0.891499597734011,"intercept,P:9.9,P:9.6,P:10.0,B:9.0,B:9.7,B:10.1,B:10.2,B:10.6,B:10.10,B:11.2,B:11.9,E:10.7,E:11.10,P_count_eq_1,P_count_eq_2,P_count_eq_3,B_count_eq_1,B_count_2_3,B_count_4_5,B_count_6_8,E_count_eq_1,E_count_eq_2,P_E_count",24,194
count_plus_BE_count,239,0.38613129327394413,0.457813556173197,0.7723182001535311,"intercept,P:9.9,P:9.6,P:10.0,B:9.0,B:9.7,B:10.1,B:10.2,B:10.6,B:10.10,B:11.2,B:11.9,E:10.7,E:11.10,P_count_eq_1,P_count_eq_2,P_count_eq_3,B_count_eq_1,B_count_2_3,B_count_4_5,B_count_6_8,E_count_eq_1,E_count_eq_2,B_E_count",24,194
count_plus_all_pairs,239,0.23171096658069373,0.2855904111663377,0.9113990736217708,"intercept,P:9.9,P:9.6,P:10.0,B:9.0,B:9.7,B:10.1,B:10.2,B:10.6,B:10.10,B:11.2,B:11.9,E:10.7,E:11.10,P_count_eq_1,P_count_eq_2,P_count_eq_3,B_count_eq_1,B_count_2_3,B_count_4_5,B_count_6_8,E_count_eq_1,E_count_eq_2,P_B_count,P_E_count,B_E_count",26,194
additive_head,239,0.3918271129374246,0.46203790975492404,0.7658921180225962,"intercept,P:9.9,P:9.6,P:10.0,B:9.0,B:9.7,B:10.1,B:10.2,B:10.6,B:10.10,B:11.2,B:11.9,E:10.7,E:11.10",14,195
count_additive,239,0.395086644791492,0.46723886767070194,0.7605919548656793,"intercept,P:9.9,P:9.6,P:10.0,B:9.0,B:9.7,B:10.1,B:10.2,B:10.6,B:10.10,B:11.2,B:11.9,E:10.7,E:11.10,P_count_eq_1,P_count_eq_2,P_count_eq_3,B_count_eq_1,B_count_2_3,B_count_4_5,B_count_6_8,E_count_eq_1,E_count_eq_2",23,195
count_plus_PB_count,239,0.38518216810275785,0.44891201545581183,0.7790045794024381,"intercept,P:9.9,P:9.6,P:10.0,B:9.0,B:9.7,B:10.1,B:10.2,B:10.6,B:10.10,B:11.2,B:11.9,E:10.7,E:11.10,P_count_eq_1,P_count_eq_2,P_count_eq_3,B_count_eq_1,B_count_2_3,B_count_4_5,B_count_6_8,E_count_eq_1,E_count_eq_2,P_B_count",24,195
count_plus_PE_count,239,0.26194339045858767,0.31833856681395895,0.8888679493052254,"intercept,P:9.9,P:9.6,P:10.0,B:9.0,B:9.7,B:10.1,B:10.2,B:10.6,B:10.10,B:11.2,B:11.9,E:10.7,E:11.10,P_count_eq_1,P_count_eq_2,P_count_eq_3,B_count_eq_1,B_count_2_3,B_count_4_5,B_count_6_8,E_count_eq_1,E_count_eq_2,P_E_count",24,195
count_plus_BE_count,239,0.3916029559607972,0.46124183499208554,0.7666981420329053,"intercept,P:9.9,P:9.6,P:10.0,B:9.0,B:9.7,B:10.1,B:10.2,B:10.6,B:10.10,B:11.2,B:11.9,E:10.7,E:11.10,P_count_eq_1,P_count_eq_2,P_count_eq_3,B_count_eq_1,B_count_2_3,B_count_4_5,B_count_6_8,E_count_eq_1,E_count_eq_2,B_E_count",24,195
count_plus_all_pairs,239,0.23545536845632642,0.29052532802271736,0.9074388343151101,"intercept,P:9.9,P:9.6,P:10.0,B:9.0,B:9.7,B:10.1,B:10.2,B:10.6,B:10.10,B:11.2,B:11.9,E:10.7,E:11.10,P_count_eq_1,P_count_eq_2,P_count_eq_3,B_count_eq_1,B_count_2_3,B_count_4_5,B_count_6_8,E_count_eq_1,E_count_eq_2,P_B_count,P_E_count,B_E_count",26,195
additive_head,239,0.3914883322917319,0.46340618639371556,0.7594864924579985,"intercept,P:9.9,P:9.6,P:10.0,B:9.0,B:9.7,B:10.1,B:10.2,B:10.6,B:10.10,B:11.2,B:11.9,E:10.7,E:11.10",14,196
count_additive,239,0.3948230806400105,0.4682048769753418,0.7544795430584332,"intercept,P:9.9,P:9.6,P:10.0,B:9.0,B:9.7,B:10.1,B:10.2,B:10.6,B:10.10,B:11.2,B:11.9,E:10.7,E:11.10,P_count_eq_1,P_count_eq_2,P_count_eq_3,B_count_eq_1,B_count_2_3,B_count_4_5,B_count_6_8,E_count_eq_1,E_count_eq_2",23,196
count_plus_PB_count,239,0.3844666479193336,0.4475166388781209,0.7756974598391685,"intercept,P:9.9,P:9.6,P:10.0,B:9.0,B:9.7,B:10.1,B:10.2,B:10.6,B:10.10,B:11.2,B:11.9,E:10.7,E:11.10,P_count_eq_1,P_count_eq_2,P_count_eq_3,B_count_eq_1,B_count_2_3,B_count_4_5,B_count_6_8,E_count_eq_1,E_count_eq_2,P_B_count",24,196
count_plus_PE_count,239,0.26258683794265125,0.31885350398193824,0.8861329143511357,"intercept,P:9.9,P:9.6,P:10.0,B:9.0,B:9.7,B:10.1,B:10.2,B:10.6,B:10.10,B:11.2,B:11.9,E:10.7,E:11.10,P_count_eq_1,P_count_eq_2,P_count_eq_3,B_count_eq_1,B_count_2_3,B_count_4_5,B_count_6_8,E_count_eq_1,E_count_eq_2,P_E_count",24,196
count_plus_BE_count,239,0.39213813390384117,0.4638285976968591,0.7590478192976038,"intercept,P:9.9,P:9.6,P:10.0,B:9.0,B:9.7,B:10.1,B:10.2,B:10.6,B:10.10,B:11.2,B:11.9,E:10.7,E:11.10,P_count_eq_1,P_count_eq_2,P_count_eq_3,B_count_eq_1,B_count_2_3,B_count_4_5,B_count_6_8,E_count_eq_1,E_count_eq_2,B_E_count",24,196
count_plus_all_pairs,239,0.23472511145849365,0.2896364249788116,0.9060445073705938,"intercept,P:9.9,P:9.6,P:10.0,B:9.0,B:9.7,B:10.1,B:10.2,B:10.6,B:10.10,B:11.2,B:11.9,E:10.7,E:11.10,P_count_eq_1,P_count_eq_2,P_count_eq_3,B_count_eq_1,B_count_2_3,B_count_4_5,B_count_6_8,E_count_eq_1,E_count_eq_2,P_B_count,P_E_count,B_E_count",26,196
additive_head,239,0.3921621039864098,0.4607381048172056,0.7603334491695561,"intercept,P:9.9,P:9.6,P:10.0,B:9.0,B:9.7,B:10.1,B:10.2,B:10.6,B:10.10,B:11.2,B:11.9,E:10.7,E:11.10",14,197
count_additive,239,0.3952823768573756,0.4660643874579329,0.754760172995641,"intercept,P:9.9,P:9.6,P:10.0,B:9.0,B:9.7,B:10.1,B:10.2,B:10.6,B:10.10,B:11.2,B:11.9,E:10.7,E:11.10,P_count_eq_1,P_count_eq_2,P_count_eq_3,B_count_eq_1,B_count_2_3,B_count_4_5,B_count_6_8,E_count_eq_1,E_count_eq_2",23,197
count_plus_PB_count,239,0.3864003290611487,0.44828319926605853,0.7731158862228162,"intercept,P:9.9,P:9.6,P:10.0,B:9.0,B:9.7,B:10.1,B:10.2,B:10.6,B:10.10,B:11.2,B:11.9,E:10.7,E:11.10,P_count_eq_1,P_count_eq_2,P_count_eq_3,B_count_eq_1,B_count_2_3,B_count_4_5,B_count_6_8,E_count_eq_1,E_count_eq_2,P_B_count",24,197
count_plus_PE_count,239,0.26280509455630635,0.3185060510583591,0.8854659711327456,"intercept,P:9.9,P:9.6,P:10.0,B:9.0,B:9.7,B:10.1,B:10.2,B:10.6,B:10.10,B:11.2,B:11.9,E:10.7,E:11.10,P_count_eq_1,P_count_eq_2,P_count_eq_3,B_count_eq_1,B_count_2_3,B_count_4_5,B_count_6_8,E_count_eq_1,E_count_eq_2,P_E_count",24,197
count_plus_BE_count,239,0.39272043159289577,0.4605919793247945,0.7604854480547354,"intercept,P:9.9,P:9.6,P:10.0,B:9.0,B:9.7,B:10.1,B:10.2,B:10.6,B:10.10,B:11.2,B:11.9,E:10.7,E:11.10,P_count_eq_1,P_count_eq_2,P_count_eq_3,B_count_eq_1,B_count_2_3,B_count_4_5,B_count_6_8,E_count_eq_1,E_count_eq_2,B_E_count",24,197
count_plus_all_pairs,239,0.23632589770469192,0.29202470215610166,0.9037194988985545,"intercept,P:9.9,P:9.6,P:10.0,B:9.0,B:9.7,B:10.1,B:10.2,B:10.6,B:10.10,B:11.2,B:11.9,E:10.7,E:11.10,P_count_eq_1,P_count_eq_2,P_count_eq_3,B_count_eq_1,B_count_2_3,B_count_4_5,B_count_6_8,E_count_eq_1,E_count_eq_2,P_B_count,P_E_count,B_E_count",26,197
additive_head,239,0.38221322012925024,0.4531664431081773,0.7706878784870349,"intercept,P:9.9,P:9.6,P:10.0,B:9.0,B:9.7,B:10.1,B:10.2,B:10.6,B:10.10,B:11.2,B:11.9,E:10.7,E:11.10",14,198
count_additive,239,0.385578874462755,0.45793555477020276,0.7658359318438834,"intercept,P:9.9,P:9.6,P:10.0,B:9.0,B:9.7,B:10.1,B:10.2,B:10.6,B:10.10,B:11.2,B:11.9,E:10.7,E:11.10,P_count_eq_1,P_count_eq_2,P_count_eq_3,B_count_eq_1,B_count_2_3,B_count_4_5,B_count_6_8,E_count_eq_1,E_count_eq_2",23,198
count_plus_PB_count,239,0.374389997555021,0.4371210130242797,0.7866390705109535,"intercept,P:9.9,P:9.6,P:10.0,B:9.0,B:9.7,B:10.1,B:10.2,B:10.6,B:10.10,B:11.2,B:11.9,E:10.7,E:11.10,P_count_eq_1,P_count_eq_2,P_count_eq_3,B_count_eq_1,B_count_2_3,B_count_4_5,B_count_6_8,E_count_eq_1,E_count_eq_2,P_B_count",24,198
count_plus_PE_count,239,0.255953404819035,0.31136085916117767,0.8917470948237954,"intercept,P:9.9,P:9.6,P:10.0,B:9.0,B:9.7,B:10.1,B:10.2,B:10.6,B:10.10,B:11.2,B:11.9,E:10.7,E:11.10,P_count_eq_1,P_count_eq_2,P_count_eq_3,B_count_eq_1,B_count_2_3,B_count_4_5,B_count_6_8,E_count_eq_1,E_count_eq_2,P_E_count",24,198
count_plus_BE_count,239,0.3826465602548295,0.45321925472402314,0.7706344277096497,"intercept,P:9.9,P:9.6,P:10.0,B:9.0,B:9.7,B:10.1,B:10.2,B:10.6,B:10.10,B:11.2,B:11.9,E:10.7,E:11.10,P_count_eq_1,P_count_eq_2,P_count_eq_3,B_count_eq_1,B_count_2_3,B_count_4_5,B_count_6_8,E_count_eq_1,E_count_eq_2,B_E_count",24,198
count_plus_all_pairs,239,0.2277954564812197,0.28159414090518325,0.9114560780012695,"intercept,P:9.9,P:9.6,P:10.0,B:9.0,B:9.7,B:10.1,B:10.2,B:10.6,B:10.10,B:11.2,B:11.9,E:10.7,E:11.10,P_count_eq_1,P_count_eq_2,P_count_eq_3,B_count_eq_1,B_count_2_3,B_count_4_5,B_count_6_8,E_count_eq_1,E_count_eq_2,P_B_count,P_E_count,B_E_count",26,198
additive_head,239,0.3977695888067092,0.4686547278050431,0.7514851130201425,"intercept,P:9.9,P:9.6,P:10.0,B:9.0,B:9.7,B:10.1,B:10.2,B:10.6,B:10.10,B:11.2,B:11.9,E:10.7,E:11.10",14,199
count_additive,239,0.4013682245680765,0.4740233621743144,0.7457588189766929,"intercept,P:9.9,P:9.6,P:10.0,B:9.0,B:9.7,B:10.1,B:10.2,B:10.6,B:10.10,B:11.2,B:11.9,E:10.7,E:11.10,P_count_eq_1,P_count_eq_2,P_count_eq_3,B_count_eq_1,B_count_2_3,B_count_4_5,B_count_6_8,E_count_eq_1,E_count_eq_2",23,199
count_plus_PB_count,239,0.39202371997888547,0.45556440418709454,0.7651741136148718,"intercept,P:9.9,P:9.6,P:10.0,B:9.0,B:9.7,B:10.1,B:10.2,B:10.6,B:10.10,B:11.2,B:11.9,E:10.7,E:11.10,P_count_eq_1,P_count_eq_2,P_count_eq_3,B_count_eq_1,B_count_2_3,B_count_4_5,B_count_6_8,E_count_eq_1,E_count_eq_2,P_B_count",24,199
count_plus_PE_count,239,0.26666346582970774,0.3227519693106467,0.8821351775561959,"intercept,P:9.9,P:9.6,P:10.0,B:9.0,B:9.7,B:10.1,B:10.2,B:10.6,B:10.10,B:11.2,B:11.9,E:10.7,E:11.10,P_count_eq_1,P_count_eq_2,P_count_eq_3,B_count_eq_1,B_count_2_3,B_count_4_5,B_count_6_8,E_count_eq_1,E_count_eq_2,P_E_count",24,199
count_plus_BE_count,239,0.3986903020293503,0.4679882268652362,0.752191465121476,"intercept,P:9.9,P:9.6,P:10.0,B:9.0,B:9.7,B:10.1,B:10.2,B:10.6,B:10.10,B:11.2,B:11.9,E:10.7,E:11.10,P_count_eq_1,P_count_eq_2,P_count_eq_3,B_count_eq_1,B_count_2_3,B_count_4_5,B_count_6_8,E_count_eq_1,E_count_eq_2,B_E_count",24,199
count_plus_all_pairs,239,0.2390240656246203,0.29473603137578236,0.9017092005354621,"intercept,P:9.9,P:9.6,P:10.0,B:9.0,B:9.7,B:10.1,B:10.2,B:10.6,B:10.10,B:11.2,B:11.9,E:10.7,E:11.10,P_count_eq_1,P_count_eq_2,P_count_eq_3,B_count_eq_1,B_count_2_3,B_count_4_5,B_count_6_8,E_count_eq_1,E_count_eq_2,P_B_count,P_E_count,B_E_count",26,199
additive_head,239,0.375451716296307,0.44478158619759656,0.7500962762416867,"intercept,P:9.9,P:9.6,P:10.0,B:9.0,B:9.7,B:10.1,B:10.2,B:10.6,B:10.10,B:11.2,B:11.9,E:10.7,E:11.10",14,200
count_additive,239,0.3779428696451853,0.448790399375688,0.7455712146902971,"intercept,P:9.9,P:9.6,P:10.0,B:9.0,B:9.7,B:10.1,B:10.2,B:10.6,B:10.10,B:11.2,B:11.9,E:10.7,E:11.10,P_count_eq_1,P_count_eq_2,P_count_eq_3,B_count_eq_1,B_count_2_3,B_count_4_5,B_count_6_8,E_count_eq_1,E_count_eq_2",23,200
count_plus_PB_count,239,0.3674258111005374,0.4291959195810988,0.7673032606892488,"intercept,P:9.9,P:9.6,P:10.0,B:9.0,B:9.7,B:10.1,B:10.2,B:10.6,B:10.10,B:11.2,B:11.9,E:10.7,E:11.10,P_count_eq_1,P_count_eq_2,P_count_eq_3,B_count_eq_1,B_count_2_3,B_count_4_5,B_count_6_8,E_count_eq_1,E_count_eq_2,P_B_count",24,200
count_plus_PE_count,239,0.2516064091791833,0.3060534790172781,0.8816757473298761,"intercept,P:9.9,P:9.6,P:10.0,B:9.0,B:9.7,B:10.1,B:10.2,B:10.6,B:10.10,B:11.2,B:11.9,E:10.7,E:11.10,P_count_eq_1,P_count_eq_2,P_count_eq_3,B_count_eq_1,B_count_2_3,B_count_4_5,B_count_6_8,E_count_eq_1,E_count_eq_2,P_E_count",24,200
count_plus_BE_count,239,0.3741501960357142,0.44305234641302915,0.7520356704182076,"intercept,P:9.9,P:9.6,P:10.0,B:9.0,B:9.7,B:10.1,B:10.2,B:10.6,B:10.10,B:11.2,B:11.9,E:10.7,E:11.10,P_count_eq_1,P_count_eq_2,P_count_eq_3,B_count_eq_1,B_count_2_3,B_count_4_5,B_count_6_8,E_count_eq_1,E_count_eq_2,B_E_count",24,200
count_plus_all_pairs,239,0.22412284851446176,0.27672775896442076,0.9032647895170696,"intercept,P:9.9,P:9.6,P:10.0,B:9.0,B:9.7,B:10.1,B:10.2,B:10.6,B:10.10,B:11.2,B:11.9,E:10.7,E:11.10,P_count_eq_1,P_count_eq_2,P_count_eq_3,B_count_eq_1,B_count_2_3,B_count_4_5,B_count_6_8,E_count_eq_1,E_count_eq_2,P_B_count,P_E_count,B_E_count",26,200
additive_head,239,0.37997678523740797,0.45339329652707616,0.7792991221350659,"intercept,P:9.9,P:9.6,P:10.0,B:9.0,B:9.7,B:10.1,B:10.2,B:10.6,B:10.10,B:11.2,B:11.9,E:10.7,E:11.10",14,201
count_additive,239,0.3822419492384046,0.4571646084607153,0.7756122854895153,"intercept,P:9.9,P:9.6,P:10.0,B:9.0,B:9.7,B:10.1,B:10.2,B:10.6,B:10.10,B:11.2,B:11.9,E:10.7,E:11.10,P_count_eq_1,P_count_eq_2,P_count_eq_3,B_count_eq_1,B_count_2_3,B_count_4_5,B_count_6_8,E_count_eq_1,E_count_eq_2",23,201
count_plus_PB_count,239,0.36852373373009134,0.43424997090485107,0.7975426876726164,"intercept,P:9.9,P:9.6,P:10.0,B:9.0,B:9.7,B:10.1,B:10.2,B:10.6,B:10.10,B:11.2,B:11.9,E:10.7,E:11.10,P_count_eq_1,P_count_eq_2,P_count_eq_3,B_count_eq_1,B_count_2_3,B_count_4_5,B_count_6_8,E_count_eq_1,E_count_eq_2,P_B_count",24,201
count_plus_PE_count,239,0.25842269579994614,0.3152562146875127,0.893295881001936,"intercept,P:9.9,P:9.6,P:10.0,B:9.0,B:9.7,B:10.1,B:10.2,B:10.6,B:10.10,B:11.2,B:11.9,E:10.7,E:11.10,P_count_eq_1,P_count_eq_2,P_count_eq_3,B_count_eq_1,B_count_2_3,B_count_4_5,B_count_6_8,E_count_eq_1,E_count_eq_2,P_E_count",24,201
count_plus_BE_count,239,0.3773920099716856,0.45083371329872857,0.7817839745676142,"intercept,P:9.9,P:9.6,P:10.0,B:9.0,B:9.7,B:10.1,B:10.2,B:10.6,B:10.10,B:11.2,B:11.9,E:10.7,E:11.10,P_count_eq_1,P_count_eq_2,P_count_eq_3,B_count_eq_1,B_count_2_3,B_count_4_5,B_count_6_8,E_count_eq_1,E_count_eq_2,B_E_count",24,201
count_plus_all_pairs,239,0.22778395276456972,0.28138522689048945,0.9149926541822063,"intercept,P:9.9,P:9.6,P:10.0,B:9.0,B:9.7,B:10.1,B:10.2,B:10.6,B:10.10,B:11.2,B:11.9,E:10.7,E:11.10,P_count_eq_1,P_count_eq_2,P_count_eq_3,B_count_eq_1,B_count_2_3,B_count_4_5,B_count_6_8,E_count_eq_1,E_count_eq_2,P_B_count,P_E_count,B_E_count",26,201
additive_head,239,0.38320798042430565,0.4568349725625477,0.7747641572206381,"intercept,P:9.9,P:9.6,P:10.0,B:9.0,B:9.7,B:10.1,B:10.2,B:10.6,B:10.10,B:11.2,B:11.9,E:10.7,E:11.10",14,202
count_additive,239,0.38619855285505467,0.4611533674185121,0.7704857873152122,"intercept,P:9.9,P:9.6,P:10.0,B:9.0,B:9.7,B:10.1,B:10.2,B:10.6,B:10.10,B:11.2,B:11.9,E:10.7,E:11.10,P_count_eq_1,P_count_eq_2,P_count_eq_3,B_count_eq_1,B_count_2_3,B_count_4_5,B_count_6_8,E_count_eq_1,E_count_eq_2",23,202
count_plus_PB_count,239,0.37385228091730577,0.4390404880942866,0.7919690459038459,"intercept,P:9.9,P:9.6,P:10.0,B:9.0,B:9.7,B:10.1,B:10.2,B:10.6,B:10.10,B:11.2,B:11.9,E:10.7,E:11.10,P_count_eq_1,P_count_eq_2,P_count_eq_3,B_count_eq_1,B_count_2_3,B_count_4_5,B_count_6_8,E_count_eq_1,E_count_eq_2,P_B_count",24,202
count_plus_PE_count,239,0.2585324660359166,0.3158463114883376,0.8923360188677324,"intercept,P:9.9,P:9.6,P:10.0,B:9.0,B:9.7,B:10.1,B:10.2,B:10.6,B:10.10,B:11.2,B:11.9,E:10.7,E:11.10,P_count_eq_1,P_count_eq_2,P_count_eq_3,B_count_eq_1,B_count_2_3,B_count_4_5,B_count_6_8,E_count_eq_1,E_count_eq_2,P_E_count",24,202
count_plus_BE_count,239,0.381947759433274,0.45554741660385495,0.776031989552631,"intercept,P:9.9,P:9.6,P:10.0,B:9.0,B:9.7,B:10.1,B:10.2,B:10.6,B:10.10,B:11.2,B:11.9,E:10.7,E:11.10,P_count_eq_1,P_count_eq_2,P_count_eq_3,B_count_eq_1,B_count_2_3,B_count_4_5,B_count_6_8,E_count_eq_1,E_count_eq_2,B_E_count",24,202
count_plus_all_pairs,239,0.2291840965307384,0.28358012755965106,0.913209857200471,"intercept,P:9.9,P:9.6,P:10.0,B:9.0,B:9.7,B:10.1,B:10.2,B:10.6,B:10.10,B:11.2,B:11.9,E:10.7,E:11.10,P_count_eq_1,P_count_eq_2,P_count_eq_3,B_count_eq_1,B_count_2_3,B_count_4_5,B_count_6_8,E_count_eq_1,E_count_eq_2,P_B_count,P_E_count,B_E_count",26,202
additive_head,239,0.37811987320325097,0.4465368504165077,0.7635715036668735,"intercept,P:9.9,P:9.6,P:10.0,B:9.0,B:9.7,B:10.1,B:10.2,B:10.6,B:10.10,B:11.2,B:11.9,E:10.7,E:11.10",14,203
count_additive,239,0.380730374031832,0.45111122066562304,0.7587026959208941,"intercept,P:9.9,P:9.6,P:10.0,B:9.0,B:9.7,B:10.1,B:10.2,B:10.6,B:10.10,B:11.2,B:11.9,E:10.7,E:11.10,P_count_eq_1,P_count_eq_2,P_count_eq_3,B_count_eq_1,B_count_2_3,B_count_4_5,B_count_6_8,E_count_eq_1,E_count_eq_2",23,203
count_plus_PB_count,239,0.3712746915294715,0.4328831138979156,0.7778089811085215,"intercept,P:9.9,P:9.6,P:10.0,B:9.0,B:9.7,B:10.1,B:10.2,B:10.6,B:10.10,B:11.2,B:11.9,E:10.7,E:11.10,P_count_eq_1,P_count_eq_2,P_count_eq_3,B_count_eq_1,B_count_2_3,B_count_4_5,B_count_6_8,E_count_eq_1,E_count_eq_2,P_B_count",24,203
count_plus_PE_count,239,0.25017514844120914,0.3044143578921243,0.8901208034321823,"intercept,P:9.9,P:9.6,P:10.0,B:9.0,B:9.7,B:10.1,B:10.2,B:10.6,B:10.10,B:11.2,B:11.9,E:10.7,E:11.10,P_count_eq_1,P_count_eq_2,P_count_eq_3,B_count_eq_1,B_count_2_3,B_count_4_5,B_count_6_8,E_count_eq_1,E_count_eq_2,P_E_count",24,203
count_plus_BE_count,239,0.3778562789404485,0.4453095594925932,0.7648693485866268,"intercept,P:9.9,P:9.6,P:10.0,B:9.0,B:9.7,B:10.1,B:10.2,B:10.6,B:10.10,B:11.2,B:11.9,E:10.7,E:11.10,P_count_eq_1,P_count_eq_2,P_count_eq_3,B_count_eq_1,B_count_2_3,B_count_4_5,B_count_6_8,E_count_eq_1,E_count_eq_2,B_E_count",24,203
count_plus_all_pairs,239,0.22391626794878172,0.2767194140829821,0.9092044697223323,"intercept,P:9.9,P:9.6,P:10.0,B:9.0,B:9.7,B:10.1,B:10.2,B:10.6,B:10.10,B:11.2,B:11.9,E:10.7,E:11.10,P_count_eq_1,P_count_eq_2,P_count_eq_3,B_count_eq_1,B_count_2_3,B_count_4_5,B_count_6_8,E_count_eq_1,E_count_eq_2,P_B_count,P_E_count,B_E_count",26,203
additive_head,239,0.39186488239129613,0.46218141487127873,0.752506028428657,"intercept,P:9.9,P:9.6,P:10.0,B:9.0,B:9.7,B:10.1,B:10.2,B:10.6,B:10.10,B:11.2,B:11.9,E:10.7,E:11.10",14,204
count_additive,239,0.39538530537629046,0.4673473271492436,0.7469425101435132,"intercept,P:9.9,P:9.6,P:10.0,B:9.0,B:9.7,B:10.1,B:10.2,B:10.6,B:10.10,B:11.2,B:11.9,E:10.7,E:11.10,P_count_eq_1,P_count_eq_2,P_count_eq_3,B_count_eq_1,B_count_2_3,B_count_4_5,B_count_6_8,E_count_eq_1,E_count_eq_2",23,204
count_plus_PB_count,239,0.3853994783506962,0.44835534253609033,0.767092020615621,"intercept,P:9.9,P:9.6,P:10.0,B:9.0,B:9.7,B:10.1,B:10.2,B:10.6,B:10.10,B:11.2,B:11.9,E:10.7,E:11.10,P_count_eq_1,P_count_eq_2,P_count_eq_3,B_count_eq_1,B_count_2_3,B_count_4_5,B_count_6_8,E_count_eq_1,E_count_eq_2,P_B_count",24,204
count_plus_PE_count,239,0.2622335162977998,0.31803892930601274,0.8828073877639672,"intercept,P:9.9,P:9.6,P:10.0,B:9.0,B:9.7,B:10.1,B:10.2,B:10.6,B:10.10,B:11.2,B:11.9,E:10.7,E:11.10,P_count_eq_1,P_count_eq_2,P_count_eq_3,B_count_eq_1,B_count_2_3,B_count_4_5,B_count_6_8,E_count_eq_1,E_count_eq_2,P_E_count",24,204
count_plus_BE_count,239,0.39291167047106706,0.4627861780081246,0.7518579142873398,"intercept,P:9.9,P:9.6,P:10.0,B:9.0,B:9.7,B:10.1,B:10.2,B:10.6,B:10.10,B:11.2,B:11.9,E:10.7,E:11.10,P_count_eq_1,P_count_eq_2,P_count_eq_3,B_count_eq_1,B_count_2_3,B_count_4_5,B_count_6_8,E_count_eq_1,E_count_eq_2,B_E_count",24,204
count_plus_all_pairs,239,0.23554547635902412,0.2908491327806607,0.9019889107373729,"intercept,P:9.9,P:9.6,P:10.0,B:9.0,B:9.7,B:10.1,B:10.2,B:10.6,B:10.10,B:11.2,B:11.9,E:10.7,E:11.10,P_count_eq_1,P_count_eq_2,P_count_eq_3,B_count_eq_1,B_count_2_3,B_count_4_5,B_count_6_8,E_count_eq_1,E_count_eq_2,P_B_count,P_E_count,B_E_count",26,204
additive_head,239,0.3933316320366877,0.46305533781734515,0.7517128280079275,"intercept,P:9.9,P:9.6,P:10.0,B:9.0,B:9.7,B:10.1,B:10.2,B:10.6,B:10.10,B:11.2,B:11.9,E:10.7,E:11.10",14,205
count_additive,239,0.3968847687007757,0.4682600310533597,0.7461000172545699,"intercept,P:9.9,P:9.6,P:10.0,B:9.0,B:9.7,B:10.1,B:10.2,B:10.6,B:10.10,B:11.2,B:11.9,E:10.7,E:11.10,P_count_eq_1,P_count_eq_2,P_count_eq_3,B_count_eq_1,B_count_2_3,B_count_4_5,B_count_6_8,E_count_eq_1,E_count_eq_2",23,205
count_plus_PB_count,239,0.38691368031507006,0.44985929157273785,0.76566245155637,"intercept,P:9.9,P:9.6,P:10.0,B:9.0,B:9.7,B:10.1,B:10.2,B:10.6,B:10.10,B:11.2,B:11.9,E:10.7,E:11.10,P_count_eq_1,P_count_eq_2,P_count_eq_3,B_count_eq_1,B_count_2_3,B_count_4_5,B_count_6_8,E_count_eq_1,E_count_eq_2,P_B_count",24,205
count_plus_PE_count,239,0.26278377493620586,0.3184496885704787,0.8825724096331006,"intercept,P:9.9,P:9.6,P:10.0,B:9.0,B:9.7,B:10.1,B:10.2,B:10.6,B:10.10,B:11.2,B:11.9,E:10.7,E:11.10,P_count_eq_1,P_count_eq_2,P_count_eq_3,B_count_eq_1,B_count_2_3,B_count_4_5,B_count_6_8,E_count_eq_1,E_count_eq_2,P_E_count",24,205
count_plus_BE_count,239,0.39445942810850804,0.46356199740393084,0.7511691958019998,"intercept,P:9.9,P:9.6,P:10.0,B:9.0,B:9.7,B:10.1,B:10.2,B:10.6,B:10.10,B:11.2,B:11.9,E:10.7,E:11.10,P_count_eq_1,P_count_eq_2,P_count_eq_3,B_count_eq_1,B_count_2_3,B_count_4_5,B_count_6_8,E_count_eq_1,E_count_eq_2,B_E_count",24,205
count_plus_all_pairs,239,0.23647442366943894,0.29188488721502714,0.9013466787355473,"intercept,P:9.9,P:9.6,P:10.0,B:9.0,B:9.7,B:10.1,B:10.2,B:10.6,B:10.10,B:11.2,B:11.9,E:10.7,E:11.10,P_count_eq_1,P_count_eq_2,P_count_eq_3,B_count_eq_1,B_count_2_3,B_count_4_5,B_count_6_8,E_count_eq_1,E_count_eq_2,P_B_count,P_E_count,B_E_count",26,205
additive_head,239,0.37899003877000687,0.4489930158999224,0.770003006622562,"intercept,P:9.9,P:9.6,P:10.0,B:9.0,B:9.7,B:10.1,B:10.2,B:10.6,B:10.10,B:11.2,B:11.9,E:10.7,E:11.10",14,206
count_additive,239,0.3819709058760494,0.45355073624922143,0.7653099161543571,"intercept,P:9.9,P:9.6,P:10.0,B:9.0,B:9.7,B:10.1,B:10.2,B:10.6,B:10.10,B:11.2,B:11.9,E:10.7,E:11.10,P_count_eq_1,P_count_eq_2,P_count_eq_3,B_count_eq_1,B_count_2_3,B_count_4_5,B_count_6_8,E_count_eq_1,E_count_eq_2",23,206
count_plus_PB_count,239,0.3712645169953358,0.43379688566431956,0.7853080072255467,"intercept,P:9.9,P:9.6,P:10.0,B:9.0,B:9.7,B:10.1,B:10.2,B:10.6,B:10.10,B:11.2,B:11.9,E:10.7,E:11.10,P_count_eq_1,P_count_eq_2,P_count_eq_3,B_count_eq_1,B_count_2_3,B_count_4_5,B_count_6_8,E_count_eq_1,E_count_eq_2,P_B_count",24,206
count_plus_PE_count,239,0.2531899409175288,0.3084433497895566,0.8914590021951023,"intercept,P:9.9,P:9.6,P:10.0,B:9.0,B:9.7,B:10.1,B:10.2,B:10.6,B:10.10,B:11.2,B:11.9,E:10.7,E:11.10,P_count_eq_1,P_count_eq_2,P_count_eq_3,B_count_eq_1,B_count_2_3,B_count_4_5,B_count_6_8,E_count_eq_1,E_count_eq_2,P_E_count",24,206
count_plus_BE_count,239,0.37867508548736645,0.44805030841251037,0.7709677978871392,"intercept,P:9.9,P:9.6,P:10.0,B:9.0,B:9.7,B:10.1,B:10.2,B:10.6,B:10.10,B:11.2,B:11.9,E:10.7,E:11.10,P_count_eq_1,P_count_eq_2,P_count_eq_3,B_count_eq_1,B_count_2_3,B_count_4_5,B_count_6_8,E_count_eq_1,E_count_eq_2,B_E_count",24,206
count_plus_all_pairs,239,0.22545469979231847,0.2791380123843353,0.9111042596751628,"intercept,P:9.9,P:9.6,P:10.0,B:9.0,B:9.7,B:10.1,B:10.2,B:10.6,B:10.10,B:11.2,B:11.9,E:10.7,E:11.10,P_count_eq_1,P_count_eq_2,P_count_eq_3,B_count_eq_1,B_count_2_3,B_count_4_5,B_count_6_8,E_count_eq_1,E_count_eq_2,P_B_count,P_E_count,B_E_count",26,206
additive_head,239,0.389360353662396,0.45916897536589973,0.7627979548098689,"intercept,P:9.9,P:9.6,P:10.0,B:9.0,B:9.7,B:10.1,B:10.2,B:10.6,B:10.10,B:11.2,B:11.9,E:10.7,E:11.10",14,207
count_additive,239,0.39258081014195384,0.4641526298992042,0.7576210010757829,"intercept,P:9.9,P:9.6,P:10.0,B:9.0,B:9.7,B:10.1,B:10.2,B:10.6,B:10.10,B:11.2,B:11.9,E:10.7,E:11.10,P_count_eq_1,P_count_eq_2,P_count_eq_3,B_count_eq_1,B_count_2_3,B_count_4_5,B_count_6_8,E_count_eq_1,E_count_eq_2",23,207
count_plus_PB_count,239,0.3817713836768389,0.44425214565852833,0.7779593835083349,"intercept,P:9.9,P:9.6,P:10.0,B:9.0,B:9.7,B:10.1,B:10.2,B:10.6,B:10.10,B:11.2,B:11.9,E:10.7,E:11.10,P_count_eq_1,P_count_eq_2,P_count_eq_3,B_count_eq_1,B_count_2_3,B_count_4_5,B_count_6_8,E_count_eq_1,E_count_eq_2,P_B_count",24,207
count_plus_PE_count,239,0.26241814081749537,0.3175724254115599,0.8865357809821803,"intercept,P:9.9,P:9.6,P:10.0,B:9.0,B:9.7,B:10.1,B:10.2,B:10.6,B:10.10,B:11.2,B:11.9,E:10.7,E:11.10,P_count_eq_1,P_count_eq_2,P_count_eq_3,B_count_eq_1,B_count_2_3,B_count_4_5,B_count_6_8,E_count_eq_1,E_count_eq_2,P_E_count",24,207
count_plus_BE_count,239,0.3892907253888107,0.458913389843209,0.7630619471051097,"intercept,P:9.9,P:9.6,P:10.0,B:9.0,B:9.7,B:10.1,B:10.2,B:10.6,B:10.10,B:11.2,B:11.9,E:10.7,E:11.10,P_count_eq_1,P_count_eq_2,P_count_eq_3,B_count_eq_1,B_count_2_3,B_count_4_5,B_count_6_8,E_count_eq_1,E_count_eq_2,B_E_count",24,207
count_plus_all_pairs,239,0.2338673758063407,0.28876210507995337,0.9061890023199056,"intercept,P:9.9,P:9.6,P:10.0,B:9.0,B:9.7,B:10.1,B:10.2,B:10.6,B:10.10,B:11.2,B:11.9,E:10.7,E:11.10,P_count_eq_1,P_count_eq_2,P_count_eq_3,B_count_eq_1,B_count_2_3,B_count_4_5,B_count_6_8,E_count_eq_1,E_count_eq_2,P_B_count,P_E_count,B_E_count",26,207
additive_head,239,0.376766315828835,0.44581573992618295,0.7613547460201612,"intercept,P:9.9,P:9.6,P:10.0,B:9.0,B:9.7,B:10.1,B:10.2,B:10.6,B:10.10,B:11.2,B:11.9,E:10.7,E:11.10",14,208
count_additive,239,0.3795126618717979,0.45056452100559047,0.7562436217542572,"intercept,P:9.9,P:9.6,P:10.0,B:9.0,B:9.7,B:10.1,B:10.2,B:10.6,B:10.10,B:11.2,B:11.9,E:10.7,E:11.10,P_count_eq_1,P_count_eq_2,P_count_eq_3,B_count_eq_1,B_count_2_3,B_count_4_5,B_count_6_8,E_count_eq_1,E_count_eq_2",23,208
count_plus_PB_count,239,0.36875915460428604,0.43046073185378364,0.7775107222944793,"intercept,P:9.9,P:9.6,P:10.0,B:9.0,B:9.7,B:10.1,B:10.2,B:10.6,B:10.10,B:11.2,B:11.9,E:10.7,E:11.10,P_count_eq_1,P_count_eq_2,P_count_eq_3,B_count_eq_1,B_count_2_3,B_count_4_5,B_count_6_8,E_count_eq_1,E_count_eq_2,P_B_count",24,208
count_plus_PE_count,239,0.2526360518372098,0.3072220955572818,0.8866694749104774,"intercept,P:9.9,P:9.6,P:10.0,B:9.0,B:9.7,B:10.1,B:10.2,B:10.6,B:10.10,B:11.2,B:11.9,E:10.7,E:11.10,P_count_eq_1,P_count_eq_2,P_count_eq_3,B_count_eq_1,B_count_2_3,B_count_4_5,B_count_6_8,E_count_eq_1,E_count_eq_2,P_E_count",24,208
count_plus_BE_count,239,0.37580780926499024,0.44504124792672084,0.7621831972241748,"intercept,P:9.9,P:9.6,P:10.0,B:9.0,B:9.7,B:10.1,B:10.2,B:10.6,B:10.10,B:11.2,B:11.9,E:10.7,E:11.10,P_count_eq_1,P_count_eq_2,P_count_eq_3,B_count_eq_1,B_count_2_3,B_count_4_5,B_count_6_8,E_count_eq_1,E_count_eq_2,B_E_count",24,208
count_plus_all_pairs,239,0.22477110335304054,0.2775920370109253,0.9074756560659121,"intercept,P:9.9,P:9.6,P:10.0,B:9.0,B:9.7,B:10.1,B:10.2,B:10.6,B:10.10,B:11.2,B:11.9,E:10.7,E:11.10,P_count_eq_1,P_count_eq_2,P_count_eq_3,B_count_eq_1,B_count_2_3,B_count_4_5,B_count_6_8,E_count_eq_1,E_count_eq_2,P_B_count,P_E_count,B_E_count",26,208
additive_head,239,0.3868441505001087,0.4548914317681134,0.7542623223579675,"intercept,P:9.9,P:9.6,P:10.0,B:9.0,B:9.7,B:10.1,B:10.2,B:10.6,B:10.10,B:11.2,B:11.9,E:10.7,E:11.10",14,209
count_additive,239,0.39019791618836847,0.4599592316309781,0.7487564530406501,"intercept,P:9.9,P:9.6,P:10.0,B:9.0,B:9.7,B:10.1,B:10.2,B:10.6,B:10.10,B:11.2,B:11.9,E:10.7,E:11.10,P_count_eq_1,P_count_eq_2,P_count_eq_3,B_count_eq_1,B_count_2_3,B_count_4_5,B_count_6_8,E_count_eq_1,E_count_eq_2",23,209
count_plus_PB_count,239,0.38112745158239825,0.4421961364214628,0.7677872167770246,"intercept,P:9.9,P:9.6,P:10.0,B:9.0,B:9.7,B:10.1,B:10.2,B:10.6,B:10.10,B:11.2,B:11.9,E:10.7,E:11.10,P_count_eq_1,P_count_eq_2,P_count_eq_3,B_count_eq_1,B_count_2_3,B_count_4_5,B_count_6_8,E_count_eq_1,E_count_eq_2,P_B_count",24,209
count_plus_PE_count,239,0.2587671933949006,0.3130472964890319,0.8836205899316321,"intercept,P:9.9,P:9.6,P:10.0,B:9.0,B:9.7,B:10.1,B:10.2,B:10.6,B:10.10,B:11.2,B:11.9,E:10.7,E:11.10,P_count_eq_1,P_count_eq_2,P_count_eq_3,B_count_eq_1,B_count_2_3,B_count_4_5,B_count_6_8,E_count_eq_1,E_count_eq_2,P_E_count",24,209
count_plus_BE_count,239,0.3885476849232021,0.4549241797824867,0.7542269393627834,"intercept,P:9.9,P:9.6,P:10.0,B:9.0,B:9.7,B:10.1,B:10.2,B:10.6,B:10.10,B:11.2,B:11.9,E:10.7,E:11.10,P_count_eq_1,P_count_eq_2,P_count_eq_3,B_count_eq_1,B_count_2_3,B_count_4_5,B_count_6_8,E_count_eq_1,E_count_eq_2,B_E_count",24,209
count_plus_all_pairs,239,0.2325806485661298,0.28700644347543913,0.9021773259423643,"intercept,P:9.9,P:9.6,P:10.0,B:9.0,B:9.7,B:10.1,B:10.2,B:10.6,B:10.10,B:11.2,B:11.9,E:10.7,E:11.10,P_count_eq_1,P_count_eq_2,P_count_eq_3,B_count_eq_1,B_count_2_3,B_count_4_5,B_count_6_8,E_count_eq_1,E_count_eq_2,P_B_count,P_E_count,B_E_count",26,209
additive_head,239,0.3544647079755661,0.4171292819739268,0.7662646834295466,"intercept,P:9.9,P:9.6,P:10.0,B:9.0,B:9.7,B:10.1,B:10.2,B:10.6,B:10.10,B:11.2,B:11.9,E:10.7,E:11.10",14,210
count_additive,239,0.35700335131075206,0.42134430676641765,0.7615171011228495,"intercept,P:9.9,P:9.6,P:10.0,B:9.0,B:9.7,B:10.1,B:10.2,B:10.6,B:10.10,B:11.2,B:11.9,E:10.7,E:11.10,P_count_eq_1,P_count_eq_2,P_count_eq_3,B_count_eq_1,B_count_2_3,B_count_4_5,B_count_6_8,E_count_eq_1,E_count_eq_2",23,210
count_plus_PB_count,239,0.34918180852194003,0.40541618771255017,0.7792070749939692,"intercept,P:9.9,P:9.6,P:10.0,B:9.0,B:9.7,B:10.1,B:10.2,B:10.6,B:10.10,B:11.2,B:11.9,E:10.7,E:11.10,P_count_eq_1,P_count_eq_2,P_count_eq_3,B_count_eq_1,B_count_2_3,B_count_4_5,B_count_6_8,E_count_eq_1,E_count_eq_2,P_B_count",24,210
count_plus_PE_count,239,0.23547849749698416,0.28575677965175067,0.8903077189232871,"intercept,P:9.9,P:9.6,P:10.0,B:9.0,B:9.7,B:10.1,B:10.2,B:10.6,B:10.10,B:11.2,B:11.9,E:10.7,E:11.10,P_count_eq_1,P_count_eq_2,P_count_eq_3,B_count_eq_1,B_count_2_3,B_count_4_5,B_count_6_8,E_count_eq_1,E_count_eq_2,P_E_count",24,210
count_plus_BE_count,239,0.354551394601884,0.4161320803438562,0.7673808967633468,"intercept,P:9.9,P:9.6,P:10.0,B:9.0,B:9.7,B:10.1,B:10.2,B:10.6,B:10.10,B:11.2,B:11.9,E:10.7,E:11.10,P_count_eq_1,P_count_eq_2,P_count_eq_3,B_count_eq_1,B_count_2_3,B_count_4_5,B_count_6_8,E_count_eq_1,E_count_eq_2,B_E_count",24,210
count_plus_all_pairs,239,0.21162933540562662,0.26154860948122055,0.9081058610306115,"intercept,P:9.9,P:9.6,P:10.0,B:9.0,B:9.7,B:10.1,B:10.2,B:10.6,B:10.10,B:11.2,B:11.9,E:10.7,E:11.10,P_count_eq_1,P_count_eq_2,P_count_eq_3,B_count_eq_1,B_count_2_3,B_count_4_5,B_count_6_8,E_count_eq_1,E_count_eq_2,P_B_count,P_E_count,B_E_count",26,210
additive_head,239,0.3936020561644764,0.4642513804139312,0.7683506896410306,"intercept,P:9.9,P:9.6,P:10.0,B:9.0,B:9.7,B:10.1,B:10.2,B:10.6,B:10.10,B:11.2,B:11.9,E:10.7,E:11.10",14,211
count_additive,239,0.3968459613644625,0.46962579911670743,0.762956255877267,"intercept,P:9.9,P:9.6,P:10.0,B:9.0,B:9.7,B:10.1,B:10.2,B:10.6,B:10.10,B:11.2,B:11.9,E:10.7,E:11.10,P_count_eq_1,P_count_eq_2,P_count_eq_3,B_count_eq_1,B_count_2_3,B_count_4_5,B_count_6_8,E_count_eq_1,E_count_eq_2",23,211
count_plus_PB_count,239,0.3871438716247147,0.451313584481532,0.7810820281737199,"intercept,P:9.9,P:9.6,P:10.0,B:9.0,B:9.7,B:10.1,B:10.2,B:10.6,B:10.10,B:11.2,B:11.9,E:10.7,E:11.10,P_count_eq_1,P_count_eq_2,P_count_eq_3,B_count_eq_1,B_count_2_3,B_count_4_5,B_count_6_8,E_count_eq_1,E_count_eq_2,P_B_count",24,211
count_plus_PE_count,239,0.2614743451442751,0.31839361302004354,0.8910434612359821,"intercept,P:9.9,P:9.6,P:10.0,B:9.0,B:9.7,B:10.1,B:10.2,B:10.6,B:10.10,B:11.2,B:11.9,E:10.7,E:11.10,P_count_eq_1,P_count_eq_2,P_count_eq_3,B_count_eq_1,B_count_2_3,B_count_4_5,B_count_6_8,E_count_eq_1,E_count_eq_2,P_E_count",24,211
count_plus_BE_count,239,0.39311399429941535,0.46305150031470294,0.769546559894992,"intercept,P:9.9,P:9.6,P:10.0,B:9.0,B:9.7,B:10.1,B:10.2,B:10.6,B:10.10,B:11.2,B:11.9,E:10.7,E:11.10,P_count_eq_1,P_count_eq_2,P_count_eq_3,B_count_eq_1,B_count_2_3,B_count_4_5,B_count_6_8,E_count_eq_1,E_count_eq_2,B_E_count",24,211
count_plus_all_pairs,239,0.23462588639988952,0.28985764688483073,0.9096986738133243,"intercept,P:9.9,P:9.6,P:10.0,B:9.0,B:9.7,B:10.1,B:10.2,B:10.6,B:10.10,B:11.2,B:11.9,E:10.7,E:11.10,P_count_eq_1,P_count_eq_2,P_count_eq_3,B_count_eq_1,B_count_2_3,B_count_4_5,B_count_6_8,E_count_eq_1,E_count_eq_2,P_B_count,P_E_count,B_E_count",26,211
additive_head,239,0.38600840488120874,0.45610504386226786,0.7702671894862336,"intercept,P:9.9,P:9.6,P:10.0,B:9.0,B:9.7,B:10.1,B:10.2,B:10.6,B:10.10,B:11.2,B:11.9,E:10.7,E:11.10",14,212
count_additive,239,0.3892698603639271,0.46096959271992427,0.7653406663368414,"intercept,P:9.9,P:9.6,P:10.0,B:9.0,B:9.7,B:10.1,B:10.2,B:10.6,B:10.10,B:11.2,B:11.9,E:10.7,E:11.10,P_count_eq_1,P_count_eq_2,P_count_eq_3,B_count_eq_1,B_count_2_3,B_count_4_5,B_count_6_8,E_count_eq_1,E_count_eq_2",23,212
count_plus_PB_count,239,0.3792145319895521,0.44239081440391226,0.7838747654331298,"intercept,P:9.9,P:9.6,P:10.0,B:9.0,B:9.7,B:10.1,B:10.2,B:10.6,B:10.10,B:11.2,B:11.9,E:10.7,E:11.10,P_count_eq_1,P_count_eq_2,P_count_eq_3,B_count_eq_1,B_count_2_3,B_count_4_5,B_count_6_8,E_count_eq_1,E_count_eq_2,P_B_count",24,212
count_plus_PE_count,239,0.256991896284852,0.3121532406925366,0.8923958622250756,"intercept,P:9.9,P:9.6,P:10.0,B:9.0,B:9.7,B:10.1,B:10.2,B:10.6,B:10.10,B:11.2,B:11.9,E:10.7,E:11.10,P_count_eq_1,P_count_eq_2,P_count_eq_3,B_count_eq_1,B_count_2_3,B_count_4_5,B_count_6_8,E_count_eq_1,E_count_eq_2,P_E_count",24,212
count_plus_BE_count,239,0.3859936308290252,0.45522674226670207,0.7711511105144069,"intercept,P:9.9,P:9.6,P:10.0,B:9.0,B:9.7,B:10.1,B:10.2,B:10.6,B:10.10,B:11.2,B:11.9,E:10.7,E:11.10,P_count_eq_1,P_count_eq_2,P_count_eq_3,B_count_eq_1,B_count_2_3,B_count_4_5,B_count_6_8,E_count_eq_1,E_count_eq_2,B_E_count",24,212
count_plus_all_pairs,239,0.23035312493452823,0.2840523034392488,0.9108974964720692,"intercept,P:9.9,P:9.6,P:10.0,B:9.0,B:9.7,B:10.1,B:10.2,B:10.6,B:10.10,B:11.2,B:11.9,E:10.7,E:11.10,P_count_eq_1,P_count_eq_2,P_count_eq_3,B_count_eq_1,B_count_2_3,B_count_4_5,B_count_6_8,E_count_eq_1,E_count_eq_2,P_B_count,P_E_count,B_E_count",26,212
additive_head,239,0.3866605398874309,0.4558121117943048,0.7402947651774412,"intercept,P:9.9,P:9.6,P:10.0,B:9.0,B:9.7,B:10.1,B:10.2,B:10.6,B:10.10,B:11.2,B:11.9,E:10.7,E:11.10",14,213
count_additive,239,0.3897978969568003,0.46099646008845946,0.7343534605922735,"intercept,P:9.9,P:9.6,P:10.0,B:9.0,B:9.7,B:10.1,B:10.2,B:10.6,B:10.10,B:11.2,B:11.9,E:10.7,E:11.10,P_count_eq_1,P_count_eq_2,P_count_eq_3,B_count_eq_1,B_count_2_3,B_count_4_5,B_count_6_8,E_count_eq_1,E_count_eq_2",23,213
count_plus_PB_count,239,0.38137449760916864,0.4434381839093069,0.7542038050331228,"intercept,P:9.9,P:9.6,P:10.0,B:9.0,B:9.7,B:10.1,B:10.2,B:10.6,B:10.10,B:11.2,B:11.9,E:10.7,E:11.10,P_count_eq_1,P_count_eq_2,P_count_eq_3,B_count_eq_1,B_count_2_3,B_count_4_5,B_count_6_8,E_count_eq_1,E_count_eq_2,P_B_count",24,213
count_plus_PE_count,239,0.2587643199370117,0.31413196933092963,0.8766516752340954,"intercept,P:9.9,P:9.6,P:10.0,B:9.0,B:9.7,B:10.1,B:10.2,B:10.6,B:10.10,B:11.2,B:11.9,E:10.7,E:11.10,P_count_eq_1,P_count_eq_2,P_count_eq_3,B_count_eq_1,B_count_2_3,B_count_4_5,B_count_6_8,E_count_eq_1,E_count_eq_2,P_E_count",24,213
count_plus_BE_count,239,0.3879553369154181,0.45584166566783463,0.7402610866318688,"intercept,P:9.9,P:9.6,P:10.0,B:9.0,B:9.7,B:10.1,B:10.2,B:10.6,B:10.10,B:11.2,B:11.9,E:10.7,E:11.10,P_count_eq_1,P_count_eq_2,P_count_eq_3,B_count_eq_1,B_count_2_3,B_count_4_5,B_count_6_8,E_count_eq_1,E_count_eq_2,B_E_count",24,213
count_plus_all_pairs,239,0.23328277754259563,0.28818006492062653,0.8961905592555603,"intercept,P:9.9,P:9.6,P:10.0,B:9.0,B:9.7,B:10.1,B:10.2,B:10.6,B:10.10,B:11.2,B:11.9,E:10.7,E:11.10,P_count_eq_1,P_count_eq_2,P_count_eq_3,B_count_eq_1,B_count_2_3,B_count_4_5,B_count_6_8,E_count_eq_1,E_count_eq_2,P_B_count,P_E_count,B_E_count",26,213
additive_head,239,0.39831179738828537,0.4698427645856664,0.7558758990026914,"intercept,P:9.9,P:9.6,P:10.0,B:9.0,B:9.7,B:10.1,B:10.2,B:10.6,B:10.10,B:11.2,B:11.9,E:10.7,E:11.10",14,214
count_additive,239,0.4016414495942789,0.4749652256419512,0.7505237549583985,"intercept,P:9.9,P:9.6,P:10.0,B:9.0,B:9.7,B:10.1,B:10.2,B:10.6,B:10.10,B:11.2,B:11.9,E:10.7,E:11.10,P_count_eq_1,P_count_eq_2,P_count_eq_3,B_count_eq_1,B_count_2_3,B_count_4_5,B_count_6_8,E_count_eq_1,E_count_eq_2",23,214
count_plus_PB_count,239,0.3907975676497699,0.45579302054488346,0.7702577279430868,"intercept,P:9.9,P:9.6,P:10.0,B:9.0,B:9.7,B:10.1,B:10.2,B:10.6,B:10.10,B:11.2,B:11.9,E:10.7,E:11.10,P_count_eq_1,P_count_eq_2,P_count_eq_3,B_count_eq_1,B_count_2_3,B_count_4_5,B_count_6_8,E_count_eq_1,E_count_eq_2,P_B_count",24,214
count_plus_PE_count,239,0.26665664149119944,0.32339557343188496,0.8843425234164229,"intercept,P:9.9,P:9.6,P:10.0,B:9.0,B:9.7,B:10.1,B:10.2,B:10.6,B:10.10,B:11.2,B:11.9,E:10.7,E:11.10,P_count_eq_1,P_count_eq_2,P_count_eq_3,B_count_eq_1,B_count_2_3,B_count_4_5,B_count_6_8,E_count_eq_1,E_count_eq_2,P_E_count",24,214
count_plus_BE_count,239,0.39901143507380726,0.46980230347180757,0.7559179433140328,"intercept,P:9.9,P:9.6,P:10.0,B:9.0,B:9.7,B:10.1,B:10.2,B:10.6,B:10.10,B:11.2,B:11.9,E:10.7,E:11.10,P_count_eq_1,P_count_eq_2,P_count_eq_3,B_count_eq_1,B_count_2_3,B_count_4_5,B_count_6_8,E_count_eq_1,E_count_eq_2,B_E_count",24,214
count_plus_all_pairs,239,0.23934273717654697,0.29546024584671565,0.9034608034255864,"intercept,P:9.9,P:9.6,P:10.0,B:9.0,B:9.7,B:10.1,B:10.2,B:10.6,B:10.10,B:11.2,B:11.9,E:10.7,E:11.10,P_count_eq_1,P_count_eq_2,P_count_eq_3,B_count_eq_1,B_count_2_3,B_count_4_5,B_count_6_8,E_count_eq_1,E_count_eq_2,P_B_count,P_E_count,B_E_count",26,214
additive_head,239,0.3520868912175382,0.41543055675363477,0.7629555635855303,"intercept,P:9.9,P:9.6,P:10.0,B:9.0,B:9.7,B:10.1,B:10.2,B:10.6,B:10.10,B:11.2,B:11.9,E:10.7,E:11.10",14,215
count_additive,239,0.35408698111389875,0.4194055467246662,0.7583976073492342,"intercept,P:9.9,P:9.6,P:10.0,B:9.0,B:9.7,B:10.1,B:10.2,B:10.6,B:10.10,B:11.2,B:11.9,E:10.7,E:11.10,P_count_eq_1,P_count_eq_2,P_count_eq_3,B_count_eq_1,B_count_2_3,B_count_4_5,B_count_6_8,E_count_eq_1,E_count_eq_2",23,215
count_plus_PB_count,239,0.346440249382537,0.4038410137399204,0.775997049830611,"intercept,P:9.9,P:9.6,P:10.0,B:9.0,B:9.7,B:10.1,B:10.2,B:10.6,B:10.10,B:11.2,B:11.9,E:10.7,E:11.10,P_count_eq_1,P_count_eq_2,P_count_eq_3,B_count_eq_1,B_count_2_3,B_count_4_5,B_count_6_8,E_count_eq_1,E_count_eq_2,P_B_count",24,215
count_plus_PE_count,239,0.2324067497339177,0.2827025446945366,0.8902278104777139,"intercept,P:9.9,P:9.6,P:10.0,B:9.0,B:9.7,B:10.1,B:10.2,B:10.6,B:10.10,B:11.2,B:11.9,E:10.7,E:11.10,P_count_eq_1,P_count_eq_2,P_count_eq_3,B_count_eq_1,B_count_2_3,B_count_4_5,B_count_6_8,E_count_eq_1,E_count_eq_2,P_E_count",24,215
count_plus_BE_count,239,0.3508000886809469,0.4133008508859418,0.7653797516966033,"intercept,P:9.9,P:9.6,P:10.0,B:9.0,B:9.7,B:10.1,B:10.2,B:10.6,B:10.10,B:11.2,B:11.9,E:10.7,E:11.10,P_count_eq_1,P_count_eq_2,P_count_eq_3,B_count_eq_1,B_count_2_3,B_count_4_5,B_count_6_8,E_count_eq_1,E_count_eq_2,B_E_count",24,215
count_plus_all_pairs,239,0.20869373185250417,0.25773364404155824,0.908762133819274,"intercept,P:9.9,P:9.6,P:10.0,B:9.0,B:9.7,B:10.1,B:10.2,B:10.6,B:10.10,B:11.2,B:11.9,E:10.7,E:11.10,P_count_eq_1,P_count_eq_2,P_count_eq_3,B_count_eq_1,B_count_2_3,B_count_4_5,B_count_6_8,E_count_eq_1,E_count_eq_2,P_B_count,P_E_count,B_E_count",26,215
additive_head,239,0.37624623848437755,0.444303298035019,0.7578466407801011,"intercept,P:9.9,P:9.6,P:10.0,B:9.0,B:9.7,B:10.1,B:10.2,B:10.6,B:10.10,B:11.2,B:11.9,E:10.7,E:11.10",14,216
count_additive,239,0.3792153881428059,0.4491070182768579,0.7525821048481712,"intercept,P:9.9,P:9.6,P:10.0,B:9.0,B:9.7,B:10.1,B:10.2,B:10.6,B:10.10,B:11.2,B:11.9,E:10.7,E:11.10,P_count_eq_1,P_count_eq_2,P_count_eq_3,B_count_eq_1,B_count_2_3,B_count_4_5,B_count_6_8,E_count_eq_1,E_count_eq_2",23,216
count_plus_PB_count,239,0.36949717203074,0.4307294861445077,0.7724165744665238,"intercept,P:9.9,P:9.6,P:10.0,B:9.0,B:9.7,B:10.1,B:10.2,B:10.6,B:10.10,B:11.2,B:11.9,E:10.7,E:11.10,P_count_eq_1,P_count_eq_2,P_count_eq_3,B_count_eq_1,B_count_2_3,B_count_4_5,B_count_6_8,E_count_eq_1,E_count_eq_2,P_B_count",24,216
count_plus_PE_count,239,0.2494642327204615,0.30340650717302214,0.8870773124256297,"intercept,P:9.9,P:9.6,P:10.0,B:9.0,B:9.7,B:10.1,B:10.2,B:10.6,B:10.10,B:11.2,B:11.9,E:10.7,E:11.10,P_count_eq_1,P_count_eq_2,P_count_eq_3,B_count_eq_1,B_count_2_3,B_count_4_5,B_count_6_8,E_count_eq_1,E_count_eq_2,P_E_count",24,216
count_plus_BE_count,239,0.3763420968661332,0.4440826755315797,0.7580870676073528,"intercept,P:9.9,P:9.6,P:10.0,B:9.0,B:9.7,B:10.1,B:10.2,B:10.6,B:10.10,B:11.2,B:11.9,E:10.7,E:11.10,P_count_eq_1,P_count_eq_2,P_count_eq_3,B_count_eq_1,B_count_2_3,B_count_4_5,B_count_6_8,E_count_eq_1,E_count_eq_2,B_E_count",24,216
count_plus_all_pairs,239,0.22335807251805673,0.2762271177709499,0.9064025433077613,"intercept,P:9.9,P:9.6,P:10.0,B:9.0,B:9.7,B:10.1,B:10.2,B:10.6,B:10.10,B:11.2,B:11.9,E:10.7,E:11.10,P_count_eq_1,P_count_eq_2,P_count_eq_3,B_count_eq_1,B_count_2_3,B_count_4_5,B_count_6_8,E_count_eq_1,E_count_eq_2,P_B_count,P_E_count,B_E_count",26,216
additive_head,239,0.3842759022636273,0.4523329499376697,0.7448403213957902,"intercept,P:9.9,P:9.6,P:10.0,B:9.0,B:9.7,B:10.1,B:10.2,B:10.6,B:10.10,B:11.2,B:11.9,E:10.7,E:11.10",14,217
count_additive,239,0.3875110032238306,0.45745226695080643,0.7390320554085059,"intercept,P:9.9,P:9.6,P:10.0,B:9.0,B:9.7,B:10.1,B:10.2,B:10.6,B:10.10,B:11.2,B:11.9,E:10.7,E:11.10,P_count_eq_1,P_count_eq_2,P_count_eq_3,B_count_eq_1,B_count_2_3,B_count_4_5,B_count_6_8,E_count_eq_1,E_count_eq_2",23,217
count_plus_PB_count,239,0.37895671619162147,0.4400755622680431,0.7584816673425846,"intercept,P:9.9,P:9.6,P:10.0,B:9.0,B:9.7,B:10.1,B:10.2,B:10.6,B:10.10,B:11.2,B:11.9,E:10.7,E:11.10,P_count_eq_1,P_count_eq_2,P_count_eq_3,B_count_eq_1,B_count_2_3,B_count_4_5,B_count_6_8,E_count_eq_1,E_count_eq_2,P_B_count",24,217
count_plus_PE_count,239,0.2574527495399366,0.31158349702216004,0.8789277840361756,"intercept,P:9.9,P:9.6,P:10.0,B:9.0,B:9.7,B:10.1,B:10.2,B:10.6,B:10.10,B:11.2,B:11.9,E:10.7,E:11.10,P_count_eq_1,P_count_eq_2,P_count_eq_3,B_count_eq_1,B_count_2_3,B_count_4_5,B_count_6_8,E_count_eq_1,E_count_eq_2,P_E_count",24,217
count_plus_BE_count,239,0.38489533177854746,0.45172335010483733,0.7455276048883664,"intercept,P:9.9,P:9.6,P:10.0,B:9.0,B:9.7,B:10.1,B:10.2,B:10.6,B:10.10,B:11.2,B:11.9,E:10.7,E:11.10,P_count_eq_1,P_count_eq_2,P_count_eq_3,B_count_eq_1,B_count_2_3,B_count_4_5,B_count_6_8,E_count_eq_1,E_count_eq_2,B_E_count",24,217
count_plus_all_pairs,239,0.23102754011154022,0.2851399406441953,0.8986061283686686,"intercept,P:9.9,P:9.6,P:10.0,B:9.0,B:9.7,B:10.1,B:10.2,B:10.6,B:10.10,B:11.2,B:11.9,E:10.7,E:11.10,P_count_eq_1,P_count_eq_2,P_count_eq_3,B_count_eq_1,B_count_2_3,B_count_4_5,B_count_6_8,E_count_eq_1,E_count_eq_2,P_B_count,P_E_count,B_E_count",26,217
additive_head,239,0.39284537926786345,0.46005011871809104,0.7616482148312097,"intercept,P:9.9,P:9.6,P:10.0,B:9.0,B:9.7,B:10.1,B:10.2,B:10.6,B:10.10,B:11.2,B:11.9,E:10.7,E:11.10",14,218
count_additive,239,0.3961116875655741,0.4658788429515547,0.755570234479908,"intercept,P:9.9,P:9.6,P:10.0,B:9.0,B:9.7,B:10.1,B:10.2,B:10.6,B:10.10,B:11.2,B:11.9,E:10.7,E:11.10,P_count_eq_1,P_count_eq_2,P_count_eq_3,B_count_eq_1,B_count_2_3,B_count_4_5,B_count_6_8,E_count_eq_1,E_count_eq_2",23,218
count_plus_PB_count,239,0.38791878829641885,0.44946522914981907,0.7724900918887389,"intercept,P:9.9,P:9.6,P:10.0,B:9.0,B:9.7,B:10.1,B:10.2,B:10.6,B:10.10,B:11.2,B:11.9,E:10.7,E:11.10,P_count_eq_1,P_count_eq_2,P_count_eq_3,B_count_eq_1,B_count_2_3,B_count_4_5,B_count_6_8,E_count_eq_1,E_count_eq_2,P_B_count",24,218
count_plus_PE_count,239,0.26157615118311606,0.3175359489547585,0.8864482283614519,"intercept,P:9.9,P:9.6,P:10.0,B:9.0,B:9.7,B:10.1,B:10.2,B:10.6,B:10.10,B:11.2,B:11.9,E:10.7,E:11.10,P_count_eq_1,P_count_eq_2,P_count_eq_3,B_count_eq_1,B_count_2_3,B_count_4_5,B_count_6_8,E_count_eq_1,E_count_eq_2,P_E_count",24,218
count_plus_BE_count,239,0.3936036602528279,0.45995566259655013,0.7617460801421476,"intercept,P:9.9,P:9.6,P:10.0,B:9.0,B:9.7,B:10.1,B:10.2,B:10.6,B:10.10,B:11.2,B:11.9,E:10.7,E:11.10,P_count_eq_1,P_count_eq_2,P_count_eq_3,B_count_eq_1,B_count_2_3,B_count_4_5,B_count_6_8,E_count_eq_1,E_count_eq_2,B_E_count",24,218
count_plus_all_pairs,239,0.2364509050677267,0.2924263306485194,0.9036967232611339,"intercept,P:9.9,P:9.6,P:10.0,B:9.0,B:9.7,B:10.1,B:10.2,B:10.6,B:10.10,B:11.2,B:11.9,E:10.7,E:11.10,P_count_eq_1,P_count_eq_2,P_count_eq_3,B_count_eq_1,B_count_2_3,B_count_4_5,B_count_6_8,E_count_eq_1,E_count_eq_2,P_B_count,P_E_count,B_E_count",26,218
additive_head,239,0.3874891492969993,0.4590295236259108,0.7552874293958288,"intercept,P:9.9,P:9.6,P:10.0,B:9.0,B:9.7,B:10.1,B:10.2,B:10.6,B:10.10,B:11.2,B:11.9,E:10.7,E:11.10",14,219
count_additive,239,0.39074913201539996,0.4640594162918628,0.7498950889215152,"intercept,P:9.9,P:9.6,P:10.0,B:9.0,B:9.7,B:10.1,B:10.2,B:10.6,B:10.10,B:11.2,B:11.9,E:10.7,E:11.10,P_count_eq_1,P_count_eq_2,P_count_eq_3,B_count_eq_1,B_count_2_3,B_count_4_5,B_count_6_8,E_count_eq_1,E_count_eq_2",23,219
count_plus_PB_count,239,0.3798129460434279,0.4438937695873658,0.7711593674336826,"intercept,P:9.9,P:9.6,P:10.0,B:9.0,B:9.7,B:10.1,B:10.2,B:10.6,B:10.10,B:11.2,B:11.9,E:10.7,E:11.10,P_count_eq_1,P_count_eq_2,P_count_eq_3,B_count_eq_1,B_count_2_3,B_count_4_5,B_count_6_8,E_count_eq_1,E_count_eq_2,P_B_count",24,219
count_plus_PE_count,239,0.2588244113197504,0.3150228871183144,0.8847451378549238,"intercept,P:9.9,P:9.6,P:10.0,B:9.0,B:9.7,B:10.1,B:10.2,B:10.6,B:10.10,B:11.2,B:11.9,E:10.7,E:11.10,P_count_eq_1,P_count_eq_2,P_count_eq_3,B_count_eq_1,B_count_2_3,B_count_4_5,B_count_6_8,E_count_eq_1,E_count_eq_2,P_E_count",24,219
count_plus_BE_count,239,0.3864532957372075,0.4577070862717228,0.756695403684342,"intercept,P:9.9,P:9.6,P:10.0,B:9.0,B:9.7,B:10.1,B:10.2,B:10.6,B:10.10,B:11.2,B:11.9,E:10.7,E:11.10,P_count_eq_1,P_count_eq_2,P_count_eq_3,B_count_eq_1,B_count_2_3,B_count_4_5,B_count_6_8,E_count_eq_1,E_count_eq_2,B_E_count",24,219
count_plus_all_pairs,239,0.2301861139047621,0.2841650443871522,0.906218678548959,"intercept,P:9.9,P:9.6,P:10.0,B:9.0,B:9.7,B:10.1,B:10.2,B:10.6,B:10.10,B:11.2,B:11.9,E:10.7,E:11.10,P_count_eq_1,P_count_eq_2,P_count_eq_3,B_count_eq_1,B_count_2_3,B_count_4_5,B_count_6_8,E_count_eq_1,E_count_eq_2,P_B_count,P_E_count,B_E_count",26,219
additive_head,239,0.38988309280995065,0.46102694085726803,0.7538744423221555,"intercept,P:9.9,P:9.6,P:10.0,B:9.0,B:9.7,B:10.1,B:10.2,B:10.6,B:10.10,B:11.2,B:11.9,E:10.7,E:11.10",14,220
count_additive,239,0.3932586919434181,0.46617910748170194,0.7483425940542852,"intercept,P:9.9,P:9.6,P:10.0,B:9.0,B:9.7,B:10.1,B:10.2,B:10.6,B:10.10,B:11.2,B:11.9,E:10.7,E:11.10,P_count_eq_1,P_count_eq_2,P_count_eq_3,B_count_eq_1,B_count_2_3,B_count_4_5,B_count_6_8,E_count_eq_1,E_count_eq_2",23,220
count_plus_PB_count,239,0.38384775041955865,0.44803086363893735,0.767555128677156,"intercept,P:9.9,P:9.6,P:10.0,B:9.0,B:9.7,B:10.1,B:10.2,B:10.6,B:10.10,B:11.2,B:11.9,E:10.7,E:11.10,P_count_eq_1,P_count_eq_2,P_count_eq_3,B_count_eq_1,B_count_2_3,B_count_4_5,B_count_6_8,E_count_eq_1,E_count_eq_2,P_B_count",24,220
count_plus_PE_count,239,0.2617693514309801,0.31816642465107386,0.8827770088862236,"intercept,P:9.9,P:9.6,P:10.0,B:9.0,B:9.7,B:10.1,B:10.2,B:10.6,B:10.10,B:11.2,B:11.9,E:10.7,E:11.10,P_count_eq_1,P_count_eq_2,P_count_eq_3,B_count_eq_1,B_count_2_3,B_count_4_5,B_count_6_8,E_count_eq_1,E_count_eq_2,P_E_count",24,220
count_plus_BE_count,239,0.3900588664507022,0.459735778006361,0.7552511218439035,"intercept,P:9.9,P:9.6,P:10.0,B:9.0,B:9.7,B:10.1,B:10.2,B:10.6,B:10.10,B:11.2,B:11.9,E:10.7,E:11.10,P_count_eq_1,P_count_eq_2,P_count_eq_3,B_count_eq_1,B_count_2_3,B_count_4_5,B_count_6_8,E_count_eq_1,E_count_eq_2,B_E_count",24,220
count_plus_all_pairs,239,0.23446071976216287,0.28990869318564033,0.9026745142224724,"intercept,P:9.9,P:9.6,P:10.0,B:9.0,B:9.7,B:10.1,B:10.2,B:10.6,B:10.10,B:11.2,B:11.9,E:10.7,E:11.10,P_count_eq_1,P_count_eq_2,P_count_eq_3,B_count_eq_1,B_count_2_3,B_count_4_5,B_count_6_8,E_count_eq_1,E_count_eq_2,P_B_count,P_E_count,B_E_count",26,220
additive_head,239,0.39552500177423733,0.46766182381057514,0.7459055048337865,"intercept,P:9.9,P:9.6,P:10.0,B:9.0,B:9.7,B:10.1,B:10.2,B:10.6,B:10.10,B:11.2,B:11.9,E:10.7,E:11.10",14,221
count_additive,239,0.39893062118074374,0.47309394992013665,0.7399683530134255,"intercept,P:9.9,P:9.6,P:10.0,B:9.0,B:9.7,B:10.1,B:10.2,B:10.6,B:10.10,B:11.2,B:11.9,E:10.7,E:11.10,P_count_eq_1,P_count_eq_2,P_count_eq_3,B_count_eq_1,B_count_2_3,B_count_4_5,B_count_6_8,E_count_eq_1,E_count_eq_2",23,221
count_plus_PB_count,239,0.3879978860985708,0.45263758238883034,0.7619694833164283,"intercept,P:9.9,P:9.6,P:10.0,B:9.0,B:9.7,B:10.1,B:10.2,B:10.6,B:10.10,B:11.2,B:11.9,E:10.7,E:11.10,P_count_eq_1,P_count_eq_2,P_count_eq_3,B_count_eq_1,B_count_2_3,B_count_4_5,B_count_6_8,E_count_eq_1,E_count_eq_2,P_B_count",24,221
count_plus_PE_count,239,0.26739139794522554,0.32452495638399964,0.8776433384884478,"intercept,P:9.9,P:9.6,P:10.0,B:9.0,B:9.7,B:10.1,B:10.2,B:10.6,B:10.10,B:11.2,B:11.9,E:10.7,E:11.10,P_count_eq_1,P_count_eq_2,P_count_eq_3,B_count_eq_1,B_count_2_3,B_count_4_5,B_count_6_8,E_count_eq_1,E_count_eq_2,P_E_count",24,221
count_plus_BE_count,239,0.3955757727745344,0.4674696136094294,0.7461143288812039,"intercept,P:9.9,P:9.6,P:10.0,B:9.0,B:9.7,B:10.1,B:10.2,B:10.6,B:10.10,B:11.2,B:11.9,E:10.7,E:11.10,P_count_eq_1,P_count_eq_2,P_count_eq_3,B_count_eq_1,B_count_2_3,B_count_4_5,B_count_6_8,E_count_eq_1,E_count_eq_2,B_E_count",24,221
count_plus_all_pairs,239,0.23850924889529654,0.2946337982028553,0.8991452058827298,"intercept,P:9.9,P:9.6,P:10.0,B:9.0,B:9.7,B:10.1,B:10.2,B:10.6,B:10.10,B:11.2,B:11.9,E:10.7,E:11.10,P_count_eq_1,P_count_eq_2,P_count_eq_3,B_count_eq_1,B_count_2_3,B_count_4_5,B_count_6_8,E_count_eq_1,E_count_eq_2,P_B_count,P_E_count,B_E_count",26,221
additive_head,239,0.3827214820243592,0.4515603670148822,0.7552536684116293,"intercept,P:9.9,P:9.6,P:10.0,B:9.0,B:9.7,B:10.1,B:10.2,B:10.6,B:10.10,B:11.2,B:11.9,E:10.7,E:11.10",14,222
count_additive,239,0.3861598615569695,0.45681732061737435,0.7495219458783954,"intercept,P:9.9,P:9.6,P:10.0,B:9.0,B:9.7,B:10.1,B:10.2,B:10.6,B:10.10,B:11.2,B:11.9,E:10.7,E:11.10,P_count_eq_1,P_count_eq_2,P_count_eq_3,B_count_eq_1,B_count_2_3,B_count_4_5,B_count_6_8,E_count_eq_1,E_count_eq_2",23,222
count_plus_PB_count,239,0.3766814312588375,0.43832041492428575,0.7693954067620024,"intercept,P:9.9,P:9.6,P:10.0,B:9.0,B:9.7,B:10.1,B:10.2,B:10.6,B:10.10,B:11.2,B:11.9,E:10.7,E:11.10,P_count_eq_1,P_count_eq_2,P_count_eq_3,B_count_eq_1,B_count_2_3,B_count_4_5,B_count_6_8,E_count_eq_1,E_count_eq_2,P_B_count",24,222
count_plus_PE_count,239,0.2567741755815617,0.31221062841123415,0.8830015998507108,"intercept,P:9.9,P:9.6,P:10.0,B:9.0,B:9.7,B:10.1,B:10.2,B:10.6,B:10.10,B:11.2,B:11.9,E:10.7,E:11.10,P_count_eq_1,P_count_eq_2,P_count_eq_3,B_count_eq_1,B_count_2_3,B_count_4_5,B_count_6_8,E_count_eq_1,E_count_eq_2,P_E_count",24,222
count_plus_BE_count,239,0.3830862636110502,0.4518875093393905,0.7548989167870702,"intercept,P:9.9,P:9.6,P:10.0,B:9.0,B:9.7,B:10.1,B:10.2,B:10.6,B:10.10,B:11.2,B:11.9,E:10.7,E:11.10,P_count_eq_1,P_count_eq_2,P_count_eq_3,B_count_eq_1,B_count_2_3,B_count_4_5,B_count_6_8,E_count_eq_1,E_count_eq_2,B_E_count",24,222
count_plus_all_pairs,239,0.2306265229350766,0.28528499764393384,0.9023117287471357,"intercept,P:9.9,P:9.6,P:10.0,B:9.0,B:9.7,B:10.1,B:10.2,B:10.6,B:10.10,B:11.2,B:11.9,E:10.7,E:11.10,P_count_eq_1,P_count_eq_2,P_count_eq_3,B_count_eq_1,B_count_2_3,B_count_4_5,B_count_6_8,E_count_eq_1,E_count_eq_2,P_B_count,P_E_count,B_E_count",26,222
additive_head,239,0.3867986555534376,0.4559871262247697,0.7642282789408583,"intercept,P:9.9,P:9.6,P:10.0,B:9.0,B:9.7,B:10.1,B:10.2,B:10.6,B:10.10,B:11.2,B:11.9,E:10.7,E:11.10",14,223
count_additive,239,0.38975670878919866,0.46082978952518816,0.759193812584809,"intercept,P:9.9,P:9.6,P:10.0,B:9.0,B:9.7,B:10.1,B:10.2,B:10.6,B:10.10,B:11.2,B:11.9,E:10.7,E:11.10,P_count_eq_1,P_count_eq_2,P_count_eq_3,B_count_eq_1,B_count_2_3,B_count_4_5,B_count_6_8,E_count_eq_1,E_count_eq_2",23,223
count_plus_PB_count,239,0.3806809732989155,0.442255450498082,0.7782146075089259,"intercept,P:9.9,P:9.6,P:10.0,B:9.0,B:9.7,B:10.1,B:10.2,B:10.6,B:10.10,B:11.2,B:11.9,E:10.7,E:11.10,P_count_eq_1,P_count_eq_2,P_count_eq_3,B_count_eq_1,B_count_2_3,B_count_4_5,B_count_6_8,E_count_eq_1,E_count_eq_2,P_B_count",24,223
count_plus_PE_count,239,0.25660777779675215,0.31162182366522684,0.8898860656126798,"intercept,P:9.9,P:9.6,P:10.0,B:9.0,B:9.7,B:10.1,B:10.2,B:10.6,B:10.10,B:11.2,B:11.9,E:10.7,E:11.10,P_count_eq_1,P_count_eq_2,P_count_eq_3,B_count_eq_1,B_count_2_3,B_count_4_5,B_count_6_8,E_count_eq_1,E_count_eq_2,P_E_count",24,223
count_plus_BE_count,239,0.38716983364711105,0.4558354635894736,0.7643850895695833,"intercept,P:9.9,P:9.6,P:10.0,B:9.0,B:9.7,B:10.1,B:10.2,B:10.6,B:10.10,B:11.2,B:11.9,E:10.7,E:11.10,P_count_eq_1,P_count_eq_2,P_count_eq_3,B_count_eq_1,B_count_2_3,B_count_4_5,B_count_6_8,E_count_eq_1,E_count_eq_2,B_E_count",24,223
count_plus_all_pairs,239,0.2299385730250404,0.2843047654453082,0.9083452812085842,"intercept,P:9.9,P:9.6,P:10.0,B:9.0,B:9.7,B:10.1,B:10.2,B:10.6,B:10.10,B:11.2,B:11.9,E:10.7,E:11.10,P_count_eq_1,P_count_eq_2,P_count_eq_3,B_count_eq_1,B_count_2_3,B_count_4_5,B_count_6_8,E_count_eq_1,E_count_eq_2,P_B_count,P_E_count,B_E_count",26,223
additive_head,239,0.3708719507803616,0.4400530333251455,0.7644027112856473,"intercept,P:9.9,P:9.6,P:10.0,B:9.0,B:9.7,B:10.1,B:10.2,B:10.6,B:10.10,B:11.2,B:11.9,E:10.7,E:11.10",14,224
count_additive,239,0.37385400933079044,0.4448210925831372,0.7592695679574621,"intercept,P:9.9,P:9.6,P:10.0,B:9.0,B:9.7,B:10.1,B:10.2,B:10.6,B:10.10,B:11.2,B:11.9,E:10.7,E:11.10,P_count_eq_1,P_count_eq_2,P_count_eq_3,B_count_eq_1,B_count_2_3,B_count_4_5,B_count_6_8,E_count_eq_1,E_count_eq_2",23,224
count_plus_PB_count,239,0.3635010441198144,0.4249517968478172,0.7802951772968322,"intercept,P:9.9,P:9.6,P:10.0,B:9.0,B:9.7,B:10.1,B:10.2,B:10.6,B:10.10,B:11.2,B:11.9,E:10.7,E:11.10,P_count_eq_1,P_count_eq_2,P_count_eq_3,B_count_eq_1,B_count_2_3,B_count_4_5,B_count_6_8,E_count_eq_1,E_count_eq_2,P_B_count",24,224
count_plus_PE_count,239,0.24975969121445085,0.3042354172586301,0.8873892654072146,"intercept,P:9.9,P:9.6,P:10.0,B:9.0,B:9.7,B:10.1,B:10.2,B:10.6,B:10.10,B:11.2,B:11.9,E:10.7,E:11.10,P_count_eq_1,P_count_eq_2,P_count_eq_3,B_count_eq_1,B_count_2_3,B_count_4_5,B_count_6_8,E_count_eq_1,E_count_eq_2,P_E_count",24,224
count_plus_BE_count,239,0.369931917065478,0.4393956334878036,0.7651061080034138,"intercept,P:9.9,P:9.6,P:10.0,B:9.0,B:9.7,B:10.1,B:10.2,B:10.6,B:10.10,B:11.2,B:11.9,E:10.7,E:11.10,P_count_eq_1,P_count_eq_2,P_count_eq_3,B_count_eq_1,B_count_2_3,B_count_4_5,B_count_6_8,E_count_eq_1,E_count_eq_2,B_E_count",24,224
count_plus_all_pairs,239,0.22245288227563062,0.27486418920546046,0.9080828451751846,"intercept,P:9.9,P:9.6,P:10.0,B:9.0,B:9.7,B:10.1,B:10.2,B:10.6,B:10.10,B:11.2,B:11.9,E:10.7,E:11.10,P_count_eq_1,P_count_eq_2,P_count_eq_3,B_count_eq_1,B_count_2_3,B_count_4_5,B_count_6_8,E_count_eq_1,E_count_eq_2,P_B_count,P_E_count,B_E_count",26,224
additive_head,239,0.3680641306444804,0.4353944323668656,0.7669411604866496,"intercept,P:9.9,P:9.6,P:10.0,B:9.0,B:9.7,B:10.1,B:10.2,B:10.6,B:10.10,B:11.2,B:11.9,E:10.7,E:11.10",14,225
count_additive,239,0.37097702538727473,0.43947158489720767,0.7625558702323121,"intercept,P:9.9,P:9.6,P:10.0,B:9.0,B:9.7,B:10.1,B:10.2,B:10.6,B:10.10,B:11.2,B:11.9,E:10.7,E:11.10,P_count_eq_1,P_count_eq_2,P_count_eq_3,B_count_eq_1,B_count_2_3,B_count_4_5,B_count_6_8,E_count_eq_1,E_count_eq_2",23,225
count_plus_PB_count,239,0.3615627536390334,0.4211753359406588,0.7819150484385705,"intercept,P:9.9,P:9.6,P:10.0,B:9.0,B:9.7,B:10.1,B:10.2,B:10.6,B:10.10,B:11.2,B:11.9,E:10.7,E:11.10,P_count_eq_1,P_count_eq_2,P_count_eq_3,B_count_eq_1,B_count_2_3,B_count_4_5,B_count_6_8,E_count_eq_1,E_count_eq_2,P_B_count",24,225
count_plus_PE_count,239,0.24465383162989368,0.297470133140746,0.8912106021515331,"intercept,P:9.9,P:9.6,P:10.0,B:9.0,B:9.7,B:10.1,B:10.2,B:10.6,B:10.10,B:11.2,B:11.9,E:10.7,E:11.10,P_count_eq_1,P_count_eq_2,P_count_eq_3,B_count_eq_1,B_count_2_3,B_count_4_5,B_count_6_8,E_count_eq_1,E_count_eq_2,P_E_count",24,225
count_plus_BE_count,239,0.36793821703820045,0.4339617479222399,0.7684724176335431,"intercept,P:9.9,P:9.6,P:10.0,B:9.0,B:9.7,B:10.1,B:10.2,B:10.6,B:10.10,B:11.2,B:11.9,E:10.7,E:11.10,P_count_eq_1,P_count_eq_2,P_count_eq_3,B_count_eq_1,B_count_2_3,B_count_4_5,B_count_6_8,E_count_eq_1,E_count_eq_2,B_E_count",24,225
count_plus_all_pairs,239,0.218576566216315,0.26985827881555396,0.9104694341386887,"intercept,P:9.9,P:9.6,P:10.0,B:9.0,B:9.7,B:10.1,B:10.2,B:10.6,B:10.10,B:11.2,B:11.9,E:10.7,E:11.10,P_count_eq_1,P_count_eq_2,P_count_eq_3,B_count_eq_1,B_count_2_3,B_count_4_5,B_count_6_8,E_count_eq_1,E_count_eq_2,P_B_count,P_E_count,B_E_count",26,225
additive_head,239,0.3880987752239795,0.4605710105747837,0.767175241193555,"intercept,P:9.9,P:9.6,P:10.0,B:9.0,B:9.7,B:10.1,B:10.2,B:10.6,B:10.10,B:11.2,B:11.9,E:10.7,E:11.10",14,226
count_additive,239,0.3909529118592783,0.4650562195849049,0.7626184957085886,"intercept,P:9.9,P:9.6,P:10.0,B:9.0,B:9.7,B:10.1,B:10.2,B:10.6,B:10.10,B:11.2,B:11.9,E:10.7,E:11.10,P_count_eq_1,P_count_eq_2,P_count_eq_3,B_count_eq_1,B_count_2_3,B_count_4_5,B_count_6_8,E_count_eq_1,E_count_eq_2",23,226
count_plus_PB_count,239,0.37986309829891346,0.4441109606236318,0.7835194178694205,"intercept,P:9.9,P:9.6,P:10.0,B:9.0,B:9.7,B:10.1,B:10.2,B:10.6,B:10.10,B:11.2,B:11.9,E:10.7,E:11.10,P_count_eq_1,P_count_eq_2,P_count_eq_3,B_count_eq_1,B_count_2_3,B_count_4_5,B_count_6_8,E_count_eq_1,E_count_eq_2,P_B_count",24,226
count_plus_PE_count,239,0.2613877022050762,0.318228790668003,0.8888486093683478,"intercept,P:9.9,P:9.6,P:10.0,B:9.0,B:9.7,B:10.1,B:10.2,B:10.6,B:10.10,B:11.2,B:11.9,E:10.7,E:11.10,P_count_eq_1,P_count_eq_2,P_count_eq_3,B_count_eq_1,B_count_2_3,B_count_4_5,B_count_6_8,E_count_eq_1,E_count_eq_2,P_E_count",24,226
count_plus_BE_count,239,0.3869221952519873,0.45911663292296917,0.7686433339904079,"intercept,P:9.9,P:9.6,P:10.0,B:9.0,B:9.7,B:10.1,B:10.2,B:10.6,B:10.10,B:11.2,B:11.9,E:10.7,E:11.10,P_count_eq_1,P_count_eq_2,P_count_eq_3,B_count_eq_1,B_count_2_3,B_count_4_5,B_count_6_8,E_count_eq_1,E_count_eq_2,B_E_count",24,226
count_plus_all_pairs,239,0.23232939217702656,0.28699708573913535,0.9095953149868438,"intercept,P:9.9,P:9.6,P:10.0,B:9.0,B:9.7,B:10.1,B:10.2,B:10.6,B:10.10,B:11.2,B:11.9,E:10.7,E:11.10,P_count_eq_1,P_count_eq_2,P_count_eq_3,B_count_eq_1,B_count_2_3,B_count_4_5,B_count_6_8,E_count_eq_1,E_count_eq_2,P_B_count,P_E_count,B_E_count",26,226
additive_head,239,0.38469371720922135,0.4562096822770836,0.7651527943458677,"intercept,P:9.9,P:9.6,P:10.0,B:9.0,B:9.7,B:10.1,B:10.2,B:10.6,B:10.10,B:11.2,B:11.9,E:10.7,E:11.10",14,227
count_additive,239,0.38756532470296634,0.46129157409347377,0.7598915498573076,"intercept,P:9.9,P:9.6,P:10.0,B:9.0,B:9.7,B:10.1,B:10.2,B:10.6,B:10.10,B:11.2,B:11.9,E:10.7,E:11.10,P_count_eq_1,P_count_eq_2,P_count_eq_3,B_count_eq_1,B_count_2_3,B_count_4_5,B_count_6_8,E_count_eq_1,E_count_eq_2",23,227
count_plus_PB_count,239,0.37574651146815125,0.4406179568772165,0.7809310708423176,"intercept,P:9.9,P:9.6,P:10.0,B:9.0,B:9.7,B:10.1,B:10.2,B:10.6,B:10.10,B:11.2,B:11.9,E:10.7,E:11.10,P_count_eq_1,P_count_eq_2,P_count_eq_3,B_count_eq_1,B_count_2_3,B_count_4_5,B_count_6_8,E_count_eq_1,E_count_eq_2,P_B_count",24,227
count_plus_PE_count,239,0.2576795544900186,0.31364297079171244,0.8889988397668339,"intercept,P:9.9,P:9.6,P:10.0,B:9.0,B:9.7,B:10.1,B:10.2,B:10.6,B:10.10,B:11.2,B:11.9,E:10.7,E:11.10,P_count_eq_1,P_count_eq_2,P_count_eq_3,B_count_eq_1,B_count_2_3,B_count_4_5,B_count_6_8,E_count_eq_1,E_count_eq_2,P_E_count",24,227
count_plus_BE_count,239,0.3832738711940679,0.4549786376268731,0.7664185164073638,"intercept,P:9.9,P:9.6,P:10.0,B:9.0,B:9.7,B:10.1,B:10.2,B:10.6,B:10.10,B:11.2,B:11.9,E:10.7,E:11.10,P_count_eq_1,P_count_eq_2,P_count_eq_3,B_count_eq_1,B_count_2_3,B_count_4_5,B_count_6_8,E_count_eq_1,E_count_eq_2,B_E_count",24,227
count_plus_all_pairs,239,0.2286603627376819,0.2823216251973134,0.9100616964566122,"intercept,P:9.9,P:9.6,P:10.0,B:9.0,B:9.7,B:10.1,B:10.2,B:10.6,B:10.10,B:11.2,B:11.9,E:10.7,E:11.10,P_count_eq_1,P_count_eq_2,P_count_eq_3,B_count_eq_1,B_count_2_3,B_count_4_5,B_count_6_8,E_count_eq_1,E_count_eq_2,P_B_count,P_E_count,B_E_count",26,227
additive_head,239,0.39164284535774646,0.46067973358546194,0.7604400386034624,"intercept,P:9.9,P:9.6,P:10.0,B:9.0,B:9.7,B:10.1,B:10.2,B:10.6,B:10.10,B:11.2,B:11.9,E:10.7,E:11.10",14,228
count_additive,239,0.39507899144300695,0.4661545917348447,0.7547121969779395,"intercept,P:9.9,P:9.6,P:10.0,B:9.0,B:9.7,B:10.1,B:10.2,B:10.6,B:10.10,B:11.2,B:11.9,E:10.7,E:11.10,P_count_eq_1,P_count_eq_2,P_count_eq_3,B_count_eq_1,B_count_2_3,B_count_4_5,B_count_6_8,E_count_eq_1,E_count_eq_2",23,228
count_plus_PB_count,239,0.38533346348639397,0.4475672463816935,0.7738833129055629,"intercept,P:9.9,P:9.6,P:10.0,B:9.0,B:9.7,B:10.1,B:10.2,B:10.6,B:10.10,B:11.2,B:11.9,E:10.7,E:11.10,P_count_eq_1,P_count_eq_2,P_count_eq_3,B_count_eq_1,B_count_2_3,B_count_4_5,B_count_6_8,E_count_eq_1,E_count_eq_2,P_B_count",24,228
count_plus_PE_count,239,0.2634288541039729,0.31934603594803407,0.8848831016598383,"intercept,P:9.9,P:9.6,P:10.0,B:9.0,B:9.7,B:10.1,B:10.2,B:10.6,B:10.10,B:11.2,B:11.9,E:10.7,E:11.10,P_count_eq_1,P_count_eq_2,P_count_eq_3,B_count_eq_1,B_count_2_3,B_count_4_5,B_count_6_8,E_count_eq_1,E_count_eq_2,P_E_count",24,228
count_plus_BE_count,239,0.3927324675689254,0.46074902148246855,0.760367971816204,"intercept,P:9.9,P:9.6,P:10.0,B:9.0,B:9.7,B:10.1,B:10.2,B:10.6,B:10.10,B:11.2,B:11.9,E:10.7,E:11.10,P_count_eq_1,P_count_eq_2,P_count_eq_3,B_count_eq_1,B_count_2_3,B_count_4_5,B_count_6_8,E_count_eq_1,E_count_eq_2,B_E_count",24,228
count_plus_all_pairs,239,0.23635110776114443,0.29212911800230923,0.9036690783638799,"intercept,P:9.9,P:9.6,P:10.0,B:9.0,B:9.7,B:10.1,B:10.2,B:10.6,B:10.10,B:11.2,B:11.9,E:10.7,E:11.10,P_count_eq_1,P_count_eq_2,P_count_eq_3,B_count_eq_1,B_count_2_3,B_count_4_5,B_count_6_8,E_count_eq_1,E_count_eq_2,P_B_count,P_E_count,B_E_count",26,228
additive_head,239,0.38856447908642644,0.4575115953952033,0.7734718152843529,"intercept,P:9.9,P:9.6,P:10.0,B:9.0,B:9.7,B:10.1,B:10.2,B:10.6,B:10.10,B:11.2,B:11.9,E:10.7,E:11.10",14,229
count_additive,239,0.39180714113925424,0.4626442681237575,0.7683606137537786,"intercept,P:9.9,P:9.6,P:10.0,B:9.0,B:9.7,B:10.1,B:10.2,B:10.6,B:10.10,B:11.2,B:11.9,E:10.7,E:11.10,P_count_eq_1,P_count_eq_2,P_count_eq_3,B_count_eq_1,B_count_2_3,B_count_4_5,B_count_6_8,E_count_eq_1,E_count_eq_2",23,229
count_plus_PB_count,239,0.38145924265281467,0.44284734399837866,0.7877605446968228,"intercept,P:9.9,P:9.6,P:10.0,B:9.0,B:9.7,B:10.1,B:10.2,B:10.6,B:10.10,B:11.2,B:11.9,E:10.7,E:11.10,P_count_eq_1,P_count_eq_2,P_count_eq_3,B_count_eq_1,B_count_2_3,B_count_4_5,B_count_6_8,E_count_eq_1,E_count_eq_2,P_B_count",24,229
count_plus_PE_count,239,0.260269606606323,0.3155588917933643,0.8922347159057671,"intercept,P:9.9,P:9.6,P:10.0,B:9.0,B:9.7,B:10.1,B:10.2,B:10.6,B:10.10,B:11.2,B:11.9,E:10.7,E:11.10,P_count_eq_1,P_count_eq_2,P_count_eq_3,B_count_eq_1,B_count_2_3,B_count_4_5,B_count_6_8,E_count_eq_1,E_count_eq_2,P_E_count",24,229
count_plus_BE_count,239,0.3888684359991446,0.4577828487981301,0.773203123705569,"intercept,P:9.9,P:9.6,P:10.0,B:9.0,B:9.7,B:10.1,B:10.2,B:10.6,B:10.10,B:11.2,B:11.9,E:10.7,E:11.10,P_count_eq_1,P_count_eq_2,P_count_eq_3,B_count_eq_1,B_count_2_3,B_count_4_5,B_count_6_8,E_count_eq_1,E_count_eq_2,B_E_count",24,229
count_plus_all_pairs,239,0.23249288197485707,0.28715844418623404,0.910759659822966,"intercept,P:9.9,P:9.6,P:10.0,B:9.0,B:9.7,B:10.1,B:10.2,B:10.6,B:10.10,B:11.2,B:11.9,E:10.7,E:11.10,P_count_eq_1,P_count_eq_2,P_count_eq_3,B_count_eq_1,B_count_2_3,B_count_4_5,B_count_6_8,E_count_eq_1,E_count_eq_2,P_B_count,P_E_count,B_E_count",26,229
additive_head,239,0.3793770992768032,0.44909180244604563,0.7767933586931481,"intercept,P:9.9,P:9.6,P:10.0,B:9.0,B:9.7,B:10.1,B:10.2,B:10.6,B:10.10,B:11.2,B:11.9,E:10.7,E:11.10",14,230
count_additive,239,0.38193462298251135,0.45348632813261985,0.7724036705188022,"intercept,P:9.9,P:9.6,P:10.0,B:9.0,B:9.7,B:10.1,B:10.2,B:10.6,B:10.10,B:11.2,B:11.9,E:10.7,E:11.10,P_count_eq_1,P_count_eq_2,P_count_eq_3,B_count_eq_1,B_count_2_3,B_count_4_5,B_count_6_8,E_count_eq_1,E_count_eq_2",23,230
count_plus_PB_count,239,0.3711164129957537,0.4338089910202601,0.7917265290190207,"intercept,P:9.9,P:9.6,P:10.0,B:9.0,B:9.7,B:10.1,B:10.2,B:10.6,B:10.10,B:11.2,B:11.9,E:10.7,E:11.10,P_count_eq_1,P_count_eq_2,P_count_eq_3,B_count_eq_1,B_count_2_3,B_count_4_5,B_count_6_8,E_count_eq_1,E_count_eq_2,P_B_count",24,230
count_plus_PE_count,239,0.25262156870911956,0.30751943317778213,0.895339696908053,"intercept,P:9.9,P:9.6,P:10.0,B:9.0,B:9.7,B:10.1,B:10.2,B:10.6,B:10.10,B:11.2,B:11.9,E:10.7,E:11.10,P_count_eq_1,P_count_eq_2,P_count_eq_3,B_count_eq_1,B_count_2_3,B_count_4_5,B_count_6_8,E_count_eq_1,E_count_eq_2,P_E_count",24,230
count_plus_BE_count,239,0.37822795512219787,0.4479826009609981,0.777894582938133,"intercept,P:9.9,P:9.6,P:10.0,B:9.0,B:9.7,B:10.1,B:10.2,B:10.6,B:10.10,B:11.2,B:11.9,E:10.7,E:11.10,P_count_eq_1,P_count_eq_2,P_count_eq_3,B_count_eq_1,B_count_2_3,B_count_4_5,B_count_6_8,E_count_eq_1,E_count_eq_2,B_E_count",24,230
count_plus_all_pairs,239,0.22516019814510035,0.2781639762998308,0.914367498888318,"intercept,P:9.9,P:9.6,P:10.0,B:9.0,B:9.7,B:10.1,B:10.2,B:10.6,B:10.10,B:11.2,B:11.9,E:10.7,E:11.10,P_count_eq_1,P_count_eq_2,P_count_eq_3,B_count_eq_1,B_count_2_3,B_count_4_5,B_count_6_8,E_count_eq_1,E_count_eq_2,P_B_count,P_E_count,B_E_count",26,230
additive_head,239,0.393123703820681,0.4655503559860965,0.7607050818069871,"intercept,P:9.9,P:9.6,P:10.0,B:9.0,B:9.7,B:10.1,B:10.2,B:10.6,B:10.10,B:11.2,B:11.9,E:10.7,E:11.10",14,231
count_additive,239,0.3967709962927322,0.4704577015597411,0.7556336991757464,"intercept,P:9.9,P:9.6,P:10.0,B:9.0,B:9.7,B:10.1,B:10.2,B:10.6,B:10.10,B:11.2,B:11.9,E:10.7,E:11.10,P_count_eq_1,P_count_eq_2,P_count_eq_3,B_count_eq_1,B_count_2_3,B_count_4_5,B_count_6_8,E_count_eq_1,E_count_eq_2",23,231
count_plus_PB_count,239,0.38491410056310144,0.44891763317236905,0.7774982256237514,"intercept,P:9.9,P:9.6,P:10.0,B:9.0,B:9.7,B:10.1,B:10.2,B:10.6,B:10.10,B:11.2,B:11.9,E:10.7,E:11.10,P_count_eq_1,P_count_eq_2,P_count_eq_3,B_count_eq_1,B_count_2_3,B_count_4_5,B_count_6_8,E_count_eq_1,E_count_eq_2,P_B_count",24,231
count_plus_PE_count,239,0.2653426244241553,0.32139171676869976,0.8859567701382182,"intercept,P:9.9,P:9.6,P:10.0,B:9.0,B:9.7,B:10.1,B:10.2,B:10.6,B:10.10,B:11.2,B:11.9,E:10.7,E:11.10,P_count_eq_1,P_count_eq_2,P_count_eq_3,B_count_eq_1,B_count_2_3,B_count_4_5,B_count_6_8,E_count_eq_1,E_count_eq_2,P_E_count",24,231
count_plus_BE_count,239,0.39417900610905826,0.4668789320429469,0.7593373451787715,"intercept,P:9.9,P:9.6,P:10.0,B:9.0,B:9.7,B:10.1,B:10.2,B:10.6,B:10.10,B:11.2,B:11.9,E:10.7,E:11.10,P_count_eq_1,P_count_eq_2,P_count_eq_3,B_count_eq_1,B_count_2_3,B_count_4_5,B_count_6_8,E_count_eq_1,E_count_eq_2,B_E_count",24,231
count_plus_all_pairs,239,0.23679621495476422,0.2919980054439245,0.9058630941666156,"intercept,P:9.9,P:9.6,P:10.0,B:9.0,B:9.7,B:10.1,B:10.2,B:10.6,B:10.10,B:11.2,B:11.9,E:10.7,E:11.10,P_count_eq_1,P_count_eq_2,P_count_eq_3,B_count_eq_1,B_count_2_3,B_count_4_5,B_count_6_8,E_count_eq_1,E_count_eq_2,P_B_count,P_E_count,B_E_count",26,231
additive_head,239,0.4037879813410033,0.47757973414017213,0.7597891904874098,"intercept,P:9.9,P:9.6,P:10.0,B:9.0,B:9.7,B:10.1,B:10.2,B:10.6,B:10.10,B:11.2,B:11.9,E:10.7,E:11.10",14,232
count_additive,239,0.408196807385483,0.4828313297434402,0.7544772989527422,"intercept,P:9.9,P:9.6,P:10.0,B:9.0,B:9.7,B:10.1,B:10.2,B:10.6,B:10.10,B:11.2,B:11.9,E:10.7,E:11.10,P_count_eq_1,P_count_eq_2,P_count_eq_3,B_count_eq_1,B_count_2_3,B_count_4_5,B_count_6_8,E_count_eq_1,E_count_eq_2",23,232
count_plus_PB_count,239,0.39654756731635793,0.46297551643462614,0.7742556873929982,"intercept,P:9.9,P:9.6,P:10.0,B:9.0,B:9.7,B:10.1,B:10.2,B:10.6,B:10.10,B:11.2,B:11.9,E:10.7,E:11.10,P_count_eq_1,P_count_eq_2,P_count_eq_3,B_count_eq_1,B_count_2_3,B_count_4_5,B_count_6_8,E_count_eq_1,E_count_eq_2,P_B_count",24,232
count_plus_PE_count,239,0.26935404702363763,0.32708690874376883,0.8873251230000312,"intercept,P:9.9,P:9.6,P:10.0,B:9.0,B:9.7,B:10.1,B:10.2,B:10.6,B:10.10,B:11.2,B:11.9,E:10.7,E:11.10,P_count_eq_1,P_count_eq_2,P_count_eq_3,B_count_eq_1,B_count_2_3,B_count_4_5,B_count_6_8,E_count_eq_1,E_count_eq_2,P_E_count",24,232
count_plus_BE_count,239,0.40511426423424446,0.4777010705758983,0.7596671165219545,"intercept,P:9.9,P:9.6,P:10.0,B:9.0,B:9.7,B:10.1,B:10.2,B:10.6,B:10.10,B:11.2,B:11.9,E:10.7,E:11.10,P_count_eq_1,P_count_eq_2,P_count_eq_3,B_count_eq_1,B_count_2_3,B_count_4_5,B_count_6_8,E_count_eq_1,E_count_eq_2,B_E_count",24,232
count_plus_all_pairs,239,0.2413088898990113,0.2982163263968603,0.9063379627442633,"intercept,P:9.9,P:9.6,P:10.0,B:9.0,B:9.7,B:10.1,B:10.2,B:10.6,B:10.10,B:11.2,B:11.9,E:10.7,E:11.10,P_count_eq_1,P_count_eq_2,P_count_eq_3,B_count_eq_1,B_count_2_3,B_count_4_5,B_count_6_8,E_count_eq_1,E_count_eq_2,P_B_count,P_E_count,B_E_count",26,232
additive_head,239,0.37436520072493257,0.4428782284207426,0.7718546484846117,"intercept,P:9.9,P:9.6,P:10.0,B:9.0,B:9.7,B:10.1,B:10.2,B:10.6,B:10.10,B:11.2,B:11.9,E:10.7,E:11.10",14,233
count_additive,239,0.37709183874130614,0.4475493902065554,0.7670166414721747,"intercept,P:9.9,P:9.6,P:10.0,B:9.0,B:9.7,B:10.1,B:10.2,B:10.6,B:10.10,B:11.2,B:11.9,E:10.7,E:11.10,P_count_eq_1,P_count_eq_2,P_count_eq_3,B_count_eq_1,B_count_2_3,B_count_4_5,B_count_6_8,E_count_eq_1,E_count_eq_2",23,233
count_plus_PB_count,239,0.36648131840378984,0.42776498566534227,0.7871599129963474,"intercept,P:9.9,P:9.6,P:10.0,B:9.0,B:9.7,B:10.1,B:10.2,B:10.6,B:10.10,B:11.2,B:11.9,E:10.7,E:11.10,P_count_eq_1,P_count_eq_2,P_count_eq_3,B_count_eq_1,B_count_2_3,B_count_4_5,B_count_6_8,E_count_eq_1,E_count_eq_2,P_B_count",24,233
count_plus_PE_count,239,0.25086564636657005,0.3049717923740018,0.8918161815071166,"intercept,P:9.9,P:9.6,P:10.0,B:9.0,B:9.7,B:10.1,B:10.2,B:10.6,B:10.10,B:11.2,B:11.9,E:10.7,E:11.10,P_count_eq_1,P_count_eq_2,P_count_eq_3,B_count_eq_1,B_count_2_3,B_count_4_5,B_count_6_8,E_count_eq_1,E_count_eq_2,P_E_count",24,233
count_plus_BE_count,239,0.3736350976046652,0.4422850447816164,0.7724653872855823,"intercept,P:9.9,P:9.6,P:10.0,B:9.0,B:9.7,B:10.1,B:10.2,B:10.6,B:10.10,B:11.2,B:11.9,E:10.7,E:11.10,P_count_eq_1,P_count_eq_2,P_count_eq_3,B_count_eq_1,B_count_2_3,B_count_4_5,B_count_6_8,E_count_eq_1,E_count_eq_2,B_E_count",24,233
count_plus_all_pairs,239,0.22333304368069645,0.27592160180423275,0.9114447390508539,"intercept,P:9.9,P:9.6,P:10.0,B:9.0,B:9.7,B:10.1,B:10.2,B:10.6,B:10.10,B:11.2,B:11.9,E:10.7,E:11.10,P_count_eq_1,P_count_eq_2,P_count_eq_3,B_count_eq_1,B_count_2_3,B_count_4_5,B_count_6_8,E_count_eq_1,E_count_eq_2,P_B_count,P_E_count,B_E_count",26,233
additive_head,239,0.380857670259152,0.44812123185980074,0.7615519169528382,"intercept,P:9.9,P:9.6,P:10.0,B:9.0,B:9.7,B:10.1,B:10.2,B:10.6,B:10.10,B:11.2,B:11.9,E:10.7,E:11.10",14,234
count_additive,239,0.38405648349297095,0.4531839834831122,0.7561336387686126,"intercept,P:9.9,P:9.6,P:10.0,B:9.0,B:9.7,B:10.1,B:10.2,B:10.6,B:10.10,B:11.2,B:11.9,E:10.7,E:11.10,P_count_eq_1,P_count_eq_2,P_count_eq_3,B_count_eq_1,B_count_2_3,B_count_4_5,B_count_6_8,E_count_eq_1,E_count_eq_2",23,234
count_plus_PB_count,239,0.3750610151004133,0.4354563556369457,0.7748395747165536,"intercept,P:9.9,P:9.6,P:10.0,B:9.0,B:9.7,B:10.1,B:10.2,B:10.6,B:10.10,B:11.2,B:11.9,E:10.7,E:11.10,P_count_eq_1,P_count_eq_2,P_count_eq_3,B_count_eq_1,B_count_2_3,B_count_4_5,B_count_6_8,E_count_eq_1,E_count_eq_2,P_B_count",24,234
count_plus_PE_count,239,0.254055194398931,0.30745880380362106,0.887752504562119,"intercept,P:9.9,P:9.6,P:10.0,B:9.0,B:9.7,B:10.1,B:10.2,B:10.6,B:10.10,B:11.2,B:11.9,E:10.7,E:11.10,P_count_eq_1,P_count_eq_2,P_count_eq_3,B_count_eq_1,B_count_2_3,B_count_4_5,B_count_6_8,E_count_eq_1,E_count_eq_2,P_E_count",24,234
count_plus_BE_count,239,0.38156529975347414,0.4479103838907011,0.761776251184674,"intercept,P:9.9,P:9.6,P:10.0,B:9.0,B:9.7,B:10.1,B:10.2,B:10.6,B:10.10,B:11.2,B:11.9,E:10.7,E:11.10,P_count_eq_1,P_count_eq_2,P_count_eq_3,B_count_eq_1,B_count_2_3,B_count_4_5,B_count_6_8,E_count_eq_1,E_count_eq_2,B_E_count",24,234
count_plus_all_pairs,239,0.22771187781662675,0.28101860843056603,0.9062280492439592,"intercept,P:9.9,P:9.6,P:10.0,B:9.0,B:9.7,B:10.1,B:10.2,B:10.6,B:10.10,B:11.2,B:11.9,E:10.7,E:11.10,P_count_eq_1,P_count_eq_2,P_count_eq_3,B_count_eq_1,B_count_2_3,B_count_4_5,B_count_6_8,E_count_eq_1,E_count_eq_2,P_B_count,P_E_count,B_E_count",26,234
additive_head,239,0.39563485095166095,0.4686685775744938,0.7708580406444723,"intercept,P:9.9,P:9.6,P:10.0,B:9.0,B:9.7,B:10.1,B:10.2,B:10.6,B:10.10,B:11.2,B:11.9,E:10.7,E:11.10",14,235
count_additive,239,0.39903665601303767,0.4738426980373359,0.7657706388468981,"intercept,P:9.9,P:9.6,P:10.0,B:9.0,B:9.7,B:10.1,B:10.2,B:10.6,B:10.10,B:11.2,B:11.9,E:10.7,E:11.10,P_count_eq_1,P_count_eq_2,P_count_eq_3,B_count_eq_1,B_count_2_3,B_count_4_5,B_count_6_8,E_count_eq_1,E_count_eq_2",23,235
count_plus_PB_count,239,0.38762204667560596,0.45297114761115176,0.7859505929182753,"intercept,P:9.9,P:9.6,P:10.0,B:9.0,B:9.7,B:10.1,B:10.2,B:10.6,B:10.10,B:11.2,B:11.9,E:10.7,E:11.10,P_count_eq_1,P_count_eq_2,P_count_eq_3,B_count_eq_1,B_count_2_3,B_count_4_5,B_count_6_8,E_count_eq_1,E_count_eq_2,P_B_count",24,235
count_plus_PE_count,239,0.2647294208073012,0.32175458048181493,0.8920003307793918,"intercept,P:9.9,P:9.6,P:10.0,B:9.0,B:9.7,B:10.1,B:10.2,B:10.6,B:10.10,B:11.2,B:11.9,E:10.7,E:11.10,P_count_eq_1,P_count_eq_2,P_count_eq_3,B_count_eq_1,B_count_2_3,B_count_4_5,B_count_6_8,E_count_eq_1,E_count_eq_2,P_E_count",24,235
count_plus_BE_count,239,0.39578920709029025,0.46907293042755727,0.770462476789508,"intercept,P:9.9,P:9.6,P:10.0,B:9.0,B:9.7,B:10.1,B:10.2,B:10.6,B:10.10,B:11.2,B:11.9,E:10.7,E:11.10,P_count_eq_1,P_count_eq_2,P_count_eq_3,B_count_eq_1,B_count_2_3,B_count_4_5,B_count_6_8,E_count_eq_1,E_count_eq_2,B_E_count",24,235
count_plus_all_pairs,239,0.23621405036634607,0.29174009276772195,0.9112097697203889,"intercept,P:9.9,P:9.6,P:10.0,B:9.0,B:9.7,B:10.1,B:10.2,B:10.6,B:10.10,B:11.2,B:11.9,E:10.7,E:11.10,P_count_eq_1,P_count_eq_2,P_count_eq_3,B_count_eq_1,B_count_2_3,B_count_4_5,B_count_6_8,E_count_eq_1,E_count_eq_2,P_B_count,P_E_count,B_E_count",26,235
additive_head,239,0.3690481352050524,0.4365163653510075,0.7589213721508099,"intercept,P:9.9,P:9.6,P:10.0,B:9.0,B:9.7,B:10.1,B:10.2,B:10.6,B:10.10,B:11.2,B:11.9,E:10.7,E:11.10",14,236
count_additive,239,0.371825669429084,0.44113558553199905,0.7537921839257191,"intercept,P:9.9,P:9.6,P:10.0,B:9.0,B:9.7,B:10.1,B:10.2,B:10.6,B:10.10,B:11.2,B:11.9,E:10.7,E:11.10,P_count_eq_1,P_count_eq_2,P_count_eq_3,B_count_eq_1,B_count_2_3,B_count_4_5,B_count_6_8,E_count_eq_1,E_count_eq_2",23,236
count_plus_PB_count,239,0.3616541228696207,0.42181311966936336,0.7748884298877435,"intercept,P:9.9,P:9.6,P:10.0,B:9.0,B:9.7,B:10.1,B:10.2,B:10.6,B:10.10,B:11.2,B:11.9,E:10.7,E:11.10,P_count_eq_1,P_count_eq_2,P_count_eq_3,B_count_eq_1,B_count_2_3,B_count_4_5,B_count_6_8,E_count_eq_1,E_count_eq_2,P_B_count",24,236
count_plus_PE_count,239,0.24980090194730056,0.3033999010995463,0.8835368533470521,"intercept,P:9.9,P:9.6,P:10.0,B:9.0,B:9.7,B:10.1,B:10.2,B:10.6,B:10.10,B:11.2,B:11.9,E:10.7,E:11.10,P_count_eq_1,P_count_eq_2,P_count_eq_3,B_count_eq_1,B_count_2_3,B_count_4_5,B_count_6_8,E_count_eq_1,E_count_eq_2,P_E_count",24,236
count_plus_BE_count,239,0.3692300202245702,0.43720628571621223,0.7581587134843919,"intercept,P:9.9,P:9.6,P:10.0,B:9.0,B:9.7,B:10.1,B:10.2,B:10.6,B:10.10,B:11.2,B:11.9,E:10.7,E:11.10,P_count_eq_1,P_count_eq_2,P_count_eq_3,B_count_eq_1,B_count_2_3,B_count_4_5,B_count_6_8,E_count_eq_1,E_count_eq_2,B_E_count",24,236
count_plus_all_pairs,239,0.22414867540899558,0.27652187887604895,0.9032576465299901,"intercept,P:9.9,P:9.6,P:10.0,B:9.0,B:9.7,B:10.1,B:10.2,B:10.6,B:10.10,B:11.2,B:11.9,E:10.7,E:11.10,P_count_eq_1,P_count_eq_2,P_count_eq_3,B_count_eq_1,B_count_2_3,B_count_4_5,B_count_6_8,E_count_eq_1,E_count_eq_2,P_B_count,P_E_count,B_E_count",26,236
additive_head,239,0.39540873429544915,0.4671143403021776,0.7557885561121398,"intercept,P:9.9,P:9.6,P:10.0,B:9.0,B:9.7,B:10.1,B:10.2,B:10.6,B:10.10,B:11.2,B:11.9,E:10.7,E:11.10",14,237
count_additive,239,0.39923638822974905,0.47259256324555876,0.750026841663681,"intercept,P:9.9,P:9.6,P:10.0,B:9.0,B:9.7,B:10.1,B:10.2,B:10.6,B:10.10,B:11.2,B:11.9,E:10.7,E:11.10,P_count_eq_1,P_count_eq_2,P_count_eq_3,B_count_eq_1,B_count_2_3,B_count_4_5,B_count_6_8,E_count_eq_1,E_count_eq_2",23,237
count_plus_PB_count,239,0.3886841470712294,0.4525740377196175,0.7707555214736054,"intercept,P:9.9,P:9.6,P:10.0,B:9.0,B:9.7,B:10.1,B:10.2,B:10.6,B:10.10,B:11.2,B:11.9,E:10.7,E:11.10,P_count_eq_1,P_count_eq_2,P_count_eq_3,B_count_eq_1,B_count_2_3,B_count_4_5,B_count_6_8,E_count_eq_1,E_count_eq_2,P_B_count",24,237
count_plus_PE_count,239,0.26704198344690394,0.32412390393848955,0.8824177589767549,"intercept,P:9.9,P:9.6,P:10.0,B:9.0,B:9.7,B:10.1,B:10.2,B:10.6,B:10.10,B:11.2,B:11.9,E:10.7,E:11.10,P_count_eq_1,P_count_eq_2,P_count_eq_3,B_count_eq_1,B_count_2_3,B_count_4_5,B_count_6_8,E_count_eq_1,E_count_eq_2,P_E_count",24,237
count_plus_BE_count,239,0.39565177768632126,0.46673066000411806,0.7561895741499749,"intercept,P:9.9,P:9.6,P:10.0,B:9.0,B:9.7,B:10.1,B:10.2,B:10.6,B:10.10,B:11.2,B:11.9,E:10.7,E:11.10,P_count_eq_1,P_count_eq_2,P_count_eq_3,B_count_eq_1,B_count_2_3,B_count_4_5,B_count_6_8,E_count_eq_1,E_count_eq_2,B_E_count",24,237
count_plus_all_pairs,239,0.23870724779839578,0.29442483167567884,0.9029783889619928,"intercept,P:9.9,P:9.6,P:10.0,B:9.0,B:9.7,B:10.1,B:10.2,B:10.6,B:10.10,B:11.2,B:11.9,E:10.7,E:11.10,P_count_eq_1,P_count_eq_2,P_count_eq_3,B_count_eq_1,B_count_2_3,B_count_4_5,B_count_6_8,E_count_eq_1,E_count_eq_2,P_B_count,P_E_count,B_E_count",26,237
additive_head,239,0.3608759398479477,0.4273002581769715,0.777987282233336,"intercept,P:9.9,P:9.6,P:10.0,B:9.0,B:9.7,B:10.1,B:10.2,B:10.6,B:10.10,B:11.2,B:11.9,E:10.7,E:11.10",14,238
count_additive,239,0.36342342514511383,0.4315533896549396,0.7735456815037989,"intercept,P:9.9,P:9.6,P:10.0,B:9.0,B:9.7,B:10.1,B:10.2,B:10.6,B:10.10,B:11.2,B:11.9,E:10.7,E:11.10,P_count_eq_1,P_count_eq_2,P_count_eq_3,B_count_eq_1,B_count_2_3,B_count_4_5,B_count_6_8,E_count_eq_1,E_count_eq_2",23,238
count_plus_PB_count,239,0.3532910930222329,0.41198844622120673,0.7936133429657142,"intercept,P:9.9,P:9.6,P:10.0,B:9.0,B:9.7,B:10.1,B:10.2,B:10.6,B:10.10,B:11.2,B:11.9,E:10.7,E:11.10,P_count_eq_1,P_count_eq_2,P_count_eq_3,B_count_eq_1,B_count_2_3,B_count_4_5,B_count_6_8,E_count_eq_1,E_count_eq_2,P_B_count",24,238
count_plus_PE_count,239,0.24160513998363628,0.2942186612846774,0.8947427612116086,"intercept,P:9.9,P:9.6,P:10.0,B:9.0,B:9.7,B:10.1,B:10.2,B:10.6,B:10.10,B:11.2,B:11.9,E:10.7,E:11.10,P_count_eq_1,P_count_eq_2,P_count_eq_3,B_count_eq_1,B_count_2_3,B_count_4_5,B_count_6_8,E_count_eq_1,E_count_eq_2,P_E_count",24,238
count_plus_BE_count,239,0.3597628074898456,0.4263326482063501,0.7789916274739463,"intercept,P:9.9,P:9.6,P:10.0,B:9.0,B:9.7,B:10.1,B:10.2,B:10.6,B:10.10,B:11.2,B:11.9,E:10.7,E:11.10,P_count_eq_1,P_count_eq_2,P_count_eq_3,B_count_eq_1,B_count_2_3,B_count_4_5,B_count_6_8,E_count_eq_1,E_count_eq_2,B_E_count",24,238
count_plus_all_pairs,239,0.2143116655612022,0.26531107033788476,0.9144101458749169,"intercept,P:9.9,P:9.6,P:10.0,B:9.0,B:9.7,B:10.1,B:10.2,B:10.6,B:10.10,B:11.2,B:11.9,E:10.7,E:11.10,P_count_eq_1,P_count_eq_2,P_count_eq_3,B_count_eq_1,B_count_2_3,B_count_4_5,B_count_6_8,E_count_eq_1,E_count_eq_2,P_B_count,P_E_count,B_E_count",26,238
additive_head,239,0.38317218580517765,0.4510900674086671,0.7513652149336663,"intercept,P:9.9,P:9.6,P:10.0,B:9.0,B:9.7,B:10.1,B:10.2,B:10.6,B:10.10,B:11.2,B:11.9,E:10.7,E:11.10",14,239
count_additive,239,0.38628931714671505,0.4561768820408953,0.7457260296839674,"intercept,P:9.9,P:9.6,P:10.0,B:9.0,B:9.7,B:10.1,B:10.2,B:10.6,B:10.10,B:11.2,B:11.9,E:10.7,E:11.10,P_count_eq_1,P_count_eq_2,P_count_eq_3,B_count_eq_1,B_count_2_3,B_count_4_5,B_count_6_8,E_count_eq_1,E_count_eq_2",23,239
count_plus_PB_count,239,0.37716244428505863,0.43783371048140174,0.7657639410733167,"intercept,P:9.9,P:9.6,P:10.0,B:9.0,B:9.7,B:10.1,B:10.2,B:10.6,B:10.10,B:11.2,B:11.9,E:10.7,E:11.10,P_count_eq_1,P_count_eq_2,P_count_eq_3,B_count_eq_1,B_count_2_3,B_count_4_5,B_count_6_8,E_count_eq_1,E_count_eq_2,P_B_count",24,239
count_plus_PE_count,239,0.25751738322905837,0.3112306439656582,0.8816413339071935,"intercept,P:9.9,P:9.6,P:10.0,B:9.0,B:9.7,B:10.1,B:10.2,B:10.6,B:10.10,B:11.2,B:11.9,E:10.7,E:11.10,P_count_eq_1,P_count_eq_2,P_count_eq_3,B_count_eq_1,B_count_2_3,B_count_4_5,B_count_6_8,E_count_eq_1,E_count_eq_2,P_E_count",24,239
count_plus_BE_count,239,0.38381519243746526,0.4512996523369237,0.7511341204670703,"intercept,P:9.9,P:9.6,P:10.0,B:9.0,B:9.7,B:10.1,B:10.2,B:10.6,B:10.10,B:11.2,B:11.9,E:10.7,E:11.10,P_count_eq_1,P_count_eq_2,P_count_eq_3,B_count_eq_1,B_count_2_3,B_count_4_5,B_count_6_8,E_count_eq_1,E_count_eq_2,B_E_count",24,239
count_plus_all_pairs,239,0.23123230907631334,0.28466454602901575,0.9009847426329439,"intercept,P:9.9,P:9.6,P:10.0,B:9.0,B:9.7,B:10.1,B:10.2,B:10.6,B:10.10,B:11.2,B:11.9,E:10.7,E:11.10,P_count_eq_1,P_count_eq_2,P_count_eq_3,B_count_eq_1,B_count_2_3,B_count_4_5,B_count_6_8,E_count_eq_1,E_count_eq_2,P_B_count,P_E_count,B_E_count",26,239
additive_head,239,0.3911892118306419,0.4609019509833695,0.7679127051356209,"intercept,P:9.9,P:9.6,P:10.0,B:9.0,B:9.7,B:10.1,B:10.2,B:10.6,B:10.10,B:11.2,B:11.9,E:10.7,E:11.10",14,240
count_additive,239,0.39448396395706803,0.46612958153253703,0.7626180988911041,"intercept,P:9.9,P:9.6,P:10.0,B:9.0,B:9.7,B:10.1,B:10.2,B:10.6,B:10.10,B:11.2,B:11.9,E:10.7,E:11.10,P_count_eq_1,P_count_eq_2,P_count_eq_3,B_count_eq_1,B_count_2_3,B_count_4_5,B_count_6_8,E_count_eq_1,E_count_eq_2",23,240
count_plus_PB_count,239,0.384809500661494,0.4481766823880158,0.7805514131842561,"intercept,P:9.9,P:9.6,P:10.0,B:9.0,B:9.7,B:10.1,B:10.2,B:10.6,B:10.10,B:11.2,B:11.9,E:10.7,E:11.10,P_count_eq_1,P_count_eq_2,P_count_eq_3,B_count_eq_1,B_count_2_3,B_count_4_5,B_count_6_8,E_count_eq_1,E_count_eq_2,P_B_count",24,240
count_plus_PE_count,239,0.2598355044462282,0.3155849874338642,0.8911904675007332,"intercept,P:9.9,P:9.6,P:10.0,B:9.0,B:9.7,B:10.1,B:10.2,B:10.6,B:10.10,B:11.2,B:11.9,E:10.7,E:11.10,P_count_eq_1,P_count_eq_2,P_count_eq_3,B_count_eq_1,B_count_2_3,B_count_4_5,B_count_6_8,E_count_eq_1,E_count_eq_2,P_E_count",24,240
count_plus_BE_count,239,0.391383412804242,0.4598829510880028,0.7689378060068988,"intercept,P:9.9,P:9.6,P:10.0,B:9.0,B:9.7,B:10.1,B:10.2,B:10.6,B:10.10,B:11.2,B:11.9,E:10.7,E:11.10,P_count_eq_1,P_count_eq_2,P_count_eq_3,B_count_eq_1,B_count_2_3,B_count_4_5,B_count_6_8,E_count_eq_1,E_count_eq_2,B_E_count",24,240
count_plus_all_pairs,239,0.23306501399508425,0.28782823349223674,0.909489063572556,"intercept,P:9.9,P:9.6,P:10.0,B:9.0,B:9.7,B:10.1,B:10.2,B:10.6,B:10.10,B:11.2,B:11.9,E:10.7,E:11.10,P_count_eq_1,P_count_eq_2,P_count_eq_3,B_count_eq_1,B_count_2_3,B_count_4_5,B_count_6_8,E_count_eq_1,E_count_eq_2,P_B_count,P_E_count,B_E_count",26,240
additive_head,239,0.3696764961289619,0.43704392124926655,0.7663539871253995,"intercept,P:9.9,P:9.6,P:10.0,B:9.0,B:9.7,B:10.1,B:10.2,B:10.6,B:10.10,B:11.2,B:11.9,E:10.7,E:11.10",14,241
count_additive,239,0.37227388534217165,0.4412444827257346,0.7618411184056721,"intercept,P:9.9,P:9.6,P:10.0,B:9.0,B:9.7,B:10.1,B:10.2,B:10.6,B:10.10,B:11.2,B:11.9,E:10.7,E:11.10,P_count_eq_1,P_count_eq_2,P_count_eq_3,B_count_eq_1,B_count_2_3,B_count_4_5,B_count_6_8,E_count_eq_1,E_count_eq_2",23,241
count_plus_PB_count,239,0.36271277977109295,0.42320400727173435,0.7809174694258458,"intercept,P:9.9,P:9.6,P:10.0,B:9.0,B:9.7,B:10.1,B:10.2,B:10.6,B:10.10,B:11.2,B:11.9,E:10.7,E:11.10,P_count_eq_1,P_count_eq_2,P_count_eq_3,B_count_eq_1,B_count_2_3,B_count_4_5,B_count_6_8,E_count_eq_1,E_count_eq_2,P_B_count",24,241
count_plus_PE_count,239,0.24679965153862501,0.2998321473103357,0.8900324381510404,"intercept,P:9.9,P:9.6,P:10.0,B:9.0,B:9.7,B:10.1,B:10.2,B:10.6,B:10.10,B:11.2,B:11.9,E:10.7,E:11.10,P_count_eq_1,P_count_eq_2,P_count_eq_3,B_count_eq_1,B_count_2_3,B_count_4_5,B_count_6_8,E_count_eq_1,E_count_eq_2,P_E_count",24,241
count_plus_BE_count,239,0.3699302385671349,0.437254166957919,0.7661291360987154,"intercept,P:9.9,P:9.6,P:10.0,B:9.0,B:9.7,B:10.1,B:10.2,B:10.6,B:10.10,B:11.2,B:11.9,E:10.7,E:11.10,P_count_eq_1,P_count_eq_2,P_count_eq_3,B_count_eq_1,B_count_2_3,B_count_4_5,B_count_6_8,E_count_eq_1,E_count_eq_2,B_E_count",24,241
count_plus_all_pairs,239,0.22186899747013156,0.2742283070571159,0.9080116622383864,"intercept,P:9.9,P:9.6,P:10.0,B:9.0,B:9.7,B:10.1,B:10.2,B:10.6,B:10.10,B:11.2,B:11.9,E:10.7,E:11.10,P_count_eq_1,P_count_eq_2,P_count_eq_3,B_count_eq_1,B_count_2_3,B_count_4_5,B_count_6_8,E_count_eq_1,E_count_eq_2,P_B_count,P_E_count,B_E_count",26,241
additive_head,239,0.4011430111578772,0.4716219499029058,0.7646474289821386,"intercept,P:9.9,P:9.6,P:10.0,B:9.0,B:9.7,B:10.1,B:10.2,B:10.6,B:10.10,B:11.2,B:11.9,E:10.7,E:11.10",14,242
count_additive,239,0.40366297854728095,0.47632497637710763,0.7599301411725842,"intercept,P:9.9,P:9.6,P:10.0,B:9.0,B:9.7,B:10.1,B:10.2,B:10.6,B:10.10,B:11.2,B:11.9,E:10.7,E:11.10,P_count_eq_1,P_count_eq_2,P_count_eq_3,B_count_eq_1,B_count_2_3,B_count_4_5,B_count_6_8,E_count_eq_1,E_count_eq_2",23,242
count_plus_PB_count,239,0.39314402952628996,0.4558477620074645,0.780127668408441,"intercept,P:9.9,P:9.6,P:10.0,B:9.0,B:9.7,B:10.1,B:10.2,B:10.6,B:10.10,B:11.2,B:11.9,E:10.7,E:11.10,P_count_eq_1,P_count_eq_2,P_count_eq_3,B_count_eq_1,B_count_2_3,B_count_4_5,B_count_6_8,E_count_eq_1,E_count_eq_2,P_B_count",24,242
count_plus_PE_count,239,0.269794639061937,0.326288043053122,0.8873494681976466,"intercept,P:9.9,P:9.6,P:10.0,B:9.0,B:9.7,B:10.1,B:10.2,B:10.6,B:10.10,B:11.2,B:11.9,E:10.7,E:11.10,P_count_eq_1,P_count_eq_2,P_count_eq_3,B_count_eq_1,B_count_2_3,B_count_4_5,B_count_6_8,E_count_eq_1,E_count_eq_2,P_E_count",24,242
count_plus_BE_count,239,0.40049738413083813,0.47111485340792486,0.7651532676189052,"intercept,P:9.9,P:9.6,P:10.0,B:9.0,B:9.7,B:10.1,B:10.2,B:10.6,B:10.10,B:11.2,B:11.9,E:10.7,E:11.10,P_count_eq_1,P_count_eq_2,P_count_eq_3,B_count_eq_1,B_count_2_3,B_count_4_5,B_count_6_8,E_count_eq_1,E_count_eq_2,B_E_count",24,242
count_plus_all_pairs,239,0.2406021604962272,0.2967857310610455,0.9067997747714833,"intercept,P:9.9,P:9.6,P:10.0,B:9.0,B:9.7,B:10.1,B:10.2,B:10.6,B:10.10,B:11.2,B:11.9,E:10.7,E:11.10,P_count_eq_1,P_count_eq_2,P_count_eq_3,B_count_eq_1,B_count_2_3,B_count_4_5,B_count_6_8,E_count_eq_1,E_count_eq_2,P_B_count,P_E_count,B_E_count",26,242
additive_head,239,0.37960693915074795,0.4483030060534999,0.7736898862417092,"intercept,P:9.9,P:9.6,P:10.0,B:9.0,B:9.7,B:10.1,B:10.2,B:10.6,B:10.10,B:11.2,B:11.9,E:10.7,E:11.10",14,243
count_additive,239,0.3823351555842153,0.4526315789908458,0.769298530103645,"intercept,P:9.9,P:9.6,P:10.0,B:9.0,B:9.7,B:10.1,B:10.2,B:10.6,B:10.10,B:11.2,B:11.9,E:10.7,E:11.10,P_count_eq_1,P_count_eq_2,P_count_eq_3,B_count_eq_1,B_count_2_3,B_count_4_5,B_count_6_8,E_count_eq_1,E_count_eq_2",23,243
count_plus_PB_count,239,0.3717719596317559,0.43273390530972644,0.7891359667277926,"intercept,P:9.9,P:9.6,P:10.0,B:9.0,B:9.7,B:10.1,B:10.2,B:10.6,B:10.10,B:11.2,B:11.9,E:10.7,E:11.10,P_count_eq_1,P_count_eq_2,P_count_eq_3,B_count_eq_1,B_count_2_3,B_count_4_5,B_count_6_8,E_count_eq_1,E_count_eq_2,P_B_count",24,243
count_plus_PE_count,239,0.2544464831750248,0.30911240352615144,0.8924046444572598,"intercept,P:9.9,P:9.6,P:10.0,B:9.0,B:9.7,B:10.1,B:10.2,B:10.6,B:10.10,B:11.2,B:11.9,E:10.7,E:11.10,P_count_eq_1,P_count_eq_2,P_count_eq_3,B_count_eq_1,B_count_2_3,B_count_4_5,B_count_6_8,E_count_eq_1,E_count_eq_2,P_E_count",24,243
count_plus_BE_count,239,0.3789802397281333,0.4477877603015999,0.7742097949394336,"intercept,P:9.9,P:9.6,P:10.0,B:9.0,B:9.7,B:10.1,B:10.2,B:10.6,B:10.10,B:11.2,B:11.9,E:10.7,E:11.10,P_count_eq_1,P_count_eq_2,P_count_eq_3,B_count_eq_1,B_count_2_3,B_count_4_5,B_count_6_8,E_count_eq_1,E_count_eq_2,B_E_count",24,243
count_plus_all_pairs,239,0.22711823118215937,0.280387034108299,0.9114728435872361,"intercept,P:9.9,P:9.6,P:10.0,B:9.0,B:9.7,B:10.1,B:10.2,B:10.6,B:10.10,B:11.2,B:11.9,E:10.7,E:11.10,P_count_eq_1,P_count_eq_2,P_count_eq_3,B_count_eq_1,B_count_2_3,B_count_4_5,B_count_6_8,E_count_eq_1,E_count_eq_2,P_B_count,P_E_count,B_E_count",26,243
additive_head,239,0.3735457608752042,0.4424177987135215,0.7715217303961396,"intercept,P:9.9,P:9.6,P:10.0,B:9.0,B:9.7,B:10.1,B:10.2,B:10.6,B:10.10,B:11.2,B:11.9,E:10.7,E:11.10",14,244
count_additive,239,0.3758327122821455,0.44677626703212037,0.7669978598478916,"intercept,P:9.9,P:9.6,P:10.0,B:9.0,B:9.7,B:10.1,B:10.2,B:10.6,B:10.10,B:11.2,B:11.9,E:10.7,E:11.10,P_count_eq_1,P_count_eq_2,P_count_eq_3,B_count_eq_1,B_count_2_3,B_count_4_5,B_count_6_8,E_count_eq_1,E_count_eq_2",23,244
count_plus_PB_count,239,0.36532997539630047,0.42679796299819983,0.7873700702069394,"intercept,P:9.9,P:9.6,P:10.0,B:9.0,B:9.7,B:10.1,B:10.2,B:10.6,B:10.10,B:11.2,B:11.9,E:10.7,E:11.10,P_count_eq_1,P_count_eq_2,P_count_eq_3,B_count_eq_1,B_count_2_3,B_count_4_5,B_count_6_8,E_count_eq_1,E_count_eq_2,P_B_count",24,244
count_plus_PE_count,239,0.2498098824227413,0.30343611769888357,0.892523314124344,"intercept,P:9.9,P:9.6,P:10.0,B:9.0,B:9.7,B:10.1,B:10.2,B:10.6,B:10.10,B:11.2,B:11.9,E:10.7,E:11.10,P_count_eq_1,P_count_eq_2,P_count_eq_3,B_count_eq_1,B_count_2_3,B_count_4_5,B_count_6_8,E_count_eq_1,E_count_eq_2,P_E_count",24,244
count_plus_BE_count,239,0.3734471576363867,0.44238778343035284,0.7715527309903706,"intercept,P:9.9,P:9.6,P:10.0,B:9.0,B:9.7,B:10.1,B:10.2,B:10.6,B:10.10,B:11.2,B:11.9,E:10.7,E:11.10,P_count_eq_1,P_count_eq_2,P_count_eq_3,B_count_eq_1,B_count_2_3,B_count_4_5,B_count_6_8,E_count_eq_1,E_count_eq_2,B_E_count",24,244
count_plus_all_pairs,239,0.22267468885734443,0.27500886959700244,0.9117178051968572,"intercept,P:9.9,P:9.6,P:10.0,B:9.0,B:9.7,B:10.1,B:10.2,B:10.6,B:10.10,B:11.2,B:11.9,E:10.7,E:11.10,P_count_eq_1,P_count_eq_2,P_count_eq_3,B_count_eq_1,B_count_2_3,B_count_4_5,B_count_6_8,E_count_eq_1,E_count_eq_2,P_B_count,P_E_count,B_E_count",26,244
additive_head,239,0.39627021893595904,0.4665912412597567,0.7453486064441512,"intercept,P:9.9,P:9.6,P:10.0,B:9.0,B:9.7,B:10.1,B:10.2,B:10.6,B:10.10,B:11.2,B:11.9,E:10.7,E:11.10",14,245
count_additive,239,0.4003581684733361,0.47217068256436595,0.7392220128494497,"intercept,P:9.9,P:9.6,P:10.0,B:9.0,B:9.7,B:10.1,B:10.2,B:10.6,B:10.10,B:11.2,B:11.9,E:10.7,E:11.10,P_count_eq_1,P_count_eq_2,P_count_eq_3,B_count_eq_1,B_count_2_3,B_count_4_5,B_count_6_8,E_count_eq_1,E_count_eq_2",23,245
count_plus_PB_count,239,0.3904444454676382,0.4531268291091065,0.759833490044396,"intercept,P:9.9,P:9.6,P:10.0,B:9.0,B:9.7,B:10.1,B:10.2,B:10.6,B:10.10,B:11.2,B:11.9,E:10.7,E:11.10,P_count_eq_1,P_count_eq_2,P_count_eq_3,B_count_eq_1,B_count_2_3,B_count_4_5,B_count_6_8,E_count_eq_1,E_count_eq_2,P_B_count",24,245
count_plus_PE_count,239,0.2654036102080433,0.3214381476724355,0.8791441362740612,"intercept,P:9.9,P:9.6,P:10.0,B:9.0,B:9.7,B:10.1,B:10.2,B:10.6,B:10.10,B:11.2,B:11.9,E:10.7,E:11.10,P_count_eq_1,P_count_eq_2,P_count_eq_3,B_count_eq_1,B_count_2_3,B_count_4_5,B_count_6_8,E_count_eq_1,E_count_eq_2,P_E_count",24,245
count_plus_BE_count,239,0.3980065895921031,0.46774105165969876,0.7440919965208785,"intercept,P:9.9,P:9.6,P:10.0,B:9.0,B:9.7,B:10.1,B:10.2,B:10.6,B:10.10,B:11.2,B:11.9,E:10.7,E:11.10,P_count_eq_1,P_count_eq_2,P_count_eq_3,B_count_eq_1,B_count_2_3,B_count_4_5,B_count_6_8,E_count_eq_1,E_count_eq_2,B_E_count",24,245
count_plus_all_pairs,239,0.2386794531437963,0.2944301242294111,0.8986001348485911,"intercept,P:9.9,P:9.6,P:10.0,B:9.0,B:9.7,B:10.1,B:10.2,B:10.6,B:10.10,B:11.2,B:11.9,E:10.7,E:11.10,P_count_eq_1,P_count_eq_2,P_count_eq_3,B_count_eq_1,B_count_2_3,B_count_4_5,B_count_6_8,E_count_eq_1,E_count_eq_2,P_B_count,P_E_count,B_E_count",26,245
additive_head,239,0.37376256233016947,0.4418891784409848,0.7691866885040199,"intercept,P:9.9,P:9.6,P:10.0,B:9.0,B:9.7,B:10.1,B:10.2,B:10.6,B:10.10,B:11.2,B:11.9,E:10.7,E:11.10",14,246
count_additive,239,0.3764370075349943,0.4463655423946473,0.764486697422263,"intercept,P:9.9,P:9.6,P:10.0,B:9.0,B:9.7,B:10.1,B:10.2,B:10.6,B:10.10,B:11.2,B:11.9,E:10.7,E:11.10,P_count_eq_1,P_count_eq_2,P_count_eq_3,B_count_eq_1,B_count_2_3,B_count_4_5,B_count_6_8,E_count_eq_1,E_count_eq_2",23,246
count_plus_PB_count,239,0.3663783532874391,0.4269512586121177,0.7845280629205108,"intercept,P:9.9,P:9.6,P:10.0,B:9.0,B:9.7,B:10.1,B:10.2,B:10.6,B:10.10,B:11.2,B:11.9,E:10.7,E:11.10,P_count_eq_1,P_count_eq_2,P_count_eq_3,B_count_eq_1,B_count_2_3,B_count_4_5,B_count_6_8,E_count_eq_1,E_count_eq_2,P_B_count",24,246
count_plus_PE_count,239,0.2498423911568695,0.3042963508060366,0.89054701551236,"intercept,P:9.9,P:9.6,P:10.0,B:9.0,B:9.7,B:10.1,B:10.2,B:10.6,B:10.10,B:11.2,B:11.9,E:10.7,E:11.10,P_count_eq_1,P_count_eq_2,P_count_eq_3,B_count_eq_1,B_count_2_3,B_count_4_5,B_count_6_8,E_count_eq_1,E_count_eq_2,P_E_count",24,246
count_plus_BE_count,239,0.3727892998716178,0.4408346973048224,0.7702869547961386,"intercept,P:9.9,P:9.6,P:10.0,B:9.0,B:9.7,B:10.1,B:10.2,B:10.6,B:10.10,B:11.2,B:11.9,E:10.7,E:11.10,P_count_eq_1,P_count_eq_2,P_count_eq_3,B_count_eq_1,B_count_2_3,B_count_4_5,B_count_6_8,E_count_eq_1,E_count_eq_2,B_E_count",24,246
count_plus_all_pairs,239,0.22276846449978668,0.2754338745883536,0.9103255291678809,"intercept,P:9.9,P:9.6,P:10.0,B:9.0,B:9.7,B:10.1,B:10.2,B:10.6,B:10.10,B:11.2,B:11.9,E:10.7,E:11.10,P_count_eq_1,P_count_eq_2,P_count_eq_3,B_count_eq_1,B_count_2_3,B_count_4_5,B_count_6_8,E_count_eq_1,E_count_eq_2,P_B_count,P_E_count,B_E_count",26,246
additive_head,239,0.3718232818640878,0.43839658420315236,0.7504552994571225,"intercept,P:9.9,P:9.6,P:10.0,B:9.0,B:9.7,B:10.1,B:10.2,B:10.6,B:10.10,B:11.2,B:11.9,E:10.7,E:11.10",14,247
count_additive,239,0.374804992683788,0.4430020793363917,0.7451846668625182,"intercept,P:9.9,P:9.6,P:10.0,B:9.0,B:9.7,B:10.1,B:10.2,B:10.6,B:10.10,B:11.2,B:11.9,E:10.7,E:11.10,P_count_eq_1,P_count_eq_2,P_count_eq_3,B_count_eq_1,B_count_2_3,B_count_4_5,B_count_6_8,E_count_eq_1,E_count_eq_2",23,247
count_plus_PB_count,239,0.3663916779874305,0.42531442922960655,0.7651263689792867,"intercept,P:9.9,P:9.6,P:10.0,B:9.0,B:9.7,B:10.1,B:10.2,B:10.6,B:10.10,B:11.2,B:11.9,E:10.7,E:11.10,P_count_eq_1,P_count_eq_2,P_count_eq_3,B_count_eq_1,B_count_2_3,B_count_4_5,B_count_6_8,E_count_eq_1,E_count_eq_2,P_B_count",24,247
count_plus_PE_count,239,0.24721916768050248,0.3001559393631155,0.8830209982562638,"intercept,P:9.9,P:9.6,P:10.0,B:9.0,B:9.7,B:10.1,B:10.2,B:10.6,B:10.10,B:11.2,B:11.9,E:10.7,E:11.10,P_count_eq_1,P_count_eq_2,P_count_eq_3,B_count_eq_1,B_count_2_3,B_count_4_5,B_count_6_8,E_count_eq_1,E_count_eq_2,P_E_count",24,247
count_plus_BE_count,239,0.3725496721431422,0.4380919877376938,0.7508019446208896,"intercept,P:9.9,P:9.6,P:10.0,B:9.0,B:9.7,B:10.1,B:10.2,B:10.6,B:10.10,B:11.2,B:11.9,E:10.7,E:11.10,P_count_eq_1,P_count_eq_2,P_count_eq_3,B_count_eq_1,B_count_2_3,B_count_4_5,B_count_6_8,E_count_eq_1,E_count_eq_2,B_E_count",24,247
count_plus_all_pairs,239,0.22198148719682956,0.2740046739478455,0.9025167566323827,"intercept,P:9.9,P:9.6,P:10.0,B:9.0,B:9.7,B:10.1,B:10.2,B:10.6,B:10.10,B:11.2,B:11.9,E:10.7,E:11.10,P_count_eq_1,P_count_eq_2,P_count_eq_3,B_count_eq_1,B_count_2_3,B_count_4_5,B_count_6_8,E_count_eq_1,E_count_eq_2,P_B_count,P_E_count,B_E_count",26,247
additive_head,239,0.3664171222021672,0.4332215252109179,0.7661358169189311,"intercept,P:9.9,P:9.6,P:10.0,B:9.0,B:9.7,B:10.1,B:10.2,B:10.6,B:10.10,B:11.2,B:11.9,E:10.7,E:11.10",14,248
count_additive,239,0.3689552256166572,0.4375745289844259,0.7614124774939175,"intercept,P:9.9,P:9.6,P:10.0,B:9.0,B:9.7,B:10.1,B:10.2,B:10.6,B:10.10,B:11.2,B:11.9,E:10.7,E:11.10,P_count_eq_1,P_count_eq_2,P_count_eq_3,B_count_eq_1,B_count_2_3,B_count_4_5,B_count_6_8,E_count_eq_1,E_count_eq_2",23,248
count_plus_PB_count,239,0.359620212820142,0.41923482114187005,0.7809928193368754,"intercept,P:9.9,P:9.6,P:10.0,B:9.0,B:9.7,B:10.1,B:10.2,B:10.6,B:10.10,B:11.2,B:11.9,E:10.7,E:11.10,P_count_eq_1,P_count_eq_2,P_count_eq_3,B_count_eq_1,B_count_2_3,B_count_4_5,B_count_6_8,E_count_eq_1,E_count_eq_2,P_B_count",24,248
count_plus_PE_count,239,0.2433268193775319,0.2958184647951585,0.8909578973687478,"intercept,P:9.9,P:9.6,P:10.0,B:9.0,B:9.7,B:10.1,B:10.2,B:10.6,B:10.10,B:11.2,B:11.9,E:10.7,E:11.10,P_count_eq_1,P_count_eq_2,P_count_eq_3,B_count_eq_1,B_count_2_3,B_count_4_5,B_count_6_8,E_count_eq_1,E_count_eq_2,P_E_count",24,248
count_plus_BE_count,239,0.36596096118026283,0.43264252116497626,0.7667605218940288,"intercept,P:9.9,P:9.6,P:10.0,B:9.0,B:9.7,B:10.1,B:10.2,B:10.6,B:10.10,B:11.2,B:11.9,E:10.7,E:11.10,P_count_eq_1,P_count_eq_2,P_count_eq_3,B_count_eq_1,B_count_2_3,B_count_4_5,B_count_6_8,E_count_eq_1,E_count_eq_2,B_E_count",24,248
count_plus_all_pairs,239,0.21761169675323846,0.26874969152499184,0.9100006011887154,"intercept,P:9.9,P:9.6,P:10.0,B:9.0,B:9.7,B:10.1,B:10.2,B:10.6,B:10.10,B:11.2,B:11.9,E:10.7,E:11.10,P_count_eq_1,P_count_eq_2,P_count_eq_3,B_count_eq_1,B_count_2_3,B_count_4_5,B_count_6_8,E_count_eq_1,E_count_eq_2,P_B_count,P_E_count,B_E_count",26,248
additive_head,239,0.38820493196331374,0.46022423253831435,0.7761566158659764,"intercept,P:9.9,P:9.6,P:10.0,B:9.0,B:9.7,B:10.1,B:10.2,B:10.6,B:10.10,B:11.2,B:11.9,E:10.7,E:11.10",14,249
count_additive,239,0.3908870879342175,0.46518061231662433,0.7713092963911847,"intercept,P:9.9,P:9.6,P:10.0,B:9.0,B:9.7,B:10.1,B:10.2,B:10.6,B:10.10,B:11.2,B:11.9,E:10.7,E:11.10,P_count_eq_1,P_count_eq_2,P_count_eq_3,B_count_eq_1,B_count_2_3,B_count_4_5,B_count_6_8,E_count_eq_1,E_count_eq_2",23,249
count_plus_PB_count,239,0.37850911902557804,0.44295568062514523,0.7926395866720151,"intercept,P:9.9,P:9.6,P:10.0,B:9.0,B:9.7,B:10.1,B:10.2,B:10.6,B:10.10,B:11.2,B:11.9,E:10.7,E:11.10,P_count_eq_1,P_count_eq_2,P_count_eq_3,B_count_eq_1,B_count_2_3,B_count_4_5,B_count_6_8,E_count_eq_1,E_count_eq_2,P_B_count",24,249
count_plus_PE_count,239,0.2620475673922859,0.31880383894980985,0.892588103802923,"intercept,P:9.9,P:9.6,P:10.0,B:9.0,B:9.7,B:10.1,B:10.2,B:10.6,B:10.10,B:11.2,B:11.9,E:10.7,E:11.10,P_count_eq_1,P_count_eq_2,P_count_eq_3,B_count_eq_1,B_count_2_3,B_count_4_5,B_count_6_8,E_count_eq_1,E_count_eq_2,P_E_count",24,249
count_plus_BE_count,239,0.3862687978040421,0.45932076661466614,0.7770346068622659,"intercept,P:9.9,P:9.6,P:10.0,B:9.0,B:9.7,B:10.1,B:10.2,B:10.6,B:10.10,B:11.2,B:11.9,E:10.7,E:11.10,P_count_eq_1,P_count_eq_2,P_count_eq_3,B_count_eq_1,B_count_2_3,B_count_4_5,B_count_6_8,E_count_eq_1,E_count_eq_2,B_E_count",24,249
count_plus_all_pairs,239,0.23151054582615754,0.2861402915717302,0.9134706723128698,"intercept,P:9.9,P:9.6,P:10.0,B:9.0,B:9.7,B:10.1,B:10.2,B:10.6,B:10.10,B:11.2,B:11.9,E:10.7,E:11.10,P_count_eq_1,P_count_eq_2,P_count_eq_3,B_count_eq_1,B_count_2_3,B_count_4_5,B_count_6_8,E_count_eq_1,E_count_eq_2,P_B_count,P_E_count,B_E_count",26,249
additive_head,239,0.3918210730658368,0.46057193612129854,0.7595902197657927,"intercept,P:9.9,P:9.6,P:10.0,B:9.0,B:9.7,B:10.1,B:10.2,B:10.6,B:10.10,B:11.2,B:11.9,E:10.7,E:11.10",14,250
count_additive,239,0.3956003425514631,0.4658913255024663,0.754004911184852,"intercept,P:9.9,P:9.6,P:10.0,B:9.0,B:9.7,B:10.1,B:10.2,B:10.6,B:10.10,B:11.2,B:11.9,E:10.7,E:11.10,P_count_eq_1,P_count_eq_2,P_count_eq_3,B_count_eq_1,B_count_2_3,B_count_4_5,B_count_6_8,E_count_eq_1,E_count_eq_2",23,250
count_plus_PB_count,239,0.3866562658367802,0.4478632051243283,0.7726746043595922,"intercept,P:9.9,P:9.6,P:10.0,B:9.0,B:9.7,B:10.1,B:10.2,B:10.6,B:10.10,B:11.2,B:11.9,E:10.7,E:11.10,P_count_eq_1,P_count_eq_2,P_count_eq_3,B_count_eq_1,B_count_2_3,B_count_4_5,B_count_6_8,E_count_eq_1,E_count_eq_2,P_B_count",24,250
count_plus_PE_count,239,0.2621288056059794,0.31726740564798656,0.8859203703427142,"intercept,P:9.9,P:9.6,P:10.0,B:9.0,B:9.7,B:10.1,B:10.2,B:10.6,B:10.10,B:11.2,B:11.9,E:10.7,E:11.10,P_count_eq_1,P_count_eq_2,P_count_eq_3,B_count_eq_1,B_count_2_3,B_count_4_5,B_count_6_8,E_count_eq_1,E_count_eq_2,P_E_count",24,250
count_plus_BE_count,239,0.3936469085687486,0.46163774505572935,0.7584762684223842,"intercept,P:9.9,P:9.6,P:10.0,B:9.0,B:9.7,B:10.1,B:10.2,B:10.6,B:10.10,B:11.2,B:11.9,E:10.7,E:11.10,P_count_eq_1,P_count_eq_2,P_count_eq_3,B_count_eq_1,B_count_2_3,B_count_4_5,B_count_6_8,E_count_eq_1,E_count_eq_2,B_E_count",24,250
count_plus_all_pairs,239,0.23643419166905835,0.29174361705177004,0.9035371888455144,"intercept,P:9.9,P:9.6,P:10.0,B:9.0,B:9.7,B:10.1,B:10.2,B:10.6,B:10.10,B:11.2,B:11.9,E:10.7,E:11.10,P_count_eq_1,P_count_eq_2,P_count_eq_3,B_count_eq_1,B_count_2_3,B_count_4_5,B_count_6_8,E_count_eq_1,E_count_eq_2,P_B_count,P_E_count,B_E_count",26,250
additive_head,239,0.3828741433786248,0.4534983720936226,0.7749435346111835,"intercept,P:9.9,P:9.6,P:10.0,B:9.0,B:9.7,B:10.1,B:10.2,B:10.6,B:10.10,B:11.2,B:11.9,E:10.7,E:11.10",14,251
count_additive,239,0.38528635366252295,0.45779798315810444,0.7706557907475737,"intercept,P:9.9,P:9.6,P:10.0,B:9.0,B:9.7,B:10.1,B:10.2,B:10.6,B:10.10,B:11.2,B:11.9,E:10.7,E:11.10,P_count_eq_1,P_count_eq_2,P_count_eq_3,B_count_eq_1,B_count_2_3,B_count_4_5,B_count_6_8,E_count_eq_1,E_count_eq_2",23,251
count_plus_PB_count,239,0.37411140787019126,0.4373487281368351,0.7906872109079259,"intercept,P:9.9,P:9.6,P:10.0,B:9.0,B:9.7,B:10.1,B:10.2,B:10.6,B:10.10,B:11.2,B:11.9,E:10.7,E:11.10,P_count_eq_1,P_count_eq_2,P_count_eq_3,B_count_eq_1,B_count_2_3,B_count_4_5,B_count_6_8,E_count_eq_1,E_count_eq_2,P_B_count",24,251
count_plus_PE_count,239,0.25628793277662876,0.3119382103298364,0.8935177593302629,"intercept,P:9.9,P:9.6,P:10.0,B:9.0,B:9.7,B:10.1,B:10.2,B:10.6,B:10.10,B:11.2,B:11.9,E:10.7,E:11.10,P_count_eq_1,P_count_eq_2,P_count_eq_3,B_count_eq_1,B_count_2_3,B_count_4_5,B_count_6_8,E_count_eq_1,E_count_eq_2,P_E_count",24,251
count_plus_BE_count,239,0.38150026583675595,0.45170612079618205,0.7767188913512337,"intercept,P:9.9,P:9.6,P:10.0,B:9.0,B:9.7,B:10.1,B:10.2,B:10.6,B:10.10,B:11.2,B:11.9,E:10.7,E:11.10,P_count_eq_1,P_count_eq_2,P_count_eq_3,B_count_eq_1,B_count_2_3,B_count_4_5,B_count_6_8,E_count_eq_1,E_count_eq_2,B_E_count",24,251
count_plus_all_pairs,239,0.22748016434481577,0.2812757810398762,0.9134225664817393,"intercept,P:9.9,P:9.6,P:10.0,B:9.0,B:9.7,B:10.1,B:10.2,B:10.6,B:10.10,B:11.2,B:11.9,E:10.7,E:11.10,P_count_eq_1,P_count_eq_2,P_count_eq_3,B_count_eq_1,B_count_2_3,B_count_4_5,B_count_6_8,E_count_eq_1,E_count_eq_2,P_B_count,P_E_count,B_E_count",26,251
additive_head,239,0.3968138987223693,0.4662224423962644,0.7473244136543533,"intercept,P:9.9,P:9.6,P:10.0,B:9.0,B:9.7,B:10.1,B:10.2,B:10.6,B:10.10,B:11.2,B:11.9,E:10.7,E:11.10",14,252
count_additive,239,0.39997333116757483,0.47187770407275464,0.7411573441834765,"intercept,P:9.9,P:9.6,P:10.0,B:9.0,B:9.7,B:10.1,B:10.2,B:10.6,B:10.10,B:11.2,B:11.9,E:10.7,E:11.10,P_count_eq_1,P_count_eq_2,P_count_eq_3,B_count_eq_1,B_count_2_3,B_count_4_5,B_count_6_8,E_count_eq_1,E_count_eq_2",23,252
count_plus_PB_count,239,0.3909736708977112,0.4540752695747162,0.760319539347084,"intercept,P:9.9,P:9.6,P:10.0,B:9.0,B:9.7,B:10.1,B:10.2,B:10.6,B:10.10,B:11.2,B:11.9,E:10.7,E:11.10,P_count_eq_1,P_count_eq_2,P_count_eq_3,B_count_eq_1,B_count_2_3,B_count_4_5,B_count_6_8,E_count_eq_1,E_count_eq_2,P_B_count",24,252
count_plus_PE_count,239,0.26819244768070316,0.3250043069720389,0.8772122151849019,"intercept,P:9.9,P:9.6,P:10.0,B:9.0,B:9.7,B:10.1,B:10.2,B:10.6,B:10.10,B:11.2,B:11.9,E:10.7,E:11.10,P_count_eq_1,P_count_eq_2,P_count_eq_3,B_count_eq_1,B_count_2_3,B_count_4_5,B_count_6_8,E_count_eq_1,E_count_eq_2,P_E_count",24,252
count_plus_BE_count,239,0.39727730128670474,0.4660962479957312,0.7474611806816638,"intercept,P:9.9,P:9.6,P:10.0,B:9.0,B:9.7,B:10.1,B:10.2,B:10.6,B:10.10,B:11.2,B:11.9,E:10.7,E:11.10,P_count_eq_1,P_count_eq_2,P_count_eq_3,B_count_eq_1,B_count_2_3,B_count_4_5,B_count_6_8,E_count_eq_1,E_count_eq_2,B_E_count",24,252
count_plus_all_pairs,239,0.24100022042877184,0.29819550076816465,0.8966336681674779,"intercept,P:9.9,P:9.6,P:10.0,B:9.0,B:9.7,B:10.1,B:10.2,B:10.6,B:10.10,B:11.2,B:11.9,E:10.7,E:11.10,P_count_eq_1,P_count_eq_2,P_count_eq_3,B_count_eq_1,B_count_2_3,B_count_4_5,B_count_6_8,E_count_eq_1,E_count_eq_2,P_B_count,P_E_count,B_E_count",26,252
additive_head,239,0.3830842347830209,0.45138289203888143,0.751961370026089,"intercept,P:9.9,P:9.6,P:10.0,B:9.0,B:9.7,B:10.1,B:10.2,B:10.6,B:10.10,B:11.2,B:11.9,E:10.7,E:11.10",14,253
count_additive,239,0.38577925214564246,0.4563778122152831,0.7464414972850688,"intercept,P:9.9,P:9.6,P:10.0,B:9.0,B:9.7,B:10.1,B:10.2,B:10.6,B:10.10,B:11.2,B:11.9,E:10.7,E:11.10,P_count_eq_1,P_count_eq_2,P_count_eq_3,B_count_eq_1,B_count_2_3,B_count_4_5,B_count_6_8,E_count_eq_1,E_count_eq_2",23,253
count_plus_PB_count,239,0.37658409882797667,0.4377830382440559,0.7666826708550417,"intercept,P:9.9,P:9.6,P:10.0,B:9.0,B:9.7,B:10.1,B:10.2,B:10.6,B:10.10,B:11.2,B:11.9,E:10.7,E:11.10,P_count_eq_1,P_count_eq_2,P_count_eq_3,B_count_eq_1,B_count_2_3,B_count_4_5,B_count_6_8,E_count_eq_1,E_count_eq_2,P_B_count",24,253
count_plus_PE_count,239,0.256179749775011,0.3109917844211443,0.8822592041872391,"intercept,P:9.9,P:9.6,P:10.0,B:9.0,B:9.7,B:10.1,B:10.2,B:10.6,B:10.10,B:11.2,B:11.9,E:10.7,E:11.10,P_count_eq_1,P_count_eq_2,P_count_eq_3,B_count_eq_1,B_count_2_3,B_count_4_5,B_count_6_8,E_count_eq_1,E_count_eq_2,P_E_count",24,253
count_plus_BE_count,239,0.38250724506857625,0.45059318324801917,0.7528285138295221,"intercept,P:9.9,P:9.6,P:10.0,B:9.0,B:9.7,B:10.1,B:10.2,B:10.6,B:10.10,B:11.2,B:11.9,E:10.7,E:11.10,P_count_eq_1,P_count_eq_2,P_count_eq_3,B_count_eq_1,B_count_2_3,B_count_4_5,B_count_6_8,E_count_eq_1,E_count_eq_2,B_E_count",24,253
count_plus_all_pairs,239,0.22903543581250163,0.28293507721082456,0.9025453153988363,"intercept,P:9.9,P:9.6,P:10.0,B:9.0,B:9.7,B:10.1,B:10.2,B:10.6,B:10.10,B:11.2,B:11.9,E:10.7,E:11.10,P_count_eq_1,P_count_eq_2,P_count_eq_3,B_count_eq_1,B_count_2_3,B_count_4_5,B_count_6_8,E_count_eq_1,E_count_eq_2,P_B_count,P_E_count,B_E_count",26,253
additive_head,239,0.39756653311197016,0.4704190073317788,0.7480503029716712,"intercept,P:9.9,P:9.6,P:10.0,B:9.0,B:9.7,B:10.1,B:10.2,B:10.6,B:10.10,B:11.2,B:11.9,E:10.7,E:11.10",14,254
count_additive,239,0.401622937785109,0.475976767218801,0.7420618217686747,"intercept,P:9.9,P:9.6,P:10.0,B:9.0,B:9.7,B:10.1,B:10.2,B:10.6,B:10.10,B:11.2,B:11.9,E:10.7,E:11.10,P_count_eq_1,P_count_eq_2,P_count_eq_3,B_count_eq_1,B_count_2_3,B_count_4_5,B_count_6_8,E_count_eq_1,E_count_eq_2",23,254
count_plus_PB_count,239,0.3909855653887134,0.4558096609621361,0.7634564175315991,"intercept,P:9.9,P:9.6,P:10.0,B:9.0,B:9.7,B:10.1,B:10.2,B:10.6,B:10.10,B:11.2,B:11.9,E:10.7,E:11.10,P_count_eq_1,P_count_eq_2,P_count_eq_3,B_count_eq_1,B_count_2_3,B_count_4_5,B_count_6_8,E_count_eq_1,E_count_eq_2,P_B_count",24,254
count_plus_PE_count,239,0.26583052193581347,0.32295962537047873,0.8812480954964934,"intercept,P:9.9,P:9.6,P:10.0,B:9.0,B:9.7,B:10.1,B:10.2,B:10.6,B:10.10,B:11.2,B:11.9,E:10.7,E:11.10,P_count_eq_1,P_count_eq_2,P_count_eq_3,B_count_eq_1,B_count_2_3,B_count_4_5,B_count_6_8,E_count_eq_1,E_count_eq_2,P_E_count",24,254
count_plus_BE_count,239,0.3989967687779292,0.4713123915869989,0.7470924265938673,"intercept,P:9.9,P:9.6,P:10.0,B:9.0,B:9.7,B:10.1,B:10.2,B:10.6,B:10.10,B:11.2,B:11.9,E:10.7,E:11.10,P_count_eq_1,P_count_eq_2,P_count_eq_3,B_count_eq_1,B_count_2_3,B_count_4_5,B_count_6_8,E_count_eq_1,E_count_eq_2,B_E_count",24,254
count_plus_all_pairs,239,0.2379237318988938,0.2939893497754066,0.9015972323236578,"intercept,P:9.9,P:9.6,P:10.0,B:9.0,B:9.7,B:10.1,B:10.2,B:10.6,B:10.10,B:11.2,B:11.9,E:10.7,E:11.10,P_count_eq_1,P_count_eq_2,P_count_eq_3,B_count_eq_1,B_count_2_3,B_count_4_5,B_count_6_8,E_count_eq_1,E_count_eq_2,P_B_count,P_E_count,B_E_count",26,254
additive_head,239,0.38601880899161567,0.45804301573465983,0.7677544383730956,"intercept,P:9.9,P:9.6,P:10.0,B:9.0,B:9.7,B:10.1,B:10.2,B:10.6,B:10.10,B:11.2,B:11.9,E:10.7,E:11.10",14,255
count_additive,239,0.3887257021035482,0.46219317725263287,0.7635267866604853,"intercept,P:9.9,P:9.6,P:10.0,B:9.0,B:9.7,B:10.1,B:10.2,B:10.6,B:10.10,B:11.2,B:11.9,E:10.7,E:11.10,P_count_eq_1,P_count_eq_2,P_count_eq_3,B_count_eq_1,B_count_2_3,B_count_4_5,B_count_6_8,E_count_eq_1,E_count_eq_2",23,255
count_plus_PB_count,239,0.37789805636835416,0.441993877879103,0.7837443812353793,"intercept,P:9.9,P:9.6,P:10.0,B:9.0,B:9.7,B:10.1,B:10.2,B:10.6,B:10.10,B:11.2,B:11.9,E:10.7,E:11.10,P_count_eq_1,P_count_eq_2,P_count_eq_3,B_count_eq_1,B_count_2_3,B_count_4_5,B_count_6_8,E_count_eq_1,E_count_eq_2,P_B_count",24,255
count_plus_PE_count,239,0.2590548317302306,0.31461360486048906,0.890430446935338,"intercept,P:9.9,P:9.6,P:10.0,B:9.0,B:9.7,B:10.1,B:10.2,B:10.6,B:10.10,B:11.2,B:11.9,E:10.7,E:11.10,P_count_eq_1,P_count_eq_2,P_count_eq_3,B_count_eq_1,B_count_2_3,B_count_4_5,B_count_6_8,E_count_eq_1,E_count_eq_2,P_E_count",24,255
count_plus_BE_count,239,0.3851990714447532,0.45656728923473583,0.7692485287159647,"intercept,P:9.9,P:9.6,P:10.0,B:9.0,B:9.7,B:10.1,B:10.2,B:10.6,B:10.10,B:11.2,B:11.9,E:10.7,E:11.10,P_count_eq_1,P_count_eq_2,P_count_eq_3,B_count_eq_1,B_count_2_3,B_count_4_5,B_count_6_8,E_count_eq_1,E_count_eq_2,B_E_count",24,255
count_plus_all_pairs,239,0.2307181172509694,0.28461868467056584,0.9103269984292537,"intercept,P:9.9,P:9.6,P:10.0,B:9.0,B:9.7,B:10.1,B:10.2,B:10.6,B:10.10,B:11.2,B:11.9,E:10.7,E:11.10,P_count_eq_1,P_count_eq_2,P_count_eq_3,B_count_eq_1,B_count_2_3,B_count_4_5,B_count_6_8,E_count_eq_1,E_count_eq_2,P_B_count,P_E_count,B_E_count",26,255
additive_head,239,0.3988743719171846,0.4708824036874783,0.7605784801090084,"intercept,P:9.9,P:9.6,P:10.0,B:9.0,B:9.7,B:10.1,B:10.2,B:10.6,B:10.10,B:11.2,B:11.9,E:10.7,E:11.10",14,256
count_additive,239,0.4020791847993365,0.47556964670813073,0.7557882723751173,"intercept,P:9.9,P:9.6,P:10.0,B:9.0,B:9.7,B:10.1,B:10.2,B:10.6,B:10.10,B:11.2,B:11.9,E:10.7,E:11.10,P_count_eq_1,P_count_eq_2,P_count_eq_3,B_count_eq_1,B_count_2_3,B_count_4_5,B_count_6_8,E_count_eq_1,E_count_eq_2",23,256
count_plus_PB_count,239,0.3912232524865506,0.45524886228511524,0.7762124105138524,"intercept,P:9.9,P:9.6,P:10.0,B:9.0,B:9.7,B:10.1,B:10.2,B:10.6,B:10.10,B:11.2,B:11.9,E:10.7,E:11.10,P_count_eq_1,P_count_eq_2,P_count_eq_3,B_count_eq_1,B_count_2_3,B_count_4_5,B_count_6_8,E_count_eq_1,E_count_eq_2,P_B_count",24,256
count_plus_PE_count,239,0.2693733706758768,0.3267593824822983,0.8847092688520601,"intercept,P:9.9,P:9.6,P:10.0,B:9.0,B:9.7,B:10.1,B:10.2,B:10.6,B:10.10,B:11.2,B:11.9,E:10.7,E:11.10,P_count_eq_1,P_count_eq_2,P_count_eq_3,B_count_eq_1,B_count_2_3,B_count_4_5,B_count_6_8,E_count_eq_1,E_count_eq_2,P_E_count",24,256
count_plus_BE_count,239,0.39838981563304454,0.46999370543543445,0.7614813497020809,"intercept,P:9.9,P:9.6,P:10.0,B:9.0,B:9.7,B:10.1,B:10.2,B:10.6,B:10.10,B:11.2,B:11.9,E:10.7,E:11.10,P_count_eq_1,P_count_eq_2,P_count_eq_3,B_count_eq_1,B_count_2_3,B_count_4_5,B_count_6_8,E_count_eq_1,E_count_eq_2,B_E_count",24,256
count_plus_all_pairs,239,0.24099347269520205,0.29698667268324763,0.9047615800689888,"intercept,P:9.9,P:9.6,P:10.0,B:9.0,B:9.7,B:10.1,B:10.2,B:10.6,B:10.10,B:11.2,B:11.9,E:10.7,E:11.10,P_count_eq_1,P_count_eq_2,P_count_eq_3,B_count_eq_1,B_count_2_3,B_count_4_5,B_count_6_8,E_count_eq_1,E_count_eq_2,P_B_count,P_E_count,B_E_count",26,256
additive_head,239,0.3965915119860655,0.4668902583512495,0.76019325886387,"intercept,P:9.9,P:9.6,P:10.0,B:9.0,B:9.7,B:10.1,B:10.2,B:10.6,B:10.10,B:11.2,B:11.9,E:10.7,E:11.10",14,257
count_additive,239,0.4004011460197886,0.4722900076772092,0.7546142850899789,"intercept,P:9.9,P:9.6,P:10.0,B:9.0,B:9.7,B:10.1,B:10.2,B:10.6,B:10.10,B:11.2,B:11.9,E:10.7,E:11.10,P_count_eq_1,P_count_eq_2,P_count_eq_3,B_count_eq_1,B_count_2_3,B_count_4_5,B_count_6_8,E_count_eq_1,E_count_eq_2",23,257
count_plus_PB_count,239,0.3905988547257689,0.4535769188005862,0.7736744131042492,"intercept,P:9.9,P:9.6,P:10.0,B:9.0,B:9.7,B:10.1,B:10.2,B:10.6,B:10.10,B:11.2,B:11.9,E:10.7,E:11.10,P_count_eq_1,P_count_eq_2,P_count_eq_3,B_count_eq_1,B_count_2_3,B_count_4_5,B_count_6_8,E_count_eq_1,E_count_eq_2,P_B_count",24,257
count_plus_PE_count,239,0.2646457497488418,0.32074359165287186,0.8868257204713976,"intercept,P:9.9,P:9.6,P:10.0,B:9.0,B:9.7,B:10.1,B:10.2,B:10.6,B:10.10,B:11.2,B:11.9,E:10.7,E:11.10,P_count_eq_1,P_count_eq_2,P_count_eq_3,B_count_eq_1,B_count_2_3,B_count_4_5,B_count_6_8,E_count_eq_1,E_count_eq_2,P_E_count",24,257
count_plus_BE_count,239,0.397639834751005,0.4670852913088427,0.7599928692187927,"intercept,P:9.9,P:9.6,P:10.0,B:9.0,B:9.7,B:10.1,B:10.2,B:10.6,B:10.10,B:11.2,B:11.9,E:10.7,E:11.10,P_count_eq_1,P_count_eq_2,P_count_eq_3,B_count_eq_1,B_count_2_3,B_count_4_5,B_count_6_8,E_count_eq_1,E_count_eq_2,B_E_count",24,257
count_plus_all_pairs,239,0.23756588394285305,0.29326331726036414,0.9053877767499805,"intercept,P:9.9,P:9.6,P:10.0,B:9.0,B:9.7,B:10.1,B:10.2,B:10.6,B:10.10,B:11.2,B:11.9,E:10.7,E:11.10,P_count_eq_1,P_count_eq_2,P_count_eq_3,B_count_eq_1,B_count_2_3,B_count_4_5,B_count_6_8,E_count_eq_1,E_count_eq_2,P_B_count,P_E_count,B_E_count",26,257
additive_head,239,0.3927530412616487,0.46417862521248726,0.756960602634954,"intercept,P:9.9,P:9.6,P:10.0,B:9.0,B:9.7,B:10.1,B:10.2,B:10.6,B:10.10,B:11.2,B:11.9,E:10.7,E:11.10",14,258
count_additive,239,0.39601880227198694,0.4691815501592538,0.7516934044688963,"intercept,P:9.9,P:9.6,P:10.0,B:9.0,B:9.7,B:10.1,B:10.2,B:10.6,B:10.10,B:11.2,B:11.9,E:10.7,E:11.10,P_count_eq_1,P_count_eq_2,P_count_eq_3,B_count_eq_1,B_count_2_3,B_count_4_5,B_count_6_8,E_count_eq_1,E_count_eq_2",23,258
count_plus_PB_count,239,0.3852471115302519,0.4486414081775762,0.772958569722414,"intercept,P:9.9,P:9.6,P:10.0,B:9.0,B:9.7,B:10.1,B:10.2,B:10.6,B:10.10,B:11.2,B:11.9,E:10.7,E:11.10,P_count_eq_1,P_count_eq_2,P_count_eq_3,B_count_eq_1,B_count_2_3,B_count_4_5,B_count_6_8,E_count_eq_1,E_count_eq_2,P_B_count",24,258
count_plus_PE_count,239,0.26462093971759904,0.3210196296135701,0.8837562578406183,"intercept,P:9.9,P:9.6,P:10.0,B:9.0,B:9.7,B:10.1,B:10.2,B:10.6,B:10.10,B:11.2,B:11.9,E:10.7,E:11.10,P_count_eq_1,P_count_eq_2,P_count_eq_3,B_count_eq_1,B_count_2_3,B_count_4_5,B_count_6_8,E_count_eq_1,E_count_eq_2,P_E_count",24,258
count_plus_BE_count,239,0.39204966193880897,0.4630268736836808,0.758165198033343,"intercept,P:9.9,P:9.6,P:10.0,B:9.0,B:9.7,B:10.1,B:10.2,B:10.6,B:10.10,B:11.2,B:11.9,E:10.7,E:11.10,P_count_eq_1,P_count_eq_2,P_count_eq_3,B_count_eq_1,B_count_2_3,B_count_4_5,B_count_6_8,E_count_eq_1,E_count_eq_2,B_E_count",24,258
count_plus_all_pairs,239,0.23531132162181267,0.2902634208001764,0.9049633712326526,"intercept,P:9.9,P:9.6,P:10.0,B:9.0,B:9.7,B:10.1,B:10.2,B:10.6,B:10.10,B:11.2,B:11.9,E:10.7,E:11.10,P_count_eq_1,P_count_eq_2,P_count_eq_3,B_count_eq_1,B_count_2_3,B_count_4_5,B_count_6_8,E_count_eq_1,E_count_eq_2,P_B_count,P_E_count,B_E_count",26,258
additive_head,239,0.38454699541920556,0.4538796497035289,0.7639474460419877,"intercept,P:9.9,P:9.6,P:10.0,B:9.0,B:9.7,B:10.1,B:10.2,B:10.6,B:10.10,B:11.2,B:11.9,E:10.7,E:11.10",14,259
count_additive,239,0.3873472863168859,0.4589142507937005,0.7586816373568408,"intercept,P:9.9,P:9.6,P:10.0,B:9.0,B:9.7,B:10.1,B:10.2,B:10.6,B:10.10,B:11.2,B:11.9,E:10.7,E:11.10,P_count_eq_1,P_count_eq_2,P_count_eq_3,B_count_eq_1,B_count_2_3,B_count_4_5,B_count_6_8,E_count_eq_1,E_count_eq_2",23,259
count_plus_PB_count,239,0.37788992705834745,0.44067583432648316,0.7774816902104993,"intercept,P:9.9,P:9.6,P:10.0,B:9.0,B:9.7,B:10.1,B:10.2,B:10.6,B:10.10,B:11.2,B:11.9,E:10.7,E:11.10,P_count_eq_1,P_count_eq_2,P_count_eq_3,B_count_eq_1,B_count_2_3,B_count_4_5,B_count_6_8,E_count_eq_1,E_count_eq_2,P_B_count",24,259
count_plus_PE_count,239,0.25766352371629564,0.31274458720771003,0.8879254805328131,"intercept,P:9.9,P:9.6,P:10.0,B:9.0,B:9.7,B:10.1,B:10.2,B:10.6,B:10.10,B:11.2,B:11.9,E:10.7,E:11.10,P_count_eq_1,P_count_eq_2,P_count_eq_3,B_count_eq_1,B_count_2_3,B_count_4_5,B_count_6_8,E_count_eq_1,E_count_eq_2,P_E_count",24,259
count_plus_BE_count,239,0.3844097232642526,0.45315156137763984,0.7647041631988282,"intercept,P:9.9,P:9.6,P:10.0,B:9.0,B:9.7,B:10.1,B:10.2,B:10.6,B:10.10,B:11.2,B:11.9,E:10.7,E:11.10,P_count_eq_1,P_count_eq_2,P_count_eq_3,B_count_eq_1,B_count_2_3,B_count_4_5,B_count_6_8,E_count_eq_1,E_count_eq_2,B_E_count",24,259
count_plus_all_pairs,239,0.2312810496886561,0.28519528146338985,0.9068008496059572,"intercept,P:9.9,P:9.6,P:10.0,B:9.0,B:9.7,B:10.1,B:10.2,B:10.6,B:10.10,B:11.2,B:11.9,E:10.7,E:11.10,P_count_eq_1,P_count_eq_2,P_count_eq_3,B_count_eq_1,B_count_2_3,B_count_4_5,B_count_6_8,E_count_eq_1,E_count_eq_2,P_B_count,P_E_count,B_E_count",26,259
additive_head,239,0.3925345419283975,0.4615898313590166,0.7503164606444023,"intercept,P:9.9,P:9.6,P:10.0,B:9.0,B:9.7,B:10.1,B:10.2,B:10.6,B:10.10,B:11.2,B:11.9,E:10.7,E:11.10",14,260
count_additive,239,0.39560061591058066,0.46674209065097055,0.7447114241860147,"intercept,P:9.9,P:9.6,P:10.0,B:9.0,B:9.7,B:10.1,B:10.2,B:10.6,B:10.10,B:11.2,B:11.9,E:10.7,E:11.10,P_count_eq_1,P_count_eq_2,P_count_eq_3,B_count_eq_1,B_count_2_3,B_count_4_5,B_count_6_8,E_count_eq_1,E_count_eq_2",23,260
count_plus_PB_count,239,0.3862517852066223,0.4480892900297317,0.7647083183325548,"intercept,P:9.9,P:9.6,P:10.0,B:9.0,B:9.7,B:10.1,B:10.2,B:10.6,B:10.10,B:11.2,B:11.9,E:10.7,E:11.10,P_count_eq_1,P_count_eq_2,P_count_eq_3,B_count_eq_1,B_count_2_3,B_count_4_5,B_count_6_8,E_count_eq_1,E_count_eq_2,P_B_count",24,260
count_plus_PE_count,239,0.2623748523071111,0.3176113782925722,0.8817858262645903,"intercept,P:9.9,P:9.6,P:10.0,B:9.0,B:9.7,B:10.1,B:10.2,B:10.6,B:10.10,B:11.2,B:11.9,E:10.7,E:11.10,P_count_eq_1,P_count_eq_2,P_count_eq_3,B_count_eq_1,B_count_2_3,B_count_4_5,B_count_6_8,E_count_eq_1,E_count_eq_2,P_E_count",24,260
count_plus_BE_count,239,0.3929488568090956,0.4615660861181408,0.7503421485728899,"intercept,P:9.9,P:9.6,P:10.0,B:9.0,B:9.7,B:10.1,B:10.2,B:10.6,B:10.10,B:11.2,B:11.9,E:10.7,E:11.10,P_count_eq_1,P_count_eq_2,P_count_eq_3,B_count_eq_1,B_count_2_3,B_count_4_5,B_count_6_8,E_count_eq_1,E_count_eq_2,B_E_count",24,260
count_plus_all_pairs,239,0.2353491182001084,0.2902658028014768,0.9012654406126481,"intercept,P:9.9,P:9.6,P:10.0,B:9.0,B:9.7,B:10.1,B:10.2,B:10.6,B:10.10,B:11.2,B:11.9,E:10.7,E:11.10,P_count_eq_1,P_count_eq_2,P_count_eq_3,B_count_eq_1,B_count_2_3,B_count_4_5,B_count_6_8,E_count_eq_1,E_count_eq_2,P_B_count,P_E_count,B_E_count",26,260
additive_head,239,0.37947675530053265,0.447738098440122,0.7503130990257153,"intercept,P:9.9,P:9.6,P:10.0,B:9.0,B:9.7,B:10.1,B:10.2,B:10.6,B:10.10,B:11.2,B:11.9,E:10.7,E:11.10",14,261
count_additive,239,0.38214780733828935,0.45252144502563596,0.7449496119106573,"intercept,P:9.9,P:9.6,P:10.0,B:9.0,B:9.7,B:10.1,B:10.2,B:10.6,B:10.10,B:11.2,B:11.9,E:10.7,E:11.10,P_count_eq_1,P_count_eq_2,P_count_eq_3,B_count_eq_1,B_count_2_3,B_count_4_5,B_count_6_8,E_count_eq_1,E_count_eq_2",23,261
count_plus_PB_count,239,0.37329114919988016,0.43495592398783633,0.7643658899283277,"intercept,P:9.9,P:9.6,P:10.0,B:9.0,B:9.7,B:10.1,B:10.2,B:10.6,B:10.10,B:11.2,B:11.9,E:10.7,E:11.10,P_count_eq_1,P_count_eq_2,P_count_eq_3,B_count_eq_1,B_count_2_3,B_count_4_5,B_count_6_8,E_count_eq_1,E_count_eq_2,P_B_count",24,261
count_plus_PE_count,239,0.25175372839046,0.3064383044126608,0.8830409695688732,"intercept,P:9.9,P:9.6,P:10.0,B:9.0,B:9.7,B:10.1,B:10.2,B:10.6,B:10.10,B:11.2,B:11.9,E:10.7,E:11.10,P_count_eq_1,P_count_eq_2,P_count_eq_3,B_count_eq_1,B_count_2_3,B_count_4_5,B_count_6_8,E_count_eq_1,E_count_eq_2,P_E_count",24,261
count_plus_BE_count,239,0.37901123328513703,0.44641067250665145,0.7517914166009608,"intercept,P:9.9,P:9.6,P:10.0,B:9.0,B:9.7,B:10.1,B:10.2,B:10.6,B:10.10,B:11.2,B:11.9,E:10.7,E:11.10,P_count_eq_1,P_count_eq_2,P_count_eq_3,B_count_eq_1,B_count_2_3,B_count_4_5,B_count_6_8,E_count_eq_1,E_count_eq_2,B_E_count",24,261
count_plus_all_pairs,239,0.2258829598189426,0.2793029622334886,0.9028374863599008,"intercept,P:9.9,P:9.6,P:10.0,B:9.0,B:9.7,B:10.1,B:10.2,B:10.6,B:10.10,B:11.2,B:11.9,E:10.7,E:11.10,P_count_eq_1,P_count_eq_2,P_count_eq_3,B_count_eq_1,B_count_2_3,B_count_4_5,B_count_6_8,E_count_eq_1,E_count_eq_2,P_B_count,P_E_count,B_E_count",26,261
additive_head,239,0.3938536949647677,0.46463599897579044,0.7657185184543077,"intercept,P:9.9,P:9.6,P:10.0,B:9.0,B:9.7,B:10.1,B:10.2,B:10.6,B:10.10,B:11.2,B:11.9,E:10.7,E:11.10",14,262
count_additive,239,0.39751005919887294,0.4702479779608465,0.7600249308886354,"intercept,P:9.9,P:9.6,P:10.0,B:9.0,B:9.7,B:10.1,B:10.2,B:10.6,B:10.10,B:11.2,B:11.9,E:10.7,E:11.10,P_count_eq_1,P_count_eq_2,P_count_eq_3,B_count_eq_1,B_count_2_3,B_count_4_5,B_count_6_8,E_count_eq_1,E_count_eq_2",23,262
count_plus_PB_count,239,0.3870517157432005,0.45063015853767635,0.7796298541439894,"intercept,P:9.9,P:9.6,P:10.0,B:9.0,B:9.7,B:10.1,B:10.2,B:10.6,B:10.10,B:11.2,B:11.9,E:10.7,E:11.10,P_count_eq_1,P_count_eq_2,P_count_eq_3,B_count_eq_1,B_count_2_3,B_count_4_5,B_count_6_8,E_count_eq_1,E_count_eq_2,P_B_count",24,262
count_plus_PE_count,239,0.2630815412579523,0.31881666383038976,0.8896952339932578,"intercept,P:9.9,P:9.6,P:10.0,B:9.0,B:9.7,B:10.1,B:10.2,B:10.6,B:10.10,B:11.2,B:11.9,E:10.7,E:11.10,P_count_eq_1,P_count_eq_2,P_count_eq_3,B_count_eq_1,B_count_2_3,B_count_4_5,B_count_6_8,E_count_eq_1,E_count_eq_2,P_E_count",24,262
count_plus_BE_count,239,0.39489354386108183,0.4652316803013111,0.7651174175383963,"intercept,P:9.9,P:9.6,P:10.0,B:9.0,B:9.7,B:10.1,B:10.2,B:10.6,B:10.10,B:11.2,B:11.9,E:10.7,E:11.10,P_count_eq_1,P_count_eq_2,P_count_eq_3,B_count_eq_1,B_count_2_3,B_count_4_5,B_count_6_8,E_count_eq_1,E_count_eq_2,B_E_count",24,262
count_plus_all_pairs,239,0.235013143401452,0.29019752233109636,0.9086097948570915,"intercept,P:9.9,P:9.6,P:10.0,B:9.0,B:9.7,B:10.1,B:10.2,B:10.6,B:10.10,B:11.2,B:11.9,E:10.7,E:11.10,P_count_eq_1,P_count_eq_2,P_count_eq_3,B_count_eq_1,B_count_2_3,B_count_4_5,B_count_6_8,E_count_eq_1,E_count_eq_2,P_B_count,P_E_count,B_E_count",26,262
additive_head,239,0.3664206582974061,0.43318442689903813,0.7776030224264316,"intercept,P:9.9,P:9.6,P:10.0,B:9.0,B:9.7,B:10.1,B:10.2,B:10.6,B:10.10,B:11.2,B:11.9,E:10.7,E:11.10",14,263
count_additive,239,0.3686872102330632,0.43652546497448164,0.7741592135189193,"intercept,P:9.9,P:9.6,P:10.0,B:9.0,B:9.7,B:10.1,B:10.2,B:10.6,B:10.10,B:11.2,B:11.9,E:10.7,E:11.10,P_count_eq_1,P_count_eq_2,P_count_eq_3,B_count_eq_1,B_count_2_3,B_count_4_5,B_count_6_8,E_count_eq_1,E_count_eq_2",23,263
count_plus_PB_count,239,0.3585229112416396,0.41746999442563393,0.7934459368026084,"intercept,P:9.9,P:9.6,P:10.0,B:9.0,B:9.7,B:10.1,B:10.2,B:10.6,B:10.10,B:11.2,B:11.9,E:10.7,E:11.10,P_count_eq_1,P_count_eq_2,P_count_eq_3,B_count_eq_1,B_count_2_3,B_count_4_5,B_count_6_8,E_count_eq_1,E_count_eq_2,P_B_count",24,263
count_plus_PE_count,239,0.24521699960328908,0.29733601696338097,0.8952200349614792,"intercept,P:9.9,P:9.6,P:10.0,B:9.0,B:9.7,B:10.1,B:10.2,B:10.6,B:10.10,B:11.2,B:11.9,E:10.7,E:11.10,P_count_eq_1,P_count_eq_2,P_count_eq_3,B_count_eq_1,B_count_2_3,B_count_4_5,B_count_6_8,E_count_eq_1,E_count_eq_2,P_E_count",24,263
count_plus_BE_count,239,0.3657387834157092,0.43222328810131055,0.7785888253037304,"intercept,P:9.9,P:9.6,P:10.0,B:9.0,B:9.7,B:10.1,B:10.2,B:10.6,B:10.10,B:11.2,B:11.9,E:10.7,E:11.10,P_count_eq_1,P_count_eq_2,P_count_eq_3,B_count_eq_1,B_count_2_3,B_count_4_5,B_count_6_8,E_count_eq_1,E_count_eq_2,B_E_count",24,263
count_plus_all_pairs,239,0.21930139560387746,0.2701365357533159,0.9135131932172744,"intercept,P:9.9,P:9.6,P:10.0,B:9.0,B:9.7,B:10.1,B:10.2,B:10.6,B:10.10,B:11.2,B:11.9,E:10.7,E:11.10,P_count_eq_1,P_count_eq_2,P_count_eq_3,B_count_eq_1,B_count_2_3,B_count_4_5,B_count_6_8,E_count_eq_1,E_count_eq_2,P_B_count,P_E_count,B_E_count",26,263
additive_head,239,0.3941420884478559,0.4618421258181736,0.7605578004911719,"intercept,P:9.9,P:9.6,P:10.0,B:9.0,B:9.7,B:10.1,B:10.2,B:10.6,B:10.10,B:11.2,B:11.9,E:10.7,E:11.10",14,264
count_additive,239,0.39813610114433623,0.467604250806808,0.7545457776842094,"intercept,P:9.9,P:9.6,P:10.0,B:9.0,B:9.7,B:10.1,B:10.2,B:10.6,B:10.10,B:11.2,B:11.9,E:10.7,E:11.10,P_count_eq_1,P_count_eq_2,P_count_eq_3,B_count_eq_1,B_count_2_3,B_count_4_5,B_count_6_8,E_count_eq_1,E_count_eq_2",23,264
count_plus_PB_count,239,0.3901533910049724,0.45059452190662125,0.7720784334537849,"intercept,P:9.9,P:9.6,P:10.0,B:9.0,B:9.7,B:10.1,B:10.2,B:10.6,B:10.10,B:11.2,B:11.9,E:10.7,E:11.10,P_count_eq_1,P_count_eq_2,P_count_eq_3,B_count_eq_1,B_count_2_3,B_count_4_5,B_count_6_8,E_count_eq_1,E_count_eq_2,P_B_count",24,264
count_plus_PE_count,239,0.2623576589729493,0.317344798354757,0.8869484881763454,"intercept,P:9.9,P:9.6,P:10.0,B:9.0,B:9.7,B:10.1,B:10.2,B:10.6,B:10.10,B:11.2,B:11.9,E:10.7,E:11.10,P_count_eq_1,P_count_eq_2,P_count_eq_3,B_count_eq_1,B_count_2_3,B_count_4_5,B_count_6_8,E_count_eq_1,E_count_eq_2,P_E_count",24,264
count_plus_BE_count,239,0.39708365158047704,0.4628423943418247,0.7595194982385383,"intercept,P:9.9,P:9.6,P:10.0,B:9.0,B:9.7,B:10.1,B:10.2,B:10.6,B:10.10,B:11.2,B:11.9,E:10.7,E:11.10,P_count_eq_1,P_count_eq_2,P_count_eq_3,B_count_eq_1,B_count_2_3,B_count_4_5,B_count_6_8,E_count_eq_1,E_count_eq_2,B_E_count",24,264
count_plus_all_pairs,239,0.2370264544754652,0.29258690012541055,0.9039000057448855,"intercept,P:9.9,P:9.6,P:10.0,B:9.0,B:9.7,B:10.1,B:10.2,B:10.6,B:10.10,B:11.2,B:11.9,E:10.7,E:11.10,P_count_eq_1,P_count_eq_2,P_count_eq_3,B_count_eq_1,B_count_2_3,B_count_4_5,B_count_6_8,E_count_eq_1,E_count_eq_2,P_B_count,P_E_count,B_E_count",26,264
additive_head,239,0.3619282156681562,0.42763863393697554,0.7731774039993952,"intercept,P:9.9,P:9.6,P:10.0,B:9.0,B:9.7,B:10.1,B:10.2,B:10.6,B:10.10,B:11.2,B:11.9,E:10.7,E:11.10",14,265
count_additive,239,0.3643281898538485,0.43203679856509536,0.7684877754303209,"intercept,P:9.9,P:9.6,P:10.0,B:9.0,B:9.7,B:10.1,B:10.2,B:10.6,B:10.10,B:11.2,B:11.9,E:10.7,E:11.10,P_count_eq_1,P_count_eq_2,P_count_eq_3,B_count_eq_1,B_count_2_3,B_count_4_5,B_count_6_8,E_count_eq_1,E_count_eq_2",23,265
count_plus_PB_count,239,0.35521661824532846,0.41462884428193403,0.7867684460561875,"intercept,P:9.9,P:9.6,P:10.0,B:9.0,B:9.7,B:10.1,B:10.2,B:10.6,B:10.10,B:11.2,B:11.9,E:10.7,E:11.10,P_count_eq_1,P_count_eq_2,P_count_eq_3,B_count_eq_1,B_count_2_3,B_count_4_5,B_count_6_8,E_count_eq_1,E_count_eq_2,P_B_count",24,265
count_plus_PE_count,239,0.2390844163235262,0.29132782123704387,0.8947320001147518,"intercept,P:9.9,P:9.6,P:10.0,B:9.0,B:9.7,B:10.1,B:10.2,B:10.6,B:10.10,B:11.2,B:11.9,E:10.7,E:11.10,P_count_eq_1,P_count_eq_2,P_count_eq_3,B_count_eq_1,B_count_2_3,B_count_4_5,B_count_6_8,E_count_eq_1,E_count_eq_2,P_E_count",24,265
count_plus_BE_count,239,0.3602988631869923,0.42544293310641257,0.7755006552187449,"intercept,P:9.9,P:9.6,P:10.0,B:9.0,B:9.7,B:10.1,B:10.2,B:10.6,B:10.10,B:11.2,B:11.9,E:10.7,E:11.10,P_count_eq_1,P_count_eq_2,P_count_eq_3,B_count_eq_1,B_count_2_3,B_count_4_5,B_count_6_8,E_count_eq_1,E_count_eq_2,B_E_count",24,265
count_plus_all_pairs,239,0.21300562233466763,0.2635327372773416,0.9138606489526586,"intercept,P:9.9,P:9.6,P:10.0,B:9.0,B:9.7,B:10.1,B:10.2,B:10.6,B:10.10,B:11.2,B:11.9,E:10.7,E:11.10,P_count_eq_1,P_count_eq_2,P_count_eq_3,B_count_eq_1,B_count_2_3,B_count_4_5,B_count_6_8,E_count_eq_1,E_count_eq_2,P_B_count,P_E_count,B_E_count",26,265
additive_head,239,0.3919482711974413,0.462186619362287,0.7519427650269064,"intercept,P:9.9,P:9.6,P:10.0,B:9.0,B:9.7,B:10.1,B:10.2,B:10.6,B:10.10,B:11.2,B:11.9,E:10.7,E:11.10",14,266
count_additive,239,0.39529813906034084,0.4675331960107061,0.7461705161675329,"intercept,P:9.9,P:9.6,P:10.0,B:9.0,B:9.7,B:10.1,B:10.2,B:10.6,B:10.10,B:11.2,B:11.9,E:10.7,E:11.10,P_count_eq_1,P_count_eq_2,P_count_eq_3,B_count_eq_1,B_count_2_3,B_count_4_5,B_count_6_8,E_count_eq_1,E_count_eq_2",23,266
count_plus_PB_count,239,0.38530082123924014,0.4478838173653657,0.7670579440476768,"intercept,P:9.9,P:9.6,P:10.0,B:9.0,B:9.7,B:10.1,B:10.2,B:10.6,B:10.10,B:11.2,B:11.9,E:10.7,E:11.10,P_count_eq_1,P_count_eq_2,P_count_eq_3,B_count_eq_1,B_count_2_3,B_count_4_5,B_count_6_8,E_count_eq_1,E_count_eq_2,P_B_count",24,266
count_plus_PE_count,239,0.2637532626093066,0.32023712841018653,0.8809140494468426,"intercept,P:9.9,P:9.6,P:10.0,B:9.0,B:9.7,B:10.1,B:10.2,B:10.6,B:10.10,B:11.2,B:11.9,E:10.7,E:11.10,P_count_eq_1,P_count_eq_2,P_count_eq_3,B_count_eq_1,B_count_2_3,B_count_4_5,B_count_6_8,E_count_eq_1,E_count_eq_2,P_E_count",24,266
count_plus_BE_count,239,0.3919425837422332,0.46228889737190737,0.7518329669220962,"intercept,P:9.9,P:9.6,P:10.0,B:9.0,B:9.7,B:10.1,B:10.2,B:10.6,B:10.10,B:11.2,B:11.9,E:10.7,E:11.10,P_count_eq_1,P_count_eq_2,P_count_eq_3,B_count_eq_1,B_count_2_3,B_count_4_5,B_count_6_8,E_count_eq_1,E_count_eq_2,B_E_count",24,266
count_plus_all_pairs,239,0.2363098634174003,0.29163175510469674,0.9012387029115319,"intercept,P:9.9,P:9.6,P:10.0,B:9.0,B:9.7,B:10.1,B:10.2,B:10.6,B:10.10,B:11.2,B:11.9,E:10.7,E:11.10,P_count_eq_1,P_count_eq_2,P_count_eq_3,B_count_eq_1,B_count_2_3,B_count_4_5,B_count_6_8,E_count_eq_1,E_count_eq_2,P_B_count,P_E_count,B_E_count",26,266
additive_head,239,0.3781446908000107,0.44656587971403566,0.7582709062377175,"intercept,P:9.9,P:9.6,P:10.0,B:9.0,B:9.7,B:10.1,B:10.2,B:10.6,B:10.10,B:11.2,B:11.9,E:10.7,E:11.10",14,267
count_additive,239,0.38152103466469545,0.45173275867288065,0.7526448136065709,"intercept,P:9.9,P:9.6,P:10.0,B:9.0,B:9.7,B:10.1,B:10.2,B:10.6,B:10.10,B:11.2,B:11.9,E:10.7,E:11.10,P_count_eq_1,P_count_eq_2,P_count_eq_3,B_count_eq_1,B_count_2_3,B_count_4_5,B_count_6_8,E_count_eq_1,E_count_eq_2",23,267
count_plus_PB_count,239,0.37179178993879286,0.43271305081797135,0.7730355504430031,"intercept,P:9.9,P:9.6,P:10.0,B:9.0,B:9.7,B:10.1,B:10.2,B:10.6,B:10.10,B:11.2,B:11.9,E:10.7,E:11.10,P_count_eq_1,P_count_eq_2,P_count_eq_3,B_count_eq_1,B_count_2_3,B_count_4_5,B_count_6_8,E_count_eq_1,E_count_eq_2,P_B_count",24,267
count_plus_PE_count,239,0.2547345506015708,0.3092677181876877,0.884061672939054,"intercept,P:9.9,P:9.6,P:10.0,B:9.0,B:9.7,B:10.1,B:10.2,B:10.6,B:10.10,B:11.2,B:11.9,E:10.7,E:11.10,P_count_eq_1,P_count_eq_2,P_count_eq_3,B_count_eq_1,B_count_2_3,B_count_4_5,B_count_6_8,E_count_eq_1,E_count_eq_2,P_E_count",24,267
count_plus_BE_count,239,0.3783925326262971,0.4461264516207967,0.7587464028988554,"intercept,P:9.9,P:9.6,P:10.0,B:9.0,B:9.7,B:10.1,B:10.2,B:10.6,B:10.10,B:11.2,B:11.9,E:10.7,E:11.10,P_count_eq_1,P_count_eq_2,P_count_eq_3,B_count_eq_1,B_count_2_3,B_count_4_5,B_count_6_8,E_count_eq_1,E_count_eq_2,B_E_count",24,267
count_plus_all_pairs,239,0.22749817875640582,0.28102105512782755,0.9042727529894619,"intercept,P:9.9,P:9.6,P:10.0,B:9.0,B:9.7,B:10.1,B:10.2,B:10.6,B:10.10,B:11.2,B:11.9,E:10.7,E:11.10,P_count_eq_1,P_count_eq_2,P_count_eq_3,B_count_eq_1,B_count_2_3,B_count_4_5,B_count_6_8,E_count_eq_1,E_count_eq_2,P_B_count,P_E_count,B_E_count",26,267
additive_head,239,0.39491946982369946,0.46359834721315724,0.7492670300480927,"intercept,P:9.9,P:9.6,P:10.0,B:9.0,B:9.7,B:10.1,B:10.2,B:10.6,B:10.10,B:11.2,B:11.9,E:10.7,E:11.10",14,268
count_additive,239,0.3987226878500633,0.46936344270922115,0.7429922566042579,"intercept,P:9.9,P:9.6,P:10.0,B:9.0,B:9.7,B:10.1,B:10.2,B:10.6,B:10.10,B:11.2,B:11.9,E:10.7,E:11.10,P_count_eq_1,P_count_eq_2,P_count_eq_3,B_count_eq_1,B_count_2_3,B_count_4_5,B_count_6_8,E_count_eq_1,E_count_eq_2",23,268
count_plus_PB_count,239,0.3895959851329631,0.4515143673729468,0.7621677001209325,"intercept,P:9.9,P:9.6,P:10.0,B:9.0,B:9.7,B:10.1,B:10.2,B:10.6,B:10.10,B:11.2,B:11.9,E:10.7,E:11.10,P_count_eq_1,P_count_eq_2,P_count_eq_3,B_count_eq_1,B_count_2_3,B_count_4_5,B_count_6_8,E_count_eq_1,E_count_eq_2,P_B_count",24,268
count_plus_PE_count,239,0.264090921654874,0.3192116340078214,0.8811264836523459,"intercept,P:9.9,P:9.6,P:10.0,B:9.0,B:9.7,B:10.1,B:10.2,B:10.6,B:10.10,B:11.2,B:11.9,E:10.7,E:11.10,P_count_eq_1,P_count_eq_2,P_count_eq_3,B_count_eq_1,B_count_2_3,B_count_4_5,B_count_6_8,E_count_eq_1,E_count_eq_2,P_E_count",24,268
count_plus_BE_count,239,0.3967639254673057,0.4641863551849624,0.7486305891081946,"intercept,P:9.9,P:9.6,P:10.0,B:9.0,B:9.7,B:10.1,B:10.2,B:10.6,B:10.10,B:11.2,B:11.9,E:10.7,E:11.10,P_count_eq_1,P_count_eq_2,P_count_eq_3,B_count_eq_1,B_count_2_3,B_count_4_5,B_count_6_8,E_count_eq_1,E_count_eq_2,B_E_count",24,268
count_plus_all_pairs,239,0.2375613706278398,0.292987663985657,0.8998556718671189,"intercept,P:9.9,P:9.6,P:10.0,B:9.0,B:9.7,B:10.1,B:10.2,B:10.6,B:10.10,B:11.2,B:11.9,E:10.7,E:11.10,P_count_eq_1,P_count_eq_2,P_count_eq_3,B_count_eq_1,B_count_2_3,B_count_4_5,B_count_6_8,E_count_eq_1,E_count_eq_2,P_B_count,P_E_count,B_E_count",26,268
additive_head,239,0.3813213788122823,0.4511704048978624,0.7641251023505796,"intercept,P:9.9,P:9.6,P:10.0,B:9.0,B:9.7,B:10.1,B:10.2,B:10.6,B:10.10,B:11.2,B:11.9,E:10.7,E:11.10",14,269
count_additive,239,0.3840141667707403,0.4556522380449199,0.7594155616216323,"intercept,P:9.9,P:9.6,P:10.0,B:9.0,B:9.7,B:10.1,B:10.2,B:10.6,B:10.10,B:11.2,B:11.9,E:10.7,E:11.10,P_count_eq_1,P_count_eq_2,P_count_eq_3,B_count_eq_1,B_count_2_3,B_count_4_5,B_count_6_8,E_count_eq_1,E_count_eq_2",23,269
count_plus_PB_count,239,0.3732140564321924,0.43516686134753496,0.780561842252004,"intercept,P:9.9,P:9.6,P:10.0,B:9.0,B:9.7,B:10.1,B:10.2,B:10.6,B:10.10,B:11.2,B:11.9,E:10.7,E:11.10,P_count_eq_1,P_count_eq_2,P_count_eq_3,B_count_eq_1,B_count_2_3,B_count_4_5,B_count_6_8,E_count_eq_1,E_count_eq_2,P_B_count",24,269
count_plus_PE_count,239,0.2587881255685405,0.3140593043636918,0.8857058911195819,"intercept,P:9.9,P:9.6,P:10.0,B:9.0,B:9.7,B:10.1,B:10.2,B:10.6,B:10.10,B:11.2,B:11.9,E:10.7,E:11.10,P_count_eq_1,P_count_eq_2,P_count_eq_3,B_count_eq_1,B_count_2_3,B_count_4_5,B_count_6_8,E_count_eq_1,E_count_eq_2,P_E_count",24,269
count_plus_BE_count,239,0.3802514816780961,0.4501437334411579,0.7651973823088348,"intercept,P:9.9,P:9.6,P:10.0,B:9.0,B:9.7,B:10.1,B:10.2,B:10.6,B:10.10,B:11.2,B:11.9,E:10.7,E:11.10,P_count_eq_1,P_count_eq_2,P_count_eq_3,B_count_eq_1,B_count_2_3,B_count_4_5,B_count_6_8,E_count_eq_1,E_count_eq_2,B_E_count",24,269
count_plus_all_pairs,239,0.23018862585563685,0.2841751752507166,0.9064222087637168,"intercept,P:9.9,P:9.6,P:10.0,B:9.0,B:9.7,B:10.1,B:10.2,B:10.6,B:10.10,B:11.2,B:11.9,E:10.7,E:11.10,P_count_eq_1,P_count_eq_2,P_count_eq_3,B_count_eq_1,B_count_2_3,B_count_4_5,B_count_6_8,E_count_eq_1,E_count_eq_2,P_B_count,P_E_count,B_E_count",26,269
additive_head,239,0.3971549057738911,0.4654036259409759,0.7564197045063734,"intercept,P:9.9,P:9.6,P:10.0,B:9.0,B:9.7,B:10.1,B:10.2,B:10.6,B:10.10,B:11.2,B:11.9,E:10.7,E:11.10",14,270
count_additive,239,0.40052750014996774,0.47094183456021277,0.7505881001940384,"intercept,P:9.9,P:9.6,P:10.0,B:9.0,B:9.7,B:10.1,B:10.2,B:10.6,B:10.10,B:11.2,B:11.9,E:10.7,E:11.10,P_count_eq_1,P_count_eq_2,P_count_eq_3,B_count_eq_1,B_count_2_3,B_count_4_5,B_count_6_8,E_count_eq_1,E_count_eq_2",23,270
count_plus_PB_count,239,0.39235851617967377,0.45382729639054514,0.7683865073190379,"intercept,P:9.9,P:9.6,P:10.0,B:9.0,B:9.7,B:10.1,B:10.2,B:10.6,B:10.10,B:11.2,B:11.9,E:10.7,E:11.10,P_count_eq_1,P_count_eq_2,P_count_eq_3,B_count_eq_1,B_count_2_3,B_count_4_5,B_count_6_8,E_count_eq_1,E_count_eq_2,P_B_count",24,270
count_plus_PE_count,239,0.26312483306647455,0.31862851931062225,0.8858300216622335,"intercept,P:9.9,P:9.6,P:10.0,B:9.0,B:9.7,B:10.1,B:10.2,B:10.6,B:10.10,B:11.2,B:11.9,E:10.7,E:11.10,P_count_eq_1,P_count_eq_2,P_count_eq_3,B_count_eq_1,B_count_2_3,B_count_4_5,B_count_6_8,E_count_eq_1,E_count_eq_2,P_E_count",24,270
count_plus_BE_count,239,0.3986870774406043,0.4658796379324287,0.7559211848125623,"intercept,P:9.9,P:9.6,P:10.0,B:9.0,B:9.7,B:10.1,B:10.2,B:10.6,B:10.10,B:11.2,B:11.9,E:10.7,E:11.10,P_count_eq_1,P_count_eq_2,P_count_eq_3,B_count_eq_1,B_count_2_3,B_count_4_5,B_count_6_8,E_count_eq_1,E_count_eq_2,B_E_count",24,270
count_plus_all_pairs,239,0.23750165936139367,0.2934379986416562,0.9031687960208411,"intercept,P:9.9,P:9.6,P:10.0,B:9.0,B:9.7,B:10.1,B:10.2,B:10.6,B:10.10,B:11.2,B:11.9,E:10.7,E:11.10,P_count_eq_1,P_count_eq_2,P_count_eq_3,B_count_eq_1,B_count_2_3,B_count_4_5,B_count_6_8,E_count_eq_1,E_count_eq_2,P_B_count,P_E_count,B_E_count",26,270
additive_head,239,0.38378643896414,0.45545621926553337,0.7687698735125459,"intercept,P:9.9,P:9.6,P:10.0,B:9.0,B:9.7,B:10.1,B:10.2,B:10.6,B:10.10,B:11.2,B:11.9,E:10.7,E:11.10",14,271
count_additive,239,0.3870652318042132,0.4601261679311966,0.7640038006270157,"intercept,P:9.9,P:9.6,P:10.0,B:9.0,B:9.7,B:10.1,B:10.2,B:10.6,B:10.10,B:11.2,B:11.9,E:10.7,E:11.10,P_count_eq_1,P_count_eq_2,P_count_eq_3,B_count_eq_1,B_count_2_3,B_count_4_5,B_count_6_8,E_count_eq_1,E_count_eq_2",23,271
count_plus_PB_count,239,0.3758506436376782,0.4390805453737079,0.7850984572867149,"intercept,P:9.9,P:9.6,P:10.0,B:9.0,B:9.7,B:10.1,B:10.2,B:10.6,B:10.10,B:11.2,B:11.9,E:10.7,E:11.10,P_count_eq_1,P_count_eq_2,P_count_eq_3,B_count_eq_1,B_count_2_3,B_count_4_5,B_count_6_8,E_count_eq_1,E_count_eq_2,P_B_count",24,271
count_plus_PE_count,239,0.2583737862968209,0.3145393216428796,0.8897189138241279,"intercept,P:9.9,P:9.6,P:10.0,B:9.0,B:9.7,B:10.1,B:10.2,B:10.6,B:10.10,B:11.2,B:11.9,E:10.7,E:11.10,P_count_eq_1,P_count_eq_2,P_count_eq_3,B_count_eq_1,B_count_2_3,B_count_4_5,B_count_6_8,E_count_eq_1,E_count_eq_2,P_E_count",24,271
count_plus_BE_count,239,0.3836932840131096,0.4549281184539153,0.7693057846165808,"intercept,P:9.9,P:9.6,P:10.0,B:9.0,B:9.7,B:10.1,B:10.2,B:10.6,B:10.10,B:11.2,B:11.9,E:10.7,E:11.10,P_count_eq_1,P_count_eq_2,P_count_eq_3,B_count_eq_1,B_count_2_3,B_count_4_5,B_count_6_8,E_count_eq_1,E_count_eq_2,B_E_count",24,271
count_plus_all_pairs,239,0.2298263181753083,0.2841523459106686,0.9099976944013615,"intercept,P:9.9,P:9.6,P:10.0,B:9.0,B:9.7,B:10.1,B:10.2,B:10.6,B:10.10,B:11.2,B:11.9,E:10.7,E:11.10,P_count_eq_1,P_count_eq_2,P_count_eq_3,B_count_eq_1,B_count_2_3,B_count_4_5,B_count_6_8,E_count_eq_1,E_count_eq_2,P_B_count,P_E_count,B_E_count",26,271
additive_head,239,0.39852753546228575,0.4713786202139294,0.7513360002153193,"intercept,P:9.9,P:9.6,P:10.0,B:9.0,B:9.7,B:10.1,B:10.2,B:10.6,B:10.10,B:11.2,B:11.9,E:10.7,E:11.10",14,272
count_additive,239,0.40188651246072216,0.47632648191873955,0.7460883615362374,"intercept,P:9.9,P:9.6,P:10.0,B:9.0,B:9.7,B:10.1,B:10.2,B:10.6,B:10.10,B:11.2,B:11.9,E:10.7,E:11.10,P_count_eq_1,P_count_eq_2,P_count_eq_3,B_count_eq_1,B_count_2_3,B_count_4_5,B_count_6_8,E_count_eq_1,E_count_eq_2",23,272
count_plus_PB_count,239,0.39185403562495674,0.45703561640089474,0.7662383604949627,"intercept,P:9.9,P:9.6,P:10.0,B:9.0,B:9.7,B:10.1,B:10.2,B:10.6,B:10.10,B:11.2,B:11.9,E:10.7,E:11.10,P_count_eq_1,P_count_eq_2,P_count_eq_3,B_count_eq_1,B_count_2_3,B_count_4_5,B_count_6_8,E_count_eq_1,E_count_eq_2,P_B_count",24,272
count_plus_PE_count,239,0.26628003271858164,0.3232007864495225,0.883099068668275,"intercept,P:9.9,P:9.6,P:10.0,B:9.0,B:9.7,B:10.1,B:10.2,B:10.6,B:10.10,B:11.2,B:11.9,E:10.7,E:11.10,P_count_eq_1,P_count_eq_2,P_count_eq_3,B_count_eq_1,B_count_2_3,B_count_4_5,B_count_6_8,E_count_eq_1,E_count_eq_2,P_E_count",24,272
count_plus_BE_count,239,0.39834303646637836,0.47063621757269464,0.752118655289312,"intercept,P:9.9,P:9.6,P:10.0,B:9.0,B:9.7,B:10.1,B:10.2,B:10.6,B:10.10,B:11.2,B:11.9,E:10.7,E:11.10,P_count_eq_1,P_count_eq_2,P_count_eq_3,B_count_eq_1,B_count_2_3,B_count_4_5,B_count_6_8,E_count_eq_1,E_count_eq_2,B_E_count",24,272
count_plus_all_pairs,239,0.23854716301734552,0.29429146603397427,0.9030766335123327,"intercept,P:9.9,P:9.6,P:10.0,B:9.0,B:9.7,B:10.1,B:10.2,B:10.6,B:10.10,B:11.2,B:11.9,E:10.7,E:11.10,P_count_eq_1,P_count_eq_2,P_count_eq_3,B_count_eq_1,B_count_2_3,B_count_4_5,B_count_6_8,E_count_eq_1,E_count_eq_2,P_B_count,P_E_count,B_E_count",26,272
additive_head,239,0.38822156307809924,0.4585467951298081,0.748115569498025,"intercept,P:9.9,P:9.6,P:10.0,B:9.0,B:9.7,B:10.1,B:10.2,B:10.6,B:10.10,B:11.2,B:11.9,E:10.7,E:11.10",14,273
count_additive,239,0.39153599917493187,0.46407716224769496,0.7420031565352828,"intercept,P:9.9,P:9.6,P:10.0,B:9.0,B:9.7,B:10.1,B:10.2,B:10.6,B:10.10,B:11.2,B:11.9,E:10.7,E:11.10,P_count_eq_1,P_count_eq_2,P_count_eq_3,B_count_eq_1,B_count_2_3,B_count_4_5,B_count_6_8,E_count_eq_1,E_count_eq_2",23,273
count_plus_PB_count,239,0.3818674433396908,0.4452098882996961,0.7625546865841972,"intercept,P:9.9,P:9.6,P:10.0,B:9.0,B:9.7,B:10.1,B:10.2,B:10.6,B:10.10,B:11.2,B:11.9,E:10.7,E:11.10,P_count_eq_1,P_count_eq_2,P_count_eq_3,B_count_eq_1,B_count_2_3,B_count_4_5,B_count_6_8,E_count_eq_1,E_count_eq_2,P_B_count",24,273
count_plus_PE_count,239,0.26106964211240147,0.31641786299363167,0.8800622257814817,"intercept,P:9.9,P:9.6,P:10.0,B:9.0,B:9.7,B:10.1,B:10.2,B:10.6,B:10.10,B:11.2,B:11.9,E:10.7,E:11.10,P_count_eq_1,P_count_eq_2,P_count_eq_3,B_count_eq_1,B_count_2_3,B_count_4_5,B_count_6_8,E_count_eq_1,E_count_eq_2,P_E_count",24,273
count_plus_BE_count,239,0.38845170137504853,0.4581293527149427,0.7485739714982449,"intercept,P:9.9,P:9.6,P:10.0,B:9.0,B:9.7,B:10.1,B:10.2,B:10.6,B:10.10,B:11.2,B:11.9,E:10.7,E:11.10,P_count_eq_1,P_count_eq_2,P_count_eq_3,B_count_eq_1,B_count_2_3,B_count_4_5,B_count_6_8,E_count_eq_1,E_count_eq_2,B_E_count",24,273
count_plus_all_pairs,239,0.23337213750977936,0.28778599146731754,0.9007859224533622,"intercept,P:9.9,P:9.6,P:10.0,B:9.0,B:9.7,B:10.1,B:10.2,B:10.6,B:10.10,B:11.2,B:11.9,E:10.7,E:11.10,P_count_eq_1,P_count_eq_2,P_count_eq_3,B_count_eq_1,B_count_2_3,B_count_4_5,B_count_6_8,E_count_eq_1,E_count_eq_2,P_B_count,P_E_count,B_E_count",26,273
additive_head,239,0.3734453426379186,0.4433493931172075,0.7712049230684493,"intercept,P:9.9,P:9.6,P:10.0,B:9.0,B:9.7,B:10.1,B:10.2,B:10.6,B:10.10,B:11.2,B:11.9,E:10.7,E:11.10",14,274
count_additive,239,0.37593908343181953,0.44781918539105514,0.766568301569295,"intercept,P:9.9,P:9.6,P:10.0,B:9.0,B:9.7,B:10.1,B:10.2,B:10.6,B:10.10,B:11.2,B:11.9,E:10.7,E:11.10,P_count_eq_1,P_count_eq_2,P_count_eq_3,B_count_eq_1,B_count_2_3,B_count_4_5,B_count_6_8,E_count_eq_1,E_count_eq_2",23,274
count_plus_PB_count,239,0.3653354899086165,0.4280128569698766,0.7867602972487229,"intercept,P:9.9,P:9.6,P:10.0,B:9.0,B:9.7,B:10.1,B:10.2,B:10.6,B:10.10,B:11.2,B:11.9,E:10.7,E:11.10,P_count_eq_1,P_count_eq_2,P_count_eq_3,B_count_eq_1,B_count_2_3,B_count_4_5,B_count_6_8,E_count_eq_1,E_count_eq_2,P_B_count",24,274
count_plus_PE_count,239,0.2507103055903171,0.30547821399427494,0.8913787179810501,"intercept,P:9.9,P:9.6,P:10.0,B:9.0,B:9.7,B:10.1,B:10.2,B:10.6,B:10.10,B:11.2,B:11.9,E:10.7,E:11.10,P_count_eq_1,P_count_eq_2,P_count_eq_3,B_count_eq_1,B_count_2_3,B_count_4_5,B_count_6_8,E_count_eq_1,E_count_eq_2,P_E_count",24,274
count_plus_BE_count,239,0.3716522308933394,0.44182248185250067,0.77277816619941,"intercept,P:9.9,P:9.6,P:10.0,B:9.0,B:9.7,B:10.1,B:10.2,B:10.6,B:10.10,B:11.2,B:11.9,E:10.7,E:11.10,P_count_eq_1,P_count_eq_2,P_count_eq_3,B_count_eq_1,B_count_2_3,B_count_4_5,B_count_6_8,E_count_eq_1,E_count_eq_2,B_E_count",24,274
count_plus_all_pairs,239,0.22296721672846148,0.27546296251493396,0.9116755653107291,"intercept,P:9.9,P:9.6,P:10.0,B:9.0,B:9.7,B:10.1,B:10.2,B:10.6,B:10.10,B:11.2,B:11.9,E:10.7,E:11.10,P_count_eq_1,P_count_eq_2,P_count_eq_3,B_count_eq_1,B_count_2_3,B_count_4_5,B_count_6_8,E_count_eq_1,E_count_eq_2,P_B_count,P_E_count,B_E_count",26,274
additive_head,239,0.40106084206454196,0.47073998974526493,0.7471324006805631,"intercept,P:9.9,P:9.6,P:10.0,B:9.0,B:9.7,B:10.1,B:10.2,B:10.6,B:10.10,B:11.2,B:11.9,E:10.7,E:11.10",14,275
count_additive,239,0.40532189651296713,0.4768073495647436,0.7405719803471011,"intercept,P:9.9,P:9.6,P:10.0,B:9.0,B:9.7,B:10.1,B:10.2,B:10.6,B:10.10,B:11.2,B:11.9,E:10.7,E:11.10,P_count_eq_1,P_count_eq_2,P_count_eq_3,B_count_eq_1,B_count_2_3,B_count_4_5,B_count_6_8,E_count_eq_1,E_count_eq_2",23,275
count_plus_PB_count,239,0.39539277977656495,0.45718565510076176,0.7614847296256064,"intercept,P:9.9,P:9.6,P:10.0,B:9.0,B:9.7,B:10.1,B:10.2,B:10.6,B:10.10,B:11.2,B:11.9,E:10.7,E:11.10,P_count_eq_1,P_count_eq_2,P_count_eq_3,B_count_eq_1,B_count_2_3,B_count_4_5,B_count_6_8,E_count_eq_1,E_count_eq_2,P_B_count",24,275
count_plus_PE_count,239,0.2718891817356837,0.32829542199345263,0.87701259117032,"intercept,P:9.9,P:9.6,P:10.0,B:9.0,B:9.7,B:10.1,B:10.2,B:10.6,B:10.10,B:11.2,B:11.9,E:10.7,E:11.10,P_count_eq_1,P_count_eq_2,P_count_eq_3,B_count_eq_1,B_count_2_3,B_count_4_5,B_count_6_8,E_count_eq_1,E_count_eq_2,P_E_count",24,275
count_plus_BE_count,239,0.4025456061087137,0.4719067193827179,0.7458773820176374,"intercept,P:9.9,P:9.6,P:10.0,B:9.0,B:9.7,B:10.1,B:10.2,B:10.6,B:10.10,B:11.2,B:11.9,E:10.7,E:11.10,P_count_eq_1,P_count_eq_2,P_count_eq_3,B_count_eq_1,B_count_2_3,B_count_4_5,B_count_6_8,E_count_eq_1,E_count_eq_2,B_E_count",24,275
count_plus_all_pairs,239,0.24394196089399986,0.3003390539134342,0.8970670036546775,"intercept,P:9.9,P:9.6,P:10.0,B:9.0,B:9.7,B:10.1,B:10.2,B:10.6,B:10.10,B:11.2,B:11.9,E:10.7,E:11.10,P_count_eq_1,P_count_eq_2,P_count_eq_3,B_count_eq_1,B_count_2_3,B_count_4_5,B_count_6_8,E_count_eq_1,E_count_eq_2,P_B_count,P_E_count,B_E_count",26,275
additive_head,239,0.38589593067555694,0.4560573831540685,0.7639417301227415,"intercept,P:9.9,P:9.6,P:10.0,B:9.0,B:9.7,B:10.1,B:10.2,B:10.6,B:10.10,B:11.2,B:11.9,E:10.7,E:11.10",14,276
count_additive,239,0.38898157484036966,0.46063708807728937,0.7591769556801179,"intercept,P:9.9,P:9.6,P:10.0,B:9.0,B:9.7,B:10.1,B:10.2,B:10.6,B:10.10,B:11.2,B:11.9,E:10.7,E:11.10,P_count_eq_1,P_count_eq_2,P_count_eq_3,B_count_eq_1,B_count_2_3,B_count_4_5,B_count_6_8,E_count_eq_1,E_count_eq_2",23,276
count_plus_PB_count,239,0.3788030185077161,0.44083765937113695,0.7794344843722057,"intercept,P:9.9,P:9.6,P:10.0,B:9.0,B:9.7,B:10.1,B:10.2,B:10.6,B:10.10,B:11.2,B:11.9,E:10.7,E:11.10,P_count_eq_1,P_count_eq_2,P_count_eq_3,B_count_eq_1,B_count_2_3,B_count_4_5,B_count_6_8,E_count_eq_1,E_count_eq_2,P_B_count",24,276
count_plus_PE_count,239,0.2582709735542057,0.31381490573594945,0.8882294536040753,"intercept,P:9.9,P:9.6,P:10.0,B:9.0,B:9.7,B:10.1,B:10.2,B:10.6,B:10.10,B:11.2,B:11.9,E:10.7,E:11.10,P_count_eq_1,P_count_eq_2,P_count_eq_3,B_count_eq_1,B_count_2_3,B_count_4_5,B_count_6_8,E_count_eq_1,E_count_eq_2,P_E_count",24,276
count_plus_BE_count,239,0.3858474734171111,0.4557255825956371,0.7642850894305507,"intercept,P:9.9,P:9.6,P:10.0,B:9.0,B:9.7,B:10.1,B:10.2,B:10.6,B:10.10,B:11.2,B:11.9,E:10.7,E:11.10,P_count_eq_1,P_count_eq_2,P_count_eq_3,B_count_eq_1,B_count_2_3,B_count_4_5,B_count_6_8,E_count_eq_1,E_count_eq_2,B_E_count",24,276
count_plus_all_pairs,239,0.2308685914407591,0.28516246727048505,0.9077078070966578,"intercept,P:9.9,P:9.6,P:10.0,B:9.0,B:9.7,B:10.1,B:10.2,B:10.6,B:10.10,B:11.2,B:11.9,E:10.7,E:11.10,P_count_eq_1,P_count_eq_2,P_count_eq_3,B_count_eq_1,B_count_2_3,B_count_4_5,B_count_6_8,E_count_eq_1,E_count_eq_2,P_B_count,P_E_count,B_E_count",26,276
additive_head,239,0.39854957444557026,0.4748661466456036,0.7726467163477329,"intercept,P:9.9,P:9.6,P:10.0,B:9.0,B:9.7,B:10.1,B:10.2,B:10.6,B:10.10,B:11.2,B:11.9,E:10.7,E:11.10",14,277
count_additive,239,0.40181186091795673,0.4792768119015786,0.7684036838324091,"intercept,P:9.9,P:9.6,P:10.0,B:9.0,B:9.7,B:10.1,B:10.2,B:10.6,B:10.10,B:11.2,B:11.9,E:10.7,E:11.10,P_count_eq_1,P_count_eq_2,P_count_eq_3,B_count_eq_1,B_count_2_3,B_count_4_5,B_count_6_8,E_count_eq_1,E_count_eq_2",23,277
count_plus_PB_count,239,0.38812526755983645,0.4549081939186872,0.791355793152632,"intercept,P:9.9,P:9.6,P:10.0,B:9.0,B:9.7,B:10.1,B:10.2,B:10.6,B:10.10,B:11.2,B:11.9,E:10.7,E:11.10,P_count_eq_1,P_count_eq_2,P_count_eq_3,B_count_eq_1,B_count_2_3,B_count_4_5,B_count_6_8,E_count_eq_1,E_count_eq_2,P_B_count",24,277
count_plus_PE_count,239,0.27003423837268864,0.3287772926668174,0.8910160758072725,"intercept,P:9.9,P:9.6,P:10.0,B:9.0,B:9.7,B:10.1,B:10.2,B:10.6,B:10.10,B:11.2,B:11.9,E:10.7,E:11.10,P_count_eq_1,P_count_eq_2,P_count_eq_3,B_count_eq_1,B_count_2_3,B_count_4_5,B_count_6_8,E_count_eq_1,E_count_eq_2,P_E_count",24,277
count_plus_BE_count,239,0.3980886111124526,0.4744625927995174,0.7730329738529061,"intercept,P:9.9,P:9.6,P:10.0,B:9.0,B:9.7,B:10.1,B:10.2,B:10.6,B:10.10,B:11.2,B:11.9,E:10.7,E:11.10,P_count_eq_1,P_count_eq_2,P_count_eq_3,B_count_eq_1,B_count_2_3,B_count_4_5,B_count_6_8,E_count_eq_1,E_count_eq_2,B_E_count",24,277
count_plus_all_pairs,239,0.23833136983222644,0.2945854813527907,0.9125053517858532,"intercept,P:9.9,P:9.6,P:10.0,B:9.0,B:9.7,B:10.1,B:10.2,B:10.6,B:10.10,B:11.2,B:11.9,E:10.7,E:11.10,P_count_eq_1,P_count_eq_2,P_count_eq_3,B_count_eq_1,B_count_2_3,B_count_4_5,B_count_6_8,E_count_eq_1,E_count_eq_2,P_B_count,P_E_count,B_E_count",26,277
additive_head,239,0.38511356348602144,0.4542841289016707,0.7468641672566159,"intercept,P:9.9,P:9.6,P:10.0,B:9.0,B:9.7,B:10.1,B:10.2,B:10.6,B:10.10,B:11.2,B:11.9,E:10.7,E:11.10",14,278
count_additive,239,0.3887841125396829,0.45922804135447165,0.7413245009258107,"intercept,P:9.9,P:9.6,P:10.0,B:9.0,B:9.7,B:10.1,B:10.2,B:10.6,B:10.10,B:11.2,B:11.9,E:10.7,E:11.10,P_count_eq_1,P_count_eq_2,P_count_eq_3,B_count_eq_1,B_count_2_3,B_count_4_5,B_count_6_8,E_count_eq_1,E_count_eq_2",23,278
count_plus_PB_count,239,0.3795236652773801,0.4409610081294533,0.7614942382263881,"intercept,P:9.9,P:9.6,P:10.0,B:9.0,B:9.7,B:10.1,B:10.2,B:10.6,B:10.10,B:11.2,B:11.9,E:10.7,E:11.10,P_count_eq_1,P_count_eq_2,P_count_eq_3,B_count_eq_1,B_count_2_3,B_count_4_5,B_count_6_8,E_count_eq_1,E_count_eq_2,P_B_count",24,278
count_plus_PE_count,239,0.2566986292481461,0.311607452614342,0.8808993396153587,"intercept,P:9.9,P:9.6,P:10.0,B:9.0,B:9.7,B:10.1,B:10.2,B:10.6,B:10.10,B:11.2,B:11.9,E:10.7,E:11.10,P_count_eq_1,P_count_eq_2,P_count_eq_3,B_count_eq_1,B_count_2_3,B_count_4_5,B_count_6_8,E_count_eq_1,E_count_eq_2,P_E_count",24,278
count_plus_BE_count,239,0.3866375734077556,0.4546307258346222,0.7464777589853258,"intercept,P:9.9,P:9.6,P:10.0,B:9.0,B:9.7,B:10.1,B:10.2,B:10.6,B:10.10,B:11.2,B:11.9,E:10.7,E:11.10,P_count_eq_1,P_count_eq_2,P_count_eq_3,B_count_eq_1,B_count_2_3,B_count_4_5,B_count_6_8,E_count_eq_1,E_count_eq_2,B_E_count",24,278
count_plus_all_pairs,239,0.2309810573274358,0.2852501739350524,0.9001954517194901,"intercept,P:9.9,P:9.6,P:10.0,B:9.0,B:9.7,B:10.1,B:10.2,B:10.6,B:10.10,B:11.2,B:11.9,E:10.7,E:11.10,P_count_eq_1,P_count_eq_2,P_count_eq_3,B_count_eq_1,B_count_2_3,B_count_4_5,B_count_6_8,E_count_eq_1,E_count_eq_2,P_B_count,P_E_count,B_E_count",26,278
additive_head,239,0.3842505763065496,0.4551038031711056,0.7698459940431348,"intercept,P:9.9,P:9.6,P:10.0,B:9.0,B:9.7,B:10.1,B:10.2,B:10.6,B:10.10,B:11.2,B:11.9,E:10.7,E:11.10",14,279
count_additive,239,0.38755544874484993,0.4596301909087326,0.7652450793453791,"intercept,P:9.9,P:9.6,P:10.0,B:9.0,B:9.7,B:10.1,B:10.2,B:10.6,B:10.10,B:11.2,B:11.9,E:10.7,E:11.10,P_count_eq_1,P_count_eq_2,P_count_eq_3,B_count_eq_1,B_count_2_3,B_count_4_5,B_count_6_8,E_count_eq_1,E_count_eq_2",23,279
count_plus_PB_count,239,0.37711936635082915,0.4404625511513162,0.7844164651548171,"intercept,P:9.9,P:9.6,P:10.0,B:9.0,B:9.7,B:10.1,B:10.2,B:10.6,B:10.10,B:11.2,B:11.9,E:10.7,E:11.10,P_count_eq_1,P_count_eq_2,P_count_eq_3,B_count_eq_1,B_count_2_3,B_count_4_5,B_count_6_8,E_count_eq_1,E_count_eq_2,P_B_count",24,279
count_plus_PE_count,239,0.2561688407780356,0.31141676522058154,0.8922340436537405,"intercept,P:9.9,P:9.6,P:10.0,B:9.0,B:9.7,B:10.1,B:10.2,B:10.6,B:10.10,B:11.2,B:11.9,E:10.7,E:11.10,P_count_eq_1,P_count_eq_2,P_count_eq_3,B_count_eq_1,B_count_2_3,B_count_4_5,B_count_6_8,E_count_eq_1,E_count_eq_2,P_E_count",24,279
count_plus_BE_count,239,0.384254033739665,0.45403868454990615,0.7709220318750075,"intercept,P:9.9,P:9.6,P:10.0,B:9.0,B:9.7,B:10.1,B:10.2,B:10.6,B:10.10,B:11.2,B:11.9,E:10.7,E:11.10,P_count_eq_1,P_count_eq_2,P_count_eq_3,B_count_eq_1,B_count_2_3,B_count_4_5,B_count_6_8,E_count_eq_1,E_count_eq_2,B_E_count",24,279
count_plus_all_pairs,239,0.22880940259282928,0.2825556281399013,0.9112832684443667,"intercept,P:9.9,P:9.6,P:10.0,B:9.0,B:9.7,B:10.1,B:10.2,B:10.6,B:10.10,B:11.2,B:11.9,E:10.7,E:11.10,P_count_eq_1,P_count_eq_2,P_count_eq_3,B_count_eq_1,B_count_2_3,B_count_4_5,B_count_6_8,E_count_eq_1,E_count_eq_2,P_B_count,P_E_count,B_E_count",26,279
additive_head,239,0.38329209824488025,0.45270003112270707,0.7553005617873059,"intercept,P:9.9,P:9.6,P:10.0,B:9.0,B:9.7,B:10.1,B:10.2,B:10.6,B:10.10,B:11.2,B:11.9,E:10.7,E:11.10",14,280
count_additive,239,0.3862202791068793,0.4577507664938649,0.7498099211640775,"intercept,P:9.9,P:9.6,P:10.0,B:9.0,B:9.7,B:10.1,B:10.2,B:10.6,B:10.10,B:11.2,B:11.9,E:10.7,E:11.10,P_count_eq_1,P_count_eq_2,P_count_eq_3,B_count_eq_1,B_count_2_3,B_count_4_5,B_count_6_8,E_count_eq_1,E_count_eq_2",23,280
count_plus_PB_count,239,0.37633103196720824,0.43858665130316515,0.770320231080643,"intercept,P:9.9,P:9.6,P:10.0,B:9.0,B:9.7,B:10.1,B:10.2,B:10.6,B:10.10,B:11.2,B:11.9,E:10.7,E:11.10,P_count_eq_1,P_count_eq_2,P_count_eq_3,B_count_eq_1,B_count_2_3,B_count_4_5,B_count_6_8,E_count_eq_1,E_count_eq_2,P_B_count",24,280
count_plus_PE_count,239,0.2556553255198412,0.31105690789016616,0.8844708376163398,"intercept,P:9.9,P:9.6,P:10.0,B:9.0,B:9.7,B:10.1,B:10.2,B:10.6,B:10.10,B:11.2,B:11.9,E:10.7,E:11.10,P_count_eq_1,P_count_eq_2,P_count_eq_3,B_count_eq_1,B_count_2_3,B_count_4_5,B_count_6_8,E_count_eq_1,E_count_eq_2,P_E_count",24,280
count_plus_BE_count,239,0.38237974804513836,0.4515398697711188,0.7565531663355762,"intercept,P:9.9,P:9.6,P:10.0,B:9.0,B:9.7,B:10.1,B:10.2,B:10.6,B:10.10,B:11.2,B:11.9,E:10.7,E:11.10,P_count_eq_1,P_count_eq_2,P_count_eq_3,B_count_eq_1,B_count_2_3,B_count_4_5,B_count_6_8,E_count_eq_1,E_count_eq_2,B_E_count",24,280
count_plus_all_pairs,239,0.22832235980743473,0.2818229359646243,0.9051658854725324,"intercept,P:9.9,P:9.6,P:10.0,B:9.0,B:9.7,B:10.1,B:10.2,B:10.6,B:10.10,B:11.2,B:11.9,E:10.7,E:11.10,P_count_eq_1,P_count_eq_2,P_count_eq_3,B_count_eq_1,B_count_2_3,B_count_4_5,B_count_6_8,E_count_eq_1,E_count_eq_2,P_B_count,P_E_count,B_E_count",26,280
additive_head,239,0.3971697226730688,0.4678057922029495,0.763316765757776,"intercept,P:9.9,P:9.6,P:10.0,B:9.0,B:9.7,B:10.1,B:10.2,B:10.6,B:10.10,B:11.2,B:11.9,E:10.7,E:11.10",14,281
count_additive,239,0.40075032736380356,0.4731752423553113,0.7578523090336843,"intercept,P:9.9,P:9.6,P:10.0,B:9.0,B:9.7,B:10.1,B:10.2,B:10.6,B:10.10,B:11.2,B:11.9,E:10.7,E:11.10,P_count_eq_1,P_count_eq_2,P_count_eq_3,B_count_eq_1,B_count_2_3,B_count_4_5,B_count_6_8,E_count_eq_1,E_count_eq_2",23,281
count_plus_PB_count,239,0.3898441047844652,0.45365498890010436,0.7774192055930887,"intercept,P:9.9,P:9.6,P:10.0,B:9.0,B:9.7,B:10.1,B:10.2,B:10.6,B:10.10,B:11.2,B:11.9,E:10.7,E:11.10,P_count_eq_1,P_count_eq_2,P_count_eq_3,B_count_eq_1,B_count_2_3,B_count_4_5,B_count_6_8,E_count_eq_1,E_count_eq_2,P_B_count",24,281
count_plus_PE_count,239,0.266584652369942,0.3228973867621118,0.8872373259562094,"intercept,P:9.9,P:9.6,P:10.0,B:9.0,B:9.7,B:10.1,B:10.2,B:10.6,B:10.10,B:11.2,B:11.9,E:10.7,E:11.10,P_count_eq_1,P_count_eq_2,P_count_eq_3,B_count_eq_1,B_count_2_3,B_count_4_5,B_count_6_8,E_count_eq_1,E_count_eq_2,P_E_count",24,281
count_plus_BE_count,239,0.39722880530716487,0.4670544469104331,0.7640764315392516,"intercept,P:9.9,P:9.6,P:10.0,B:9.0,B:9.7,B:10.1,B:10.2,B:10.6,B:10.10,B:11.2,B:11.9,E:10.7,E:11.10,P_count_eq_1,P_count_eq_2,P_count_eq_3,B_count_eq_1,B_count_2_3,B_count_4_5,B_count_6_8,E_count_eq_1,E_count_eq_2,B_E_count",24,281
count_plus_all_pairs,239,0.23781574223781102,0.29353117458262473,0.9068152658547428,"intercept,P:9.9,P:9.6,P:10.0,B:9.0,B:9.7,B:10.1,B:10.2,B:10.6,B:10.10,B:11.2,B:11.9,E:10.7,E:11.10,P_count_eq_1,P_count_eq_2,P_count_eq_3,B_count_eq_1,B_count_2_3,B_count_4_5,B_count_6_8,E_count_eq_1,E_count_eq_2,P_B_count,P_E_count,B_E_count",26,281
additive_head,239,0.3828136690093128,0.4522418103371033,0.7579821465030525,"intercept,P:9.9,P:9.6,P:10.0,B:9.0,B:9.7,B:10.1,B:10.2,B:10.6,B:10.10,B:11.2,B:11.9,E:10.7,E:11.10",14,282
count_additive,239,0.38655330195994947,0.4575538524597965,0.7522632616124336,"intercept,P:9.9,P:9.6,P:10.0,B:9.0,B:9.7,B:10.1,B:10.2,B:10.6,B:10.10,B:11.2,B:11.9,E:10.7,E:11.10,P_count_eq_1,P_count_eq_2,P_count_eq_3,B_count_eq_1,B_count_2_3,B_count_4_5,B_count_6_8,E_count_eq_1,E_count_eq_2",23,282
count_plus_PB_count,239,0.37713166957631417,0.4383857180097,0.7725851727563199,"intercept,P:9.9,P:9.6,P:10.0,B:9.0,B:9.7,B:10.1,B:10.2,B:10.6,B:10.10,B:11.2,B:11.9,E:10.7,E:11.10,P_count_eq_1,P_count_eq_2,P_count_eq_3,B_count_eq_1,B_count_2_3,B_count_4_5,B_count_6_8,E_count_eq_1,E_count_eq_2,P_B_count",24,282
count_plus_PE_count,239,0.2576070571699212,0.31285915667669917,0.8841746227218381,"intercept,P:9.9,P:9.6,P:10.0,B:9.0,B:9.7,B:10.1,B:10.2,B:10.6,B:10.10,B:11.2,B:11.9,E:10.7,E:11.10,P_count_eq_1,P_count_eq_2,P_count_eq_3,B_count_eq_1,B_count_2_3,B_count_4_5,B_count_6_8,E_count_eq_1,E_count_eq_2,P_E_count",24,282
count_plus_BE_count,239,0.38375863995816595,0.4525293615573616,0.7576742817625852,"intercept,P:9.9,P:9.6,P:10.0,B:9.0,B:9.7,B:10.1,B:10.2,B:10.6,B:10.10,B:11.2,B:11.9,E:10.7,E:11.10,P_count_eq_1,P_count_eq_2,P_count_eq_3,B_count_eq_1,B_count_2_3,B_count_4_5,B_count_6_8,E_count_eq_1,E_count_eq_2,B_E_count",24,282
count_plus_all_pairs,239,0.23072244170004935,0.28489758568716045,0.903953062732451,"intercept,P:9.9,P:9.6,P:10.0,B:9.0,B:9.7,B:10.1,B:10.2,B:10.6,B:10.10,B:11.2,B:11.9,E:10.7,E:11.10,P_count_eq_1,P_count_eq_2,P_count_eq_3,B_count_eq_1,B_count_2_3,B_count_4_5,B_count_6_8,E_count_eq_1,E_count_eq_2,P_B_count,P_E_count,B_E_count",26,282
additive_head,239,0.3697511791206278,0.4416316599725741,0.780612450575377,"intercept,P:9.9,P:9.6,P:10.0,B:9.0,B:9.7,B:10.1,B:10.2,B:10.6,B:10.10,B:11.2,B:11.9,E:10.7,E:11.10",14,283
count_additive,239,0.37173854010760793,0.4449426708170222,0.7773105245941154,"intercept,P:9.9,P:9.6,P:10.0,B:9.0,B:9.7,B:10.1,B:10.2,B:10.6,B:10.10,B:11.2,B:11.9,E:10.7,E:11.10,P_count_eq_1,P_count_eq_2,P_count_eq_3,B_count_eq_1,B_count_2_3,B_count_4_5,B_count_6_8,E_count_eq_1,E_count_eq_2",23,283
count_plus_PB_count,239,0.35994256533493957,0.42359884094467626,0.7981628507064915,"intercept,P:9.9,P:9.6,P:10.0,B:9.0,B:9.7,B:10.1,B:10.2,B:10.6,B:10.10,B:11.2,B:11.9,E:10.7,E:11.10,P_count_eq_1,P_count_eq_2,P_count_eq_3,B_count_eq_1,B_count_2_3,B_count_4_5,B_count_6_8,E_count_eq_1,E_count_eq_2,P_B_count",24,283
count_plus_PE_count,239,0.24768202407309015,0.3027724289212573,0.8968844346546578,"intercept,P:9.9,P:9.6,P:10.0,B:9.0,B:9.7,B:10.1,B:10.2,B:10.6,B:10.10,B:11.2,B:11.9,E:10.7,E:11.10,P_count_eq_1,P_count_eq_2,P_count_eq_3,B_count_eq_1,B_count_2_3,B_count_4_5,B_count_6_8,E_count_eq_1,E_count_eq_2,P_E_count",24,283
count_plus_BE_count,239,0.36770442778261286,0.43961487207434674,0.7826116182691676,"intercept,P:9.9,P:9.6,P:10.0,B:9.0,B:9.7,B:10.1,B:10.2,B:10.6,B:10.10,B:11.2,B:11.9,E:10.7,E:11.10,P_count_eq_1,P_count_eq_2,P_count_eq_3,B_count_eq_1,B_count_2_3,B_count_4_5,B_count_6_8,E_count_eq_1,E_count_eq_2,B_E_count",24,283
count_plus_all_pairs,239,0.2193153256437569,0.27142687610491106,0.9171300123447013,"intercept,P:9.9,P:9.6,P:10.0,B:9.0,B:9.7,B:10.1,B:10.2,B:10.6,B:10.10,B:11.2,B:11.9,E:10.7,E:11.10,P_count_eq_1,P_count_eq_2,P_count_eq_3,B_count_eq_1,B_count_2_3,B_count_4_5,B_count_6_8,E_count_eq_1,E_count_eq_2,P_B_count,P_E_count,B_E_count",26,283
additive_head,239,0.388394015658086,0.4570944287971332,0.7633175068267177,"intercept,P:9.9,P:9.6,P:10.0,B:9.0,B:9.7,B:10.1,B:10.2,B:10.6,B:10.10,B:11.2,B:11.9,E:10.7,E:11.10",14,284
count_additive,239,0.3912744703660423,0.4620360788717132,0.7581722927408998,"intercept,P:9.9,P:9.6,P:10.0,B:9.0,B:9.7,B:10.1,B:10.2,B:10.6,B:10.10,B:11.2,B:11.9,E:10.7,E:11.10,P_count_eq_1,P_count_eq_2,P_count_eq_3,B_count_eq_1,B_count_2_3,B_count_4_5,B_count_6_8,E_count_eq_1,E_count_eq_2",23,284
count_plus_PB_count,239,0.3815720907731977,0.44298233682442306,0.7777063284486848,"intercept,P:9.9,P:9.6,P:10.0,B:9.0,B:9.7,B:10.1,B:10.2,B:10.6,B:10.10,B:11.2,B:11.9,E:10.7,E:11.10,P_count_eq_1,P_count_eq_2,P_count_eq_3,B_count_eq_1,B_count_2_3,B_count_4_5,B_count_6_8,E_count_eq_1,E_count_eq_2,P_B_count",24,284
count_plus_PE_count,239,0.2600458189333564,0.3150751986122504,0.8875439780021696,"intercept,P:9.9,P:9.6,P:10.0,B:9.0,B:9.7,B:10.1,B:10.2,B:10.6,B:10.10,B:11.2,B:11.9,E:10.7,E:11.10,P_count_eq_1,P_count_eq_2,P_count_eq_3,B_count_eq_1,B_count_2_3,B_count_4_5,B_count_6_8,E_count_eq_1,E_count_eq_2,P_E_count",24,284
count_plus_BE_count,239,0.3885316603763019,0.4572133794076856,0.7631943060676586,"intercept,P:9.9,P:9.6,P:10.0,B:9.0,B:9.7,B:10.1,B:10.2,B:10.6,B:10.10,B:11.2,B:11.9,E:10.7,E:11.10,P_count_eq_1,P_count_eq_2,P_count_eq_3,B_count_eq_1,B_count_2_3,B_count_4_5,B_count_6_8,E_count_eq_1,E_count_eq_2,B_E_count",24,284
count_plus_all_pairs,239,0.23320726633998154,0.2875877393479147,0.9063096172247614,"intercept,P:9.9,P:9.6,P:10.0,B:9.0,B:9.7,B:10.1,B:10.2,B:10.6,B:10.10,B:11.2,B:11.9,E:10.7,E:11.10,P_count_eq_1,P_count_eq_2,P_count_eq_3,B_count_eq_1,B_count_2_3,B_count_4_5,B_count_6_8,E_count_eq_1,E_count_eq_2,P_B_count,P_E_count,B_E_count",26,284
additive_head,239,0.3805807471568516,0.4491083902046462,0.7635054318193811,"intercept,P:9.9,P:9.6,P:10.0,B:9.0,B:9.7,B:10.1,B:10.2,B:10.6,B:10.10,B:11.2,B:11.9,E:10.7,E:11.10",14,285
count_additive,239,0.38357250010898714,0.45374524228011,0.7585968116891356,"intercept,P:9.9,P:9.6,P:10.0,B:9.0,B:9.7,B:10.1,B:10.2,B:10.6,B:10.10,B:11.2,B:11.9,E:10.7,E:11.10,P_count_eq_1,P_count_eq_2,P_count_eq_3,B_count_eq_1,B_count_2_3,B_count_4_5,B_count_6_8,E_count_eq_1,E_count_eq_2",23,285
count_plus_PB_count,239,0.3742968219704396,0.43505629669181517,0.7780732002655644,"intercept,P:9.9,P:9.6,P:10.0,B:9.0,B:9.7,B:10.1,B:10.2,B:10.6,B:10.10,B:11.2,B:11.9,E:10.7,E:11.10,P_count_eq_1,P_count_eq_2,P_count_eq_3,B_count_eq_1,B_count_2_3,B_count_4_5,B_count_6_8,E_count_eq_1,E_count_eq_2,P_B_count",24,285
count_plus_PE_count,239,0.25321190101356555,0.30781955037418185,0.8889007231609876,"intercept,P:9.9,P:9.6,P:10.0,B:9.0,B:9.7,B:10.1,B:10.2,B:10.6,B:10.10,B:11.2,B:11.9,E:10.7,E:11.10,P_count_eq_1,P_count_eq_2,P_count_eq_3,B_count_eq_1,B_count_2_3,B_count_4_5,B_count_6_8,E_count_eq_1,E_count_eq_2,P_E_count",24,285
count_plus_BE_count,239,0.3806525962796463,0.4485728091096613,0.7640691553996509,"intercept,P:9.9,P:9.6,P:10.0,B:9.0,B:9.7,B:10.1,B:10.2,B:10.6,B:10.10,B:11.2,B:11.9,E:10.7,E:11.10,P_count_eq_1,P_count_eq_2,P_count_eq_3,B_count_eq_1,B_count_2_3,B_count_4_5,B_count_6_8,E_count_eq_1,E_count_eq_2,B_E_count",24,285
count_plus_all_pairs,239,0.22677440925828182,0.2802651126706525,0.9079005760960721,"intercept,P:9.9,P:9.6,P:10.0,B:9.0,B:9.7,B:10.1,B:10.2,B:10.6,B:10.10,B:11.2,B:11.9,E:10.7,E:11.10,P_count_eq_1,P_count_eq_2,P_count_eq_3,B_count_eq_1,B_count_2_3,B_count_4_5,B_count_6_8,E_count_eq_1,E_count_eq_2,P_B_count,P_E_count,B_E_count",26,285
additive_head,239,0.3773746191543474,0.4466421532452388,0.7696849210846692,"intercept,P:9.9,P:9.6,P:10.0,B:9.0,B:9.7,B:10.1,B:10.2,B:10.6,B:10.10,B:11.2,B:11.9,E:10.7,E:11.10",14,286
count_additive,239,0.3807698790468941,0.4516612203633337,0.7644795824315441,"intercept,P:9.9,P:9.6,P:10.0,B:9.0,B:9.7,B:10.1,B:10.2,B:10.6,B:10.10,B:11.2,B:11.9,E:10.7,E:11.10,P_count_eq_1,P_count_eq_2,P_count_eq_3,B_count_eq_1,B_count_2_3,B_count_4_5,B_count_6_8,E_count_eq_1,E_count_eq_2",23,286
count_plus_PB_count,239,0.36955101190328243,0.4317131932365505,0.7848241152572412,"intercept,P:9.9,P:9.6,P:10.0,B:9.0,B:9.7,B:10.1,B:10.2,B:10.6,B:10.10,B:11.2,B:11.9,E:10.7,E:11.10,P_count_eq_1,P_count_eq_2,P_count_eq_3,B_count_eq_1,B_count_2_3,B_count_4_5,B_count_6_8,E_count_eq_1,E_count_eq_2,P_B_count",24,286
count_plus_PE_count,239,0.25325079026615127,0.3081606709912353,0.8903629408964358,"intercept,P:9.9,P:9.6,P:10.0,B:9.0,B:9.7,B:10.1,B:10.2,B:10.6,B:10.10,B:11.2,B:11.9,E:10.7,E:11.10,P_count_eq_1,P_count_eq_2,P_count_eq_3,B_count_eq_1,B_count_2_3,B_count_4_5,B_count_6_8,E_count_eq_1,E_count_eq_2,P_E_count",24,286
count_plus_BE_count,239,0.3774297939651359,0.4466073373501441,0.7697208259496301,"intercept,P:9.9,P:9.6,P:10.0,B:9.0,B:9.7,B:10.1,B:10.2,B:10.6,B:10.10,B:11.2,B:11.9,E:10.7,E:11.10,P_count_eq_1,P_count_eq_2,P_count_eq_3,B_count_eq_1,B_count_2_3,B_count_4_5,B_count_6_8,E_count_eq_1,E_count_eq_2,B_E_count",24,286
count_plus_all_pairs,239,0.2256858850401639,0.2791857796104215,0.9100109757823164,"intercept,P:9.9,P:9.6,P:10.0,B:9.0,B:9.7,B:10.1,B:10.2,B:10.6,B:10.10,B:11.2,B:11.9,E:10.7,E:11.10,P_count_eq_1,P_count_eq_2,P_count_eq_3,B_count_eq_1,B_count_2_3,B_count_4_5,B_count_6_8,E_count_eq_1,E_count_eq_2,P_B_count,P_E_count,B_E_count",26,286
additive_head,239,0.36593303049787157,0.4338287098369845,0.7692136776825333,"intercept,P:9.9,P:9.6,P:10.0,B:9.0,B:9.7,B:10.1,B:10.2,B:10.6,B:10.10,B:11.2,B:11.9,E:10.7,E:11.10",14,287
count_additive,239,0.3684683009275833,0.4379022792249221,0.7648592499099758,"intercept,P:9.9,P:9.6,P:10.0,B:9.0,B:9.7,B:10.1,B:10.2,B:10.6,B:10.10,B:11.2,B:11.9,E:10.7,E:11.10,P_count_eq_1,P_count_eq_2,P_count_eq_3,B_count_eq_1,B_count_2_3,B_count_4_5,B_count_6_8,E_count_eq_1,E_count_eq_2",23,287
count_plus_PB_count,239,0.35792434592477934,0.41897408534442804,0.7847476948552671,"intercept,P:9.9,P:9.6,P:10.0,B:9.0,B:9.7,B:10.1,B:10.2,B:10.6,B:10.10,B:11.2,B:11.9,E:10.7,E:11.10,P_count_eq_1,P_count_eq_2,P_count_eq_3,B_count_eq_1,B_count_2_3,B_count_4_5,B_count_6_8,E_count_eq_1,E_count_eq_2,P_B_count",24,287
count_plus_PE_count,239,0.2455370268169056,0.2990917176251568,0.890306154516437,"intercept,P:9.9,P:9.6,P:10.0,B:9.0,B:9.7,B:10.1,B:10.2,B:10.6,B:10.10,B:11.2,B:11.9,E:10.7,E:11.10,P_count_eq_1,P_count_eq_2,P_count_eq_3,B_count_eq_1,B_count_2_3,B_count_4_5,B_count_6_8,E_count_eq_1,E_count_eq_2,P_E_count",24,287
count_plus_BE_count,239,0.36534247252468793,0.4332019458740304,0.7698800423461692,"intercept,P:9.9,P:9.6,P:10.0,B:9.0,B:9.7,B:10.1,B:10.2,B:10.6,B:10.10,B:11.2,B:11.9,E:10.7,E:11.10,P_count_eq_1,P_count_eq_2,P_count_eq_3,B_count_eq_1,B_count_2_3,B_count_4_5,B_count_6_8,E_count_eq_1,E_count_eq_2,B_E_count",24,287
count_plus_all_pairs,239,0.21988563194780367,0.27163728218276667,0.90952007309233,"intercept,P:9.9,P:9.6,P:10.0,B:9.0,B:9.7,B:10.1,B:10.2,B:10.6,B:10.10,B:11.2,B:11.9,E:10.7,E:11.10,P_count_eq_1,P_count_eq_2,P_count_eq_3,B_count_eq_1,B_count_2_3,B_count_4_5,B_count_6_8,E_count_eq_1,E_count_eq_2,P_B_count,P_E_count,B_E_count",26,287
additive_head,239,0.3636338107749691,0.428796799958868,0.7612138470045302,"intercept,P:9.9,P:9.6,P:10.0,B:9.0,B:9.7,B:10.1,B:10.2,B:10.6,B:10.10,B:11.2,B:11.9,E:10.7,E:11.10",14,288
count_additive,239,0.36558337291010695,0.4330328471514999,0.7564726468791885,"intercept,P:9.9,P:9.6,P:10.0,B:9.0,B:9.7,B:10.1,B:10.2,B:10.6,B:10.10,B:11.2,B:11.9,E:10.7,E:11.10,P_count_eq_1,P_count_eq_2,P_count_eq_3,B_count_eq_1,B_count_2_3,B_count_4_5,B_count_6_8,E_count_eq_1,E_count_eq_2",23,288
count_plus_PB_count,239,0.3566519518755593,0.4156010829209824,0.7756844356323427,"intercept,P:9.9,P:9.6,P:10.0,B:9.0,B:9.7,B:10.1,B:10.2,B:10.6,B:10.10,B:11.2,B:11.9,E:10.7,E:11.10,P_count_eq_1,P_count_eq_2,P_count_eq_3,B_count_eq_1,B_count_2_3,B_count_4_5,B_count_6_8,E_count_eq_1,E_count_eq_2,P_B_count",24,288
count_plus_PE_count,239,0.23963807009150995,0.2918336991405039,0.8893944428575316,"intercept,P:9.9,P:9.6,P:10.0,B:9.0,B:9.7,B:10.1,B:10.2,B:10.6,B:10.10,B:11.2,B:11.9,E:10.7,E:11.10,P_count_eq_1,P_count_eq_2,P_count_eq_3,B_count_eq_1,B_count_2_3,B_count_4_5,B_count_6_8,E_count_eq_1,E_count_eq_2,P_E_count",24,288
count_plus_BE_count,239,0.3625811842167726,0.42811089223274384,0.7619771655318905,"intercept,P:9.9,P:9.6,P:10.0,B:9.0,B:9.7,B:10.1,B:10.2,B:10.6,B:10.10,B:11.2,B:11.9,E:10.7,E:11.10,P_count_eq_1,P_count_eq_2,P_count_eq_3,B_count_eq_1,B_count_2_3,B_count_4_5,B_count_6_8,E_count_eq_1,E_count_eq_2,B_E_count",24,288
count_plus_all_pairs,239,0.21505253243043368,0.2659334902681994,0.9081557156140688,"intercept,P:9.9,P:9.6,P:10.0,B:9.0,B:9.7,B:10.1,B:10.2,B:10.6,B:10.10,B:11.2,B:11.9,E:10.7,E:11.10,P_count_eq_1,P_count_eq_2,P_count_eq_3,B_count_eq_1,B_count_2_3,B_count_4_5,B_count_6_8,E_count_eq_1,E_count_eq_2,P_B_count,P_E_count,B_E_count",26,288
additive_head,239,0.3831440367423107,0.4496911219968301,0.7572132697661182,"intercept,P:9.9,P:9.6,P:10.0,B:9.0,B:9.7,B:10.1,B:10.2,B:10.6,B:10.10,B:11.2,B:11.9,E:10.7,E:11.10",14,289
count_additive,239,0.38632002669557575,0.4548139968502876,0.7516501156082704,"intercept,P:9.9,P:9.6,P:10.0,B:9.0,B:9.7,B:10.1,B:10.2,B:10.6,B:10.10,B:11.2,B:11.9,E:10.7,E:11.10,P_count_eq_1,P_count_eq_2,P_count_eq_3,B_count_eq_1,B_count_2_3,B_count_4_5,B_count_6_8,E_count_eq_1,E_count_eq_2",23,289
count_plus_PB_count,239,0.37883472479052316,0.43875681960918395,0.7688765143910454,"intercept,P:9.9,P:9.6,P:10.0,B:9.0,B:9.7,B:10.1,B:10.2,B:10.6,B:10.10,B:11.2,B:11.9,E:10.7,E:11.10,P_count_eq_1,P_count_eq_2,P_count_eq_3,B_count_eq_1,B_count_2_3,B_count_4_5,B_count_6_8,E_count_eq_1,E_count_eq_2,P_B_count",24,289
count_plus_PE_count,239,0.25374071880075444,0.3072597531222408,0.8866536150073853,"intercept,P:9.9,P:9.6,P:10.0,B:9.0,B:9.7,B:10.1,B:10.2,B:10.6,B:10.10,B:11.2,B:11.9,E:10.7,E:11.10,P_count_eq_1,P_count_eq_2,P_count_eq_3,B_count_eq_1,B_count_2_3,B_count_4_5,B_count_6_8,E_count_eq_1,E_count_eq_2,P_E_count",24,289
count_plus_BE_count,239,0.38450167492755255,0.44948999932163425,0.757430392118772,"intercept,P:9.9,P:9.6,P:10.0,B:9.0,B:9.7,B:10.1,B:10.2,B:10.6,B:10.10,B:11.2,B:11.9,E:10.7,E:11.10,P_count_eq_1,P_count_eq_2,P_count_eq_3,B_count_eq_1,B_count_2_3,B_count_4_5,B_count_6_8,E_count_eq_1,E_count_eq_2,B_E_count",24,289
count_plus_all_pairs,239,0.22955642536862925,0.28289891551642743,0.9039142721647238,"intercept,P:9.9,P:9.6,P:10.0,B:9.0,B:9.7,B:10.1,B:10.2,B:10.6,B:10.10,B:11.2,B:11.9,E:10.7,E:11.10,P_count_eq_1,P_count_eq_2,P_count_eq_3,B_count_eq_1,B_count_2_3,B_count_4_5,B_count_6_8,E_count_eq_1,E_count_eq_2,P_B_count,P_E_count,B_E_count",26,289
additive_head,239,0.38779684011331006,0.4573481593038496,0.749698422916504,"intercept,P:9.9,P:9.6,P:10.0,B:9.0,B:9.7,B:10.1,B:10.2,B:10.6,B:10.10,B:11.2,B:11.9,E:10.7,E:11.10",14,290
count_additive,239,0.39167230273374076,0.46299908755215374,0.7434748293180604,"intercept,P:9.9,P:9.6,P:10.0,B:9.0,B:9.7,B:10.1,B:10.2,B:10.6,B:10.10,B:11.2,B:11.9,E:10.7,E:11.10,P_count_eq_1,P_count_eq_2,P_count_eq_3,B_count_eq_1,B_count_2_3,B_count_4_5,B_count_6_8,E_count_eq_1,E_count_eq_2",23,290
count_plus_PB_count,239,0.38260481090554527,0.44497444838938827,0.7630591938789814,"intercept,P:9.9,P:9.6,P:10.0,B:9.0,B:9.7,B:10.1,B:10.2,B:10.6,B:10.10,B:11.2,B:11.9,E:10.7,E:11.10,P_count_eq_1,P_count_eq_2,P_count_eq_3,B_count_eq_1,B_count_2_3,B_count_4_5,B_count_6_8,E_count_eq_1,E_count_eq_2,P_B_count",24,290
count_plus_PE_count,239,0.25824709875642127,0.31406523012558324,0.8819653728814909,"intercept,P:9.9,P:9.6,P:10.0,B:9.0,B:9.7,B:10.1,B:10.2,B:10.6,B:10.10,B:11.2,B:11.9,E:10.7,E:11.10,P_count_eq_1,P_count_eq_2,P_count_eq_3,B_count_eq_1,B_count_2_3,B_count_4_5,B_count_6_8,E_count_eq_1,E_count_eq_2,P_E_count",24,290
count_plus_BE_count,239,0.38930748458291575,0.4577681331096719,0.749238517836958,"intercept,P:9.9,P:9.6,P:10.0,B:9.0,B:9.7,B:10.1,B:10.2,B:10.6,B:10.10,B:11.2,B:11.9,E:10.7,E:11.10,P_count_eq_1,P_count_eq_2,P_count_eq_3,B_count_eq_1,B_count_2_3,B_count_4_5,B_count_6_8,E_count_eq_1,E_count_eq_2,B_E_count",24,290
count_plus_all_pairs,239,0.23241232412489748,0.2873225296422251,0.9012108888871248,"intercept,P:9.9,P:9.6,P:10.0,B:9.0,B:9.7,B:10.1,B:10.2,B:10.6,B:10.10,B:11.2,B:11.9,E:10.7,E:11.10,P_count_eq_1,P_count_eq_2,P_count_eq_3,B_count_eq_1,B_count_2_3,B_count_4_5,B_count_6_8,E_count_eq_1,E_count_eq_2,P_B_count,P_E_count,B_E_count",26,290
additive_head,239,0.36577487428904004,0.4320666803566186,0.7643395014412846,"intercept,P:9.9,P:9.6,P:10.0,B:9.0,B:9.7,B:10.1,B:10.2,B:10.6,B:10.10,B:11.2,B:11.9,E:10.7,E:11.10",14,291
count_additive,239,0.36857638556329736,0.43635534699381984,0.7596379806620782,"intercept,P:9.9,P:9.6,P:10.0,B:9.0,B:9.7,B:10.1,B:10.2,B:10.6,B:10.10,B:11.2,B:11.9,E:10.7,E:11.10,P_count_eq_1,P_count_eq_2,P_count_eq_3,B_count_eq_1,B_count_2_3,B_count_4_5,B_count_6_8,E_count_eq_1,E_count_eq_2",23,291
count_plus_PB_count,239,0.3590670584936576,0.41821039779190095,0.7792122913238314,"intercept,P:9.9,P:9.6,P:10.0,B:9.0,B:9.7,B:10.1,B:10.2,B:10.6,B:10.10,B:11.2,B:11.9,E:10.7,E:11.10,P_count_eq_1,P_count_eq_2,P_count_eq_3,B_count_eq_1,B_count_2_3,B_count_4_5,B_count_6_8,E_count_eq_1,E_count_eq_2,P_B_count",24,291
count_plus_PE_count,239,0.2417605301837623,0.29391883421154796,0.8909463834685203,"intercept,P:9.9,P:9.6,P:10.0,B:9.0,B:9.7,B:10.1,B:10.2,B:10.6,B:10.10,B:11.2,B:11.9,E:10.7,E:11.10,P_count_eq_1,P_count_eq_2,P_count_eq_3,B_count_eq_1,B_count_2_3,B_count_4_5,B_count_6_8,E_count_eq_1,E_count_eq_2,P_E_count",24,291
count_plus_BE_count,239,0.36542049425634093,0.43109405412619056,0.7653992989479743,"intercept,P:9.9,P:9.6,P:10.0,B:9.0,B:9.7,B:10.1,B:10.2,B:10.6,B:10.10,B:11.2,B:11.9,E:10.7,E:11.10,P_count_eq_1,P_count_eq_2,P_count_eq_3,B_count_eq_1,B_count_2_3,B_count_4_5,B_count_6_8,E_count_eq_1,E_count_eq_2,B_E_count",24,291
count_plus_all_pairs,239,0.215849798411428,0.2666812812014055,0.9102219215856575,"intercept,P:9.9,P:9.6,P:10.0,B:9.0,B:9.7,B:10.1,B:10.2,B:10.6,B:10.10,B:11.2,B:11.9,E:10.7,E:11.10,P_count_eq_1,P_count_eq_2,P_count_eq_3,B_count_eq_1,B_count_2_3,B_count_4_5,B_count_6_8,E_count_eq_1,E_count_eq_2,P_B_count,P_E_count,B_E_count",26,291
additive_head,239,0.38172088792075687,0.44865078268668795,0.7481475815373857,"intercept,P:9.9,P:9.6,P:10.0,B:9.0,B:9.7,B:10.1,B:10.2,B:10.6,B:10.10,B:11.2,B:11.9,E:10.7,E:11.10",14,292
count_additive,239,0.3850861893128904,0.45356655592334694,0.7425983572811519,"intercept,P:9.9,P:9.6,P:10.0,B:9.0,B:9.7,B:10.1,B:10.2,B:10.6,B:10.10,B:11.2,B:11.9,E:10.7,E:11.10,P_count_eq_1,P_count_eq_2,P_count_eq_3,B_count_eq_1,B_count_2_3,B_count_4_5,B_count_6_8,E_count_eq_1,E_count_eq_2",23,292
count_plus_PB_count,239,0.37671627082729925,0.43627148420909473,0.7618542031489123,"intercept,P:9.9,P:9.6,P:10.0,B:9.0,B:9.7,B:10.1,B:10.2,B:10.6,B:10.10,B:11.2,B:11.9,E:10.7,E:11.10,P_count_eq_1,P_count_eq_2,P_count_eq_3,B_count_eq_1,B_count_2_3,B_count_4_5,B_count_6_8,E_count_eq_1,E_count_eq_2,P_B_count",24,292
count_plus_PE_count,239,0.25406757716248257,0.3076379138757701,0.8815843831770833,"intercept,P:9.9,P:9.6,P:10.0,B:9.0,B:9.7,B:10.1,B:10.2,B:10.6,B:10.10,B:11.2,B:11.9,E:10.7,E:11.10,P_count_eq_1,P_count_eq_2,P_count_eq_3,B_count_eq_1,B_count_2_3,B_count_4_5,B_count_6_8,E_count_eq_1,E_count_eq_2,P_E_count",24,292
count_plus_BE_count,239,0.3834393288169855,0.4489237320826924,0.7478410452333422,"intercept,P:9.9,P:9.6,P:10.0,B:9.0,B:9.7,B:10.1,B:10.2,B:10.6,B:10.10,B:11.2,B:11.9,E:10.7,E:11.10,P_count_eq_1,P_count_eq_2,P_count_eq_3,B_count_eq_1,B_count_2_3,B_count_4_5,B_count_6_8,E_count_eq_1,E_count_eq_2,B_E_count",24,292
count_plus_all_pairs,239,0.22883960842743606,0.2824753207082279,0.900163284018508,"intercept,P:9.9,P:9.6,P:10.0,B:9.0,B:9.7,B:10.1,B:10.2,B:10.6,B:10.10,B:11.2,B:11.9,E:10.7,E:11.10,P_count_eq_1,P_count_eq_2,P_count_eq_3,B_count_eq_1,B_count_2_3,B_count_4_5,B_count_6_8,E_count_eq_1,E_count_eq_2,P_B_count,P_E_count,B_E_count",26,292
additive_head,239,0.39793313934370744,0.4671101969976538,0.7523767928057666,"intercept,P:9.9,P:9.6,P:10.0,B:9.0,B:9.7,B:10.1,B:10.2,B:10.6,B:10.10,B:11.2,B:11.9,E:10.7,E:11.10",14,293
count_additive,239,0.40144577273608045,0.4727094416063344,0.7464046992222383,"intercept,P:9.9,P:9.6,P:10.0,B:9.0,B:9.7,B:10.1,B:10.2,B:10.6,B:10.10,B:11.2,B:11.9,E:10.7,E:11.10,P_count_eq_1,P_count_eq_2,P_count_eq_3,B_count_eq_1,B_count_2_3,B_count_4_5,B_count_6_8,E_count_eq_1,E_count_eq_2",23,293
count_plus_PB_count,239,0.3919878782685236,0.45477592981814485,0.7652813551271034,"intercept,P:9.9,P:9.6,P:10.0,B:9.0,B:9.7,B:10.1,B:10.2,B:10.6,B:10.10,B:11.2,B:11.9,E:10.7,E:11.10,P_count_eq_1,P_count_eq_2,P_count_eq_3,B_count_eq_1,B_count_2_3,B_count_4_5,B_count_6_8,E_count_eq_1,E_count_eq_2,P_B_count",24,293
count_plus_PE_count,239,0.2632328412077987,0.3191541873470605,0.8844010892719277,"intercept,P:9.9,P:9.6,P:10.0,B:9.0,B:9.7,B:10.1,B:10.2,B:10.6,B:10.10,B:11.2,B:11.9,E:10.7,E:11.10,P_count_eq_1,P_count_eq_2,P_count_eq_3,B_count_eq_1,B_count_2_3,B_count_4_5,B_count_6_8,E_count_eq_1,E_count_eq_2,P_E_count",24,293
count_plus_BE_count,239,0.39878800811430215,0.46734297313413703,0.7521299339875401,"intercept,P:9.9,P:9.6,P:10.0,B:9.0,B:9.7,B:10.1,B:10.2,B:10.6,B:10.10,B:11.2,B:11.9,E:10.7,E:11.10,P_count_eq_1,P_count_eq_2,P_count_eq_3,B_count_eq_1,B_count_2_3,B_count_4_5,B_count_6_8,E_count_eq_1,E_count_eq_2,B_E_count",24,293
count_plus_all_pairs,239,0.23667413624844585,0.2923789124624959,0.9029836925396721,"intercept,P:9.9,P:9.6,P:10.0,B:9.0,B:9.7,B:10.1,B:10.2,B:10.6,B:10.10,B:11.2,B:11.9,E:10.7,E:11.10,P_count_eq_1,P_count_eq_2,P_count_eq_3,B_count_eq_1,B_count_2_3,B_count_4_5,B_count_6_8,E_count_eq_1,E_count_eq_2,P_B_count,P_E_count,B_E_count",26,293
additive_head,239,0.3752736644183729,0.4452639268707684,0.7680295827622439,"intercept,P:9.9,P:9.6,P:10.0,B:9.0,B:9.7,B:10.1,B:10.2,B:10.6,B:10.10,B:11.2,B:11.9,E:10.7,E:11.10",14,294
count_additive,239,0.3778296228465053,0.44924986420461066,0.7638578633858688,"intercept,P:9.9,P:9.6,P:10.0,B:9.0,B:9.7,B:10.1,B:10.2,B:10.6,B:10.10,B:11.2,B:11.9,E:10.7,E:11.10,P_count_eq_1,P_count_eq_2,P_count_eq_3,B_count_eq_1,B_count_2_3,B_count_4_5,B_count_6_8,E_count_eq_1,E_count_eq_2",23,294
count_plus_PB_count,239,0.36663567351439313,0.4287127926233908,0.7849544474400156,"intercept,P:9.9,P:9.6,P:10.0,B:9.0,B:9.7,B:10.1,B:10.2,B:10.6,B:10.10,B:11.2,B:11.9,E:10.7,E:11.10,P_count_eq_1,P_count_eq_2,P_count_eq_3,B_count_eq_1,B_count_2_3,B_count_4_5,B_count_6_8,E_count_eq_1,E_count_eq_2,P_B_count",24,294
count_plus_PE_count,239,0.2507842372846114,0.3054570816716151,0.890831340940471,"intercept,P:9.9,P:9.6,P:10.0,B:9.0,B:9.7,B:10.1,B:10.2,B:10.6,B:10.10,B:11.2,B:11.9,E:10.7,E:11.10,P_count_eq_1,P_count_eq_2,P_count_eq_3,B_count_eq_1,B_count_2_3,B_count_4_5,B_count_6_8,E_count_eq_1,E_count_eq_2,P_E_count",24,294
count_plus_BE_count,239,0.37399005851340195,0.44410964949507503,0.769230718212886,"intercept,P:9.9,P:9.6,P:10.0,B:9.0,B:9.7,B:10.1,B:10.2,B:10.6,B:10.10,B:11.2,B:11.9,E:10.7,E:11.10,P_count_eq_1,P_count_eq_2,P_count_eq_3,B_count_eq_1,B_count_2_3,B_count_4_5,B_count_6_8,E_count_eq_1,E_count_eq_2,B_E_count",24,294
count_plus_all_pairs,239,0.2228002210498683,0.2755877286016819,0.9111377449456814,"intercept,P:9.9,P:9.6,P:10.0,B:9.0,B:9.7,B:10.1,B:10.2,B:10.6,B:10.10,B:11.2,B:11.9,E:10.7,E:11.10,P_count_eq_1,P_count_eq_2,P_count_eq_3,B_count_eq_1,B_count_2_3,B_count_4_5,B_count_6_8,E_count_eq_1,E_count_eq_2,P_B_count,P_E_count,B_E_count",26,294
additive_head,239,0.38725369726507586,0.4541098908463886,0.7609677782542588,"intercept,P:9.9,P:9.6,P:10.0,B:9.0,B:9.7,B:10.1,B:10.2,B:10.6,B:10.10,B:11.2,B:11.9,E:10.7,E:11.10",14,295
count_additive,239,0.39049335445017463,0.45980022387171066,0.7549397442477326,"intercept,P:9.9,P:9.6,P:10.0,B:9.0,B:9.7,B:10.1,B:10.2,B:10.6,B:10.10,B:11.2,B:11.9,E:10.7,E:11.10,P_count_eq_1,P_count_eq_2,P_count_eq_3,B_count_eq_1,B_count_2_3,B_count_4_5,B_count_6_8,E_count_eq_1,E_count_eq_2",23,295
count_plus_PB_count,239,0.3812171469748566,0.44169926427950873,0.7738545379525855,"intercept,P:9.9,P:9.6,P:10.0,B:9.0,B:9.7,B:10.1,B:10.2,B:10.6,B:10.10,B:11.2,B:11.9,E:10.7,E:11.10,P_count_eq_1,P_count_eq_2,P_count_eq_3,B_count_eq_1,B_count_2_3,B_count_4_5,B_count_6_8,E_count_eq_1,E_count_eq_2,P_B_count",24,295
count_plus_PE_count,239,0.2607912240179635,0.3149530777368576,0.8850189582938075,"intercept,P:9.9,P:9.6,P:10.0,B:9.0,B:9.7,B:10.1,B:10.2,B:10.6,B:10.10,B:11.2,B:11.9,E:10.7,E:11.10,P_count_eq_1,P_count_eq_2,P_count_eq_3,B_count_eq_1,B_count_2_3,B_count_4_5,B_count_6_8,E_count_eq_1,E_count_eq_2,P_E_count",24,295
count_plus_BE_count,239,0.38862453420817245,0.45486101224091186,0.7601763808174689,"intercept,P:9.9,P:9.6,P:10.0,B:9.0,B:9.7,B:10.1,B:10.2,B:10.6,B:10.10,B:11.2,B:11.9,E:10.7,E:11.10,P_count_eq_1,P_count_eq_2,P_count_eq_3,B_count_eq_1,B_count_2_3,B_count_4_5,B_count_6_8,E_count_eq_1,E_count_eq_2,B_E_count",24,295
count_plus_all_pairs,239,0.23430818351045046,0.2886644539913777,0.9034124517186184,"intercept,P:9.9,P:9.6,P:10.0,B:9.0,B:9.7,B:10.1,B:10.2,B:10.6,B:10.10,B:11.2,B:11.9,E:10.7,E:11.10,P_count_eq_1,P_count_eq_2,P_count_eq_3,B_count_eq_1,B_count_2_3,B_count_4_5,B_count_6_8,E_count_eq_1,E_count_eq_2,P_B_count,P_E_count,B_E_count",26,295
additive_head,239,0.3699885365765604,0.4368238325799142,0.7524692586504218,"intercept,P:9.9,P:9.6,P:10.0,B:9.0,B:9.7,B:10.1,B:10.2,B:10.6,B:10.10,B:11.2,B:11.9,E:10.7,E:11.10",14,296
count_additive,239,0.3731081940978726,0.44169829833240226,0.7469141031222228,"intercept,P:9.9,P:9.6,P:10.0,B:9.0,B:9.7,B:10.1,B:10.2,B:10.6,B:10.10,B:11.2,B:11.9,E:10.7,E:11.10,P_count_eq_1,P_count_eq_2,P_count_eq_3,B_count_eq_1,B_count_2_3,B_count_4_5,B_count_6_8,E_count_eq_1,E_count_eq_2",23,296
count_plus_PB_count,239,0.3649305449311456,0.4245131283482593,0.766224634888629,"intercept,P:9.9,P:9.6,P:10.0,B:9.0,B:9.7,B:10.1,B:10.2,B:10.6,B:10.10,B:11.2,B:11.9,E:10.7,E:11.10,P_count_eq_1,P_count_eq_2,P_count_eq_3,B_count_eq_1,B_count_2_3,B_count_4_5,B_count_6_8,E_count_eq_1,E_count_eq_2,P_B_count",24,296
count_plus_PE_count,239,0.24678330857488812,0.29971496481589194,0.883471180067556,"intercept,P:9.9,P:9.6,P:10.0,B:9.0,B:9.7,B:10.1,B:10.2,B:10.6,B:10.10,B:11.2,B:11.9,E:10.7,E:11.10,P_count_eq_1,P_count_eq_2,P_count_eq_3,B_count_eq_1,B_count_2_3,B_count_4_5,B_count_6_8,E_count_eq_1,E_count_eq_2,P_E_count",24,296
count_plus_BE_count,239,0.37061543692185117,0.4361574428382348,0.7532239158580447,"intercept,P:9.9,P:9.6,P:10.0,B:9.0,B:9.7,B:10.1,B:10.2,B:10.6,B:10.10,B:11.2,B:11.9,E:10.7,E:11.10,P_count_eq_1,P_count_eq_2,P_count_eq_3,B_count_eq_1,B_count_2_3,B_count_4_5,B_count_6_8,E_count_eq_1,E_count_eq_2,B_E_count",24,296
count_plus_all_pairs,239,0.2213340259540233,0.27362378333435045,0.9028765323886643,"intercept,P:9.9,P:9.6,P:10.0,B:9.0,B:9.7,B:10.1,B:10.2,B:10.6,B:10.10,B:11.2,B:11.9,E:10.7,E:11.10,P_count_eq_1,P_count_eq_2,P_count_eq_3,B_count_eq_1,B_count_2_3,B_count_4_5,B_count_6_8,E_count_eq_1,E_count_eq_2,P_B_count,P_E_count,B_E_count",26,296
additive_head,239,0.38909226791183366,0.45950588978054363,0.7714857206061484,"intercept,P:9.9,P:9.6,P:10.0,B:9.0,B:9.7,B:10.1,B:10.2,B:10.6,B:10.10,B:11.2,B:11.9,E:10.7,E:11.10",14,297
count_additive,239,0.39203390527455045,0.4639850276893264,0.7670090180325165,"intercept,P:9.9,P:9.6,P:10.0,B:9.0,B:9.7,B:10.1,B:10.2,B:10.6,B:10.10,B:11.2,B:11.9,E:10.7,E:11.10,P_count_eq_1,P_count_eq_2,P_count_eq_3,B_count_eq_1,B_count_2_3,B_count_4_5,B_count_6_8,E_count_eq_1,E_count_eq_2",23,297
count_plus_PB_count,239,0.381522468922238,0.44413796538572864,0.7865151915670859,"intercept,P:9.9,P:9.6,P:10.0,B:9.0,B:9.7,B:10.1,B:10.2,B:10.6,B:10.10,B:11.2,B:11.9,E:10.7,E:11.10,P_count_eq_1,P_count_eq_2,P_count_eq_3,B_count_eq_1,B_count_2_3,B_count_4_5,B_count_6_8,E_count_eq_1,E_count_eq_2,P_B_count",24,297
count_plus_PE_count,239,0.2612622833512473,0.31744406312999457,0.8909399739222613,"intercept,P:9.9,P:9.6,P:10.0,B:9.0,B:9.7,B:10.1,B:10.2,B:10.6,B:10.10,B:11.2,B:11.9,E:10.7,E:11.10,P_count_eq_1,P_count_eq_2,P_count_eq_3,B_count_eq_1,B_count_2_3,B_count_4_5,B_count_6_8,E_count_eq_1,E_count_eq_2,P_E_count",24,297
count_plus_BE_count,239,0.3888163130892331,0.45900971059347323,0.771978958300303,"intercept,P:9.9,P:9.6,P:10.0,B:9.0,B:9.7,B:10.1,B:10.2,B:10.6,B:10.10,B:11.2,B:11.9,E:10.7,E:11.10,P_count_eq_1,P_count_eq_2,P_count_eq_3,B_count_eq_1,B_count_2_3,B_count_4_5,B_count_6_8,E_count_eq_1,E_count_eq_2,B_E_count",24,297
count_plus_all_pairs,239,0.23388789168896282,0.288808331646829,0.9097285093135662,"intercept,P:9.9,P:9.6,P:10.0,B:9.0,B:9.7,B:10.1,B:10.2,B:10.6,B:10.10,B:11.2,B:11.9,E:10.7,E:11.10,P_count_eq_1,P_count_eq_2,P_count_eq_3,B_count_eq_1,B_count_2_3,B_count_4_5,B_count_6_8,E_count_eq_1,E_count_eq_2,P_B_count,P_E_count,B_E_count",26,297
additive_head,239,0.38087818732181195,0.44788699791598546,0.7503576856361225,"intercept,P:9.9,P:9.6,P:10.0,B:9.0,B:9.7,B:10.1,B:10.2,B:10.6,B:10.10,B:11.2,B:11.9,E:10.7,E:11.10",14,298
count_additive,239,0.38434854630367804,0.45353872908848114,0.7440176348764622,"intercept,P:9.9,P:9.6,P:10.0,B:9.0,B:9.7,B:10.1,B:10.2,B:10.6,B:10.10,B:11.2,B:11.9,E:10.7,E:11.10,P_count_eq_1,P_count_eq_2,P_count_eq_3,B_count_eq_1,B_count_2_3,B_count_4_5,B_count_6_8,E_count_eq_1,E_count_eq_2",23,298
count_plus_PB_count,239,0.375327229023609,0.4358802162141786,0.7635629101887015,"intercept,P:9.9,P:9.6,P:10.0,B:9.0,B:9.7,B:10.1,B:10.2,B:10.6,B:10.10,B:11.2,B:11.9,E:10.7,E:11.10,P_count_eq_1,P_count_eq_2,P_count_eq_3,B_count_eq_1,B_count_2_3,B_count_4_5,B_count_6_8,E_count_eq_1,E_count_eq_2,P_B_count",24,298
count_plus_PE_count,239,0.25352965304657493,0.30785081220570304,0.8820597898319433,"intercept,P:9.9,P:9.6,P:10.0,B:9.0,B:9.7,B:10.1,B:10.2,B:10.6,B:10.10,B:11.2,B:11.9,E:10.7,E:11.10,P_count_eq_1,P_count_eq_2,P_count_eq_3,B_count_eq_1,B_count_2_3,B_count_4_5,B_count_6_8,E_count_eq_1,E_count_eq_2,P_E_count",24,298
count_plus_BE_count,239,0.38179495908210154,0.4478632278668171,0.7503841827331628,"intercept,P:9.9,P:9.6,P:10.0,B:9.0,B:9.7,B:10.1,B:10.2,B:10.6,B:10.10,B:11.2,B:11.9,E:10.7,E:11.10,P_count_eq_1,P_count_eq_2,P_count_eq_3,B_count_eq_1,B_count_2_3,B_count_4_5,B_count_6_8,E_count_eq_1,E_count_eq_2,B_E_count",24,298
count_plus_all_pairs,239,0.2273348736305018,0.28104488090560387,0.9017047235672356,"intercept,P:9.9,P:9.6,P:10.0,B:9.0,B:9.7,B:10.1,B:10.2,B:10.6,B:10.10,B:11.2,B:11.9,E:10.7,E:11.10,P_count_eq_1,P_count_eq_2,P_count_eq_3,B_count_eq_1,B_count_2_3,B_count_4_5,B_count_6_8,E_count_eq_1,E_count_eq_2,P_B_count,P_E_count,B_E_count",26,298
additive_head,239,0.3870871156008946,0.45539860648166003,0.7406916191093762,"intercept,P:9.9,P:9.6,P:10.0,B:9.0,B:9.7,B:10.1,B:10.2,B:10.6,B:10.10,B:11.2,B:11.9,E:10.7,E:11.10",14,299
count_additive,239,0.390282339543945,0.4608087598891627,0.7344938339476009,"intercept,P:9.9,P:9.6,P:10.0,B:9.0,B:9.7,B:10.1,B:10.2,B:10.6,B:10.10,B:11.2,B:11.9,E:10.7,E:11.10,P_count_eq_1,P_count_eq_2,P_count_eq_3,B_count_eq_1,B_count_2_3,B_count_4_5,B_count_6_8,E_count_eq_1,E_count_eq_2",23,299
count_plus_PB_count,239,0.3828300080769679,0.4446399084959465,0.7527991049419215,"intercept,P:9.9,P:9.6,P:10.0,B:9.0,B:9.7,B:10.1,B:10.2,B:10.6,B:10.10,B:11.2,B:11.9,E:10.7,E:11.10,P_count_eq_1,P_count_eq_2,P_count_eq_3,B_count_eq_1,B_count_2_3,B_count_4_5,B_count_6_8,E_count_eq_1,E_count_eq_2,P_B_count",24,299
count_plus_PE_count,239,0.25715391297739987,0.31261050094261245,0.8778087005009173,"intercept,P:9.9,P:9.6,P:10.0,B:9.0,B:9.7,B:10.1,B:10.2,B:10.6,B:10.10,B:11.2,B:11.9,E:10.7,E:11.10,P_count_eq_1,P_count_eq_2,P_count_eq_3,B_count_eq_1,B_count_2_3,B_count_4_5,B_count_6_8,E_count_eq_1,E_count_eq_2,P_E_count",24,299
count_plus_BE_count,239,0.38828798577913026,0.45512215075275053,0.7410063566912436,"intercept,P:9.9,P:9.6,P:10.0,B:9.0,B:9.7,B:10.1,B:10.2,B:10.6,B:10.10,B:11.2,B:11.9,E:10.7,E:11.10,P_count_eq_1,P_count_eq_2,P_count_eq_3,B_count_eq_1,B_count_2_3,B_count_4_5,B_count_6_8,E_count_eq_1,E_count_eq_2,B_E_count",24,299
count_plus_all_pairs,239,0.23244439755745125,0.2878445343019805,0.8964025338174855,"intercept,P:9.9,P:9.6,P:10.0,B:9.0,B:9.7,B:10.1,B:10.2,B:10.6,B:10.10,B:11.2,B:11.9,E:10.7,E:11.10,P_count_eq_1,P_count_eq_2,P_count_eq_3,B_count_eq_1,B_count_2_3,B_count_4_5,B_count_6_8,E_count_eq_1,E_count_eq_2,P_B_count,P_E_count,B_E_count",26,299
additive_head,239,0.37132906808360294,0.43778652072007385,0.7550964116785607,"intercept,P:9.9,P:9.6,P:10.0,B:9.0,B:9.7,B:10.1,B:10.2,B:10.6,B:10.10,B:11.2,B:11.9,E:10.7,E:11.10",14,300
count_additive,239,0.37443776949546625,0.4434087834152923,0.7487656832330865,"intercept,P:9.9,P:9.6,P:10.0,B:9.0,B:9.7,B:10.1,B:10.2,B:10.6,B:10.10,B:11.2,B:11.9,E:10.7,E:11.10,P_count_eq_1,P_count_eq_2,P_count_eq_3,B_count_eq_1,B_count_2_3,B_count_4_5,B_count_6_8,E_count_eq_1,E_count_eq_2",23,300
count_plus_PB_count,239,0.36619236639021346,0.42730710322802,0.7666807339486607,"intercept,P:9.9,P:9.6,P:10.0,B:9.0,B:9.7,B:10.1,B:10.2,B:10.6,B:10.10,B:11.2,B:11.9,E:10.7,E:11.10,P_count_eq_1,P_count_eq_2,P_count_eq_3,B_count_eq_1,B_count_2_3,B_count_4_5,B_count_6_8,E_count_eq_1,E_count_eq_2,P_B_count",24,300
count_plus_PE_count,239,0.24495886306077086,0.2985004720889611,0.8861428203492779,"intercept,P:9.9,P:9.6,P:10.0,B:9.0,B:9.7,B:10.1,B:10.2,B:10.6,B:10.10,B:11.2,B:11.9,E:10.7,E:11.10,P_count_eq_1,P_count_eq_2,P_count_eq_3,B_count_eq_1,B_count_2_3,B_count_4_5,B_count_6_8,E_count_eq_1,E_count_eq_2,P_E_count",24,300
count_plus_BE_count,239,0.3714563633350606,0.4370118999756131,0.7559623111821909,"intercept,P:9.9,P:9.6,P:10.0,B:9.0,B:9.7,B:10.1,B:10.2,B:10.6,B:10.10,B:11.2,B:11.9,E:10.7,E:11.10,P_count_eq_1,P_count_eq_2,P_count_eq_3,B_count_eq_1,B_count_2_3,B_count_4_5,B_count_6_8,E_count_eq_1,E_count_eq_2,B_E_count",24,300
count_plus_all_pairs,239,0.22031082328746582,0.27276280903619476,0.9049306147104046,"intercept,P:9.9,P:9.6,P:10.0,B:9.0,B:9.7,B:10.1,B:10.2,B:10.6,B:10.10,B:11.2,B:11.9,E:10.7,E:11.10,P_count_eq_1,P_count_eq_2,P_count_eq_3,B_count_eq_1,B_count_2_3,B_count_4_5,B_count_6_8,E_count_eq_1,E_count_eq_2,P_B_count,P_E_count,B_E_count",26,300
additive_head,239,0.3932910165821696,0.4635401683492958,0.7692662358476403,"intercept,P:9.9,P:9.6,P:10.0,B:9.0,B:9.7,B:10.1,B:10.2,B:10.6,B:10.10,B:11.2,B:11.9,E:10.7,E:11.10",14,301
count_additive,239,0.39672617920256575,0.46852757210057705,0.76427442170185,"intercept,P:9.9,P:9.6,P:10.0,B:9.0,B:9.7,B:10.1,B:10.2,B:10.6,B:10.10,B:11.2,B:11.9,E:10.7,E:11.10,P_count_eq_1,P_count_eq_2,P_count_eq_3,B_count_eq_1,B_count_2_3,B_count_4_5,B_count_6_8,E_count_eq_1,E_count_eq_2",23,301
count_plus_PB_count,239,0.385898020966539,0.4488568746300131,0.7836523584865722,"intercept,P:9.9,P:9.6,P:10.0,B:9.0,B:9.7,B:10.1,B:10.2,B:10.6,B:10.10,B:11.2,B:11.9,E:10.7,E:11.10,P_count_eq_1,P_count_eq_2,P_count_eq_3,B_count_eq_1,B_count_2_3,B_count_4_5,B_count_6_8,E_count_eq_1,E_count_eq_2,P_B_count",24,301
count_plus_PE_count,239,0.2619073140529799,0.31711700441382645,0.8920120085417876,"intercept,P:9.9,P:9.6,P:10.0,B:9.0,B:9.7,B:10.1,B:10.2,B:10.6,B:10.10,B:11.2,B:11.9,E:10.7,E:11.10,P_count_eq_1,P_count_eq_2,P_count_eq_3,B_count_eq_1,B_count_2_3,B_count_4_5,B_count_6_8,E_count_eq_1,E_count_eq_2,P_E_count",24,301
count_plus_BE_count,239,0.39390472335163274,0.46389044002088264,0.7689173986067903,"intercept,P:9.9,P:9.6,P:10.0,B:9.0,B:9.7,B:10.1,B:10.2,B:10.6,B:10.10,B:11.2,B:11.9,E:10.7,E:11.10,P_count_eq_1,P_count_eq_2,P_count_eq_3,B_count_eq_1,B_count_2_3,B_count_4_5,B_count_6_8,E_count_eq_1,E_count_eq_2,B_E_count",24,301
count_plus_all_pairs,239,0.2344387895196446,0.28896483979980536,0.9103342866377578,"intercept,P:9.9,P:9.6,P:10.0,B:9.0,B:9.7,B:10.1,B:10.2,B:10.6,B:10.10,B:11.2,B:11.9,E:10.7,E:11.10,P_count_eq_1,P_count_eq_2,P_count_eq_3,B_count_eq_1,B_count_2_3,B_count_4_5,B_count_6_8,E_count_eq_1,E_count_eq_2,P_B_count,P_E_count,B_E_count",26,301
additive_head,239,0.3845122591724472,0.4527631783238659,0.7623801682172107,"intercept,P:9.9,P:9.6,P:10.0,B:9.0,B:9.7,B:10.1,B:10.2,B:10.6,B:10.10,B:11.2,B:11.9,E:10.7,E:11.10",14,302
count_additive,239,0.3876480660146919,0.4576825386680573,0.7571885448641975,"intercept,P:9.9,P:9.6,P:10.0,B:9.0,B:9.7,B:10.1,B:10.2,B:10.6,B:10.10,B:11.2,B:11.9,E:10.7,E:11.10,P_count_eq_1,P_count_eq_2,P_count_eq_3,B_count_eq_1,B_count_2_3,B_count_4_5,B_count_6_8,E_count_eq_1,E_count_eq_2",23,302
count_plus_PB_count,239,0.3786616719555116,0.4396425492879791,0.7759525944505881,"intercept,P:9.9,P:9.6,P:10.0,B:9.0,B:9.7,B:10.1,B:10.2,B:10.6,B:10.10,B:11.2,B:11.9,E:10.7,E:11.10,P_count_eq_1,P_count_eq_2,P_count_eq_3,B_count_eq_1,B_count_2_3,B_count_4_5,B_count_6_8,E_count_eq_1,E_count_eq_2,P_B_count",24,302
count_plus_PE_count,239,0.2554839091716294,0.30954037103368437,0.8889355470344925,"intercept,P:9.9,P:9.6,P:10.0,B:9.0,B:9.7,B:10.1,B:10.2,B:10.6,B:10.10,B:11.2,B:11.9,E:10.7,E:11.10,P_count_eq_1,P_count_eq_2,P_count_eq_3,B_count_eq_1,B_count_2_3,B_count_4_5,B_count_6_8,E_count_eq_1,E_count_eq_2,P_E_count",24,302
count_plus_BE_count,239,0.38539187076505294,0.4525666633686128,0.762586393983943,"intercept,P:9.9,P:9.6,P:10.0,B:9.0,B:9.7,B:10.1,B:10.2,B:10.6,B:10.10,B:11.2,B:11.9,E:10.7,E:11.10,P_count_eq_1,P_count_eq_2,P_count_eq_3,B_count_eq_1,B_count_2_3,B_count_4_5,B_count_6_8,E_count_eq_1,E_count_eq_2,B_E_count",24,302
count_plus_all_pairs,239,0.22884911815986847,0.28280369317044696,0.9072934034411799,"intercept,P:9.9,P:9.6,P:10.0,B:9.0,B:9.7,B:10.1,B:10.2,B:10.6,B:10.10,B:11.2,B:11.9,E:10.7,E:11.10,P_count_eq_1,P_count_eq_2,P_count_eq_3,B_count_eq_1,B_count_2_3,B_count_4_5,B_count_6_8,E_count_eq_1,E_count_eq_2,P_B_count,P_E_count,B_E_count",26,302
additive_head,239,0.39644926482551013,0.4670058923713997,0.7525654265988753,"intercept,P:9.9,P:9.6,P:10.0,B:9.0,B:9.7,B:10.1,B:10.2,B:10.6,B:10.10,B:11.2,B:11.9,E:10.7,E:11.10",14,303
count_additive,239,0.3997678376831134,0.4725414492335756,0.7466648337818276,"intercept,P:9.9,P:9.6,P:10.0,B:9.0,B:9.7,B:10.1,B:10.2,B:10.6,B:10.10,B:11.2,B:11.9,E:10.7,E:11.10,P_count_eq_1,P_count_eq_2,P_count_eq_3,B_count_eq_1,B_count_2_3,B_count_4_5,B_count_6_8,E_count_eq_1,E_count_eq_2",23,303
count_plus_PB_count,239,0.390650310237292,0.4537603475049583,0.7664022015492933,"intercept,P:9.9,P:9.6,P:10.0,B:9.0,B:9.7,B:10.1,B:10.2,B:10.6,B:10.10,B:11.2,B:11.9,E:10.7,E:11.10,P_count_eq_1,P_count_eq_2,P_count_eq_3,B_count_eq_1,B_count_2_3,B_count_4_5,B_count_6_8,E_count_eq_1,E_count_eq_2,P_B_count",24,303
count_plus_PE_count,239,0.2653132478466003,0.32125193063964447,0.882913410891807,"intercept,P:9.9,P:9.6,P:10.0,B:9.0,B:9.7,B:10.1,B:10.2,B:10.6,B:10.10,B:11.2,B:11.9,E:10.7,E:11.10,P_count_eq_1,P_count_eq_2,P_count_eq_3,B_count_eq_1,B_count_2_3,B_count_4_5,B_count_6_8,E_count_eq_1,E_count_eq_2,P_E_count",24,303
count_plus_BE_count,239,0.39712125886564187,0.46754651069291203,0.7519922214533812,"intercept,P:9.9,P:9.6,P:10.0,B:9.0,B:9.7,B:10.1,B:10.2,B:10.6,B:10.10,B:11.2,B:11.9,E:10.7,E:11.10,P_count_eq_1,P_count_eq_2,P_count_eq_3,B_count_eq_1,B_count_2_3,B_count_4_5,B_count_6_8,E_count_eq_1,E_count_eq_2,B_E_count",24,303
count_plus_all_pairs,239,0.23797052200112356,0.29372090791460176,0.902121932547699,"intercept,P:9.9,P:9.6,P:10.0,B:9.0,B:9.7,B:10.1,B:10.2,B:10.6,B:10.10,B:11.2,B:11.9,E:10.7,E:11.10,P_count_eq_1,P_count_eq_2,P_count_eq_3,B_count_eq_1,B_count_2_3,B_count_4_5,B_count_6_8,E_count_eq_1,E_count_eq_2,P_B_count,P_E_count,B_E_count",26,303
additive_head,239,0.38505289490385336,0.4550085090437838,0.7677399853049983,"intercept,P:9.9,P:9.6,P:10.0,B:9.0,B:9.7,B:10.1,B:10.2,B:10.6,B:10.10,B:11.2,B:11.9,E:10.7,E:11.10",14,304
count_additive,239,0.38789267709438335,0.45976012459546667,0.7628637127495566,"intercept,P:9.9,P:9.6,P:10.0,B:9.0,B:9.7,B:10.1,B:10.2,B:10.6,B:10.10,B:11.2,B:11.9,E:10.7,E:11.10,P_count_eq_1,P_count_eq_2,P_count_eq_3,B_count_eq_1,B_count_2_3,B_count_4_5,B_count_6_8,E_count_eq_1,E_count_eq_2",23,304
count_plus_PB_count,239,0.377279558802012,0.44002365572261476,0.7827861756421037,"intercept,P:9.9,P:9.6,P:10.0,B:9.0,B:9.7,B:10.1,B:10.2,B:10.6,B:10.10,B:11.2,B:11.9,E:10.7,E:11.10,P_count_eq_1,P_count_eq_2,P_count_eq_3,B_count_eq_1,B_count_2_3,B_count_4_5,B_count_6_8,E_count_eq_1,E_count_eq_2,P_B_count",24,304
count_plus_PE_count,239,0.2571978279237347,0.31298258365629894,0.8901055512189304,"intercept,P:9.9,P:9.6,P:10.0,B:9.0,B:9.7,B:10.1,B:10.2,B:10.6,B:10.10,B:11.2,B:11.9,E:10.7,E:11.10,P_count_eq_1,P_count_eq_2,P_count_eq_3,B_count_eq_1,B_count_2_3,B_count_4_5,B_count_6_8,E_count_eq_1,E_count_eq_2,P_E_count",24,304
count_plus_BE_count,239,0.38395367414512993,0.4540676923786593,0.7686994758569217,"intercept,P:9.9,P:9.6,P:10.0,B:9.0,B:9.7,B:10.1,B:10.2,B:10.6,B:10.10,B:11.2,B:11.9,E:10.7,E:11.10,P_count_eq_1,P_count_eq_2,P_count_eq_3,B_count_eq_1,B_count_2_3,B_count_4_5,B_count_6_8,E_count_eq_1,E_count_eq_2,B_E_count",24,304
count_plus_all_pairs,239,0.22968506288426527,0.28364593583282005,0.9097414104030759,"intercept,P:9.9,P:9.6,P:10.0,B:9.0,B:9.7,B:10.1,B:10.2,B:10.6,B:10.10,B:11.2,B:11.9,E:10.7,E:11.10,P_count_eq_1,P_count_eq_2,P_count_eq_3,B_count_eq_1,B_count_2_3,B_count_4_5,B_count_6_8,E_count_eq_1,E_count_eq_2,P_B_count,P_E_count,B_E_count",26,304
additive_head,239,0.37720573112979283,0.44412553441341407,0.7563031184946449,"intercept,P:9.9,P:9.6,P:10.0,B:9.0,B:9.7,B:10.1,B:10.2,B:10.6,B:10.10,B:11.2,B:11.9,E:10.7,E:11.10",14,305
count_additive,239,0.3804053281137681,0.44940589223720184,0.7504738820577417,"intercept,P:9.9,P:9.6,P:10.0,B:9.0,B:9.7,B:10.1,B:10.2,B:10.6,B:10.10,B:11.2,B:11.9,E:10.7,E:11.10,P_count_eq_1,P_count_eq_2,P_count_eq_3,B_count_eq_1,B_count_2_3,B_count_4_5,B_count_6_8,E_count_eq_1,E_count_eq_2",23,305
count_plus_PB_count,239,0.3722549847112638,0.43334845893724355,0.7679866373461744,"intercept,P:9.9,P:9.6,P:10.0,B:9.0,B:9.7,B:10.1,B:10.2,B:10.6,B:10.10,B:11.2,B:11.9,E:10.7,E:11.10,P_count_eq_1,P_count_eq_2,P_count_eq_3,B_count_eq_1,B_count_2_3,B_count_4_5,B_count_6_8,E_count_eq_1,E_count_eq_2,P_B_count",24,305
count_plus_PE_count,239,0.24912740935097094,0.3029792510404614,0.8865866285538284,"intercept,P:9.9,P:9.6,P:10.0,B:9.0,B:9.7,B:10.1,B:10.2,B:10.6,B:10.10,B:11.2,B:11.9,E:10.7,E:11.10,P_count_eq_1,P_count_eq_2,P_count_eq_3,B_count_eq_1,B_count_2_3,B_count_4_5,B_count_6_8,E_count_eq_1,E_count_eq_2,P_E_count",24,305
count_plus_BE_count,239,0.37776509602020325,0.44331732417573483,0.7571892603126296,"intercept,P:9.9,P:9.6,P:10.0,B:9.0,B:9.7,B:10.1,B:10.2,B:10.6,B:10.10,B:11.2,B:11.9,E:10.7,E:11.10,P_count_eq_1,P_count_eq_2,P_count_eq_3,B_count_eq_1,B_count_2_3,B_count_4_5,B_count_6_8,E_count_eq_1,E_count_eq_2,B_E_count",24,305
count_plus_all_pairs,239,0.22435353920403509,0.2776090364429107,0.9047849317613261,"intercept,P:9.9,P:9.6,P:10.0,B:9.0,B:9.7,B:10.1,B:10.2,B:10.6,B:10.10,B:11.2,B:11.9,E:10.7,E:11.10,P_count_eq_1,P_count_eq_2,P_count_eq_3,B_count_eq_1,B_count_2_3,B_count_4_5,B_count_6_8,E_count_eq_1,E_count_eq_2,P_B_count,P_E_count,B_E_count",26,305
additive_head,239,0.3866375214315545,0.4528100061321272,0.7459069492780466,"intercept,P:9.9,P:9.6,P:10.0,B:9.0,B:9.7,B:10.1,B:10.2,B:10.6,B:10.10,B:11.2,B:11.9,E:10.7,E:11.10",14,306
count_additive,239,0.39024777399604105,0.45851995387772543,0.7394583032496331,"intercept,P:9.9,P:9.6,P:10.0,B:9.0,B:9.7,B:10.1,B:10.2,B:10.6,B:10.10,B:11.2,B:11.9,E:10.7,E:11.10,P_count_eq_1,P_count_eq_2,P_count_eq_3,B_count_eq_1,B_count_2_3,B_count_4_5,B_count_6_8,E_count_eq_1,E_count_eq_2",23,306
count_plus_PB_count,239,0.38269256781767075,0.4421300388152368,0.7577516644591636,"intercept,P:9.9,P:9.6,P:10.0,B:9.0,B:9.7,B:10.1,B:10.2,B:10.6,B:10.10,B:11.2,B:11.9,E:10.7,E:11.10,P_count_eq_1,P_count_eq_2,P_count_eq_3,B_count_eq_1,B_count_2_3,B_count_4_5,B_count_6_8,E_count_eq_1,E_count_eq_2,P_B_count",24,306
count_plus_PE_count,239,0.2587744884056798,0.31307787791727887,0.8785309821639906,"intercept,P:9.9,P:9.6,P:10.0,B:9.0,B:9.7,B:10.1,B:10.2,B:10.6,B:10.10,B:11.2,B:11.9,E:10.7,E:11.10,P_count_eq_1,P_count_eq_2,P_count_eq_3,B_count_eq_1,B_count_2_3,B_count_4_5,B_count_6_8,E_count_eq_1,E_count_eq_2,P_E_count",24,306
count_plus_BE_count,239,0.38894474426739395,0.4538634538171538,0.7447232956505383,"intercept,P:9.9,P:9.6,P:10.0,B:9.0,B:9.7,B:10.1,B:10.2,B:10.6,B:10.10,B:11.2,B:11.9,E:10.7,E:11.10,P_count_eq_1,P_count_eq_2,P_count_eq_3,B_count_eq_1,B_count_2_3,B_count_4_5,B_count_6_8,E_count_eq_1,E_count_eq_2,B_E_count",24,306
count_plus_all_pairs,239,0.2341708504437837,0.2893410640177791,0.8962517200112052,"intercept,P:9.9,P:9.6,P:10.0,B:9.0,B:9.7,B:10.1,B:10.2,B:10.6,B:10.10,B:11.2,B:11.9,E:10.7,E:11.10,P_count_eq_1,P_count_eq_2,P_count_eq_3,B_count_eq_1,B_count_2_3,B_count_4_5,B_count_6_8,E_count_eq_1,E_count_eq_2,P_B_count,P_E_count,B_E_count",26,306
additive_head,239,0.3927724126928114,0.464132790580241,0.765676883405098,"intercept,P:9.9,P:9.6,P:10.0,B:9.0,B:9.7,B:10.1,B:10.2,B:10.6,B:10.10,B:11.2,B:11.9,E:10.7,E:11.10",14,307
count_additive,239,0.39637556293422593,0.4692871999547073,0.7604434507874769,"intercept,P:9.9,P:9.6,P:10.0,B:9.0,B:9.7,B:10.1,B:10.2,B:10.6,B:10.10,B:11.2,B:11.9,E:10.7,E:11.10,P_count_eq_1,P_count_eq_2,P_count_eq_3,B_count_eq_1,B_count_2_3,B_count_4_5,B_count_6_8,E_count_eq_1,E_count_eq_2",23,307
count_plus_PB_count,239,0.38554984383278873,0.4497366349167102,0.7799875977433641,"intercept,P:9.9,P:9.6,P:10.0,B:9.0,B:9.7,B:10.1,B:10.2,B:10.6,B:10.10,B:11.2,B:11.9,E:10.7,E:11.10,P_count_eq_1,P_count_eq_2,P_count_eq_3,B_count_eq_1,B_count_2_3,B_count_4_5,B_count_6_8,E_count_eq_1,E_count_eq_2,P_B_count",24,307
count_plus_PE_count,239,0.26210747016911173,0.31832430192850364,0.8897775090194127,"intercept,P:9.9,P:9.6,P:10.0,B:9.0,B:9.7,B:10.1,B:10.2,B:10.6,B:10.10,B:11.2,B:11.9,E:10.7,E:11.10,P_count_eq_1,P_count_eq_2,P_count_eq_3,B_count_eq_1,B_count_2_3,B_count_4_5,B_count_6_8,E_count_eq_1,E_count_eq_2,P_E_count",24,307
count_plus_BE_count,239,0.39322588091972915,0.46431302910061445,0.7654948568250338,"intercept,P:9.9,P:9.6,P:10.0,B:9.0,B:9.7,B:10.1,B:10.2,B:10.6,B:10.10,B:11.2,B:11.9,E:10.7,E:11.10,P_count_eq_1,P_count_eq_2,P_count_eq_3,B_count_eq_1,B_count_2_3,B_count_4_5,B_count_6_8,E_count_eq_1,E_count_eq_2,B_E_count",24,307
count_plus_all_pairs,239,0.23452732163283602,0.28974134685790215,0.9086830116088745,"intercept,P:9.9,P:9.6,P:10.0,B:9.0,B:9.7,B:10.1,B:10.2,B:10.6,B:10.10,B:11.2,B:11.9,E:10.7,E:11.10,P_count_eq_1,P_count_eq_2,P_count_eq_3,B_count_eq_1,B_count_2_3,B_count_4_5,B_count_6_8,E_count_eq_1,E_count_eq_2,P_B_count,P_E_count,B_E_count",26,307
additive_head,239,0.383398407875358,0.4529586414420385,0.768516977467095,"intercept,P:9.9,P:9.6,P:10.0,B:9.0,B:9.7,B:10.1,B:10.2,B:10.6,B:10.10,B:11.2,B:11.9,E:10.7,E:11.10",14,308
count_additive,239,0.3864598618094855,0.4576970473479505,0.7636485521589352,"intercept,P:9.9,P:9.6,P:10.0,B:9.0,B:9.7,B:10.1,B:10.2,B:10.6,B:10.10,B:11.2,B:11.9,E:10.7,E:11.10,P_count_eq_1,P_count_eq_2,P_count_eq_3,B_count_eq_1,B_count_2_3,B_count_4_5,B_count_6_8,E_count_eq_1,E_count_eq_2",23,308
count_plus_PB_count,239,0.3761485399050813,0.43858828564926766,0.7829718336102912,"intercept,P:9.9,P:9.6,P:10.0,B:9.0,B:9.7,B:10.1,B:10.2,B:10.6,B:10.10,B:11.2,B:11.9,E:10.7,E:11.10,P_count_eq_1,P_count_eq_2,P_count_eq_3,B_count_eq_1,B_count_2_3,B_count_4_5,B_count_6_8,E_count_eq_1,E_count_eq_2,P_B_count",24,308
count_plus_PE_count,239,0.25556466583239934,0.3103132783569043,0.8913567460563039,"intercept,P:9.9,P:9.6,P:10.0,B:9.0,B:9.7,B:10.1,B:10.2,B:10.6,B:10.10,B:11.2,B:11.9,E:10.7,E:11.10,P_count_eq_1,P_count_eq_2,P_count_eq_3,B_count_eq_1,B_count_2_3,B_count_4_5,B_count_6_8,E_count_eq_1,E_count_eq_2,P_E_count",24,308
count_plus_BE_count,239,0.38378508684757917,0.4532117663939962,0.7682581878313568,"intercept,P:9.9,P:9.6,P:10.0,B:9.0,B:9.7,B:10.1,B:10.2,B:10.6,B:10.10,B:11.2,B:11.9,E:10.7,E:11.10,P_count_eq_1,P_count_eq_2,P_count_eq_3,B_count_eq_1,B_count_2_3,B_count_4_5,B_count_6_8,E_count_eq_1,E_count_eq_2,B_E_count",24,308
count_plus_all_pairs,239,0.2289298526254067,0.28289552665885126,0.9097069744164274,"intercept,P:9.9,P:9.6,P:10.0,B:9.0,B:9.7,B:10.1,B:10.2,B:10.6,B:10.10,B:11.2,B:11.9,E:10.7,E:11.10,P_count_eq_1,P_count_eq_2,P_count_eq_3,B_count_eq_1,B_count_2_3,B_count_4_5,B_count_6_8,E_count_eq_1,E_count_eq_2,P_B_count,P_E_count,B_E_count",26,308
additive_head,239,0.3709251418414634,0.4386763422602928,0.7620796159312023,"intercept,P:9.9,P:9.6,P:10.0,B:9.0,B:9.7,B:10.1,B:10.2,B:10.6,B:10.10,B:11.2,B:11.9,E:10.7,E:11.10",14,309
count_additive,239,0.37397522187669247,0.4431914229968295,0.7571568156831673,"intercept,P:9.9,P:9.6,P:10.0,B:9.0,B:9.7,B:10.1,B:10.2,B:10.6,B:10.10,B:11.2,B:11.9,E:10.7,E:11.10,P_count_eq_1,P_count_eq_2,P_count_eq_3,B_count_eq_1,B_count_2_3,B_count_4_5,B_count_6_8,E_count_eq_1,E_count_eq_2",23,309
count_plus_PB_count,239,0.3645289136071433,0.42508676136595075,0.7765921728838302,"intercept,P:9.9,P:9.6,P:10.0,B:9.0,B:9.7,B:10.1,B:10.2,B:10.6,B:10.10,B:11.2,B:11.9,E:10.7,E:11.10,P_count_eq_1,P_count_eq_2,P_count_eq_3,B_count_eq_1,B_count_2_3,B_count_4_5,B_count_6_8,E_count_eq_1,E_count_eq_2,P_B_count",24,309
count_plus_PE_count,239,0.24841350801840753,0.3019522258059887,0.8872751423247751,"intercept,P:9.9,P:9.6,P:10.0,B:9.0,B:9.7,B:10.1,B:10.2,B:10.6,B:10.10,B:11.2,B:11.9,E:10.7,E:11.10,P_count_eq_1,P_count_eq_2,P_count_eq_3,B_count_eq_1,B_count_2_3,B_count_4_5,B_count_6_8,E_count_eq_1,E_count_eq_2,P_E_count",24,309
count_plus_BE_count,239,0.37087320290298065,0.43806032573338305,0.7627473518823655,"intercept,P:9.9,P:9.6,P:10.0,B:9.0,B:9.7,B:10.1,B:10.2,B:10.6,B:10.10,B:11.2,B:11.9,E:10.7,E:11.10,P_count_eq_1,P_count_eq_2,P_count_eq_3,B_count_eq_1,B_count_2_3,B_count_4_5,B_count_6_8,E_count_eq_1,E_count_eq_2,B_E_count",24,309
count_plus_all_pairs,239,0.22275759323611583,0.27516706371968985,0.9063870084294616,"intercept,P:9.9,P:9.6,P:10.0,B:9.0,B:9.7,B:10.1,B:10.2,B:10.6,B:10.10,B:11.2,B:11.9,E:10.7,E:11.10,P_count_eq_1,P_count_eq_2,P_count_eq_3,B_count_eq_1,B_count_2_3,B_count_4_5,B_count_6_8,E_count_eq_1,E_count_eq_2,P_B_count,P_E_count,B_E_count",26,309
additive_head,239,0.3836568100101354,0.4524142572286494,0.7670713028142696,"intercept,P:9.9,P:9.6,P:10.0,B:9.0,B:9.7,B:10.1,B:10.2,B:10.6,B:10.10,B:11.2,B:11.9,E:10.7,E:11.10",14,310
count_additive,239,0.38651403913232824,0.4570643580001768,0.7622584199871167,"intercept,P:9.9,P:9.6,P:10.0,B:9.0,B:9.7,B:10.1,B:10.2,B:10.6,B:10.10,B:11.2,B:11.9,E:10.7,E:11.10,P_count_eq_1,P_count_eq_2,P_count_eq_3,B_count_eq_1,B_count_2_3,B_count_4_5,B_count_6_8,E_count_eq_1,E_count_eq_2",23,310
count_plus_PB_count,239,0.3766543445285159,0.4382418495923761,0.781436252777233,"intercept,P:9.9,P:9.6,P:10.0,B:9.0,B:9.7,B:10.1,B:10.2,B:10.6,B:10.10,B:11.2,B:11.9,E:10.7,E:11.10,P_count_eq_1,P_count_eq_2,P_count_eq_3,B_count_eq_1,B_count_2_3,B_count_4_5,B_count_6_8,E_count_eq_1,E_count_eq_2,P_B_count",24,310
count_plus_PE_count,239,0.2572340766318904,0.3116768987822395,0.8894497675386256,"intercept,P:9.9,P:9.6,P:10.0,B:9.0,B:9.7,B:10.1,B:10.2,B:10.6,B:10.10,B:11.2,B:11.9,E:10.7,E:11.10,P_count_eq_1,P_count_eq_2,P_count_eq_3,B_count_eq_1,B_count_2_3,B_count_4_5,B_count_6_8,E_count_eq_1,E_count_eq_2,P_E_count",24,310
count_plus_BE_count,239,0.3835702603612518,0.45153005523989126,0.7679808884560636,"intercept,P:9.9,P:9.6,P:10.0,B:9.0,B:9.7,B:10.1,B:10.2,B:10.6,B:10.10,B:11.2,B:11.9,E:10.7,E:11.10,P_count_eq_1,P_count_eq_2,P_count_eq_3,B_count_eq_1,B_count_2_3,B_count_4_5,B_count_6_8,E_count_eq_1,E_count_eq_2,B_E_count",24,310
count_plus_all_pairs,239,0.22984492796282133,0.2836795052217028,0.9084187949449108,"intercept,P:9.9,P:9.6,P:10.0,B:9.0,B:9.7,B:10.1,B:10.2,B:10.6,B:10.10,B:11.2,B:11.9,E:10.7,E:11.10,P_count_eq_1,P_count_eq_2,P_count_eq_3,B_count_eq_1,B_count_2_3,B_count_4_5,B_count_6_8,E_count_eq_1,E_count_eq_2,P_B_count,P_E_count,B_E_count",26,310
additive_head,239,0.3797673611145922,0.44845239566236045,0.774463289651908,"intercept,P:9.9,P:9.6,P:10.0,B:9.0,B:9.7,B:10.1,B:10.2,B:10.6,B:10.10,B:11.2,B:11.9,E:10.7,E:11.10",14,311
count_additive,239,0.3825784778734922,0.45307311117440957,0.7697916235568323,"intercept,P:9.9,P:9.6,P:10.0,B:9.0,B:9.7,B:10.1,B:10.2,B:10.6,B:10.10,B:11.2,B:11.9,E:10.7,E:11.10,P_count_eq_1,P_count_eq_2,P_count_eq_3,B_count_eq_1,B_count_2_3,B_count_4_5,B_count_6_8,E_count_eq_1,E_count_eq_2",23,311
count_plus_PB_count,239,0.3720741072946395,0.43326500970364046,0.7894807671071526,"intercept,P:9.9,P:9.6,P:10.0,B:9.0,B:9.7,B:10.1,B:10.2,B:10.6,B:10.10,B:11.2,B:11.9,E:10.7,E:11.10,P_count_eq_1,P_count_eq_2,P_count_eq_3,B_count_eq_1,B_count_2_3,B_count_4_5,B_count_6_8,E_count_eq_1,E_count_eq_2,P_B_count",24,311
count_plus_PE_count,239,0.2552446386752638,0.30957300139959193,0.8925241965547694,"intercept,P:9.9,P:9.6,P:10.0,B:9.0,B:9.7,B:10.1,B:10.2,B:10.6,B:10.10,B:11.2,B:11.9,E:10.7,E:11.10,P_count_eq_1,P_count_eq_2,P_count_eq_3,B_count_eq_1,B_count_2_3,B_count_4_5,B_count_6_8,E_count_eq_1,E_count_eq_2,P_E_count",24,311
count_plus_BE_count,239,0.37945028597786307,0.4483915563370818,0.7745244804077236,"intercept,P:9.9,P:9.6,P:10.0,B:9.0,B:9.7,B:10.1,B:10.2,B:10.6,B:10.10,B:11.2,B:11.9,E:10.7,E:11.10,P_count_eq_1,P_count_eq_2,P_count_eq_3,B_count_eq_1,B_count_2_3,B_count_4_5,B_count_6_8,E_count_eq_1,E_count_eq_2,B_E_count",24,311
count_plus_all_pairs,239,0.2279576467106792,0.28117209316715186,0.9113397456721559,"intercept,P:9.9,P:9.6,P:10.0,B:9.0,B:9.7,B:10.1,B:10.2,B:10.6,B:10.10,B:11.2,B:11.9,E:10.7,E:11.10,P_count_eq_1,P_count_eq_2,P_count_eq_3,B_count_eq_1,B_count_2_3,B_count_4_5,B_count_6_8,E_count_eq_1,E_count_eq_2,P_B_count,P_E_count,B_E_count",26,311
additive_head,239,0.4012852812233271,0.4750296884637996,0.7534810514164763,"intercept,P:9.9,P:9.6,P:10.0,B:9.0,B:9.7,B:10.1,B:10.2,B:10.6,B:10.10,B:11.2,B:11.9,E:10.7,E:11.10",14,312
count_additive,239,0.40488813667409645,0.4808123149485544,0.7474426768004592,"intercept,P:9.9,P:9.6,P:10.0,B:9.0,B:9.7,B:10.1,B:10.2,B:10.6,B:10.10,B:11.2,B:11.9,E:10.7,E:11.10,P_count_eq_1,P_count_eq_2,P_count_eq_3,B_count_eq_1,B_count_2_3,B_count_4_5,B_count_6_8,E_count_eq_1,E_count_eq_2",23,312
count_plus_PB_count,239,0.3924723612901486,0.45852582631428956,0.7703130054680497,"intercept,P:9.9,P:9.6,P:10.0,B:9.0,B:9.7,B:10.1,B:10.2,B:10.6,B:10.10,B:11.2,B:11.9,E:10.7,E:11.10,P_count_eq_1,P_count_eq_2,P_count_eq_3,B_count_eq_1,B_count_2_3,B_count_4_5,B_count_6_8,E_count_eq_1,E_count_eq_2,P_B_count",24,312
count_plus_PE_count,239,0.27372880060368315,0.33208741635267497,0.8795203660383619,"intercept,P:9.9,P:9.6,P:10.0,B:9.0,B:9.7,B:10.1,B:10.2,B:10.6,B:10.10,B:11.2,B:11.9,E:10.7,E:11.10,P_count_eq_1,P_count_eq_2,P_count_eq_3,B_count_eq_1,B_count_2_3,B_count_4_5,B_count_6_8,E_count_eq_1,E_count_eq_2,P_E_count",24,312
count_plus_BE_count,239,0.40098553508960677,0.4753820714325859,0.7531151740771883,"intercept,P:9.9,P:9.6,P:10.0,B:9.0,B:9.7,B:10.1,B:10.2,B:10.6,B:10.10,B:11.2,B:11.9,E:10.7,E:11.10,P_count_eq_1,P_count_eq_2,P_count_eq_3,B_count_eq_1,B_count_2_3,B_count_4_5,B_count_6_8,E_count_eq_1,E_count_eq_2,B_E_count",24,312
count_plus_all_pairs,239,0.2430578615369178,0.3002194002348869,0.9015339975522161,"intercept,P:9.9,P:9.6,P:10.0,B:9.0,B:9.7,B:10.1,B:10.2,B:10.6,B:10.10,B:11.2,B:11.9,E:10.7,E:11.10,P_count_eq_1,P_count_eq_2,P_count_eq_3,B_count_eq_1,B_count_2_3,B_count_4_5,B_count_6_8,E_count_eq_1,E_count_eq_2,P_B_count,P_E_count,B_E_count",26,312
additive_head,239,0.376977563617688,0.4450258811302049,0.7680406102694919,"intercept,P:9.9,P:9.6,P:10.0,B:9.0,B:9.7,B:10.1,B:10.2,B:10.6,B:10.10,B:11.2,B:11.9,E:10.7,E:11.10",14,313
count_additive,239,0.3795540234611771,0.4497321552495952,0.7631085968792233,"intercept,P:9.9,P:9.6,P:10.0,B:9.0,B:9.7,B:10.1,B:10.2,B:10.6,B:10.10,B:11.2,B:11.9,E:10.7,E:11.10,P_count_eq_1,P_count_eq_2,P_count_eq_3,B_count_eq_1,B_count_2_3,B_count_4_5,B_count_6_8,E_count_eq_1,E_count_eq_2",23,313
count_plus_PB_count,239,0.36943622568132545,0.4308789460806962,0.7825537273696213,"intercept,P:9.9,P:9.6,P:10.0,B:9.0,B:9.7,B:10.1,B:10.2,B:10.6,B:10.10,B:11.2,B:11.9,E:10.7,E:11.10,P_count_eq_1,P_count_eq_2,P_count_eq_3,B_count_eq_1,B_count_2_3,B_count_4_5,B_count_6_8,E_count_eq_1,E_count_eq_2,P_B_count",24,313
count_plus_PE_count,239,0.2515164232199817,0.3048850196547139,0.891128654017271,"intercept,P:9.9,P:9.6,P:10.0,B:9.0,B:9.7,B:10.1,B:10.2,B:10.6,B:10.10,B:11.2,B:11.9,E:10.7,E:11.10,P_count_eq_1,P_count_eq_2,P_count_eq_3,B_count_eq_1,B_count_2_3,B_count_4_5,B_count_6_8,E_count_eq_1,E_count_eq_2,P_E_count",24,313
count_plus_BE_count,239,0.37681081155043744,0.4451679755931212,0.7678924597537494,"intercept,P:9.9,P:9.6,P:10.0,B:9.0,B:9.7,B:10.1,B:10.2,B:10.6,B:10.10,B:11.2,B:11.9,E:10.7,E:11.10,P_count_eq_1,P_count_eq_2,P_count_eq_3,B_count_eq_1,B_count_2_3,B_count_4_5,B_count_6_8,E_count_eq_1,E_count_eq_2,B_E_count",24,313
count_plus_all_pairs,239,0.22483629260058915,0.27780015098070654,0.9096129161832135,"intercept,P:9.9,P:9.6,P:10.0,B:9.0,B:9.7,B:10.1,B:10.2,B:10.6,B:10.10,B:11.2,B:11.9,E:10.7,E:11.10,P_count_eq_1,P_count_eq_2,P_count_eq_3,B_count_eq_1,B_count_2_3,B_count_4_5,B_count_6_8,E_count_eq_1,E_count_eq_2,P_B_count,P_E_count,B_E_count",26,313
additive_head,239,0.38301345490653876,0.4542286282470823,0.7651867282256397,"intercept,P:9.9,P:9.6,P:10.0,B:9.0,B:9.7,B:10.1,B:10.2,B:10.6,B:10.10,B:11.2,B:11.9,E:10.7,E:11.10",14,314
count_additive,239,0.38555316841375803,0.4581790102315513,0.7610846717145459,"intercept,P:9.9,P:9.6,P:10.0,B:9.0,B:9.7,B:10.1,B:10.2,B:10.6,B:10.10,B:11.2,B:11.9,E:10.7,E:11.10,P_count_eq_1,P_count_eq_2,P_count_eq_3,B_count_eq_1,B_count_2_3,B_count_4_5,B_count_6_8,E_count_eq_1,E_count_eq_2",23,314
count_plus_PB_count,239,0.37569842621003346,0.440142687845585,0.7795243573895494,"intercept,P:9.9,P:9.6,P:10.0,B:9.0,B:9.7,B:10.1,B:10.2,B:10.6,B:10.10,B:11.2,B:11.9,E:10.7,E:11.10,P_count_eq_1,P_count_eq_2,P_count_eq_3,B_count_eq_1,B_count_2_3,B_count_4_5,B_count_6_8,E_count_eq_1,E_count_eq_2,P_B_count",24,314
count_plus_PE_count,239,0.2563784826482059,0.31217805271284693,0.8890880427953676,"intercept,P:9.9,P:9.6,P:10.0,B:9.0,B:9.7,B:10.1,B:10.2,B:10.6,B:10.10,B:11.2,B:11.9,E:10.7,E:11.10,P_count_eq_1,P_count_eq_2,P_count_eq_3,B_count_eq_1,B_count_2_3,B_count_4_5,B_count_6_8,E_count_eq_1,E_count_eq_2,P_E_count",24,314
count_plus_BE_count,239,0.3816357848218143,0.4509493463816824,0.7685649360216316,"intercept,P:9.9,P:9.6,P:10.0,B:9.0,B:9.7,B:10.1,B:10.2,B:10.6,B:10.10,B:11.2,B:11.9,E:10.7,E:11.10,P_count_eq_1,P_count_eq_2,P_count_eq_3,B_count_eq_1,B_count_2_3,B_count_4_5,B_count_6_8,E_count_eq_1,E_count_eq_2,B_E_count",24,314
count_plus_all_pairs,239,0.2289645223061479,0.28310154277473865,0.9087867129331577,"intercept,P:9.9,P:9.6,P:10.0,B:9.0,B:9.7,B:10.1,B:10.2,B:10.6,B:10.10,B:11.2,B:11.9,E:10.7,E:11.10,P_count_eq_1,P_count_eq_2,P_count_eq_3,B_count_eq_1,B_count_2_3,B_count_4_5,B_count_6_8,E_count_eq_1,E_count_eq_2,P_B_count,P_E_count,B_E_count",26,314
additive_head,239,0.3821904375082418,0.45209477057739195,0.7701862367635242,"intercept,P:9.9,P:9.6,P:10.0,B:9.0,B:9.7,B:10.1,B:10.2,B:10.6,B:10.10,B:11.2,B:11.9,E:10.7,E:11.10",14,315
count_additive,239,0.3852014564995015,0.4571011998268792,0.7650682088199114,"intercept,P:9.9,P:9.6,P:10.0,B:9.0,B:9.7,B:10.1,B:10.2,B:10.6,B:10.10,B:11.2,B:11.9,E:10.7,E:11.10,P_count_eq_1,P_count_eq_2,P_count_eq_3,B_count_eq_1,B_count_2_3,B_count_4_5,B_count_6_8,E_count_eq_1,E_count_eq_2",23,315
count_plus_PB_count,239,0.37339106519416376,0.4359433548107756,0.786313448041098,"intercept,P:9.9,P:9.6,P:10.0,B:9.0,B:9.7,B:10.1,B:10.2,B:10.6,B:10.10,B:11.2,B:11.9,E:10.7,E:11.10,P_count_eq_1,P_count_eq_2,P_count_eq_3,B_count_eq_1,B_count_2_3,B_count_4_5,B_count_6_8,E_count_eq_1,E_count_eq_2,P_B_count",24,315
count_plus_PE_count,239,0.25907758518140045,0.31444612102438274,0.8888243823934892,"intercept,P:9.9,P:9.6,P:10.0,B:9.0,B:9.7,B:10.1,B:10.2,B:10.6,B:10.10,B:11.2,B:11.9,E:10.7,E:11.10,P_count_eq_1,P_count_eq_2,P_count_eq_3,B_count_eq_1,B_count_2_3,B_count_4_5,B_count_6_8,E_count_eq_1,E_count_eq_2,P_E_count",24,315
count_plus_BE_count,239,0.38150439201460784,0.45214362776076994,0.7701365628429075,"intercept,P:9.9,P:9.6,P:10.0,B:9.0,B:9.7,B:10.1,B:10.2,B:10.6,B:10.10,B:11.2,B:11.9,E:10.7,E:11.10,P_count_eq_1,P_count_eq_2,P_count_eq_3,B_count_eq_1,B_count_2_3,B_count_4_5,B_count_6_8,E_count_eq_1,E_count_eq_2,B_E_count",24,315
count_plus_all_pairs,239,0.23017921783123657,0.2841930339812677,0.9091878570050416,"intercept,P:9.9,P:9.6,P:10.0,B:9.0,B:9.7,B:10.1,B:10.2,B:10.6,B:10.10,B:11.2,B:11.9,E:10.7,E:11.10,P_count_eq_1,P_count_eq_2,P_count_eq_3,B_count_eq_1,B_count_2_3,B_count_4_5,B_count_6_8,E_count_eq_1,E_count_eq_2,P_B_count,P_E_count,B_E_count",26,315
additive_head,239,0.3959444484288527,0.4679194751112545,0.7669612827111273,"intercept,P:9.9,P:9.6,P:10.0,B:9.0,B:9.7,B:10.1,B:10.2,B:10.6,B:10.10,B:11.2,B:11.9,E:10.7,E:11.10",14,316
count_additive,239,0.3987500425605512,0.47268152223368465,0.762193845715669,"intercept,P:9.9,P:9.6,P:10.0,B:9.0,B:9.7,B:10.1,B:10.2,B:10.6,B:10.10,B:11.2,B:11.9,E:10.7,E:11.10,P_count_eq_1,P_count_eq_2,P_count_eq_3,B_count_eq_1,B_count_2_3,B_count_4_5,B_count_6_8,E_count_eq_1,E_count_eq_2",23,316
count_plus_PB_count,239,0.38747847731817214,0.4524594530359066,0.7821060503864548,"intercept,P:9.9,P:9.6,P:10.0,B:9.0,B:9.7,B:10.1,B:10.2,B:10.6,B:10.10,B:11.2,B:11.9,E:10.7,E:11.10,P_count_eq_1,P_count_eq_2,P_count_eq_3,B_count_eq_1,B_count_2_3,B_count_4_5,B_count_6_8,E_count_eq_1,E_count_eq_2,P_B_count",24,316
count_plus_PE_count,239,0.2654490953354932,0.322334280309886,0.8894143361658797,"intercept,P:9.9,P:9.6,P:10.0,B:9.0,B:9.7,B:10.1,B:10.2,B:10.6,B:10.10,B:11.2,B:11.9,E:10.7,E:11.10,P_count_eq_1,P_count_eq_2,P_count_eq_3,B_count_eq_1,B_count_2_3,B_count_4_5,B_count_6_8,E_count_eq_1,E_count_eq_2,P_E_count",24,316
count_plus_BE_count,239,0.39484084302885125,0.4669755850591864,0.767900508724991,"intercept,P:9.9,P:9.6,P:10.0,B:9.0,B:9.7,B:10.1,B:10.2,B:10.6,B:10.10,B:11.2,B:11.9,E:10.7,E:11.10,P_count_eq_1,P_count_eq_2,P_count_eq_3,B_count_eq_1,B_count_2_3,B_count_4_5,B_count_6_8,E_count_eq_1,E_count_eq_2,B_E_count",24,316
count_plus_all_pairs,239,0.23704057623605723,0.29233182724502765,0.9090425992684787,"intercept,P:9.9,P:9.6,P:10.0,B:9.0,B:9.7,B:10.1,B:10.2,B:10.6,B:10.10,B:11.2,B:11.9,E:10.7,E:11.10,P_count_eq_1,P_count_eq_2,P_count_eq_3,B_count_eq_1,B_count_2_3,B_count_4_5,B_count_6_8,E_count_eq_1,E_count_eq_2,P_B_count,P_E_count,B_E_count",26,316
additive_head,239,0.3927497653870799,0.46016823578721205,0.7579977723930547,"intercept,P:9.9,P:9.6,P:10.0,B:9.0,B:9.7,B:10.1,B:10.2,B:10.6,B:10.10,B:11.2,B:11.9,E:10.7,E:11.10",14,317
count_additive,239,0.39630026445205724,0.46582736146000103,0.752008909789996,"intercept,P:9.9,P:9.6,P:10.0,B:9.0,B:9.7,B:10.1,B:10.2,B:10.6,B:10.10,B:11.2,B:11.9,E:10.7,E:11.10,P_count_eq_1,P_count_eq_2,P_count_eq_3,B_count_eq_1,B_count_2_3,B_count_4_5,B_count_6_8,E_count_eq_1,E_count_eq_2",23,317
count_plus_PB_count,239,0.38805357970573084,0.44999014162065676,0.7685846897949256,"intercept,P:9.9,P:9.6,P:10.0,B:9.0,B:9.7,B:10.1,B:10.2,B:10.6,B:10.10,B:11.2,B:11.9,E:10.7,E:11.10,P_count_eq_1,P_count_eq_2,P_count_eq_3,B_count_eq_1,B_count_2_3,B_count_4_5,B_count_6_8,E_count_eq_1,E_count_eq_2,P_B_count",24,317
count_plus_PE_count,239,0.2617149237918815,0.3165191335692942,0.8855051306681253,"intercept,P:9.9,P:9.6,P:10.0,B:9.0,B:9.7,B:10.1,B:10.2,B:10.6,B:10.10,B:11.2,B:11.9,E:10.7,E:11.10,P_count_eq_1,P_count_eq_2,P_count_eq_3,B_count_eq_1,B_count_2_3,B_count_4_5,B_count_6_8,E_count_eq_1,E_count_eq_2,P_E_count",24,317
count_plus_BE_count,239,0.39449272409915825,0.45962208534446647,0.7585718719538413,"intercept,P:9.9,P:9.6,P:10.0,B:9.0,B:9.7,B:10.1,B:10.2,B:10.6,B:10.10,B:11.2,B:11.9,E:10.7,E:11.10,P_count_eq_1,P_count_eq_2,P_count_eq_3,B_count_eq_1,B_count_2_3,B_count_4_5,B_count_6_8,E_count_eq_1,E_count_eq_2,B_E_count",24,317
count_plus_all_pairs,239,0.23685124031388352,0.2916033708582646,0.9028212811334125,"intercept,P:9.9,P:9.6,P:10.0,B:9.0,B:9.7,B:10.1,B:10.2,B:10.6,B:10.10,B:11.2,B:11.9,E:10.7,E:11.10,P_count_eq_1,P_count_eq_2,P_count_eq_3,B_count_eq_1,B_count_2_3,B_count_4_5,B_count_6_8,E_count_eq_1,E_count_eq_2,P_B_count,P_E_count,B_E_count",26,317
additive_head,239,0.3899632429575638,0.4609790743608857,0.7644592593766338,"intercept,P:9.9,P:9.6,P:10.0,B:9.0,B:9.7,B:10.1,B:10.2,B:10.6,B:10.10,B:11.2,B:11.9,E:10.7,E:11.10",14,318
count_additive,239,0.3940365662217344,0.46616824098531906,0.7591265247239367,"intercept,P:9.9,P:9.6,P:10.0,B:9.0,B:9.7,B:10.1,B:10.2,B:10.6,B:10.10,B:11.2,B:11.9,E:10.7,E:11.10,P_count_eq_1,P_count_eq_2,P_count_eq_3,B_count_eq_1,B_count_2_3,B_count_4_5,B_count_6_8,E_count_eq_1,E_count_eq_2",23,318
count_plus_PB_count,239,0.38324823217327186,0.44535203601721624,0.7801580854773312,"intercept,P:9.9,P:9.6,P:10.0,B:9.0,B:9.7,B:10.1,B:10.2,B:10.6,B:10.10,B:11.2,B:11.9,E:10.7,E:11.10,P_count_eq_1,P_count_eq_2,P_count_eq_3,B_count_eq_1,B_count_2_3,B_count_4_5,B_count_6_8,E_count_eq_1,E_count_eq_2,P_B_count",24,318
count_plus_PE_count,239,0.26418850631161483,0.31969960674410547,0.8867109806779715,"intercept,P:9.9,P:9.6,P:10.0,B:9.0,B:9.7,B:10.1,B:10.2,B:10.6,B:10.10,B:11.2,B:11.9,E:10.7,E:11.10,P_count_eq_1,P_count_eq_2,P_count_eq_3,B_count_eq_1,B_count_2_3,B_count_4_5,B_count_6_8,E_count_eq_1,E_count_eq_2,P_E_count",24,318
count_plus_BE_count,239,0.39178511461229687,0.4621555129950433,0.7632555049016264,"intercept,P:9.9,P:9.6,P:10.0,B:9.0,B:9.7,B:10.1,B:10.2,B:10.6,B:10.10,B:11.2,B:11.9,E:10.7,E:11.10,P_count_eq_1,P_count_eq_2,P_count_eq_3,B_count_eq_1,B_count_2_3,B_count_4_5,B_count_6_8,E_count_eq_1,E_count_eq_2,B_E_count",24,318
count_plus_all_pairs,239,0.23614954982532524,0.2909222787062886,0.906188177215095,"intercept,P:9.9,P:9.6,P:10.0,B:9.0,B:9.7,B:10.1,B:10.2,B:10.6,B:10.10,B:11.2,B:11.9,E:10.7,E:11.10,P_count_eq_1,P_count_eq_2,P_count_eq_3,B_count_eq_1,B_count_2_3,B_count_4_5,B_count_6_8,E_count_eq_1,E_count_eq_2,P_B_count,P_E_count,B_E_count",26,318
additive_head,239,0.3748025910210789,0.44389465622930285,0.7720447571621114,"intercept,P:9.9,P:9.6,P:10.0,B:9.0,B:9.7,B:10.1,B:10.2,B:10.6,B:10.10,B:11.2,B:11.9,E:10.7,E:11.10",14,319
count_additive,239,0.37796911524021504,0.44844329039665004,0.7673490595447179,"intercept,P:9.9,P:9.6,P:10.0,B:9.0,B:9.7,B:10.1,B:10.2,B:10.6,B:10.10,B:11.2,B:11.9,E:10.7,E:11.10,P_count_eq_1,P_count_eq_2,P_count_eq_3,B_count_eq_1,B_count_2_3,B_count_4_5,B_count_6_8,E_count_eq_1,E_count_eq_2",23,319
count_plus_PB_count,239,0.3679823059994601,0.4289326741314232,0.7871527656047588,"intercept,P:9.9,P:9.6,P:10.0,B:9.0,B:9.7,B:10.1,B:10.2,B:10.6,B:10.10,B:11.2,B:11.9,E:10.7,E:11.10,P_count_eq_1,P_count_eq_2,P_count_eq_3,B_count_eq_1,B_count_2_3,B_count_4_5,B_count_6_8,E_count_eq_1,E_count_eq_2,P_B_count",24,319
count_plus_PE_count,239,0.24780632408776992,0.30164745545757093,0.8947337665057362,"intercept,P:9.9,P:9.6,P:10.0,B:9.0,B:9.7,B:10.1,B:10.2,B:10.6,B:10.10,B:11.2,B:11.9,E:10.7,E:11.10,P_count_eq_1,P_count_eq_2,P_count_eq_3,B_count_eq_1,B_count_2_3,B_count_4_5,B_count_6_8,E_count_eq_1,E_count_eq_2,P_E_count",24,319
count_plus_BE_count,239,0.3752713381228664,0.44386082286766204,0.7720795050381675,"intercept,P:9.9,P:9.6,P:10.0,B:9.0,B:9.7,B:10.1,B:10.2,B:10.6,B:10.10,B:11.2,B:11.9,E:10.7,E:11.10,P_count_eq_1,P_count_eq_2,P_count_eq_3,B_count_eq_1,B_count_2_3,B_count_4_5,B_count_6_8,E_count_eq_1,E_count_eq_2,B_E_count",24,319
count_plus_all_pairs,239,0.22120029928274482,0.27333847821948337,0.9135646697114992,"intercept,P:9.9,P:9.6,P:10.0,B:9.0,B:9.7,B:10.1,B:10.2,B:10.6,B:10.10,B:11.2,B:11.9,E:10.7,E:11.10,P_count_eq_1,P_count_eq_2,P_count_eq_3,B_count_eq_1,B_count_2_3,B_count_4_5,B_count_6_8,E_count_eq_1,E_count_eq_2,P_B_count,P_E_count,B_E_count",26,319
additive_head,239,0.38761226088091216,0.457912425822016,0.7484270789107589,"intercept,P:9.9,P:9.6,P:10.0,B:9.0,B:9.7,B:10.1,B:10.2,B:10.6,B:10.10,B:11.2,B:11.9,E:10.7,E:11.10",14,320
count_additive,239,0.39077384428183903,0.4631287870100506,0.742662789816054,"intercept,P:9.9,P:9.6,P:10.0,B:9.0,B:9.7,B:10.1,B:10.2,B:10.6,B:10.10,B:11.2,B:11.9,E:10.7,E:11.10,P_count_eq_1,P_count_eq_2,P_count_eq_3,B_count_eq_1,B_count_2_3,B_count_4_5,B_count_6_8,E_count_eq_1,E_count_eq_2",23,320
count_plus_PB_count,239,0.38176504696609054,0.44501230181981466,0.762401842417117,"intercept,P:9.9,P:9.6,P:10.0,B:9.0,B:9.7,B:10.1,B:10.2,B:10.6,B:10.10,B:11.2,B:11.9,E:10.7,E:11.10,P_count_eq_1,P_count_eq_2,P_count_eq_3,B_count_eq_1,B_count_2_3,B_count_4_5,B_count_6_8,E_count_eq_1,E_count_eq_2,P_B_count",24,320
count_plus_PE_count,239,0.25736720718725203,0.31294634199231186,0.8824997490236524,"intercept,P:9.9,P:9.6,P:10.0,B:9.0,B:9.7,B:10.1,B:10.2,B:10.6,B:10.10,B:11.2,B:11.9,E:10.7,E:11.10,P_count_eq_1,P_count_eq_2,P_count_eq_3,B_count_eq_1,B_count_2_3,B_count_4_5,B_count_6_8,E_count_eq_1,E_count_eq_2,P_E_count",24,320
count_plus_BE_count,239,0.3877525258283171,0.4575798846540999,0.7487923364205338,"intercept,P:9.9,P:9.6,P:10.0,B:9.0,B:9.7,B:10.1,B:10.2,B:10.6,B:10.10,B:11.2,B:11.9,E:10.7,E:11.10,P_count_eq_1,P_count_eq_2,P_count_eq_3,B_count_eq_1,B_count_2_3,B_count_4_5,B_count_6_8,E_count_eq_1,E_count_eq_2,B_E_count",24,320
count_plus_all_pairs,239,0.23109358176661504,0.28563371849687536,0.9021145858257568,"intercept,P:9.9,P:9.6,P:10.0,B:9.0,B:9.7,B:10.1,B:10.2,B:10.6,B:10.10,B:11.2,B:11.9,E:10.7,E:11.10,P_count_eq_1,P_count_eq_2,P_count_eq_3,B_count_eq_1,B_count_2_3,B_count_4_5,B_count_6_8,E_count_eq_1,E_count_eq_2,P_B_count,P_E_count,B_E_count",26,320
additive_head,239,0.37229454941354656,0.4382664104748416,0.7715608673029558,"intercept,P:9.9,P:9.6,P:10.0,B:9.0,B:9.7,B:10.1,B:10.2,B:10.6,B:10.10,B:11.2,B:11.9,E:10.7,E:11.10",14,321
count_additive,239,0.374744065234072,0.4427294717061321,0.7668845835844704,"intercept,P:9.9,P:9.6,P:10.0,B:9.0,B:9.7,B:10.1,B:10.2,B:10.6,B:10.10,B:11.2,B:11.9,E:10.7,E:11.10,P_count_eq_1,P_count_eq_2,P_count_eq_3,B_count_eq_1,B_count_2_3,B_count_4_5,B_count_6_8,E_count_eq_1,E_count_eq_2",23,321
count_plus_PB_count,239,0.3650761195835659,0.4240504657364165,0.7861401696074134,"intercept,P:9.9,P:9.6,P:10.0,B:9.0,B:9.7,B:10.1,B:10.2,B:10.6,B:10.10,B:11.2,B:11.9,E:10.7,E:11.10,P_count_eq_1,P_count_eq_2,P_count_eq_3,B_count_eq_1,B_count_2_3,B_count_4_5,B_count_6_8,E_count_eq_1,E_count_eq_2,P_B_count",24,321
count_plus_PE_count,239,0.2494463333573057,0.30219458169487595,0.8913905847522238,"intercept,P:9.9,P:9.6,P:10.0,B:9.0,B:9.7,B:10.1,B:10.2,B:10.6,B:10.10,B:11.2,B:11.9,E:10.7,E:11.10,P_count_eq_1,P_count_eq_2,P_count_eq_3,B_count_eq_1,B_count_2_3,B_count_4_5,B_count_6_8,E_count_eq_1,E_count_eq_2,P_E_count",24,321
count_plus_BE_count,239,0.3713805963799944,0.4374799872620736,0.7723799520009894,"intercept,P:9.9,P:9.6,P:10.0,B:9.0,B:9.7,B:10.1,B:10.2,B:10.6,B:10.10,B:11.2,B:11.9,E:10.7,E:11.10,P_count_eq_1,P_count_eq_2,P_count_eq_3,B_count_eq_1,B_count_2_3,B_count_4_5,B_count_6_8,E_count_eq_1,E_count_eq_2,B_E_count",24,321
count_plus_all_pairs,239,0.22277722333417974,0.274694384277414,0.9102584242378243,"intercept,P:9.9,P:9.6,P:10.0,B:9.0,B:9.7,B:10.1,B:10.2,B:10.6,B:10.10,B:11.2,B:11.9,E:10.7,E:11.10,P_count_eq_1,P_count_eq_2,P_count_eq_3,B_count_eq_1,B_count_2_3,B_count_4_5,B_count_6_8,E_count_eq_1,E_count_eq_2,P_B_count,P_E_count,B_E_count",26,321
additive_head,239,0.3823424178510782,0.45335804712187827,0.7620437888392882,"intercept,P:9.9,P:9.6,P:10.0,B:9.0,B:9.7,B:10.1,B:10.2,B:10.6,B:10.10,B:11.2,B:11.9,E:10.7,E:11.10",14,322
count_additive,239,0.3847800052275909,0.45755055311918075,0.7576223575276462,"intercept,P:9.9,P:9.6,P:10.0,B:9.0,B:9.7,B:10.1,B:10.2,B:10.6,B:10.10,B:11.2,B:11.9,E:10.7,E:11.10,P_count_eq_1,P_count_eq_2,P_count_eq_3,B_count_eq_1,B_count_2_3,B_count_4_5,B_count_6_8,E_count_eq_1,E_count_eq_2",23,322
count_plus_PB_count,239,0.37375291877192823,0.436934444758136,0.7789721735462303,"intercept,P:9.9,P:9.6,P:10.0,B:9.0,B:9.7,B:10.1,B:10.2,B:10.6,B:10.10,B:11.2,B:11.9,E:10.7,E:11.10,P_count_eq_1,P_count_eq_2,P_count_eq_3,B_count_eq_1,B_count_2_3,B_count_4_5,B_count_6_8,E_count_eq_1,E_count_eq_2,P_B_count",24,322
count_plus_PE_count,239,0.25517867543457917,0.3105940812964251,0.8883134852828922,"intercept,P:9.9,P:9.6,P:10.0,B:9.0,B:9.7,B:10.1,B:10.2,B:10.6,B:10.10,B:11.2,B:11.9,E:10.7,E:11.10,P_count_eq_1,P_count_eq_2,P_count_eq_3,B_count_eq_1,B_count_2_3,B_count_4_5,B_count_6_8,E_count_eq_1,E_count_eq_2,P_E_count",24,322
count_plus_BE_count,239,0.38116439302181815,0.4521410966496791,0.7633195675041464,"intercept,P:9.9,P:9.6,P:10.0,B:9.0,B:9.7,B:10.1,B:10.2,B:10.6,B:10.10,B:11.2,B:11.9,E:10.7,E:11.10,P_count_eq_1,P_count_eq_2,P_count_eq_3,B_count_eq_1,B_count_2_3,B_count_4_5,B_count_6_8,E_count_eq_1,E_count_eq_2,B_E_count",24,322
count_plus_all_pairs,239,0.22696798897365927,0.28018755013616653,0.9091108471791602,"intercept,P:9.9,P:9.6,P:10.0,B:9.0,B:9.7,B:10.1,B:10.2,B:10.6,B:10.10,B:11.2,B:11.9,E:10.7,E:11.10,P_count_eq_1,P_count_eq_2,P_count_eq_3,B_count_eq_1,B_count_2_3,B_count_4_5,B_count_6_8,E_count_eq_1,E_count_eq_2,P_B_count,P_E_count,B_E_count",26,322
additive_head,239,0.39898353788849117,0.4707210935956112,0.7555653819845731,"intercept,P:9.9,P:9.6,P:10.0,B:9.0,B:9.7,B:10.1,B:10.2,B:10.6,B:10.10,B:11.2,B:11.9,E:10.7,E:11.10",14,323
count_additive,239,0.40233568241117856,0.4753796367856167,0.7507032930686115,"intercept,P:9.9,P:9.6,P:10.0,B:9.0,B:9.7,B:10.1,B:10.2,B:10.6,B:10.10,B:11.2,B:11.9,E:10.7,E:11.10,P_count_eq_1,P_count_eq_2,P_count_eq_3,B_count_eq_1,B_count_2_3,B_count_4_5,B_count_6_8,E_count_eq_1,E_count_eq_2",23,323
count_plus_PB_count,239,0.3926586844885888,0.456987299237166,0.7696205945676653,"intercept,P:9.9,P:9.6,P:10.0,B:9.0,B:9.7,B:10.1,B:10.2,B:10.6,B:10.10,B:11.2,B:11.9,E:10.7,E:11.10,P_count_eq_1,P_count_eq_2,P_count_eq_3,B_count_eq_1,B_count_2_3,B_count_4_5,B_count_6_8,E_count_eq_1,E_count_eq_2,P_B_count",24,323
count_plus_PE_count,239,0.2646721325117545,0.3210447509544047,0.886298409429452,"intercept,P:9.9,P:9.6,P:10.0,B:9.0,B:9.7,B:10.1,B:10.2,B:10.6,B:10.10,B:11.2,B:11.9,E:10.7,E:11.10,P_count_eq_1,P_count_eq_2,P_count_eq_3,B_count_eq_1,B_count_2_3,B_count_4_5,B_count_6_8,E_count_eq_1,E_count_eq_2,P_E_count",24,323
count_plus_BE_count,239,0.4000006194523336,0.46996795034827454,0.7563469361197264,"intercept,P:9.9,P:9.6,P:10.0,B:9.0,B:9.7,B:10.1,B:10.2,B:10.6,B:10.10,B:11.2,B:11.9,E:10.7,E:11.10,P_count_eq_1,P_count_eq_2,P_count_eq_3,B_count_eq_1,B_count_2_3,B_count_4_5,B_count_6_8,E_count_eq_1,E_count_eq_2,B_E_count",24,323
count_plus_all_pairs,239,0.23785937017060854,0.29357487833551515,0.9049235030595911,"intercept,P:9.9,P:9.6,P:10.0,B:9.0,B:9.7,B:10.1,B:10.2,B:10.6,B:10.10,B:11.2,B:11.9,E:10.7,E:11.10,P_count_eq_1,P_count_eq_2,P_count_eq_3,B_count_eq_1,B_count_2_3,B_count_4_5,B_count_6_8,E_count_eq_1,E_count_eq_2,P_B_count,P_E_count,B_E_count",26,323
additive_head,239,0.37747595447088833,0.4496207575590407,0.7773093601377011,"intercept,P:9.9,P:9.6,P:10.0,B:9.0,B:9.7,B:10.1,B:10.2,B:10.6,B:10.10,B:11.2,B:11.9,E:10.7,E:11.10",14,324
count_additive,239,0.38017381086144264,0.45345857908875065,0.7734915006792427,"intercept,P:9.9,P:9.6,P:10.0,B:9.0,B:9.7,B:10.1,B:10.2,B:10.6,B:10.10,B:11.2,B:11.9,E:10.7,E:11.10,P_count_eq_1,P_count_eq_2,P_count_eq_3,B_count_eq_1,B_count_2_3,B_count_4_5,B_count_6_8,E_count_eq_1,E_count_eq_2",23,324
count_plus_PB_count,239,0.36807908118273497,0.43216548483389106,0.7942644155908327,"intercept,P:9.9,P:9.6,P:10.0,B:9.0,B:9.7,B:10.1,B:10.2,B:10.6,B:10.10,B:11.2,B:11.9,E:10.7,E:11.10,P_count_eq_1,P_count_eq_2,P_count_eq_3,B_count_eq_1,B_count_2_3,B_count_4_5,B_count_6_8,E_count_eq_1,E_count_eq_2,P_B_count",24,324
count_plus_PE_count,239,0.25480129636552873,0.31038679174696515,0.8938754843900532,"intercept,P:9.9,P:9.6,P:10.0,B:9.0,B:9.7,B:10.1,B:10.2,B:10.6,B:10.10,B:11.2,B:11.9,E:10.7,E:11.10,P_count_eq_1,P_count_eq_2,P_count_eq_3,B_count_eq_1,B_count_2_3,B_count_4_5,B_count_6_8,E_count_eq_1,E_count_eq_2,P_E_count",24,324
count_plus_BE_count,239,0.3764259506853055,0.4484082986275193,0.7785087674242333,"intercept,P:9.9,P:9.6,P:10.0,B:9.0,B:9.7,B:10.1,B:10.2,B:10.6,B:10.10,B:11.2,B:11.9,E:10.7,E:11.10,P_count_eq_1,P_count_eq_2,P_count_eq_3,B_count_eq_1,B_count_2_3,B_count_4_5,B_count_6_8,E_count_eq_1,E_count_eq_2,B_E_count",24,324
count_plus_all_pairs,239,0.22663433906859778,0.2795608070934062,0.9139081920249068,"intercept,P:9.9,P:9.6,P:10.0,B:9.0,B:9.7,B:10.1,B:10.2,B:10.6,B:10.10,B:11.2,B:11.9,E:10.7,E:11.10,P_count_eq_1,P_count_eq_2,P_count_eq_3,B_count_eq_1,B_count_2_3,B_count_4_5,B_count_6_8,E_count_eq_1,E_count_eq_2,P_B_count,P_E_count,B_E_count",26,324
additive_head,239,0.36840362682377925,0.4356006164759034,0.7627428325989436,"intercept,P:9.9,P:9.6,P:10.0,B:9.0,B:9.7,B:10.1,B:10.2,B:10.6,B:10.10,B:11.2,B:11.9,E:10.7,E:11.10",14,325
count_additive,239,0.37113104346753717,0.4397922207111549,0.7581548091498989,"intercept,P:9.9,P:9.6,P:10.0,B:9.0,B:9.7,B:10.1,B:10.2,B:10.6,B:10.10,B:11.2,B:11.9,E:10.7,E:11.10,P_count_eq_1,P_count_eq_2,P_count_eq_3,B_count_eq_1,B_count_2_3,B_count_4_5,B_count_6_8,E_count_eq_1,E_count_eq_2",23,325
count_plus_PB_count,239,0.3611482564479204,0.4213590236128664,0.7780030705055586,"intercept,P:9.9,P:9.6,P:10.0,B:9.0,B:9.7,B:10.1,B:10.2,B:10.6,B:10.10,B:11.2,B:11.9,E:10.7,E:11.10,P_count_eq_1,P_count_eq_2,P_count_eq_3,B_count_eq_1,B_count_2_3,B_count_4_5,B_count_6_8,E_count_eq_1,E_count_eq_2,P_B_count",24,325
count_plus_PE_count,239,0.24633425580319085,0.29941740683894164,0.8879023626570846,"intercept,P:9.9,P:9.6,P:10.0,B:9.0,B:9.7,B:10.1,B:10.2,B:10.6,B:10.10,B:11.2,B:11.9,E:10.7,E:11.10,P_count_eq_1,P_count_eq_2,P_count_eq_3,B_count_eq_1,B_count_2_3,B_count_4_5,B_count_6_8,E_count_eq_1,E_count_eq_2,P_E_count",24,325
count_plus_BE_count,239,0.36826999033286495,0.4349124370636814,0.7634918973028499,"intercept,P:9.9,P:9.6,P:10.0,B:9.0,B:9.7,B:10.1,B:10.2,B:10.6,B:10.10,B:11.2,B:11.9,E:10.7,E:11.10,P_count_eq_1,P_count_eq_2,P_count_eq_3,B_count_eq_1,B_count_2_3,B_count_4_5,B_count_6_8,E_count_eq_1,E_count_eq_2,B_E_count",24,325
count_plus_all_pairs,239,0.22060297395800857,0.27249773318488807,0.9071529397752768,"intercept,P:9.9,P:9.6,P:10.0,B:9.0,B:9.7,B:10.1,B:10.2,B:10.6,B:10.10,B:11.2,B:11.9,E:10.7,E:11.10,P_count_eq_1,P_count_eq_2,P_count_eq_3,B_count_eq_1,B_count_2_3,B_count_4_5,B_count_6_8,E_count_eq_1,E_count_eq_2,P_B_count,P_E_count,B_E_count",26,325
additive_head,239,0.38660972276937544,0.45613294605554505,0.7663430398606843,"intercept,P:9.9,P:9.6,P:10.0,B:9.0,B:9.7,B:10.1,B:10.2,B:10.6,B:10.10,B:11.2,B:11.9,E:10.7,E:11.10",14,326
count_additive,239,0.39009196512510363,0.4610532542540741,0.761274934241747,"intercept,P:9.9,P:9.6,P:10.0,B:9.0,B:9.7,B:10.1,B:10.2,B:10.6,B:10.10,B:11.2,B:11.9,E:10.7,E:11.10,P_count_eq_1,P_count_eq_2,P_count_eq_3,B_count_eq_1,B_count_2_3,B_count_4_5,B_count_6_8,E_count_eq_1,E_count_eq_2",23,326
count_plus_PB_count,239,0.37891356968193707,0.4407129947513498,0.781873942142601,"intercept,P:9.9,P:9.6,P:10.0,B:9.0,B:9.7,B:10.1,B:10.2,B:10.6,B:10.10,B:11.2,B:11.9,E:10.7,E:11.10,P_count_eq_1,P_count_eq_2,P_count_eq_3,B_count_eq_1,B_count_2_3,B_count_4_5,B_count_6_8,E_count_eq_1,E_count_eq_2,P_B_count",24,326
count_plus_PE_count,239,0.2606652088803818,0.3161589634502734,0.8877447048148939,"intercept,P:9.9,P:9.6,P:10.0,B:9.0,B:9.7,B:10.1,B:10.2,B:10.6,B:10.10,B:11.2,B:11.9,E:10.7,E:11.10,P_count_eq_1,P_count_eq_2,P_count_eq_3,B_count_eq_1,B_count_2_3,B_count_4_5,B_count_6_8,E_count_eq_1,E_count_eq_2,P_E_count",24,326
count_plus_BE_count,239,0.38751436041853443,0.45730289452046835,0.7651428757983593,"intercept,P:9.9,P:9.6,P:10.0,B:9.0,B:9.7,B:10.1,B:10.2,B:10.6,B:10.10,B:11.2,B:11.9,E:10.7,E:11.10,P_count_eq_1,P_count_eq_2,P_count_eq_3,B_count_eq_1,B_count_2_3,B_count_4_5,B_count_6_8,E_count_eq_1,E_count_eq_2,B_E_count",24,326
count_plus_all_pairs,239,0.23352413971435848,0.2883026914576704,0.9066545332359973,"intercept,P:9.9,P:9.6,P:10.0,B:9.0,B:9.7,B:10.1,B:10.2,B:10.6,B:10.10,B:11.2,B:11.9,E:10.7,E:11.10,P_count_eq_1,P_count_eq_2,P_count_eq_3,B_count_eq_1,B_count_2_3,B_count_4_5,B_count_6_8,E_count_eq_1,E_count_eq_2,P_B_count,P_E_count,B_E_count",26,326
additive_head,239,0.3748210249052027,0.44132856921433267,0.7691953339733966,"intercept,P:9.9,P:9.6,P:10.0,B:9.0,B:9.7,B:10.1,B:10.2,B:10.6,B:10.10,B:11.2,B:11.9,E:10.7,E:11.10",14,327
count_additive,239,0.37751130576332886,0.44578997677144844,0.7645053208579322,"intercept,P:9.9,P:9.6,P:10.0,B:9.0,B:9.7,B:10.1,B:10.2,B:10.6,B:10.10,B:11.2,B:11.9,E:10.7,E:11.10,P_count_eq_1,P_count_eq_2,P_count_eq_3,B_count_eq_1,B_count_2_3,B_count_4_5,B_count_6_8,E_count_eq_1,E_count_eq_2",23,327
count_plus_PB_count,239,0.36839982377007363,0.42760601189943065,0.7833253493543532,"intercept,P:9.9,P:9.6,P:10.0,B:9.0,B:9.7,B:10.1,B:10.2,B:10.6,B:10.10,B:11.2,B:11.9,E:10.7,E:11.10,P_count_eq_1,P_count_eq_2,P_count_eq_3,B_count_eq_1,B_count_2_3,B_count_4_5,B_count_6_8,E_count_eq_1,E_count_eq_2,P_B_count",24,327
count_plus_PE_count,239,0.2510099456140567,0.3042209187042262,0.890327271812244,"intercept,P:9.9,P:9.6,P:10.0,B:9.0,B:9.7,B:10.1,B:10.2,B:10.6,B:10.10,B:11.2,B:11.9,E:10.7,E:11.10,P_count_eq_1,P_count_eq_2,P_count_eq_3,B_count_eq_1,B_count_2_3,B_count_4_5,B_count_6_8,E_count_eq_1,E_count_eq_2,P_E_count",24,327
count_plus_BE_count,239,0.3749030109437368,0.4407037573557204,0.7698483957507728,"intercept,P:9.9,P:9.6,P:10.0,B:9.0,B:9.7,B:10.1,B:10.2,B:10.6,B:10.10,B:11.2,B:11.9,E:10.7,E:11.10,P_count_eq_1,P_count_eq_2,P_count_eq_3,B_count_eq_1,B_count_2_3,B_count_4_5,B_count_6_8,E_count_eq_1,E_count_eq_2,B_E_count",24,327
count_plus_all_pairs,239,0.22470775153113484,0.27749505648140754,0.9087503932926008,"intercept,P:9.9,P:9.6,P:10.0,B:9.0,B:9.7,B:10.1,B:10.2,B:10.6,B:10.10,B:11.2,B:11.9,E:10.7,E:11.10,P_count_eq_1,P_count_eq_2,P_count_eq_3,B_count_eq_1,B_count_2_3,B_count_4_5,B_count_6_8,E_count_eq_1,E_count_eq_2,P_B_count,P_E_count,B_E_count",26,327
additive_head,239,0.3786727862626599,0.4477997980239076,0.7734202442974514,"intercept,P:9.9,P:9.6,P:10.0,B:9.0,B:9.7,B:10.1,B:10.2,B:10.6,B:10.10,B:11.2,B:11.9,E:10.7,E:11.10",14,328
count_additive,239,0.3811141584397423,0.4522553331932181,0.7688889496225642,"intercept,P:9.9,P:9.6,P:10.0,B:9.0,B:9.7,B:10.1,B:10.2,B:10.6,B:10.10,B:11.2,B:11.9,E:10.7,E:11.10,P_count_eq_1,P_count_eq_2,P_count_eq_3,B_count_eq_1,B_count_2_3,B_count_4_5,B_count_6_8,E_count_eq_1,E_count_eq_2",23,328
count_plus_PB_count,239,0.37089213035094326,0.43295726574517407,0.7881915013035463,"intercept,P:9.9,P:9.6,P:10.0,B:9.0,B:9.7,B:10.1,B:10.2,B:10.6,B:10.10,B:11.2,B:11.9,E:10.7,E:11.10,P_count_eq_1,P_count_eq_2,P_count_eq_3,B_count_eq_1,B_count_2_3,B_count_4_5,B_count_6_8,E_count_eq_1,E_count_eq_2,P_B_count",24,328
count_plus_PE_count,239,0.2523450421659263,0.30692136601242714,0.8935593391210133,"intercept,P:9.9,P:9.6,P:10.0,B:9.0,B:9.7,B:10.1,B:10.2,B:10.6,B:10.10,B:11.2,B:11.9,E:10.7,E:11.10,P_count_eq_1,P_count_eq_2,P_count_eq_3,B_count_eq_1,B_count_2_3,B_count_4_5,B_count_6_8,E_count_eq_1,E_count_eq_2,P_E_count",24,328
count_plus_BE_count,239,0.3772010270375138,0.4464640442395931,0.7747699696391552,"intercept,P:9.9,P:9.6,P:10.0,B:9.0,B:9.7,B:10.1,B:10.2,B:10.6,B:10.10,B:11.2,B:11.9,E:10.7,E:11.10,P_count_eq_1,P_count_eq_2,P_count_eq_3,B_count_eq_1,B_count_2_3,B_count_4_5,B_count_6_8,E_count_eq_1,E_count_eq_2,B_E_count",24,328
count_plus_all_pairs,239,0.22501443901522597,0.27793486879336565,0.912715045835361,"intercept,P:9.9,P:9.6,P:10.0,B:9.0,B:9.7,B:10.1,B:10.2,B:10.6,B:10.10,B:11.2,B:11.9,E:10.7,E:11.10,P_count_eq_1,P_count_eq_2,P_count_eq_3,B_count_eq_1,B_count_2_3,B_count_4_5,B_count_6_8,E_count_eq_1,E_count_eq_2,P_B_count,P_E_count,B_E_count",26,328
additive_head,239,0.36707580062529,0.43311670786060963,0.7667444920537901,"intercept,P:9.9,P:9.6,P:10.0,B:9.0,B:9.7,B:10.1,B:10.2,B:10.6,B:10.10,B:11.2,B:11.9,E:10.7,E:11.10",14,329
count_additive,239,0.3691274066497247,0.4374888809661003,0.7620114448892088,"intercept,P:9.9,P:9.6,P:10.0,B:9.0,B:9.7,B:10.1,B:10.2,B:10.6,B:10.10,B:11.2,B:11.9,E:10.7,E:11.10,P_count_eq_1,P_count_eq_2,P_count_eq_3,B_count_eq_1,B_count_2_3,B_count_4_5,B_count_6_8,E_count_eq_1,E_count_eq_2",23,329
count_plus_PB_count,239,0.36107700635401824,0.42073685799799665,0.7798882879715834,"intercept,P:9.9,P:9.6,P:10.0,B:9.0,B:9.7,B:10.1,B:10.2,B:10.6,B:10.10,B:11.2,B:11.9,E:10.7,E:11.10,P_count_eq_1,P_count_eq_2,P_count_eq_3,B_count_eq_1,B_count_2_3,B_count_4_5,B_count_6_8,E_count_eq_1,E_count_eq_2,P_B_count",24,329
count_plus_PE_count,239,0.24146148898297407,0.2935827006413851,0.892827600232472,"intercept,P:9.9,P:9.6,P:10.0,B:9.0,B:9.7,B:10.1,B:10.2,B:10.6,B:10.10,B:11.2,B:11.9,E:10.7,E:11.10,P_count_eq_1,P_count_eq_2,P_count_eq_3,B_count_eq_1,B_count_2_3,B_count_4_5,B_count_6_8,E_count_eq_1,E_count_eq_2,P_E_count",24,329
count_plus_BE_count,239,0.3667944325692723,0.43251018143898967,0.7673973256500256,"intercept,P:9.9,P:9.6,P:10.0,B:9.0,B:9.7,B:10.1,B:10.2,B:10.6,B:10.10,B:11.2,B:11.9,E:10.7,E:11.10,P_count_eq_1,P_count_eq_2,P_count_eq_3,B_count_eq_1,B_count_2_3,B_count_4_5,B_count_6_8,E_count_eq_1,E_count_eq_2,B_E_count",24,329
count_plus_all_pairs,239,0.21691669015050813,0.26843297714734277,0.9104029379236469,"intercept,P:9.9,P:9.6,P:10.0,B:9.0,B:9.7,B:10.1,B:10.2,B:10.6,B:10.10,B:11.2,B:11.9,E:10.7,E:11.10,P_count_eq_1,P_count_eq_2,P_count_eq_3,B_count_eq_1,B_count_2_3,B_count_4_5,B_count_6_8,E_count_eq_1,E_count_eq_2,P_B_count,P_E_count,B_E_count",26,329
additive_head,239,0.3979121605434916,0.46900364879390655,0.7702933967645188,"intercept,P:9.9,P:9.6,P:10.0,B:9.0,B:9.7,B:10.1,B:10.2,B:10.6,B:10.10,B:11.2,B:11.9,E:10.7,E:11.10",14,330
count_additive,239,0.4013514214242689,0.4745335787511082,0.7648446113171189,"intercept,P:9.9,P:9.6,P:10.0,B:9.0,B:9.7,B:10.1,B:10.2,B:10.6,B:10.10,B:11.2,B:11.9,E:10.7,E:11.10,P_count_eq_1,P_count_eq_2,P_count_eq_3,B_count_eq_1,B_count_2_3,B_count_4_5,B_count_6_8,E_count_eq_1,E_count_eq_2",23,330
count_plus_PB_count,239,0.3905046146501472,0.45497610203919,0.7838286135312067,"intercept,P:9.9,P:9.6,P:10.0,B:9.0,B:9.7,B:10.1,B:10.2,B:10.6,B:10.10,B:11.2,B:11.9,E:10.7,E:11.10,P_count_eq_1,P_count_eq_2,P_count_eq_3,B_count_eq_1,B_count_2_3,B_count_4_5,B_count_6_8,E_count_eq_1,E_count_eq_2,P_B_count",24,330
count_plus_PE_count,239,0.2651797876691206,0.321818319466429,0.8918460060032407,"intercept,P:9.9,P:9.6,P:10.0,B:9.0,B:9.7,B:10.1,B:10.2,B:10.6,B:10.10,B:11.2,B:11.9,E:10.7,E:11.10,P_count_eq_1,P_count_eq_2,P_count_eq_3,B_count_eq_1,B_count_2_3,B_count_4_5,B_count_6_8,E_count_eq_1,E_count_eq_2,P_E_count",24,330
count_plus_BE_count,239,0.39744350399497197,0.4683122097552175,0.7709701976183906,"intercept,P:9.9,P:9.6,P:10.0,B:9.0,B:9.7,B:10.1,B:10.2,B:10.6,B:10.10,B:11.2,B:11.9,E:10.7,E:11.10,P_count_eq_1,P_count_eq_2,P_count_eq_3,B_count_eq_1,B_count_2_3,B_count_4_5,B_count_6_8,E_count_eq_1,E_count_eq_2,B_E_count",24,330
count_plus_all_pairs,239,0.23691583822928905,0.2920604991656356,0.910922774188617,"intercept,P:9.9,P:9.6,P:10.0,B:9.0,B:9.7,B:10.1,B:10.2,B:10.6,B:10.10,B:11.2,B:11.9,E:10.7,E:11.10,P_count_eq_1,P_count_eq_2,P_count_eq_3,B_count_eq_1,B_count_2_3,B_count_4_5,B_count_6_8,E_count_eq_1,E_count_eq_2,P_B_count,P_E_count,B_E_count",26,330
additive_head,239,0.38468651022585065,0.45342106875171717,0.7596735268242482,"intercept,P:9.9,P:9.6,P:10.0,B:9.0,B:9.7,B:10.1,B:10.2,B:10.6,B:10.10,B:11.2,B:11.9,E:10.7,E:11.10",14,331
count_additive,239,0.3873584282765422,0.4582057360444781,0.7545747376974485,"intercept,P:9.9,P:9.6,P:10.0,B:9.0,B:9.7,B:10.1,B:10.2,B:10.6,B:10.10,B:11.2,B:11.9,E:10.7,E:11.10,P_count_eq_1,P_count_eq_2,P_count_eq_3,B_count_eq_1,B_count_2_3,B_count_4_5,B_count_6_8,E_count_eq_1,E_count_eq_2",23,331
count_plus_PB_count,239,0.37780083183276303,0.43939421445664684,0.7743128204704628,"intercept,P:9.9,P:9.6,P:10.0,B:9.0,B:9.7,B:10.1,B:10.2,B:10.6,B:10.10,B:11.2,B:11.9,E:10.7,E:11.10,P_count_eq_1,P_count_eq_2,P_count_eq_3,B_count_eq_1,B_count_2_3,B_count_4_5,B_count_6_8,E_count_eq_1,E_count_eq_2,P_B_count",24,331
count_plus_PE_count,239,0.25495001004719337,0.30939165868326235,0.8881037783409416,"intercept,P:9.9,P:9.6,P:10.0,B:9.0,B:9.7,B:10.1,B:10.2,B:10.6,B:10.10,B:11.2,B:11.9,E:10.7,E:11.10,P_count_eq_1,P_count_eq_2,P_count_eq_3,B_count_eq_1,B_count_2_3,B_count_4_5,B_count_6_8,E_count_eq_1,E_count_eq_2,P_E_count",24,331
count_plus_BE_count,239,0.3841467255064951,0.45333569510187166,0.7597640193839527,"intercept,P:9.9,P:9.6,P:10.0,B:9.0,B:9.7,B:10.1,B:10.2,B:10.6,B:10.10,B:11.2,B:11.9,E:10.7,E:11.10,P_count_eq_1,P_count_eq_2,P_count_eq_3,B_count_eq_1,B_count_2_3,B_count_4_5,B_count_6_8,E_count_eq_1,E_count_eq_2,B_E_count",24,331
count_plus_all_pairs,239,0.22840654309749436,0.2818246935736148,0.9071554731007084,"intercept,P:9.9,P:9.6,P:10.0,B:9.0,B:9.7,B:10.1,B:10.2,B:10.6,B:10.10,B:11.2,B:11.9,E:10.7,E:11.10,P_count_eq_1,P_count_eq_2,P_count_eq_3,B_count_eq_1,B_count_2_3,B_count_4_5,B_count_6_8,E_count_eq_1,E_count_eq_2,P_B_count,P_E_count,B_E_count",26,331
additive_head,239,0.38782882771134786,0.45891803946509485,0.7736136865365455,"intercept,P:9.9,P:9.6,P:10.0,B:9.0,B:9.7,B:10.1,B:10.2,B:10.6,B:10.10,B:11.2,B:11.9,E:10.7,E:11.10",14,332
count_additive,239,0.39119795106572613,0.46424030124163856,0.7683322466902448,"intercept,P:9.9,P:9.6,P:10.0,B:9.0,B:9.7,B:10.1,B:10.2,B:10.6,B:10.10,B:11.2,B:11.9,E:10.7,E:11.10,P_count_eq_1,P_count_eq_2,P_count_eq_3,B_count_eq_1,B_count_2_3,B_count_4_5,B_count_6_8,E_count_eq_1,E_count_eq_2",23,332
count_plus_PB_count,239,0.3793973092735337,0.4434446700162106,0.788622485584075,"intercept,P:9.9,P:9.6,P:10.0,B:9.0,B:9.7,B:10.1,B:10.2,B:10.6,B:10.10,B:11.2,B:11.9,E:10.7,E:11.10,P_count_eq_1,P_count_eq_2,P_count_eq_3,B_count_eq_1,B_count_2_3,B_count_4_5,B_count_6_8,E_count_eq_1,E_count_eq_2,P_B_count",24,332
count_plus_PE_count,239,0.25995947877211795,0.3161372822895861,0.892568574292645,"intercept,P:9.9,P:9.6,P:10.0,B:9.0,B:9.7,B:10.1,B:10.2,B:10.6,B:10.10,B:11.2,B:11.9,E:10.7,E:11.10,P_count_eq_1,P_count_eq_2,P_count_eq_3,B_count_eq_1,B_count_2_3,B_count_4_5,B_count_6_8,E_count_eq_1,E_count_eq_2,P_E_count",24,332
count_plus_BE_count,239,0.38768320374497,0.4587584563302267,0.7737711053043872,"intercept,P:9.9,P:9.6,P:10.0,B:9.0,B:9.7,B:10.1,B:10.2,B:10.6,B:10.10,B:11.2,B:11.9,E:10.7,E:11.10,P_count_eq_1,P_count_eq_2,P_count_eq_3,B_count_eq_1,B_count_2_3,B_count_4_5,B_count_6_8,E_count_eq_1,E_count_eq_2,B_E_count",24,332
count_plus_all_pairs,239,0.2309613366321248,0.28555812972201594,0.9123465597820004,"intercept,P:9.9,P:9.6,P:10.0,B:9.0,B:9.7,B:10.1,B:10.2,B:10.6,B:10.10,B:11.2,B:11.9,E:10.7,E:11.10,P_count_eq_1,P_count_eq_2,P_count_eq_3,B_count_eq_1,B_count_2_3,B_count_4_5,B_count_6_8,E_count_eq_1,E_count_eq_2,P_B_count,P_E_count,B_E_count",26,332
additive_head,239,0.3919239303325774,0.4639996599127845,0.7706544848103227,"intercept,P:9.9,P:9.6,P:10.0,B:9.0,B:9.7,B:10.1,B:10.2,B:10.6,B:10.10,B:11.2,B:11.9,E:10.7,E:11.10",14,333
count_additive,239,0.395076624558263,0.4686348359251471,0.7660494530189332,"intercept,P:9.9,P:9.6,P:10.0,B:9.0,B:9.7,B:10.1,B:10.2,B:10.6,B:10.10,B:11.2,B:11.9,E:10.7,E:11.10,P_count_eq_1,P_count_eq_2,P_count_eq_3,B_count_eq_1,B_count_2_3,B_count_4_5,B_count_6_8,E_count_eq_1,E_count_eq_2",23,333
count_plus_PB_count,239,0.3831288870498028,0.44656783967567865,0.7875631689482637,"intercept,P:9.9,P:9.6,P:10.0,B:9.0,B:9.7,B:10.1,B:10.2,B:10.6,B:10.10,B:11.2,B:11.9,E:10.7,E:11.10,P_count_eq_1,P_count_eq_2,P_count_eq_3,B_count_eq_1,B_count_2_3,B_count_4_5,B_count_6_8,E_count_eq_1,E_count_eq_2,P_B_count",24,333
count_plus_PE_count,239,0.2662028504826035,0.3233160076146131,0.8886450974249385,"intercept,P:9.9,P:9.6,P:10.0,B:9.0,B:9.7,B:10.1,B:10.2,B:10.6,B:10.10,B:11.2,B:11.9,E:10.7,E:11.10,P_count_eq_1,P_count_eq_2,P_count_eq_3,B_count_eq_1,B_count_2_3,B_count_4_5,B_count_6_8,E_count_eq_1,E_count_eq_2,P_E_count",24,333
count_plus_BE_count,239,0.3912023277396589,0.4634501706085902,0.7711973657537381,"intercept,P:9.9,P:9.6,P:10.0,B:9.0,B:9.7,B:10.1,B:10.2,B:10.6,B:10.10,B:11.2,B:11.9,E:10.7,E:11.10,P_count_eq_1,P_count_eq_2,P_count_eq_3,B_count_eq_1,B_count_2_3,B_count_4_5,B_count_6_8,E_count_eq_1,E_count_eq_2,B_E_count",24,333
count_plus_all_pairs,239,0.23644287927896004,0.2918730504111402,0.9092507756873063,"intercept,P:9.9,P:9.6,P:10.0,B:9.0,B:9.7,B:10.1,B:10.2,B:10.6,B:10.10,B:11.2,B:11.9,E:10.7,E:11.10,P_count_eq_1,P_count_eq_2,P_count_eq_3,B_count_eq_1,B_count_2_3,B_count_4_5,B_count_6_8,E_count_eq_1,E_count_eq_2,P_B_count,P_E_count,B_E_count",26,333
additive_head,239,0.3875901775509616,0.45890583412168806,0.7723537890351129,"intercept,P:9.9,P:9.6,P:10.0,B:9.0,B:9.7,B:10.1,B:10.2,B:10.6,B:10.10,B:11.2,B:11.9,E:10.7,E:11.10",14,334
count_additive,239,0.3904045901387176,0.46350147777767464,0.7677715013510407,"intercept,P:9.9,P:9.6,P:10.0,B:9.0,B:9.7,B:10.1,B:10.2,B:10.6,B:10.10,B:11.2,B:11.9,E:10.7,E:11.10,P_count_eq_1,P_count_eq_2,P_count_eq_3,B_count_eq_1,B_count_2_3,B_count_4_5,B_count_6_8,E_count_eq_1,E_count_eq_2",23,334
count_plus_PB_count,239,0.3787333672736318,0.4424567056462688,0.7883809155762336,"intercept,P:9.9,P:9.6,P:10.0,B:9.0,B:9.7,B:10.1,B:10.2,B:10.6,B:10.10,B:11.2,B:11.9,E:10.7,E:11.10,P_count_eq_1,P_count_eq_2,P_count_eq_3,B_count_eq_1,B_count_2_3,B_count_4_5,B_count_6_8,E_count_eq_1,E_count_eq_2,P_B_count",24,334
count_plus_PE_count,239,0.2611477885160095,0.3168412666644834,0.8914832571438557,"intercept,P:9.9,P:9.6,P:10.0,B:9.0,B:9.7,B:10.1,B:10.2,B:10.6,B:10.10,B:11.2,B:11.9,E:10.7,E:11.10,P_count_eq_1,P_count_eq_2,P_count_eq_3,B_count_eq_1,B_count_2_3,B_count_4_5,B_count_6_8,E_count_eq_1,E_count_eq_2,P_E_count",24,334
count_plus_BE_count,239,0.3872310593431727,0.45892135020955965,0.7723383948602575,"intercept,P:9.9,P:9.6,P:10.0,B:9.0,B:9.7,B:10.1,B:10.2,B:10.6,B:10.10,B:11.2,B:11.9,E:10.7,E:11.10,P_count_eq_1,P_count_eq_2,P_count_eq_3,B_count_eq_1,B_count_2_3,B_count_4_5,B_count_6_8,E_count_eq_1,E_count_eq_2,B_E_count",24,334
count_plus_all_pairs,239,0.2325457529790829,0.28707756936055073,0.9109135220934025,"intercept,P:9.9,P:9.6,P:10.0,B:9.0,B:9.7,B:10.1,B:10.2,B:10.6,B:10.10,B:11.2,B:11.9,E:10.7,E:11.10,P_count_eq_1,P_count_eq_2,P_count_eq_3,B_count_eq_1,B_count_2_3,B_count_4_5,B_count_6_8,E_count_eq_1,E_count_eq_2,P_B_count,P_E_count,B_E_count",26,334
additive_head,239,0.3731297161755014,0.4420195632249217,0.7634474236451607,"intercept,P:9.9,P:9.6,P:10.0,B:9.0,B:9.7,B:10.1,B:10.2,B:10.6,B:10.10,B:11.2,B:11.9,E:10.7,E:11.10",14,335
count_additive,239,0.375848015119442,0.4464389617035086,0.7586935786063143,"intercept,P:9.9,P:9.6,P:10.0,B:9.0,B:9.7,B:10.1,B:10.2,B:10.6,B:10.10,B:11.2,B:11.9,E:10.7,E:11.10,P_count_eq_1,P_count_eq_2,P_count_eq_3,B_count_eq_1,B_count_2_3,B_count_4_5,B_count_6_8,E_count_eq_1,E_count_eq_2",23,335
count_plus_PB_count,239,0.3650315853352573,0.42624816668190907,0.7800268122822374,"intercept,P:9.9,P:9.6,P:10.0,B:9.0,B:9.7,B:10.1,B:10.2,B:10.6,B:10.10,B:11.2,B:11.9,E:10.7,E:11.10,P_count_eq_1,P_count_eq_2,P_count_eq_3,B_count_eq_1,B_count_2_3,B_count_4_5,B_count_6_8,E_count_eq_1,E_count_eq_2,P_B_count",24,335
count_plus_PE_count,239,0.25048124662369536,0.3048279538088776,0.8874995442244833,"intercept,P:9.9,P:9.6,P:10.0,B:9.0,B:9.7,B:10.1,B:10.2,B:10.6,B:10.10,B:11.2,B:11.9,E:10.7,E:11.10,P_count_eq_1,P_count_eq_2,P_count_eq_3,B_count_eq_1,B_count_2_3,B_count_4_5,B_count_6_8,E_count_eq_1,E_count_eq_2,P_E_count",24,335
count_plus_BE_count,239,0.3726878531121266,0.4416690239591335,0.7638224662609339,"intercept,P:9.9,P:9.6,P:10.0,B:9.0,B:9.7,B:10.1,B:10.2,B:10.6,B:10.10,B:11.2,B:11.9,E:10.7,E:11.10,P_count_eq_1,P_count_eq_2,P_count_eq_3,B_count_eq_1,B_count_2_3,B_count_4_5,B_count_6_8,E_count_eq_1,E_count_eq_2,B_E_count",24,335
count_plus_all_pairs,239,0.22337867149713192,0.2757587988993067,0.9079331132288289,"intercept,P:9.9,P:9.6,P:10.0,B:9.0,B:9.7,B:10.1,B:10.2,B:10.6,B:10.10,B:11.2,B:11.9,E:10.7,E:11.10,P_count_eq_1,P_count_eq_2,P_count_eq_3,B_count_eq_1,B_count_2_3,B_count_4_5,B_count_6_8,E_count_eq_1,E_count_eq_2,P_B_count,P_E_count,B_E_count",26,335
additive_head,239,0.3720028072762194,0.4405065423480937,0.7664772504984871,"intercept,P:9.9,P:9.6,P:10.0,B:9.0,B:9.7,B:10.1,B:10.2,B:10.6,B:10.10,B:11.2,B:11.9,E:10.7,E:11.10",14,336
count_additive,239,0.37508639910380326,0.44546483343400567,0.7611906538085746,"intercept,P:9.9,P:9.6,P:10.0,B:9.0,B:9.7,B:10.1,B:10.2,B:10.6,B:10.10,B:11.2,B:11.9,E:10.7,E:11.10,P_count_eq_1,P_count_eq_2,P_count_eq_3,B_count_eq_1,B_count_2_3,B_count_4_5,B_count_6_8,E_count_eq_1,E_count_eq_2",23,336
count_plus_PB_count,239,0.3654445081141713,0.42740536283297714,0.7801611700649282,"intercept,P:9.9,P:9.6,P:10.0,B:9.0,B:9.7,B:10.1,B:10.2,B:10.6,B:10.10,B:11.2,B:11.9,E:10.7,E:11.10,P_count_eq_1,P_count_eq_2,P_count_eq_3,B_count_eq_1,B_count_2_3,B_count_4_5,B_count_6_8,E_count_eq_1,E_count_eq_2,P_B_count",24,336
count_plus_PE_count,239,0.24693690587889872,0.30054122117537035,0.8912992443687829,"intercept,P:9.9,P:9.6,P:10.0,B:9.0,B:9.7,B:10.1,B:10.2,B:10.6,B:10.10,B:11.2,B:11.9,E:10.7,E:11.10,P_count_eq_1,P_count_eq_2,P_count_eq_3,B_count_eq_1,B_count_2_3,B_count_4_5,B_count_6_8,E_count_eq_1,E_count_eq_2,P_E_count",24,336
count_plus_BE_count,239,0.3723977575358038,0.44019967899604934,0.7668024879569414,"intercept,P:9.9,P:9.6,P:10.0,B:9.0,B:9.7,B:10.1,B:10.2,B:10.6,B:10.10,B:11.2,B:11.9,E:10.7,E:11.10,P_count_eq_1,P_count_eq_2,P_count_eq_3,B_count_eq_1,B_count_2_3,B_count_4_5,B_count_6_8,E_count_eq_1,E_count_eq_2,B_E_count",24,336
count_plus_all_pairs,239,0.2209876547907992,0.273495063972834,0.9099832239020713,"intercept,P:9.9,P:9.6,P:10.0,B:9.0,B:9.7,B:10.1,B:10.2,B:10.6,B:10.10,B:11.2,B:11.9,E:10.7,E:11.10,P_count_eq_1,P_count_eq_2,P_count_eq_3,B_count_eq_1,B_count_2_3,B_count_4_5,B_count_6_8,E_count_eq_1,E_count_eq_2,P_B_count,P_E_count,B_E_count",26,336
additive_head,239,0.3885612999251975,0.46026207160305593,0.7627144588527083,"intercept,P:9.9,P:9.6,P:10.0,B:9.0,B:9.7,B:10.1,B:10.2,B:10.6,B:10.10,B:11.2,B:11.9,E:10.7,E:11.10",14,337
count_additive,239,0.39121371558789614,0.46474676219278066,0.7580678162983676,"intercept,P:9.9,P:9.6,P:10.0,B:9.0,B:9.7,B:10.1,B:10.2,B:10.6,B:10.10,B:11.2,B:11.9,E:10.7,E:11.10,P_count_eq_1,P_count_eq_2,P_count_eq_3,B_count_eq_1,B_count_2_3,B_count_4_5,B_count_6_8,E_count_eq_1,E_count_eq_2",23,337
count_plus_PB_count,239,0.37978667355721984,0.4441449273496729,0.7790417037682419,"intercept,P:9.9,P:9.6,P:10.0,B:9.0,B:9.7,B:10.1,B:10.2,B:10.6,B:10.10,B:11.2,B:11.9,E:10.7,E:11.10,P_count_eq_1,P_count_eq_2,P_count_eq_3,B_count_eq_1,B_count_2_3,B_count_4_5,B_count_6_8,E_count_eq_1,E_count_eq_2,P_B_count",24,337
count_plus_PE_count,239,0.25972869496058393,0.3156488297941308,0.8883986965352852,"intercept,P:9.9,P:9.6,P:10.0,B:9.0,B:9.7,B:10.1,B:10.2,B:10.6,B:10.10,B:11.2,B:11.9,E:10.7,E:11.10,P_count_eq_1,P_count_eq_2,P_count_eq_3,B_count_eq_1,B_count_2_3,B_count_4_5,B_count_6_8,E_count_eq_1,E_count_eq_2,P_E_count",24,337
count_plus_BE_count,239,0.3872467568950944,0.45848637827008987,0.7645418246133032,"intercept,P:9.9,P:9.6,P:10.0,B:9.0,B:9.7,B:10.1,B:10.2,B:10.6,B:10.10,B:11.2,B:11.9,E:10.7,E:11.10,P_count_eq_1,P_count_eq_2,P_count_eq_3,B_count_eq_1,B_count_2_3,B_count_4_5,B_count_6_8,E_count_eq_1,E_count_eq_2,B_E_count",24,337
count_plus_all_pairs,239,0.2305178877813855,0.2844400910691301,0.9093761480455476,"intercept,P:9.9,P:9.6,P:10.0,B:9.0,B:9.7,B:10.1,B:10.2,B:10.6,B:10.10,B:11.2,B:11.9,E:10.7,E:11.10,P_count_eq_1,P_count_eq_2,P_count_eq_3,B_count_eq_1,B_count_2_3,B_count_4_5,B_count_6_8,E_count_eq_1,E_count_eq_2,P_B_count,P_E_count,B_E_count",26,337
additive_head,239,0.3666514809579214,0.4324496527686633,0.7695628519722386,"intercept,P:9.9,P:9.6,P:10.0,B:9.0,B:9.7,B:10.1,B:10.2,B:10.6,B:10.10,B:11.2,B:11.9,E:10.7,E:11.10",14,338
count_additive,239,0.36967571814908484,0.4372315437831842,0.7644384741828244,"intercept,P:9.9,P:9.6,P:10.0,B:9.0,B:9.7,B:10.1,B:10.2,B:10.6,B:10.10,B:11.2,B:11.9,E:10.7,E:11.10,P_count_eq_1,P_count_eq_2,P_count_eq_3,B_count_eq_1,B_count_2_3,B_count_4_5,B_count_6_8,E_count_eq_1,E_count_eq_2",23,338
count_plus_PB_count,239,0.36073937791832683,0.4199718963543573,0.7826689167299538,"intercept,P:9.9,P:9.6,P:10.0,B:9.0,B:9.7,B:10.1,B:10.2,B:10.6,B:10.10,B:11.2,B:11.9,E:10.7,E:11.10,P_count_eq_1,P_count_eq_2,P_count_eq_3,B_count_eq_1,B_count_2_3,B_count_4_5,B_count_6_8,E_count_eq_1,E_count_eq_2,P_B_count",24,338
count_plus_PE_count,239,0.24415522715078614,0.2969490409411566,0.8913461198464144,"intercept,P:9.9,P:9.6,P:10.0,B:9.0,B:9.7,B:10.1,B:10.2,B:10.6,B:10.10,B:11.2,B:11.9,E:10.7,E:11.10,P_count_eq_1,P_count_eq_2,P_count_eq_3,B_count_eq_1,B_count_2_3,B_count_4_5,B_count_6_8,E_count_eq_1,E_count_eq_2,P_E_count",24,338
count_plus_BE_count,239,0.3668546835480706,0.4315758161328381,0.7704931844431621,"intercept,P:9.9,P:9.6,P:10.0,B:9.0,B:9.7,B:10.1,B:10.2,B:10.6,B:10.10,B:11.2,B:11.9,E:10.7,E:11.10,P_count_eq_1,P_count_eq_2,P_count_eq_3,B_count_eq_1,B_count_2_3,B_count_4_5,B_count_6_8,E_count_eq_1,E_count_eq_2,B_E_count",24,338
count_plus_all_pairs,239,0.2187956534809429,0.27054305080863994,0.9098108793975745,"intercept,P:9.9,P:9.6,P:10.0,B:9.0,B:9.7,B:10.1,B:10.2,B:10.6,B:10.10,B:11.2,B:11.9,E:10.7,E:11.10,P_count_eq_1,P_count_eq_2,P_count_eq_3,B_count_eq_1,B_count_2_3,B_count_4_5,B_count_6_8,E_count_eq_1,E_count_eq_2,P_B_count,P_E_count,B_E_count",26,338
additive_head,239,0.37827383026945965,0.4467954474586186,0.7644303597215903,"intercept,P:9.9,P:9.6,P:10.0,B:9.0,B:9.7,B:10.1,B:10.2,B:10.6,B:10.10,B:11.2,B:11.9,E:10.7,E:11.10",14,339
count_additive,239,0.3816161988842158,0.4519840214320087,0.7589273155838483,"intercept,P:9.9,P:9.6,P:10.0,B:9.0,B:9.7,B:10.1,B:10.2,B:10.6,B:10.10,B:11.2,B:11.9,E:10.7,E:11.10,P_count_eq_1,P_count_eq_2,P_count_eq_3,B_count_eq_1,B_count_2_3,B_count_4_5,B_count_6_8,E_count_eq_1,E_count_eq_2",23,339
count_plus_PB_count,239,0.3726301972032017,0.4343230163935376,0.777398785309569,"intercept,P:9.9,P:9.6,P:10.0,B:9.0,B:9.7,B:10.1,B:10.2,B:10.6,B:10.10,B:11.2,B:11.9,E:10.7,E:11.10,P_count_eq_1,P_count_eq_2,P_count_eq_3,B_count_eq_1,B_count_2_3,B_count_4_5,B_count_6_8,E_count_eq_1,E_count_eq_2,P_B_count",24,339
count_plus_PE_count,239,0.25093175925011885,0.30536996219651064,0.8899590145941837,"intercept,P:9.9,P:9.6,P:10.0,B:9.0,B:9.7,B:10.1,B:10.2,B:10.6,B:10.10,B:11.2,B:11.9,E:10.7,E:11.10,P_count_eq_1,P_count_eq_2,P_count_eq_3,B_count_eq_1,B_count_2_3,B_count_4_5,B_count_6_8,E_count_eq_1,E_count_eq_2,P_E_count",24,339
count_plus_BE_count,239,0.3787196331330015,0.44633666305495434,0.7649138928001112,"intercept,P:9.9,P:9.6,P:10.0,B:9.0,B:9.7,B:10.1,B:10.2,B:10.6,B:10.10,B:11.2,B:11.9,E:10.7,E:11.10,P_count_eq_1,P_count_eq_2,P_count_eq_3,B_count_eq_1,B_count_2_3,B_count_4_5,B_count_6_8,E_count_eq_1,E_count_eq_2,B_E_count",24,339
count_plus_all_pairs,239,0.22496600600085062,0.27843918327102696,0.9085123351829871,"intercept,P:9.9,P:9.6,P:10.0,B:9.0,B:9.7,B:10.1,B:10.2,B:10.6,B:10.10,B:11.2,B:11.9,E:10.7,E:11.10,P_count_eq_1,P_count_eq_2,P_count_eq_3,B_count_eq_1,B_count_2_3,B_count_4_5,B_count_6_8,E_count_eq_1,E_count_eq_2,P_B_count,P_E_count,B_E_count",26,339
additive_head,239,0.3965388035504972,0.470147627140543,0.7712091228155116,"intercept,P:9.9,P:9.6,P:10.0,B:9.0,B:9.7,B:10.1,B:10.2,B:10.6,B:10.10,B:11.2,B:11.9,E:10.7,E:11.10",14,340
count_additive,239,0.3997345534559328,0.47502857179730384,0.7664339744858689,"intercept,P:9.9,P:9.6,P:10.0,B:9.0,B:9.7,B:10.1,B:10.2,B:10.6,B:10.10,B:11.2,B:11.9,E:10.7,E:11.10,P_count_eq_1,P_count_eq_2,P_count_eq_3,B_count_eq_1,B_count_2_3,B_count_4_5,B_count_6_8,E_count_eq_1,E_count_eq_2",23,340
count_plus_PB_count,239,0.38737699481904336,0.4534957570534046,0.7871289204966636,"intercept,P:9.9,P:9.6,P:10.0,B:9.0,B:9.7,B:10.1,B:10.2,B:10.6,B:10.10,B:11.2,B:11.9,E:10.7,E:11.10,P_count_eq_1,P_count_eq_2,P_count_eq_3,B_count_eq_1,B_count_2_3,B_count_4_5,B_count_6_8,E_count_eq_1,E_count_eq_2,P_B_count",24,340
count_plus_PE_count,239,0.266433752451723,0.324290767661574,0.89114725737987,"intercept,P:9.9,P:9.6,P:10.0,B:9.0,B:9.7,B:10.1,B:10.2,B:10.6,B:10.10,B:11.2,B:11.9,E:10.7,E:11.10,P_count_eq_1,P_count_eq_2,P_count_eq_3,B_count_eq_1,B_count_2_3,B_count_4_5,B_count_6_8,E_count_eq_1,E_count_eq_2,P_E_count",24,340
count_plus_BE_count,239,0.3959584231962682,0.4697972024851365,0.7715500543903127,"intercept,P:9.9,P:9.6,P:10.0,B:9.0,B:9.7,B:10.1,B:10.2,B:10.6,B:10.10,B:11.2,B:11.9,E:10.7,E:11.10,P_count_eq_1,P_count_eq_2,P_count_eq_3,B_count_eq_1,B_count_2_3,B_count_4_5,B_count_6_8,E_count_eq_1,E_count_eq_2,B_E_count",24,340
count_plus_all_pairs,239,0.2370798045053489,0.2932176311083865,0.9110081228067141,"intercept,P:9.9,P:9.6,P:10.0,B:9.0,B:9.7,B:10.1,B:10.2,B:10.6,B:10.10,B:11.2,B:11.9,E:10.7,E:11.10,P_count_eq_1,P_count_eq_2,P_count_eq_3,B_count_eq_1,B_count_2_3,B_count_4_5,B_count_6_8,E_count_eq_1,E_count_eq_2,P_B_count,P_E_count,B_E_count",26,340
additive_head,239,0.37742312663154476,0.4446083181368094,0.7633010562172308,"intercept,P:9.9,P:9.6,P:10.0,B:9.0,B:9.7,B:10.1,B:10.2,B:10.6,B:10.10,B:11.2,B:11.9,E:10.7,E:11.10",14,341
count_additive,239,0.38059985067739727,0.449417274706762,0.7581530156680644,"intercept,P:9.9,P:9.6,P:10.0,B:9.0,B:9.7,B:10.1,B:10.2,B:10.6,B:10.10,B:11.2,B:11.9,E:10.7,E:11.10,P_count_eq_1,P_count_eq_2,P_count_eq_3,B_count_eq_1,B_count_2_3,B_count_4_5,B_count_6_8,E_count_eq_1,E_count_eq_2",23,341
count_plus_PB_count,239,0.3710339674657041,0.4306093899843806,0.7779717966557432,"intercept,P:9.9,P:9.6,P:10.0,B:9.0,B:9.7,B:10.1,B:10.2,B:10.6,B:10.10,B:11.2,B:11.9,E:10.7,E:11.10,P_count_eq_1,P_count_eq_2,P_count_eq_3,B_count_eq_1,B_count_2_3,B_count_4_5,B_count_6_8,E_count_eq_1,E_count_eq_2,P_B_count",24,341
count_plus_PE_count,239,0.2533497821681944,0.306782538162869,0.8873055767464546,"intercept,P:9.9,P:9.6,P:10.0,B:9.0,B:9.7,B:10.1,B:10.2,B:10.6,B:10.10,B:11.2,B:11.9,E:10.7,E:11.10,P_count_eq_1,P_count_eq_2,P_count_eq_3,B_count_eq_1,B_count_2_3,B_count_4_5,B_count_6_8,E_count_eq_1,E_count_eq_2,P_E_count",24,341
count_plus_BE_count,239,0.3774249537092509,0.4444159612590298,0.7635058244083319,"intercept,P:9.9,P:9.6,P:10.0,B:9.0,B:9.7,B:10.1,B:10.2,B:10.6,B:10.10,B:11.2,B:11.9,E:10.7,E:11.10,P_count_eq_1,P_count_eq_2,P_count_eq_3,B_count_eq_1,B_count_2_3,B_count_4_5,B_count_6_8,E_count_eq_1,E_count_eq_2,B_E_count",24,341
count_plus_all_pairs,239,0.22675611301949683,0.27944689974805526,0.9064939428932292,"intercept,P:9.9,P:9.6,P:10.0,B:9.0,B:9.7,B:10.1,B:10.2,B:10.6,B:10.10,B:11.2,B:11.9,E:10.7,E:11.10,P_count_eq_1,P_count_eq_2,P_count_eq_3,B_count_eq_1,B_count_2_3,B_count_4_5,B_count_6_8,E_count_eq_1,E_count_eq_2,P_B_count,P_E_count,B_E_count",26,341
additive_head,239,0.3707112771260648,0.43950740203175354,0.772958552470431,"intercept,P:9.9,P:9.6,P:10.0,B:9.0,B:9.7,B:10.1,B:10.2,B:10.6,B:10.10,B:11.2,B:11.9,E:10.7,E:11.10",14,342
count_additive,239,0.37311872304055843,0.443405251799994,0.7689135797488509,"intercept,P:9.9,P:9.6,P:10.0,B:9.0,B:9.7,B:10.1,B:10.2,B:10.6,B:10.10,B:11.2,B:11.9,E:10.7,E:11.10,P_count_eq_1,P_count_eq_2,P_count_eq_3,B_count_eq_1,B_count_2_3,B_count_4_5,B_count_6_8,E_count_eq_1,E_count_eq_2",23,342
count_plus_PB_count,239,0.3630584229240789,0.42452579070964264,0.7881731935626677,"intercept,P:9.9,P:9.6,P:10.0,B:9.0,B:9.7,B:10.1,B:10.2,B:10.6,B:10.10,B:11.2,B:11.9,E:10.7,E:11.10,P_count_eq_1,P_count_eq_2,P_count_eq_3,B_count_eq_1,B_count_2_3,B_count_4_5,B_count_6_8,E_count_eq_1,E_count_eq_2,P_B_count",24,342
count_plus_PE_count,239,0.24629423040468898,0.29994256746910575,0.8942576473097374,"intercept,P:9.9,P:9.6,P:10.0,B:9.0,B:9.7,B:10.1,B:10.2,B:10.6,B:10.10,B:11.2,B:11.9,E:10.7,E:11.10,P_count_eq_1,P_count_eq_2,P_count_eq_3,B_count_eq_1,B_count_2_3,B_count_4_5,B_count_6_8,E_count_eq_1,E_count_eq_2,P_E_count",24,342
count_plus_BE_count,239,0.3692584094999427,0.4374138553071025,0.7751163764527222,"intercept,P:9.9,P:9.6,P:10.0,B:9.0,B:9.7,B:10.1,B:10.2,B:10.6,B:10.10,B:11.2,B:11.9,E:10.7,E:11.10,P_count_eq_1,P_count_eq_2,P_count_eq_3,B_count_eq_1,B_count_2_3,B_count_4_5,B_count_6_8,E_count_eq_1,E_count_eq_2,B_E_count",24,342
count_plus_all_pairs,239,0.21963227593747078,0.2709819599463195,0.9136915099477803,"intercept,P:9.9,P:9.6,P:10.0,B:9.0,B:9.7,B:10.1,B:10.2,B:10.6,B:10.10,B:11.2,B:11.9,E:10.7,E:11.10,P_count_eq_1,P_count_eq_2,P_count_eq_3,B_count_eq_1,B_count_2_3,B_count_4_5,B_count_6_8,E_count_eq_1,E_count_eq_2,P_B_count,P_E_count,B_E_count",26,342
additive_head,239,0.37915390213905587,0.4490526891398935,0.7524060774281462,"intercept,P:9.9,P:9.6,P:10.0,B:9.0,B:9.7,B:10.1,B:10.2,B:10.6,B:10.10,B:11.2,B:11.9,E:10.7,E:11.10",14,343
count_additive,239,0.3821635201416775,0.4537729236950688,0.7471735341559971,"intercept,P:9.9,P:9.6,P:10.0,B:9.0,B:9.7,B:10.1,B:10.2,B:10.6,B:10.10,B:11.2,B:11.9,E:10.7,E:11.10,P_count_eq_1,P_count_eq_2,P_count_eq_3,B_count_eq_1,B_count_2_3,B_count_4_5,B_count_6_8,E_count_eq_1,E_count_eq_2",23,343
count_plus_PB_count,239,0.3717228791137183,0.43420618530744065,0.7685072528516819,"intercept,P:9.9,P:9.6,P:10.0,B:9.0,B:9.7,B:10.1,B:10.2,B:10.6,B:10.10,B:11.2,B:11.9,E:10.7,E:11.10,P_count_eq_1,P_count_eq_2,P_count_eq_3,B_count_eq_1,B_count_2_3,B_count_4_5,B_count_6_8,E_count_eq_1,E_count_eq_2,P_B_count",24,343
count_plus_PE_count,239,0.25563253202138525,0.31118827540787697,0.8810972692412471,"intercept,P:9.9,P:9.6,P:10.0,B:9.0,B:9.7,B:10.1,B:10.2,B:10.6,B:10.10,B:11.2,B:11.9,E:10.7,E:11.10,P_count_eq_1,P_count_eq_2,P_count_eq_3,B_count_eq_1,B_count_2_3,B_count_4_5,B_count_6_8,E_count_eq_1,E_count_eq_2,P_E_count",24,343
count_plus_BE_count,239,0.3785968951317627,0.4474328688856424,0.754189094494421,"intercept,P:9.9,P:9.6,P:10.0,B:9.0,B:9.7,B:10.1,B:10.2,B:10.6,B:10.10,B:11.2,B:11.9,E:10.7,E:11.10,P_count_eq_1,P_count_eq_2,P_count_eq_3,B_count_eq_1,B_count_2_3,B_count_4_5,B_count_6_8,E_count_eq_1,E_count_eq_2,B_E_count",24,343
count_plus_all_pairs,239,0.2275939078422221,0.28137662683613,0.9027876559464172,"intercept,P:9.9,P:9.6,P:10.0,B:9.0,B:9.7,B:10.1,B:10.2,B:10.6,B:10.10,B:11.2,B:11.9,E:10.7,E:11.10,P_count_eq_1,P_count_eq_2,P_count_eq_3,B_count_eq_1,B_count_2_3,B_count_4_5,B_count_6_8,E_count_eq_1,E_count_eq_2,P_B_count,P_E_count,B_E_count",26,343
additive_head,239,0.3917636680758343,0.4620400474939973,0.7647192135696324,"intercept,P:9.9,P:9.6,P:10.0,B:9.0,B:9.7,B:10.1,B:10.2,B:10.6,B:10.10,B:11.2,B:11.9,E:10.7,E:11.10",14,344
count_additive,239,0.3952100944142259,0.4676398412210974,0.7589815815781501,"intercept,P:9.9,P:9.6,P:10.0,B:9.0,B:9.7,B:10.1,B:10.2,B:10.6,B:10.10,B:11.2,B:11.9,E:10.7,E:11.10,P_count_eq_1,P_count_eq_2,P_count_eq_3,B_count_eq_1,B_count_2_3,B_count_4_5,B_count_6_8,E_count_eq_1,E_count_eq_2",23,344
count_plus_PB_count,239,0.38573317054242257,0.4488280969597663,0.7779824550377803,"intercept,P:9.9,P:9.6,P:10.0,B:9.0,B:9.7,B:10.1,B:10.2,B:10.6,B:10.10,B:11.2,B:11.9,E:10.7,E:11.10,P_count_eq_1,P_count_eq_2,P_count_eq_3,B_count_eq_1,B_count_2_3,B_count_4_5,B_count_6_8,E_count_eq_1,E_count_eq_2,P_B_count",24,344
count_plus_PE_count,239,0.2614060439812962,0.31738340667572684,0.8889814225206306,"intercept,P:9.9,P:9.6,P:10.0,B:9.0,B:9.7,B:10.1,B:10.2,B:10.6,B:10.10,B:11.2,B:11.9,E:10.7,E:11.10,P_count_eq_1,P_count_eq_2,P_count_eq_3,B_count_eq_1,B_count_2_3,B_count_4_5,B_count_6_8,E_count_eq_1,E_count_eq_2,P_E_count",24,344
count_plus_BE_count,239,0.392609463954422,0.46184450581965264,0.7649183195290874,"intercept,P:9.9,P:9.6,P:10.0,B:9.0,B:9.7,B:10.1,B:10.2,B:10.6,B:10.10,B:11.2,B:11.9,E:10.7,E:11.10,P_count_eq_1,P_count_eq_2,P_count_eq_3,B_count_eq_1,B_count_2_3,B_count_4_5,B_count_6_8,E_count_eq_1,E_count_eq_2,B_E_count",24,344
count_plus_all_pairs,239,0.23376169320524512,0.28892274273379703,0.9079993954031378,"intercept,P:9.9,P:9.6,P:10.0,B:9.0,B:9.7,B:10.1,B:10.2,B:10.6,B:10.10,B:11.2,B:11.9,E:10.7,E:11.10,P_count_eq_1,P_count_eq_2,P_count_eq_3,B_count_eq_1,B_count_2_3,B_count_4_5,B_count_6_8,E_count_eq_1,E_count_eq_2,P_B_count,P_E_count,B_E_count",26,344
additive_head,239,0.37477355157405046,0.44481444159145356,0.7585138979686958,"intercept,P:9.9,P:9.6,P:10.0,B:9.0,B:9.7,B:10.1,B:10.2,B:10.6,B:10.10,B:11.2,B:11.9,E:10.7,E:11.10",14,345
count_additive,239,0.3778771205339321,0.44929323452858105,0.7536264157346142,"intercept,P:9.9,P:9.6,P:10.0,B:9.0,B:9.7,B:10.1,B:10.2,B:10.6,B:10.10,B:11.2,B:11.9,E:10.7,E:11.10,P_count_eq_1,P_count_eq_2,P_count_eq_3,B_count_eq_1,B_count_2_3,B_count_4_5,B_count_6_8,E_count_eq_1,E_count_eq_2",23,345
count_plus_PB_count,239,0.36674869131481175,0.42877881701512305,0.7756112769232113,"intercept,P:9.9,P:9.6,P:10.0,B:9.0,B:9.7,B:10.1,B:10.2,B:10.6,B:10.10,B:11.2,B:11.9,E:10.7,E:11.10,P_count_eq_1,P_count_eq_2,P_count_eq_3,B_count_eq_1,B_count_2_3,B_count_4_5,B_count_6_8,E_count_eq_1,E_count_eq_2,P_B_count",24,345
count_plus_PE_count,239,0.25124243472948526,0.30578218530727036,0.8858807933504782,"intercept,P:9.9,P:9.6,P:10.0,B:9.0,B:9.7,B:10.1,B:10.2,B:10.6,B:10.10,B:11.2,B:11.9,E:10.7,E:11.10,P_count_eq_1,P_count_eq_2,P_count_eq_3,B_count_eq_1,B_count_2_3,B_count_4_5,B_count_6_8,E_count_eq_1,E_count_eq_2,P_E_count",24,345
count_plus_BE_count,239,0.37428351761744055,0.444095779189214,0.7592935794303945,"intercept,P:9.9,P:9.6,P:10.0,B:9.0,B:9.7,B:10.1,B:10.2,B:10.6,B:10.10,B:11.2,B:11.9,E:10.7,E:11.10,P_count_eq_1,P_count_eq_2,P_count_eq_3,B_count_eq_1,B_count_2_3,B_count_4_5,B_count_6_8,E_count_eq_1,E_count_eq_2,B_E_count",24,345
count_plus_all_pairs,239,0.22314716447293076,0.27580801917133185,0.9071572144404045,"intercept,P:9.9,P:9.6,P:10.0,B:9.0,B:9.7,B:10.1,B:10.2,B:10.6,B:10.10,B:11.2,B:11.9,E:10.7,E:11.10,P_count_eq_1,P_count_eq_2,P_count_eq_3,B_count_eq_1,B_count_2_3,B_count_4_5,B_count_6_8,E_count_eq_1,E_count_eq_2,P_B_count,P_E_count,B_E_count",26,345
additive_head,239,0.38708576523986515,0.4576746804169861,0.7628793690845915,"intercept,P:9.9,P:9.6,P:10.0,B:9.0,B:9.7,B:10.1,B:10.2,B:10.6,B:10.10,B:11.2,B:11.9,E:10.7,E:11.10",14,346
count_additive,239,0.3900807339500214,0.46232405276270894,0.7580372314994069,"intercept,P:9.9,P:9.6,P:10.0,B:9.0,B:9.7,B:10.1,B:10.2,B:10.6,B:10.10,B:11.2,B:11.9,E:10.7,E:11.10,P_count_eq_1,P_count_eq_2,P_count_eq_3,B_count_eq_1,B_count_2_3,B_count_4_5,B_count_6_8,E_count_eq_1,E_count_eq_2",23,346
count_plus_PB_count,239,0.3791005604556856,0.44159997793165606,0.7792434216804318,"intercept,P:9.9,P:9.6,P:10.0,B:9.0,B:9.7,B:10.1,B:10.2,B:10.6,B:10.10,B:11.2,B:11.9,E:10.7,E:11.10,P_count_eq_1,P_count_eq_2,P_count_eq_3,B_count_eq_1,B_count_2_3,B_count_4_5,B_count_6_8,E_count_eq_1,E_count_eq_2,P_B_count",24,346
count_plus_PE_count,239,0.25958524100115515,0.3147362606061245,0.8878629493961552,"intercept,P:9.9,P:9.6,P:10.0,B:9.0,B:9.7,B:10.1,B:10.2,B:10.6,B:10.10,B:11.2,B:11.9,E:10.7,E:11.10,P_count_eq_1,P_count_eq_2,P_count_eq_3,B_count_eq_1,B_count_2_3,B_count_4_5,B_count_6_8,E_count_eq_1,E_count_eq_2,P_E_count",24,346
count_plus_BE_count,239,0.38707012465035656,0.4576762834049789,0.7628777080698746,"intercept,P:9.9,P:9.6,P:10.0,B:9.0,B:9.7,B:10.1,B:10.2,B:10.6,B:10.10,B:11.2,B:11.9,E:10.7,E:11.10,P_count_eq_1,P_count_eq_2,P_count_eq_3,B_count_eq_1,B_count_2_3,B_count_4_5,B_count_6_8,E_count_eq_1,E_count_eq_2,B_E_count",24,346
count_plus_all_pairs,239,0.23128644821083852,0.28527696625644117,0.9078725643672713,"intercept,P:9.9,P:9.6,P:10.0,B:9.0,B:9.7,B:10.1,B:10.2,B:10.6,B:10.10,B:11.2,B:11.9,E:10.7,E:11.10,P_count_eq_1,P_count_eq_2,P_count_eq_3,B_count_eq_1,B_count_2_3,B_count_4_5,B_count_6_8,E_count_eq_1,E_count_eq_2,P_B_count,P_E_count,B_E_count",26,346
additive_head,239,0.3798778594350014,0.4479082018712335,0.7610634469148694,"intercept,P:9.9,P:9.6,P:10.0,B:9.0,B:9.7,B:10.1,B:10.2,B:10.6,B:10.10,B:11.2,B:11.9,E:10.7,E:11.10",14,347
count_additive,239,0.3831272793842483,0.45287233067962207,0.7557378707802459,"intercept,P:9.9,P:9.6,P:10.0,B:9.0,B:9.7,B:10.1,B:10.2,B:10.6,B:10.10,B:11.2,B:11.9,E:10.7,E:11.10,P_count_eq_1,P_count_eq_2,P_count_eq_3,B_count_eq_1,B_count_2_3,B_count_4_5,B_count_6_8,E_count_eq_1,E_count_eq_2",23,347
count_plus_PB_count,239,0.3737339355589067,0.43440895569944876,0.7752487560890065,"intercept,P:9.9,P:9.6,P:10.0,B:9.0,B:9.7,B:10.1,B:10.2,B:10.6,B:10.10,B:11.2,B:11.9,E:10.7,E:11.10,P_count_eq_1,P_count_eq_2,P_count_eq_3,B_count_eq_1,B_count_2_3,B_count_4_5,B_count_6_8,E_count_eq_1,E_count_eq_2,P_B_count",24,347
count_plus_PE_count,239,0.25473607083652766,0.30931653886789606,0.8860509134931849,"intercept,P:9.9,P:9.6,P:10.0,B:9.0,B:9.7,B:10.1,B:10.2,B:10.6,B:10.10,B:11.2,B:11.9,E:10.7,E:11.10,P_count_eq_1,P_count_eq_2,P_count_eq_3,B_count_eq_1,B_count_2_3,B_count_4_5,B_count_6_8,E_count_eq_1,E_count_eq_2,P_E_count",24,347
count_plus_BE_count,239,0.38047749553183,0.44776222099465196,0.7612191684814854,"intercept,P:9.9,P:9.6,P:10.0,B:9.0,B:9.7,B:10.1,B:10.2,B:10.6,B:10.10,B:11.2,B:11.9,E:10.7,E:11.10,P_count_eq_1,P_count_eq_2,P_count_eq_3,B_count_eq_1,B_count_2_3,B_count_4_5,B_count_6_8,E_count_eq_1,E_count_eq_2,B_E_count",24,347
count_plus_all_pairs,239,0.22850303119174656,0.2822108523743125,0.9051468004386984,"intercept,P:9.9,P:9.6,P:10.0,B:9.0,B:9.7,B:10.1,B:10.2,B:10.6,B:10.10,B:11.2,B:11.9,E:10.7,E:11.10,P_count_eq_1,P_count_eq_2,P_count_eq_3,B_count_eq_1,B_count_2_3,B_count_4_5,B_count_6_8,E_count_eq_1,E_count_eq_2,P_B_count,P_E_count,B_E_count",26,347
additive_head,239,0.37315112008403223,0.4405623227808137,0.7687834427695102,"intercept,P:9.9,P:9.6,P:10.0,B:9.0,B:9.7,B:10.1,B:10.2,B:10.6,B:10.10,B:11.2,B:11.9,E:10.7,E:11.10",14,348
count_additive,239,0.3754780264077703,0.4444183480840691,0.7647182805170356,"intercept,P:9.9,P:9.6,P:10.0,B:9.0,B:9.7,B:10.1,B:10.2,B:10.6,B:10.10,B:11.2,B:11.9,E:10.7,E:11.10,P_count_eq_1,P_count_eq_2,P_count_eq_3,B_count_eq_1,B_count_2_3,B_count_4_5,B_count_6_8,E_count_eq_1,E_count_eq_2",23,348
count_plus_PB_count,239,0.3658033831276487,0.4260464522453732,0.7837689135884509,"intercept,P:9.9,P:9.6,P:10.0,B:9.0,B:9.7,B:10.1,B:10.2,B:10.6,B:10.10,B:11.2,B:11.9,E:10.7,E:11.10,P_count_eq_1,P_count_eq_2,P_count_eq_3,B_count_eq_1,B_count_2_3,B_count_4_5,B_count_6_8,E_count_eq_1,E_count_eq_2,P_B_count",24,348
count_plus_PE_count,239,0.24834923742511064,0.3010212694045639,0.8920559795638692,"intercept,P:9.9,P:9.6,P:10.0,B:9.0,B:9.7,B:10.1,B:10.2,B:10.6,B:10.10,B:11.2,B:11.9,E:10.7,E:11.10,P_count_eq_1,P_count_eq_2,P_count_eq_3,B_count_eq_1,B_count_2_3,B_count_4_5,B_count_6_8,E_count_eq_1,E_count_eq_2,P_E_count",24,348
count_plus_BE_count,239,0.3730863819686548,0.4402705978613285,0.7690895483804652,"intercept,P:9.9,P:9.6,P:10.0,B:9.0,B:9.7,B:10.1,B:10.2,B:10.6,B:10.10,B:11.2,B:11.9,E:10.7,E:11.10,P_count_eq_1,P_count_eq_2,P_count_eq_3,B_count_eq_1,B_count_2_3,B_count_4_5,B_count_6_8,E_count_eq_1,E_count_eq_2,B_E_count",24,348
count_plus_all_pairs,239,0.22284999787327667,0.2749127610499776,0.9099685959296159,"intercept,P:9.9,P:9.6,P:10.0,B:9.0,B:9.7,B:10.1,B:10.2,B:10.6,B:10.10,B:11.2,B:11.9,E:10.7,E:11.10,P_count_eq_1,P_count_eq_2,P_count_eq_3,B_count_eq_1,B_count_2_3,B_count_4_5,B_count_6_8,E_count_eq_1,E_count_eq_2,P_B_count,P_E_count,B_E_count",26,348
additive_head,239,0.3690781555466918,0.4363619614999704,0.7622576958000125,"intercept,P:9.9,P:9.6,P:10.0,B:9.0,B:9.7,B:10.1,B:10.2,B:10.6,B:10.10,B:11.2,B:11.9,E:10.7,E:11.10",14,349
count_additive,239,0.37180000547777486,0.44112593021506014,0.7570382699728755,"intercept,P:9.9,P:9.6,P:10.0,B:9.0,B:9.7,B:10.1,B:10.2,B:10.6,B:10.10,B:11.2,B:11.9,E:10.7,E:11.10,P_count_eq_1,P_count_eq_2,P_count_eq_3,B_count_eq_1,B_count_2_3,B_count_4_5,B_count_6_8,E_count_eq_1,E_count_eq_2",23,349
count_plus_PB_count,239,0.36113686678513474,0.4211174001487196,0.7785788664395342,"intercept,P:9.9,P:9.6,P:10.0,B:9.0,B:9.7,B:10.1,B:10.2,B:10.6,B:10.10,B:11.2,B:11.9,E:10.7,E:11.10,P_count_eq_1,P_count_eq_2,P_count_eq_3,B_count_eq_1,B_count_2_3,B_count_4_5,B_count_6_8,E_count_eq_1,E_count_eq_2,P_B_count",24,349
count_plus_PE_count,239,0.24609268123701425,0.29936364773559215,0.8881049638078794,"intercept,P:9.9,P:9.6,P:10.0,B:9.0,B:9.7,B:10.1,B:10.2,B:10.6,B:10.10,B:11.2,B:11.9,E:10.7,E:11.10,P_count_eq_1,P_count_eq_2,P_count_eq_3,B_count_eq_1,B_count_2_3,B_count_4_5,B_count_6_8,E_count_eq_1,E_count_eq_2,P_E_count",24,349
count_plus_BE_count,239,0.36829460660012425,0.4364392291213948,0.7621734931867312,"intercept,P:9.9,P:9.6,P:10.0,B:9.0,B:9.7,B:10.1,B:10.2,B:10.6,B:10.10,B:11.2,B:11.9,E:10.7,E:11.10,P_count_eq_1,P_count_eq_2,P_count_eq_3,B_count_eq_1,B_count_2_3,B_count_4_5,B_count_6_8,E_count_eq_1,E_count_eq_2,B_E_count",24,349
count_plus_all_pairs,239,0.21897502744225858,0.27046412116758234,0.9086660964463344,"intercept,P:9.9,P:9.6,P:10.0,B:9.0,B:9.7,B:10.1,B:10.2,B:10.6,B:10.10,B:11.2,B:11.9,E:10.7,E:11.10,P_count_eq_1,P_count_eq_2,P_count_eq_3,B_count_eq_1,B_count_2_3,B_count_4_5,B_count_6_8,E_count_eq_1,E_count_eq_2,P_B_count,P_E_count,B_E_count",26,349
additive_head,239,0.37627530761359773,0.44456229439868095,0.7631267111146909,"intercept,P:9.9,P:9.6,P:10.0,B:9.0,B:9.7,B:10.1,B:10.2,B:10.6,B:10.10,B:11.2,B:11.9,E:10.7,E:11.10",14,350
count_additive,239,0.37954233945005816,0.4496244799678711,0.7577014937490641,"intercept,P:9.9,P:9.6,P:10.0,B:9.0,B:9.7,B:10.1,B:10.2,B:10.6,B:10.10,B:11.2,B:11.9,E:10.7,E:11.10,P_count_eq_1,P_count_eq_2,P_count_eq_3,B_count_eq_1,B_count_2_3,B_count_4_5,B_count_6_8,E_count_eq_1,E_count_eq_2",23,350
count_plus_PB_count,239,0.3697266394613405,0.4302288217960825,0.7781548992862188,"intercept,P:9.9,P:9.6,P:10.0,B:9.0,B:9.7,B:10.1,B:10.2,B:10.6,B:10.10,B:11.2,B:11.9,E:10.7,E:11.10,P_count_eq_1,P_count_eq_2,P_count_eq_3,B_count_eq_1,B_count_2_3,B_count_4_5,B_count_6_8,E_count_eq_1,E_count_eq_2,P_B_count",24,350
count_plus_PE_count,239,0.25324600816009646,0.30724837459297133,0.8868563909263762,"intercept,P:9.9,P:9.6,P:10.0,B:9.0,B:9.7,B:10.1,B:10.2,B:10.6,B:10.10,B:11.2,B:11.9,E:10.7,E:11.10,P_count_eq_1,P_count_eq_2,P_count_eq_3,B_count_eq_1,B_count_2_3,B_count_4_5,B_count_6_8,E_count_eq_1,E_count_eq_2,P_E_count",24,350
count_plus_BE_count,239,0.37672580202086225,0.44482693493035397,0.7628446137261039,"intercept,P:9.9,P:9.6,P:10.0,B:9.0,B:9.7,B:10.1,B:10.2,B:10.6,B:10.10,B:11.2,B:11.9,E:10.7,E:11.10,P_count_eq_1,P_count_eq_2,P_count_eq_3,B_count_eq_1,B_count_2_3,B_count_4_5,B_count_6_8,E_count_eq_1,E_count_eq_2,B_E_count",24,350
count_plus_all_pairs,239,0.22643341178603177,0.27935513350103497,0.906467153250381,"intercept,P:9.9,P:9.6,P:10.0,B:9.0,B:9.7,B:10.1,B:10.2,B:10.6,B:10.10,B:11.2,B:11.9,E:10.7,E:11.10,P_count_eq_1,P_count_eq_2,P_count_eq_3,B_count_eq_1,B_count_2_3,B_count_4_5,B_count_6_8,E_count_eq_1,E_count_eq_2,P_B_count,P_E_count,B_E_count",26,350
additive_head,239,0.37680137454626034,0.44356538786824595,0.7698126714017298,"intercept,P:9.9,P:9.6,P:10.0,B:9.0,B:9.7,B:10.1,B:10.2,B:10.6,B:10.10,B:11.2,B:11.9,E:10.7,E:11.10",14,351
count_additive,239,0.37957476196091045,0.4480321882171304,0.7651532549031316,"intercept,P:9.9,P:9.6,P:10.0,B:9.0,B:9.7,B:10.1,B:10.2,B:10.6,B:10.10,B:11.2,B:11.9,E:10.7,E:11.10,P_count_eq_1,P_count_eq_2,P_count_eq_3,B_count_eq_1,B_count_2_3,B_count_4_5,B_count_6_8,E_count_eq_1,E_count_eq_2",23,351
count_plus_PB_count,239,0.3698324983761809,0.42917092158647674,0.7845102138840787,"intercept,P:9.9,P:9.6,P:10.0,B:9.0,B:9.7,B:10.1,B:10.2,B:10.6,B:10.10,B:11.2,B:11.9,E:10.7,E:11.10,P_count_eq_1,P_count_eq_2,P_count_eq_3,B_count_eq_1,B_count_2_3,B_count_4_5,B_count_6_8,E_count_eq_1,E_count_eq_2,P_B_count",24,351
count_plus_PE_count,239,0.2518097433598234,0.3051534367892099,0.8910561688444165,"intercept,P:9.9,P:9.6,P:10.0,B:9.0,B:9.7,B:10.1,B:10.2,B:10.6,B:10.10,B:11.2,B:11.9,E:10.7,E:11.10,P_count_eq_1,P_count_eq_2,P_count_eq_3,B_count_eq_1,B_count_2_3,B_count_4_5,B_count_6_8,E_count_eq_1,E_count_eq_2,P_E_count",24,351
count_plus_BE_count,239,0.37689715705297094,0.4435182587281844,0.7698615839400591,"intercept,P:9.9,P:9.6,P:10.0,B:9.0,B:9.7,B:10.1,B:10.2,B:10.6,B:10.10,B:11.2,B:11.9,E:10.7,E:11.10,P_count_eq_1,P_count_eq_2,P_count_eq_3,B_count_eq_1,B_count_2_3,B_count_4_5,B_count_6_8,E_count_eq_1,E_count_eq_2,B_E_count",24,351
count_plus_all_pairs,239,0.2253785080987842,0.27820482637106,0.9094485450949082,"intercept,P:9.9,P:9.6,P:10.0,B:9.0,B:9.7,B:10.1,B:10.2,B:10.6,B:10.10,B:11.2,B:11.9,E:10.7,E:11.10,P_count_eq_1,P_count_eq_2,P_count_eq_3,B_count_eq_1,B_count_2_3,B_count_4_5,B_count_6_8,E_count_eq_1,E_count_eq_2,P_B_count,P_E_count,B_E_count",26,351
additive_head,239,0.3853803932142768,0.45663780875936,0.7602190863102544,"intercept,P:9.9,P:9.6,P:10.0,B:9.0,B:9.7,B:10.1,B:10.2,B:10.6,B:10.10,B:11.2,B:11.9,E:10.7,E:11.10",14,352
count_additive,239,0.38856559935236723,0.4615576693627841,0.7550244060241765,"intercept,P:9.9,P:9.6,P:10.0,B:9.0,B:9.7,B:10.1,B:10.2,B:10.6,B:10.10,B:11.2,B:11.9,E:10.7,E:11.10,P_count_eq_1,P_count_eq_2,P_count_eq_3,B_count_eq_1,B_count_2_3,B_count_4_5,B_count_6_8,E_count_eq_1,E_count_eq_2",23,352
count_plus_PB_count,239,0.37749874224134217,0.44122133140373854,0.776136196887795,"intercept,P:9.9,P:9.6,P:10.0,B:9.0,B:9.7,B:10.1,B:10.2,B:10.6,B:10.10,B:11.2,B:11.9,E:10.7,E:11.10,P_count_eq_1,P_count_eq_2,P_count_eq_3,B_count_eq_1,B_count_2_3,B_count_4_5,B_count_6_8,E_count_eq_1,E_count_eq_2,P_B_count",24,352
count_plus_PE_count,239,0.25778739061889117,0.3132030572233491,0.8871964256430269,"intercept,P:9.9,P:9.6,P:10.0,B:9.0,B:9.7,B:10.1,B:10.2,B:10.6,B:10.10,B:11.2,B:11.9,E:10.7,E:11.10,P_count_eq_1,P_count_eq_2,P_count_eq_3,B_count_eq_1,B_count_2_3,B_count_4_5,B_count_6_8,E_count_eq_1,E_count_eq_2,P_E_count",24,352
count_plus_BE_count,239,0.38486830233272334,0.45650103011856047,0.7603627099653149,"intercept,P:9.9,P:9.6,P:10.0,B:9.0,B:9.7,B:10.1,B:10.2,B:10.6,B:10.10,B:11.2,B:11.9,E:10.7,E:11.10,P_count_eq_1,P_count_eq_2,P_count_eq_3,B_count_eq_1,B_count_2_3,B_count_4_5,B_count_6_8,E_count_eq_1,E_count_eq_2,B_E_count",24,352
count_plus_all_pairs,239,0.22955093962652295,0.28347892938841157,0.907591388717039,"intercept,P:9.9,P:9.6,P:10.0,B:9.0,B:9.7,B:10.1,B:10.2,B:10.6,B:10.10,B:11.2,B:11.9,E:10.7,E:11.10,P_count_eq_1,P_count_eq_2,P_count_eq_3,B_count_eq_1,B_count_2_3,B_count_4_5,B_count_6_8,E_count_eq_1,E_count_eq_2,P_B_count,P_E_count,B_E_count",26,352
additive_head,239,0.3833803963779197,0.4543945913009882,0.7677284077898165,"intercept,P:9.9,P:9.6,P:10.0,B:9.0,B:9.7,B:10.1,B:10.2,B:10.6,B:10.10,B:11.2,B:11.9,E:10.7,E:11.10",14,353
count_additive,239,0.3864891404382552,0.4589439099303329,0.7630542011145085,"intercept,P:9.9,P:9.6,P:10.0,B:9.0,B:9.7,B:10.1,B:10.2,B:10.6,B:10.10,B:11.2,B:11.9,E:10.7,E:11.10,P_count_eq_1,P_count_eq_2,P_count_eq_3,B_count_eq_1,B_count_2_3,B_count_4_5,B_count_6_8,E_count_eq_1,E_count_eq_2",23,353
count_plus_PB_count,239,0.37501637960233974,0.43766285919187,0.7845189034856502,"intercept,P:9.9,P:9.6,P:10.0,B:9.0,B:9.7,B:10.1,B:10.2,B:10.6,B:10.10,B:11.2,B:11.9,E:10.7,E:11.10,P_count_eq_1,P_count_eq_2,P_count_eq_3,B_count_eq_1,B_count_2_3,B_count_4_5,B_count_6_8,E_count_eq_1,E_count_eq_2,P_B_count",24,353
count_plus_PE_count,239,0.2584879298486001,0.3139911453165575,0.8890915611105348,"intercept,P:9.9,P:9.6,P:10.0,B:9.0,B:9.7,B:10.1,B:10.2,B:10.6,B:10.10,B:11.2,B:11.9,E:10.7,E:11.10,P_count_eq_1,P_count_eq_2,P_count_eq_3,B_count_eq_1,B_count_2_3,B_count_4_5,B_count_6_8,E_count_eq_1,E_count_eq_2,P_E_count",24,353
count_plus_BE_count,239,0.3833616759006332,0.4544353605763608,0.7676867260906967,"intercept,P:9.9,P:9.6,P:10.0,B:9.0,B:9.7,B:10.1,B:10.2,B:10.6,B:10.10,B:11.2,B:11.9,E:10.7,E:11.10,P_count_eq_1,P_count_eq_2,P_count_eq_3,B_count_eq_1,B_count_2_3,B_count_4_5,B_count_6_8,E_count_eq_1,E_count_eq_2,B_E_count",24,353
count_plus_all_pairs,239,0.2304139620584649,0.28398449916776597,0.909276653562708,"intercept,P:9.9,P:9.6,P:10.0,B:9.0,B:9.7,B:10.1,B:10.2,B:10.6,B:10.10,B:11.2,B:11.9,E:10.7,E:11.10,P_count_eq_1,P_count_eq_2,P_count_eq_3,B_count_eq_1,B_count_2_3,B_count_4_5,B_count_6_8,E_count_eq_1,E_count_eq_2,P_B_count,P_E_count,B_E_count",26,353
additive_head,239,0.3983887520495938,0.47029686803481946,0.764086762706863,"intercept,P:9.9,P:9.6,P:10.0,B:9.0,B:9.7,B:10.1,B:10.2,B:10.6,B:10.10,B:11.2,B:11.9,E:10.7,E:11.10",14,354
count_additive,239,0.40222562891136787,0.47578306759929734,0.7585506162521655,"intercept,P:9.9,P:9.6,P:10.0,B:9.0,B:9.7,B:10.1,B:10.2,B:10.6,B:10.10,B:11.2,B:11.9,E:10.7,E:11.10,P_count_eq_1,P_count_eq_2,P_count_eq_3,B_count_eq_1,B_count_2_3,B_count_4_5,B_count_6_8,E_count_eq_1,E_count_eq_2",23,354
count_plus_PB_count,239,0.39114231328735816,0.4558907188015333,0.7783184044472058,"intercept,P:9.9,P:9.6,P:10.0,B:9.0,B:9.7,B:10.1,B:10.2,B:10.6,B:10.10,B:11.2,B:11.9,E:10.7,E:11.10,P_count_eq_1,P_count_eq_2,P_count_eq_3,B_count_eq_1,B_count_2_3,B_count_4_5,B_count_6_8,E_count_eq_1,E_count_eq_2,P_B_count",24,354
count_plus_PE_count,239,0.26867554480552536,0.3260594734582373,0.8866029431456957,"intercept,P:9.9,P:9.6,P:10.0,B:9.0,B:9.7,B:10.1,B:10.2,B:10.6,B:10.10,B:11.2,B:11.9,E:10.7,E:11.10,P_count_eq_1,P_count_eq_2,P_count_eq_3,B_count_eq_1,B_count_2_3,B_count_4_5,B_count_6_8,E_count_eq_1,E_count_eq_2,P_E_count",24,354
count_plus_BE_count,239,0.3987830331788628,0.46986359745097084,0.7645212422431509,"intercept,P:9.9,P:9.6,P:10.0,B:9.0,B:9.7,B:10.1,B:10.2,B:10.6,B:10.10,B:11.2,B:11.9,E:10.7,E:11.10,P_count_eq_1,P_count_eq_2,P_count_eq_3,B_count_eq_1,B_count_2_3,B_count_4_5,B_count_6_8,E_count_eq_1,E_count_eq_2,B_E_count",24,354
count_plus_all_pairs,239,0.24019928148208303,0.296381201697769,0.906306503545057,"intercept,P:9.9,P:9.6,P:10.0,B:9.0,B:9.7,B:10.1,B:10.2,B:10.6,B:10.10,B:11.2,B:11.9,E:10.7,E:11.10,P_count_eq_1,P_count_eq_2,P_count_eq_3,B_count_eq_1,B_count_2_3,B_count_4_5,B_count_6_8,E_count_eq_1,E_count_eq_2,P_B_count,P_E_count,B_E_count",26,354
additive_head,239,0.3966620447294367,0.46825036925639785,0.7681813627511715,"intercept,P:9.9,P:9.6,P:10.0,B:9.0,B:9.7,B:10.1,B:10.2,B:10.6,B:10.10,B:11.2,B:11.9,E:10.7,E:11.10",14,355
count_additive,239,0.4001345558763668,0.4730995001465953,0.7633551433062293,"intercept,P:9.9,P:9.6,P:10.0,B:9.0,B:9.7,B:10.1,B:10.2,B:10.6,B:10.10,B:11.2,B:11.9,E:10.7,E:11.10,P_count_eq_1,P_count_eq_2,P_count_eq_3,B_count_eq_1,B_count_2_3,B_count_4_5,B_count_6_8,E_count_eq_1,E_count_eq_2",23,355
count_plus_PB_count,239,0.3892366681551306,0.4521911668148723,0.783809681948108,"intercept,P:9.9,P:9.6,P:10.0,B:9.0,B:9.7,B:10.1,B:10.2,B:10.6,B:10.10,B:11.2,B:11.9,E:10.7,E:11.10,P_count_eq_1,P_count_eq_2,P_count_eq_3,B_count_eq_1,B_count_2_3,B_count_4_5,B_count_6_8,E_count_eq_1,E_count_eq_2,P_B_count",24,355
count_plus_PE_count,239,0.26822963883359496,0.324867653819585,0.8884152010120197,"intercept,P:9.9,P:9.6,P:10.0,B:9.0,B:9.7,B:10.1,B:10.2,B:10.6,B:10.10,B:11.2,B:11.9,E:10.7,E:11.10,P_count_eq_1,P_count_eq_2,P_count_eq_3,B_count_eq_1,B_count_2_3,B_count_4_5,B_count_6_8,E_count_eq_1,E_count_eq_2,P_E_count",24,355
count_plus_BE_count,239,0.3969338185564602,0.4682907154580897,0.7681414123098981,"intercept,P:9.9,P:9.6,P:10.0,B:9.0,B:9.7,B:10.1,B:10.2,B:10.6,B:10.10,B:11.2,B:11.9,E:10.7,E:11.10,P_count_eq_1,P_count_eq_2,P_count_eq_3,B_count_eq_1,B_count_2_3,B_count_4_5,B_count_6_8,E_count_eq_1,E_count_eq_2,B_E_count",24,355
count_plus_all_pairs,239,0.23938666753750715,0.29527049440698055,0.9078209572237583,"intercept,P:9.9,P:9.6,P:10.0,B:9.0,B:9.7,B:10.1,B:10.2,B:10.6,B:10.10,B:11.2,B:11.9,E:10.7,E:11.10,P_count_eq_1,P_count_eq_2,P_count_eq_3,B_count_eq_1,B_count_2_3,B_count_4_5,B_count_6_8,E_count_eq_1,E_count_eq_2,P_B_count,P_E_count,B_E_count",26,355
additive_head,239,0.40185561405589937,0.4735745546908045,0.7722214672329508,"intercept,P:9.9,P:9.6,P:10.0,B:9.0,B:9.7,B:10.1,B:10.2,B:10.6,B:10.10,B:11.2,B:11.9,E:10.7,E:11.10",14,356
count_additive,239,0.4056782241528761,0.47912931013206767,0.7668467088954671,"intercept,P:9.9,P:9.6,P:10.0,B:9.0,B:9.7,B:10.1,B:10.2,B:10.6,B:10.10,B:11.2,B:11.9,E:10.7,E:11.10,P_count_eq_1,P_count_eq_2,P_count_eq_3,B_count_eq_1,B_count_2_3,B_count_4_5,B_count_6_8,E_count_eq_1,E_count_eq_2",23,356
count_plus_PB_count,239,0.3948713379898127,0.4596382575918701,0.7854302914578507,"intercept,P:9.9,P:9.6,P:10.0,B:9.0,B:9.7,B:10.1,B:10.2,B:10.6,B:10.10,B:11.2,B:11.9,E:10.7,E:11.10,P_count_eq_1,P_count_eq_2,P_count_eq_3,B_count_eq_1,B_count_2_3,B_count_4_5,B_count_6_8,E_count_eq_1,E_count_eq_2,P_B_count",24,356
count_plus_PE_count,239,0.26931311228618704,0.32678391661684925,0.8915430419786565,"intercept,P:9.9,P:9.6,P:10.0,B:9.0,B:9.7,B:10.1,B:10.2,B:10.6,B:10.10,B:11.2,B:11.9,E:10.7,E:11.10,P_count_eq_1,P_count_eq_2,P_count_eq_3,B_count_eq_1,B_count_2_3,B_count_4_5,B_count_6_8,E_count_eq_1,E_count_eq_2,P_E_count",24,356
count_plus_BE_count,239,0.4025266503700195,0.4736137870438561,0.7721837259401336,"intercept,P:9.9,P:9.6,P:10.0,B:9.0,B:9.7,B:10.1,B:10.2,B:10.6,B:10.10,B:11.2,B:11.9,E:10.7,E:11.10,P_count_eq_1,P_count_eq_2,P_count_eq_3,B_count_eq_1,B_count_2_3,B_count_4_5,B_count_6_8,E_count_eq_1,E_count_eq_2,B_E_count",24,356
count_plus_all_pairs,239,0.24138063864927184,0.29798961804593926,0.909814163249876,"intercept,P:9.9,P:9.6,P:10.0,B:9.0,B:9.7,B:10.1,B:10.2,B:10.6,B:10.10,B:11.2,B:11.9,E:10.7,E:11.10,P_count_eq_1,P_count_eq_2,P_count_eq_3,B_count_eq_1,B_count_2_3,B_count_4_5,B_count_6_8,E_count_eq_1,E_count_eq_2,P_B_count,P_E_count,B_E_count",26,356
additive_head,239,0.37740243452062344,0.4455434918716911,0.7491152821070899,"intercept,P:9.9,P:9.6,P:10.0,B:9.0,B:9.7,B:10.1,B:10.2,B:10.6,B:10.10,B:11.2,B:11.9,E:10.7,E:11.10",14,357
count_additive,239,0.38074670295559576,0.4505284079798504,0.7434698821993926,"intercept,P:9.9,P:9.6,P:10.0,B:9.0,B:9.7,B:10.1,B:10.2,B:10.6,B:10.10,B:11.2,B:11.9,E:10.7,E:11.10,P_count_eq_1,P_count_eq_2,P_count_eq_3,B_count_eq_1,B_count_2_3,B_count_4_5,B_count_6_8,E_count_eq_1,E_count_eq_2",23,357
count_plus_PB_count,239,0.37056179865683947,0.43079813805341505,0.7654466529470567,"intercept,P:9.9,P:9.6,P:10.0,B:9.0,B:9.7,B:10.1,B:10.2,B:10.6,B:10.10,B:11.2,B:11.9,E:10.7,E:11.10,P_count_eq_1,P_count_eq_2,P_count_eq_3,B_count_eq_1,B_count_2_3,B_count_4_5,B_count_6_8,E_count_eq_1,E_count_eq_2,P_B_count",24,357
count_plus_PE_count,239,0.2529814575340905,0.3069478538774357,0.880924283899265,"intercept,P:9.9,P:9.6,P:10.0,B:9.0,B:9.7,B:10.1,B:10.2,B:10.6,B:10.10,B:11.2,B:11.9,E:10.7,E:11.10,P_count_eq_1,P_count_eq_2,P_count_eq_3,B_count_eq_1,B_count_2_3,B_count_4_5,B_count_6_8,E_count_eq_1,E_count_eq_2,P_E_count",24,357
count_plus_BE_count,239,0.3778763908165854,0.4459450636615747,0.7486628296321498,"intercept,P:9.9,P:9.6,P:10.0,B:9.0,B:9.7,B:10.1,B:10.2,B:10.6,B:10.10,B:11.2,B:11.9,E:10.7,E:11.10,P_count_eq_1,P_count_eq_2,P_count_eq_3,B_count_eq_1,B_count_2_3,B_count_4_5,B_count_6_8,E_count_eq_1,E_count_eq_2,B_E_count",24,357
count_plus_all_pairs,239,0.22580457810568172,0.27877636764197566,0.9017786475768012,"intercept,P:9.9,P:9.6,P:10.0,B:9.0,B:9.7,B:10.1,B:10.2,B:10.6,B:10.10,B:11.2,B:11.9,E:10.7,E:11.10,P_count_eq_1,P_count_eq_2,P_count_eq_3,B_count_eq_1,B_count_2_3,B_count_4_5,B_count_6_8,E_count_eq_1,E_count_eq_2,P_B_count,P_E_count,B_E_count",26,357
additive_head,239,0.38415451452357174,0.4531597108567595,0.7639299911758233,"intercept,P:9.9,P:9.6,P:10.0,B:9.0,B:9.7,B:10.1,B:10.2,B:10.6,B:10.10,B:11.2,B:11.9,E:10.7,E:11.10",14,358
count_additive,239,0.38699833555918167,0.4574655346450348,0.7594225073897662,"intercept,P:9.9,P:9.6,P:10.0,B:9.0,B:9.7,B:10.1,B:10.2,B:10.6,B:10.10,B:11.2,B:11.9,E:10.7,E:11.10,P_count_eq_1,P_count_eq_2,P_count_eq_3,B_count_eq_1,B_count_2_3,B_count_4_5,B_count_6_8,E_count_eq_1,E_count_eq_2",23,358
count_plus_PB_count,239,0.377692873662348,0.4393416241030887,0.7781073399531744,"intercept,P:9.9,P:9.6,P:10.0,B:9.0,B:9.7,B:10.1,B:10.2,B:10.6,B:10.10,B:11.2,B:11.9,E:10.7,E:11.10,P_count_eq_1,P_count_eq_2,P_count_eq_3,B_count_eq_1,B_count_2_3,B_count_4_5,B_count_6_8,E_count_eq_1,E_count_eq_2,P_B_count",24,358
count_plus_PE_count,239,0.254503010751344,0.3094472997843454,0.8899191868244897,"intercept,P:9.9,P:9.6,P:10.0,B:9.0,B:9.7,B:10.1,B:10.2,B:10.6,B:10.10,B:11.2,B:11.9,E:10.7,E:11.10,P_count_eq_1,P_count_eq_2,P_count_eq_3,B_count_eq_1,B_count_2_3,B_count_4_5,B_count_6_8,E_count_eq_1,E_count_eq_2,P_E_count",24,358
count_plus_BE_count,239,0.384203167307595,0.45152132154584723,0.7656339175496669,"intercept,P:9.9,P:9.6,P:10.0,B:9.0,B:9.7,B:10.1,B:10.2,B:10.6,B:10.10,B:11.2,B:11.9,E:10.7,E:11.10,P_count_eq_1,P_count_eq_2,P_count_eq_3,B_count_eq_1,B_count_2_3,B_count_4_5,B_count_6_8,E_count_eq_1,E_count_eq_2,B_E_count",24,358
count_plus_all_pairs,239,0.22804225636653802,0.2816860895867979,0.908784417470594,"intercept,P:9.9,P:9.6,P:10.0,B:9.0,B:9.7,B:10.1,B:10.2,B:10.6,B:10.10,B:11.2,B:11.9,E:10.7,E:11.10,P_count_eq_1,P_count_eq_2,P_count_eq_3,B_count_eq_1,B_count_2_3,B_count_4_5,B_count_6_8,E_count_eq_1,E_count_eq_2,P_B_count,P_E_count,B_E_count",26,358
additive_head,239,0.38802048115174714,0.4572482492927728,0.7557224879991912,"intercept,P:9.9,P:9.6,P:10.0,B:9.0,B:9.7,B:10.1,B:10.2,B:10.6,B:10.10,B:11.2,B:11.9,E:10.7,E:11.10",14,359
count_additive,239,0.39091439439054104,0.46266682616630866,0.7498986087678097,"intercept,P:9.9,P:9.6,P:10.0,B:9.0,B:9.7,B:10.1,B:10.2,B:10.6,B:10.10,B:11.2,B:11.9,E:10.7,E:11.10,P_count_eq_1,P_count_eq_2,P_count_eq_3,B_count_eq_1,B_count_2_3,B_count_4_5,B_count_6_8,E_count_eq_1,E_count_eq_2",23,359
count_plus_PB_count,239,0.38159362301266647,0.4452629865160553,0.768360523269819,"intercept,P:9.9,P:9.6,P:10.0,B:9.0,B:9.7,B:10.1,B:10.2,B:10.6,B:10.10,B:11.2,B:11.9,E:10.7,E:11.10,P_count_eq_1,P_count_eq_2,P_count_eq_3,B_count_eq_1,B_count_2_3,B_count_4_5,B_count_6_8,E_count_eq_1,E_count_eq_2,P_B_count",24,359
count_plus_PE_count,239,0.2582021915125119,0.3135766847680013,0.8851140515505188,"intercept,P:9.9,P:9.6,P:10.0,B:9.0,B:9.7,B:10.1,B:10.2,B:10.6,B:10.10,B:11.2,B:11.9,E:10.7,E:11.10,P_count_eq_1,P_count_eq_2,P_count_eq_3,B_count_eq_1,B_count_2_3,B_count_4_5,B_count_6_8,E_count_eq_1,E_count_eq_2,P_E_count",24,359
count_plus_BE_count,239,0.38710781183168663,0.4562348414523757,0.7568040817215868,"intercept,P:9.9,P:9.6,P:10.0,B:9.0,B:9.7,B:10.1,B:10.2,B:10.6,B:10.10,B:11.2,B:11.9,E:10.7,E:11.10,P_count_eq_1,P_count_eq_2,P_count_eq_3,B_count_eq_1,B_count_2_3,B_count_4_5,B_count_6_8,E_count_eq_1,E_count_eq_2,B_E_count",24,359
count_plus_all_pairs,239,0.23163401701464295,0.28624212325223997,0.9042703491964745,"intercept,P:9.9,P:9.6,P:10.0,B:9.0,B:9.7,B:10.1,B:10.2,B:10.6,B:10.10,B:11.2,B:11.9,E:10.7,E:11.10,P_count_eq_1,P_count_eq_2,P_count_eq_3,B_count_eq_1,B_count_2_3,B_count_4_5,B_count_6_8,E_count_eq_1,E_count_eq_2,P_B_count,P_E_count,B_E_count",26,359
additive_head,239,0.38471361897822587,0.4558299786874338,0.7572702015931436,"intercept,P:9.9,P:9.6,P:10.0,B:9.0,B:9.7,B:10.1,B:10.2,B:10.6,B:10.10,B:11.2,B:11.9,E:10.7,E:11.10",14,360
count_additive,239,0.38787865186630477,0.4605925373171512,0.7521715725785767,"intercept,P:9.9,P:9.6,P:10.0,B:9.0,B:9.7,B:10.1,B:10.2,B:10.6,B:10.10,B:11.2,B:11.9,E:10.7,E:11.10,P_count_eq_1,P_count_eq_2,P_count_eq_3,B_count_eq_1,B_count_2_3,B_count_4_5,B_count_6_8,E_count_eq_1,E_count_eq_2",23,360
count_plus_PB_count,239,0.37662369697916365,0.4398711741267683,0.7739688306063797,"intercept,P:9.9,P:9.6,P:10.0,B:9.0,B:9.7,B:10.1,B:10.2,B:10.6,B:10.10,B:11.2,B:11.9,E:10.7,E:11.10,P_count_eq_1,P_count_eq_2,P_count_eq_3,B_count_eq_1,B_count_2_3,B_count_4_5,B_count_6_8,E_count_eq_1,E_count_eq_2,P_B_count",24,360
count_plus_PE_count,239,0.25814576877023787,0.31413301547641315,0.8847225148565663,"intercept,P:9.9,P:9.6,P:10.0,B:9.0,B:9.7,B:10.1,B:10.2,B:10.6,B:10.10,B:11.2,B:11.9,E:10.7,E:11.10,P_count_eq_1,P_count_eq_2,P_count_eq_3,B_count_eq_1,B_count_2_3,B_count_4_5,B_count_6_8,E_count_eq_1,E_count_eq_2,P_E_count",24,360
count_plus_BE_count,239,0.38464030655001147,0.4552749667285347,0.7578609302941428,"intercept,P:9.9,P:9.6,P:10.0,B:9.0,B:9.7,B:10.1,B:10.2,B:10.6,B:10.10,B:11.2,B:11.9,E:10.7,E:11.10,P_count_eq_1,P_count_eq_2,P_count_eq_3,B_count_eq_1,B_count_2_3,B_count_4_5,B_count_6_8,E_count_eq_1,E_count_eq_2,B_E_count",24,360
count_plus_all_pairs,239,0.22925332954121083,0.28379624654811825,0.905912783294297,"intercept,P:9.9,P:9.6,P:10.0,B:9.0,B:9.7,B:10.1,B:10.2,B:10.6,B:10.10,B:11.2,B:11.9,E:10.7,E:11.10,P_count_eq_1,P_count_eq_2,P_count_eq_3,B_count_eq_1,B_count_2_3,B_count_4_5,B_count_6_8,E_count_eq_1,E_count_eq_2,P_B_count,P_E_count,B_E_count",26,360
additive_head,239,0.3893612766880029,0.4600481040496116,0.7647852026964326,"intercept,P:9.9,P:9.6,P:10.0,B:9.0,B:9.7,B:10.1,B:10.2,B:10.6,B:10.10,B:11.2,B:11.9,E:10.7,E:11.10",14,361
count_additive,239,0.39286184994962975,0.4648024691259516,0.7598984287890478,"intercept,P:9.9,P:9.6,P:10.0,B:9.0,B:9.7,B:10.1,B:10.2,B:10.6,B:10.10,B:11.2,B:11.9,E:10.7,E:11.10,P_count_eq_1,P_count_eq_2,P_count_eq_3,B_count_eq_1,B_count_2_3,B_count_4_5,B_count_6_8,E_count_eq_1,E_count_eq_2",23,361
count_plus_PB_count,239,0.3810781550702964,0.44431675943169907,0.7805965061897427,"intercept,P:9.9,P:9.6,P:10.0,B:9.0,B:9.7,B:10.1,B:10.2,B:10.6,B:10.10,B:11.2,B:11.9,E:10.7,E:11.10,P_count_eq_1,P_count_eq_2,P_count_eq_3,B_count_eq_1,B_count_2_3,B_count_4_5,B_count_6_8,E_count_eq_1,E_count_eq_2,P_B_count",24,361
count_plus_PE_count,239,0.2623771736526736,0.3185575352314199,0.8872195263870313,"intercept,P:9.9,P:9.6,P:10.0,B:9.0,B:9.7,B:10.1,B:10.2,B:10.6,B:10.10,B:11.2,B:11.9,E:10.7,E:11.10,P_count_eq_1,P_count_eq_2,P_count_eq_3,B_count_eq_1,B_count_2_3,B_count_4_5,B_count_6_8,E_count_eq_1,E_count_eq_2,P_E_count",24,361
count_plus_BE_count,239,0.3889647417693351,0.4589164216562557,0.7659409994100209,"intercept,P:9.9,P:9.6,P:10.0,B:9.0,B:9.7,B:10.1,B:10.2,B:10.6,B:10.10,B:11.2,B:11.9,E:10.7,E:11.10,P_count_eq_1,P_count_eq_2,P_count_eq_3,B_count_eq_1,B_count_2_3,B_count_4_5,B_count_6_8,E_count_eq_1,E_count_eq_2,B_E_count",24,361
count_plus_all_pairs,239,0.23376587734757018,0.2881935945615236,0.9076946662476212,"intercept,P:9.9,P:9.6,P:10.0,B:9.0,B:9.7,B:10.1,B:10.2,B:10.6,B:10.10,B:11.2,B:11.9,E:10.7,E:11.10,P_count_eq_1,P_count_eq_2,P_count_eq_3,B_count_eq_1,B_count_2_3,B_count_4_5,B_count_6_8,E_count_eq_1,E_count_eq_2,P_B_count,P_E_count,B_E_count",26,361
additive_head,239,0.3907653700473452,0.459050702739198,0.7579884495225994,"intercept,P:9.9,P:9.6,P:10.0,B:9.0,B:9.7,B:10.1,B:10.2,B:10.6,B:10.10,B:11.2,B:11.9,E:10.7,E:11.10",14,362
count_additive,239,0.3939324868246245,0.46408770055539045,0.7526483006825869,"intercept,P:9.9,P:9.6,P:10.0,B:9.0,B:9.7,B:10.1,B:10.2,B:10.6,B:10.10,B:11.2,B:11.9,E:10.7,E:11.10,P_count_eq_1,P_count_eq_2,P_count_eq_3,B_count_eq_1,B_count_2_3,B_count_4_5,B_count_6_8,E_count_eq_1,E_count_eq_2",23,362
count_plus_PB_count,239,0.38444641574802946,0.44536789048800424,0.7722005945571686,"intercept,P:9.9,P:9.6,P:10.0,B:9.0,B:9.7,B:10.1,B:10.2,B:10.6,B:10.10,B:11.2,B:11.9,E:10.7,E:11.10,P_count_eq_1,P_count_eq_2,P_count_eq_3,B_count_eq_1,B_count_2_3,B_count_4_5,B_count_6_8,E_count_eq_1,E_count_eq_2,P_B_count",24,362
count_plus_PE_count,239,0.26092311225859016,0.3161789022945058,0.8851897782964502,"intercept,P:9.9,P:9.6,P:10.0,B:9.0,B:9.7,B:10.1,B:10.2,B:10.6,B:10.10,B:11.2,B:11.9,E:10.7,E:11.10,P_count_eq_1,P_count_eq_2,P_count_eq_3,B_count_eq_1,B_count_2_3,B_count_4_5,B_count_6_8,E_count_eq_1,E_count_eq_2,P_E_count",24,362
count_plus_BE_count,239,0.3918113544875112,0.45998234540191324,0.7570051286052846,"intercept,P:9.9,P:9.6,P:10.0,B:9.0,B:9.7,B:10.1,B:10.2,B:10.6,B:10.10,B:11.2,B:11.9,E:10.7,E:11.10,P_count_eq_1,P_count_eq_2,P_count_eq_3,B_count_eq_1,B_count_2_3,B_count_4_5,B_count_6_8,E_count_eq_1,E_count_eq_2,B_E_count",24,362
count_plus_all_pairs,239,0.23483740788525012,0.2898824152628575,0.9034930649400901,"intercept,P:9.9,P:9.6,P:10.0,B:9.0,B:9.7,B:10.1,B:10.2,B:10.6,B:10.10,B:11.2,B:11.9,E:10.7,E:11.10,P_count_eq_1,P_count_eq_2,P_count_eq_3,B_count_eq_1,B_count_2_3,B_count_4_5,B_count_6_8,E_count_eq_1,E_count_eq_2,P_B_count,P_E_count,B_E_count",26,362
additive_head,239,0.3974031886581568,0.46785348517841463,0.749578205175238,"intercept,P:9.9,P:9.6,P:10.0,B:9.0,B:9.7,B:10.1,B:10.2,B:10.6,B:10.10,B:11.2,B:11.9,E:10.7,E:11.10",14,363
count_additive,239,0.4011198648219215,0.4733785040252062,0.7436286728484915,"intercept,P:9.9,P:9.6,P:10.0,B:9.0,B:9.7,B:10.1,B:10.2,B:10.6,B:10.10,B:11.2,B:11.9,E:10.7,E:11.10,P_count_eq_1,P_count_eq_2,P_count_eq_3,B_count_eq_1,B_count_2_3,B_count_4_5,B_count_6_8,E_count_eq_1,E_count_eq_2",23,363
count_plus_PB_count,239,0.3916710537369619,0.45454154923563683,0.7636260778191227,"intercept,P:9.9,P:9.6,P:10.0,B:9.0,B:9.7,B:10.1,B:10.2,B:10.6,B:10.10,B:11.2,B:11.9,E:10.7,E:11.10,P_count_eq_1,P_count_eq_2,P_count_eq_3,B_count_eq_1,B_count_2_3,B_count_4_5,B_count_6_8,E_count_eq_1,E_count_eq_2,P_B_count",24,363
count_plus_PE_count,239,0.265001527921343,0.3216572059190992,0.8816307335845925,"intercept,P:9.9,P:9.6,P:10.0,B:9.0,B:9.7,B:10.1,B:10.2,B:10.6,B:10.10,B:11.2,B:11.9,E:10.7,E:11.10,P_count_eq_1,P_count_eq_2,P_count_eq_3,B_count_eq_1,B_count_2_3,B_count_4_5,B_count_6_8,E_count_eq_1,E_count_eq_2,P_E_count",24,363
count_plus_BE_count,239,0.3991323394877796,0.4685996994288168,0.7487787354997741,"intercept,P:9.9,P:9.6,P:10.0,B:9.0,B:9.7,B:10.1,B:10.2,B:10.6,B:10.10,B:11.2,B:11.9,E:10.7,E:11.10,P_count_eq_1,P_count_eq_2,P_count_eq_3,B_count_eq_1,B_count_2_3,B_count_4_5,B_count_6_8,E_count_eq_1,E_count_eq_2,B_E_count",24,363
count_plus_all_pairs,239,0.23813374499740567,0.29447171272940104,0.9007936319149477,"intercept,P:9.9,P:9.6,P:10.0,B:9.0,B:9.7,B:10.1,B:10.2,B:10.6,B:10.10,B:11.2,B:11.9,E:10.7,E:11.10,P_count_eq_1,P_count_eq_2,P_count_eq_3,B_count_eq_1,B_count_2_3,B_count_4_5,B_count_6_8,E_count_eq_1,E_count_eq_2,P_B_count,P_E_count,B_E_count",26,363
additive_head,239,0.3756391023044632,0.44064541536031526,0.7424908976143987,"intercept,P:9.9,P:9.6,P:10.0,B:9.0,B:9.7,B:10.1,B:10.2,B:10.6,B:10.10,B:11.2,B:11.9,E:10.7,E:11.10",14,364
count_additive,239,0.37863076965433323,0.4460299796602031,0.7361590668631706,"intercept,P:9.9,P:9.6,P:10.0,B:9.0,B:9.7,B:10.1,B:10.2,B:10.6,B:10.10,B:11.2,B:11.9,E:10.7,E:11.10,P_count_eq_1,P_count_eq_2,P_count_eq_3,B_count_eq_1,B_count_2_3,B_count_4_5,B_count_6_8,E_count_eq_1,E_count_eq_2",23,364
count_plus_PB_count,239,0.37092005945501694,0.42963932741251215,0.7551939597347913,"intercept,P:9.9,P:9.6,P:10.0,B:9.0,B:9.7,B:10.1,B:10.2,B:10.6,B:10.10,B:11.2,B:11.9,E:10.7,E:11.10,P_count_eq_1,P_count_eq_2,P_count_eq_3,B_count_eq_1,B_count_2_3,B_count_4_5,B_count_6_8,E_count_eq_1,E_count_eq_2,P_B_count",24,364
count_plus_PE_count,239,0.24958347359692956,0.30222702370063026,0.8788619267539837,"intercept,P:9.9,P:9.6,P:10.0,B:9.0,B:9.7,B:10.1,B:10.2,B:10.6,B:10.10,B:11.2,B:11.9,E:10.7,E:11.10,P_count_eq_1,P_count_eq_2,P_count_eq_3,B_count_eq_1,B_count_2_3,B_count_4_5,B_count_6_8,E_count_eq_1,E_count_eq_2,P_E_count",24,364
count_plus_BE_count,239,0.3773957595261123,0.4408770421725347,0.7422201053311186,"intercept,P:9.9,P:9.6,P:10.0,B:9.0,B:9.7,B:10.1,B:10.2,B:10.6,B:10.10,B:11.2,B:11.9,E:10.7,E:11.10,P_count_eq_1,P_count_eq_2,P_count_eq_3,B_count_eq_1,B_count_2_3,B_count_4_5,B_count_6_8,E_count_eq_1,E_count_eq_2,B_E_count",24,364
count_plus_all_pairs,239,0.22512049765873593,0.27776138458373134,0.8976806411978218,"intercept,P:9.9,P:9.6,P:10.0,B:9.0,B:9.7,B:10.1,B:10.2,B:10.6,B:10.10,B:11.2,B:11.9,E:10.7,E:11.10,P_count_eq_1,P_count_eq_2,P_count_eq_3,B_count_eq_1,B_count_2_3,B_count_4_5,B_count_6_8,E_count_eq_1,E_count_eq_2,P_B_count,P_E_count,B_E_count",26,364
additive_head,239,0.3915485129950551,0.46227780413088204,0.7653640029259032,"intercept,P:9.9,P:9.6,P:10.0,B:9.0,B:9.7,B:10.1,B:10.2,B:10.6,B:10.10,B:11.2,B:11.9,E:10.7,E:11.10",14,365
count_additive,239,0.3948700856812562,0.4672183693227641,0.7603218873306021,"intercept,P:9.9,P:9.6,P:10.0,B:9.0,B:9.7,B:10.1,B:10.2,B:10.6,B:10.10,B:11.2,B:11.9,E:10.7,E:11.10,P_count_eq_1,P_count_eq_2,P_count_eq_3,B_count_eq_1,B_count_2_3,B_count_4_5,B_count_6_8,E_count_eq_1,E_count_eq_2",23,365
count_plus_PB_count,239,0.38353109636771004,0.4461438716689879,0.781456234756103,"intercept,P:9.9,P:9.6,P:10.0,B:9.0,B:9.7,B:10.1,B:10.2,B:10.6,B:10.10,B:11.2,B:11.9,E:10.7,E:11.10,P_count_eq_1,P_count_eq_2,P_count_eq_3,B_count_eq_1,B_count_2_3,B_count_4_5,B_count_6_8,E_count_eq_1,E_count_eq_2,P_B_count",24,365
count_plus_PE_count,239,0.26477409013218056,0.3209615638236684,0.886891664256225,"intercept,P:9.9,P:9.6,P:10.0,B:9.0,B:9.7,B:10.1,B:10.2,B:10.6,B:10.10,B:11.2,B:11.9,E:10.7,E:11.10,P_count_eq_1,P_count_eq_2,P_count_eq_3,B_count_eq_1,B_count_2_3,B_count_4_5,B_count_6_8,E_count_eq_1,E_count_eq_2,P_E_count",24,365
count_plus_BE_count,239,0.39099258535905784,0.4617324265797785,0.7659173053779416,"intercept,P:9.9,P:9.6,P:10.0,B:9.0,B:9.7,B:10.1,B:10.2,B:10.6,B:10.10,B:11.2,B:11.9,E:10.7,E:11.10,P_count_eq_1,P_count_eq_2,P_count_eq_3,B_count_eq_1,B_count_2_3,B_count_4_5,B_count_6_8,E_count_eq_1,E_count_eq_2,B_E_count",24,365
count_plus_all_pairs,239,0.23525365226355024,0.290328561027958,0.907451777770814,"intercept,P:9.9,P:9.6,P:10.0,B:9.0,B:9.7,B:10.1,B:10.2,B:10.6,B:10.10,B:11.2,B:11.9,E:10.7,E:11.10,P_count_eq_1,P_count_eq_2,P_count_eq_3,B_count_eq_1,B_count_2_3,B_count_4_5,B_count_6_8,E_count_eq_1,E_count_eq_2,P_B_count,P_E_count,B_E_count",26,365
additive_head,239,0.3665022854660933,0.4362730747279855,0.7800124236291923,"intercept,P:9.9,P:9.6,P:10.0,B:9.0,B:9.7,B:10.1,B:10.2,B:10.6,B:10.10,B:11.2,B:11.9,E:10.7,E:11.10",14,366
count_additive,239,0.36897475036651045,0.43995681301548495,0.7762817422074653,"intercept,P:9.9,P:9.6,P:10.0,B:9.0,B:9.7,B:10.1,B:10.2,B:10.6,B:10.10,B:11.2,B:11.9,E:10.7,E:11.10,P_count_eq_1,P_count_eq_2,P_count_eq_3,B_count_eq_1,B_count_2_3,B_count_4_5,B_count_6_8,E_count_eq_1,E_count_eq_2",23,366
count_plus_PB_count,239,0.35775131447997194,0.41868316046569537,0.7973939911699355,"intercept,P:9.9,P:9.6,P:10.0,B:9.0,B:9.7,B:10.1,B:10.2,B:10.6,B:10.10,B:11.2,B:11.9,E:10.7,E:11.10,P_count_eq_1,P_count_eq_2,P_count_eq_3,B_count_eq_1,B_count_2_3,B_count_4_5,B_count_6_8,E_count_eq_1,E_count_eq_2,P_B_count",24,366
count_plus_PE_count,239,0.24766994764327196,0.3014814840479197,0.8949484117915841,"intercept,P:9.9,P:9.6,P:10.0,B:9.0,B:9.7,B:10.1,B:10.2,B:10.6,B:10.10,B:11.2,B:11.9,E:10.7,E:11.10,P_count_eq_1,P_count_eq_2,P_count_eq_3,B_count_eq_1,B_count_2_3,B_count_4_5,B_count_6_8,E_count_eq_1,E_count_eq_2,P_E_count",24,366
count_plus_BE_count,239,0.36572307389122083,0.4356241817980345,0.7806663362013304,"intercept,P:9.9,P:9.6,P:10.0,B:9.0,B:9.7,B:10.1,B:10.2,B:10.6,B:10.10,B:11.2,B:11.9,E:10.7,E:11.10,P_count_eq_1,P_count_eq_2,P_count_eq_3,B_count_eq_1,B_count_2_3,B_count_4_5,B_count_6_8,E_count_eq_1,E_count_eq_2,B_E_count",24,366
count_plus_all_pairs,239,0.21992572117808845,0.2715199001694655,0.914791157778926,"intercept,P:9.9,P:9.6,P:10.0,B:9.0,B:9.7,B:10.1,B:10.2,B:10.6,B:10.10,B:11.2,B:11.9,E:10.7,E:11.10,P_count_eq_1,P_count_eq_2,P_count_eq_3,B_count_eq_1,B_count_2_3,B_count_4_5,B_count_6_8,E_count_eq_1,E_count_eq_2,P_B_count,P_E_count,B_E_count",26,366
additive_head,239,0.3906718362873907,0.4635608808601842,0.7690413560582129,"intercept,P:9.9,P:9.6,P:10.0,B:9.0,B:9.7,B:10.1,B:10.2,B:10.6,B:10.10,B:11.2,B:11.9,E:10.7,E:11.10",14,367
count_additive,239,0.39369261189737775,0.46809532291013445,0.7645008924591704,"intercept,P:9.9,P:9.6,P:10.0,B:9.0,B:9.7,B:10.1,B:10.2,B:10.6,B:10.10,B:11.2,B:11.9,E:10.7,E:11.10,P_count_eq_1,P_count_eq_2,P_count_eq_3,B_count_eq_1,B_count_2_3,B_count_4_5,B_count_6_8,E_count_eq_1,E_count_eq_2",23,367
count_plus_PB_count,239,0.38152664887216814,0.4466966503502826,0.7855401224243115,"intercept,P:9.9,P:9.6,P:10.0,B:9.0,B:9.7,B:10.1,B:10.2,B:10.6,B:10.10,B:11.2,B:11.9,E:10.7,E:11.10,P_count_eq_1,P_count_eq_2,P_count_eq_3,B_count_eq_1,B_count_2_3,B_count_4_5,B_count_6_8,E_count_eq_1,E_count_eq_2,P_B_count",24,367
count_plus_PE_count,239,0.2627094754751592,0.3190539785881664,0.8905920221191493,"intercept,P:9.9,P:9.6,P:10.0,B:9.0,B:9.7,B:10.1,B:10.2,B:10.6,B:10.10,B:11.2,B:11.9,E:10.7,E:11.10,P_count_eq_1,P_count_eq_2,P_count_eq_3,B_count_eq_1,B_count_2_3,B_count_4_5,B_count_6_8,E_count_eq_1,E_count_eq_2,P_E_count",24,367
count_plus_BE_count,239,0.3899522206863765,0.46289336952562543,0.7697060217843915,"intercept,P:9.9,P:9.6,P:10.0,B:9.0,B:9.7,B:10.1,B:10.2,B:10.6,B:10.10,B:11.2,B:11.9,E:10.7,E:11.10,P_count_eq_1,P_count_eq_2,P_count_eq_3,B_count_eq_1,B_count_2_3,B_count_4_5,B_count_6_8,E_count_eq_1,E_count_eq_2,B_E_count",24,367
count_plus_all_pairs,239,0.23338811884657773,0.2879354598284059,0.910893175522716,"intercept,P:9.9,P:9.6,P:10.0,B:9.0,B:9.7,B:10.1,B:10.2,B:10.6,B:10.10,B:11.2,B:11.9,E:10.7,E:11.10,P_count_eq_1,P_count_eq_2,P_count_eq_3,B_count_eq_1,B_count_2_3,B_count_4_5,B_count_6_8,E_count_eq_1,E_count_eq_2,P_B_count,P_E_count,B_E_count",26,367
additive_head,239,0.37670499683671593,0.4442014967734743,0.7580445118668067,"intercept,P:9.9,P:9.6,P:10.0,B:9.0,B:9.7,B:10.1,B:10.2,B:10.6,B:10.10,B:11.2,B:11.9,E:10.7,E:11.10",14,368
count_additive,239,0.379398620797043,0.44913690487307256,0.7526380329351872,"intercept,P:9.9,P:9.6,P:10.0,B:9.0,B:9.7,B:10.1,B:10.2,B:10.6,B:10.10,B:11.2,B:11.9,E:10.7,E:11.10,P_count_eq_1,P_count_eq_2,P_count_eq_3,B_count_eq_1,B_count_2_3,B_count_4_5,B_count_6_8,E_count_eq_1,E_count_eq_2",23,368
count_plus_PB_count,239,0.3708369949920677,0.43178585395120006,0.7713810308456279,"intercept,P:9.9,P:9.6,P:10.0,B:9.0,B:9.7,B:10.1,B:10.2,B:10.6,B:10.10,B:11.2,B:11.9,E:10.7,E:11.10,P_count_eq_1,P_count_eq_2,P_count_eq_3,B_count_eq_1,B_count_2_3,B_count_4_5,B_count_6_8,E_count_eq_1,E_count_eq_2,P_B_count",24,368
count_plus_PE_count,239,0.25090929995002875,0.30497535594312825,0.8859474667627287,"intercept,P:9.9,P:9.6,P:10.0,B:9.0,B:9.7,B:10.1,B:10.2,B:10.6,B:10.10,B:11.2,B:11.9,E:10.7,E:11.10,P_count_eq_1,P_count_eq_2,P_count_eq_3,B_count_eq_1,B_count_2_3,B_count_4_5,B_count_6_8,E_count_eq_1,E_count_eq_2,P_E_count",24,368
count_plus_BE_count,239,0.3762035391486474,0.4427544520899311,0.7596183477215307,"intercept,P:9.9,P:9.6,P:10.0,B:9.0,B:9.7,B:10.1,B:10.2,B:10.6,B:10.10,B:11.2,B:11.9,E:10.7,E:11.10,P_count_eq_1,P_count_eq_2,P_count_eq_3,B_count_eq_1,B_count_2_3,B_count_4_5,B_count_6_8,E_count_eq_1,E_count_eq_2,B_E_count",24,368
count_plus_all_pairs,239,0.22495518858669453,0.27795583939958934,0.9052613816499873,"intercept,P:9.9,P:9.6,P:10.0,B:9.0,B:9.7,B:10.1,B:10.2,B:10.6,B:10.10,B:11.2,B:11.9,E:10.7,E:11.10,P_count_eq_1,P_count_eq_2,P_count_eq_3,B_count_eq_1,B_count_2_3,B_count_4_5,B_count_6_8,E_count_eq_1,E_count_eq_2,P_B_count,P_E_count,B_E_count",26,368
additive_head,239,0.3836916965343085,0.4532949083237172,0.7641281431345137,"intercept,P:9.9,P:9.6,P:10.0,B:9.0,B:9.7,B:10.1,B:10.2,B:10.6,B:10.10,B:11.2,B:11.9,E:10.7,E:11.10",14,369
count_additive,239,0.3871125021087557,0.458171136770132,0.7590261604247696,"intercept,P:9.9,P:9.6,P:10.0,B:9.0,B:9.7,B:10.1,B:10.2,B:10.6,B:10.10,B:11.2,B:11.9,E:10.7,E:11.10,P_count_eq_1,P_count_eq_2,P_count_eq_3,B_count_eq_1,B_count_2_3,B_count_4_5,B_count_6_8,E_count_eq_1,E_count_eq_2",23,369
count_plus_PB_count,239,0.3767292669281198,0.43942030055841114,0.7783464568564767,"intercept,P:9.9,P:9.6,P:10.0,B:9.0,B:9.7,B:10.1,B:10.2,B:10.6,B:10.10,B:11.2,B:11.9,E:10.7,E:11.10,P_count_eq_1,P_count_eq_2,P_count_eq_3,B_count_eq_1,B_count_2_3,B_count_4_5,B_count_6_8,E_count_eq_1,E_count_eq_2,P_B_count",24,369
count_plus_PE_count,239,0.2552763130350034,0.3099344578179521,0.889730813675968,"intercept,P:9.9,P:9.6,P:10.0,B:9.0,B:9.7,B:10.1,B:10.2,B:10.6,B:10.10,B:11.2,B:11.9,E:10.7,E:11.10,P_count_eq_1,P_count_eq_2,P_count_eq_3,B_count_eq_1,B_count_2_3,B_count_4_5,B_count_6_8,E_count_eq_1,E_count_eq_2,P_E_count",24,369
count_plus_BE_count,239,0.3848740617166738,0.45370176137231527,0.7637045414179864,"intercept,P:9.9,P:9.6,P:10.0,B:9.0,B:9.7,B:10.1,B:10.2,B:10.6,B:10.10,B:11.2,B:11.9,E:10.7,E:11.10,P_count_eq_1,P_count_eq_2,P_count_eq_3,B_count_eq_1,B_count_2_3,B_count_4_5,B_count_6_8,E_count_eq_1,E_count_eq_2,B_E_count",24,369
count_plus_all_pairs,239,0.2288359781521361,0.28294777594990506,0.9080975660288783,"intercept,P:9.9,P:9.6,P:10.0,B:9.0,B:9.7,B:10.1,B:10.2,B:10.6,B:10.10,B:11.2,B:11.9,E:10.7,E:11.10,P_count_eq_1,P_count_eq_2,P_count_eq_3,B_count_eq_1,B_count_2_3,B_count_4_5,B_count_6_8,E_count_eq_1,E_count_eq_2,P_B_count,P_E_count,B_E_count",26,369
additive_head,239,0.3699465034497478,0.43917254117130855,0.7657628928685357,"intercept,P:9.9,P:9.6,P:10.0,B:9.0,B:9.7,B:10.1,B:10.2,B:10.6,B:10.10,B:11.2,B:11.9,E:10.7,E:11.10",14,370
count_additive,239,0.3730714071675065,0.44379403869841416,0.7608071093182711,"intercept,P:9.9,P:9.6,P:10.0,B:9.0,B:9.7,B:10.1,B:10.2,B:10.6,B:10.10,B:11.2,B:11.9,E:10.7,E:11.10,P_count_eq_1,P_count_eq_2,P_count_eq_3,B_count_eq_1,B_count_2_3,B_count_4_5,B_count_6_8,E_count_eq_1,E_count_eq_2",23,370
count_plus_PB_count,239,0.36164512475750715,0.42294526175241814,0.7827530606142821,"intercept,P:9.9,P:9.6,P:10.0,B:9.0,B:9.7,B:10.1,B:10.2,B:10.6,B:10.10,B:11.2,B:11.9,E:10.7,E:11.10,P_count_eq_1,P_count_eq_2,P_count_eq_3,B_count_eq_1,B_count_2_3,B_count_4_5,B_count_6_8,E_count_eq_1,E_count_eq_2,P_B_count",24,370
count_plus_PE_count,239,0.2523281538697277,0.30616593273321724,0.8861589039151346,"intercept,P:9.9,P:9.6,P:10.0,B:9.0,B:9.7,B:10.1,B:10.2,B:10.6,B:10.10,B:11.2,B:11.9,E:10.7,E:11.10,P_count_eq_1,P_count_eq_2,P_count_eq_3,B_count_eq_1,B_count_2_3,B_count_4_5,B_count_6_8,E_count_eq_1,E_count_eq_2,P_E_count",24,370
count_plus_BE_count,239,0.36989464699456603,0.4392058986354814,0.7657273084368289,"intercept,P:9.9,P:9.6,P:10.0,B:9.0,B:9.7,B:10.1,B:10.2,B:10.6,B:10.10,B:11.2,B:11.9,E:10.7,E:11.10,P_count_eq_1,P_count_eq_2,P_count_eq_3,B_count_eq_1,B_count_2_3,B_count_4_5,B_count_6_8,E_count_eq_1,E_count_eq_2,B_E_count",24,370
count_plus_all_pairs,239,0.2243786594951697,0.27667624453719347,0.907032942956306,"intercept,P:9.9,P:9.6,P:10.0,B:9.0,B:9.7,B:10.1,B:10.2,B:10.6,B:10.10,B:11.2,B:11.9,E:10.7,E:11.10,P_count_eq_1,P_count_eq_2,P_count_eq_3,B_count_eq_1,B_count_2_3,B_count_4_5,B_count_6_8,E_count_eq_1,E_count_eq_2,P_B_count,P_E_count,B_E_count",26,370
additive_head,239,0.3840308122552553,0.45363720322406476,0.7687001901902266,"intercept,P:9.9,P:9.6,P:10.0,B:9.0,B:9.7,B:10.1,B:10.2,B:10.6,B:10.10,B:11.2,B:11.9,E:10.7,E:11.10",14,371
count_additive,239,0.38658029719336656,0.45829150381991396,0.7639295873433326,"intercept,P:9.9,P:9.6,P:10.0,B:9.0,B:9.7,B:10.1,B:10.2,B:10.6,B:10.10,B:11.2,B:11.9,E:10.7,E:11.10,P_count_eq_1,P_count_eq_2,P_count_eq_3,B_count_eq_1,B_count_2_3,B_count_4_5,B_count_6_8,E_count_eq_1,E_count_eq_2",23,371
count_plus_PB_count,239,0.3756771662319174,0.43842903971843905,0.78394885526468,"intercept,P:9.9,P:9.6,P:10.0,B:9.0,B:9.7,B:10.1,B:10.2,B:10.6,B:10.10,B:11.2,B:11.9,E:10.7,E:11.10,P_count_eq_1,P_count_eq_2,P_count_eq_3,B_count_eq_1,B_count_2_3,B_count_4_5,B_count_6_8,E_count_eq_1,E_count_eq_2,P_B_count",24,371
count_plus_PE_count,239,0.259336927938915,0.3149008807996612,0.8885434238080094,"intercept,P:9.9,P:9.6,P:10.0,B:9.0,B:9.7,B:10.1,B:10.2,B:10.6,B:10.10,B:11.2,B:11.9,E:10.7,E:11.10,P_count_eq_1,P_count_eq_2,P_count_eq_3,B_count_eq_1,B_count_2_3,B_count_4_5,B_count_6_8,E_count_eq_1,E_count_eq_2,P_E_count",24,371
count_plus_BE_count,239,0.38263208921375225,0.45249280986402884,0.7698657210904776,"intercept,P:9.9,P:9.6,P:10.0,B:9.0,B:9.7,B:10.1,B:10.2,B:10.6,B:10.10,B:11.2,B:11.9,E:10.7,E:11.10,P_count_eq_1,P_count_eq_2,P_count_eq_3,B_count_eq_1,B_count_2_3,B_count_4_5,B_count_6_8,E_count_eq_1,E_count_eq_2,B_E_count",24,371
count_plus_all_pairs,239,0.23120588589421145,0.2854746298834179,0.9084005250500112,"intercept,P:9.9,P:9.6,P:10.0,B:9.0,B:9.7,B:10.1,B:10.2,B:10.6,B:10.10,B:11.2,B:11.9,E:10.7,E:11.10,P_count_eq_1,P_count_eq_2,P_count_eq_3,B_count_eq_1,B_count_2_3,B_count_4_5,B_count_6_8,E_count_eq_1,E_count_eq_2,P_B_count,P_E_count,B_E_count",26,371
additive_head,239,0.3732710197832869,0.4407683495253948,0.7617598849069045,"intercept,P:9.9,P:9.6,P:10.0,B:9.0,B:9.7,B:10.1,B:10.2,B:10.6,B:10.10,B:11.2,B:11.9,E:10.7,E:11.10",14,372
count_additive,239,0.3757786250253614,0.4449028459548654,0.7572694414814931,"intercept,P:9.9,P:9.6,P:10.0,B:9.0,B:9.7,B:10.1,B:10.2,B:10.6,B:10.10,B:11.2,B:11.9,E:10.7,E:11.10,P_count_eq_1,P_count_eq_2,P_count_eq_3,B_count_eq_1,B_count_2_3,B_count_4_5,B_count_6_8,E_count_eq_1,E_count_eq_2",23,372
count_plus_PB_count,239,0.366526594539893,0.42622337107998176,0.7772238948283245,"intercept,P:9.9,P:9.6,P:10.0,B:9.0,B:9.7,B:10.1,B:10.2,B:10.6,B:10.10,B:11.2,B:11.9,E:10.7,E:11.10,P_count_eq_1,P_count_eq_2,P_count_eq_3,B_count_eq_1,B_count_2_3,B_count_4_5,B_count_6_8,E_count_eq_1,E_count_eq_2,P_B_count",24,372
count_plus_PE_count,239,0.2493129149656618,0.3029358107630183,0.8874630039900193,"intercept,P:9.9,P:9.6,P:10.0,B:9.0,B:9.7,B:10.1,B:10.2,B:10.6,B:10.10,B:11.2,B:11.9,E:10.7,E:11.10,P_count_eq_1,P_count_eq_2,P_count_eq_3,B_count_eq_1,B_count_2_3,B_count_4_5,B_count_6_8,E_count_eq_1,E_count_eq_2,P_E_count",24,372
count_plus_BE_count,239,0.37239240039216254,0.43943603569528766,0.7631979685662817,"intercept,P:9.9,P:9.6,P:10.0,B:9.0,B:9.7,B:10.1,B:10.2,B:10.6,B:10.10,B:11.2,B:11.9,E:10.7,E:11.10,P_count_eq_1,P_count_eq_2,P_count_eq_3,B_count_eq_1,B_count_2_3,B_count_4_5,B_count_6_8,E_count_eq_1,E_count_eq_2,B_E_count",24,372
count_plus_all_pairs,239,0.2225151360982327,0.2750811853292824,0.9072068619937763,"intercept,P:9.9,P:9.6,P:10.0,B:9.0,B:9.7,B:10.1,B:10.2,B:10.6,B:10.10,B:11.2,B:11.9,E:10.7,E:11.10,P_count_eq_1,P_count_eq_2,P_count_eq_3,B_count_eq_1,B_count_2_3,B_count_4_5,B_count_6_8,E_count_eq_1,E_count_eq_2,P_B_count,P_E_count,B_E_count",26,372
additive_head,239,0.3789152738388007,0.4469319892200858,0.7709189489858946,"intercept,P:9.9,P:9.6,P:10.0,B:9.0,B:9.7,B:10.1,B:10.2,B:10.6,B:10.10,B:11.2,B:11.9,E:10.7,E:11.10",14,373
count_additive,239,0.38179149988237926,0.4516846086825268,0.766021005563277,"intercept,P:9.9,P:9.6,P:10.0,B:9.0,B:9.7,B:10.1,B:10.2,B:10.6,B:10.10,B:11.2,B:11.9,E:10.7,E:11.10,P_count_eq_1,P_count_eq_2,P_count_eq_3,B_count_eq_1,B_count_2_3,B_count_4_5,B_count_6_8,E_count_eq_1,E_count_eq_2",23,373
count_plus_PB_count,239,0.37175216407741746,0.4326769653219339,0.7852991142652048,"intercept,P:9.9,P:9.6,P:10.0,B:9.0,B:9.7,B:10.1,B:10.2,B:10.6,B:10.10,B:11.2,B:11.9,E:10.7,E:11.10,P_count_eq_1,P_count_eq_2,P_count_eq_3,B_count_eq_1,B_count_2_3,B_count_4_5,B_count_6_8,E_count_eq_1,E_count_eq_2,P_B_count",24,373
count_plus_PE_count,239,0.2526443228459676,0.306966700909505,0.89193406399128,"intercept,P:9.9,P:9.6,P:10.0,B:9.0,B:9.7,B:10.1,B:10.2,B:10.6,B:10.10,B:11.2,B:11.9,E:10.7,E:11.10,P_count_eq_1,P_count_eq_2,P_count_eq_3,B_count_eq_1,B_count_2_3,B_count_4_5,B_count_6_8,E_count_eq_1,E_count_eq_2,P_E_count",24,373
count_plus_BE_count,239,0.37882479407698627,0.4463996528623279,0.7714643364257071,"intercept,P:9.9,P:9.6,P:10.0,B:9.0,B:9.7,B:10.1,B:10.2,B:10.6,B:10.10,B:11.2,B:11.9,E:10.7,E:11.10,P_count_eq_1,P_count_eq_2,P_count_eq_3,B_count_eq_1,B_count_2_3,B_count_4_5,B_count_6_8,E_count_eq_1,E_count_eq_2,B_E_count",24,373
count_plus_all_pairs,239,0.22563308705484061,0.2787692421542814,0.9108757280984698,"intercept,P:9.9,P:9.6,P:10.0,B:9.0,B:9.7,B:10.1,B:10.2,B:10.6,B:10.10,B:11.2,B:11.9,E:10.7,E:11.10,P_count_eq_1,P_count_eq_2,P_count_eq_3,B_count_eq_1,B_count_2_3,B_count_4_5,B_count_6_8,E_count_eq_1,E_count_eq_2,P_B_count,P_E_count,B_E_count",26,373
additive_head,239,0.3879945553498386,0.4560420225915618,0.7536097435255754,"intercept,P:9.9,P:9.6,P:10.0,B:9.0,B:9.7,B:10.1,B:10.2,B:10.6,B:10.10,B:11.2,B:11.9,E:10.7,E:11.10",14,374
count_additive,239,0.3909033062629669,0.4613247126236935,0.747868421323385,"intercept,P:9.9,P:9.6,P:10.0,B:9.0,B:9.7,B:10.1,B:10.2,B:10.6,B:10.10,B:11.2,B:11.9,E:10.7,E:11.10,P_count_eq_1,P_count_eq_2,P_count_eq_3,B_count_eq_1,B_count_2_3,B_count_4_5,B_count_6_8,E_count_eq_1,E_count_eq_2",23,374
count_plus_PB_count,239,0.3812933353332015,0.4432396165546553,0.7672493275877863,"intercept,P:9.9,P:9.6,P:10.0,B:9.0,B:9.7,B:10.1,B:10.2,B:10.6,B:10.10,B:11.2,B:11.9,E:10.7,E:11.10,P_count_eq_1,P_count_eq_2,P_count_eq_3,B_count_eq_1,B_count_2_3,B_count_4_5,B_count_6_8,E_count_eq_1,E_count_eq_2,P_B_count",24,374
count_plus_PE_count,239,0.2605391913957735,0.3159174146554712,0.8817609486586786,"intercept,P:9.9,P:9.6,P:10.0,B:9.0,B:9.7,B:10.1,B:10.2,B:10.6,B:10.10,B:11.2,B:11.9,E:10.7,E:11.10,P_count_eq_1,P_count_eq_2,P_count_eq_3,B_count_eq_1,B_count_2_3,B_count_4_5,B_count_6_8,E_count_eq_1,E_count_eq_2,P_E_count",24,374
count_plus_BE_count,239,0.3875375140548384,0.45490603514055405,0.7548357166545862,"intercept,P:9.9,P:9.6,P:10.0,B:9.0,B:9.7,B:10.1,B:10.2,B:10.6,B:10.10,B:11.2,B:11.9,E:10.7,E:11.10,P_count_eq_1,P_count_eq_2,P_count_eq_3,B_count_eq_1,B_count_2_3,B_count_4_5,B_count_6_8,E_count_eq_1,E_count_eq_2,B_E_count",24,374
count_plus_all_pairs,239,0.2331994886482974,0.2881829153424646,0.9016101577370166,"intercept,P:9.9,P:9.6,P:10.0,B:9.0,B:9.7,B:10.1,B:10.2,B:10.6,B:10.10,B:11.2,B:11.9,E:10.7,E:11.10,P_count_eq_1,P_count_eq_2,P_count_eq_3,B_count_eq_1,B_count_2_3,B_count_4_5,B_count_6_8,E_count_eq_1,E_count_eq_2,P_B_count,P_E_count,B_E_count",26,374
additive_head,239,0.36889109155956534,0.4374289749121895,0.7561133514006896,"intercept,P:9.9,P:9.6,P:10.0,B:9.0,B:9.7,B:10.1,B:10.2,B:10.6,B:10.10,B:11.2,B:11.9,E:10.7,E:11.10",14,375
count_additive,239,0.37195340608597843,0.4421506685770344,0.7508198149360927,"intercept,P:9.9,P:9.6,P:10.0,B:9.0,B:9.7,B:10.1,B:10.2,B:10.6,B:10.10,B:11.2,B:11.9,E:10.7,E:11.10,P_count_eq_1,P_count_eq_2,P_count_eq_3,B_count_eq_1,B_count_2_3,B_count_4_5,B_count_6_8,E_count_eq_1,E_count_eq_2",23,375
count_plus_PB_count,239,0.3619946546534128,0.4239609781093994,0.7709002038246857,"intercept,P:9.9,P:9.6,P:10.0,B:9.0,B:9.7,B:10.1,B:10.2,B:10.6,B:10.10,B:11.2,B:11.9,E:10.7,E:11.10,P_count_eq_1,P_count_eq_2,P_count_eq_3,B_count_eq_1,B_count_2_3,B_count_4_5,B_count_6_8,E_count_eq_1,E_count_eq_2,P_B_count",24,375
count_plus_PE_count,239,0.2462262981674223,0.3002363413932802,0.8851054442067177,"intercept,P:9.9,P:9.6,P:10.0,B:9.0,B:9.7,B:10.1,B:10.2,B:10.6,B:10.10,B:11.2,B:11.9,E:10.7,E:11.10,P_count_eq_1,P_count_eq_2,P_count_eq_3,B_count_eq_1,B_count_2_3,B_count_4_5,B_count_6_8,E_count_eq_1,E_count_eq_2,P_E_count",24,375
count_plus_BE_count,239,0.3686665706621091,0.4362708762046756,0.7574030278538066,"intercept,P:9.9,P:9.6,P:10.0,B:9.0,B:9.7,B:10.1,B:10.2,B:10.6,B:10.10,B:11.2,B:11.9,E:10.7,E:11.10,P_count_eq_1,P_count_eq_2,P_count_eq_3,B_count_eq_1,B_count_2_3,B_count_4_5,B_count_6_8,E_count_eq_1,E_count_eq_2,B_E_count",24,375
count_plus_all_pairs,239,0.2203746225427119,0.2723320357762622,0.9054698391048253,"intercept,P:9.9,P:9.6,P:10.0,B:9.0,B:9.7,B:10.1,B:10.2,B:10.6,B:10.10,B:11.2,B:11.9,E:10.7,E:11.10,P_count_eq_1,P_count_eq_2,P_count_eq_3,B_count_eq_1,B_count_2_3,B_count_4_5,B_count_6_8,E_count_eq_1,E_count_eq_2,P_B_count,P_E_count,B_E_count",26,375
additive_head,239,0.38424898257343165,0.45413035989714695,0.7597736008787326,"intercept,P:9.9,P:9.6,P:10.0,B:9.0,B:9.7,B:10.1,B:10.2,B:10.6,B:10.10,B:11.2,B:11.9,E:10.7,E:11.10",14,376
count_additive,239,0.38716312416773563,0.4588157548580008,0.75479105841165,"intercept,P:9.9,P:9.6,P:10.0,B:9.0,B:9.7,B:10.1,B:10.2,B:10.6,B:10.10,B:11.2,B:11.9,E:10.7,E:11.10,P_count_eq_1,P_count_eq_2,P_count_eq_3,B_count_eq_1,B_count_2_3,B_count_4_5,B_count_6_8,E_count_eq_1,E_count_eq_2",23,376
count_plus_PB_count,239,0.3772054170319047,0.43952104746685244,0.7749810922466174,"intercept,P:9.9,P:9.6,P:10.0,B:9.0,B:9.7,B:10.1,B:10.2,B:10.6,B:10.10,B:11.2,B:11.9,E:10.7,E:11.10,P_count_eq_1,P_count_eq_2,P_count_eq_3,B_count_eq_1,B_count_2_3,B_count_4_5,B_count_6_8,E_count_eq_1,E_count_eq_2,P_B_count",24,376
count_plus_PE_count,239,0.2567375008790884,0.31164304458792236,0.8868708471076887,"intercept,P:9.9,P:9.6,P:10.0,B:9.0,B:9.7,B:10.1,B:10.2,B:10.6,B:10.10,B:11.2,B:11.9,E:10.7,E:11.10,P_count_eq_1,P_count_eq_2,P_count_eq_3,B_count_eq_1,B_count_2_3,B_count_4_5,B_count_6_8,E_count_eq_1,E_count_eq_2,P_E_count",24,376
count_plus_BE_count,239,0.38451810755126703,0.4539604131636503,0.7599533644728306,"intercept,P:9.9,P:9.6,P:10.0,B:9.0,B:9.7,B:10.1,B:10.2,B:10.6,B:10.10,B:11.2,B:11.9,E:10.7,E:11.10,P_count_eq_1,P_count_eq_2,P_count_eq_3,B_count_eq_1,B_count_2_3,B_count_4_5,B_count_6_8,E_count_eq_1,E_count_eq_2,B_E_count",24,376
count_plus_all_pairs,239,0.22960324950621291,0.2836987920960692,0.9062492757379131,"intercept,P:9.9,P:9.6,P:10.0,B:9.0,B:9.7,B:10.1,B:10.2,B:10.6,B:10.10,B:11.2,B:11.9,E:10.7,E:11.10,P_count_eq_1,P_count_eq_2,P_count_eq_3,B_count_eq_1,B_count_2_3,B_count_4_5,B_count_6_8,E_count_eq_1,E_count_eq_2,P_B_count,P_E_count,B_E_count",26,376
additive_head,239,0.37538435470326226,0.4430229980730652,0.7668982347914715,"intercept,P:9.9,P:9.6,P:10.0,B:9.0,B:9.7,B:10.1,B:10.2,B:10.6,B:10.10,B:11.2,B:11.9,E:10.7,E:11.10",14,377
count_additive,239,0.37830152392687916,0.4478565887506909,0.7617839854615401,"intercept,P:9.9,P:9.6,P:10.0,B:9.0,B:9.7,B:10.1,B:10.2,B:10.6,B:10.10,B:11.2,B:11.9,E:10.7,E:11.10,P_count_eq_1,P_count_eq_2,P_count_eq_3,B_count_eq_1,B_count_2_3,B_count_4_5,B_count_6_8,E_count_eq_1,E_count_eq_2",23,377
count_plus_PB_count,239,0.36863899431923375,0.42956582847182434,0.7808444509491743,"intercept,P:9.9,P:9.6,P:10.0,B:9.0,B:9.7,B:10.1,B:10.2,B:10.6,B:10.10,B:11.2,B:11.9,E:10.7,E:11.10,P_count_eq_1,P_count_eq_2,P_count_eq_3,B_count_eq_1,B_count_2_3,B_count_4_5,B_count_6_8,E_count_eq_1,E_count_eq_2,P_B_count",24,377
count_plus_PE_count,239,0.25001112495756206,0.3037250113088384,0.8904394679586969,"intercept,P:9.9,P:9.6,P:10.0,B:9.0,B:9.7,B:10.1,B:10.2,B:10.6,B:10.10,B:11.2,B:11.9,E:10.7,E:11.10,P_count_eq_1,P_count_eq_2,P_count_eq_3,B_count_eq_1,B_count_2_3,B_count_4_5,B_count_6_8,E_count_eq_1,E_count_eq_2,P_E_count",24,377
count_plus_BE_count,239,0.3750712209157116,0.44227964010973825,0.7676798315964743,"intercept,P:9.9,P:9.6,P:10.0,B:9.0,B:9.7,B:10.1,B:10.2,B:10.6,B:10.10,B:11.2,B:11.9,E:10.7,E:11.10,P_count_eq_1,P_count_eq_2,P_count_eq_3,B_count_eq_1,B_count_2_3,B_count_4_5,B_count_6_8,E_count_eq_1,E_count_eq_2,B_E_count",24,377
count_plus_all_pairs,239,0.22333269044415557,0.27616372930973676,0.9094212555746698,"intercept,P:9.9,P:9.6,P:10.0,B:9.0,B:9.7,B:10.1,B:10.2,B:10.6,B:10.10,B:11.2,B:11.9,E:10.7,E:11.10,P_count_eq_1,P_count_eq_2,P_count_eq_3,B_count_eq_1,B_count_2_3,B_count_4_5,B_count_6_8,E_count_eq_1,E_count_eq_2,P_B_count,P_E_count,B_E_count",26,377
additive_head,239,0.38743196836213606,0.4575259686014724,0.7591959353887382,"intercept,P:9.9,P:9.6,P:10.0,B:9.0,B:9.7,B:10.1,B:10.2,B:10.6,B:10.10,B:11.2,B:11.9,E:10.7,E:11.10",14,378
count_additive,239,0.3902869118179079,0.4622793196004291,0.7541663972934962,"intercept,P:9.9,P:9.6,P:10.0,B:9.0,B:9.7,B:10.1,B:10.2,B:10.6,B:10.10,B:11.2,B:11.9,E:10.7,E:11.10,P_count_eq_1,P_count_eq_2,P_count_eq_3,B_count_eq_1,B_count_2_3,B_count_4_5,B_count_6_8,E_count_eq_1,E_count_eq_2",23,378
count_plus_PB_count,239,0.3804853016136088,0.4436323646787459,0.7735987818839869,"intercept,P:9.9,P:9.6,P:10.0,B:9.0,B:9.7,B:10.1,B:10.2,B:10.6,B:10.10,B:11.2,B:11.9,E:10.7,E:11.10,P_count_eq_1,P_count_eq_2,P_count_eq_3,B_count_eq_1,B_count_2_3,B_count_4_5,B_count_6_8,E_count_eq_1,E_count_eq_2,P_B_count",24,378
count_plus_PE_count,239,0.2584864148622057,0.31395380423205516,0.8866128564414761,"intercept,P:9.9,P:9.6,P:10.0,B:9.0,B:9.7,B:10.1,B:10.2,B:10.6,B:10.10,B:11.2,B:11.9,E:10.7,E:11.10,P_count_eq_1,P_count_eq_2,P_count_eq_3,B_count_eq_1,B_count_2_3,B_count_4_5,B_count_6_8,E_count_eq_1,E_count_eq_2,P_E_count",24,378
count_plus_BE_count,239,0.3866575916153164,0.45629096059872887,0.7604941942222431,"intercept,P:9.9,P:9.6,P:10.0,B:9.0,B:9.7,B:10.1,B:10.2,B:10.6,B:10.10,B:11.2,B:11.9,E:10.7,E:11.10,P_count_eq_1,P_count_eq_2,P_count_eq_3,B_count_eq_1,B_count_2_3,B_count_4_5,B_count_6_8,E_count_eq_1,E_count_eq_2,B_E_count",24,378
count_plus_all_pairs,239,0.2313339819092622,0.2855411953504463,0.9062071221502875,"intercept,P:9.9,P:9.6,P:10.0,B:9.0,B:9.7,B:10.1,B:10.2,B:10.6,B:10.10,B:11.2,B:11.9,E:10.7,E:11.10,P_count_eq_1,P_count_eq_2,P_count_eq_3,B_count_eq_1,B_count_2_3,B_count_4_5,B_count_6_8,E_count_eq_1,E_count_eq_2,P_B_count,P_E_count,B_E_count",26,378
additive_head,239,0.38374246531149814,0.45432123555965415,0.7662894135538533,"intercept,P:9.9,P:9.6,P:10.0,B:9.0,B:9.7,B:10.1,B:10.2,B:10.6,B:10.10,B:11.2,B:11.9,E:10.7,E:11.10",14,379
count_additive,239,0.38662570068559665,0.45880623346662325,0.7616523188681948,"intercept,P:9.9,P:9.6,P:10.0,B:9.0,B:9.7,B:10.1,B:10.2,B:10.6,B:10.10,B:11.2,B:11.9,E:10.7,E:11.10,P_count_eq_1,P_count_eq_2,P_count_eq_3,B_count_eq_1,B_count_2_3,B_count_4_5,B_count_6_8,E_count_eq_1,E_count_eq_2",23,379
count_plus_PB_count,239,0.3760074038699665,0.4384880930302942,0.7822952418002489,"intercept,P:9.9,P:9.6,P:10.0,B:9.0,B:9.7,B:10.1,B:10.2,B:10.6,B:10.10,B:11.2,B:11.9,E:10.7,E:11.10,P_count_eq_1,P_count_eq_2,P_count_eq_3,B_count_eq_1,B_count_2_3,B_count_4_5,B_count_6_8,E_count_eq_1,E_count_eq_2,P_B_count",24,379
count_plus_PE_count,239,0.2583010565646525,0.31419370014097237,0.8882243363117466,"intercept,P:9.9,P:9.6,P:10.0,B:9.0,B:9.7,B:10.1,B:10.2,B:10.6,B:10.10,B:11.2,B:11.9,E:10.7,E:11.10,P_count_eq_1,P_count_eq_2,P_count_eq_3,B_count_eq_1,B_count_2_3,B_count_4_5,B_count_6_8,E_count_eq_1,E_count_eq_2,P_E_count",24,379
count_plus_BE_count,239,0.38357013314555066,0.4543071492475951,0.7663039058071671,"intercept,P:9.9,P:9.6,P:10.0,B:9.0,B:9.7,B:10.1,B:10.2,B:10.6,B:10.10,B:11.2,B:11.9,E:10.7,E:11.10,P_count_eq_1,P_count_eq_2,P_count_eq_3,B_count_eq_1,B_count_2_3,B_count_4_5,B_count_6_8,E_count_eq_1,E_count_eq_2,B_E_count",24,379
count_plus_all_pairs,239,0.23135277140628,0.28538975662727367,0.9077791599664784,"intercept,P:9.9,P:9.6,P:10.0,B:9.0,B:9.7,B:10.1,B:10.2,B:10.6,B:10.10,B:11.2,B:11.9,E:10.7,E:11.10,P_count_eq_1,P_count_eq_2,P_count_eq_3,B_count_eq_1,B_count_2_3,B_count_4_5,B_count_6_8,E_count_eq_1,E_count_eq_2,P_B_count,P_E_count,B_E_count",26,379
additive_head,239,0.3842080371494245,0.4528980917558238,0.7638902485348469,"intercept,P:9.9,P:9.6,P:10.0,B:9.0,B:9.7,B:10.1,B:10.2,B:10.6,B:10.10,B:11.2,B:11.9,E:10.7,E:11.10",14,380
count_additive,239,0.3870633049600525,0.4576041799495672,0.7589578968170435,"intercept,P:9.9,P:9.6,P:10.0,B:9.0,B:9.7,B:10.1,B:10.2,B:10.6,B:10.10,B:11.2,B:11.9,E:10.7,E:11.10,P_count_eq_1,P_count_eq_2,P_count_eq_3,B_count_eq_1,B_count_2_3,B_count_4_5,B_count_6_8,E_count_eq_1,E_count_eq_2",23,380
count_plus_PB_count,239,0.3771915232522367,0.4388664983848077,0.7782938188304902,"intercept,P:9.9,P:9.6,P:10.0,B:9.0,B:9.7,B:10.1,B:10.2,B:10.6,B:10.10,B:11.2,B:11.9,E:10.7,E:11.10,P_count_eq_1,P_count_eq_2,P_count_eq_3,B_count_eq_1,B_count_2_3,B_count_4_5,B_count_6_8,E_count_eq_1,E_count_eq_2,P_B_count",24,380
count_plus_PE_count,239,0.2544600065220185,0.30866163740922103,0.8903324215839034,"intercept,P:9.9,P:9.6,P:10.0,B:9.0,B:9.7,B:10.1,B:10.2,B:10.6,B:10.10,B:11.2,B:11.9,E:10.7,E:11.10,P_count_eq_1,P_count_eq_2,P_count_eq_3,B_count_eq_1,B_count_2_3,B_count_4_5,B_count_6_8,E_count_eq_1,E_count_eq_2,P_E_count",24,380
count_plus_BE_count,239,0.3845458210441726,0.45282698771206675,0.7639643801796334,"intercept,P:9.9,P:9.6,P:10.0,B:9.0,B:9.7,B:10.1,B:10.2,B:10.6,B:10.10,B:11.2,B:11.9,E:10.7,E:11.10,P_count_eq_1,P_count_eq_2,P_count_eq_3,B_count_eq_1,B_count_2_3,B_count_4_5,B_count_6_8,E_count_eq_1,E_count_eq_2,B_E_count",24,380
count_plus_all_pairs,239,0.22775924294175845,0.2813914708990436,0.9088545902493932,"intercept,P:9.9,P:9.6,P:10.0,B:9.0,B:9.7,B:10.1,B:10.2,B:10.6,B:10.10,B:11.2,B:11.9,E:10.7,E:11.10,P_count_eq_1,P_count_eq_2,P_count_eq_3,B_count_eq_1,B_count_2_3,B_count_4_5,B_count_6_8,E_count_eq_1,E_count_eq_2,P_B_count,P_E_count,B_E_count",26,380
additive_head,239,0.38353528184107993,0.45251319505004167,0.7665508419819879,"intercept,P:9.9,P:9.6,P:10.0,B:9.0,B:9.7,B:10.1,B:10.2,B:10.6,B:10.10,B:11.2,B:11.9,E:10.7,E:11.10",14,381
count_additive,239,0.3862661913202194,0.45722114936441477,0.7616679552821649,"intercept,P:9.9,P:9.6,P:10.0,B:9.0,B:9.7,B:10.1,B:10.2,B:10.6,B:10.10,B:11.2,B:11.9,E:10.7,E:11.10,P_count_eq_1,P_count_eq_2,P_count_eq_3,B_count_eq_1,B_count_2_3,B_count_4_5,B_count_6_8,E_count_eq_1,E_count_eq_2",23,381
count_plus_PB_count,239,0.37603374721463884,0.43765495991612674,0.7816297224105083,"intercept,P:9.9,P:9.6,P:10.0,B:9.0,B:9.7,B:10.1,B:10.2,B:10.6,B:10.10,B:11.2,B:11.9,E:10.7,E:11.10,P_count_eq_1,P_count_eq_2,P_count_eq_3,B_count_eq_1,B_count_2_3,B_count_4_5,B_count_6_8,E_count_eq_1,E_count_eq_2,P_B_count",24,381
count_plus_PE_count,239,0.2570658722631827,0.31207808530051284,0.8889659036556353,"intercept,P:9.9,P:9.6,P:10.0,B:9.0,B:9.7,B:10.1,B:10.2,B:10.6,B:10.10,B:11.2,B:11.9,E:10.7,E:11.10,P_count_eq_1,P_count_eq_2,P_count_eq_3,B_count_eq_1,B_count_2_3,B_count_4_5,B_count_6_8,E_count_eq_1,E_count_eq_2,P_E_count",24,381
count_plus_BE_count,239,0.38258904978753294,0.45136386987068317,0.7677351975464747,"intercept,P:9.9,P:9.6,P:10.0,B:9.0,B:9.7,B:10.1,B:10.2,B:10.6,B:10.10,B:11.2,B:11.9,E:10.7,E:11.10,P_count_eq_1,P_count_eq_2,P_count_eq_3,B_count_eq_1,B_count_2_3,B_count_4_5,B_count_6_8,E_count_eq_1,E_count_eq_2,B_E_count",24,381
count_plus_all_pairs,239,0.22914038353776803,0.28282491002113797,0.9088062379683504,"intercept,P:9.9,P:9.6,P:10.0,B:9.0,B:9.7,B:10.1,B:10.2,B:10.6,B:10.10,B:11.2,B:11.9,E:10.7,E:11.10,P_count_eq_1,P_count_eq_2,P_count_eq_3,B_count_eq_1,B_count_2_3,B_count_4_5,B_count_6_8,E_count_eq_1,E_count_eq_2,P_B_count,P_E_count,B_E_count",26,381
additive_head,239,0.38662923493315976,0.45812338045054696,0.7535596149557432,"intercept,P:9.9,P:9.6,P:10.0,B:9.0,B:9.7,B:10.1,B:10.2,B:10.6,B:10.10,B:11.2,B:11.9,E:10.7,E:11.10",14,382
count_additive,239,0.390068794636639,0.4631276606200311,0.7481462591500798,"intercept,P:9.9,P:9.6,P:10.0,B:9.0,B:9.7,B:10.1,B:10.2,B:10.6,B:10.10,B:11.2,B:11.9,E:10.7,E:11.10,P_count_eq_1,P_count_eq_2,P_count_eq_3,B_count_eq_1,B_count_2_3,B_count_4_5,B_count_6_8,E_count_eq_1,E_count_eq_2",23,382
count_plus_PB_count,239,0.3796066909896723,0.4446778398780006,0.7678129787618233,"intercept,P:9.9,P:9.6,P:10.0,B:9.0,B:9.7,B:10.1,B:10.2,B:10.6,B:10.10,B:11.2,B:11.9,E:10.7,E:11.10,P_count_eq_1,P_count_eq_2,P_count_eq_3,B_count_eq_1,B_count_2_3,B_count_4_5,B_count_6_8,E_count_eq_1,E_count_eq_2,P_B_count",24,382
count_plus_PE_count,239,0.2603584082797754,0.31641242442907686,0.8824415037533688,"intercept,P:9.9,P:9.6,P:10.0,B:9.0,B:9.7,B:10.1,B:10.2,B:10.6,B:10.10,B:11.2,B:11.9,E:10.7,E:11.10,P_count_eq_1,P_count_eq_2,P_count_eq_3,B_count_eq_1,B_count_2_3,B_count_4_5,B_count_6_8,E_count_eq_1,E_count_eq_2,P_E_count",24,382
count_plus_BE_count,239,0.3862866551268929,0.45701749135136616,0.7547479707680462,"intercept,P:9.9,P:9.6,P:10.0,B:9.0,B:9.7,B:10.1,B:10.2,B:10.6,B:10.10,B:11.2,B:11.9,E:10.7,E:11.10,P_count_eq_1,P_count_eq_2,P_count_eq_3,B_count_eq_1,B_count_2_3,B_count_4_5,B_count_6_8,E_count_eq_1,E_count_eq_2,B_E_count",24,382
count_plus_all_pairs,239,0.23332173876624152,0.28807087094521927,0.9025581195119178,"intercept,P:9.9,P:9.6,P:10.0,B:9.0,B:9.7,B:10.1,B:10.2,B:10.6,B:10.10,B:11.2,B:11.9,E:10.7,E:11.10,P_count_eq_1,P_count_eq_2,P_count_eq_3,B_count_eq_1,B_count_2_3,B_count_4_5,B_count_6_8,E_count_eq_1,E_count_eq_2,P_B_count,P_E_count,B_E_count",26,382
additive_head,239,0.37915684650667125,0.4466154488502151,0.7572039603187228,"intercept,P:9.9,P:9.6,P:10.0,B:9.0,B:9.7,B:10.1,B:10.2,B:10.6,B:10.10,B:11.2,B:11.9,E:10.7,E:11.10",14,383
count_additive,239,0.3814268503741769,0.4510280299372953,0.7523825877278321,"intercept,P:9.9,P:9.6,P:10.0,B:9.0,B:9.7,B:10.1,B:10.2,B:10.6,B:10.10,B:11.2,B:11.9,E:10.7,E:11.10,P_count_eq_1,P_count_eq_2,P_count_eq_3,B_count_eq_1,B_count_2_3,B_count_4_5,B_count_6_8,E_count_eq_1,E_count_eq_2",23,383
count_plus_PB_count,239,0.37196242169982346,0.43227869925978313,0.7725417008981971,"intercept,P:9.9,P:9.6,P:10.0,B:9.0,B:9.7,B:10.1,B:10.2,B:10.6,B:10.10,B:11.2,B:11.9,E:10.7,E:11.10,P_count_eq_1,P_count_eq_2,P_count_eq_3,B_count_eq_1,B_count_2_3,B_count_4_5,B_count_6_8,E_count_eq_1,E_count_eq_2,P_B_count",24,383
count_plus_PE_count,239,0.25470143264807976,0.3093309188361564,0.8835282023637436,"intercept,P:9.9,P:9.6,P:10.0,B:9.0,B:9.7,B:10.1,B:10.2,B:10.6,B:10.10,B:11.2,B:11.9,E:10.7,E:11.10,P_count_eq_1,P_count_eq_2,P_count_eq_3,B_count_eq_1,B_count_2_3,B_count_4_5,B_count_6_8,E_count_eq_1,E_count_eq_2,P_E_count",24,383
count_plus_BE_count,239,0.37803675475685755,0.4452323134208105,0.7587054748801215,"intercept,P:9.9,P:9.6,P:10.0,B:9.0,B:9.7,B:10.1,B:10.2,B:10.6,B:10.10,B:11.2,B:11.9,E:10.7,E:11.10,P_count_eq_1,P_count_eq_2,P_count_eq_3,B_count_eq_1,B_count_2_3,B_count_4_5,B_count_6_8,E_count_eq_1,E_count_eq_2,B_E_count",24,383
count_plus_all_pairs,239,0.227592872739451,0.2813694586066505,0.9036330696857564,"intercept,P:9.9,P:9.6,P:10.0,B:9.0,B:9.7,B:10.1,B:10.2,B:10.6,B:10.10,B:11.2,B:11.9,E:10.7,E:11.10,P_count_eq_1,P_count_eq_2,P_count_eq_3,B_count_eq_1,B_count_2_3,B_count_4_5,B_count_6_8,E_count_eq_1,E_count_eq_2,P_B_count,P_E_count,B_E_count",26,383
additive_head,239,0.3809033446530665,0.45045443816767855,0.7561511213608269,"intercept,P:9.9,P:9.6,P:10.0,B:9.0,B:9.7,B:10.1,B:10.2,B:10.6,B:10.10,B:11.2,B:11.9,E:10.7,E:11.10",14,384
count_additive,239,0.38433983533563876,0.45556150768926074,0.7505904576213672,"intercept,P:9.9,P:9.6,P:10.0,B:9.0,B:9.7,B:10.1,B:10.2,B:10.6,B:10.10,B:11.2,B:11.9,E:10.7,E:11.10,P_count_eq_1,P_count_eq_2,P_count_eq_3,B_count_eq_1,B_count_2_3,B_count_4_5,B_count_6_8,E_count_eq_1,E_count_eq_2",23,384
count_plus_PB_count,239,0.3742033283826571,0.4364762778296291,0.7710501767836244,"intercept,P:9.9,P:9.6,P:10.0,B:9.0,B:9.7,B:10.1,B:10.2,B:10.6,B:10.10,B:11.2,B:11.9,E:10.7,E:11.10,P_count_eq_1,P_count_eq_2,P_count_eq_3,B_count_eq_1,B_count_2_3,B_count_4_5,B_count_6_8,E_count_eq_1,E_count_eq_2,P_B_count",24,384
count_plus_PE_count,239,0.25335554104694824,0.3076874311458947,0.8862271769988553,"intercept,P:9.9,P:9.6,P:10.0,B:9.0,B:9.7,B:10.1,B:10.2,B:10.6,B:10.10,B:11.2,B:11.9,E:10.7,E:11.10,P_count_eq_1,P_count_eq_2,P_count_eq_3,B_count_eq_1,B_count_2_3,B_count_4_5,B_count_6_8,E_count_eq_1,E_count_eq_2,P_E_count",24,384
count_plus_BE_count,239,0.38112433600463097,0.45063140441469773,0.7559594860085351,"intercept,P:9.9,P:9.6,P:10.0,B:9.0,B:9.7,B:10.1,B:10.2,B:10.6,B:10.10,B:11.2,B:11.9,E:10.7,E:11.10,P_count_eq_1,P_count_eq_2,P_count_eq_3,B_count_eq_1,B_count_2_3,B_count_4_5,B_count_6_8,E_count_eq_1,E_count_eq_2,B_E_count",24,384
count_plus_all_pairs,239,0.22656579943170116,0.27975961982816083,0.9059434422372723,"intercept,P:9.9,P:9.6,P:10.0,B:9.0,B:9.7,B:10.1,B:10.2,B:10.6,B:10.10,B:11.2,B:11.9,E:10.7,E:11.10,P_count_eq_1,P_count_eq_2,P_count_eq_3,B_count_eq_1,B_count_2_3,B_count_4_5,B_count_6_8,E_count_eq_1,E_count_eq_2,P_B_count,P_E_count,B_E_count",26,384
additive_head,239,0.39014583843671324,0.46150825719142036,0.7681567020986222,"intercept,P:9.9,P:9.6,P:10.0,B:9.0,B:9.7,B:10.1,B:10.2,B:10.6,B:10.10,B:11.2,B:11.9,E:10.7,E:11.10",14,385
count_additive,239,0.3933694938136898,0.46644365063139015,0.7631714991534226,"intercept,P:9.9,P:9.6,P:10.0,B:9.0,B:9.7,B:10.1,B:10.2,B:10.6,B:10.10,B:11.2,B:11.9,E:10.7,E:11.10,P_count_eq_1,P_count_eq_2,P_count_eq_3,B_count_eq_1,B_count_2_3,B_count_4_5,B_count_6_8,E_count_eq_1,E_count_eq_2",23,385
count_plus_PB_count,239,0.38253824241007545,0.4465226590989289,0.78296858638964,"intercept,P:9.9,P:9.6,P:10.0,B:9.0,B:9.7,B:10.1,B:10.2,B:10.6,B:10.10,B:11.2,B:11.9,E:10.7,E:11.10,P_count_eq_1,P_count_eq_2,P_count_eq_3,B_count_eq_1,B_count_2_3,B_count_4_5,B_count_6_8,E_count_eq_1,E_count_eq_2,P_B_count",24,385
count_plus_PE_count,239,0.2598462097303662,0.31552919587225725,0.8916285970358642,"intercept,P:9.9,P:9.6,P:10.0,B:9.0,B:9.7,B:10.1,B:10.2,B:10.6,B:10.10,B:11.2,B:11.9,E:10.7,E:11.10,P_count_eq_1,P_count_eq_2,P_count_eq_3,B_count_eq_1,B_count_2_3,B_count_4_5,B_count_6_8,E_count_eq_1,E_count_eq_2,P_E_count",24,385
count_plus_BE_count,239,0.39068983171824234,0.46200718606226177,0.767655147297488,"intercept,P:9.9,P:9.6,P:10.0,B:9.0,B:9.7,B:10.1,B:10.2,B:10.6,B:10.10,B:11.2,B:11.9,E:10.7,E:11.10,P_count_eq_1,P_count_eq_2,P_count_eq_3,B_count_eq_1,B_count_2_3,B_count_4_5,B_count_6_8,E_count_eq_1,E_count_eq_2,B_E_count",24,385
count_plus_all_pairs,239,0.23261033561976047,0.28691318399026866,0.9103941003567525,"intercept,P:9.9,P:9.6,P:10.0,B:9.0,B:9.7,B:10.1,B:10.2,B:10.6,B:10.10,B:11.2,B:11.9,E:10.7,E:11.10,P_count_eq_1,P_count_eq_2,P_count_eq_3,B_count_eq_1,B_count_2_3,B_count_4_5,B_count_6_8,E_count_eq_1,E_count_eq_2,P_B_count,P_E_count,B_E_count",26,385
additive_head,239,0.37192450249091186,0.4401182109043878,0.7730038829257497,"intercept,P:9.9,P:9.6,P:10.0,B:9.0,B:9.7,B:10.1,B:10.2,B:10.6,B:10.10,B:11.2,B:11.9,E:10.7,E:11.10",14,386
count_additive,239,0.37479400951074254,0.4445888285070602,0.7683689147426647,"intercept,P:9.9,P:9.6,P:10.0,B:9.0,B:9.7,B:10.1,B:10.2,B:10.6,B:10.10,B:11.2,B:11.9,E:10.7,E:11.10,P_count_eq_1,P_count_eq_2,P_count_eq_3,B_count_eq_1,B_count_2_3,B_count_4_5,B_count_6_8,E_count_eq_1,E_count_eq_2",23,386
count_plus_PB_count,239,0.3645321473714087,0.4255346657364628,0.7877979178036463,"intercept,P:9.9,P:9.6,P:10.0,B:9.0,B:9.7,B:10.1,B:10.2,B:10.6,B:10.10,B:11.2,B:11.9,E:10.7,E:11.10,P_count_eq_1,P_count_eq_2,P_count_eq_3,B_count_eq_1,B_count_2_3,B_count_4_5,B_count_6_8,E_count_eq_1,E_count_eq_2,P_B_count",24,386
count_plus_PE_count,239,0.2491593905736818,0.30248578364832746,0.8927765721314705,"intercept,P:9.9,P:9.6,P:10.0,B:9.0,B:9.7,B:10.1,B:10.2,B:10.6,B:10.10,B:11.2,B:11.9,E:10.7,E:11.10,P_count_eq_1,P_count_eq_2,P_count_eq_3,B_count_eq_1,B_count_2_3,B_count_4_5,B_count_6_8,E_count_eq_1,E_count_eq_2,P_E_count",24,386
count_plus_BE_count,239,0.37176107790991,0.4395879827730492,0.773550496189606,"intercept,P:9.9,P:9.6,P:10.0,B:9.0,B:9.7,B:10.1,B:10.2,B:10.6,B:10.10,B:11.2,B:11.9,E:10.7,E:11.10,P_count_eq_1,P_count_eq_2,P_count_eq_3,B_count_eq_1,B_count_2_3,B_count_4_5,B_count_6_8,E_count_eq_1,E_count_eq_2,B_E_count",24,386
count_plus_all_pairs,239,0.2227765222431269,0.2746658646244615,0.9115924962275397,"intercept,P:9.9,P:9.6,P:10.0,B:9.0,B:9.7,B:10.1,B:10.2,B:10.6,B:10.10,B:11.2,B:11.9,E:10.7,E:11.10,P_count_eq_1,P_count_eq_2,P_count_eq_3,B_count_eq_1,B_count_2_3,B_count_4_5,B_count_6_8,E_count_eq_1,E_count_eq_2,P_B_count,P_E_count,B_E_count",26,386
additive_head,239,0.36933686831844387,0.434953239172283,0.7630126170399942,"intercept,P:9.9,P:9.6,P:10.0,B:9.0,B:9.7,B:10.1,B:10.2,B:10.6,B:10.10,B:11.2,B:11.9,E:10.7,E:11.10",14,387
count_additive,239,0.37237541575394095,0.43959624153790305,0.7579260663435397,"intercept,P:9.9,P:9.6,P:10.0,B:9.0,B:9.7,B:10.1,B:10.2,B:10.6,B:10.10,B:11.2,B:11.9,E:10.7,E:11.10,P_count_eq_1,P_count_eq_2,P_count_eq_3,B_count_eq_1,B_count_2_3,B_count_4_5,B_count_6_8,E_count_eq_1,E_count_eq_2",23,387
count_plus_PB_count,239,0.36378561277372584,0.4232327210480752,0.7756125519684008,"intercept,P:9.9,P:9.6,P:10.0,B:9.0,B:9.7,B:10.1,B:10.2,B:10.6,B:10.10,B:11.2,B:11.9,E:10.7,E:11.10,P_count_eq_1,P_count_eq_2,P_count_eq_3,B_count_eq_1,B_count_2_3,B_count_4_5,B_count_6_8,E_count_eq_1,E_count_eq_2,P_B_count",24,387
count_plus_PE_count,239,0.24238678283515971,0.2947660802808231,0.8911583545208739,"intercept,P:9.9,P:9.6,P:10.0,B:9.0,B:9.7,B:10.1,B:10.2,B:10.6,B:10.10,B:11.2,B:11.9,E:10.7,E:11.10,P_count_eq_1,P_count_eq_2,P_count_eq_3,B_count_eq_1,B_count_2_3,B_count_4_5,B_count_6_8,E_count_eq_1,E_count_eq_2,P_E_count",24,387
count_plus_BE_count,239,0.3696207264773601,0.4345038242034818,0.7635020979510149,"intercept,P:9.9,P:9.6,P:10.0,B:9.0,B:9.7,B:10.1,B:10.2,B:10.6,B:10.10,B:11.2,B:11.9,E:10.7,E:11.10,P_count_eq_1,P_count_eq_2,P_count_eq_3,B_count_eq_1,B_count_2_3,B_count_4_5,B_count_6_8,E_count_eq_1,E_count_eq_2,B_E_count",24,387
count_plus_all_pairs,239,0.2182254376142853,0.26996228541940387,0.9087051502181649,"intercept,P:9.9,P:9.6,P:10.0,B:9.0,B:9.7,B:10.1,B:10.2,B:10.6,B:10.10,B:11.2,B:11.9,E:10.7,E:11.10,P_count_eq_1,P_count_eq_2,P_count_eq_3,B_count_eq_1,B_count_2_3,B_count_4_5,B_count_6_8,E_count_eq_1,E_count_eq_2,P_B_count,P_E_count,B_E_count",26,387
additive_head,239,0.3716052571502069,0.4385434766991742,0.7631995168935459,"intercept,P:9.9,P:9.6,P:10.0,B:9.0,B:9.7,B:10.1,B:10.2,B:10.6,B:10.10,B:11.2,B:11.9,E:10.7,E:11.10",14,388
count_additive,239,0.37456418998347474,0.442779116223826,0.758603187239385,"intercept,P:9.9,P:9.6,P:10.0,B:9.0,B:9.7,B:10.1,B:10.2,B:10.6,B:10.10,B:11.2,B:11.9,E:10.7,E:11.10,P_count_eq_1,P_count_eq_2,P_count_eq_3,B_count_eq_1,B_count_2_3,B_count_4_5,B_count_6_8,E_count_eq_1,E_count_eq_2",23,388
count_plus_PB_count,239,0.36539667157984335,0.42499663459068004,0.7776033426081115,"intercept,P:9.9,P:9.6,P:10.0,B:9.0,B:9.7,B:10.1,B:10.2,B:10.6,B:10.10,B:11.2,B:11.9,E:10.7,E:11.10,P_count_eq_1,P_count_eq_2,P_count_eq_3,B_count_eq_1,B_count_2_3,B_count_4_5,B_count_6_8,E_count_eq_1,E_count_eq_2,P_B_count",24,388
count_plus_PE_count,239,0.2467334676937767,0.2993192326270235,0.889687044647479,"intercept,P:9.9,P:9.6,P:10.0,B:9.0,B:9.7,B:10.1,B:10.2,B:10.6,B:10.10,B:11.2,B:11.9,E:10.7,E:11.10,P_count_eq_1,P_count_eq_2,P_count_eq_3,B_count_eq_1,B_count_2_3,B_count_4_5,B_count_6_8,E_count_eq_1,E_count_eq_2,P_E_count",24,388
count_plus_BE_count,239,0.3722561299288903,0.43828687294349866,0.763476552668708,"intercept,P:9.9,P:9.6,P:10.0,B:9.0,B:9.7,B:10.1,B:10.2,B:10.6,B:10.10,B:11.2,B:11.9,E:10.7,E:11.10,P_count_eq_1,P_count_eq_2,P_count_eq_3,B_count_eq_1,B_count_2_3,B_count_4_5,B_count_6_8,E_count_eq_1,E_count_eq_2,B_E_count",24,388
count_plus_all_pairs,239,0.22144913804473437,0.273510028252325,0.9078906362839705,"intercept,P:9.9,P:9.6,P:10.0,B:9.0,B:9.7,B:10.1,B:10.2,B:10.6,B:10.10,B:11.2,B:11.9,E:10.7,E:11.10,P_count_eq_1,P_count_eq_2,P_count_eq_3,B_count_eq_1,B_count_2_3,B_count_4_5,B_count_6_8,E_count_eq_1,E_count_eq_2,P_B_count,P_E_count,B_E_count",26,388
additive_head,239,0.38746581569534955,0.454792037057917,0.7436784837603543,"intercept,P:9.9,P:9.6,P:10.0,B:9.0,B:9.7,B:10.1,B:10.2,B:10.6,B:10.10,B:11.2,B:11.9,E:10.7,E:11.10",14,389
count_additive,239,0.39121684942994656,0.4604740652132938,0.737233673752711,"intercept,P:9.9,P:9.6,P:10.0,B:9.0,B:9.7,B:10.1,B:10.2,B:10.6,B:10.10,B:11.2,B:11.9,E:10.7,E:11.10,P_count_eq_1,P_count_eq_2,P_count_eq_3,B_count_eq_1,B_count_2_3,B_count_4_5,B_count_6_8,E_count_eq_1,E_count_eq_2",23,389
count_plus_PB_count,239,0.38374220052549707,0.44409853448579995,0.755590524299383,"intercept,P:9.9,P:9.6,P:10.0,B:9.0,B:9.7,B:10.1,B:10.2,B:10.6,B:10.10,B:11.2,B:11.9,E:10.7,E:11.10,P_count_eq_1,P_count_eq_2,P_count_eq_3,B_count_eq_1,B_count_2_3,B_count_4_5,B_count_6_8,E_count_eq_1,E_count_eq_2,P_B_count",24,389
count_plus_PE_count,239,0.2578197560548882,0.3126744673574386,0.8788442035887706,"intercept,P:9.9,P:9.6,P:10.0,B:9.0,B:9.7,B:10.1,B:10.2,B:10.6,B:10.10,B:11.2,B:11.9,E:10.7,E:11.10,P_count_eq_1,P_count_eq_2,P_count_eq_3,B_count_eq_1,B_count_2_3,B_count_4_5,B_count_6_8,E_count_eq_1,E_count_eq_2,P_E_count",24,389
count_plus_BE_count,239,0.39028610102887756,0.4561249988114355,0.7421737631413821,"intercept,P:9.9,P:9.6,P:10.0,B:9.0,B:9.7,B:10.1,B:10.2,B:10.6,B:10.10,B:11.2,B:11.9,E:10.7,E:11.10,P_count_eq_1,P_count_eq_2,P_count_eq_3,B_count_eq_1,B_count_2_3,B_count_4_5,B_count_6_8,E_count_eq_1,E_count_eq_2,B_E_count",24,389
count_plus_all_pairs,239,0.23353977159695818,0.288979965056819,0.8965108481197006,"intercept,P:9.9,P:9.6,P:10.0,B:9.0,B:9.7,B:10.1,B:10.2,B:10.6,B:10.10,B:11.2,B:11.9,E:10.7,E:11.10,P_count_eq_1,P_count_eq_2,P_count_eq_3,B_count_eq_1,B_count_2_3,B_count_4_5,B_count_6_8,E_count_eq_1,E_count_eq_2,P_B_count,P_E_count,B_E_count",26,389
additive_head,239,0.36673595843106394,0.43315632191117426,0.7738241515733906,"intercept,P:9.9,P:9.6,P:10.0,B:9.0,B:9.7,B:10.1,B:10.2,B:10.6,B:10.10,B:11.2,B:11.9,E:10.7,E:11.10",14,390
count_additive,239,0.36954013720559065,0.43732066699520694,0.7694543580240258,"intercept,P:9.9,P:9.6,P:10.0,B:9.0,B:9.7,B:10.1,B:10.2,B:10.6,B:10.10,B:11.2,B:11.9,E:10.7,E:11.10,P_count_eq_1,P_count_eq_2,P_count_eq_3,B_count_eq_1,B_count_2_3,B_count_4_5,B_count_6_8,E_count_eq_1,E_count_eq_2",23,390
count_plus_PB_count,239,0.35969422721067934,0.4189337036374021,0.7884332006844911,"intercept,P:9.9,P:9.6,P:10.0,B:9.0,B:9.7,B:10.1,B:10.2,B:10.6,B:10.10,B:11.2,B:11.9,E:10.7,E:11.10,P_count_eq_1,P_count_eq_2,P_count_eq_3,B_count_eq_1,B_count_2_3,B_count_4_5,B_count_6_8,E_count_eq_1,E_count_eq_2,P_B_count",24,390
count_plus_PE_count,239,0.2454533945323411,0.29782819308246405,0.8930727181899255,"intercept,P:9.9,P:9.6,P:10.0,B:9.0,B:9.7,B:10.1,B:10.2,B:10.6,B:10.10,B:11.2,B:11.9,E:10.7,E:11.10,P_count_eq_1,P_count_eq_2,P_count_eq_3,B_count_eq_1,B_count_2_3,B_count_4_5,B_count_6_8,E_count_eq_1,E_count_eq_2,P_E_count",24,390
count_plus_BE_count,239,0.36600837193120805,0.431728383330288,0.7753129114591263,"intercept,P:9.9,P:9.6,P:10.0,B:9.0,B:9.7,B:10.1,B:10.2,B:10.6,B:10.10,B:11.2,B:11.9,E:10.7,E:11.10,P_count_eq_1,P_count_eq_2,P_count_eq_3,B_count_eq_1,B_count_2_3,B_count_4_5,B_count_6_8,E_count_eq_1,E_count_eq_2,B_E_count",24,390
count_plus_all_pairs,239,0.21891786343425565,0.27025176858350747,0.9119571681411106,"intercept,P:9.9,P:9.6,P:10.0,B:9.0,B:9.7,B:10.1,B:10.2,B:10.6,B:10.10,B:11.2,B:11.9,E:10.7,E:11.10,P_count_eq_1,P_count_eq_2,P_count_eq_3,B_count_eq_1,B_count_2_3,B_count_4_5,B_count_6_8,E_count_eq_1,E_count_eq_2,P_B_count,P_E_count,B_E_count",26,390
additive_head,239,0.36254280480826334,0.42845066724868835,0.766037296036478,"intercept,P:9.9,P:9.6,P:10.0,B:9.0,B:9.7,B:10.1,B:10.2,B:10.6,B:10.10,B:11.2,B:11.9,E:10.7,E:11.10",14,391
count_additive,239,0.36592638458476184,0.4334155342255252,0.7605835808729634,"intercept,P:9.9,P:9.6,P:10.0,B:9.0,B:9.7,B:10.1,B:10.2,B:10.6,B:10.10,B:11.2,B:11.9,E:10.7,E:11.10,P_count_eq_1,P_count_eq_2,P_count_eq_3,B_count_eq_1,B_count_2_3,B_count_4_5,B_count_6_8,E_count_eq_1,E_count_eq_2",23,391
count_plus_PB_count,239,0.3571825838564158,0.41621156928968966,0.7792131105941944,"intercept,P:9.9,P:9.6,P:10.0,B:9.0,B:9.7,B:10.1,B:10.2,B:10.6,B:10.10,B:11.2,B:11.9,E:10.7,E:11.10,P_count_eq_1,P_count_eq_2,P_count_eq_3,B_count_eq_1,B_count_2_3,B_count_4_5,B_count_6_8,E_count_eq_1,E_count_eq_2,P_B_count",24,391
count_plus_PE_count,239,0.24068706779854845,0.2927037625849175,0.8908052910090154,"intercept,P:9.9,P:9.6,P:10.0,B:9.0,B:9.7,B:10.1,B:10.2,B:10.6,B:10.10,B:11.2,B:11.9,E:10.7,E:11.10,P_count_eq_1,P_count_eq_2,P_count_eq_3,B_count_eq_1,B_count_2_3,B_count_4_5,B_count_6_8,E_count_eq_1,E_count_eq_2,P_E_count",24,391
count_plus_BE_count,239,0.3632607024661599,0.42909228414186956,0.7653360399292954,"intercept,P:9.9,P:9.6,P:10.0,B:9.0,B:9.7,B:10.1,B:10.2,B:10.6,B:10.10,B:11.2,B:11.9,E:10.7,E:11.10,P_count_eq_1,P_count_eq_2,P_count_eq_3,B_count_eq_1,B_count_2_3,B_count_4_5,B_count_6_8,E_count_eq_1,E_count_eq_2,B_E_count",24,391
count_plus_all_pairs,239,0.2166909233532279,0.2676881978160597,0.9086721081781627,"intercept,P:9.9,P:9.6,P:10.0,B:9.0,B:9.7,B:10.1,B:10.2,B:10.6,B:10.10,B:11.2,B:11.9,E:10.7,E:11.10,P_count_eq_1,P_count_eq_2,P_count_eq_3,B_count_eq_1,B_count_2_3,B_count_4_5,B_count_6_8,E_count_eq_1,E_count_eq_2,P_B_count,P_E_count,B_E_count",26,391
additive_head,239,0.3822148818715423,0.4502306610301581,0.7666719088542928,"intercept,P:9.9,P:9.6,P:10.0,B:9.0,B:9.7,B:10.1,B:10.2,B:10.6,B:10.10,B:11.2,B:11.9,E:10.7,E:11.10",14,392
count_additive,239,0.3856443317780802,0.4553843657072998,0.7612996115100636,"intercept,P:9.9,P:9.6,P:10.0,B:9.0,B:9.7,B:10.1,B:10.2,B:10.6,B:10.10,B:11.2,B:11.9,E:10.7,E:11.10,P_count_eq_1,P_count_eq_2,P_count_eq_3,B_count_eq_1,B_count_2_3,B_count_4_5,B_count_6_8,E_count_eq_1,E_count_eq_2",23,392
count_plus_PB_count,239,0.3745572417122444,0.43571626860569024,0.7814733315570109,"intercept,P:9.9,P:9.6,P:10.0,B:9.0,B:9.7,B:10.1,B:10.2,B:10.6,B:10.10,B:11.2,B:11.9,E:10.7,E:11.10,P_count_eq_1,P_count_eq_2,P_count_eq_3,B_count_eq_1,B_count_2_3,B_count_4_5,B_count_6_8,E_count_eq_1,E_count_eq_2,P_B_count",24,392
count_plus_PE_count,239,0.2586483288961723,0.3127094144939722,0.8874413680425848,"intercept,P:9.9,P:9.6,P:10.0,B:9.0,B:9.7,B:10.1,B:10.2,B:10.6,B:10.10,B:11.2,B:11.9,E:10.7,E:11.10,P_count_eq_1,P_count_eq_2,P_count_eq_3,B_count_eq_1,B_count_2_3,B_count_4_5,B_count_6_8,E_count_eq_1,E_count_eq_2,P_E_count",24,392
count_plus_BE_count,239,0.38288103081222086,0.4512215855784789,0.7656437026833359,"intercept,P:9.9,P:9.6,P:10.0,B:9.0,B:9.7,B:10.1,B:10.2,B:10.6,B:10.10,B:11.2,B:11.9,E:10.7,E:11.10,P_count_eq_1,P_count_eq_2,P_count_eq_3,B_count_eq_1,B_count_2_3,B_count_4_5,B_count_6_8,E_count_eq_1,E_count_eq_2,B_E_count",24,392
count_plus_all_pairs,239,0.23123539924444528,0.2853636740006203,0.9062666219378873,"intercept,P:9.9,P:9.6,P:10.0,B:9.0,B:9.7,B:10.1,B:10.2,B:10.6,B:10.10,B:11.2,B:11.9,E:10.7,E:11.10,P_count_eq_1,P_count_eq_2,P_count_eq_3,B_count_eq_1,B_count_2_3,B_count_4_5,B_count_6_8,E_count_eq_1,E_count_eq_2,P_B_count,P_E_count,B_E_count",26,392
additive_head,239,0.3866138894430885,0.45547084893034573,0.7597711615723495,"intercept,P:9.9,P:9.6,P:10.0,B:9.0,B:9.7,B:10.1,B:10.2,B:10.6,B:10.10,B:11.2,B:11.9,E:10.7,E:11.10",14,393
count_additive,239,0.3892756182767286,0.46049750580602333,0.7544394864425691,"intercept,P:9.9,P:9.6,P:10.0,B:9.0,B:9.7,B:10.1,B:10.2,B:10.6,B:10.10,B:11.2,B:11.9,E:10.7,E:11.10,P_count_eq_1,P_count_eq_2,P_count_eq_3,B_count_eq_1,B_count_2_3,B_count_4_5,B_count_6_8,E_count_eq_1,E_count_eq_2",23,393
count_plus_PB_count,239,0.3791817266652073,0.44131332088347147,0.7744732602227001,"intercept,P:9.9,P:9.6,P:10.0,B:9.0,B:9.7,B:10.1,B:10.2,B:10.6,B:10.10,B:11.2,B:11.9,E:10.7,E:11.10,P_count_eq_1,P_count_eq_2,P_count_eq_3,B_count_eq_1,B_count_2_3,B_count_4_5,B_count_6_8,E_count_eq_1,E_count_eq_2,P_B_count",24,393
count_plus_PE_count,239,0.25914447565557364,0.31395480348582816,0.8858599042117621,"intercept,P:9.9,P:9.6,P:10.0,B:9.0,B:9.7,B:10.1,B:10.2,B:10.6,B:10.10,B:11.2,B:11.9,E:10.7,E:11.10,P_count_eq_1,P_count_eq_2,P_count_eq_3,B_count_eq_1,B_count_2_3,B_count_4_5,B_count_6_8,E_count_eq_1,E_count_eq_2,P_E_count",24,393
count_plus_BE_count,239,0.386489196187503,0.45518272212510946,0.760074998689808,"intercept,P:9.9,P:9.6,P:10.0,B:9.0,B:9.7,B:10.1,B:10.2,B:10.6,B:10.10,B:11.2,B:11.9,E:10.7,E:11.10,P_count_eq_1,P_count_eq_2,P_count_eq_3,B_count_eq_1,B_count_2_3,B_count_4_5,B_count_6_8,E_count_eq_1,E_count_eq_2,B_E_count",24,393
count_plus_all_pairs,239,0.23126065302997825,0.28590553809960106,0.9053437915839606,"intercept,P:9.9,P:9.6,P:10.0,B:9.0,B:9.7,B:10.1,B:10.2,B:10.6,B:10.10,B:11.2,B:11.9,E:10.7,E:11.10,P_count_eq_1,P_count_eq_2,P_count_eq_3,B_count_eq_1,B_count_2_3,B_count_4_5,B_count_6_8,E_count_eq_1,E_count_eq_2,P_B_count,P_E_count,B_E_count",26,393
additive_head,239,0.39583645381178456,0.4677436944364907,0.7578377597109183,"intercept,P:9.9,P:9.6,P:10.0,B:9.0,B:9.7,B:10.1,B:10.2,B:10.6,B:10.10,B:11.2,B:11.9,E:10.7,E:11.10",14,394
count_additive,239,0.39897657083922267,0.4729431424698714,0.752424076342595,"intercept,P:9.9,P:9.6,P:10.0,B:9.0,B:9.7,B:10.1,B:10.2,B:10.6,B:10.10,B:11.2,B:11.9,E:10.7,E:11.10,P_count_eq_1,P_count_eq_2,P_count_eq_3,B_count_eq_1,B_count_2_3,B_count_4_5,B_count_6_8,E_count_eq_1,E_count_eq_2",23,394
count_plus_PB_count,239,0.3872651042186062,0.452048939665735,0.7738162228149773,"intercept,P:9.9,P:9.6,P:10.0,B:9.0,B:9.7,B:10.1,B:10.2,B:10.6,B:10.10,B:11.2,B:11.9,E:10.7,E:11.10,P_count_eq_1,P_count_eq_2,P_count_eq_3,B_count_eq_1,B_count_2_3,B_count_4_5,B_count_6_8,E_count_eq_1,E_count_eq_2,P_B_count",24,394
count_plus_PE_count,239,0.2658990950031188,0.32249035890646693,0.8848870950475046,"intercept,P:9.9,P:9.6,P:10.0,B:9.0,B:9.7,B:10.1,B:10.2,B:10.6,B:10.10,B:11.2,B:11.9,E:10.7,E:11.10,P_count_eq_1,P_count_eq_2,P_count_eq_3,B_count_eq_1,B_count_2_3,B_count_4_5,B_count_6_8,E_count_eq_1,E_count_eq_2,P_E_count",24,394
count_plus_BE_count,239,0.39511619215988214,0.46731704021392895,0.7582793366768179,"intercept,P:9.9,P:9.6,P:10.0,B:9.0,B:9.7,B:10.1,B:10.2,B:10.6,B:10.10,B:11.2,B:11.9,E:10.7,E:11.10,P_count_eq_1,P_count_eq_2,P_count_eq_3,B_count_eq_1,B_count_2_3,B_count_4_5,B_count_6_8,E_count_eq_1,E_count_eq_2,B_E_count",24,394
count_plus_all_pairs,239,0.23641168937691798,0.29191093738702956,0.9056827178448053,"intercept,P:9.9,P:9.6,P:10.0,B:9.0,B:9.7,B:10.1,B:10.2,B:10.6,B:10.10,B:11.2,B:11.9,E:10.7,E:11.10,P_count_eq_1,P_count_eq_2,P_count_eq_3,B_count_eq_1,B_count_2_3,B_count_4_5,B_count_6_8,E_count_eq_1,E_count_eq_2,P_B_count,P_E_count,B_E_count",26,394
additive_head,239,0.39955954859465426,0.4686410902622755,0.7616012179415771,"intercept,P:9.9,P:9.6,P:10.0,B:9.0,B:9.7,B:10.1,B:10.2,B:10.6,B:10.10,B:11.2,B:11.9,E:10.7,E:11.10",14,395
count_additive,239,0.4035690786593995,0.47477874835105305,0.755315845761774,"intercept,P:9.9,P:9.6,P:10.0,B:9.0,B:9.7,B:10.1,B:10.2,B:10.6,B:10.10,B:11.2,B:11.9,E:10.7,E:11.10,P_count_eq_1,P_count_eq_2,P_count_eq_3,B_count_eq_1,B_count_2_3,B_count_4_5,B_count_6_8,E_count_eq_1,E_count_eq_2",23,395
count_plus_PB_count,239,0.394672362118784,0.45707233777454476,0.7732260421964348,"intercept,P:9.9,P:9.6,P:10.0,B:9.0,B:9.7,B:10.1,B:10.2,B:10.6,B:10.10,B:11.2,B:11.9,E:10.7,E:11.10,P_count_eq_1,P_count_eq_2,P_count_eq_3,B_count_eq_1,B_count_2_3,B_count_4_5,B_count_6_8,E_count_eq_1,E_count_eq_2,P_B_count",24,395
count_plus_PE_count,239,0.26766320751137695,0.32393511004198755,0.886095902595857,"intercept,P:9.9,P:9.6,P:10.0,B:9.0,B:9.7,B:10.1,B:10.2,B:10.6,B:10.10,B:11.2,B:11.9,E:10.7,E:11.10,P_count_eq_1,P_count_eq_2,P_count_eq_3,B_count_eq_1,B_count_2_3,B_count_4_5,B_count_6_8,E_count_eq_1,E_count_eq_2,P_E_count",24,395
count_plus_BE_count,239,0.4017554873416042,0.46922553464465194,0.7610062308101295,"intercept,P:9.9,P:9.6,P:10.0,B:9.0,B:9.7,B:10.1,B:10.2,B:10.6,B:10.10,B:11.2,B:11.9,E:10.7,E:11.10,P_count_eq_1,P_count_eq_2,P_count_eq_3,B_count_eq_1,B_count_2_3,B_count_4_5,B_count_6_8,E_count_eq_1,E_count_eq_2,B_E_count",24,395
count_plus_all_pairs,239,0.2408597619920506,0.2975947543354163,0.9038667009791396,"intercept,P:9.9,P:9.6,P:10.0,B:9.0,B:9.7,B:10.1,B:10.2,B:10.6,B:10.10,B:11.2,B:11.9,E:10.7,E:11.10,P_count_eq_1,P_count_eq_2,P_count_eq_3,B_count_eq_1,B_count_2_3,B_count_4_5,B_count_6_8,E_count_eq_1,E_count_eq_2,P_B_count,P_E_count,B_E_count",26,395
additive_head,239,0.3874496500365249,0.4579053505739437,0.754478479925671,"intercept,P:9.9,P:9.6,P:10.0,B:9.0,B:9.7,B:10.1,B:10.2,B:10.6,B:10.10,B:11.2,B:11.9,E:10.7,E:11.10",14,396
count_additive,239,0.39056530185677696,0.46258528980029073,0.7494342169707927,"intercept,P:9.9,P:9.6,P:10.0,B:9.0,B:9.7,B:10.1,B:10.2,B:10.6,B:10.10,B:11.2,B:11.9,E:10.7,E:11.10,P_count_eq_1,P_count_eq_2,P_count_eq_3,B_count_eq_1,B_count_2_3,B_count_4_5,B_count_6_8,E_count_eq_1,E_count_eq_2",23,396
count_plus_PB_count,239,0.38064776108584086,0.4435391675979281,0.7696426456963587,"intercept,P:9.9,P:9.6,P:10.0,B:9.0,B:9.7,B:10.1,B:10.2,B:10.6,B:10.10,B:11.2,B:11.9,E:10.7,E:11.10,P_count_eq_1,P_count_eq_2,P_count_eq_3,B_count_eq_1,B_count_2_3,B_count_4_5,B_count_6_8,E_count_eq_1,E_count_eq_2,P_B_count",24,396
count_plus_PE_count,239,0.2610233374064573,0.31672820063235363,0.8825341583493342,"intercept,P:9.9,P:9.6,P:10.0,B:9.0,B:9.7,B:10.1,B:10.2,B:10.6,B:10.10,B:11.2,B:11.9,E:10.7,E:11.10,P_count_eq_1,P_count_eq_2,P_count_eq_3,B_count_eq_1,B_count_2_3,B_count_4_5,B_count_6_8,E_count_eq_1,E_count_eq_2,P_E_count",24,396
count_plus_BE_count,239,0.3871815553554526,0.45697310508786637,0.7554771724926092,"intercept,P:9.9,P:9.6,P:10.0,B:9.0,B:9.7,B:10.1,B:10.2,B:10.6,B:10.10,B:11.2,B:11.9,E:10.7,E:11.10,P_count_eq_1,P_count_eq_2,P_count_eq_3,B_count_eq_1,B_count_2_3,B_count_4_5,B_count_6_8,E_count_eq_1,E_count_eq_2,B_E_count",24,396
count_plus_all_pairs,239,0.23381339204286714,0.2884242176420075,0.9025904416468422,"intercept,P:9.9,P:9.6,P:10.0,B:9.0,B:9.7,B:10.1,B:10.2,B:10.6,B:10.10,B:11.2,B:11.9,E:10.7,E:11.10,P_count_eq_1,P_count_eq_2,P_count_eq_3,B_count_eq_1,B_count_2_3,B_count_4_5,B_count_6_8,E_count_eq_1,E_count_eq_2,P_B_count,P_E_count,B_E_count",26,396
additive_head,239,0.39505084965768067,0.4657597164067651,0.760379379437679,"intercept,P:9.9,P:9.6,P:10.0,B:9.0,B:9.7,B:10.1,B:10.2,B:10.6,B:10.10,B:11.2,B:11.9,E:10.7,E:11.10",14,397
count_additive,239,0.39852773751076415,0.47045643868929826,0.7555223430932215,"intercept,P:9.9,P:9.6,P:10.0,B:9.0,B:9.7,B:10.1,B:10.2,B:10.6,B:10.10,B:11.2,B:11.9,E:10.7,E:11.10,P_count_eq_1,P_count_eq_2,P_count_eq_3,B_count_eq_1,B_count_2_3,B_count_4_5,B_count_6_8,E_count_eq_1,E_count_eq_2",23,397
count_plus_PB_count,239,0.3888686377730185,0.45201008259324016,0.7743181745857932,"intercept,P:9.9,P:9.6,P:10.0,B:9.0,B:9.7,B:10.1,B:10.2,B:10.6,B:10.10,B:11.2,B:11.9,E:10.7,E:11.10,P_count_eq_1,P_count_eq_2,P_count_eq_3,B_count_eq_1,B_count_2_3,B_count_4_5,B_count_6_8,E_count_eq_1,E_count_eq_2,P_B_count",24,397
count_plus_PE_count,239,0.2627173063226014,0.31843428238678756,0.8879943383201588,"intercept,P:9.9,P:9.6,P:10.0,B:9.0,B:9.7,B:10.1,B:10.2,B:10.6,B:10.10,B:11.2,B:11.9,E:10.7,E:11.10,P_count_eq_1,P_count_eq_2,P_count_eq_3,B_count_eq_1,B_count_2_3,B_count_4_5,B_count_6_8,E_count_eq_1,E_count_eq_2,P_E_count",24,397
count_plus_BE_count,239,0.3959063145606041,0.46471947114007384,0.7614485395626677,"intercept,P:9.9,P:9.6,P:10.0,B:9.0,B:9.7,B:10.1,B:10.2,B:10.6,B:10.10,B:11.2,B:11.9,E:10.7,E:11.10,P_count_eq_1,P_count_eq_2,P_count_eq_3,B_count_eq_1,B_count_2_3,B_count_4_5,B_count_6_8,E_count_eq_1,E_count_eq_2,B_E_count",24,397
count_plus_all_pairs,239,0.23536323216576252,0.290657278334267,0.9066825749969576,"intercept,P:9.9,P:9.6,P:10.0,B:9.0,B:9.7,B:10.1,B:10.2,B:10.6,B:10.10,B:11.2,B:11.9,E:10.7,E:11.10,P_count_eq_1,P_count_eq_2,P_count_eq_3,B_count_eq_1,B_count_2_3,B_count_4_5,B_count_6_8,E_count_eq_1,E_count_eq_2,P_B_count,P_E_count,B_E_count",26,397
additive_head,239,0.3680034865674317,0.43709965137063744,0.7651094674759914,"intercept,P:9.9,P:9.6,P:10.0,B:9.0,B:9.7,B:10.1,B:10.2,B:10.6,B:10.10,B:11.2,B:11.9,E:10.7,E:11.10",14,398
count_additive,239,0.3709919762448897,0.44156004045588204,0.7602911208380825,"intercept,P:9.9,P:9.6,P:10.0,B:9.0,B:9.7,B:10.1,B:10.2,B:10.6,B:10.10,B:11.2,B:11.9,E:10.7,E:11.10,P_count_eq_1,P_count_eq_2,P_count_eq_3,B_count_eq_1,B_count_2_3,B_count_4_5,B_count_6_8,E_count_eq_1,E_count_eq_2",23,398
count_plus_PB_count,239,0.3600785740275535,0.4215087744158863,0.7815672107098119,"intercept,P:9.9,P:9.6,P:10.0,B:9.0,B:9.7,B:10.1,B:10.2,B:10.6,B:10.10,B:11.2,B:11.9,E:10.7,E:11.10,P_count_eq_1,P_count_eq_2,P_count_eq_3,B_count_eq_1,B_count_2_3,B_count_4_5,B_count_6_8,E_count_eq_1,E_count_eq_2,P_B_count",24,398
count_plus_PE_count,239,0.24863055782058455,0.30318468525139364,0.8869894177858301,"intercept,P:9.9,P:9.6,P:10.0,B:9.0,B:9.7,B:10.1,B:10.2,B:10.6,B:10.10,B:11.2,B:11.9,E:10.7,E:11.10,P_count_eq_1,P_count_eq_2,P_count_eq_3,B_count_eq_1,B_count_2_3,B_count_4_5,B_count_6_8,E_count_eq_1,E_count_eq_2,P_E_count",24,398
count_plus_BE_count,239,0.367622238283523,0.4366018002183177,0.7656442376365619,"intercept,P:9.9,P:9.6,P:10.0,B:9.0,B:9.7,B:10.1,B:10.2,B:10.6,B:10.10,B:11.2,B:11.9,E:10.7,E:11.10,P_count_eq_1,P_count_eq_2,P_count_eq_3,B_count_eq_1,B_count_2_3,B_count_4_5,B_count_6_8,E_count_eq_1,E_count_eq_2,B_E_count",24,398
count_plus_all_pairs,239,0.2216343510910571,0.2741701840270592,0.9075844527884236,"intercept,P:9.9,P:9.6,P:10.0,B:9.0,B:9.7,B:10.1,B:10.2,B:10.6,B:10.10,B:11.2,B:11.9,E:10.7,E:11.10,P_count_eq_1,P_count_eq_2,P_count_eq_3,B_count_eq_1,B_count_2_3,B_count_4_5,B_count_6_8,E_count_eq_1,E_count_eq_2,P_B_count,P_E_count,B_E_count",26,398
additive_head,239,0.3604099242741334,0.42447477708389225,0.7581371054122665,"intercept,P:9.9,P:9.6,P:10.0,B:9.0,B:9.7,B:10.1,B:10.2,B:10.6,B:10.10,B:11.2,B:11.9,E:10.7,E:11.10",14,399
count_additive,239,0.36287616871827566,0.4293100401122297,0.7525955204057944,"intercept,P:9.9,P:9.6,P:10.0,B:9.0,B:9.7,B:10.1,B:10.2,B:10.6,B:10.10,B:11.2,B:11.9,E:10.7,E:11.10,P_count_eq_1,P_count_eq_2,P_count_eq_3,B_count_eq_1,B_count_2_3,B_count_4_5,B_count_6_8,E_count_eq_1,E_count_eq_2",23,399
count_plus_PB_count,239,0.35440487078814964,0.41255326937874875,0.7715319186396571,"intercept,P:9.9,P:9.6,P:10.0,B:9.0,B:9.7,B:10.1,B:10.2,B:10.6,B:10.10,B:11.2,B:11.9,E:10.7,E:11.10,P_count_eq_1,P_count_eq_2,P_count_eq_3,B_count_eq_1,B_count_2_3,B_count_4_5,B_count_6_8,E_count_eq_1,E_count_eq_2,P_B_count",24,399
count_plus_PE_count,239,0.2407803991476223,0.2925931885294701,0.8850804566331423,"intercept,P:9.9,P:9.6,P:10.0,B:9.0,B:9.7,B:10.1,B:10.2,B:10.6,B:10.10,B:11.2,B:11.9,E:10.7,E:11.10,P_count_eq_1,P_count_eq_2,P_count_eq_3,B_count_eq_1,B_count_2_3,B_count_4_5,B_count_6_8,E_count_eq_1,E_count_eq_2,P_E_count",24,399
count_plus_BE_count,239,0.3595449070215658,0.4234027831303238,0.7593571928218255,"intercept,P:9.9,P:9.6,P:10.0,B:9.0,B:9.7,B:10.1,B:10.2,B:10.6,B:10.10,B:11.2,B:11.9,E:10.7,E:11.10,P_count_eq_1,P_count_eq_2,P_count_eq_3,B_count_eq_1,B_count_2_3,B_count_4_5,B_count_6_8,E_count_eq_1,E_count_eq_2,B_E_count",24,399
count_plus_all_pairs,239,0.21584562321638126,0.26672789193862656,0.9045002282855045,"intercept,P:9.9,P:9.6,P:10.0,B:9.0,B:9.7,B:10.1,B:10.2,B:10.6,B:10.10,B:11.2,B:11.9,E:10.7,E:11.10,P_count_eq_1,P_count_eq_2,P_count_eq_3,B_count_eq_1,B_count_2_3,B_count_4_5,B_count_6_8,E_count_eq_1,E_count_eq_2,P_B_count,P_E_count,B_E_count",26,399
additive_head,239,0.3833996106107878,0.4530593634665369,0.7588621928730915,"intercept,P:9.9,P:9.6,P:10.0,B:9.0,B:9.7,B:10.1,B:10.2,B:10.6,B:10.10,B:11.2,B:11.9,E:10.7,E:11.10",14,400
count_additive,239,0.3863346776412068,0.45747364038033095,0.7541403628203884,"intercept,P:9.9,P:9.6,P:10.0,B:9.0,B:9.7,B:10.1,B:10.2,B:10.6,B:10.10,B:11.2,B:11.9,E:10.7,E:11.10,P_count_eq_1,P_count_eq_2,P_count_eq_3,B_count_eq_1,B_count_2_3,B_count_4_5,B_count_6_8,E_count_eq_1,E_count_eq_2",23,400
count_plus_PB_count,239,0.37697368703804324,0.4385285368442593,0.7740820148706898,"intercept,P:9.9,P:9.6,P:10.0,B:9.0,B:9.7,B:10.1,B:10.2,B:10.6,B:10.10,B:11.2,B:11.9,E:10.7,E:11.10,P_count_eq_1,P_count_eq_2,P_count_eq_3,B_count_eq_1,B_count_2_3,B_count_4_5,B_count_6_8,E_count_eq_1,E_count_eq_2,P_B_count",24,400
count_plus_PE_count,239,0.2547209978052948,0.30972557528530836,0.8873038128599111,"intercept,P:9.9,P:9.6,P:10.0,B:9.0,B:9.7,B:10.1,B:10.2,B:10.6,B:10.10,B:11.2,B:11.9,E:10.7,E:11.10,P_count_eq_1,P_count_eq_2,P_count_eq_3,B_count_eq_1,B_count_2_3,B_count_4_5,B_count_6_8,E_count_eq_1,E_count_eq_2,P_E_count",24,400
count_plus_BE_count,239,0.38317314505678374,0.45225579771159097,0.7597168192647954,"intercept,P:9.9,P:9.6,P:10.0,B:9.0,B:9.7,B:10.1,B:10.2,B:10.6,B:10.10,B:11.2,B:11.9,E:10.7,E:11.10,P_count_eq_1,P_count_eq_2,P_count_eq_3,B_count_eq_1,B_count_2_3,B_count_4_5,B_count_6_8,E_count_eq_1,E_count_eq_2,B_E_count",24,400
count_plus_all_pairs,239,0.2279509079333249,0.2816588500048702,0.9068030092200701,"intercept,P:9.9,P:9.6,P:10.0,B:9.0,B:9.7,B:10.1,B:10.2,B:10.6,B:10.10,B:11.2,B:11.9,E:10.7,E:11.10,P_count_eq_1,P_count_eq_2,P_count_eq_3,B_count_eq_1,B_count_2_3,B_count_4_5,B_count_6_8,E_count_eq_1,E_count_eq_2,P_B_count,P_E_count,B_E_count",26,400
additive_head,239,0.38830441530221427,0.4583172606683521,0.7748470850393353,"intercept,P:9.9,P:9.6,P:10.0,B:9.0,B:9.7,B:10.1,B:10.2,B:10.6,B:10.10,B:11.2,B:11.9,E:10.7,E:11.10",14,401
count_additive,239,0.3912785325033754,0.4632405279276098,0.769983896208311,"intercept,P:9.9,P:9.6,P:10.0,B:9.0,B:9.7,B:10.1,B:10.2,B:10.6,B:10.10,B:11.2,B:11.9,E:10.7,E:11.10,P_count_eq_1,P_count_eq_2,P_count_eq_3,B_count_eq_1,B_count_2_3,B_count_4_5,B_count_6_8,E_count_eq_1,E_count_eq_2",23,401
count_plus_PB_count,239,0.3801211398140836,0.44316445915018826,0.7894889031032275,"intercept,P:9.9,P:9.6,P:10.0,B:9.0,B:9.7,B:10.1,B:10.2,B:10.6,B:10.10,B:11.2,B:11.9,E:10.7,E:11.10,P_count_eq_1,P_count_eq_2,P_count_eq_3,B_count_eq_1,B_count_2_3,B_count_4_5,B_count_6_8,E_count_eq_1,E_count_eq_2,P_B_count",24,401
count_plus_PE_count,239,0.26078749360639836,0.3163405475731185,0.892735781972905,"intercept,P:9.9,P:9.6,P:10.0,B:9.0,B:9.7,B:10.1,B:10.2,B:10.6,B:10.10,B:11.2,B:11.9,E:10.7,E:11.10,P_count_eq_1,P_count_eq_2,P_count_eq_3,B_count_eq_1,B_count_2_3,B_count_4_5,B_count_6_8,E_count_eq_1,E_count_eq_2,P_E_count",24,401
count_plus_BE_count,239,0.38863317145706233,0.45891363229339527,0.774260756825896,"intercept,P:9.9,P:9.6,P:10.0,B:9.0,B:9.7,B:10.1,B:10.2,B:10.6,B:10.10,B:11.2,B:11.9,E:10.7,E:11.10,P_count_eq_1,P_count_eq_2,P_count_eq_3,B_count_eq_1,B_count_2_3,B_count_4_5,B_count_6_8,E_count_eq_1,E_count_eq_2,B_E_count",24,401
count_plus_all_pairs,239,0.23334587486370384,0.2881822852777989,0.9109816154068462,"intercept,P:9.9,P:9.6,P:10.0,B:9.0,B:9.7,B:10.1,B:10.2,B:10.6,B:10.10,B:11.2,B:11.9,E:10.7,E:11.10,P_count_eq_1,P_count_eq_2,P_count_eq_3,B_count_eq_1,B_count_2_3,B_count_4_5,B_count_6_8,E_count_eq_1,E_count_eq_2,P_B_count,P_E_count,B_E_count",26,401
additive_head,239,0.37350801378365234,0.44326966588870426,0.7525496402154342,"intercept,P:9.9,P:9.6,P:10.0,B:9.0,B:9.7,B:10.1,B:10.2,B:10.6,B:10.10,B:11.2,B:11.9,E:10.7,E:11.10",14,402
count_additive,239,0.37624771941926066,0.44744997121807767,0.7478604149573254,"intercept,P:9.9,P:9.6,P:10.0,B:9.0,B:9.7,B:10.1,B:10.2,B:10.6,B:10.10,B:11.2,B:11.9,E:10.7,E:11.10,P_count_eq_1,P_count_eq_2,P_count_eq_3,B_count_eq_1,B_count_2_3,B_count_4_5,B_count_6_8,E_count_eq_1,E_count_eq_2",23,402
count_plus_PB_count,239,0.3669827465421804,0.4285299661856481,0.7687325786443695,"intercept,P:9.9,P:9.6,P:10.0,B:9.0,B:9.7,B:10.1,B:10.2,B:10.6,B:10.10,B:11.2,B:11.9,E:10.7,E:11.10,P_count_eq_1,P_count_eq_2,P_count_eq_3,B_count_eq_1,B_count_2_3,B_count_4_5,B_count_6_8,E_count_eq_1,E_count_eq_2,P_B_count",24,402
count_plus_PE_count,239,0.24751188944667094,0.3015686642224236,0.8854686210986296,"intercept,P:9.9,P:9.6,P:10.0,B:9.0,B:9.7,B:10.1,B:10.2,B:10.6,B:10.10,B:11.2,B:11.9,E:10.7,E:11.10,P_count_eq_1,P_count_eq_2,P_count_eq_3,B_count_eq_1,B_count_2_3,B_count_4_5,B_count_6_8,E_count_eq_1,E_count_eq_2,P_E_count",24,402
count_plus_BE_count,239,0.3733744342500225,0.442504428902189,0.7534032728156258,"intercept,P:9.9,P:9.6,P:10.0,B:9.0,B:9.7,B:10.1,B:10.2,B:10.6,B:10.10,B:11.2,B:11.9,E:10.7,E:11.10,P_count_eq_1,P_count_eq_2,P_count_eq_3,B_count_eq_1,B_count_2_3,B_count_4_5,B_count_6_8,E_count_eq_1,E_count_eq_2,B_E_count",24,402
count_plus_all_pairs,239,0.2211697593299025,0.27359952921118796,0.905727992301189,"intercept,P:9.9,P:9.6,P:10.0,B:9.0,B:9.7,B:10.1,B:10.2,B:10.6,B:10.10,B:11.2,B:11.9,E:10.7,E:11.10,P_count_eq_1,P_count_eq_2,P_count_eq_3,B_count_eq_1,B_count_2_3,B_count_4_5,B_count_6_8,E_count_eq_1,E_count_eq_2,P_B_count,P_E_count,B_E_count",26,402
additive_head,239,0.3917380933059278,0.4652011317692668,0.7582013206862334,"intercept,P:9.9,P:9.6,P:10.0,B:9.0,B:9.7,B:10.1,B:10.2,B:10.6,B:10.10,B:11.2,B:11.9,E:10.7,E:11.10",14,403
count_additive,239,0.3949057890328034,0.4699142443323816,0.7532770104117523,"intercept,P:9.9,P:9.6,P:10.0,B:9.0,B:9.7,B:10.1,B:10.2,B:10.6,B:10.10,B:11.2,B:11.9,E:10.7,E:11.10,P_count_eq_1,P_count_eq_2,P_count_eq_3,B_count_eq_1,B_count_2_3,B_count_4_5,B_count_6_8,E_count_eq_1,E_count_eq_2",23,403
count_plus_PB_count,239,0.38328486359257447,0.448544673639448,0.7752064701304489,"intercept,P:9.9,P:9.6,P:10.0,B:9.0,B:9.7,B:10.1,B:10.2,B:10.6,B:10.10,B:11.2,B:11.9,E:10.7,E:11.10,P_count_eq_1,P_count_eq_2,P_count_eq_3,B_count_eq_1,B_count_2_3,B_count_4_5,B_count_6_8,E_count_eq_1,E_count_eq_2,P_B_count",24,403
count_plus_PE_count,239,0.26265040296195524,0.32002654713741036,0.8855688109241882,"intercept,P:9.9,P:9.6,P:10.0,B:9.0,B:9.7,B:10.1,B:10.2,B:10.6,B:10.10,B:11.2,B:11.9,E:10.7,E:11.10,P_count_eq_1,P_count_eq_2,P_count_eq_3,B_count_eq_1,B_count_2_3,B_count_4_5,B_count_6_8,E_count_eq_1,E_count_eq_2,P_E_count",24,403
count_plus_BE_count,239,0.3914671253174185,0.4646118220169867,0.7588135464752924,"intercept,P:9.9,P:9.6,P:10.0,B:9.0,B:9.7,B:10.1,B:10.2,B:10.6,B:10.10,B:11.2,B:11.9,E:10.7,E:11.10,P_count_eq_1,P_count_eq_2,P_count_eq_3,B_count_eq_1,B_count_2_3,B_count_4_5,B_count_6_8,E_count_eq_1,E_count_eq_2,B_E_count",24,403
count_plus_all_pairs,239,0.23374302905879069,0.2889947195522577,0.9066848380404288,"intercept,P:9.9,P:9.6,P:10.0,B:9.0,B:9.7,B:10.1,B:10.2,B:10.6,B:10.10,B:11.2,B:11.9,E:10.7,E:11.10,P_count_eq_1,P_count_eq_2,P_count_eq_3,B_count_eq_1,B_count_2_3,B_count_4_5,B_count_6_8,E_count_eq_1,E_count_eq_2,P_B_count,P_E_count,B_E_count",26,403
additive_head,239,0.3721034824510668,0.43906479024576955,0.7624196263761109,"intercept,P:9.9,P:9.6,P:10.0,B:9.0,B:9.7,B:10.1,B:10.2,B:10.6,B:10.10,B:11.2,B:11.9,E:10.7,E:11.10",14,404
count_additive,239,0.3752520893552491,0.4438087070300423,0.7572579724777181,"intercept,P:9.9,P:9.6,P:10.0,B:9.0,B:9.7,B:10.1,B:10.2,B:10.6,B:10.10,B:11.2,B:11.9,E:10.7,E:11.10,P_count_eq_1,P_count_eq_2,P_count_eq_3,B_count_eq_1,B_count_2_3,B_count_4_5,B_count_6_8,E_count_eq_1,E_count_eq_2",23,404
count_plus_PB_count,239,0.36514629066986765,0.42464765772233837,0.7777658459467718,"intercept,P:9.9,P:9.6,P:10.0,B:9.0,B:9.7,B:10.1,B:10.2,B:10.6,B:10.10,B:11.2,B:11.9,E:10.7,E:11.10,P_count_eq_1,P_count_eq_2,P_count_eq_3,B_count_eq_1,B_count_2_3,B_count_4_5,B_count_6_8,E_count_eq_1,E_count_eq_2,P_B_count",24,404
count_plus_PE_count,239,0.24977526353139104,0.30358144156918626,0.8864194999964885,"intercept,P:9.9,P:9.6,P:10.0,B:9.0,B:9.7,B:10.1,B:10.2,B:10.6,B:10.10,B:11.2,B:11.9,E:10.7,E:11.10,P_count_eq_1,P_count_eq_2,P_count_eq_3,B_count_eq_1,B_count_2_3,B_count_4_5,B_count_6_8,E_count_eq_1,E_count_eq_2,P_E_count",24,404
count_plus_BE_count,239,0.37248832549098754,0.4392135546865933,0.7622586045871499,"intercept,P:9.9,P:9.6,P:10.0,B:9.0,B:9.7,B:10.1,B:10.2,B:10.6,B:10.10,B:11.2,B:11.9,E:10.7,E:11.10,P_count_eq_1,P_count_eq_2,P_count_eq_3,B_count_eq_1,B_count_2_3,B_count_4_5,B_count_6_8,E_count_eq_1,E_count_eq_2,B_E_count",24,404
count_plus_all_pairs,239,0.22351452234151242,0.27611370489079967,0.9060429732606159,"intercept,P:9.9,P:9.6,P:10.0,B:9.0,B:9.7,B:10.1,B:10.2,B:10.6,B:10.10,B:11.2,B:11.9,E:10.7,E:11.10,P_count_eq_1,P_count_eq_2,P_count_eq_3,B_count_eq_1,B_count_2_3,B_count_4_5,B_count_6_8,E_count_eq_1,E_count_eq_2,P_B_count,P_E_count,B_E_count",26,404
additive_head,239,0.37303552708007404,0.44245326215867353,0.7745587826031816,"intercept,P:9.9,P:9.6,P:10.0,B:9.0,B:9.7,B:10.1,B:10.2,B:10.6,B:10.10,B:11.2,B:11.9,E:10.7,E:11.10",14,405
count_additive,239,0.37571880393425594,0.44678218725510005,0.7701258068396271,"intercept,P:9.9,P:9.6,P:10.0,B:9.0,B:9.7,B:10.1,B:10.2,B:10.6,B:10.10,B:11.2,B:11.9,E:10.7,E:11.10,P_count_eq_1,P_count_eq_2,P_count_eq_3,B_count_eq_1,B_count_2_3,B_count_4_5,B_count_6_8,E_count_eq_1,E_count_eq_2",23,405
count_plus_PB_count,239,0.36442316577564926,0.4262568379597975,0.7907616743999673,"intercept,P:9.9,P:9.6,P:10.0,B:9.0,B:9.7,B:10.1,B:10.2,B:10.6,B:10.10,B:11.2,B:11.9,E:10.7,E:11.10,P_count_eq_1,P_count_eq_2,P_count_eq_3,B_count_eq_1,B_count_2_3,B_count_4_5,B_count_6_8,E_count_eq_1,E_count_eq_2,P_B_count",24,405
count_plus_PE_count,239,0.25110483735131406,0.3059811464584068,0.8921828486430541,"intercept,P:9.9,P:9.6,P:10.0,B:9.0,B:9.7,B:10.1,B:10.2,B:10.6,B:10.10,B:11.2,B:11.9,E:10.7,E:11.10,P_count_eq_1,P_count_eq_2,P_count_eq_3,B_count_eq_1,B_count_2_3,B_count_4_5,B_count_6_8,E_count_eq_1,E_count_eq_2,P_E_count",24,405
count_plus_BE_count,239,0.371354227673293,0.44044409002202883,0.7766015827441164,"intercept,P:9.9,P:9.6,P:10.0,B:9.0,B:9.7,B:10.1,B:10.2,B:10.6,B:10.10,B:11.2,B:11.9,E:10.7,E:11.10,P_count_eq_1,P_count_eq_2,P_count_eq_3,B_count_eq_1,B_count_2_3,B_count_4_5,B_count_6_8,E_count_eq_1,E_count_eq_2,B_E_count",24,405
count_plus_all_pairs,239,0.22257222006472702,0.2748545298047272,0.9130029921682217,"intercept,P:9.9,P:9.6,P:10.0,B:9.0,B:9.7,B:10.1,B:10.2,B:10.6,B:10.10,B:11.2,B:11.9,E:10.7,E:11.10,P_count_eq_1,P_count_eq_2,P_count_eq_3,B_count_eq_1,B_count_2_3,B_count_4_5,B_count_6_8,E_count_eq_1,E_count_eq_2,P_B_count,P_E_count,B_E_count",26,405
additive_head,239,0.38185145171079393,0.4476064891772183,0.7569504814164084,"intercept,P:9.9,P:9.6,P:10.0,B:9.0,B:9.7,B:10.1,B:10.2,B:10.6,B:10.10,B:11.2,B:11.9,E:10.7,E:11.10",14,406
count_additive,239,0.38482915035734677,0.4529286283425791,0.7511362957406225,"intercept,P:9.9,P:9.6,P:10.0,B:9.0,B:9.7,B:10.1,B:10.2,B:10.6,B:10.10,B:11.2,B:11.9,E:10.7,E:11.10,P_count_eq_1,P_count_eq_2,P_count_eq_3,B_count_eq_1,B_count_2_3,B_count_4_5,B_count_6_8,E_count_eq_1,E_count_eq_2",23,406
count_plus_PB_count,239,0.3773241211357667,0.4370606967871994,0.768268258951369,"intercept,P:9.9,P:9.6,P:10.0,B:9.0,B:9.7,B:10.1,B:10.2,B:10.6,B:10.10,B:11.2,B:11.9,E:10.7,E:11.10,P_count_eq_1,P_count_eq_2,P_count_eq_3,B_count_eq_1,B_count_2_3,B_count_4_5,B_count_6_8,E_count_eq_1,E_count_eq_2,P_B_count",24,406
count_plus_PE_count,239,0.255422635864862,0.3095157555203474,0.8837835676194163,"intercept,P:9.9,P:9.6,P:10.0,B:9.0,B:9.7,B:10.1,B:10.2,B:10.6,B:10.10,B:11.2,B:11.9,E:10.7,E:11.10,P_count_eq_1,P_count_eq_2,P_count_eq_3,B_count_eq_1,B_count_2_3,B_count_4_5,B_count_6_8,E_count_eq_1,E_count_eq_2,P_E_count",24,406
count_plus_BE_count,239,0.3832141038659877,0.44701150933552974,0.7575961979403067,"intercept,P:9.9,P:9.6,P:10.0,B:9.0,B:9.7,B:10.1,B:10.2,B:10.6,B:10.10,B:11.2,B:11.9,E:10.7,E:11.10,P_count_eq_1,P_count_eq_2,P_count_eq_3,B_count_eq_1,B_count_2_3,B_count_4_5,B_count_6_8,E_count_eq_1,E_count_eq_2,B_E_count",24,406
count_plus_all_pairs,239,0.23069696480983626,0.2850346470532292,0.9014407650341115,"intercept,P:9.9,P:9.6,P:10.0,B:9.0,B:9.7,B:10.1,B:10.2,B:10.6,B:10.10,B:11.2,B:11.9,E:10.7,E:11.10,P_count_eq_1,P_count_eq_2,P_count_eq_3,B_count_eq_1,B_count_2_3,B_count_4_5,B_count_6_8,E_count_eq_1,E_count_eq_2,P_B_count,P_E_count,B_E_count",26,406
additive_head,239,0.38727319697090457,0.4568091885834844,0.7576630565779562,"intercept,P:9.9,P:9.6,P:10.0,B:9.0,B:9.7,B:10.1,B:10.2,B:10.6,B:10.10,B:11.2,B:11.9,E:10.7,E:11.10",14,407
count_additive,239,0.39045895176437484,0.46174148153064953,0.75240164900951,"intercept,P:9.9,P:9.6,P:10.0,B:9.0,B:9.7,B:10.1,B:10.2,B:10.6,B:10.10,B:11.2,B:11.9,E:10.7,E:11.10,P_count_eq_1,P_count_eq_2,P_count_eq_3,B_count_eq_1,B_count_2_3,B_count_4_5,B_count_6_8,E_count_eq_1,E_count_eq_2",23,407
count_plus_PB_count,239,0.38201142095866253,0.44396381199013113,0.7711003612813876,"intercept,P:9.9,P:9.6,P:10.0,B:9.0,B:9.7,B:10.1,B:10.2,B:10.6,B:10.10,B:11.2,B:11.9,E:10.7,E:11.10,P_count_eq_1,P_count_eq_2,P_count_eq_3,B_count_eq_1,B_count_2_3,B_count_4_5,B_count_6_8,E_count_eq_1,E_count_eq_2,P_B_count",24,407
count_plus_PE_count,239,0.25673517042235955,0.31170241512943414,0.8871685164689078,"intercept,P:9.9,P:9.6,P:10.0,B:9.0,B:9.7,B:10.1,B:10.2,B:10.6,B:10.10,B:11.2,B:11.9,E:10.7,E:11.10,P_count_eq_1,P_count_eq_2,P_count_eq_3,B_count_eq_1,B_count_2_3,B_count_4_5,B_count_6_8,E_count_eq_1,E_count_eq_2,P_E_count",24,407
count_plus_BE_count,239,0.38796953471719897,0.45649672639001987,0.757994465130031,"intercept,P:9.9,P:9.6,P:10.0,B:9.0,B:9.7,B:10.1,B:10.2,B:10.6,B:10.10,B:11.2,B:11.9,E:10.7,E:11.10,P_count_eq_1,P_count_eq_2,P_count_eq_3,B_count_eq_1,B_count_2_3,B_count_4_5,B_count_6_8,E_count_eq_1,E_count_eq_2,B_E_count",24,407
count_plus_all_pairs,239,0.2306765879164026,0.2850332680938538,0.9056501816369685,"intercept,P:9.9,P:9.6,P:10.0,B:9.0,B:9.7,B:10.1,B:10.2,B:10.6,B:10.10,B:11.2,B:11.9,E:10.7,E:11.10,P_count_eq_1,P_count_eq_2,P_count_eq_3,B_count_eq_1,B_count_2_3,B_count_4_5,B_count_6_8,E_count_eq_1,E_count_eq_2,P_B_count,P_E_count,B_E_count",26,407
additive_head,239,0.3926751112106869,0.4617600738541907,0.7571523075639495,"intercept,P:9.9,P:9.6,P:10.0,B:9.0,B:9.7,B:10.1,B:10.2,B:10.6,B:10.10,B:11.2,B:11.9,E:10.7,E:11.10",14,408
count_additive,239,0.39601761505262495,0.46736179355354696,0.751224483866298,"intercept,P:9.9,P:9.6,P:10.0,B:9.0,B:9.7,B:10.1,B:10.2,B:10.6,B:10.10,B:11.2,B:11.9,E:10.7,E:11.10,P_count_eq_1,P_count_eq_2,P_count_eq_3,B_count_eq_1,B_count_2_3,B_count_4_5,B_count_6_8,E_count_eq_1,E_count_eq_2",23,408
count_plus_PB_count,239,0.38648155354109315,0.44886164945752133,0.770529836288824,"intercept,P:9.9,P:9.6,P:10.0,B:9.0,B:9.7,B:10.1,B:10.2,B:10.6,B:10.10,B:11.2,B:11.9,E:10.7,E:11.10,P_count_eq_1,P_count_eq_2,P_count_eq_3,B_count_eq_1,B_count_2_3,B_count_4_5,B_count_6_8,E_count_eq_1,E_count_eq_2,P_B_count",24,408
count_plus_PE_count,239,0.26436738802427384,0.32022991914439836,0.8832047892232512,"intercept,P:9.9,P:9.6,P:10.0,B:9.0,B:9.7,B:10.1,B:10.2,B:10.6,B:10.10,B:11.2,B:11.9,E:10.7,E:11.10,P_count_eq_1,P_count_eq_2,P_count_eq_3,B_count_eq_1,B_count_2_3,B_count_4_5,B_count_6_8,E_count_eq_1,E_count_eq_2,P_E_count",24,408
count_plus_BE_count,239,0.39302926357319984,0.4616469673744267,0.7572712623420444,"intercept,P:9.9,P:9.6,P:10.0,B:9.0,B:9.7,B:10.1,B:10.2,B:10.6,B:10.10,B:11.2,B:11.9,E:10.7,E:11.10,P_count_eq_1,P_count_eq_2,P_count_eq_3,B_count_eq_1,B_count_2_3,B_count_4_5,B_count_6_8,E_count_eq_1,E_count_eq_2,B_E_count",24,408
count_plus_all_pairs,239,0.2369791474187425,0.29261755098349496,0.9024781422464894,"intercept,P:9.9,P:9.6,P:10.0,B:9.0,B:9.7,B:10.1,B:10.2,B:10.6,B:10.10,B:11.2,B:11.9,E:10.7,E:11.10,P_count_eq_1,P_count_eq_2,P_count_eq_3,B_count_eq_1,B_count_2_3,B_count_4_5,B_count_6_8,E_count_eq_1,E_count_eq_2,P_B_count,P_E_count,B_E_count",26,408
additive_head,239,0.38266503898028165,0.45420849060031826,0.7625726668791875,"intercept,P:9.9,P:9.6,P:10.0,B:9.0,B:9.7,B:10.1,B:10.2,B:10.6,B:10.10,B:11.2,B:11.9,E:10.7,E:11.10",14,409
count_additive,239,0.3854458388951651,0.4587260929019818,0.7578262282163774,"intercept,P:9.9,P:9.6,P:10.0,B:9.0,B:9.7,B:10.1,B:10.2,B:10.6,B:10.10,B:11.2,B:11.9,E:10.7,E:11.10,P_count_eq_1,P_count_eq_2,P_count_eq_3,B_count_eq_1,B_count_2_3,B_count_4_5,B_count_6_8,E_count_eq_1,E_count_eq_2",23,409
count_plus_PB_count,239,0.374561332780272,0.43788863391477356,0.7793278314513707,"intercept,P:9.9,P:9.6,P:10.0,B:9.0,B:9.7,B:10.1,B:10.2,B:10.6,B:10.10,B:11.2,B:11.9,E:10.7,E:11.10,P_count_eq_1,P_count_eq_2,P_count_eq_3,B_count_eq_1,B_count_2_3,B_count_4_5,B_count_6_8,E_count_eq_1,E_count_eq_2,P_B_count",24,409
count_plus_PE_count,239,0.2562279253332374,0.3120741335503846,0.8879180277097828,"intercept,P:9.9,P:9.6,P:10.0,B:9.0,B:9.7,B:10.1,B:10.2,B:10.6,B:10.10,B:11.2,B:11.9,E:10.7,E:11.10,P_count_eq_1,P_count_eq_2,P_count_eq_3,B_count_eq_1,B_count_2_3,B_count_4_5,B_count_6_8,E_count_eq_1,E_count_eq_2,P_E_count",24,409
count_plus_BE_count,239,0.3820589269590345,0.4539091842337679,0.7628854752029905,"intercept,P:9.9,P:9.6,P:10.0,B:9.0,B:9.7,B:10.1,B:10.2,B:10.6,B:10.10,B:11.2,B:11.9,E:10.7,E:11.10,P_count_eq_1,P_count_eq_2,P_count_eq_3,B_count_eq_1,B_count_2_3,B_count_4_5,B_count_6_8,E_count_eq_1,E_count_eq_2,B_E_count",24,409
count_plus_all_pairs,239,0.2282603045651336,0.2821162052718941,0.9084040471555934,"intercept,P:9.9,P:9.6,P:10.0,B:9.0,B:9.7,B:10.1,B:10.2,B:10.6,B:10.10,B:11.2,B:11.9,E:10.7,E:11.10,P_count_eq_1,P_count_eq_2,P_count_eq_3,B_count_eq_1,B_count_2_3,B_count_4_5,B_count_6_8,E_count_eq_1,E_count_eq_2,P_B_count,P_E_count,B_E_count",26,409
additive_head,239,0.36873854199923023,0.43538565652838485,0.7561192137204631,"intercept,P:9.9,P:9.6,P:10.0,B:9.0,B:9.7,B:10.1,B:10.2,B:10.6,B:10.10,B:11.2,B:11.9,E:10.7,E:11.10",14,410
count_additive,239,0.3715468689453702,0.44031037538083667,0.7505708595531353,"intercept,P:9.9,P:9.6,P:10.0,B:9.0,B:9.7,B:10.1,B:10.2,B:10.6,B:10.10,B:11.2,B:11.9,E:10.7,E:11.10,P_count_eq_1,P_count_eq_2,P_count_eq_3,B_count_eq_1,B_count_2_3,B_count_4_5,B_count_6_8,E_count_eq_1,E_count_eq_2",23,410
count_plus_PB_count,239,0.3622754187699157,0.4223099894887736,0.7705478873597564,"intercept,P:9.9,P:9.6,P:10.0,B:9.0,B:9.7,B:10.1,B:10.2,B:10.6,B:10.10,B:11.2,B:11.9,E:10.7,E:11.10,P_count_eq_1,P_count_eq_2,P_count_eq_3,B_count_eq_1,B_count_2_3,B_count_4_5,B_count_6_8,E_count_eq_1,E_count_eq_2,P_B_count",24,410
count_plus_PE_count,239,0.24554556730910923,0.2988036199714749,0.8851314706426046,"intercept,P:9.9,P:9.6,P:10.0,B:9.0,B:9.7,B:10.1,B:10.2,B:10.6,B:10.10,B:11.2,B:11.9,E:10.7,E:11.10,P_count_eq_1,P_count_eq_2,P_count_eq_3,B_count_eq_1,B_count_2_3,B_count_4_5,B_count_6_8,E_count_eq_1,E_count_eq_2,P_E_count",24,410
count_plus_BE_count,239,0.36841633188857853,0.43506724920474393,0.7564757942941835,"intercept,P:9.9,P:9.6,P:10.0,B:9.0,B:9.7,B:10.1,B:10.2,B:10.6,B:10.10,B:11.2,B:11.9,E:10.7,E:11.10,P_count_eq_1,P_count_eq_2,P_count_eq_3,B_count_eq_1,B_count_2_3,B_count_4_5,B_count_6_8,E_count_eq_1,E_count_eq_2,B_E_count",24,410
count_plus_all_pairs,239,0.21982824199654377,0.27205202957788566,0.9047788785266935,"intercept,P:9.9,P:9.6,P:10.0,B:9.0,B:9.7,B:10.1,B:10.2,B:10.6,B:10.10,B:11.2,B:11.9,E:10.7,E:11.10,P_count_eq_1,P_count_eq_2,P_count_eq_3,B_count_eq_1,B_count_2_3,B_count_4_5,B_count_6_8,E_count_eq_1,E_count_eq_2,P_B_count,P_E_count,B_E_count",26,410
additive_head,239,0.37686082508214763,0.4460474775110836,0.774707336255386,"intercept,P:9.9,P:9.6,P:10.0,B:9.0,B:9.7,B:10.1,B:10.2,B:10.6,B:10.10,B:11.2,B:11.9,E:10.7,E:11.10",14,411
count_additive,239,0.3799939299588024,0.4505737300581452,0.7701118373850714,"intercept,P:9.9,P:9.6,P:10.0,B:9.0,B:9.7,B:10.1,B:10.2,B:10.6,B:10.10,B:11.2,B:11.9,E:10.7,E:11.10,P_count_eq_1,P_count_eq_2,P_count_eq_3,B_count_eq_1,B_count_2_3,B_count_4_5,B_count_6_8,E_count_eq_1,E_count_eq_2",23,411
count_plus_PB_count,239,0.36856391148520934,0.43044112507127147,0.7901966636007419,"intercept,P:9.9,P:9.6,P:10.0,B:9.0,B:9.7,B:10.1,B:10.2,B:10.6,B:10.10,B:11.2,B:11.9,E:10.7,E:11.10,P_count_eq_1,P_count_eq_2,P_count_eq_3,B_count_eq_1,B_count_2_3,B_count_4_5,B_count_6_8,E_count_eq_1,E_count_eq_2,P_B_count",24,411
count_plus_PE_count,239,0.25215442327096355,0.3063735747430259,0.8937112052659639,"intercept,P:9.9,P:9.6,P:10.0,B:9.0,B:9.7,B:10.1,B:10.2,B:10.6,B:10.10,B:11.2,B:11.9,E:10.7,E:11.10,P_count_eq_1,P_count_eq_2,P_count_eq_3,B_count_eq_1,B_count_2_3,B_count_4_5,B_count_6_8,E_count_eq_1,E_count_eq_2,P_E_count",24,411
count_plus_BE_count,239,0.37627079415021575,0.44543591326022286,0.775324698720658,"intercept,P:9.9,P:9.6,P:10.0,B:9.0,B:9.7,B:10.1,B:10.2,B:10.6,B:10.10,B:11.2,B:11.9,E:10.7,E:11.10,P_count_eq_1,P_count_eq_2,P_count_eq_3,B_count_eq_1,B_count_2_3,B_count_4_5,B_count_6_8,E_count_eq_1,E_count_eq_2,B_E_count",24,411
count_plus_all_pairs,239,0.22452275484829973,0.2769445874246108,0.9131498369593204,"intercept,P:9.9,P:9.6,P:10.0,B:9.0,B:9.7,B:10.1,B:10.2,B:10.6,B:10.10,B:11.2,B:11.9,E:10.7,E:11.10,P_count_eq_1,P_count_eq_2,P_count_eq_3,B_count_eq_1,B_count_2_3,B_count_4_5,B_count_6_8,E_count_eq_1,E_count_eq_2,P_B_count,P_E_count,B_E_count",26,411
additive_head,239,0.37534060288890203,0.44496512453511883,0.7634145665404255,"intercept,P:9.9,P:9.6,P:10.0,B:9.0,B:9.7,B:10.1,B:10.2,B:10.6,B:10.10,B:11.2,B:11.9,E:10.7,E:11.10",14,412
count_additive,239,0.37806404971601354,0.44937289367994443,0.7587041795520856,"intercept,P:9.9,P:9.6,P:10.0,B:9.0,B:9.7,B:10.1,B:10.2,B:10.6,B:10.10,B:11.2,B:11.9,E:10.7,E:11.10,P_count_eq_1,P_count_eq_2,P_count_eq_3,B_count_eq_1,B_count_2_3,B_count_4_5,B_count_6_8,E_count_eq_1,E_count_eq_2",23,412
count_plus_PB_count,239,0.3670551240165626,0.4292503187931948,0.7798304230131458,"intercept,P:9.9,P:9.6,P:10.0,B:9.0,B:9.7,B:10.1,B:10.2,B:10.6,B:10.10,B:11.2,B:11.9,E:10.7,E:11.10,P_count_eq_1,P_count_eq_2,P_count_eq_3,B_count_eq_1,B_count_2_3,B_count_4_5,B_count_6_8,E_count_eq_1,E_count_eq_2,P_B_count",24,412
count_plus_PE_count,239,0.24993560565996553,0.30422271684566604,0.8894091143170286,"intercept,P:9.9,P:9.6,P:10.0,B:9.0,B:9.7,B:10.1,B:10.2,B:10.6,B:10.10,B:11.2,B:11.9,E:10.7,E:11.10,P_count_eq_1,P_count_eq_2,P_count_eq_3,B_count_eq_1,B_count_2_3,B_count_4_5,B_count_6_8,E_count_eq_1,E_count_eq_2,P_E_count",24,412
count_plus_BE_count,239,0.3743929718746131,0.4438415140803702,0.7646078925773265,"intercept,P:9.9,P:9.6,P:10.0,B:9.0,B:9.7,B:10.1,B:10.2,B:10.6,B:10.10,B:11.2,B:11.9,E:10.7,E:11.10,P_count_eq_1,P_count_eq_2,P_count_eq_3,B_count_eq_1,B_count_2_3,B_count_4_5,B_count_6_8,E_count_eq_1,E_count_eq_2,B_E_count",24,412
count_plus_all_pairs,239,0.2220965712574433,0.2742873129109243,0.9101025247089468,"intercept,P:9.9,P:9.6,P:10.0,B:9.0,B:9.7,B:10.1,B:10.2,B:10.6,B:10.10,B:11.2,B:11.9,E:10.7,E:11.10,P_count_eq_1,P_count_eq_2,P_count_eq_3,B_count_eq_1,B_count_2_3,B_count_4_5,B_count_6_8,E_count_eq_1,E_count_eq_2,P_B_count,P_E_count,B_E_count",26,412
additive_head,239,0.3833731518189764,0.453335391006912,0.7538246379814222,"intercept,P:9.9,P:9.6,P:10.0,B:9.0,B:9.7,B:10.1,B:10.2,B:10.6,B:10.10,B:11.2,B:11.9,E:10.7,E:11.10",14,413
count_additive,239,0.3863482782822296,0.45754273372143106,0.7492339952252218,"intercept,P:9.9,P:9.6,P:10.0,B:9.0,B:9.7,B:10.1,B:10.2,B:10.6,B:10.10,B:11.2,B:11.9,E:10.7,E:11.10,P_count_eq_1,P_count_eq_2,P_count_eq_3,B_count_eq_1,B_count_2_3,B_count_4_5,B_count_6_8,E_count_eq_1,E_count_eq_2",23,413
count_plus_PB_count,239,0.3771469317985966,0.4389573056672167,0.7691925098464263,"intercept,P:9.9,P:9.6,P:10.0,B:9.0,B:9.7,B:10.1,B:10.2,B:10.6,B:10.10,B:11.2,B:11.9,E:10.7,E:11.10,P_count_eq_1,P_count_eq_2,P_count_eq_3,B_count_eq_1,B_count_2_3,B_count_4_5,B_count_6_8,E_count_eq_1,E_count_eq_2,P_B_count",24,413
count_plus_PE_count,239,0.25620453312689223,0.31084326962058345,0.8842587222951558,"intercept,P:9.9,P:9.6,P:10.0,B:9.0,B:9.7,B:10.1,B:10.2,B:10.6,B:10.10,B:11.2,B:11.9,E:10.7,E:11.10,P_count_eq_1,P_count_eq_2,P_count_eq_3,B_count_eq_1,B_count_2_3,B_count_4_5,B_count_6_8,E_count_eq_1,E_count_eq_2,P_E_count",24,413
count_plus_BE_count,239,0.38374750245319217,0.45305641678819586,0.7541275282895678,"intercept,P:9.9,P:9.6,P:10.0,B:9.0,B:9.7,B:10.1,B:10.2,B:10.6,B:10.10,B:11.2,B:11.9,E:10.7,E:11.10,P_count_eq_1,P_count_eq_2,P_count_eq_3,B_count_eq_1,B_count_2_3,B_count_4_5,B_count_6_8,E_count_eq_1,E_count_eq_2,B_E_count",24,413
count_plus_all_pairs,239,0.23050312568636844,0.28408214685214356,0.9033296662184698,"intercept,P:9.9,P:9.6,P:10.0,B:9.0,B:9.7,B:10.1,B:10.2,B:10.6,B:10.10,B:11.2,B:11.9,E:10.7,E:11.10,P_count_eq_1,P_count_eq_2,P_count_eq_3,B_count_eq_1,B_count_2_3,B_count_4_5,B_count_6_8,E_count_eq_1,E_count_eq_2,P_B_count,P_E_count,B_E_count",26,413
additive_head,239,0.38778600997110657,0.4570992568766325,0.7586276878913103,"intercept,P:9.9,P:9.6,P:10.0,B:9.0,B:9.7,B:10.1,B:10.2,B:10.6,B:10.10,B:11.2,B:11.9,E:10.7,E:11.10",14,414
count_additive,239,0.39135517871559006,0.4628273143915945,0.7525403563850556,"intercept,P:9.9,P:9.6,P:10.0,B:9.0,B:9.7,B:10.1,B:10.2,B:10.6,B:10.10,B:11.2,B:11.9,E:10.7,E:11.10,P_count_eq_1,P_count_eq_2,P_count_eq_3,B_count_eq_1,B_count_2_3,B_count_4_5,B_count_6_8,E_count_eq_1,E_count_eq_2",23,414
count_plus_PB_count,239,0.3822277379277043,0.4449289676756347,0.7713096790298879,"intercept,P:9.9,P:9.6,P:10.0,B:9.0,B:9.7,B:10.1,B:10.2,B:10.6,B:10.10,B:11.2,B:11.9,E:10.7,E:11.10,P_count_eq_1,P_count_eq_2,P_count_eq_3,B_count_eq_1,B_count_2_3,B_count_4_5,B_count_6_8,E_count_eq_1,E_count_eq_2,P_B_count",24,414
count_plus_PE_count,239,0.2579739418236954,0.31341725693162564,0.886521854270486,"intercept,P:9.9,P:9.6,P:10.0,B:9.0,B:9.7,B:10.1,B:10.2,B:10.6,B:10.10,B:11.2,B:11.9,E:10.7,E:11.10,P_count_eq_1,P_count_eq_2,P_count_eq_3,B_count_eq_1,B_count_2_3,B_count_4_5,B_count_6_8,E_count_eq_1,E_count_eq_2,P_E_count",24,414
count_plus_BE_count,239,0.38923732737264427,0.4571909070759542,0.7585308859913348,"intercept,P:9.9,P:9.6,P:10.0,B:9.0,B:9.7,B:10.1,B:10.2,B:10.6,B:10.10,B:11.2,B:11.9,E:10.7,E:11.10,P_count_eq_1,P_count_eq_2,P_count_eq_3,B_count_eq_1,B_count_2_3,B_count_4_5,B_count_6_8,E_count_eq_1,E_count_eq_2,B_E_count",24,414
count_plus_all_pairs,239,0.2315641895386374,0.2863626362170406,0.905267472690473,"intercept,P:9.9,P:9.6,P:10.0,B:9.0,B:9.7,B:10.1,B:10.2,B:10.6,B:10.10,B:11.2,B:11.9,E:10.7,E:11.10,P_count_eq_1,P_count_eq_2,P_count_eq_3,B_count_eq_1,B_count_2_3,B_count_4_5,B_count_6_8,E_count_eq_1,E_count_eq_2,P_B_count,P_E_count,B_E_count",26,414
additive_head,239,0.36846016581619806,0.4377114828408624,0.7601264867438327,"intercept,P:9.9,P:9.6,P:10.0,B:9.0,B:9.7,B:10.1,B:10.2,B:10.6,B:10.10,B:11.2,B:11.9,E:10.7,E:11.10",14,415
count_additive,239,0.37103914315802716,0.44147032173997963,0.7559889789957797,"intercept,P:9.9,P:9.6,P:10.0,B:9.0,B:9.7,B:10.1,B:10.2,B:10.6,B:10.10,B:11.2,B:11.9,E:10.7,E:11.10,P_count_eq_1,P_count_eq_2,P_count_eq_3,B_count_eq_1,B_count_2_3,B_count_4_5,B_count_6_8,E_count_eq_1,E_count_eq_2",23,415
count_plus_PB_count,239,0.3603547002084148,0.4213882878456323,0.777683683974727,"intercept,P:9.9,P:9.6,P:10.0,B:9.0,B:9.7,B:10.1,B:10.2,B:10.6,B:10.10,B:11.2,B:11.9,E:10.7,E:11.10,P_count_eq_1,P_count_eq_2,P_count_eq_3,B_count_eq_1,B_count_2_3,B_count_4_5,B_count_6_8,E_count_eq_1,E_count_eq_2,P_B_count",24,415
count_plus_PE_count,239,0.24720005789948216,0.3010787028654289,0.8865076761475985,"intercept,P:9.9,P:9.6,P:10.0,B:9.0,B:9.7,B:10.1,B:10.2,B:10.6,B:10.10,B:11.2,B:11.9,E:10.7,E:11.10,P_count_eq_1,P_count_eq_2,P_count_eq_3,B_count_eq_1,B_count_2_3,B_count_4_5,B_count_6_8,E_count_eq_1,E_count_eq_2,P_E_count",24,415
count_plus_BE_count,239,0.36741376053013586,0.43624324787800006,0.761733024420977,"intercept,P:9.9,P:9.6,P:10.0,B:9.0,B:9.7,B:10.1,B:10.2,B:10.6,B:10.10,B:11.2,B:11.9,E:10.7,E:11.10,P_count_eq_1,P_count_eq_2,P_count_eq_3,B_count_eq_1,B_count_2_3,B_count_4_5,B_count_6_8,E_count_eq_1,E_count_eq_2,B_E_count",24,415
count_plus_all_pairs,239,0.22014551170665542,0.27166856839466047,0.9075971844821211,"intercept,P:9.9,P:9.6,P:10.0,B:9.0,B:9.7,B:10.1,B:10.2,B:10.6,B:10.10,B:11.2,B:11.9,E:10.7,E:11.10,P_count_eq_1,P_count_eq_2,P_count_eq_3,B_count_eq_1,B_count_2_3,B_count_4_5,B_count_6_8,E_count_eq_1,E_count_eq_2,P_B_count,P_E_count,B_E_count",26,415
additive_head,239,0.3853661783940772,0.4531312009772354,0.7642456912872378,"intercept,P:9.9,P:9.6,P:10.0,B:9.0,B:9.7,B:10.1,B:10.2,B:10.6,B:10.10,B:11.2,B:11.9,E:10.7,E:11.10",14,416
count_additive,239,0.38901506313758394,0.4587489222883846,0.7583638995319169,"intercept,P:9.9,P:9.6,P:10.0,B:9.0,B:9.7,B:10.1,B:10.2,B:10.6,B:10.10,B:11.2,B:11.9,E:10.7,E:11.10,P_count_eq_1,P_count_eq_2,P_count_eq_3,B_count_eq_1,B_count_2_3,B_count_4_5,B_count_6_8,E_count_eq_1,E_count_eq_2",23,416
count_plus_PB_count,239,0.3793012202923048,0.4402372321913979,0.7774717035719962,"intercept,P:9.9,P:9.6,P:10.0,B:9.0,B:9.7,B:10.1,B:10.2,B:10.6,B:10.10,B:11.2,B:11.9,E:10.7,E:11.10,P_count_eq_1,P_count_eq_2,P_count_eq_3,B_count_eq_1,B_count_2_3,B_count_4_5,B_count_6_8,E_count_eq_1,E_count_eq_2,P_B_count",24,416
count_plus_PE_count,239,0.2591396873173233,0.31379381638728415,0.8869422165314235,"intercept,P:9.9,P:9.6,P:10.0,B:9.0,B:9.7,B:10.1,B:10.2,B:10.6,B:10.10,B:11.2,B:11.9,E:10.7,E:11.10,P_count_eq_1,P_count_eq_2,P_count_eq_3,B_count_eq_1,B_count_2_3,B_count_4_5,B_count_6_8,E_count_eq_1,E_count_eq_2,P_E_count",24,416
count_plus_BE_count,239,0.386274370599517,0.45367228628776346,0.7636823252914442,"intercept,P:9.9,P:9.6,P:10.0,B:9.0,B:9.7,B:10.1,B:10.2,B:10.6,B:10.10,B:11.2,B:11.9,E:10.7,E:11.10,P_count_eq_1,P_count_eq_2,P_count_eq_3,B_count_eq_1,B_count_2_3,B_count_4_5,B_count_6_8,E_count_eq_1,E_count_eq_2,B_E_count",24,416
count_plus_all_pairs,239,0.2326210205247937,0.2867561269126081,0.9055858437536306,"intercept,P:9.9,P:9.6,P:10.0,B:9.0,B:9.7,B:10.1,B:10.2,B:10.6,B:10.10,B:11.2,B:11.9,E:10.7,E:11.10,P_count_eq_1,P_count_eq_2,P_count_eq_3,B_count_eq_1,B_count_2_3,B_count_4_5,B_count_6_8,E_count_eq_1,E_count_eq_2,P_B_count,P_E_count,B_E_count",26,416
additive_head,239,0.3664230696800102,0.435303154858395,0.7667927753984276,"intercept,P:9.9,P:9.6,P:10.0,B:9.0,B:9.7,B:10.1,B:10.2,B:10.6,B:10.10,B:11.2,B:11.9,E:10.7,E:11.10",14,417
count_additive,239,0.36836336176687934,0.439066801096176,0.7627427066723842,"intercept,P:9.9,P:9.6,P:10.0,B:9.0,B:9.7,B:10.1,B:10.2,B:10.6,B:10.10,B:11.2,B:11.9,E:10.7,E:11.10,P_count_eq_1,P_count_eq_2,P_count_eq_3,B_count_eq_1,B_count_2_3,B_count_4_5,B_count_6_8,E_count_eq_1,E_count_eq_2",23,417
count_plus_PB_count,239,0.35804338922911727,0.4192661883373437,0.7836593892603531,"intercept,P:9.9,P:9.6,P:10.0,B:9.0,B:9.7,B:10.1,B:10.2,B:10.6,B:10.10,B:11.2,B:11.9,E:10.7,E:11.10,P_count_eq_1,P_count_eq_2,P_count_eq_3,B_count_eq_1,B_count_2_3,B_count_4_5,B_count_6_8,E_count_eq_1,E_count_eq_2,P_B_count",24,417
count_plus_PE_count,239,0.24478713993213172,0.29839476717669094,0.8904176078629433,"intercept,P:9.9,P:9.6,P:10.0,B:9.0,B:9.7,B:10.1,B:10.2,B:10.6,B:10.10,B:11.2,B:11.9,E:10.7,E:11.10,P_count_eq_1,P_count_eq_2,P_count_eq_3,B_count_eq_1,B_count_2_3,B_count_4_5,B_count_6_8,E_count_eq_1,E_count_eq_2,P_E_count",24,417
count_plus_BE_count,239,0.3645729221630102,0.4335229591033321,0.7686963022085003,"intercept,P:9.9,P:9.6,P:10.0,B:9.0,B:9.7,B:10.1,B:10.2,B:10.6,B:10.10,B:11.2,B:11.9,E:10.7,E:11.10,P_count_eq_1,P_count_eq_2,P_count_eq_3,B_count_eq_1,B_count_2_3,B_count_4_5,B_count_6_8,E_count_eq_1,E_count_eq_2,B_E_count",24,417
count_plus_all_pairs,239,0.21771776436165638,0.2688973096464651,0.9110120329864512,"intercept,P:9.9,P:9.6,P:10.0,B:9.0,B:9.7,B:10.1,B:10.2,B:10.6,B:10.10,B:11.2,B:11.9,E:10.7,E:11.10,P_count_eq_1,P_count_eq_2,P_count_eq_3,B_count_eq_1,B_count_2_3,B_count_4_5,B_count_6_8,E_count_eq_1,E_count_eq_2,P_B_count,P_E_count,B_E_count",26,417
additive_head,239,0.38584947862097013,0.4569030947753887,0.7594984372058637,"intercept,P:9.9,P:9.6,P:10.0,B:9.0,B:9.7,B:10.1,B:10.2,B:10.6,B:10.10,B:11.2,B:11.9,E:10.7,E:11.10",14,418
count_additive,239,0.3894947602276122,0.4620518624082984,0.7540475496840625,"intercept,P:9.9,P:9.6,P:10.0,B:9.0,B:9.7,B:10.1,B:10.2,B:10.6,B:10.10,B:11.2,B:11.9,E:10.7,E:11.10,P_count_eq_1,P_count_eq_2,P_count_eq_3,B_count_eq_1,B_count_2_3,B_count_4_5,B_count_6_8,E_count_eq_1,E_count_eq_2",23,418
count_plus_PB_count,239,0.3800966962108923,0.4434734143830225,0.7734287072759869,"intercept,P:9.9,P:9.6,P:10.0,B:9.0,B:9.7,B:10.1,B:10.2,B:10.6,B:10.10,B:11.2,B:11.9,E:10.7,E:11.10,P_count_eq_1,P_count_eq_2,P_count_eq_3,B_count_eq_1,B_count_2_3,B_count_4_5,B_count_6_8,E_count_eq_1,E_count_eq_2,P_B_count",24,418
count_plus_PE_count,239,0.25456761255714616,0.31003413776601774,0.8892640243528103,"intercept,P:9.9,P:9.6,P:10.0,B:9.0,B:9.7,B:10.1,B:10.2,B:10.6,B:10.10,B:11.2,B:11.9,E:10.7,E:11.10,P_count_eq_1,P_count_eq_2,P_count_eq_3,B_count_eq_1,B_count_2_3,B_count_4_5,B_count_6_8,E_count_eq_1,E_count_eq_2,P_E_count",24,418
count_plus_BE_count,239,0.38665706655148413,0.45635524116126075,0.7600748423916057,"intercept,P:9.9,P:9.6,P:10.0,B:9.0,B:9.7,B:10.1,B:10.2,B:10.6,B:10.10,B:11.2,B:11.9,E:10.7,E:11.10,P_count_eq_1,P_count_eq_2,P_count_eq_3,B_count_eq_1,B_count_2_3,B_count_4_5,B_count_6_8,E_count_eq_1,E_count_eq_2,B_E_count",24,418
count_plus_all_pairs,239,0.2279074901682107,0.28167096533785607,0.9085983853597959,"intercept,P:9.9,P:9.6,P:10.0,B:9.0,B:9.7,B:10.1,B:10.2,B:10.6,B:10.10,B:11.2,B:11.9,E:10.7,E:11.10,P_count_eq_1,P_count_eq_2,P_count_eq_3,B_count_eq_1,B_count_2_3,B_count_4_5,B_count_6_8,E_count_eq_1,E_count_eq_2,P_B_count,P_E_count,B_E_count",26,418
additive_head,239,0.39525814146321386,0.46670259783006973,0.7482490389556258,"intercept,P:9.9,P:9.6,P:10.0,B:9.0,B:9.7,B:10.1,B:10.2,B:10.6,B:10.10,B:11.2,B:11.9,E:10.7,E:11.10",14,419
count_additive,239,0.3983719861182522,0.4718811325196548,0.7426311828376619,"intercept,P:9.9,P:9.6,P:10.0,B:9.0,B:9.7,B:10.1,B:10.2,B:10.6,B:10.10,B:11.2,B:11.9,E:10.7,E:11.10,P_count_eq_1,P_count_eq_2,P_count_eq_3,B_count_eq_1,B_count_2_3,B_count_4_5,B_count_6_8,E_count_eq_1,E_count_eq_2",23,419
count_plus_PB_count,239,0.388486931680248,0.452866266723953,0.7629550844399764,"intercept,P:9.9,P:9.6,P:10.0,B:9.0,B:9.7,B:10.1,B:10.2,B:10.6,B:10.10,B:11.2,B:11.9,E:10.7,E:11.10,P_count_eq_1,P_count_eq_2,P_count_eq_3,B_count_eq_1,B_count_2_3,B_count_4_5,B_count_6_8,E_count_eq_1,E_count_eq_2,P_B_count",24,419
count_plus_PE_count,239,0.2641167976641181,0.32112941729752964,0.8808069637188445,"intercept,P:9.9,P:9.6,P:10.0,B:9.0,B:9.7,B:10.1,B:10.2,B:10.6,B:10.10,B:11.2,B:11.9,E:10.7,E:11.10,P_count_eq_1,P_count_eq_2,P_count_eq_3,B_count_eq_1,B_count_2_3,B_count_4_5,B_count_6_8,E_count_eq_1,E_count_eq_2,P_E_count",24,419
count_plus_BE_count,239,0.39547283176130077,0.46625849195240043,0.7487279344519964,"intercept,P:9.9,P:9.6,P:10.0,B:9.0,B:9.7,B:10.1,B:10.2,B:10.6,B:10.10,B:11.2,B:11.9,E:10.7,E:11.10,P_count_eq_1,P_count_eq_2,P_count_eq_3,B_count_eq_1,B_count_2_3,B_count_4_5,B_count_6_8,E_count_eq_1,E_count_eq_2,B_E_count",24,419
count_plus_all_pairs,239,0.23693640422956397,0.29280012634965824,0.9009092261485373,"intercept,P:9.9,P:9.6,P:10.0,B:9.0,B:9.7,B:10.1,B:10.2,B:10.6,B:10.10,B:11.2,B:11.9,E:10.7,E:11.10,P_count_eq_1,P_count_eq_2,P_count_eq_3,B_count_eq_1,B_count_2_3,B_count_4_5,B_count_6_8,E_count_eq_1,E_count_eq_2,P_B_count,P_E_count,B_E_count",26,419
additive_head,239,0.37481824465047076,0.4425037929541178,0.7661253448926876,"intercept,P:9.9,P:9.6,P:10.0,B:9.0,B:9.7,B:10.1,B:10.2,B:10.6,B:10.10,B:11.2,B:11.9,E:10.7,E:11.10",14,420
count_additive,239,0.3783902930742404,0.44799493716388344,0.7602849082281595,"intercept,P:9.9,P:9.6,P:10.0,B:9.0,B:9.7,B:10.1,B:10.2,B:10.6,B:10.10,B:11.2,B:11.9,E:10.7,E:11.10,P_count_eq_1,P_count_eq_2,P_count_eq_3,B_count_eq_1,B_count_2_3,B_count_4_5,B_count_6_8,E_count_eq_1,E_count_eq_2",23,420
count_plus_PB_count,239,0.36982613811584303,0.4309722634953406,0.7781559392110872,"intercept,P:9.9,P:9.6,P:10.0,B:9.0,B:9.7,B:10.1,B:10.2,B:10.6,B:10.10,B:11.2,B:11.9,E:10.7,E:11.10,P_count_eq_1,P_count_eq_2,P_count_eq_3,B_count_eq_1,B_count_2_3,B_count_4_5,B_count_6_8,E_count_eq_1,E_count_eq_2,P_B_count",24,420
count_plus_PE_count,239,0.24887422660752742,0.30339722241085904,0.8900557892889168,"intercept,P:9.9,P:9.6,P:10.0,B:9.0,B:9.7,B:10.1,B:10.2,B:10.6,B:10.10,B:11.2,B:11.9,E:10.7,E:11.10,P_count_eq_1,P_count_eq_2,P_count_eq_3,B_count_eq_1,B_count_2_3,B_count_4_5,B_count_6_8,E_count_eq_1,E_count_eq_2,P_E_count",24,420
count_plus_BE_count,239,0.37540390116131134,0.44212142348027295,0.7665293545003515,"intercept,P:9.9,P:9.6,P:10.0,B:9.0,B:9.7,B:10.1,B:10.2,B:10.6,B:10.10,B:11.2,B:11.9,E:10.7,E:11.10,P_count_eq_1,P_count_eq_2,P_count_eq_3,B_count_eq_1,B_count_2_3,B_count_4_5,B_count_6_8,E_count_eq_1,E_count_eq_2,B_E_count",24,420
count_plus_all_pairs,239,0.2234973355977149,0.27714096158185797,0.908261717790719,"intercept,P:9.9,P:9.6,P:10.0,B:9.0,B:9.7,B:10.1,B:10.2,B:10.6,B:10.10,B:11.2,B:11.9,E:10.7,E:11.10,P_count_eq_1,P_count_eq_2,P_count_eq_3,B_count_eq_1,B_count_2_3,B_count_4_5,B_count_6_8,E_count_eq_1,E_count_eq_2,P_B_count,P_E_count,B_E_count",26,420
additive_head,239,0.36846154081341165,0.436787396158022,0.7644711279041377,"intercept,P:9.9,P:9.6,P:10.0,B:9.0,B:9.7,B:10.1,B:10.2,B:10.6,B:10.10,B:11.2,B:11.9,E:10.7,E:11.10",14,421
count_additive,239,0.37129217338029596,0.44173285086992237,0.7591074590089244,"intercept,P:9.9,P:9.6,P:10.0,B:9.0,B:9.7,B:10.1,B:10.2,B:10.6,B:10.10,B:11.2,B:11.9,E:10.7,E:11.10,P_count_eq_1,P_count_eq_2,P_count_eq_3,B_count_eq_1,B_count_2_3,B_count_4_5,B_count_6_8,E_count_eq_1,E_count_eq_2",23,421
count_plus_PB_count,239,0.3608761622432066,0.42230134635655187,0.7798346913557692,"intercept,P:9.9,P:9.6,P:10.0,B:9.0,B:9.7,B:10.1,B:10.2,B:10.6,B:10.10,B:11.2,B:11.9,E:10.7,E:11.10,P_count_eq_1,P_count_eq_2,P_count_eq_3,B_count_eq_1,B_count_2_3,B_count_4_5,B_count_6_8,E_count_eq_1,E_count_eq_2,P_B_count",24,421
count_plus_PE_count,239,0.24578265778587835,0.2997643643837956,0.8890661813752422,"intercept,P:9.9,P:9.6,P:10.0,B:9.0,B:9.7,B:10.1,B:10.2,B:10.6,B:10.10,B:11.2,B:11.9,E:10.7,E:11.10,P_count_eq_1,P_count_eq_2,P_count_eq_3,B_count_eq_1,B_count_2_3,B_count_4_5,B_count_6_8,E_count_eq_1,E_count_eq_2,P_E_count",24,421
count_plus_BE_count,239,0.36782909920280404,0.43617482332668056,0.7651312999580948,"intercept,P:9.9,P:9.6,P:10.0,B:9.0,B:9.7,B:10.1,B:10.2,B:10.6,B:10.10,B:11.2,B:11.9,E:10.7,E:11.10,P_count_eq_1,P_count_eq_2,P_count_eq_3,B_count_eq_1,B_count_2_3,B_count_4_5,B_count_6_8,E_count_eq_1,E_count_eq_2,B_E_count",24,421
count_plus_all_pairs,239,0.2190123119973564,0.2708329816973277,0.909446121027548,"intercept,P:9.9,P:9.6,P:10.0,B:9.0,B:9.7,B:10.1,B:10.2,B:10.6,B:10.10,B:11.2,B:11.9,E:10.7,E:11.10,P_count_eq_1,P_count_eq_2,P_count_eq_3,B_count_eq_1,B_count_2_3,B_count_4_5,B_count_6_8,E_count_eq_1,E_count_eq_2,P_B_count,P_E_count,B_E_count",26,421
additive_head,239,0.39846576373492143,0.4691760640586648,0.763593239364418,"intercept,P:9.9,P:9.6,P:10.0,B:9.0,B:9.7,B:10.1,B:10.2,B:10.6,B:10.10,B:11.2,B:11.9,E:10.7,E:11.10",14,422
count_additive,239,0.40196376948782797,0.47469118636393737,0.7580026928870971,"intercept,P:9.9,P:9.6,P:10.0,B:9.0,B:9.7,B:10.1,B:10.2,B:10.6,B:10.10,B:11.2,B:11.9,E:10.7,E:11.10,P_count_eq_1,P_count_eq_2,P_count_eq_3,B_count_eq_1,B_count_2_3,B_count_4_5,B_count_6_8,E_count_eq_1,E_count_eq_2",23,422
count_plus_PB_count,239,0.39157408724774073,0.4549293819695282,0.77773239450608,"intercept,P:9.9,P:9.6,P:10.0,B:9.0,B:9.7,B:10.1,B:10.2,B:10.6,B:10.10,B:11.2,B:11.9,E:10.7,E:11.10,P_count_eq_1,P_count_eq_2,P_count_eq_3,B_count_eq_1,B_count_2_3,B_count_4_5,B_count_6_8,E_count_eq_1,E_count_eq_2,P_B_count",24,422
count_plus_PE_count,239,0.2652251778058621,0.3208700275087587,0.8894276601529534,"intercept,P:9.9,P:9.6,P:10.0,B:9.0,B:9.7,B:10.1,B:10.2,B:10.6,B:10.10,B:11.2,B:11.9,E:10.7,E:11.10,P_count_eq_1,P_count_eq_2,P_count_eq_3,B_count_eq_1,B_count_2_3,B_count_4_5,B_count_6_8,E_count_eq_1,E_count_eq_2,P_E_count",24,422
count_plus_BE_count,239,0.3991730928610736,0.46964989944002317,0.763115489277288,"intercept,P:9.9,P:9.6,P:10.0,B:9.0,B:9.7,B:10.1,B:10.2,B:10.6,B:10.10,B:11.2,B:11.9,E:10.7,E:11.10,P_count_eq_1,P_count_eq_2,P_count_eq_3,B_count_eq_1,B_count_2_3,B_count_4_5,B_count_6_8,E_count_eq_1,E_count_eq_2,B_E_count",24,422
count_plus_all_pairs,239,0.23701447318008426,0.29212269008388103,0.9083528889468575,"intercept,P:9.9,P:9.6,P:10.0,B:9.0,B:9.7,B:10.1,B:10.2,B:10.6,B:10.10,B:11.2,B:11.9,E:10.7,E:11.10,P_count_eq_1,P_count_eq_2,P_count_eq_3,B_count_eq_1,B_count_2_3,B_count_4_5,B_count_6_8,E_count_eq_1,E_count_eq_2,P_B_count,P_E_count,B_E_count",26,422
additive_head,239,0.3732669182391822,0.443394984412164,0.7678061782345921,"intercept,P:9.9,P:9.6,P:10.0,B:9.0,B:9.7,B:10.1,B:10.2,B:10.6,B:10.10,B:11.2,B:11.9,E:10.7,E:11.10",14,423
count_additive,239,0.37571866945645654,0.4477360278563178,0.7632373503529005,"intercept,P:9.9,P:9.6,P:10.0,B:9.0,B:9.7,B:10.1,B:10.2,B:10.6,B:10.10,B:11.2,B:11.9,E:10.7,E:11.10,P_count_eq_1,P_count_eq_2,P_count_eq_3,B_count_eq_1,B_count_2_3,B_count_4_5,B_count_6_8,E_count_eq_1,E_count_eq_2",23,423
count_plus_PB_count,239,0.3642618371245184,0.42663625800908767,0.7850266468889378,"intercept,P:9.9,P:9.6,P:10.0,B:9.0,B:9.7,B:10.1,B:10.2,B:10.6,B:10.10,B:11.2,B:11.9,E:10.7,E:11.10,P_count_eq_1,P_count_eq_2,P_count_eq_3,B_count_eq_1,B_count_2_3,B_count_4_5,B_count_6_8,E_count_eq_1,E_count_eq_2,P_B_count",24,423
count_plus_PE_count,239,0.25249255865354725,0.3070327261203052,0.8886632743347241,"intercept,P:9.9,P:9.6,P:10.0,B:9.0,B:9.7,B:10.1,B:10.2,B:10.6,B:10.10,B:11.2,B:11.9,E:10.7,E:11.10,P_count_eq_1,P_count_eq_2,P_count_eq_3,B_count_eq_1,B_count_2_3,B_count_4_5,B_count_6_8,E_count_eq_1,E_count_eq_2,P_E_count",24,423
count_plus_BE_count,239,0.37166884561087804,0.4423830209945982,0.7688648438620959,"intercept,P:9.9,P:9.6,P:10.0,B:9.0,B:9.7,B:10.1,B:10.2,B:10.6,B:10.10,B:11.2,B:11.9,E:10.7,E:11.10,P_count_eq_1,P_count_eq_2,P_count_eq_3,B_count_eq_1,B_count_2_3,B_count_4_5,B_count_6_8,E_count_eq_1,E_count_eq_2,B_E_count",24,423
count_plus_all_pairs,239,0.2236554234770503,0.27612155539347044,0.909952900222011,"intercept,P:9.9,P:9.6,P:10.0,B:9.0,B:9.7,B:10.1,B:10.2,B:10.6,B:10.10,B:11.2,B:11.9,E:10.7,E:11.10,P_count_eq_1,P_count_eq_2,P_count_eq_3,B_count_eq_1,B_count_2_3,B_count_4_5,B_count_6_8,E_count_eq_1,E_count_eq_2,P_B_count,P_E_count,B_E_count",26,423
additive_head,239,0.37762687237456916,0.44633098880600697,0.7704214248483476,"intercept,P:9.9,P:9.6,P:10.0,B:9.0,B:9.7,B:10.1,B:10.2,B:10.6,B:10.10,B:11.2,B:11.9,E:10.7,E:11.10",14,424
count_additive,239,0.3806126475380518,0.45093091044663686,0.765664931056094,"intercept,P:9.9,P:9.6,P:10.0,B:9.0,B:9.7,B:10.1,B:10.2,B:10.6,B:10.10,B:11.2,B:11.9,E:10.7,E:11.10,P_count_eq_1,P_count_eq_2,P_count_eq_3,B_count_eq_1,B_count_2_3,B_count_4_5,B_count_6_8,E_count_eq_1,E_count_eq_2",23,424
count_plus_PB_count,239,0.3696864526335984,0.43141828067476007,0.7855063885286709,"intercept,P:9.9,P:9.6,P:10.0,B:9.0,B:9.7,B:10.1,B:10.2,B:10.6,B:10.10,B:11.2,B:11.9,E:10.7,E:11.10,P_count_eq_1,P_count_eq_2,P_count_eq_3,B_count_eq_1,B_count_2_3,B_count_4_5,B_count_6_8,E_count_eq_1,E_count_eq_2,P_B_count",24,424
count_plus_PE_count,239,0.2534412781082724,0.3074401752591188,0.891072255205123,"intercept,P:9.9,P:9.6,P:10.0,B:9.0,B:9.7,B:10.1,B:10.2,B:10.6,B:10.10,B:11.2,B:11.9,E:10.7,E:11.10,P_count_eq_1,P_count_eq_2,P_count_eq_3,B_count_eq_1,B_count_2_3,B_count_4_5,B_count_6_8,E_count_eq_1,E_count_eq_2,P_E_count",24,424
count_plus_BE_count,239,0.3772044588769689,0.44576094370263536,0.7710074767851687,"intercept,P:9.9,P:9.6,P:10.0,B:9.0,B:9.7,B:10.1,B:10.2,B:10.6,B:10.10,B:11.2,B:11.9,E:10.7,E:11.10,P_count_eq_1,P_count_eq_2,P_count_eq_3,B_count_eq_1,B_count_2_3,B_count_4_5,B_count_6_8,E_count_eq_1,E_count_eq_2,B_E_count",24,424
count_plus_all_pairs,239,0.22601640151590302,0.2788083151725659,0.9104163572598091,"intercept,P:9.9,P:9.6,P:10.0,B:9.0,B:9.7,B:10.1,B:10.2,B:10.6,B:10.10,B:11.2,B:11.9,E:10.7,E:11.10,P_count_eq_1,P_count_eq_2,P_count_eq_3,B_count_eq_1,B_count_2_3,B_count_4_5,B_count_6_8,E_count_eq_1,E_count_eq_2,P_B_count,P_E_count,B_E_count",26,424
additive_head,239,0.39054472002391666,0.4611652449744994,0.7601117616540127,"intercept,P:9.9,P:9.6,P:10.0,B:9.0,B:9.7,B:10.1,B:10.2,B:10.6,B:10.10,B:11.2,B:11.9,E:10.7,E:11.10",14,425
count_additive,239,0.3939275916580847,0.4663000543540918,0.7547399866891218,"intercept,P:9.9,P:9.6,P:10.0,B:9.0,B:9.7,B:10.1,B:10.2,B:10.6,B:10.10,B:11.2,B:11.9,E:10.7,E:11.10,P_count_eq_1,P_count_eq_2,P_count_eq_3,B_count_eq_1,B_count_2_3,B_count_4_5,B_count_6_8,E_count_eq_1,E_count_eq_2",23,425
count_plus_PB_count,239,0.38422757872234176,0.44784758320468776,0.773766827803158,"intercept,P:9.9,P:9.6,P:10.0,B:9.0,B:9.7,B:10.1,B:10.2,B:10.6,B:10.10,B:11.2,B:11.9,E:10.7,E:11.10,P_count_eq_1,P_count_eq_2,P_count_eq_3,B_count_eq_1,B_count_2_3,B_count_4_5,B_count_6_8,E_count_eq_1,E_count_eq_2,P_B_count",24,425
count_plus_PE_count,239,0.25752214352062025,0.3135703429499086,0.8890912585007882,"intercept,P:9.9,P:9.6,P:10.0,B:9.0,B:9.7,B:10.1,B:10.2,B:10.6,B:10.10,B:11.2,B:11.9,E:10.7,E:11.10,P_count_eq_1,P_count_eq_2,P_count_eq_3,B_count_eq_1,B_count_2_3,B_count_4_5,B_count_6_8,E_count_eq_1,E_count_eq_2,P_E_count",24,425
count_plus_BE_count,239,0.39055818052124797,0.46012156373200425,0.7611963340489785,"intercept,P:9.9,P:9.6,P:10.0,B:9.0,B:9.7,B:10.1,B:10.2,B:10.6,B:10.10,B:11.2,B:11.9,E:10.7,E:11.10,P_count_eq_1,P_count_eq_2,P_count_eq_3,B_count_eq_1,B_count_2_3,B_count_4_5,B_count_6_8,E_count_eq_1,E_count_eq_2,B_E_count",24,425
count_plus_all_pairs,239,0.2303705279819697,0.28508545604447644,0.9083260511322668,"intercept,P:9.9,P:9.6,P:10.0,B:9.0,B:9.7,B:10.1,B:10.2,B:10.6,B:10.10,B:11.2,B:11.9,E:10.7,E:11.10,P_count_eq_1,P_count_eq_2,P_count_eq_3,B_count_eq_1,B_count_2_3,B_count_4_5,B_count_6_8,E_count_eq_1,E_count_eq_2,P_B_count,P_E_count,B_E_count",26,425
additive_head,239,0.3848710425116065,0.4591301035756569,0.7748104389259922,"intercept,P:9.9,P:9.6,P:10.0,B:9.0,B:9.7,B:10.1,B:10.2,B:10.6,B:10.10,B:11.2,B:11.9,E:10.7,E:11.10",14,426
count_additive,239,0.38782674121405314,0.46343934492097916,0.7705634942530334,"intercept,P:9.9,P:9.6,P:10.0,B:9.0,B:9.7,B:10.1,B:10.2,B:10.6,B:10.10,B:11.2,B:11.9,E:10.7,E:11.10,P_count_eq_1,P_count_eq_2,P_count_eq_3,B_count_eq_1,B_count_2_3,B_count_4_5,B_count_6_8,E_count_eq_1,E_count_eq_2",23,426
count_plus_PB_count,239,0.3756031546935168,0.44109724157779073,0.7921522151011899,"intercept,P:9.9,P:9.6,P:10.0,B:9.0,B:9.7,B:10.1,B:10.2,B:10.6,B:10.10,B:11.2,B:11.9,E:10.7,E:11.10,P_count_eq_1,P_count_eq_2,P_count_eq_3,B_count_eq_1,B_count_2_3,B_count_4_5,B_count_6_8,E_count_eq_1,E_count_eq_2,P_B_count",24,426
count_plus_PE_count,239,0.2591528703451216,0.31621948464408006,0.8931796566119651,"intercept,P:9.9,P:9.6,P:10.0,B:9.0,B:9.7,B:10.1,B:10.2,B:10.6,B:10.10,B:11.2,B:11.9,E:10.7,E:11.10,P_count_eq_1,P_count_eq_2,P_count_eq_3,B_count_eq_1,B_count_2_3,B_count_4_5,B_count_6_8,E_count_eq_1,E_count_eq_2,P_E_count",24,426
count_plus_BE_count,239,0.3842325391794861,0.45865810300764126,0.7752732052109315,"intercept,P:9.9,P:9.6,P:10.0,B:9.0,B:9.7,B:10.1,B:10.2,B:10.6,B:10.10,B:11.2,B:11.9,E:10.7,E:11.10,P_count_eq_1,P_count_eq_2,P_count_eq_3,B_count_eq_1,B_count_2_3,B_count_4_5,B_count_6_8,E_count_eq_1,E_count_eq_2,B_E_count",24,426
count_plus_all_pairs,239,0.23040144045770172,0.2843480535776379,0.9136271527571516,"intercept,P:9.9,P:9.6,P:10.0,B:9.0,B:9.7,B:10.1,B:10.2,B:10.6,B:10.10,B:11.2,B:11.9,E:10.7,E:11.10,P_count_eq_1,P_count_eq_2,P_count_eq_3,B_count_eq_1,B_count_2_3,B_count_4_5,B_count_6_8,E_count_eq_1,E_count_eq_2,P_B_count,P_E_count,B_E_count",26,426
additive_head,239,0.39211916039888556,0.4627653787850477,0.7523906496553489,"intercept,P:9.9,P:9.6,P:10.0,B:9.0,B:9.7,B:10.1,B:10.2,B:10.6,B:10.10,B:11.2,B:11.9,E:10.7,E:11.10",14,427
count_additive,239,0.395423207567502,0.4680618794802354,0.7466902743976358,"intercept,P:9.9,P:9.6,P:10.0,B:9.0,B:9.7,B:10.1,B:10.2,B:10.6,B:10.10,B:11.2,B:11.9,E:10.7,E:11.10,P_count_eq_1,P_count_eq_2,P_count_eq_3,B_count_eq_1,B_count_2_3,B_count_4_5,B_count_6_8,E_count_eq_1,E_count_eq_2",23,427
count_plus_PB_count,239,0.385093990308734,0.4487196289476668,0.7671933101637567,"intercept,P:9.9,P:9.6,P:10.0,B:9.0,B:9.7,B:10.1,B:10.2,B:10.6,B:10.10,B:11.2,B:11.9,E:10.7,E:11.10,P_count_eq_1,P_count_eq_2,P_count_eq_3,B_count_eq_1,B_count_2_3,B_count_4_5,B_count_6_8,E_count_eq_1,E_count_eq_2,P_B_count",24,427
count_plus_PE_count,239,0.2621878015751771,0.3181127740554385,0.8829941602560845,"intercept,P:9.9,P:9.6,P:10.0,B:9.0,B:9.7,B:10.1,B:10.2,B:10.6,B:10.10,B:11.2,B:11.9,E:10.7,E:11.10,P_count_eq_1,P_count_eq_2,P_count_eq_3,B_count_eq_1,B_count_2_3,B_count_4_5,B_count_6_8,E_count_eq_1,E_count_eq_2,P_E_count",24,427
count_plus_BE_count,239,0.39203591924830583,0.4630122609018884,0.7521263834432826,"intercept,P:9.9,P:9.6,P:10.0,B:9.0,B:9.7,B:10.1,B:10.2,B:10.6,B:10.10,B:11.2,B:11.9,E:10.7,E:11.10,P_count_eq_1,P_count_eq_2,P_count_eq_3,B_count_eq_1,B_count_2_3,B_count_4_5,B_count_6_8,E_count_eq_1,E_count_eq_2,B_E_count",24,427
count_plus_all_pairs,239,0.23488336060802034,0.28993317257025436,0.9028056240393451,"intercept,P:9.9,P:9.6,P:10.0,B:9.0,B:9.7,B:10.1,B:10.2,B:10.6,B:10.10,B:11.2,B:11.9,E:10.7,E:11.10,P_count_eq_1,P_count_eq_2,P_count_eq_3,B_count_eq_1,B_count_2_3,B_count_4_5,B_count_6_8,E_count_eq_1,E_count_eq_2,P_B_count,P_E_count,B_E_count",26,427
additive_head,239,0.38832327573954983,0.45937139992877357,0.7504339674174633,"intercept,P:9.9,P:9.6,P:10.0,B:9.0,B:9.7,B:10.1,B:10.2,B:10.6,B:10.10,B:11.2,B:11.9,E:10.7,E:11.10",14,428
count_additive,239,0.39141136311179653,0.4647216337926437,0.7445867932340114,"intercept,P:9.9,P:9.6,P:10.0,B:9.0,B:9.7,B:10.1,B:10.2,B:10.6,B:10.10,B:11.2,B:11.9,E:10.7,E:11.10,P_count_eq_1,P_count_eq_2,P_count_eq_3,B_count_eq_1,B_count_2_3,B_count_4_5,B_count_6_8,E_count_eq_1,E_count_eq_2",23,428
count_plus_PB_count,239,0.38210018972421367,0.447000939929379,0.7636941670369062,"intercept,P:9.9,P:9.6,P:10.0,B:9.0,B:9.7,B:10.1,B:10.2,B:10.6,B:10.10,B:11.2,B:11.9,E:10.7,E:11.10,P_count_eq_1,P_count_eq_2,P_count_eq_3,B_count_eq_1,B_count_2_3,B_count_4_5,B_count_6_8,E_count_eq_1,E_count_eq_2,P_B_count",24,428
count_plus_PE_count,239,0.2565590279743944,0.31231525041863717,0.8846430002930743,"intercept,P:9.9,P:9.6,P:10.0,B:9.0,B:9.7,B:10.1,B:10.2,B:10.6,B:10.10,B:11.2,B:11.9,E:10.7,E:11.10,P_count_eq_1,P_count_eq_2,P_count_eq_3,B_count_eq_1,B_count_2_3,B_count_4_5,B_count_6_8,E_count_eq_1,E_count_eq_2,P_E_count",24,428
count_plus_BE_count,239,0.38812866945076413,0.45869640695327674,0.7511668452421103,"intercept,P:9.9,P:9.6,P:10.0,B:9.0,B:9.7,B:10.1,B:10.2,B:10.6,B:10.10,B:11.2,B:11.9,E:10.7,E:11.10,P_count_eq_1,P_count_eq_2,P_count_eq_3,B_count_eq_1,B_count_2_3,B_count_4_5,B_count_6_8,E_count_eq_1,E_count_eq_2,B_E_count",24,428
count_plus_all_pairs,239,0.23029804183186825,0.28470192942584643,0.9041397869394024,"intercept,P:9.9,P:9.6,P:10.0,B:9.0,B:9.7,B:10.1,B:10.2,B:10.6,B:10.10,B:11.2,B:11.9,E:10.7,E:11.10,P_count_eq_1,P_count_eq_2,P_count_eq_3,B_count_eq_1,B_count_2_3,B_count_4_5,B_count_6_8,E_count_eq_1,E_count_eq_2,P_B_count,P_E_count,B_E_count",26,428
additive_head,239,0.39248417100450783,0.46582477026754776,0.7693784793627517,"intercept,P:9.9,P:9.6,P:10.0,B:9.0,B:9.7,B:10.1,B:10.2,B:10.6,B:10.10,B:11.2,B:11.9,E:10.7,E:11.10",14,429
count_additive,239,0.3960739586099874,0.4710427027510827,0.7641829322082031,"intercept,P:9.9,P:9.6,P:10.0,B:9.0,B:9.7,B:10.1,B:10.2,B:10.6,B:10.10,B:11.2,B:11.9,E:10.7,E:11.10,P_count_eq_1,P_count_eq_2,P_count_eq_3,B_count_eq_1,B_count_2_3,B_count_4_5,B_count_6_8,E_count_eq_1,E_count_eq_2",23,429
count_plus_PB_count,239,0.38399727418547375,0.44934805318401577,0.7854046024564861,"intercept,P:9.9,P:9.6,P:10.0,B:9.0,B:9.7,B:10.1,B:10.2,B:10.6,B:10.10,B:11.2,B:11.9,E:10.7,E:11.10,P_count_eq_1,P_count_eq_2,P_count_eq_3,B_count_eq_1,B_count_2_3,B_count_4_5,B_count_6_8,E_count_eq_1,E_count_eq_2,P_B_count",24,429
count_plus_PE_count,239,0.26413754315079474,0.3217800422035233,0.8899543492089863,"intercept,P:9.9,P:9.6,P:10.0,B:9.0,B:9.7,B:10.1,B:10.2,B:10.6,B:10.10,B:11.2,B:11.9,E:10.7,E:11.10,P_count_eq_1,P_count_eq_2,P_count_eq_3,B_count_eq_1,B_count_2_3,B_count_4_5,B_count_6_8,E_count_eq_1,E_count_eq_2,P_E_count",24,429
count_plus_BE_count,239,0.3926175737176373,0.4662803795410222,0.7689271307239396,"intercept,P:9.9,P:9.6,P:10.0,B:9.0,B:9.7,B:10.1,B:10.2,B:10.6,B:10.10,B:11.2,B:11.9,E:10.7,E:11.10,P_count_eq_1,P_count_eq_2,P_count_eq_3,B_count_eq_1,B_count_2_3,B_count_4_5,B_count_6_8,E_count_eq_1,E_count_eq_2,B_E_count",24,429
count_plus_all_pairs,239,0.23533340952601073,0.2908892671537379,0.9100688660453636,"intercept,P:9.9,P:9.6,P:10.0,B:9.0,B:9.7,B:10.1,B:10.2,B:10.6,B:10.10,B:11.2,B:11.9,E:10.7,E:11.10,P_count_eq_1,P_count_eq_2,P_count_eq_3,B_count_eq_1,B_count_2_3,B_count_4_5,B_count_6_8,E_count_eq_1,E_count_eq_2,P_B_count,P_E_count,B_E_count",26,429
additive_head,239,0.4026487303501856,0.4740771927755629,0.7501757876735634,"intercept,P:9.9,P:9.6,P:10.0,B:9.0,B:9.7,B:10.1,B:10.2,B:10.6,B:10.10,B:11.2,B:11.9,E:10.7,E:11.10",14,430
count_additive,239,0.40694369433351807,0.4800782482899478,0.7438110108891165,"intercept,P:9.9,P:9.6,P:10.0,B:9.0,B:9.7,B:10.1,B:10.2,B:10.6,B:10.10,B:11.2,B:11.9,E:10.7,E:11.10,P_count_eq_1,P_count_eq_2,P_count_eq_3,B_count_eq_1,B_count_2_3,B_count_4_5,B_count_6_8,E_count_eq_1,E_count_eq_2",23,430
count_plus_PB_count,239,0.3963453586504718,0.46017510188292715,0.7646129120730538,"intercept,P:9.9,P:9.6,P:10.0,B:9.0,B:9.7,B:10.1,B:10.2,B:10.6,B:10.10,B:11.2,B:11.9,E:10.7,E:11.10,P_count_eq_1,P_count_eq_2,P_count_eq_3,B_count_eq_1,B_count_2_3,B_count_4_5,B_count_6_8,E_count_eq_1,E_count_eq_2,P_B_count",24,430
count_plus_PE_count,239,0.2731673490994477,0.3305173808695461,0.8785702762469594,"intercept,P:9.9,P:9.6,P:10.0,B:9.0,B:9.7,B:10.1,B:10.2,B:10.6,B:10.10,B:11.2,B:11.9,E:10.7,E:11.10,P_count_eq_1,P_count_eq_2,P_count_eq_3,B_count_eq_1,B_count_2_3,B_count_4_5,B_count_6_8,E_count_eq_1,E_count_eq_2,P_E_count",24,430
count_plus_BE_count,239,0.40491732115244394,0.4754350435802707,0.7487426463403333,"intercept,P:9.9,P:9.6,P:10.0,B:9.0,B:9.7,B:10.1,B:10.2,B:10.6,B:10.10,B:11.2,B:11.9,E:10.7,E:11.10,P_count_eq_1,P_count_eq_2,P_count_eq_3,B_count_eq_1,B_count_2_3,B_count_4_5,B_count_6_8,E_count_eq_1,E_count_eq_2,B_E_count",24,430
count_plus_all_pairs,239,0.2452654631800109,0.30227091418826535,0.8984384966552402,"intercept,P:9.9,P:9.6,P:10.0,B:9.0,B:9.7,B:10.1,B:10.2,B:10.6,B:10.10,B:11.2,B:11.9,E:10.7,E:11.10,P_count_eq_1,P_count_eq_2,P_count_eq_3,B_count_eq_1,B_count_2_3,B_count_4_5,B_count_6_8,E_count_eq_1,E_count_eq_2,P_B_count,P_E_count,B_E_count",26,430
additive_head,239,0.3915340769246947,0.4601177279385976,0.7490759719142783,"intercept,P:9.9,P:9.6,P:10.0,B:9.0,B:9.7,B:10.1,B:10.2,B:10.6,B:10.10,B:11.2,B:11.9,E:10.7,E:11.10",14,431
count_additive,239,0.39515338978156184,0.4651727439101969,0.743532205288099,"intercept,P:9.9,P:9.6,P:10.0,B:9.0,B:9.7,B:10.1,B:10.2,B:10.6,B:10.10,B:11.2,B:11.9,E:10.7,E:11.10,P_count_eq_1,P_count_eq_2,P_count_eq_3,B_count_eq_1,B_count_2_3,B_count_4_5,B_count_6_8,E_count_eq_1,E_count_eq_2",23,431
count_plus_PB_count,239,0.3865449172033666,0.4474314669600072,0.7627220588803958,"intercept,P:9.9,P:9.6,P:10.0,B:9.0,B:9.7,B:10.1,B:10.2,B:10.6,B:10.10,B:11.2,B:11.9,E:10.7,E:11.10,P_count_eq_1,P_count_eq_2,P_count_eq_3,B_count_eq_1,B_count_2_3,B_count_4_5,B_count_6_8,E_count_eq_1,E_count_eq_2,P_B_count",24,431
count_plus_PE_count,239,0.2594960363677648,0.31446052430433724,0.8827975781707817,"intercept,P:9.9,P:9.6,P:10.0,B:9.0,B:9.7,B:10.1,B:10.2,B:10.6,B:10.10,B:11.2,B:11.9,E:10.7,E:11.10,P_count_eq_1,P_count_eq_2,P_count_eq_3,B_count_eq_1,B_count_2_3,B_count_4_5,B_count_6_8,E_count_eq_1,E_count_eq_2,P_E_count",24,431
count_plus_BE_count,239,0.393137796150544,0.46056917279732246,0.7485833417585427,"intercept,P:9.9,P:9.6,P:10.0,B:9.0,B:9.7,B:10.1,B:10.2,B:10.6,B:10.10,B:11.2,B:11.9,E:10.7,E:11.10,P_count_eq_1,P_count_eq_2,P_count_eq_3,B_count_eq_1,B_count_2_3,B_count_4_5,B_count_6_8,E_count_eq_1,E_count_eq_2,B_E_count",24,431
count_plus_all_pairs,239,0.23390463544454557,0.28875582433150243,0.9011752274890297,"intercept,P:9.9,P:9.6,P:10.0,B:9.0,B:9.7,B:10.1,B:10.2,B:10.6,B:10.10,B:11.2,B:11.9,E:10.7,E:11.10,P_count_eq_1,P_count_eq_2,P_count_eq_3,B_count_eq_1,B_count_2_3,B_count_4_5,B_count_6_8,E_count_eq_1,E_count_eq_2,P_B_count,P_E_count,B_E_count",26,431
additive_head,239,0.3866582609175859,0.4557868283390309,0.7544920210340116,"intercept,P:9.9,P:9.6,P:10.0,B:9.0,B:9.7,B:10.1,B:10.2,B:10.6,B:10.10,B:11.2,B:11.9,E:10.7,E:11.10",14,432
count_additive,239,0.39059925102075105,0.4610423881726952,0.7487976009875832,"intercept,P:9.9,P:9.6,P:10.0,B:9.0,B:9.7,B:10.1,B:10.2,B:10.6,B:10.10,B:11.2,B:11.9,E:10.7,E:11.10,P_count_eq_1,P_count_eq_2,P_count_eq_3,B_count_eq_1,B_count_2_3,B_count_4_5,B_count_6_8,E_count_eq_1,E_count_eq_2",23,432
count_plus_PB_count,239,0.3805412980958611,0.4422207329980224,0.7688891842673604,"intercept,P:9.9,P:9.6,P:10.0,B:9.0,B:9.7,B:10.1,B:10.2,B:10.6,B:10.10,B:11.2,B:11.9,E:10.7,E:11.10,P_count_eq_1,P_count_eq_2,P_count_eq_3,B_count_eq_1,B_count_2_3,B_count_4_5,B_count_6_8,E_count_eq_1,E_count_eq_2,P_B_count",24,432
count_plus_PE_count,239,0.2597965483222815,0.31427373244854195,0.8832765173209393,"intercept,P:9.9,P:9.6,P:10.0,B:9.0,B:9.7,B:10.1,B:10.2,B:10.6,B:10.10,B:11.2,B:11.9,E:10.7,E:11.10,P_count_eq_1,P_count_eq_2,P_count_eq_3,B_count_eq_1,B_count_2_3,B_count_4_5,B_count_6_8,E_count_eq_1,E_count_eq_2,P_E_count",24,432
count_plus_BE_count,239,0.3883913040507294,0.45644944305202056,0.7537776719677648,"intercept,P:9.9,P:9.6,P:10.0,B:9.0,B:9.7,B:10.1,B:10.2,B:10.6,B:10.10,B:11.2,B:11.9,E:10.7,E:11.10,P_count_eq_1,P_count_eq_2,P_count_eq_3,B_count_eq_1,B_count_2_3,B_count_4_5,B_count_6_8,E_count_eq_1,E_count_eq_2,B_E_count",24,432
count_plus_all_pairs,239,0.23281262575628855,0.2873358429977977,0.9024287926567426,"intercept,P:9.9,P:9.6,P:10.0,B:9.0,B:9.7,B:10.1,B:10.2,B:10.6,B:10.10,B:11.2,B:11.9,E:10.7,E:11.10,P_count_eq_1,P_count_eq_2,P_count_eq_3,B_count_eq_1,B_count_2_3,B_count_4_5,B_count_6_8,E_count_eq_1,E_count_eq_2,P_B_count,P_E_count,B_E_count",26,432
additive_head,239,0.38644979719012285,0.45512716635199285,0.7631653799663691,"intercept,P:9.9,P:9.6,P:10.0,B:9.0,B:9.7,B:10.1,B:10.2,B:10.6,B:10.10,B:11.2,B:11.9,E:10.7,E:11.10",14,433
count_additive,239,0.38992547315083154,0.4605468814019739,0.7574912794155438,"intercept,P:9.9,P:9.6,P:10.0,B:9.0,B:9.7,B:10.1,B:10.2,B:10.6,B:10.10,B:11.2,B:11.9,E:10.7,E:11.10,P_count_eq_1,P_count_eq_2,P_count_eq_3,B_count_eq_1,B_count_2_3,B_count_4_5,B_count_6_8,E_count_eq_1,E_count_eq_2",23,433
count_plus_PB_count,239,0.37978572579081704,0.4412786263311274,0.7773588411212291,"intercept,P:9.9,P:9.6,P:10.0,B:9.0,B:9.7,B:10.1,B:10.2,B:10.6,B:10.10,B:11.2,B:11.9,E:10.7,E:11.10,P_count_eq_1,P_count_eq_2,P_count_eq_3,B_count_eq_1,B_count_2_3,B_count_4_5,B_count_6_8,E_count_eq_1,E_count_eq_2,P_B_count",24,433
count_plus_PE_count,239,0.2601070117664805,0.31511654736204137,0.8864670068696592,"intercept,P:9.9,P:9.6,P:10.0,B:9.0,B:9.7,B:10.1,B:10.2,B:10.6,B:10.10,B:11.2,B:11.9,E:10.7,E:11.10,P_count_eq_1,P_count_eq_2,P_count_eq_3,B_count_eq_1,B_count_2_3,B_count_4_5,B_count_6_8,E_count_eq_1,E_count_eq_2,P_E_count",24,433
count_plus_BE_count,239,0.38710379365849557,0.45546744455105836,0.7628111063014213,"intercept,P:9.9,P:9.6,P:10.0,B:9.0,B:9.7,B:10.1,B:10.2,B:10.6,B:10.10,B:11.2,B:11.9,E:10.7,E:11.10,P_count_eq_1,P_count_eq_2,P_count_eq_3,B_count_eq_1,B_count_2_3,B_count_4_5,B_count_6_8,E_count_eq_1,E_count_eq_2,B_E_count",24,433
count_plus_all_pairs,239,0.2326418823076639,0.2869961584695724,0.9058258224713562,"intercept,P:9.9,P:9.6,P:10.0,B:9.0,B:9.7,B:10.1,B:10.2,B:10.6,B:10.10,B:11.2,B:11.9,E:10.7,E:11.10,P_count_eq_1,P_count_eq_2,P_count_eq_3,B_count_eq_1,B_count_2_3,B_count_4_5,B_count_6_8,E_count_eq_1,E_count_eq_2,P_B_count,P_E_count,B_E_count",26,433
additive_head,239,0.40600606432747416,0.4815703112499707,0.766308842917561,"intercept,P:9.9,P:9.6,P:10.0,B:9.0,B:9.7,B:10.1,B:10.2,B:10.6,B:10.10,B:11.2,B:11.9,E:10.7,E:11.10",14,434
count_additive,239,0.4093127581171017,0.4865748492154503,0.7614265106023168,"intercept,P:9.9,P:9.6,P:10.0,B:9.0,B:9.7,B:10.1,B:10.2,B:10.6,B:10.10,B:11.2,B:11.9,E:10.7,E:11.10,P_count_eq_1,P_count_eq_2,P_count_eq_3,B_count_eq_1,B_count_2_3,B_count_4_5,B_count_6_8,E_count_eq_1,E_count_eq_2",23,434
count_plus_PB_count,239,0.39743953744537236,0.464661106499773,0.7824317524075033,"intercept,P:9.9,P:9.6,P:10.0,B:9.0,B:9.7,B:10.1,B:10.2,B:10.6,B:10.10,B:11.2,B:11.9,E:10.7,E:11.10,P_count_eq_1,P_count_eq_2,P_count_eq_3,B_count_eq_1,B_count_2_3,B_count_4_5,B_count_6_8,E_count_eq_1,E_count_eq_2,P_B_count",24,434
count_plus_PE_count,239,0.2750427707876495,0.3344701394728105,0.8872705023389045,"intercept,P:9.9,P:9.6,P:10.0,B:9.0,B:9.7,B:10.1,B:10.2,B:10.6,B:10.10,B:11.2,B:11.9,E:10.7,E:11.10,P_count_eq_1,P_count_eq_2,P_count_eq_3,B_count_eq_1,B_count_2_3,B_count_4_5,B_count_6_8,E_count_eq_1,E_count_eq_2,P_E_count",24,434
count_plus_BE_count,239,0.4055534205089181,0.48099830722530784,0.7668636648906367,"intercept,P:9.9,P:9.6,P:10.0,B:9.0,B:9.7,B:10.1,B:10.2,B:10.6,B:10.10,B:11.2,B:11.9,E:10.7,E:11.10,P_count_eq_1,P_count_eq_2,P_count_eq_3,B_count_eq_1,B_count_2_3,B_count_4_5,B_count_6_8,E_count_eq_1,E_count_eq_2,B_E_count",24,434
count_plus_all_pairs,239,0.24538509979292297,0.302685092807995,0.9076780573749459,"intercept,P:9.9,P:9.6,P:10.0,B:9.0,B:9.7,B:10.1,B:10.2,B:10.6,B:10.10,B:11.2,B:11.9,E:10.7,E:11.10,P_count_eq_1,P_count_eq_2,P_count_eq_3,B_count_eq_1,B_count_2_3,B_count_4_5,B_count_6_8,E_count_eq_1,E_count_eq_2,P_B_count,P_E_count,B_E_count",26,434
additive_head,239,0.37594166656688016,0.44464939744141774,0.7571958190238359,"intercept,P:9.9,P:9.6,P:10.0,B:9.0,B:9.7,B:10.1,B:10.2,B:10.6,B:10.10,B:11.2,B:11.9,E:10.7,E:11.10",14,435
count_additive,239,0.3788715930670243,0.4489678812713019,0.7524566347042129,"intercept,P:9.9,P:9.6,P:10.0,B:9.0,B:9.7,B:10.1,B:10.2,B:10.6,B:10.10,B:11.2,B:11.9,E:10.7,E:11.10,P_count_eq_1,P_count_eq_2,P_count_eq_3,B_count_eq_1,B_count_2_3,B_count_4_5,B_count_6_8,E_count_eq_1,E_count_eq_2",23,435
count_plus_PB_count,239,0.3685384751055645,0.4290480207682692,0.7739354052716394,"intercept,P:9.9,P:9.6,P:10.0,B:9.0,B:9.7,B:10.1,B:10.2,B:10.6,B:10.10,B:11.2,B:11.9,E:10.7,E:11.10,P_count_eq_1,P_count_eq_2,P_count_eq_3,B_count_eq_1,B_count_2_3,B_count_4_5,B_count_6_8,E_count_eq_1,E_count_eq_2,P_B_count",24,435
count_plus_PE_count,239,0.2518038828297298,0.30583514430697784,0.885132935045853,"intercept,P:9.9,P:9.6,P:10.0,B:9.0,B:9.7,B:10.1,B:10.2,B:10.6,B:10.10,B:11.2,B:11.9,E:10.7,E:11.10,P_count_eq_1,P_count_eq_2,P_count_eq_3,B_count_eq_1,B_count_2_3,B_count_4_5,B_count_6_8,E_count_eq_1,E_count_eq_2,P_E_count",24,435
count_plus_BE_count,239,0.37590895086795617,0.4445716679089714,0.7572807012072578,"intercept,P:9.9,P:9.6,P:10.0,B:9.0,B:9.7,B:10.1,B:10.2,B:10.6,B:10.10,B:11.2,B:11.9,E:10.7,E:11.10,P_count_eq_1,P_count_eq_2,P_count_eq_3,B_count_eq_1,B_count_2_3,B_count_4_5,B_count_6_8,E_count_eq_1,E_count_eq_2,B_E_count",24,435
count_plus_all_pairs,239,0.22485646037229043,0.27751678329607704,0.9054200128973395,"intercept,P:9.9,P:9.6,P:10.0,B:9.0,B:9.7,B:10.1,B:10.2,B:10.6,B:10.10,B:11.2,B:11.9,E:10.7,E:11.10,P_count_eq_1,P_count_eq_2,P_count_eq_3,B_count_eq_1,B_count_2_3,B_count_4_5,B_count_6_8,E_count_eq_1,E_count_eq_2,P_B_count,P_E_count,B_E_count",26,435
additive_head,239,0.38350818757422617,0.454715691546193,0.7717904038737587,"intercept,P:9.9,P:9.6,P:10.0,B:9.0,B:9.7,B:10.1,B:10.2,B:10.6,B:10.10,B:11.2,B:11.9,E:10.7,E:11.10",14,436
count_additive,239,0.3871152926746843,0.4594771829337481,0.7669860514807747,"intercept,P:9.9,P:9.6,P:10.0,B:9.0,B:9.7,B:10.1,B:10.2,B:10.6,B:10.10,B:11.2,B:11.9,E:10.7,E:11.10,P_count_eq_1,P_count_eq_2,P_count_eq_3,B_count_eq_1,B_count_2_3,B_count_4_5,B_count_6_8,E_count_eq_1,E_count_eq_2",23,436
count_plus_PB_count,239,0.3756709594016978,0.4386507981247987,0.7876306354486718,"intercept,P:9.9,P:9.6,P:10.0,B:9.0,B:9.7,B:10.1,B:10.2,B:10.6,B:10.10,B:11.2,B:11.9,E:10.7,E:11.10,P_count_eq_1,P_count_eq_2,P_count_eq_3,B_count_eq_1,B_count_2_3,B_count_4_5,B_count_6_8,E_count_eq_1,E_count_eq_2,P_B_count",24,436
count_plus_PE_count,239,0.2586263770210194,0.3144772735797147,0.8908477855369278,"intercept,P:9.9,P:9.6,P:10.0,B:9.0,B:9.7,B:10.1,B:10.2,B:10.6,B:10.10,B:11.2,B:11.9,E:10.7,E:11.10,P_count_eq_1,P_count_eq_2,P_count_eq_3,B_count_eq_1,B_count_2_3,B_count_4_5,B_count_6_8,E_count_eq_1,E_count_eq_2,P_E_count",24,436
count_plus_BE_count,239,0.3838528556476404,0.45473199865788694,0.771774035377257,"intercept,P:9.9,P:9.6,P:10.0,B:9.0,B:9.7,B:10.1,B:10.2,B:10.6,B:10.10,B:11.2,B:11.9,E:10.7,E:11.10,P_count_eq_1,P_count_eq_2,P_count_eq_3,B_count_eq_1,B_count_2_3,B_count_4_5,B_count_6_8,E_count_eq_1,E_count_eq_2,B_E_count",24,436
count_plus_all_pairs,239,0.23070130263687866,0.28480029887502606,0.910476943552915,"intercept,P:9.9,P:9.6,P:10.0,B:9.0,B:9.7,B:10.1,B:10.2,B:10.6,B:10.10,B:11.2,B:11.9,E:10.7,E:11.10,P_count_eq_1,P_count_eq_2,P_count_eq_3,B_count_eq_1,B_count_2_3,B_count_4_5,B_count_6_8,E_count_eq_1,E_count_eq_2,P_B_count,P_E_count,B_E_count",26,436
additive_head,239,0.3568932756737705,0.42120314490494865,0.7599646963780289,"intercept,P:9.9,P:9.6,P:10.0,B:9.0,B:9.7,B:10.1,B:10.2,B:10.6,B:10.10,B:11.2,B:11.9,E:10.7,E:11.10",14,437
count_additive,239,0.35951347367211417,0.42519542542858657,0.7553928894453912,"intercept,P:9.9,P:9.6,P:10.0,B:9.0,B:9.7,B:10.1,B:10.2,B:10.6,B:10.10,B:11.2,B:11.9,E:10.7,E:11.10,P_count_eq_1,P_count_eq_2,P_count_eq_3,B_count_eq_1,B_count_2_3,B_count_4_5,B_count_6_8,E_count_eq_1,E_count_eq_2",23,437
count_plus_PB_count,239,0.3507040953790568,0.4072723246467788,0.775579921628985,"intercept,P:9.9,P:9.6,P:10.0,B:9.0,B:9.7,B:10.1,B:10.2,B:10.6,B:10.10,B:11.2,B:11.9,E:10.7,E:11.10,P_count_eq_1,P_count_eq_2,P_count_eq_3,B_count_eq_1,B_count_2_3,B_count_4_5,B_count_6_8,E_count_eq_1,E_count_eq_2,P_B_count",24,437
count_plus_PE_count,239,0.23889128425812087,0.28941921108723445,0.8866695478577884,"intercept,P:9.9,P:9.6,P:10.0,B:9.0,B:9.7,B:10.1,B:10.2,B:10.6,B:10.10,B:11.2,B:11.9,E:10.7,E:11.10,P_count_eq_1,P_count_eq_2,P_count_eq_3,B_count_eq_1,B_count_2_3,B_count_4_5,B_count_6_8,E_count_eq_1,E_count_eq_2,P_E_count",24,437
count_plus_BE_count,239,0.35675301379752344,0.4204037177834714,0.7608749869757535,"intercept,P:9.9,P:9.6,P:10.0,B:9.0,B:9.7,B:10.1,B:10.2,B:10.6,B:10.10,B:11.2,B:11.9,E:10.7,E:11.10,P_count_eq_1,P_count_eq_2,P_count_eq_3,B_count_eq_1,B_count_2_3,B_count_4_5,B_count_6_8,E_count_eq_1,E_count_eq_2,B_E_count",24,437
count_plus_all_pairs,239,0.2133323367426696,0.2633252869076571,0.9061839717789372,"intercept,P:9.9,P:9.6,P:10.0,B:9.0,B:9.7,B:10.1,B:10.2,B:10.6,B:10.10,B:11.2,B:11.9,E:10.7,E:11.10,P_count_eq_1,P_count_eq_2,P_count_eq_3,B_count_eq_1,B_count_2_3,B_count_4_5,B_count_6_8,E_count_eq_1,E_count_eq_2,P_B_count,P_E_count,B_E_count",26,437
additive_head,239,0.36178969561606145,0.42894804462367325,0.7700474184641024,"intercept,P:9.9,P:9.6,P:10.0,B:9.0,B:9.7,B:10.1,B:10.2,B:10.6,B:10.10,B:11.2,B:11.9,E:10.7,E:11.10",14,438
count_additive,239,0.3643032278694758,0.4331324000445765,0.7655391967657877,"intercept,P:9.9,P:9.6,P:10.0,B:9.0,B:9.7,B:10.1,B:10.2,B:10.6,B:10.10,B:11.2,B:11.9,E:10.7,E:11.10,P_count_eq_1,P_count_eq_2,P_count_eq_3,B_count_eq_1,B_count_2_3,B_count_4_5,B_count_6_8,E_count_eq_1,E_count_eq_2",23,438
count_plus_PB_count,239,0.35450932833535653,0.41481114147447706,0.7849548114849703,"intercept,P:9.9,P:9.6,P:10.0,B:9.0,B:9.7,B:10.1,B:10.2,B:10.6,B:10.10,B:11.2,B:11.9,E:10.7,E:11.10,P_count_eq_1,P_count_eq_2,P_count_eq_3,B_count_eq_1,B_count_2_3,B_count_4_5,B_count_6_8,E_count_eq_1,E_count_eq_2,P_B_count",24,438
count_plus_PE_count,239,0.24158382708957946,0.2944187962805075,0.8916671994978472,"intercept,P:9.9,P:9.6,P:10.0,B:9.0,B:9.7,B:10.1,B:10.2,B:10.6,B:10.10,B:11.2,B:11.9,E:10.7,E:11.10,P_count_eq_1,P_count_eq_2,P_count_eq_3,B_count_eq_1,B_count_2_3,B_count_4_5,B_count_6_8,E_count_eq_1,E_count_eq_2,P_E_count",24,438
count_plus_BE_count,239,0.3611909453409253,0.4275944412580981,0.7714964213142403,"intercept,P:9.9,P:9.6,P:10.0,B:9.0,B:9.7,B:10.1,B:10.2,B:10.6,B:10.10,B:11.2,B:11.9,E:10.7,E:11.10,P_count_eq_1,P_count_eq_2,P_count_eq_3,B_count_eq_1,B_count_2_3,B_count_4_5,B_count_6_8,E_count_eq_1,E_count_eq_2,B_E_count",24,438
count_plus_all_pairs,239,0.21591752136460782,0.26680545280684703,0.9110351794625487,"intercept,P:9.9,P:9.6,P:10.0,B:9.0,B:9.7,B:10.1,B:10.2,B:10.6,B:10.10,B:11.2,B:11.9,E:10.7,E:11.10,P_count_eq_1,P_count_eq_2,P_count_eq_3,B_count_eq_1,B_count_2_3,B_count_4_5,B_count_6_8,E_count_eq_1,E_count_eq_2,P_B_count,P_E_count,B_E_count",26,438
additive_head,239,0.37283279670371733,0.44309782347944154,0.7673707499800398,"intercept,P:9.9,P:9.6,P:10.0,B:9.0,B:9.7,B:10.1,B:10.2,B:10.6,B:10.10,B:11.2,B:11.9,E:10.7,E:11.10",14,439
count_additive,239,0.3747453568414401,0.4466849322968265,0.7635889929466243,"intercept,P:9.9,P:9.6,P:10.0,B:9.0,B:9.7,B:10.1,B:10.2,B:10.6,B:10.10,B:11.2,B:11.9,E:10.7,E:11.10,P_count_eq_1,P_count_eq_2,P_count_eq_3,B_count_eq_1,B_count_2_3,B_count_4_5,B_count_6_8,E_count_eq_1,E_count_eq_2",23,439
count_plus_PB_count,239,0.3634164267277701,0.4249991468461979,0.7859864832724022,"intercept,P:9.9,P:9.6,P:10.0,B:9.0,B:9.7,B:10.1,B:10.2,B:10.6,B:10.10,B:11.2,B:11.9,E:10.7,E:11.10,P_count_eq_1,P_count_eq_2,P_count_eq_3,B_count_eq_1,B_count_2_3,B_count_4_5,B_count_6_8,E_count_eq_1,E_count_eq_2,P_B_count",24,439
count_plus_PE_count,239,0.2508506497201761,0.3056228650316427,0.8893282512594097,"intercept,P:9.9,P:9.6,P:10.0,B:9.0,B:9.7,B:10.1,B:10.2,B:10.6,B:10.10,B:11.2,B:11.9,E:10.7,E:11.10,P_count_eq_1,P_count_eq_2,P_count_eq_3,B_count_eq_1,B_count_2_3,B_count_4_5,B_count_6_8,E_count_eq_1,E_count_eq_2,P_E_count",24,439
count_plus_BE_count,239,0.37150228072426833,0.4421251828061059,0.7683909144785734,"intercept,P:9.9,P:9.6,P:10.0,B:9.0,B:9.7,B:10.1,B:10.2,B:10.6,B:10.10,B:11.2,B:11.9,E:10.7,E:11.10,P_count_eq_1,P_count_eq_2,P_count_eq_3,B_count_eq_1,B_count_2_3,B_count_4_5,B_count_6_8,E_count_eq_1,E_count_eq_2,B_E_count",24,439
count_plus_all_pairs,239,0.22247980103602225,0.2748624821336063,0.9104849589532061,"intercept,P:9.9,P:9.6,P:10.0,B:9.0,B:9.7,B:10.1,B:10.2,B:10.6,B:10.10,B:11.2,B:11.9,E:10.7,E:11.10,P_count_eq_1,P_count_eq_2,P_count_eq_3,B_count_eq_1,B_count_2_3,B_count_4_5,B_count_6_8,E_count_eq_1,E_count_eq_2,P_B_count,P_E_count,B_E_count",26,439
additive_head,239,0.38398625292423394,0.45284620449977925,0.7639491365789426,"intercept,P:9.9,P:9.6,P:10.0,B:9.0,B:9.7,B:10.1,B:10.2,B:10.6,B:10.10,B:11.2,B:11.9,E:10.7,E:11.10",14,440
count_additive,239,0.38705787569231914,0.45808607147626457,0.7584548604639785,"intercept,P:9.9,P:9.6,P:10.0,B:9.0,B:9.7,B:10.1,B:10.2,B:10.6,B:10.10,B:11.2,B:11.9,E:10.7,E:11.10,P_count_eq_1,P_count_eq_2,P_count_eq_3,B_count_eq_1,B_count_2_3,B_count_4_5,B_count_6_8,E_count_eq_1,E_count_eq_2",23,440
count_plus_PB_count,239,0.3763501277674681,0.43872881400786484,0.7784374038180182,"intercept,P:9.9,P:9.6,P:10.0,B:9.0,B:9.7,B:10.1,B:10.2,B:10.6,B:10.10,B:11.2,B:11.9,E:10.7,E:11.10,P_count_eq_1,P_count_eq_2,P_count_eq_3,B_count_eq_1,B_count_2_3,B_count_4_5,B_count_6_8,E_count_eq_1,E_count_eq_2,P_B_count",24,440
count_plus_PE_count,239,0.2574739234643046,0.31240244538037826,0.887660372727955,"intercept,P:9.9,P:9.6,P:10.0,B:9.0,B:9.7,B:10.1,B:10.2,B:10.6,B:10.10,B:11.2,B:11.9,E:10.7,E:11.10,P_count_eq_1,P_count_eq_2,P_count_eq_3,B_count_eq_1,B_count_2_3,B_count_4_5,B_count_6_8,E_count_eq_1,E_count_eq_2,P_E_count",24,440
count_plus_BE_count,239,0.3833998431298781,0.45179684435996253,0.7650418491591007,"intercept,P:9.9,P:9.6,P:10.0,B:9.0,B:9.7,B:10.1,B:10.2,B:10.6,B:10.10,B:11.2,B:11.9,E:10.7,E:11.10,P_count_eq_1,P_count_eq_2,P_count_eq_3,B_count_eq_1,B_count_2_3,B_count_4_5,B_count_6_8,E_count_eq_1,E_count_eq_2,B_E_count",24,440
count_plus_all_pairs,239,0.2289560065655593,0.2829120673758419,0.9078687266111458,"intercept,P:9.9,P:9.6,P:10.0,B:9.0,B:9.7,B:10.1,B:10.2,B:10.6,B:10.10,B:11.2,B:11.9,E:10.7,E:11.10,P_count_eq_1,P_count_eq_2,P_count_eq_3,B_count_eq_1,B_count_2_3,B_count_4_5,B_count_6_8,E_count_eq_1,E_count_eq_2,P_B_count,P_E_count,B_E_count",26,440
additive_head,239,0.39301539631636523,0.46489029719160757,0.7519056894413229,"intercept,P:9.9,P:9.6,P:10.0,B:9.0,B:9.7,B:10.1,B:10.2,B:10.6,B:10.10,B:11.2,B:11.9,E:10.7,E:11.10",14,441
count_additive,239,0.3966849006883743,0.46994581607265873,0.746480473132611,"intercept,P:9.9,P:9.6,P:10.0,B:9.0,B:9.7,B:10.1,B:10.2,B:10.6,B:10.10,B:11.2,B:11.9,E:10.7,E:11.10,P_count_eq_1,P_count_eq_2,P_count_eq_3,B_count_eq_1,B_count_2_3,B_count_4_5,B_count_6_8,E_count_eq_1,E_count_eq_2",23,441
count_plus_PB_count,239,0.3859226401741531,0.45034947784458806,0.7671827431470122,"intercept,P:9.9,P:9.6,P:10.0,B:9.0,B:9.7,B:10.1,B:10.2,B:10.6,B:10.10,B:11.2,B:11.9,E:10.7,E:11.10,P_count_eq_1,P_count_eq_2,P_count_eq_3,B_count_eq_1,B_count_2_3,B_count_4_5,B_count_6_8,E_count_eq_1,E_count_eq_2,P_B_count",24,441
count_plus_PE_count,239,0.26284478368001385,0.31912446993835825,0.883094201196733,"intercept,P:9.9,P:9.6,P:10.0,B:9.0,B:9.7,B:10.1,B:10.2,B:10.6,B:10.10,B:11.2,B:11.9,E:10.7,E:11.10,P_count_eq_1,P_count_eq_2,P_count_eq_3,B_count_eq_1,B_count_2_3,B_count_4_5,B_count_6_8,E_count_eq_1,E_count_eq_2,P_E_count",24,441
count_plus_BE_count,239,0.3938569784760598,0.4653220649762106,0.7514446392751118,"intercept,P:9.9,P:9.6,P:10.0,B:9.0,B:9.7,B:10.1,B:10.2,B:10.6,B:10.10,B:11.2,B:11.9,E:10.7,E:11.10,P_count_eq_1,P_count_eq_2,P_count_eq_3,B_count_eq_1,B_count_2_3,B_count_4_5,B_count_6_8,E_count_eq_1,E_count_eq_2,B_E_count",24,441
count_plus_all_pairs,239,0.23579719984853148,0.29107214450526586,0.9027438368943352,"intercept,P:9.9,P:9.6,P:10.0,B:9.0,B:9.7,B:10.1,B:10.2,B:10.6,B:10.10,B:11.2,B:11.9,E:10.7,E:11.10,P_count_eq_1,P_count_eq_2,P_count_eq_3,B_count_eq_1,B_count_2_3,B_count_4_5,B_count_6_8,E_count_eq_1,E_count_eq_2,P_B_count,P_E_count,B_E_count",26,441
additive_head,239,0.3745515839453062,0.4443672018574358,0.7647379089869224,"intercept,P:9.9,P:9.6,P:10.0,B:9.0,B:9.7,B:10.1,B:10.2,B:10.6,B:10.10,B:11.2,B:11.9,E:10.7,E:11.10",14,442
count_additive,239,0.3775556589104038,0.4492622059287931,0.7595262202647617,"intercept,P:9.9,P:9.6,P:10.0,B:9.0,B:9.7,B:10.1,B:10.2,B:10.6,B:10.10,B:11.2,B:11.9,E:10.7,E:11.10,P_count_eq_1,P_count_eq_2,P_count_eq_3,B_count_eq_1,B_count_2_3,B_count_4_5,B_count_6_8,E_count_eq_1,E_count_eq_2",23,442
count_plus_PB_count,239,0.3665753980591582,0.4292748119521656,0.780447304967886,"intercept,P:9.9,P:9.6,P:10.0,B:9.0,B:9.7,B:10.1,B:10.2,B:10.6,B:10.10,B:11.2,B:11.9,E:10.7,E:11.10,P_count_eq_1,P_count_eq_2,P_count_eq_3,B_count_eq_1,B_count_2_3,B_count_4_5,B_count_6_8,E_count_eq_1,E_count_eq_2,P_B_count",24,442
count_plus_PE_count,239,0.2511450403749823,0.30563147775293154,0.8887079552352991,"intercept,P:9.9,P:9.6,P:10.0,B:9.0,B:9.7,B:10.1,B:10.2,B:10.6,B:10.10,B:11.2,B:11.9,E:10.7,E:11.10,P_count_eq_1,P_count_eq_2,P_count_eq_3,B_count_eq_1,B_count_2_3,B_count_4_5,B_count_6_8,E_count_eq_1,E_count_eq_2,P_E_count",24,442
count_plus_BE_count,239,0.3743440062685805,0.44488309972445766,0.764191326499627,"intercept,P:9.9,P:9.6,P:10.0,B:9.0,B:9.7,B:10.1,B:10.2,B:10.6,B:10.10,B:11.2,B:11.9,E:10.7,E:11.10,P_count_eq_1,P_count_eq_2,P_count_eq_3,B_count_eq_1,B_count_2_3,B_count_4_5,B_count_6_8,E_count_eq_1,E_count_eq_2,B_E_count",24,442
count_plus_all_pairs,239,0.2246508609007694,0.2772700651207177,0.9084045442245101,"intercept,P:9.9,P:9.6,P:10.0,B:9.0,B:9.7,B:10.1,B:10.2,B:10.6,B:10.10,B:11.2,B:11.9,E:10.7,E:11.10,P_count_eq_1,P_count_eq_2,P_count_eq_3,B_count_eq_1,B_count_2_3,B_count_4_5,B_count_6_8,E_count_eq_1,E_count_eq_2,P_B_count,P_E_count,B_E_count",26,442
additive_head,239,0.38588416226301,0.4599228488199033,0.7642345285336392,"intercept,P:9.9,P:9.6,P:10.0,B:9.0,B:9.7,B:10.1,B:10.2,B:10.6,B:10.10,B:11.2,B:11.9,E:10.7,E:11.10",14,443
count_additive,239,0.38898756036328297,0.46465917679231045,0.7593536562412901,"intercept,P:9.9,P:9.6,P:10.0,B:9.0,B:9.7,B:10.1,B:10.2,B:10.6,B:10.10,B:11.2,B:11.9,E:10.7,E:11.10,P_count_eq_1,P_count_eq_2,P_count_eq_3,B_count_eq_1,B_count_2_3,B_count_4_5,B_count_6_8,E_count_eq_1,E_count_eq_2",23,443
count_plus_PB_count,239,0.37614085994021523,0.44157560389018174,0.7826696530216548,"intercept,P:9.9,P:9.6,P:10.0,B:9.0,B:9.7,B:10.1,B:10.2,B:10.6,B:10.10,B:11.2,B:11.9,E:10.7,E:11.10,P_count_eq_1,P_count_eq_2,P_count_eq_3,B_count_eq_1,B_count_2_3,B_count_4_5,B_count_6_8,E_count_eq_1,E_count_eq_2,P_B_count",24,443
count_plus_PE_count,239,0.26192910656348645,0.31926608072663903,0.8863902008191443,"intercept,P:9.9,P:9.6,P:10.0,B:9.0,B:9.7,B:10.1,B:10.2,B:10.6,B:10.10,B:11.2,B:11.9,E:10.7,E:11.10,P_count_eq_1,P_count_eq_2,P_count_eq_3,B_count_eq_1,B_count_2_3,B_count_4_5,B_count_6_8,E_count_eq_1,E_count_eq_2,P_E_count",24,443
count_plus_BE_count,239,0.3847165402978944,0.45955259888183997,0.7646139704996032,"intercept,P:9.9,P:9.6,P:10.0,B:9.0,B:9.7,B:10.1,B:10.2,B:10.6,B:10.10,B:11.2,B:11.9,E:10.7,E:11.10,P_count_eq_1,P_count_eq_2,P_count_eq_3,B_count_eq_1,B_count_2_3,B_count_4_5,B_count_6_8,E_count_eq_1,E_count_eq_2,B_E_count",24,443
count_plus_all_pairs,239,0.2315276028646055,0.28638069446972686,0.9085891586741366,"intercept,P:9.9,P:9.6,P:10.0,B:9.0,B:9.7,B:10.1,B:10.2,B:10.6,B:10.10,B:11.2,B:11.9,E:10.7,E:11.10,P_count_eq_1,P_count_eq_2,P_count_eq_3,B_count_eq_1,B_count_2_3,B_count_4_5,B_count_6_8,E_count_eq_1,E_count_eq_2,P_B_count,P_E_count,B_E_count",26,443
additive_head,239,0.3547079488085281,0.42092059448973124,0.7709885577372864,"intercept,P:9.9,P:9.6,P:10.0,B:9.0,B:9.7,B:10.1,B:10.2,B:10.6,B:10.10,B:11.2,B:11.9,E:10.7,E:11.10",14,444
count_additive,239,0.3571685916315348,0.42478200409426325,0.766767508975677,"intercept,P:9.9,P:9.6,P:10.0,B:9.0,B:9.7,B:10.1,B:10.2,B:10.6,B:10.10,B:11.2,B:11.9,E:10.7,E:11.10,P_count_eq_1,P_count_eq_2,P_count_eq_3,B_count_eq_1,B_count_2_3,B_count_4_5,B_count_6_8,E_count_eq_1,E_count_eq_2",23,444
count_plus_PB_count,239,0.3481410408832813,0.4065573187396639,0.7863512291070267,"intercept,P:9.9,P:9.6,P:10.0,B:9.0,B:9.7,B:10.1,B:10.2,B:10.6,B:10.10,B:11.2,B:11.9,E:10.7,E:11.10,P_count_eq_1,P_count_eq_2,P_count_eq_3,B_count_eq_1,B_count_2_3,B_count_4_5,B_count_6_8,E_count_eq_1,E_count_eq_2,P_B_count",24,444
count_plus_PE_count,239,0.23379588746556992,0.2850374774936138,0.894982720502454,"intercept,P:9.9,P:9.6,P:10.0,B:9.0,B:9.7,B:10.1,B:10.2,B:10.6,B:10.10,B:11.2,B:11.9,E:10.7,E:11.10,P_count_eq_1,P_count_eq_2,P_count_eq_3,B_count_eq_1,B_count_2_3,B_count_4_5,B_count_6_8,E_count_eq_1,E_count_eq_2,P_E_count",24,444
count_plus_BE_count,239,0.3544094774865161,0.41978623440506146,0.7722212433953295,"intercept,P:9.9,P:9.6,P:10.0,B:9.0,B:9.7,B:10.1,B:10.2,B:10.6,B:10.10,B:11.2,B:11.9,E:10.7,E:11.10,P_count_eq_1,P_count_eq_2,P_count_eq_3,B_count_eq_1,B_count_2_3,B_count_4_5,B_count_6_8,E_count_eq_1,E_count_eq_2,B_E_count",24,444
count_plus_all_pairs,239,0.20859739964830906,0.2577442856545239,0.914131293152911,"intercept,P:9.9,P:9.6,P:10.0,B:9.0,B:9.7,B:10.1,B:10.2,B:10.6,B:10.10,B:11.2,B:11.9,E:10.7,E:11.10,P_count_eq_1,P_count_eq_2,P_count_eq_3,B_count_eq_1,B_count_2_3,B_count_4_5,B_count_6_8,E_count_eq_1,E_count_eq_2,P_B_count,P_E_count,B_E_count",26,444
additive_head,239,0.35884367597732336,0.42631371177817917,0.7821983573742868,"intercept,P:9.9,P:9.6,P:10.0,B:9.0,B:9.7,B:10.1,B:10.2,B:10.6,B:10.10,B:11.2,B:11.9,E:10.7,E:11.10",14,445
count_additive,239,0.36034726211651785,0.42967978162825254,0.7787453608950592,"intercept,P:9.9,P:9.6,P:10.0,B:9.0,B:9.7,B:10.1,B:10.2,B:10.6,B:10.10,B:11.2,B:11.9,E:10.7,E:11.10,P_count_eq_1,P_count_eq_2,P_count_eq_3,B_count_eq_1,B_count_2_3,B_count_4_5,B_count_6_8,E_count_eq_1,E_count_eq_2",23,445
count_plus_PB_count,239,0.3494584664261136,0.4097875273303989,0.7987573537380384,"intercept,P:9.9,P:9.6,P:10.0,B:9.0,B:9.7,B:10.1,B:10.2,B:10.6,B:10.10,B:11.2,B:11.9,E:10.7,E:11.10,P_count_eq_1,P_count_eq_2,P_count_eq_3,B_count_eq_1,B_count_2_3,B_count_4_5,B_count_6_8,E_count_eq_1,E_count_eq_2,P_B_count",24,445
count_plus_PE_count,239,0.24040188925909656,0.29250024351015813,0.8974690427439916,"intercept,P:9.9,P:9.6,P:10.0,B:9.0,B:9.7,B:10.1,B:10.2,B:10.6,B:10.10,B:11.2,B:11.9,E:10.7,E:11.10,P_count_eq_1,P_count_eq_2,P_count_eq_3,B_count_eq_1,B_count_2_3,B_count_4_5,B_count_6_8,E_count_eq_1,E_count_eq_2,P_E_count",24,445
count_plus_BE_count,239,0.3567133052680096,0.4252088859260132,0.7833257950764194,"intercept,P:9.9,P:9.6,P:10.0,B:9.0,B:9.7,B:10.1,B:10.2,B:10.6,B:10.10,B:11.2,B:11.9,E:10.7,E:11.10,P_count_eq_1,P_count_eq_2,P_count_eq_3,B_count_eq_1,B_count_2_3,B_count_4_5,B_count_6_8,E_count_eq_1,E_count_eq_2,B_E_count",24,445
count_plus_all_pairs,239,0.2137591085540803,0.2637486396378057,0.9166351439197274,"intercept,P:9.9,P:9.6,P:10.0,B:9.0,B:9.7,B:10.1,B:10.2,B:10.6,B:10.10,B:11.2,B:11.9,E:10.7,E:11.10,P_count_eq_1,P_count_eq_2,P_count_eq_3,B_count_eq_1,B_count_2_3,B_count_4_5,B_count_6_8,E_count_eq_1,E_count_eq_2,P_B_count,P_E_count,B_E_count",26,445
additive_head,239,0.3719182911418371,0.43773417807155407,0.7561324310394058,"intercept,P:9.9,P:9.6,P:10.0,B:9.0,B:9.7,B:10.1,B:10.2,B:10.6,B:10.10,B:11.2,B:11.9,E:10.7,E:11.10",14,446
count_additive,239,0.3748223955912609,0.44230103610269544,0.7510173714719927,"intercept,P:9.9,P:9.6,P:10.0,B:9.0,B:9.7,B:10.1,B:10.2,B:10.6,B:10.10,B:11.2,B:11.9,E:10.7,E:11.10,P_count_eq_1,P_count_eq_2,P_count_eq_3,B_count_eq_1,B_count_2_3,B_count_4_5,B_count_6_8,E_count_eq_1,E_count_eq_2",23,446
count_plus_PB_count,239,0.36601170769082475,0.42433021522996195,0.7708388202868086,"intercept,P:9.9,P:9.6,P:10.0,B:9.0,B:9.7,B:10.1,B:10.2,B:10.6,B:10.10,B:11.2,B:11.9,E:10.7,E:11.10,P_count_eq_1,P_count_eq_2,P_count_eq_3,B_count_eq_1,B_count_2_3,B_count_4_5,B_count_6_8,E_count_eq_1,E_count_eq_2,P_B_count",24,446
count_plus_PE_count,239,0.2484728524779167,0.3015801222939985,0.8842453196463413,"intercept,P:9.9,P:9.6,P:10.0,B:9.0,B:9.7,B:10.1,B:10.2,B:10.6,B:10.10,B:11.2,B:11.9,E:10.7,E:11.10,P_count_eq_1,P_count_eq_2,P_count_eq_3,B_count_eq_1,B_count_2_3,B_count_4_5,B_count_6_8,E_count_eq_1,E_count_eq_2,P_E_count",24,446
count_plus_BE_count,239,0.37284460521906987,0.4379182413049947,0.7559272997390789,"intercept,P:9.9,P:9.6,P:10.0,B:9.0,B:9.7,B:10.1,B:10.2,B:10.6,B:10.10,B:11.2,B:11.9,E:10.7,E:11.10,P_count_eq_1,P_count_eq_2,P_count_eq_3,B_count_eq_1,B_count_2_3,B_count_4_5,B_count_6_8,E_count_eq_1,E_count_eq_2,B_E_count",24,446
count_plus_all_pairs,239,0.2233452863825361,0.2758918115136936,0.9031252141128152,"intercept,P:9.9,P:9.6,P:10.0,B:9.0,B:9.7,B:10.1,B:10.2,B:10.6,B:10.10,B:11.2,B:11.9,E:10.7,E:11.10,P_count_eq_1,P_count_eq_2,P_count_eq_3,B_count_eq_1,B_count_2_3,B_count_4_5,B_count_6_8,E_count_eq_1,E_count_eq_2,P_B_count,P_E_count,B_E_count",26,446
additive_head,239,0.3740474713416607,0.4439429588611931,0.7725663881252669,"intercept,P:9.9,P:9.6,P:10.0,B:9.0,B:9.7,B:10.1,B:10.2,B:10.6,B:10.10,B:11.2,B:11.9,E:10.7,E:11.10",14,447
count_additive,239,0.3767966087202748,0.44851040352990973,0.7678624767698362,"intercept,P:9.9,P:9.6,P:10.0,B:9.0,B:9.7,B:10.1,B:10.2,B:10.6,B:10.10,B:11.2,B:11.9,E:10.7,E:11.10,P_count_eq_1,P_count_eq_2,P_count_eq_3,B_count_eq_1,B_count_2_3,B_count_4_5,B_count_6_8,E_count_eq_1,E_count_eq_2",23,447
count_plus_PB_count,239,0.36633235045029905,0.42864220508906153,0.7879734900235029,"intercept,P:9.9,P:9.6,P:10.0,B:9.0,B:9.7,B:10.1,B:10.2,B:10.6,B:10.10,B:11.2,B:11.9,E:10.7,E:11.10,P_count_eq_1,P_count_eq_2,P_count_eq_3,B_count_eq_1,B_count_2_3,B_count_4_5,B_count_6_8,E_count_eq_1,E_count_eq_2,P_B_count",24,447
count_plus_PE_count,239,0.24902923912053548,0.3035043825261653,0.8937007410222427,"intercept,P:9.9,P:9.6,P:10.0,B:9.0,B:9.7,B:10.1,B:10.2,B:10.6,B:10.10,B:11.2,B:11.9,E:10.7,E:11.10,P_count_eq_1,P_count_eq_2,P_count_eq_3,B_count_eq_1,B_count_2_3,B_count_4_5,B_count_6_8,E_count_eq_1,E_count_eq_2,P_E_count",24,447
count_plus_BE_count,239,0.37342928597559016,0.44382553841958466,0.7726866820634906,"intercept,P:9.9,P:9.6,P:10.0,B:9.0,B:9.7,B:10.1,B:10.2,B:10.6,B:10.10,B:11.2,B:11.9,E:10.7,E:11.10,P_count_eq_1,P_count_eq_2,P_count_eq_3,B_count_eq_1,B_count_2_3,B_count_4_5,B_count_6_8,E_count_eq_1,E_count_eq_2,B_E_count",24,447
count_plus_all_pairs,239,0.2220757291113297,0.2747269583723846,0.912903067494788,"intercept,P:9.9,P:9.6,P:10.0,B:9.0,B:9.7,B:10.1,B:10.2,B:10.6,B:10.10,B:11.2,B:11.9,E:10.7,E:11.10,P_count_eq_1,P_count_eq_2,P_count_eq_3,B_count_eq_1,B_count_2_3,B_count_4_5,B_count_6_8,E_count_eq_1,E_count_eq_2,P_B_count,P_E_count,B_E_count",26,447
additive_head,239,0.36390462489936537,0.43098777945595335,0.7599327463078569,"intercept,P:9.9,P:9.6,P:10.0,B:9.0,B:9.7,B:10.1,B:10.2,B:10.6,B:10.10,B:11.2,B:11.9,E:10.7,E:11.10",14,448
count_additive,239,0.36653792916655037,0.4352407346219353,0.7551714381309762,"intercept,P:9.9,P:9.6,P:10.0,B:9.0,B:9.7,B:10.1,B:10.2,B:10.6,B:10.10,B:11.2,B:11.9,E:10.7,E:11.10,P_count_eq_1,P_count_eq_2,P_count_eq_3,B_count_eq_1,B_count_2_3,B_count_4_5,B_count_6_8,E_count_eq_1,E_count_eq_2",23,448
count_plus_PB_count,239,0.35645840337231904,0.4166561000403561,0.7756332479124661,"intercept,P:9.9,P:9.6,P:10.0,B:9.0,B:9.7,B:10.1,B:10.2,B:10.6,B:10.10,B:11.2,B:11.9,E:10.7,E:11.10,P_count_eq_1,P_count_eq_2,P_count_eq_3,B_count_eq_1,B_count_2_3,B_count_4_5,B_count_6_8,E_count_eq_1,E_count_eq_2,P_B_count",24,448
count_plus_PE_count,239,0.24094659186740292,0.29288479618257407,0.8891344367407812,"intercept,P:9.9,P:9.6,P:10.0,B:9.0,B:9.7,B:10.1,B:10.2,B:10.6,B:10.10,B:11.2,B:11.9,E:10.7,E:11.10,P_count_eq_1,P_count_eq_2,P_count_eq_3,B_count_eq_1,B_count_2_3,B_count_4_5,B_count_6_8,E_count_eq_1,E_count_eq_2,P_E_count",24,448
count_plus_BE_count,239,0.3638281373210759,0.4309366044221015,0.7599897535875957,"intercept,P:9.9,P:9.6,P:10.0,B:9.0,B:9.7,B:10.1,B:10.2,B:10.6,B:10.10,B:11.2,B:11.9,E:10.7,E:11.10,P_count_eq_1,P_count_eq_2,P_count_eq_3,B_count_eq_1,B_count_2_3,B_count_4_5,B_count_6_8,E_count_eq_1,E_count_eq_2,B_E_count",24,448
count_plus_all_pairs,239,0.21561292427076806,0.265908820634686,0.908616350116038,"intercept,P:9.9,P:9.6,P:10.0,B:9.0,B:9.7,B:10.1,B:10.2,B:10.6,B:10.10,B:11.2,B:11.9,E:10.7,E:11.10,P_count_eq_1,P_count_eq_2,P_count_eq_3,B_count_eq_1,B_count_2_3,B_count_4_5,B_count_6_8,E_count_eq_1,E_count_eq_2,P_B_count,P_E_count,B_E_count",26,448
additive_head,239,0.37768216997419907,0.44486431168088625,0.7540197895550927,"intercept,P:9.9,P:9.6,P:10.0,B:9.0,B:9.7,B:10.1,B:10.2,B:10.6,B:10.10,B:11.2,B:11.9,E:10.7,E:11.10",14,449
count_additive,239,0.38048848242246763,0.44966959187382777,0.748677092408272,"intercept,P:9.9,P:9.6,P:10.0,B:9.0,B:9.7,B:10.1,B:10.2,B:10.6,B:10.10,B:11.2,B:11.9,E:10.7,E:11.10,P_count_eq_1,P_count_eq_2,P_count_eq_3,B_count_eq_1,B_count_2_3,B_count_4_5,B_count_6_8,E_count_eq_1,E_count_eq_2",23,449
count_plus_PB_count,239,0.3717385111273342,0.4317942901633212,0.7682611617332225,"intercept,P:9.9,P:9.6,P:10.0,B:9.0,B:9.7,B:10.1,B:10.2,B:10.6,B:10.10,B:11.2,B:11.9,E:10.7,E:11.10,P_count_eq_1,P_count_eq_2,P_count_eq_3,B_count_eq_1,B_count_2_3,B_count_4_5,B_count_6_8,E_count_eq_1,E_count_eq_2,P_B_count",24,449
count_plus_PE_count,239,0.252735157490751,0.3069666262087542,0.8828809995609292,"intercept,P:9.9,P:9.6,P:10.0,B:9.0,B:9.7,B:10.1,B:10.2,B:10.6,B:10.10,B:11.2,B:11.9,E:10.7,E:11.10,P_count_eq_1,P_count_eq_2,P_count_eq_3,B_count_eq_1,B_count_2_3,B_count_4_5,B_count_6_8,E_count_eq_1,E_count_eq_2,P_E_count",24,449
count_plus_BE_count,239,0.3780145516991418,0.444609271019007,0.754301749564303,"intercept,P:9.9,P:9.6,P:10.0,B:9.0,B:9.7,B:10.1,B:10.2,B:10.6,B:10.10,B:11.2,B:11.9,E:10.7,E:11.10,P_count_eq_1,P_count_eq_2,P_count_eq_3,B_count_eq_1,B_count_2_3,B_count_4_5,B_count_6_8,E_count_eq_1,E_count_eq_2,B_E_count",24,449
count_plus_all_pairs,239,0.2269714364202892,0.28066336824200716,0.9020923783436141,"intercept,P:9.9,P:9.6,P:10.0,B:9.0,B:9.7,B:10.1,B:10.2,B:10.6,B:10.10,B:11.2,B:11.9,E:10.7,E:11.10,P_count_eq_1,P_count_eq_2,P_count_eq_3,B_count_eq_1,B_count_2_3,B_count_4_5,B_count_6_8,E_count_eq_1,E_count_eq_2,P_B_count,P_E_count,B_E_count",26,449
additive_head,239,0.4035587400289353,0.47935054749510003,0.7667040253801486,"intercept,P:9.9,P:9.6,P:10.0,B:9.0,B:9.7,B:10.1,B:10.2,B:10.6,B:10.10,B:11.2,B:11.9,E:10.7,E:11.10",14,450
count_additive,239,0.40747476510842096,0.48462666034161056,0.7615400801042354,"intercept,P:9.9,P:9.6,P:10.0,B:9.0,B:9.7,B:10.1,B:10.2,B:10.6,B:10.10,B:11.2,B:11.9,E:10.7,E:11.10,P_count_eq_1,P_count_eq_2,P_count_eq_3,B_count_eq_1,B_count_2_3,B_count_4_5,B_count_6_8,E_count_eq_1,E_count_eq_2",23,450
count_plus_PB_count,239,0.39484387200524623,0.46267543465720634,0.7826529884557653,"intercept,P:9.9,P:9.6,P:10.0,B:9.0,B:9.7,B:10.1,B:10.2,B:10.6,B:10.10,B:11.2,B:11.9,E:10.7,E:11.10,P_count_eq_1,P_count_eq_2,P_count_eq_3,B_count_eq_1,B_count_2_3,B_count_4_5,B_count_6_8,E_count_eq_1,E_count_eq_2,P_B_count",24,450
count_plus_PE_count,239,0.27193019228972,0.3310173782726414,0.8887493955730237,"intercept,P:9.9,P:9.6,P:10.0,B:9.0,B:9.7,B:10.1,B:10.2,B:10.6,B:10.10,B:11.2,B:11.9,E:10.7,E:11.10,P_count_eq_1,P_count_eq_2,P_count_eq_3,B_count_eq_1,B_count_2_3,B_count_4_5,B_count_6_8,E_count_eq_1,E_count_eq_2,P_E_count",24,450
count_plus_BE_count,239,0.40360561766585157,0.4790700684013679,0.76697695924958,"intercept,P:9.9,P:9.6,P:10.0,B:9.0,B:9.7,B:10.1,B:10.2,B:10.6,B:10.10,B:11.2,B:11.9,E:10.7,E:11.10,P_count_eq_1,P_count_eq_2,P_count_eq_3,B_count_eq_1,B_count_2_3,B_count_4_5,B_count_6_8,E_count_eq_1,E_count_eq_2,B_E_count",24,450
count_plus_all_pairs,239,0.24214000721969425,0.2989957121809982,0.909232429663402,"intercept,P:9.9,P:9.6,P:10.0,B:9.0,B:9.7,B:10.1,B:10.2,B:10.6,B:10.10,B:11.2,B:11.9,E:10.7,E:11.10,P_count_eq_1,P_count_eq_2,P_count_eq_3,B_count_eq_1,B_count_2_3,B_count_4_5,B_count_6_8,E_count_eq_1,E_count_eq_2,P_B_count,P_E_count,B_E_count",26,450
additive_head,239,0.370517025123574,0.4369581274073152,0.7640016164684161,"intercept,P:9.9,P:9.6,P:10.0,B:9.0,B:9.7,B:10.1,B:10.2,B:10.6,B:10.10,B:11.2,B:11.9,E:10.7,E:11.10",14,451
count_additive,239,0.37381772474115244,0.44134457023888063,0.7592396528256115,"intercept,P:9.9,P:9.6,P:10.0,B:9.0,B:9.7,B:10.1,B:10.2,B:10.6,B:10.10,B:11.2,B:11.9,E:10.7,E:11.10,P_count_eq_1,P_count_eq_2,P_count_eq_3,B_count_eq_1,B_count_2_3,B_count_4_5,B_count_6_8,E_count_eq_1,E_count_eq_2",23,451
count_plus_PB_count,239,0.36557170834359254,0.42410187363167523,0.7776844876086901,"intercept,P:9.9,P:9.6,P:10.0,B:9.0,B:9.7,B:10.1,B:10.2,B:10.6,B:10.10,B:11.2,B:11.9,E:10.7,E:11.10,P_count_eq_1,P_count_eq_2,P_count_eq_3,B_count_eq_1,B_count_2_3,B_count_4_5,B_count_6_8,E_count_eq_1,E_count_eq_2,P_B_count",24,451
count_plus_PE_count,239,0.24462574648860505,0.2973854420552083,0.8906877598833137,"intercept,P:9.9,P:9.6,P:10.0,B:9.0,B:9.7,B:10.1,B:10.2,B:10.6,B:10.10,B:11.2,B:11.9,E:10.7,E:11.10,P_count_eq_1,P_count_eq_2,P_count_eq_3,B_count_eq_1,B_count_2_3,B_count_4_5,B_count_6_8,E_count_eq_1,E_count_eq_2,P_E_count",24,451
count_plus_BE_count,239,0.3721328127762763,0.4369294808486409,0.7640325591126171,"intercept,P:9.9,P:9.6,P:10.0,B:9.0,B:9.7,B:10.1,B:10.2,B:10.6,B:10.10,B:11.2,B:11.9,E:10.7,E:11.10,P_count_eq_1,P_count_eq_2,P_count_eq_3,B_count_eq_1,B_count_2_3,B_count_4_5,B_count_6_8,E_count_eq_1,E_count_eq_2,B_E_count",24,451
count_plus_all_pairs,239,0.22026043821056018,0.27240703297362767,0.908279583761869,"intercept,P:9.9,P:9.6,P:10.0,B:9.0,B:9.7,B:10.1,B:10.2,B:10.6,B:10.10,B:11.2,B:11.9,E:10.7,E:11.10,P_count_eq_1,P_count_eq_2,P_count_eq_3,B_count_eq_1,B_count_2_3,B_count_4_5,B_count_6_8,E_count_eq_1,E_count_eq_2,P_B_count,P_E_count,B_E_count",26,451
additive_head,239,0.4082793838764733,0.4822799441833306,0.7520127011517231,"intercept,P:9.9,P:9.6,P:10.0,B:9.0,B:9.7,B:10.1,B:10.2,B:10.6,B:10.10,B:11.2,B:11.9,E:10.7,E:11.10",14,452
count_additive,239,0.41172492870508837,0.48811247330252766,0.7459782837894038,"intercept,P:9.9,P:9.6,P:10.0,B:9.0,B:9.7,B:10.1,B:10.2,B:10.6,B:10.10,B:11.2,B:11.9,E:10.7,E:11.10,P_count_eq_1,P_count_eq_2,P_count_eq_3,B_count_eq_1,B_count_2_3,B_count_4_5,B_count_6_8,E_count_eq_1,E_count_eq_2",23,452
count_plus_PB_count,239,0.4006065932289403,0.4684875486585017,0.7659939208995921,"intercept,P:9.9,P:9.6,P:10.0,B:9.0,B:9.7,B:10.1,B:10.2,B:10.6,B:10.10,B:11.2,B:11.9,E:10.7,E:11.10,P_count_eq_1,P_count_eq_2,P_count_eq_3,B_count_eq_1,B_count_2_3,B_count_4_5,B_count_6_8,E_count_eq_1,E_count_eq_2,P_B_count",24,452
count_plus_PE_count,239,0.2724263748650561,0.33135454954648813,0.8829377384737056,"intercept,P:9.9,P:9.6,P:10.0,B:9.0,B:9.7,B:10.1,B:10.2,B:10.6,B:10.10,B:11.2,B:11.9,E:10.7,E:11.10,P_count_eq_1,P_count_eq_2,P_count_eq_3,B_count_eq_1,B_count_2_3,B_count_4_5,B_count_6_8,E_count_eq_1,E_count_eq_2,P_E_count",24,452
count_plus_BE_count,239,0.4081069930386768,0.4820627649558022,0.7522359970366663,"intercept,P:9.9,P:9.6,P:10.0,B:9.0,B:9.7,B:10.1,B:10.2,B:10.6,B:10.10,B:11.2,B:11.9,E:10.7,E:11.10,P_count_eq_1,P_count_eq_2,P_count_eq_3,B_count_eq_1,B_count_2_3,B_count_4_5,B_count_6_8,E_count_eq_1,E_count_eq_2,B_E_count",24,452
count_plus_all_pairs,239,0.24392147535646141,0.301764997715966,0.90291128308268,"intercept,P:9.9,P:9.6,P:10.0,B:9.0,B:9.7,B:10.1,B:10.2,B:10.6,B:10.10,B:11.2,B:11.9,E:10.7,E:11.10,P_count_eq_1,P_count_eq_2,P_count_eq_3,B_count_eq_1,B_count_2_3,B_count_4_5,B_count_6_8,E_count_eq_1,E_count_eq_2,P_B_count,P_E_count,B_E_count",26,452
additive_head,239,0.39577022083809565,0.4646617432677532,0.744437434881943,"intercept,P:9.9,P:9.6,P:10.0,B:9.0,B:9.7,B:10.1,B:10.2,B:10.6,B:10.10,B:11.2,B:11.9,E:10.7,E:11.10",14,453
count_additive,239,0.39932888584713216,0.47038696241642675,0.738100930314465,"intercept,P:9.9,P:9.6,P:10.0,B:9.0,B:9.7,B:10.1,B:10.2,B:10.6,B:10.10,B:11.2,B:11.9,E:10.7,E:11.10,P_count_eq_1,P_count_eq_2,P_count_eq_3,B_count_eq_1,B_count_2_3,B_count_4_5,B_count_6_8,E_count_eq_1,E_count_eq_2",23,453
count_plus_PB_count,239,0.39043866848296566,0.45207860236295033,0.7580914006135835,"intercept,P:9.9,P:9.6,P:10.0,B:9.0,B:9.7,B:10.1,B:10.2,B:10.6,B:10.10,B:11.2,B:11.9,E:10.7,E:11.10,P_count_eq_1,P_count_eq_2,P_count_eq_3,B_count_eq_1,B_count_2_3,B_count_4_5,B_count_6_8,E_count_eq_1,E_count_eq_2,P_B_count",24,453
count_plus_PE_count,239,0.2680874824048037,0.32400330024095825,0.8757425973127303,"intercept,P:9.9,P:9.6,P:10.0,B:9.0,B:9.7,B:10.1,B:10.2,B:10.6,B:10.10,B:11.2,B:11.9,E:10.7,E:11.10,P_count_eq_1,P_count_eq_2,P_count_eq_3,B_count_eq_1,B_count_2_3,B_count_4_5,B_count_6_8,E_count_eq_1,E_count_eq_2,P_E_count",24,453
count_plus_BE_count,239,0.3968887963874859,0.46483901776944786,0.7442423967958041,"intercept,P:9.9,P:9.6,P:10.0,B:9.0,B:9.7,B:10.1,B:10.2,B:10.6,B:10.10,B:11.2,B:11.9,E:10.7,E:11.10,P_count_eq_1,P_count_eq_2,P_count_eq_3,B_count_eq_1,B_count_2_3,B_count_4_5,B_count_6_8,E_count_eq_1,E_count_eq_2,B_E_count",24,453
count_plus_all_pairs,239,0.2409967209302971,0.29692970807144575,0.8956408083872834,"intercept,P:9.9,P:9.6,P:10.0,B:9.0,B:9.7,B:10.1,B:10.2,B:10.6,B:10.10,B:11.2,B:11.9,E:10.7,E:11.10,P_count_eq_1,P_count_eq_2,P_count_eq_3,B_count_eq_1,B_count_2_3,B_count_4_5,B_count_6_8,E_count_eq_1,E_count_eq_2,P_B_count,P_E_count,B_E_count",26,453
additive_head,239,0.39781381254077075,0.46618335432433883,0.7478282250296268,"intercept,P:9.9,P:9.6,P:10.0,B:9.0,B:9.7,B:10.1,B:10.2,B:10.6,B:10.10,B:11.2,B:11.9,E:10.7,E:11.10",14,454
count_additive,239,0.4015278944248166,0.4720545899805329,0.7414363915024149,"intercept,P:9.9,P:9.6,P:10.0,B:9.0,B:9.7,B:10.1,B:10.2,B:10.6,B:10.10,B:11.2,B:11.9,E:10.7,E:11.10,P_count_eq_1,P_count_eq_2,P_count_eq_3,B_count_eq_1,B_count_2_3,B_count_4_5,B_count_6_8,E_count_eq_1,E_count_eq_2",23,454
count_plus_PB_count,239,0.3937839086939006,0.4555063874841832,0.7592468970365288,"intercept,P:9.9,P:9.6,P:10.0,B:9.0,B:9.7,B:10.1,B:10.2,B:10.6,B:10.10,B:11.2,B:11.9,E:10.7,E:11.10,P_count_eq_1,P_count_eq_2,P_count_eq_3,B_count_eq_1,B_count_2_3,B_count_4_5,B_count_6_8,E_count_eq_1,E_count_eq_2,P_B_count",24,454
count_plus_PE_count,239,0.2662875193597417,0.3217865593097531,0.8798513900251037,"intercept,P:9.9,P:9.6,P:10.0,B:9.0,B:9.7,B:10.1,B:10.2,B:10.6,B:10.10,B:11.2,B:11.9,E:10.7,E:11.10,P_count_eq_1,P_count_eq_2,P_count_eq_3,B_count_eq_1,B_count_2_3,B_count_4_5,B_count_6_8,E_count_eq_1,E_count_eq_2,P_E_count",24,454
count_plus_BE_count,239,0.39988505625124915,0.4667520626112197,0.747212588916519,"intercept,P:9.9,P:9.6,P:10.0,B:9.0,B:9.7,B:10.1,B:10.2,B:10.6,B:10.10,B:11.2,B:11.9,E:10.7,E:11.10,P_count_eq_1,P_count_eq_2,P_count_eq_3,B_count_eq_1,B_count_2_3,B_count_4_5,B_count_6_8,E_count_eq_1,E_count_eq_2,B_E_count",24,454
count_plus_all_pairs,239,0.2405212588915212,0.29703716132175356,0.8976224995149582,"intercept,P:9.9,P:9.6,P:10.0,B:9.0,B:9.7,B:10.1,B:10.2,B:10.6,B:10.10,B:11.2,B:11.9,E:10.7,E:11.10,P_count_eq_1,P_count_eq_2,P_count_eq_3,B_count_eq_1,B_count_2_3,B_count_4_5,B_count_6_8,E_count_eq_1,E_count_eq_2,P_B_count,P_E_count,B_E_count",26,454
additive_head,239,0.3773368538832269,0.4432344465448784,0.75699916994145,"intercept,P:9.9,P:9.6,P:10.0,B:9.0,B:9.7,B:10.1,B:10.2,B:10.6,B:10.10,B:11.2,B:11.9,E:10.7,E:11.10",14,455
count_additive,239,0.3805035422171969,0.4481473654951142,0.751582353544548,"intercept,P:9.9,P:9.6,P:10.0,B:9.0,B:9.7,B:10.1,B:10.2,B:10.6,B:10.10,B:11.2,B:11.9,E:10.7,E:11.10,P_count_eq_1,P_count_eq_2,P_count_eq_3,B_count_eq_1,B_count_2_3,B_count_4_5,B_count_6_8,E_count_eq_1,E_count_eq_2",23,455
count_plus_PB_count,239,0.3719669198600989,0.43093047972793813,0.7703030792658161,"intercept,P:9.9,P:9.6,P:10.0,B:9.0,B:9.7,B:10.1,B:10.2,B:10.6,B:10.10,B:11.2,B:11.9,E:10.7,E:11.10,P_count_eq_1,P_count_eq_2,P_count_eq_3,B_count_eq_1,B_count_2_3,B_count_4_5,B_count_6_8,E_count_eq_1,E_count_eq_2,P_B_count",24,455
count_plus_PE_count,239,0.25183078863513725,0.3048014606017912,0.8850854991141657,"intercept,P:9.9,P:9.6,P:10.0,B:9.0,B:9.7,B:10.1,B:10.2,B:10.6,B:10.10,B:11.2,B:11.9,E:10.7,E:11.10,P_count_eq_1,P_count_eq_2,P_count_eq_3,B_count_eq_1,B_count_2_3,B_count_4_5,B_count_6_8,E_count_eq_1,E_count_eq_2,P_E_count",24,455
count_plus_BE_count,239,0.3785079079990569,0.443347074817257,0.7568756585981194,"intercept,P:9.9,P:9.6,P:10.0,B:9.0,B:9.7,B:10.1,B:10.2,B:10.6,B:10.10,B:11.2,B:11.9,E:10.7,E:11.10,P_count_eq_1,P_count_eq_2,P_count_eq_3,B_count_eq_1,B_count_2_3,B_count_4_5,B_count_6_8,E_count_eq_1,E_count_eq_2,B_E_count",24,455
count_plus_all_pairs,239,0.2264431681117188,0.2795646451889691,0.9033269894270665,"intercept,P:9.9,P:9.6,P:10.0,B:9.0,B:9.7,B:10.1,B:10.2,B:10.6,B:10.10,B:11.2,B:11.9,E:10.7,E:11.10,P_count_eq_1,P_count_eq_2,P_count_eq_3,B_count_eq_1,B_count_2_3,B_count_4_5,B_count_6_8,E_count_eq_1,E_count_eq_2,P_B_count,P_E_count,B_E_count",26,455
additive_head,239,0.39555949826812814,0.46719026191717405,0.7635713846798409,"intercept,P:9.9,P:9.6,P:10.0,B:9.0,B:9.7,B:10.1,B:10.2,B:10.6,B:10.10,B:11.2,B:11.9,E:10.7,E:11.10",14,456
count_additive,239,0.3990807718728774,0.4725001661930356,0.7581665306405162,"intercept,P:9.9,P:9.6,P:10.0,B:9.0,B:9.7,B:10.1,B:10.2,B:10.6,B:10.10,B:11.2,B:11.9,E:10.7,E:11.10,P_count_eq_1,P_count_eq_2,P_count_eq_3,B_count_eq_1,B_count_2_3,B_count_4_5,B_count_6_8,E_count_eq_1,E_count_eq_2",23,456
count_plus_PB_count,239,0.3893367807174497,0.45409801547050976,0.7766367690911871,"intercept,P:9.9,P:9.6,P:10.0,B:9.0,B:9.7,B:10.1,B:10.2,B:10.6,B:10.10,B:11.2,B:11.9,E:10.7,E:11.10,P_count_eq_1,P_count_eq_2,P_count_eq_3,B_count_eq_1,B_count_2_3,B_count_4_5,B_count_6_8,E_count_eq_1,E_count_eq_2,P_B_count",24,456
count_plus_PE_count,239,0.26163769742855036,0.31882354545551805,0.889893426120895,"intercept,P:9.9,P:9.6,P:10.0,B:9.0,B:9.7,B:10.1,B:10.2,B:10.6,B:10.10,B:11.2,B:11.9,E:10.7,E:11.10,P_count_eq_1,P_count_eq_2,P_count_eq_3,B_count_eq_1,B_count_2_3,B_count_4_5,B_count_6_8,E_count_eq_1,E_count_eq_2,P_E_count",24,456
count_plus_BE_count,239,0.3957052894414392,0.46631646118750303,0.7644549574599256,"intercept,P:9.9,P:9.6,P:10.0,B:9.0,B:9.7,B:10.1,B:10.2,B:10.6,B:10.10,B:11.2,B:11.9,E:10.7,E:11.10,P_count_eq_1,P_count_eq_2,P_count_eq_3,B_count_eq_1,B_count_2_3,B_count_4_5,B_count_6_8,E_count_eq_1,E_count_eq_2,B_E_count",24,456
count_plus_all_pairs,239,0.23455268922753444,0.2904276122630028,0.9086332275191832,"intercept,P:9.9,P:9.6,P:10.0,B:9.0,B:9.7,B:10.1,B:10.2,B:10.6,B:10.10,B:11.2,B:11.9,E:10.7,E:11.10,P_count_eq_1,P_count_eq_2,P_count_eq_3,B_count_eq_1,B_count_2_3,B_count_4_5,B_count_6_8,E_count_eq_1,E_count_eq_2,P_B_count,P_E_count,B_E_count",26,456
additive_head,239,0.3926100468715092,0.4616326919419333,0.7516924801543475,"intercept,P:9.9,P:9.6,P:10.0,B:9.0,B:9.7,B:10.1,B:10.2,B:10.6,B:10.10,B:11.2,B:11.9,E:10.7,E:11.10",14,457
count_additive,239,0.3961339160646459,0.46745106761613026,0.7453937444553619,"intercept,P:9.9,P:9.6,P:10.0,B:9.0,B:9.7,B:10.1,B:10.2,B:10.6,B:10.10,B:11.2,B:11.9,E:10.7,E:11.10,P_count_eq_1,P_count_eq_2,P_count_eq_3,B_count_eq_1,B_count_2_3,B_count_4_5,B_count_6_8,E_count_eq_1,E_count_eq_2",23,457
count_plus_PB_count,239,0.38705686421344226,0.4497666612232232,0.7642936522306313,"intercept,P:9.9,P:9.6,P:10.0,B:9.0,B:9.7,B:10.1,B:10.2,B:10.6,B:10.10,B:11.2,B:11.9,E:10.7,E:11.10,P_count_eq_1,P_count_eq_2,P_count_eq_3,B_count_eq_1,B_count_2_3,B_count_4_5,B_count_6_8,E_count_eq_1,E_count_eq_2,P_B_count",24,457
count_plus_PE_count,239,0.26285324736373733,0.31896207839967805,0.881457286836353,"intercept,P:9.9,P:9.6,P:10.0,B:9.0,B:9.7,B:10.1,B:10.2,B:10.6,B:10.10,B:11.2,B:11.9,E:10.7,E:11.10,P_count_eq_1,P_count_eq_2,P_count_eq_3,B_count_eq_1,B_count_2_3,B_count_4_5,B_count_6_8,E_count_eq_1,E_count_eq_2,P_E_count",24,457
count_plus_BE_count,239,0.39379200274934806,0.46215326494686765,0.7511321425652955,"intercept,P:9.9,P:9.6,P:10.0,B:9.0,B:9.7,B:10.1,B:10.2,B:10.6,B:10.10,B:11.2,B:11.9,E:10.7,E:11.10,P_count_eq_1,P_count_eq_2,P_count_eq_3,B_count_eq_1,B_count_2_3,B_count_4_5,B_count_6_8,E_count_eq_1,E_count_eq_2,B_E_count",24,457
count_plus_all_pairs,239,0.23649137056205896,0.29285202768098895,0.9000706117819925,"intercept,P:9.9,P:9.6,P:10.0,B:9.0,B:9.7,B:10.1,B:10.2,B:10.6,B:10.10,B:11.2,B:11.9,E:10.7,E:11.10,P_count_eq_1,P_count_eq_2,P_count_eq_3,B_count_eq_1,B_count_2_3,B_count_4_5,B_count_6_8,E_count_eq_1,E_count_eq_2,P_B_count,P_E_count,B_E_count",26,457
additive_head,239,0.3810227114429986,0.4481687702747297,0.7603146960506793,"intercept,P:9.9,P:9.6,P:10.0,B:9.0,B:9.7,B:10.1,B:10.2,B:10.6,B:10.10,B:11.2,B:11.9,E:10.7,E:11.10",14,458
count_additive,239,0.38394348120142757,0.45268587409987726,0.7554587593075738,"intercept,P:9.9,P:9.6,P:10.0,B:9.0,B:9.7,B:10.1,B:10.2,B:10.6,B:10.10,B:11.2,B:11.9,E:10.7,E:11.10,P_count_eq_1,P_count_eq_2,P_count_eq_3,B_count_eq_1,B_count_2_3,B_count_4_5,B_count_6_8,E_count_eq_1,E_count_eq_2",23,458
count_plus_PB_count,239,0.37518355229413314,0.43451384846161367,0.774697780104084,"intercept,P:9.9,P:9.6,P:10.0,B:9.0,B:9.7,B:10.1,B:10.2,B:10.6,B:10.10,B:11.2,B:11.9,E:10.7,E:11.10,P_count_eq_1,P_count_eq_2,P_count_eq_3,B_count_eq_1,B_count_2_3,B_count_4_5,B_count_6_8,E_count_eq_1,E_count_eq_2,P_B_count",24,458
count_plus_PE_count,239,0.2552298033909626,0.308892189722253,0.8861397637327255,"intercept,P:9.9,P:9.6,P:10.0,B:9.0,B:9.7,B:10.1,B:10.2,B:10.6,B:10.10,B:11.2,B:11.9,E:10.7,E:11.10,P_count_eq_1,P_count_eq_2,P_count_eq_3,B_count_eq_1,B_count_2_3,B_count_4_5,B_count_6_8,E_count_eq_1,E_count_eq_2,P_E_count",24,458
count_plus_BE_count,239,0.3813764578991075,0.44740423608978214,0.7611317601522642,"intercept,P:9.9,P:9.6,P:10.0,B:9.0,B:9.7,B:10.1,B:10.2,B:10.6,B:10.10,B:11.2,B:11.9,E:10.7,E:11.10,P_count_eq_1,P_count_eq_2,P_count_eq_3,B_count_eq_1,B_count_2_3,B_count_4_5,B_count_6_8,E_count_eq_1,E_count_eq_2,B_E_count",24,458
count_plus_all_pairs,239,0.2288051578735108,0.28205515076657467,0.9050650128512914,"intercept,P:9.9,P:9.6,P:10.0,B:9.0,B:9.7,B:10.1,B:10.2,B:10.6,B:10.10,B:11.2,B:11.9,E:10.7,E:11.10,P_count_eq_1,P_count_eq_2,P_count_eq_3,B_count_eq_1,B_count_2_3,B_count_4_5,B_count_6_8,E_count_eq_1,E_count_eq_2,P_B_count,P_E_count,B_E_count",26,458
additive_head,239,0.37181119440830984,0.4396985119850041,0.7667096426157148,"intercept,P:9.9,P:9.6,P:10.0,B:9.0,B:9.7,B:10.1,B:10.2,B:10.6,B:10.10,B:11.2,B:11.9,E:10.7,E:11.10",14,459
count_additive,239,0.37475045869503926,0.44442040881824946,0.7616721551834472,"intercept,P:9.9,P:9.6,P:10.0,B:9.0,B:9.7,B:10.1,B:10.2,B:10.6,B:10.10,B:11.2,B:11.9,E:10.7,E:11.10,P_count_eq_1,P_count_eq_2,P_count_eq_3,B_count_eq_1,B_count_2_3,B_count_4_5,B_count_6_8,E_count_eq_1,E_count_eq_2",23,459
count_plus_PB_count,239,0.36450791813759204,0.42424570821886143,0.7828190583605585,"intercept,P:9.9,P:9.6,P:10.0,B:9.0,B:9.7,B:10.1,B:10.2,B:10.6,B:10.10,B:11.2,B:11.9,E:10.7,E:11.10,P_count_eq_1,P_count_eq_2,P_count_eq_3,B_count_eq_1,B_count_2_3,B_count_4_5,B_count_6_8,E_count_eq_1,E_count_eq_2,P_B_count",24,459
count_plus_PE_count,239,0.2497607336351685,0.30370164368977437,0.8887036090717972,"intercept,P:9.9,P:9.6,P:10.0,B:9.0,B:9.7,B:10.1,B:10.2,B:10.6,B:10.10,B:11.2,B:11.9,E:10.7,E:11.10,P_count_eq_1,P_count_eq_2,P_count_eq_3,B_count_eq_1,B_count_2_3,B_count_4_5,B_count_6_8,E_count_eq_1,E_count_eq_2,P_E_count",24,459
count_plus_BE_count,239,0.37154507560750955,0.4394859212196637,0.7669351761792123,"intercept,P:9.9,P:9.6,P:10.0,B:9.0,B:9.7,B:10.1,B:10.2,B:10.6,B:10.10,B:11.2,B:11.9,E:10.7,E:11.10,P_count_eq_1,P_count_eq_2,P_count_eq_3,B_count_eq_1,B_count_2_3,B_count_4_5,B_count_6_8,E_count_eq_1,E_count_eq_2,B_E_count",24,459
count_plus_all_pairs,239,0.2220753591868556,0.27450135407112136,0.9090765766749774,"intercept,P:9.9,P:9.6,P:10.0,B:9.0,B:9.7,B:10.1,B:10.2,B:10.6,B:10.10,B:11.2,B:11.9,E:10.7,E:11.10,P_count_eq_1,P_count_eq_2,P_count_eq_3,B_count_eq_1,B_count_2_3,B_count_4_5,B_count_6_8,E_count_eq_1,E_count_eq_2,P_B_count,P_E_count,B_E_count",26,459
additive_head,239,0.39457016025635083,0.46688143283648853,0.760822086931858,"intercept,P:9.9,P:9.6,P:10.0,B:9.0,B:9.7,B:10.1,B:10.2,B:10.6,B:10.10,B:11.2,B:11.9,E:10.7,E:11.10",14,460
count_additive,239,0.39870241569980014,0.4720091757741987,0.7555394701559816,"intercept,P:9.9,P:9.6,P:10.0,B:9.0,B:9.7,B:10.1,B:10.2,B:10.6,B:10.10,B:11.2,B:11.9,E:10.7,E:11.10,P_count_eq_1,P_count_eq_2,P_count_eq_3,B_count_eq_1,B_count_2_3,B_count_4_5,B_count_6_8,E_count_eq_1,E_count_eq_2",23,460
count_plus_PB_count,239,0.38731570895747464,0.4516499377473668,0.7761733599019586,"intercept,P:9.9,P:9.6,P:10.0,B:9.0,B:9.7,B:10.1,B:10.2,B:10.6,B:10.10,B:11.2,B:11.9,E:10.7,E:11.10,P_count_eq_1,P_count_eq_2,P_count_eq_3,B_count_eq_1,B_count_2_3,B_count_4_5,B_count_6_8,E_count_eq_1,E_count_eq_2,P_B_count",24,460
count_plus_PE_count,239,0.2643638799030791,0.3206834592616951,0.8871605435264873,"intercept,P:9.9,P:9.6,P:10.0,B:9.0,B:9.7,B:10.1,B:10.2,B:10.6,B:10.10,B:11.2,B:11.9,E:10.7,E:11.10,P_count_eq_1,P_count_eq_2,P_count_eq_3,B_count_eq_1,B_count_2_3,B_count_4_5,B_count_6_8,E_count_eq_1,E_count_eq_2,P_E_count",24,460
count_plus_BE_count,239,0.3958309654703097,0.4670440554753023,0.7606554385511208,"intercept,P:9.9,P:9.6,P:10.0,B:9.0,B:9.7,B:10.1,B:10.2,B:10.6,B:10.10,B:11.2,B:11.9,E:10.7,E:11.10,P_count_eq_1,P_count_eq_2,P_count_eq_3,B_count_eq_1,B_count_2_3,B_count_4_5,B_count_6_8,E_count_eq_1,E_count_eq_2,B_E_count",24,460
count_plus_all_pairs,239,0.23579993667792248,0.2913625867533858,0.9068515924974652,"intercept,P:9.9,P:9.6,P:10.0,B:9.0,B:9.7,B:10.1,B:10.2,B:10.6,B:10.10,B:11.2,B:11.9,E:10.7,E:11.10,P_count_eq_1,P_count_eq_2,P_count_eq_3,B_count_eq_1,B_count_2_3,B_count_4_5,B_count_6_8,E_count_eq_1,E_count_eq_2,P_B_count,P_E_count,B_E_count",26,460
additive_head,239,0.36947963688186325,0.43472079729926744,0.7457003207294456,"intercept,P:9.9,P:9.6,P:10.0,B:9.0,B:9.7,B:10.1,B:10.2,B:10.6,B:10.10,B:11.2,B:11.9,E:10.7,E:11.10",14,461
count_additive,239,0.3729585645470856,0.4401317426076503,0.7393304153893794,"intercept,P:9.9,P:9.6,P:10.0,B:9.0,B:9.7,B:10.1,B:10.2,B:10.6,B:10.10,B:11.2,B:11.9,E:10.7,E:11.10,P_count_eq_1,P_count_eq_2,P_count_eq_3,B_count_eq_1,B_count_2_3,B_count_4_5,B_count_6_8,E_count_eq_1,E_count_eq_2",23,461
count_plus_PB_count,239,0.3642724166392621,0.4225993680586971,0.7596840126374445,"intercept,P:9.9,P:9.6,P:10.0,B:9.0,B:9.7,B:10.1,B:10.2,B:10.6,B:10.10,B:11.2,B:11.9,E:10.7,E:11.10,P_count_eq_1,P_count_eq_2,P_count_eq_3,B_count_eq_1,B_count_2_3,B_count_4_5,B_count_6_8,E_count_eq_1,E_count_eq_2,P_B_count",24,461
count_plus_PE_count,239,0.24830375749928643,0.3004295648140319,0.8785464217019969,"intercept,P:9.9,P:9.6,P:10.0,B:9.0,B:9.7,B:10.1,B:10.2,B:10.6,B:10.10,B:11.2,B:11.9,E:10.7,E:11.10,P_count_eq_1,P_count_eq_2,P_count_eq_3,B_count_eq_1,B_count_2_3,B_count_4_5,B_count_6_8,E_count_eq_1,E_count_eq_2,P_E_count",24,461
count_plus_BE_count,239,0.3709963850328326,0.43605677612676913,0.7441348974491035,"intercept,P:9.9,P:9.6,P:10.0,B:9.0,B:9.7,B:10.1,B:10.2,B:10.6,B:10.10,B:11.2,B:11.9,E:10.7,E:11.10,P_count_eq_1,P_count_eq_2,P_count_eq_3,B_count_eq_1,B_count_2_3,B_count_4_5,B_count_6_8,E_count_eq_1,E_count_eq_2,B_E_count",24,461
count_plus_all_pairs,239,0.22358454649014867,0.27560172003202144,0.8977910740442017,"intercept,P:9.9,P:9.6,P:10.0,B:9.0,B:9.7,B:10.1,B:10.2,B:10.6,B:10.10,B:11.2,B:11.9,E:10.7,E:11.10,P_count_eq_1,P_count_eq_2,P_count_eq_3,B_count_eq_1,B_count_2_3,B_count_4_5,B_count_6_8,E_count_eq_1,E_count_eq_2,P_B_count,P_E_count,B_E_count",26,461
additive_head,239,0.393274482741306,0.4637330702719308,0.7609283869328546,"intercept,P:9.9,P:9.6,P:10.0,B:9.0,B:9.7,B:10.1,B:10.2,B:10.6,B:10.10,B:11.2,B:11.9,E:10.7,E:11.10",14,462
count_additive,239,0.39644730420984814,0.46857750716972646,0.7559073225428834,"intercept,P:9.9,P:9.6,P:10.0,B:9.0,B:9.7,B:10.1,B:10.2,B:10.6,B:10.10,B:11.2,B:11.9,E:10.7,E:11.10,P_count_eq_1,P_count_eq_2,P_count_eq_3,B_count_eq_1,B_count_2_3,B_count_4_5,B_count_6_8,E_count_eq_1,E_count_eq_2",23,462
count_plus_PB_count,239,0.38688353457446706,0.44973298112497506,0.7751456201873199,"intercept,P:9.9,P:9.6,P:10.0,B:9.0,B:9.7,B:10.1,B:10.2,B:10.6,B:10.10,B:11.2,B:11.9,E:10.7,E:11.10,P_count_eq_1,P_count_eq_2,P_count_eq_3,B_count_eq_1,B_count_2_3,B_count_4_5,B_count_6_8,E_count_eq_1,E_count_eq_2,P_B_count",24,462
count_plus_PE_count,239,0.26169947752235767,0.3176193555858496,0.8878483166456876,"intercept,P:9.9,P:9.6,P:10.0,B:9.0,B:9.7,B:10.1,B:10.2,B:10.6,B:10.10,B:11.2,B:11.9,E:10.7,E:11.10,P_count_eq_1,P_count_eq_2,P_count_eq_3,B_count_eq_1,B_count_2_3,B_count_4_5,B_count_6_8,E_count_eq_1,E_count_eq_2,P_E_count",24,462
count_plus_BE_count,239,0.3941795736882117,0.4635715702068639,0.7610948764948513,"intercept,P:9.9,P:9.6,P:10.0,B:9.0,B:9.7,B:10.1,B:10.2,B:10.6,B:10.10,B:11.2,B:11.9,E:10.7,E:11.10,P_count_eq_1,P_count_eq_2,P_count_eq_3,B_count_eq_1,B_count_2_3,B_count_4_5,B_count_6_8,E_count_eq_1,E_count_eq_2,B_E_count",24,462
count_plus_all_pairs,239,0.23482162128161493,0.29006975617968705,0.9064601270251205,"intercept,P:9.9,P:9.6,P:10.0,B:9.0,B:9.7,B:10.1,B:10.2,B:10.6,B:10.10,B:11.2,B:11.9,E:10.7,E:11.10,P_count_eq_1,P_count_eq_2,P_count_eq_3,B_count_eq_1,B_count_2_3,B_count_4_5,B_count_6_8,E_count_eq_1,E_count_eq_2,P_B_count,P_E_count,B_E_count",26,462
additive_head,239,0.3805820722064894,0.44935141982814675,0.7571604017221332,"intercept,P:9.9,P:9.6,P:10.0,B:9.0,B:9.7,B:10.1,B:10.2,B:10.6,B:10.10,B:11.2,B:11.9,E:10.7,E:11.10",14,463
count_additive,239,0.38317146324782986,0.45392619141602375,0.7521906129531862,"intercept,P:9.9,P:9.6,P:10.0,B:9.0,B:9.7,B:10.1,B:10.2,B:10.6,B:10.10,B:11.2,B:11.9,E:10.7,E:11.10,P_count_eq_1,P_count_eq_2,P_count_eq_3,B_count_eq_1,B_count_2_3,B_count_4_5,B_count_6_8,E_count_eq_1,E_count_eq_2",23,463
count_plus_PB_count,239,0.3736459469305523,0.4356231569608826,0.7717718629585308,"intercept,P:9.9,P:9.6,P:10.0,B:9.0,B:9.7,B:10.1,B:10.2,B:10.6,B:10.10,B:11.2,B:11.9,E:10.7,E:11.10,P_count_eq_1,P_count_eq_2,P_count_eq_3,B_count_eq_1,B_count_2_3,B_count_4_5,B_count_6_8,E_count_eq_1,E_count_eq_2,P_B_count",24,463
count_plus_PE_count,239,0.253177543679895,0.3078014540861719,0.8860567497800361,"intercept,P:9.9,P:9.6,P:10.0,B:9.0,B:9.7,B:10.1,B:10.2,B:10.6,B:10.10,B:11.2,B:11.9,E:10.7,E:11.10,P_count_eq_1,P_count_eq_2,P_count_eq_3,B_count_eq_1,B_count_2_3,B_count_4_5,B_count_6_8,E_count_eq_1,E_count_eq_2,P_E_count",24,463
count_plus_BE_count,239,0.379755076143702,0.44797430766552715,0.7586465656054696,"intercept,P:9.9,P:9.6,P:10.0,B:9.0,B:9.7,B:10.1,B:10.2,B:10.6,B:10.10,B:11.2,B:11.9,E:10.7,E:11.10,P_count_eq_1,P_count_eq_2,P_count_eq_3,B_count_eq_1,B_count_2_3,B_count_4_5,B_count_6_8,E_count_eq_1,E_count_eq_2,B_E_count",24,463
count_plus_all_pairs,239,0.22649335509145657,0.27969308694163064,0.905917091751892,"intercept,P:9.9,P:9.6,P:10.0,B:9.0,B:9.7,B:10.1,B:10.2,B:10.6,B:10.10,B:11.2,B:11.9,E:10.7,E:11.10,P_count_eq_1,P_count_eq_2,P_count_eq_3,B_count_eq_1,B_count_2_3,B_count_4_5,B_count_6_8,E_count_eq_1,E_count_eq_2,P_B_count,P_E_count,B_E_count",26,463
additive_head,239,0.39496133190862615,0.4639340630021871,0.7599379575312781,"intercept,P:9.9,P:9.6,P:10.0,B:9.0,B:9.7,B:10.1,B:10.2,B:10.6,B:10.10,B:11.2,B:11.9,E:10.7,E:11.10",14,464
count_additive,239,0.3991459229213085,0.4699714046158823,0.7536492753870148,"intercept,P:9.9,P:9.6,P:10.0,B:9.0,B:9.7,B:10.1,B:10.2,B:10.6,B:10.10,B:11.2,B:11.9,E:10.7,E:11.10,P_count_eq_1,P_count_eq_2,P_count_eq_3,B_count_eq_1,B_count_2_3,B_count_4_5,B_count_6_8,E_count_eq_1,E_count_eq_2",23,464
count_plus_PB_count,239,0.3890655755917427,0.45063586724633736,0.7735029830716906,"intercept,P:9.9,P:9.6,P:10.0,B:9.0,B:9.7,B:10.1,B:10.2,B:10.6,B:10.10,B:11.2,B:11.9,E:10.7,E:11.10,P_count_eq_1,P_count_eq_2,P_count_eq_3,B_count_eq_1,B_count_2_3,B_count_4_5,B_count_6_8,E_count_eq_1,E_count_eq_2,P_B_count",24,464
count_plus_PE_count,239,0.26791944446189425,0.3239071834925524,0.8829821443834824,"intercept,P:9.9,P:9.6,P:10.0,B:9.0,B:9.7,B:10.1,B:10.2,B:10.6,B:10.10,B:11.2,B:11.9,E:10.7,E:11.10,P_count_eq_1,P_count_eq_2,P_count_eq_3,B_count_eq_1,B_count_2_3,B_count_4_5,B_count_6_8,E_count_eq_1,E_count_eq_2,P_E_count",24,464
count_plus_BE_count,239,0.3961765645282042,0.4646783368817943,0.7591670927009775,"intercept,P:9.9,P:9.6,P:10.0,B:9.0,B:9.7,B:10.1,B:10.2,B:10.6,B:10.10,B:11.2,B:11.9,E:10.7,E:11.10,P_count_eq_1,P_count_eq_2,P_count_eq_3,B_count_eq_1,B_count_2_3,B_count_4_5,B_count_6_8,E_count_eq_1,E_count_eq_2,B_E_count",24,464
count_plus_all_pairs,239,0.24001469577261156,0.29580860502912265,0.9024038731938144,"intercept,P:9.9,P:9.6,P:10.0,B:9.0,B:9.7,B:10.1,B:10.2,B:10.6,B:10.10,B:11.2,B:11.9,E:10.7,E:11.10,P_count_eq_1,P_count_eq_2,P_count_eq_3,B_count_eq_1,B_count_2_3,B_count_4_5,B_count_6_8,E_count_eq_1,E_count_eq_2,P_B_count,P_E_count,B_E_count",26,464
additive_head,239,0.3941673870811726,0.465679759587631,0.7451958563865171,"intercept,P:9.9,P:9.6,P:10.0,B:9.0,B:9.7,B:10.1,B:10.2,B:10.6,B:10.10,B:11.2,B:11.9,E:10.7,E:11.10",14,465
count_additive,239,0.3981387127913693,0.47141117315285797,0.7388851896629294,"intercept,P:9.9,P:9.6,P:10.0,B:9.0,B:9.7,B:10.1,B:10.2,B:10.6,B:10.10,B:11.2,B:11.9,E:10.7,E:11.10,P_count_eq_1,P_count_eq_2,P_count_eq_3,B_count_eq_1,B_count_2_3,B_count_4_5,B_count_6_8,E_count_eq_1,E_count_eq_2",23,465
count_plus_PB_count,239,0.38712001738358476,0.4506471231336353,0.761381029340985,"intercept,P:9.9,P:9.6,P:10.0,B:9.0,B:9.7,B:10.1,B:10.2,B:10.6,B:10.10,B:11.2,B:11.9,E:10.7,E:11.10,P_count_eq_1,P_count_eq_2,P_count_eq_3,B_count_eq_1,B_count_2_3,B_count_4_5,B_count_6_8,E_count_eq_1,E_count_eq_2,P_B_count",24,465
count_plus_PE_count,239,0.2682861935739524,0.325125584319597,0.8757964372910749,"intercept,P:9.9,P:9.6,P:10.0,B:9.0,B:9.7,B:10.1,B:10.2,B:10.6,B:10.10,B:11.2,B:11.9,E:10.7,E:11.10,P_count_eq_1,P_count_eq_2,P_count_eq_3,B_count_eq_1,B_count_2_3,B_count_4_5,B_count_6_8,E_count_eq_1,E_count_eq_2,P_E_count",24,465
count_plus_BE_count,239,0.39519255654797625,0.4668423069387809,0.7439220555479487,"intercept,P:9.9,P:9.6,P:10.0,B:9.0,B:9.7,B:10.1,B:10.2,B:10.6,B:10.10,B:11.2,B:11.9,E:10.7,E:11.10,P_count_eq_1,P_count_eq_2,P_count_eq_3,B_count_eq_1,B_count_2_3,B_count_4_5,B_count_6_8,E_count_eq_1,E_count_eq_2,B_E_count",24,465
count_plus_all_pairs,239,0.23974661536152334,0.295937988656707,0.8970957770280255,"intercept,P:9.9,P:9.6,P:10.0,B:9.0,B:9.7,B:10.1,B:10.2,B:10.6,B:10.10,B:11.2,B:11.9,E:10.7,E:11.10,P_count_eq_1,P_count_eq_2,P_count_eq_3,B_count_eq_1,B_count_2_3,B_count_4_5,B_count_6_8,E_count_eq_1,E_count_eq_2,P_B_count,P_E_count,B_E_count",26,465
additive_head,239,0.382215546162309,0.45016488950097533,0.7553104298236125,"intercept,P:9.9,P:9.6,P:10.0,B:9.0,B:9.7,B:10.1,B:10.2,B:10.6,B:10.10,B:11.2,B:11.9,E:10.7,E:11.10",14,466
count_additive,239,0.3857946383237713,0.4556121456763289,0.7493528300425185,"intercept,P:9.9,P:9.6,P:10.0,B:9.0,B:9.7,B:10.1,B:10.2,B:10.6,B:10.10,B:11.2,B:11.9,E:10.7,E:11.10,P_count_eq_1,P_count_eq_2,P_count_eq_3,B_count_eq_1,B_count_2_3,B_count_4_5,B_count_6_8,E_count_eq_1,E_count_eq_2",23,466
count_plus_PB_count,239,0.3767329704749756,0.43783375539460856,0.7685321372709774,"intercept,P:9.9,P:9.6,P:10.0,B:9.0,B:9.7,B:10.1,B:10.2,B:10.6,B:10.10,B:11.2,B:11.9,E:10.7,E:11.10,P_count_eq_1,P_count_eq_2,P_count_eq_3,B_count_eq_1,B_count_2_3,B_count_4_5,B_count_6_8,E_count_eq_1,E_count_eq_2,P_B_count",24,466
count_plus_PE_count,239,0.2542228437678506,0.30938873585967425,0.8844203924652735,"intercept,P:9.9,P:9.6,P:10.0,B:9.0,B:9.7,B:10.1,B:10.2,B:10.6,B:10.10,B:11.2,B:11.9,E:10.7,E:11.10,P_count_eq_1,P_count_eq_2,P_count_eq_3,B_count_eq_1,B_count_2_3,B_count_4_5,B_count_6_8,E_count_eq_1,E_count_eq_2,P_E_count",24,466
count_plus_BE_count,239,0.3834113470201241,0.45054227786740925,0.7548999948632372,"intercept,P:9.9,P:9.6,P:10.0,B:9.0,B:9.7,B:10.1,B:10.2,B:10.6,B:10.10,B:11.2,B:11.9,E:10.7,E:11.10,P_count_eq_1,P_count_eq_2,P_count_eq_3,B_count_eq_1,B_count_2_3,B_count_4_5,B_count_6_8,E_count_eq_1,E_count_eq_2,B_E_count",24,466
count_plus_all_pairs,239,0.2287216982187513,0.2831889856149772,0.9031666548128805,"intercept,P:9.9,P:9.6,P:10.0,B:9.0,B:9.7,B:10.1,B:10.2,B:10.6,B:10.10,B:11.2,B:11.9,E:10.7,E:11.10,P_count_eq_1,P_count_eq_2,P_count_eq_3,B_count_eq_1,B_count_2_3,B_count_4_5,B_count_6_8,E_count_eq_1,E_count_eq_2,P_B_count,P_E_count,B_E_count",26,466
additive_head,239,0.36591304887927495,0.43405614387115987,0.7733930220734755,"intercept,P:9.9,P:9.6,P:10.0,B:9.0,B:9.7,B:10.1,B:10.2,B:10.6,B:10.10,B:11.2,B:11.9,E:10.7,E:11.10",14,467
count_additive,239,0.36792346339478676,0.43769475887799864,0.7695778865006261,"intercept,P:9.9,P:9.6,P:10.0,B:9.0,B:9.7,B:10.1,B:10.2,B:10.6,B:10.10,B:11.2,B:11.9,E:10.7,E:11.10,P_count_eq_1,P_count_eq_2,P_count_eq_3,B_count_eq_1,B_count_2_3,B_count_4_5,B_count_6_8,E_count_eq_1,E_count_eq_2",23,467
count_plus_PB_count,239,0.358279884886392,0.4198195198926211,0.7880142253046081,"intercept,P:9.9,P:9.6,P:10.0,B:9.0,B:9.7,B:10.1,B:10.2,B:10.6,B:10.10,B:11.2,B:11.9,E:10.7,E:11.10,P_count_eq_1,P_count_eq_2,P_count_eq_3,B_count_eq_1,B_count_2_3,B_count_4_5,B_count_6_8,E_count_eq_1,E_count_eq_2,P_B_count",24,467
count_plus_PE_count,239,0.24173907755914706,0.29424654005180884,0.8958632084513415,"intercept,P:9.9,P:9.6,P:10.0,B:9.0,B:9.7,B:10.1,B:10.2,B:10.6,B:10.10,B:11.2,B:11.9,E:10.7,E:11.10,P_count_eq_1,P_count_eq_2,P_count_eq_3,B_count_eq_1,B_count_2_3,B_count_4_5,B_count_6_8,E_count_eq_1,E_count_eq_2,P_E_count",24,467
count_plus_BE_count,239,0.364700866490016,0.43192376480718936,0.7756140483131069,"intercept,P:9.9,P:9.6,P:10.0,B:9.0,B:9.7,B:10.1,B:10.2,B:10.6,B:10.10,B:11.2,B:11.9,E:10.7,E:11.10,P_count_eq_1,P_count_eq_2,P_count_eq_3,B_count_eq_1,B_count_2_3,B_count_4_5,B_count_6_8,E_count_eq_1,E_count_eq_2,B_E_count",24,467
count_plus_all_pairs,239,0.2157931539008625,0.26662140978554194,0.914498938955064,"intercept,P:9.9,P:9.6,P:10.0,B:9.0,B:9.7,B:10.1,B:10.2,B:10.6,B:10.10,B:11.2,B:11.9,E:10.7,E:11.10,P_count_eq_1,P_count_eq_2,P_count_eq_3,B_count_eq_1,B_count_2_3,B_count_4_5,B_count_6_8,E_count_eq_1,E_count_eq_2,P_B_count,P_E_count,B_E_count",26,467
additive_head,239,0.39646215609159186,0.4708342587562992,0.7584792370855038,"intercept,P:9.9,P:9.6,P:10.0,B:9.0,B:9.7,B:10.1,B:10.2,B:10.6,B:10.10,B:11.2,B:11.9,E:10.7,E:11.10",14,468
count_additive,239,0.3999540881329384,0.47547531387555725,0.7536943871613855,"intercept,P:9.9,P:9.6,P:10.0,B:9.0,B:9.7,B:10.1,B:10.2,B:10.6,B:10.10,B:11.2,B:11.9,E:10.7,E:11.10,P_count_eq_1,P_count_eq_2,P_count_eq_3,B_count_eq_1,B_count_2_3,B_count_4_5,B_count_6_8,E_count_eq_1,E_count_eq_2",23,468
count_plus_PB_count,239,0.3871798049934015,0.45264238700906484,0.776782211116817,"intercept,P:9.9,P:9.6,P:10.0,B:9.0,B:9.7,B:10.1,B:10.2,B:10.6,B:10.10,B:11.2,B:11.9,E:10.7,E:11.10,P_count_eq_1,P_count_eq_2,P_count_eq_3,B_count_eq_1,B_count_2_3,B_count_4_5,B_count_6_8,E_count_eq_1,E_count_eq_2,P_B_count",24,468
count_plus_PE_count,239,0.2687891429188257,0.32662584697296754,0.8837696731925795,"intercept,P:9.9,P:9.6,P:10.0,B:9.0,B:9.7,B:10.1,B:10.2,B:10.6,B:10.10,B:11.2,B:11.9,E:10.7,E:11.10,P_count_eq_1,P_count_eq_2,P_count_eq_3,B_count_eq_1,B_count_2_3,B_count_4_5,B_count_6_8,E_count_eq_1,E_count_eq_2,P_E_count",24,468
count_plus_BE_count,239,0.39641885342610694,0.47099668905907044,0.7583125667261235,"intercept,P:9.9,P:9.6,P:10.0,B:9.0,B:9.7,B:10.1,B:10.2,B:10.6,B:10.10,B:11.2,B:11.9,E:10.7,E:11.10,P_count_eq_1,P_count_eq_2,P_count_eq_3,B_count_eq_1,B_count_2_3,B_count_4_5,B_count_6_8,E_count_eq_1,E_count_eq_2,B_E_count",24,468
count_plus_all_pairs,239,0.2391737574513852,0.2948282424351957,0.9052985719325735,"intercept,P:9.9,P:9.6,P:10.0,B:9.0,B:9.7,B:10.1,B:10.2,B:10.6,B:10.10,B:11.2,B:11.9,E:10.7,E:11.10,P_count_eq_1,P_count_eq_2,P_count_eq_3,B_count_eq_1,B_count_2_3,B_count_4_5,B_count_6_8,E_count_eq_1,E_count_eq_2,P_B_count,P_E_count,B_E_count",26,468
additive_head,239,0.39373987048013515,0.46285988647562476,0.7489358897165163,"intercept,P:9.9,P:9.6,P:10.0,B:9.0,B:9.7,B:10.1,B:10.2,B:10.6,B:10.10,B:11.2,B:11.9,E:10.7,E:11.10",14,469
count_additive,239,0.3973753407551175,0.4683142498271217,0.7429839226953585,"intercept,P:9.9,P:9.6,P:10.0,B:9.0,B:9.7,B:10.1,B:10.2,B:10.6,B:10.10,B:11.2,B:11.9,E:10.7,E:11.10,P_count_eq_1,P_count_eq_2,P_count_eq_3,B_count_eq_1,B_count_2_3,B_count_4_5,B_count_6_8,E_count_eq_1,E_count_eq_2",23,469
count_plus_PB_count,239,0.38812522744388717,0.44974076007033154,0.7629663278884875,"intercept,P:9.9,P:9.6,P:10.0,B:9.0,B:9.7,B:10.1,B:10.2,B:10.6,B:10.10,B:11.2,B:11.9,E:10.7,E:11.10,P_count_eq_1,P_count_eq_2,P_count_eq_3,B_count_eq_1,B_count_2_3,B_count_4_5,B_count_6_8,E_count_eq_1,E_count_eq_2,P_B_count",24,469
count_plus_PE_count,239,0.2636098614782892,0.3190577774798947,0.880704457403312,"intercept,P:9.9,P:9.6,P:10.0,B:9.0,B:9.7,B:10.1,B:10.2,B:10.6,B:10.10,B:11.2,B:11.9,E:10.7,E:11.10,P_count_eq_1,P_count_eq_2,P_count_eq_3,B_count_eq_1,B_count_2_3,B_count_4_5,B_count_6_8,E_count_eq_1,E_count_eq_2,P_E_count",24,469
count_plus_BE_count,239,0.3956893317496018,0.463795222605389,0.7479201758521744,"intercept,P:9.9,P:9.6,P:10.0,B:9.0,B:9.7,B:10.1,B:10.2,B:10.6,B:10.10,B:11.2,B:11.9,E:10.7,E:11.10,P_count_eq_1,P_count_eq_2,P_count_eq_3,B_count_eq_1,B_count_2_3,B_count_4_5,B_count_6_8,E_count_eq_1,E_count_eq_2,B_E_count",24,469
count_plus_all_pairs,239,0.2370065991942493,0.2925373954887534,0.8997121486947499,"intercept,P:9.9,P:9.6,P:10.0,B:9.0,B:9.7,B:10.1,B:10.2,B:10.6,B:10.10,B:11.2,B:11.9,E:10.7,E:11.10,P_count_eq_1,P_count_eq_2,P_count_eq_3,B_count_eq_1,B_count_2_3,B_count_4_5,B_count_6_8,E_count_eq_1,E_count_eq_2,P_B_count,P_E_count,B_E_count",26,469
additive_head,239,0.3835940853142909,0.4545816566939774,0.7585878687909551,"intercept,P:9.9,P:9.6,P:10.0,B:9.0,B:9.7,B:10.1,B:10.2,B:10.6,B:10.10,B:11.2,B:11.9,E:10.7,E:11.10",14,470
count_additive,239,0.3864279078347305,0.45904316051504773,0.7538259231532148,"intercept,P:9.9,P:9.6,P:10.0,B:9.0,B:9.7,B:10.1,B:10.2,B:10.6,B:10.10,B:11.2,B:11.9,E:10.7,E:11.10,P_count_eq_1,P_count_eq_2,P_count_eq_3,B_count_eq_1,B_count_2_3,B_count_4_5,B_count_6_8,E_count_eq_1,E_count_eq_2",23,470
count_plus_PB_count,239,0.37603233595376745,0.43899574324388857,0.7748583243270869,"intercept,P:9.9,P:9.6,P:10.0,B:9.0,B:9.7,B:10.1,B:10.2,B:10.6,B:10.10,B:11.2,B:11.9,E:10.7,E:11.10,P_count_eq_1,P_count_eq_2,P_count_eq_3,B_count_eq_1,B_count_2_3,B_count_4_5,B_count_6_8,E_count_eq_1,E_count_eq_2,P_B_count",24,470
count_plus_PE_count,239,0.25630157989278846,0.31150748247404775,0.8866367620888534,"intercept,P:9.9,P:9.6,P:10.0,B:9.0,B:9.7,B:10.1,B:10.2,B:10.6,B:10.10,B:11.2,B:11.9,E:10.7,E:11.10,P_count_eq_1,P_count_eq_2,P_count_eq_3,B_count_eq_1,B_count_2_3,B_count_4_5,B_count_6_8,E_count_eq_1,E_count_eq_2,P_E_count",24,470
count_plus_BE_count,239,0.38279904863602826,0.45374924932962885,0.7594711831311179,"intercept,P:9.9,P:9.6,P:10.0,B:9.0,B:9.7,B:10.1,B:10.2,B:10.6,B:10.10,B:11.2,B:11.9,E:10.7,E:11.10,P_count_eq_1,P_count_eq_2,P_count_eq_3,B_count_eq_1,B_count_2_3,B_count_4_5,B_count_6_8,E_count_eq_1,E_count_eq_2,B_E_count",24,470
count_plus_all_pairs,239,0.2284241436649547,0.2819480880266782,0.9071303981526763,"intercept,P:9.9,P:9.6,P:10.0,B:9.0,B:9.7,B:10.1,B:10.2,B:10.6,B:10.10,B:11.2,B:11.9,E:10.7,E:11.10,P_count_eq_1,P_count_eq_2,P_count_eq_3,B_count_eq_1,B_count_2_3,B_count_4_5,B_count_6_8,E_count_eq_1,E_count_eq_2,P_B_count,P_E_count,B_E_count",26,470
additive_head,239,0.3835769580563083,0.4530500976894013,0.7552778380602037,"intercept,P:9.9,P:9.6,P:10.0,B:9.0,B:9.7,B:10.1,B:10.2,B:10.6,B:10.10,B:11.2,B:11.9,E:10.7,E:11.10",14,471
count_additive,239,0.3868449523199538,0.45810043773246695,0.7497913858696148,"intercept,P:9.9,P:9.6,P:10.0,B:9.0,B:9.7,B:10.1,B:10.2,B:10.6,B:10.10,B:11.2,B:11.9,E:10.7,E:11.10,P_count_eq_1,P_count_eq_2,P_count_eq_3,B_count_eq_1,B_count_2_3,B_count_4_5,B_count_6_8,E_count_eq_1,E_count_eq_2",23,471
count_plus_PB_count,239,0.3769159608014618,0.4389961855429255,0.770225231509704,"intercept,P:9.9,P:9.6,P:10.0,B:9.0,B:9.7,B:10.1,B:10.2,B:10.6,B:10.10,B:11.2,B:11.9,E:10.7,E:11.10,P_count_eq_1,P_count_eq_2,P_count_eq_3,B_count_eq_1,B_count_2_3,B_count_4_5,B_count_6_8,E_count_eq_1,E_count_eq_2,P_B_count",24,471
count_plus_PE_count,239,0.25864772766072425,0.3141033028587085,0.8823679000291987,"intercept,P:9.9,P:9.6,P:10.0,B:9.0,B:9.7,B:10.1,B:10.2,B:10.6,B:10.10,B:11.2,B:11.9,E:10.7,E:11.10,P_count_eq_1,P_count_eq_2,P_count_eq_3,B_count_eq_1,B_count_2_3,B_count_4_5,B_count_6_8,E_count_eq_1,E_count_eq_2,P_E_count",24,471
count_plus_BE_count,239,0.3837903710718979,0.45277753586827313,0.7555722066257342,"intercept,P:9.9,P:9.6,P:10.0,B:9.0,B:9.7,B:10.1,B:10.2,B:10.6,B:10.10,B:11.2,B:11.9,E:10.7,E:11.10,P_count_eq_1,P_count_eq_2,P_count_eq_3,B_count_eq_1,B_count_2_3,B_count_4_5,B_count_6_8,E_count_eq_1,E_count_eq_2,B_E_count",24,471
count_plus_all_pairs,239,0.23165720133781148,0.2860568016737047,0.9024369427231967,"intercept,P:9.9,P:9.6,P:10.0,B:9.0,B:9.7,B:10.1,B:10.2,B:10.6,B:10.10,B:11.2,B:11.9,E:10.7,E:11.10,P_count_eq_1,P_count_eq_2,P_count_eq_3,B_count_eq_1,B_count_2_3,B_count_4_5,B_count_6_8,E_count_eq_1,E_count_eq_2,P_B_count,P_E_count,B_E_count",26,471
additive_head,239,0.38247676259530833,0.4495620527946858,0.7566125897408589,"intercept,P:9.9,P:9.6,P:10.0,B:9.0,B:9.7,B:10.1,B:10.2,B:10.6,B:10.10,B:11.2,B:11.9,E:10.7,E:11.10",14,472
count_additive,239,0.3853804669828296,0.4544940721955441,0.7512430261802941,"intercept,P:9.9,P:9.6,P:10.0,B:9.0,B:9.7,B:10.1,B:10.2,B:10.6,B:10.10,B:11.2,B:11.9,E:10.7,E:11.10,P_count_eq_1,P_count_eq_2,P_count_eq_3,B_count_eq_1,B_count_2_3,B_count_4_5,B_count_6_8,E_count_eq_1,E_count_eq_2",23,472
count_plus_PB_count,239,0.3765831622211169,0.43645453139577595,0.7705981943092812,"intercept,P:9.9,P:9.6,P:10.0,B:9.0,B:9.7,B:10.1,B:10.2,B:10.6,B:10.10,B:11.2,B:11.9,E:10.7,E:11.10,P_count_eq_1,P_count_eq_2,P_count_eq_3,B_count_eq_1,B_count_2_3,B_count_4_5,B_count_6_8,E_count_eq_1,E_count_eq_2,P_B_count",24,472
count_plus_PE_count,239,0.2568737281281349,0.31124036833859026,0.8833430387124173,"intercept,P:9.9,P:9.6,P:10.0,B:9.0,B:9.7,B:10.1,B:10.2,B:10.6,B:10.10,B:11.2,B:11.9,E:10.7,E:11.10,P_count_eq_1,P_count_eq_2,P_count_eq_3,B_count_eq_1,B_count_2_3,B_count_4_5,B_count_6_8,E_count_eq_1,E_count_eq_2,P_E_count",24,472
count_plus_BE_count,239,0.3831324871018614,0.449445385877179,0.7567388974408875,"intercept,P:9.9,P:9.6,P:10.0,B:9.0,B:9.7,B:10.1,B:10.2,B:10.6,B:10.10,B:11.2,B:11.9,E:10.7,E:11.10,P_count_eq_1,P_count_eq_2,P_count_eq_3,B_count_eq_1,B_count_2_3,B_count_4_5,B_count_6_8,E_count_eq_1,E_count_eq_2,B_E_count",24,472
count_plus_all_pairs,239,0.23026264876544342,0.28488975959409707,0.9022599637250277,"intercept,P:9.9,P:9.6,P:10.0,B:9.0,B:9.7,B:10.1,B:10.2,B:10.6,B:10.10,B:11.2,B:11.9,E:10.7,E:11.10,P_count_eq_1,P_count_eq_2,P_count_eq_3,B_count_eq_1,B_count_2_3,B_count_4_5,B_count_6_8,E_count_eq_1,E_count_eq_2,P_B_count,P_E_count,B_E_count",26,472
additive_head,239,0.39511430037410744,0.4657564783586502,0.7496488815154452,"intercept,P:9.9,P:9.6,P:10.0,B:9.0,B:9.7,B:10.1,B:10.2,B:10.6,B:10.10,B:11.2,B:11.9,E:10.7,E:11.10",14,473
count_additive,239,0.39889696068742275,0.47160863531787733,0.7433181123389127,"intercept,P:9.9,P:9.6,P:10.0,B:9.0,B:9.7,B:10.1,B:10.2,B:10.6,B:10.10,B:11.2,B:11.9,E:10.7,E:11.10,P_count_eq_1,P_count_eq_2,P_count_eq_3,B_count_eq_1,B_count_2_3,B_count_4_5,B_count_6_8,E_count_eq_1,E_count_eq_2",23,473
count_plus_PB_count,239,0.38943831653975713,0.4537655021360939,0.7623736058981263,"intercept,P:9.9,P:9.6,P:10.0,B:9.0,B:9.7,B:10.1,B:10.2,B:10.6,B:10.10,B:11.2,B:11.9,E:10.7,E:11.10,P_count_eq_1,P_count_eq_2,P_count_eq_3,B_count_eq_1,B_count_2_3,B_count_4_5,B_count_6_8,E_count_eq_1,E_count_eq_2,P_B_count",24,473
count_plus_PE_count,239,0.26199774365601797,0.3191250643035397,0.8824686951020245,"intercept,P:9.9,P:9.6,P:10.0,B:9.0,B:9.7,B:10.1,B:10.2,B:10.6,B:10.10,B:11.2,B:11.9,E:10.7,E:11.10,P_count_eq_1,P_count_eq_2,P_count_eq_3,B_count_eq_1,B_count_2_3,B_count_4_5,B_count_6_8,E_count_eq_1,E_count_eq_2,P_E_count",24,473
count_plus_BE_count,239,0.39574936058805155,0.46518137579097907,0.7502667523903969,"intercept,P:9.9,P:9.6,P:10.0,B:9.0,B:9.7,B:10.1,B:10.2,B:10.6,B:10.10,B:11.2,B:11.9,E:10.7,E:11.10,P_count_eq_1,P_count_eq_2,P_count_eq_3,B_count_eq_1,B_count_2_3,B_count_4_5,B_count_6_8,E_count_eq_1,E_count_eq_2,B_E_count",24,473
count_plus_all_pairs,239,0.23524382815443493,0.2913780371683476,0.9020182133989602,"intercept,P:9.9,P:9.6,P:10.0,B:9.0,B:9.7,B:10.1,B:10.2,B:10.6,B:10.10,B:11.2,B:11.9,E:10.7,E:11.10,P_count_eq_1,P_count_eq_2,P_count_eq_3,B_count_eq_1,B_count_2_3,B_count_4_5,B_count_6_8,E_count_eq_1,E_count_eq_2,P_B_count,P_E_count,B_E_count",26,473
additive_head,239,0.39696624227428057,0.4666409232610311,0.7513310135024123,"intercept,P:9.9,P:9.6,P:10.0,B:9.0,B:9.7,B:10.1,B:10.2,B:10.6,B:10.10,B:11.2,B:11.9,E:10.7,E:11.10",14,474
count_additive,239,0.4005690709029817,0.4721159140628514,0.7454616300141008,"intercept,P:9.9,P:9.6,P:10.0,B:9.0,B:9.7,B:10.1,B:10.2,B:10.6,B:10.10,B:11.2,B:11.9,E:10.7,E:11.10,P_count_eq_1,P_count_eq_2,P_count_eq_3,B_count_eq_1,B_count_2_3,B_count_4_5,B_count_6_8,E_count_eq_1,E_count_eq_2",23,474
count_plus_PB_count,239,0.39084869003550815,0.4525841244684425,0.7660868643658717,"intercept,P:9.9,P:9.6,P:10.0,B:9.0,B:9.7,B:10.1,B:10.2,B:10.6,B:10.10,B:11.2,B:11.9,E:10.7,E:11.10,P_count_eq_1,P_count_eq_2,P_count_eq_3,B_count_eq_1,B_count_2_3,B_count_4_5,B_count_6_8,E_count_eq_1,E_count_eq_2,P_B_count",24,474
count_plus_PE_count,239,0.2660473610105091,0.32220391222494726,0.8814456216421472,"intercept,P:9.9,P:9.6,P:10.0,B:9.0,B:9.7,B:10.1,B:10.2,B:10.6,B:10.10,B:11.2,B:11.9,E:10.7,E:11.10,P_count_eq_1,P_count_eq_2,P_count_eq_3,B_count_eq_1,B_count_2_3,B_count_4_5,B_count_6_8,E_count_eq_1,E_count_eq_2,P_E_count",24,474
count_plus_BE_count,239,0.39849460390531055,0.4674465457206523,0.7504716535912944,"intercept,P:9.9,P:9.6,P:10.0,B:9.0,B:9.7,B:10.1,B:10.2,B:10.6,B:10.10,B:11.2,B:11.9,E:10.7,E:11.10,P_count_eq_1,P_count_eq_2,P_count_eq_3,B_count_eq_1,B_count_2_3,B_count_4_5,B_count_6_8,E_count_eq_1,E_count_eq_2,B_E_count",24,474
count_plus_all_pairs,239,0.23840807787470364,0.29438792990654633,0.9010317300965355,"intercept,P:9.9,P:9.6,P:10.0,B:9.0,B:9.7,B:10.1,B:10.2,B:10.6,B:10.10,B:11.2,B:11.9,E:10.7,E:11.10,P_count_eq_1,P_count_eq_2,P_count_eq_3,B_count_eq_1,B_count_2_3,B_count_4_5,B_count_6_8,E_count_eq_1,E_count_eq_2,P_B_count,P_E_count,B_E_count",26,474
additive_head,239,0.3834401739983267,0.45085724447593467,0.7551561560315334,"intercept,P:9.9,P:9.6,P:10.0,B:9.0,B:9.7,B:10.1,B:10.2,B:10.6,B:10.10,B:11.2,B:11.9,E:10.7,E:11.10",14,475
count_additive,239,0.38633355432521355,0.45616341270817484,0.7493590762456339,"intercept,P:9.9,P:9.6,P:10.0,B:9.0,B:9.7,B:10.1,B:10.2,B:10.6,B:10.10,B:11.2,B:11.9,E:10.7,E:11.10,P_count_eq_1,P_count_eq_2,P_count_eq_3,B_count_eq_1,B_count_2_3,B_count_4_5,B_count_6_8,E_count_eq_1,E_count_eq_2",23,475
count_plus_PB_count,239,0.3765361385425488,0.43772906687136637,0.7692074120371464,"intercept,P:9.9,P:9.6,P:10.0,B:9.0,B:9.7,B:10.1,B:10.2,B:10.6,B:10.10,B:11.2,B:11.9,E:10.7,E:11.10,P_count_eq_1,P_count_eq_2,P_count_eq_3,B_count_eq_1,B_count_2_3,B_count_4_5,B_count_6_8,E_count_eq_1,E_count_eq_2,P_B_count",24,475
count_plus_PE_count,239,0.2586132882380193,0.31328030180184735,0.88178372751378,"intercept,P:9.9,P:9.6,P:10.0,B:9.0,B:9.7,B:10.1,B:10.2,B:10.6,B:10.10,B:11.2,B:11.9,E:10.7,E:11.10,P_count_eq_1,P_count_eq_2,P_count_eq_3,B_count_eq_1,B_count_2_3,B_count_4_5,B_count_6_8,E_count_eq_1,E_count_eq_2,P_E_count",24,475
count_plus_BE_count,239,0.3835076040550889,0.45079975071741335,0.7552185975047805,"intercept,P:9.9,P:9.6,P:10.0,B:9.0,B:9.7,B:10.1,B:10.2,B:10.6,B:10.10,B:11.2,B:11.9,E:10.7,E:11.10,P_count_eq_1,P_count_eq_2,P_count_eq_3,B_count_eq_1,B_count_2_3,B_count_4_5,B_count_6_8,E_count_eq_1,E_count_eq_2,B_E_count",24,475
count_plus_all_pairs,239,0.23191222420375326,0.28618578633194186,0.901347702250264,"intercept,P:9.9,P:9.6,P:10.0,B:9.0,B:9.7,B:10.1,B:10.2,B:10.6,B:10.10,B:11.2,B:11.9,E:10.7,E:11.10,P_count_eq_1,P_count_eq_2,P_count_eq_3,B_count_eq_1,B_count_2_3,B_count_4_5,B_count_6_8,E_count_eq_1,E_count_eq_2,P_B_count,P_E_count,B_E_count",26,475
additive_head,239,0.38093293093285474,0.4508856706420315,0.7718463608158739,"intercept,P:9.9,P:9.6,P:10.0,B:9.0,B:9.7,B:10.1,B:10.2,B:10.6,B:10.10,B:11.2,B:11.9,E:10.7,E:11.10",14,476
count_additive,239,0.3834045430515764,0.4552457991770791,0.7674124695402182,"intercept,P:9.9,P:9.6,P:10.0,B:9.0,B:9.7,B:10.1,B:10.2,B:10.6,B:10.10,B:11.2,B:11.9,E:10.7,E:11.10,P_count_eq_1,P_count_eq_2,P_count_eq_3,B_count_eq_1,B_count_2_3,B_count_4_5,B_count_6_8,E_count_eq_1,E_count_eq_2",23,476
count_plus_PB_count,239,0.372908500949393,0.4352516235713235,0.7873940898626656,"intercept,P:9.9,P:9.6,P:10.0,B:9.0,B:9.7,B:10.1,B:10.2,B:10.6,B:10.10,B:11.2,B:11.9,E:10.7,E:11.10,P_count_eq_1,P_count_eq_2,P_count_eq_3,B_count_eq_1,B_count_2_3,B_count_4_5,B_count_6_8,E_count_eq_1,E_count_eq_2,P_B_count",24,476
count_plus_PE_count,239,0.2548473862639082,0.30991812784035644,0.8922075127084539,"intercept,P:9.9,P:9.6,P:10.0,B:9.0,B:9.7,B:10.1,B:10.2,B:10.6,B:10.10,B:11.2,B:11.9,E:10.7,E:11.10,P_count_eq_1,P_count_eq_2,P_count_eq_3,B_count_eq_1,B_count_2_3,B_count_4_5,B_count_6_8,E_count_eq_1,E_count_eq_2,P_E_count",24,476
count_plus_BE_count,239,0.37931253416421434,0.44969360808764286,0.7730511623992041,"intercept,P:9.9,P:9.6,P:10.0,B:9.0,B:9.7,B:10.1,B:10.2,B:10.6,B:10.10,B:11.2,B:11.9,E:10.7,E:11.10,P_count_eq_1,P_count_eq_2,P_count_eq_3,B_count_eq_1,B_count_2_3,B_count_4_5,B_count_6_8,E_count_eq_1,E_count_eq_2,B_E_count",24,476
count_plus_all_pairs,239,0.22704047975597902,0.2802154926333396,0.9118791212054088,"intercept,P:9.9,P:9.6,P:10.0,B:9.0,B:9.7,B:10.1,B:10.2,B:10.6,B:10.10,B:11.2,B:11.9,E:10.7,E:11.10,P_count_eq_1,P_count_eq_2,P_count_eq_3,B_count_eq_1,B_count_2_3,B_count_4_5,B_count_6_8,E_count_eq_1,E_count_eq_2,P_B_count,P_E_count,B_E_count",26,476
additive_head,239,0.37954493062350436,0.4474307427761467,0.7469213588149044,"intercept,P:9.9,P:9.6,P:10.0,B:9.0,B:9.7,B:10.1,B:10.2,B:10.6,B:10.10,B:11.2,B:11.9,E:10.7,E:11.10",14,477
count_additive,239,0.38237940100749657,0.45188125448500926,0.7418616655747332,"intercept,P:9.9,P:9.6,P:10.0,B:9.0,B:9.7,B:10.1,B:10.2,B:10.6,B:10.10,B:11.2,B:11.9,E:10.7,E:11.10,P_count_eq_1,P_count_eq_2,P_count_eq_3,B_count_eq_1,B_count_2_3,B_count_4_5,B_count_6_8,E_count_eq_1,E_count_eq_2",23,477
count_plus_PB_count,239,0.37437760487880267,0.4346352187262084,0.7611893552670248,"intercept,P:9.9,P:9.6,P:10.0,B:9.0,B:9.7,B:10.1,B:10.2,B:10.6,B:10.10,B:11.2,B:11.9,E:10.7,E:11.10,P_count_eq_1,P_count_eq_2,P_count_eq_3,B_count_eq_1,B_count_2_3,B_count_4_5,B_count_6_8,E_count_eq_1,E_count_eq_2,P_B_count",24,477
count_plus_PE_count,239,0.2528624977411898,0.3066771290109775,0.8811041681164231,"intercept,P:9.9,P:9.6,P:10.0,B:9.0,B:9.7,B:10.1,B:10.2,B:10.6,B:10.10,B:11.2,B:11.9,E:10.7,E:11.10,P_count_eq_1,P_count_eq_2,P_count_eq_3,B_count_eq_1,B_count_2_3,B_count_4_5,B_count_6_8,E_count_eq_1,E_count_eq_2,P_E_count",24,477
count_plus_BE_count,239,0.3799301182539221,0.44631430480561607,0.7481827567013437,"intercept,P:9.9,P:9.6,P:10.0,B:9.0,B:9.7,B:10.1,B:10.2,B:10.6,B:10.10,B:11.2,B:11.9,E:10.7,E:11.10,P_count_eq_1,P_count_eq_2,P_count_eq_3,B_count_eq_1,B_count_2_3,B_count_4_5,B_count_6_8,E_count_eq_1,E_count_eq_2,B_E_count",24,477
count_plus_all_pairs,239,0.22704200841493988,0.2804535680842468,0.9005680878089362,"intercept,P:9.9,P:9.6,P:10.0,B:9.0,B:9.7,B:10.1,B:10.2,B:10.6,B:10.10,B:11.2,B:11.9,E:10.7,E:11.10,P_count_eq_1,P_count_eq_2,P_count_eq_3,B_count_eq_1,B_count_2_3,B_count_4_5,B_count_6_8,E_count_eq_1,E_count_eq_2,P_B_count,P_E_count,B_E_count",26,477
additive_head,239,0.39119846738481756,0.4609562791562512,0.765574869982145,"intercept,P:9.9,P:9.6,P:10.0,B:9.0,B:9.7,B:10.1,B:10.2,B:10.6,B:10.10,B:11.2,B:11.9,E:10.7,E:11.10",14,478
count_additive,239,0.39431179849099435,0.46590419773721353,0.760515206849315,"intercept,P:9.9,P:9.6,P:10.0,B:9.0,B:9.7,B:10.1,B:10.2,B:10.6,B:10.10,B:11.2,B:11.9,E:10.7,E:11.10,P_count_eq_1,P_count_eq_2,P_count_eq_3,B_count_eq_1,B_count_2_3,B_count_4_5,B_count_6_8,E_count_eq_1,E_count_eq_2",23,478
count_plus_PB_count,239,0.383498246914242,0.44677605541383736,0.7797760876523189,"intercept,P:9.9,P:9.6,P:10.0,B:9.0,B:9.7,B:10.1,B:10.2,B:10.6,B:10.10,B:11.2,B:11.9,E:10.7,E:11.10,P_count_eq_1,P_count_eq_2,P_count_eq_3,B_count_eq_1,B_count_2_3,B_count_4_5,B_count_6_8,E_count_eq_1,E_count_eq_2,P_B_count",24,478
count_plus_PE_count,239,0.2634788146821634,0.31957506816743336,0.8873242453727538,"intercept,P:9.9,P:9.6,P:10.0,B:9.0,B:9.7,B:10.1,B:10.2,B:10.6,B:10.10,B:11.2,B:11.9,E:10.7,E:11.10,P_count_eq_1,P_count_eq_2,P_count_eq_3,B_count_eq_1,B_count_2_3,B_count_4_5,B_count_6_8,E_count_eq_1,E_count_eq_2,P_E_count",24,478
count_plus_BE_count,239,0.3903804443521992,0.4595994756182248,0.7669528780479264,"intercept,P:9.9,P:9.6,P:10.0,B:9.0,B:9.7,B:10.1,B:10.2,B:10.6,B:10.10,B:11.2,B:11.9,E:10.7,E:11.10,P_count_eq_1,P_count_eq_2,P_count_eq_3,B_count_eq_1,B_count_2_3,B_count_4_5,B_count_6_8,E_count_eq_1,E_count_eq_2,B_E_count",24,478
count_plus_all_pairs,239,0.23559402640555632,0.2905809970216436,0.9068422235388944,"intercept,P:9.9,P:9.6,P:10.0,B:9.0,B:9.7,B:10.1,B:10.2,B:10.6,B:10.10,B:11.2,B:11.9,E:10.7,E:11.10,P_count_eq_1,P_count_eq_2,P_count_eq_3,B_count_eq_1,B_count_2_3,B_count_4_5,B_count_6_8,E_count_eq_1,E_count_eq_2,P_B_count,P_E_count,B_E_count",26,478
additive_head,239,0.3809935158843624,0.4496510120103814,0.7684269276492091,"intercept,P:9.9,P:9.6,P:10.0,B:9.0,B:9.7,B:10.1,B:10.2,B:10.6,B:10.10,B:11.2,B:11.9,E:10.7,E:11.10",14,479
count_additive,239,0.38400016277208693,0.4542664742345704,0.7636485453180005,"intercept,P:9.9,P:9.6,P:10.0,B:9.0,B:9.7,B:10.1,B:10.2,B:10.6,B:10.10,B:11.2,B:11.9,E:10.7,E:11.10,P_count_eq_1,P_count_eq_2,P_count_eq_3,B_count_eq_1,B_count_2_3,B_count_4_5,B_count_6_8,E_count_eq_1,E_count_eq_2",23,479
count_plus_PB_count,239,0.37303175195750155,0.43473508695217356,0.783535694082348,"intercept,P:9.9,P:9.6,P:10.0,B:9.0,B:9.7,B:10.1,B:10.2,B:10.6,B:10.10,B:11.2,B:11.9,E:10.7,E:11.10,P_count_eq_1,P_count_eq_2,P_count_eq_3,B_count_eq_1,B_count_2_3,B_count_4_5,B_count_6_8,E_count_eq_1,E_count_eq_2,P_B_count",24,479
count_plus_PE_count,239,0.2575892708065587,0.3125493550808569,0.8881144189979479,"intercept,P:9.9,P:9.6,P:10.0,B:9.0,B:9.7,B:10.1,B:10.2,B:10.6,B:10.10,B:11.2,B:11.9,E:10.7,E:11.10,P_count_eq_1,P_count_eq_2,P_count_eq_3,B_count_eq_1,B_count_2_3,B_count_4_5,B_count_6_8,E_count_eq_1,E_count_eq_2,P_E_count",24,479
count_plus_BE_count,239,0.3802547632702561,0.4484229464870855,0.7696901230904514,"intercept,P:9.9,P:9.6,P:10.0,B:9.0,B:9.7,B:10.1,B:10.2,B:10.6,B:10.10,B:11.2,B:11.9,E:10.7,E:11.10,P_count_eq_1,P_count_eq_2,P_count_eq_3,B_count_eq_1,B_count_2_3,B_count_4_5,B_count_6_8,E_count_eq_1,E_count_eq_2,B_E_count",24,479
count_plus_all_pairs,239,0.22949944560937513,0.28367051409491195,0.9078351546467585,"intercept,P:9.9,P:9.6,P:10.0,B:9.0,B:9.7,B:10.1,B:10.2,B:10.6,B:10.10,B:11.2,B:11.9,E:10.7,E:11.10,P_count_eq_1,P_count_eq_2,P_count_eq_3,B_count_eq_1,B_count_2_3,B_count_4_5,B_count_6_8,E_count_eq_1,E_count_eq_2,P_B_count,P_E_count,B_E_count",26,479
additive_head,239,0.39154785915506785,0.46521696497419374,0.7729481921983665,"intercept,P:9.9,P:9.6,P:10.0,B:9.0,B:9.7,B:10.1,B:10.2,B:10.6,B:10.10,B:11.2,B:11.9,E:10.7,E:11.10",14,480
count_additive,239,0.3946799594086781,0.47010997075983046,0.768146956268219,"intercept,P:9.9,P:9.6,P:10.0,B:9.0,B:9.7,B:10.1,B:10.2,B:10.6,B:10.10,B:11.2,B:11.9,E:10.7,E:11.10,P_count_eq_1,P_count_eq_2,P_count_eq_3,B_count_eq_1,B_count_2_3,B_count_4_5,B_count_6_8,E_count_eq_1,E_count_eq_2",23,480
count_plus_PB_count,239,0.38281674273163724,0.4481407578287283,0.7893105617236686,"intercept,P:9.9,P:9.6,P:10.0,B:9.0,B:9.7,B:10.1,B:10.2,B:10.6,B:10.10,B:11.2,B:11.9,E:10.7,E:11.10,P_count_eq_1,P_count_eq_2,P_count_eq_3,B_count_eq_1,B_count_2_3,B_count_4_5,B_count_6_8,E_count_eq_1,E_count_eq_2,P_B_count",24,480
count_plus_PE_count,239,0.2647446815361569,0.32239947305897315,0.8909558118641703,"intercept,P:9.9,P:9.6,P:10.0,B:9.0,B:9.7,B:10.1,B:10.2,B:10.6,B:10.10,B:11.2,B:11.9,E:10.7,E:11.10,P_count_eq_1,P_count_eq_2,P_count_eq_3,B_count_eq_1,B_count_2_3,B_count_4_5,B_count_6_8,E_count_eq_1,E_count_eq_2,P_E_count",24,480
count_plus_BE_count,239,0.39072939055433065,0.46447512585620954,0.7736717325281643,"intercept,P:9.9,P:9.6,P:10.0,B:9.0,B:9.7,B:10.1,B:10.2,B:10.6,B:10.10,B:11.2,B:11.9,E:10.7,E:11.10,P_count_eq_1,P_count_eq_2,P_count_eq_3,B_count_eq_1,B_count_2_3,B_count_4_5,B_count_6_8,E_count_eq_1,E_count_eq_2,B_E_count",24,480
count_plus_all_pairs,239,0.23483777429738617,0.290285021289867,0.9115977883385394,"intercept,P:9.9,P:9.6,P:10.0,B:9.0,B:9.7,B:10.1,B:10.2,B:10.6,B:10.10,B:11.2,B:11.9,E:10.7,E:11.10,P_count_eq_1,P_count_eq_2,P_count_eq_3,B_count_eq_1,B_count_2_3,B_count_4_5,B_count_6_8,E_count_eq_1,E_count_eq_2,P_B_count,P_E_count,B_E_count",26,480
additive_head,239,0.3973439148088558,0.4700687418172512,0.7425323909705301,"intercept,P:9.9,P:9.6,P:10.0,B:9.0,B:9.7,B:10.1,B:10.2,B:10.6,B:10.10,B:11.2,B:11.9,E:10.7,E:11.10",14,481
count_additive,239,0.40143730793397364,0.4749364785210541,0.7371724360012512,"intercept,P:9.9,P:9.6,P:10.0,B:9.0,B:9.7,B:10.1,B:10.2,B:10.6,B:10.10,B:11.2,B:11.9,E:10.7,E:11.10,P_count_eq_1,P_count_eq_2,P_count_eq_3,B_count_eq_1,B_count_2_3,B_count_4_5,B_count_6_8,E_count_eq_1,E_count_eq_2",23,481
count_plus_PB_count,239,0.3897716838960377,0.45420411051565185,0.759617983110514,"intercept,P:9.9,P:9.6,P:10.0,B:9.0,B:9.7,B:10.1,B:10.2,B:10.6,B:10.10,B:11.2,B:11.9,E:10.7,E:11.10,P_count_eq_1,P_count_eq_2,P_count_eq_3,B_count_eq_1,B_count_2_3,B_count_4_5,B_count_6_8,E_count_eq_1,E_count_eq_2,P_B_count",24,481
count_plus_PE_count,239,0.26784841922758185,0.3247163250356665,0.8771406818518734,"intercept,P:9.9,P:9.6,P:10.0,B:9.0,B:9.7,B:10.1,B:10.2,B:10.6,B:10.10,B:11.2,B:11.9,E:10.7,E:11.10,P_count_eq_1,P_count_eq_2,P_count_eq_3,B_count_eq_1,B_count_2_3,B_count_4_5,B_count_6_8,E_count_eq_1,E_count_eq_2,P_E_count",24,481
count_plus_BE_count,239,0.39797118590208963,0.4696833809369091,0.7429543602119305,"intercept,P:9.9,P:9.6,P:10.0,B:9.0,B:9.7,B:10.1,B:10.2,B:10.6,B:10.10,B:11.2,B:11.9,E:10.7,E:11.10,P_count_eq_1,P_count_eq_2,P_count_eq_3,B_count_eq_1,B_count_2_3,B_count_4_5,B_count_6_8,E_count_eq_1,E_count_eq_2,B_E_count",24,481
count_plus_all_pairs,239,0.23877963538458613,0.29481724942326487,0.8987242112344024,"intercept,P:9.9,P:9.6,P:10.0,B:9.0,B:9.7,B:10.1,B:10.2,B:10.6,B:10.10,B:11.2,B:11.9,E:10.7,E:11.10,P_count_eq_1,P_count_eq_2,P_count_eq_3,B_count_eq_1,B_count_2_3,B_count_4_5,B_count_6_8,E_count_eq_1,E_count_eq_2,P_B_count,P_E_count,B_E_count",26,481
additive_head,239,0.38710312797270824,0.45387111316293594,0.764279351547734,"intercept,P:9.9,P:9.6,P:10.0,B:9.0,B:9.7,B:10.1,B:10.2,B:10.6,B:10.10,B:11.2,B:11.9,E:10.7,E:11.10",14,482
count_additive,239,0.39047678804512503,0.45957359263424286,0.7583189086023168,"intercept,P:9.9,P:9.6,P:10.0,B:9.0,B:9.7,B:10.1,B:10.2,B:10.6,B:10.10,B:11.2,B:11.9,E:10.7,E:11.10,P_count_eq_1,P_count_eq_2,P_count_eq_3,B_count_eq_1,B_count_2_3,B_count_4_5,B_count_6_8,E_count_eq_1,E_count_eq_2",23,482
count_plus_PB_count,239,0.38221391782320757,0.4424689649255212,0.7759741311078383,"intercept,P:9.9,P:9.6,P:10.0,B:9.0,B:9.7,B:10.1,B:10.2,B:10.6,B:10.10,B:11.2,B:11.9,E:10.7,E:11.10,P_count_eq_1,P_count_eq_2,P_count_eq_3,B_count_eq_1,B_count_2_3,B_count_4_5,B_count_6_8,E_count_eq_1,E_count_eq_2,P_B_count",24,482
count_plus_PE_count,239,0.25719531598116974,0.3112630456787069,0.889136734423947,"intercept,P:9.9,P:9.6,P:10.0,B:9.0,B:9.7,B:10.1,B:10.2,B:10.6,B:10.10,B:11.2,B:11.9,E:10.7,E:11.10,P_count_eq_1,P_count_eq_2,P_count_eq_3,B_count_eq_1,B_count_2_3,B_count_4_5,B_count_6_8,E_count_eq_1,E_count_eq_2,P_E_count",24,482
count_plus_BE_count,239,0.388583961597461,0.4540929989714889,0.764048819795599,"intercept,P:9.9,P:9.6,P:10.0,B:9.0,B:9.7,B:10.1,B:10.2,B:10.6,B:10.10,B:11.2,B:11.9,E:10.7,E:11.10,P_count_eq_1,P_count_eq_2,P_count_eq_3,B_count_eq_1,B_count_2_3,B_count_4_5,B_count_6_8,E_count_eq_1,E_count_eq_2,B_E_count",24,482
count_plus_all_pairs,239,0.2315029134125766,0.2855343886484047,0.9067069304486027,"intercept,P:9.9,P:9.6,P:10.0,B:9.0,B:9.7,B:10.1,B:10.2,B:10.6,B:10.10,B:11.2,B:11.9,E:10.7,E:11.10,P_count_eq_1,P_count_eq_2,P_count_eq_3,B_count_eq_1,B_count_2_3,B_count_4_5,B_count_6_8,E_count_eq_1,E_count_eq_2,P_B_count,P_E_count,B_E_count",26,482
additive_head,239,0.3886097970594118,0.4606441154464965,0.7747587674440808,"intercept,P:9.9,P:9.6,P:10.0,B:9.0,B:9.7,B:10.1,B:10.2,B:10.6,B:10.10,B:11.2,B:11.9,E:10.7,E:11.10",14,483
count_additive,239,0.39151362673816437,0.46513757949553286,0.7703429948391409,"intercept,P:9.9,P:9.6,P:10.0,B:9.0,B:9.7,B:10.1,B:10.2,B:10.6,B:10.10,B:11.2,B:11.9,E:10.7,E:11.10,P_count_eq_1,P_count_eq_2,P_count_eq_3,B_count_eq_1,B_count_2_3,B_count_4_5,B_count_6_8,E_count_eq_1,E_count_eq_2",23,483
count_plus_PB_count,239,0.37926111783642913,0.4431935394771491,0.7915011413345537,"intercept,P:9.9,P:9.6,P:10.0,B:9.0,B:9.7,B:10.1,B:10.2,B:10.6,B:10.10,B:11.2,B:11.9,E:10.7,E:11.10,P_count_eq_1,P_count_eq_2,P_count_eq_3,B_count_eq_1,B_count_2_3,B_count_4_5,B_count_6_8,E_count_eq_1,E_count_eq_2,P_B_count",24,483
count_plus_PE_count,239,0.26139295023990844,0.31736869115586425,0.8930834339470146,"intercept,P:9.9,P:9.6,P:10.0,B:9.0,B:9.7,B:10.1,B:10.2,B:10.6,B:10.10,B:11.2,B:11.9,E:10.7,E:11.10,P_count_eq_1,P_count_eq_2,P_count_eq_3,B_count_eq_1,B_count_2_3,B_count_4_5,B_count_6_8,E_count_eq_1,E_count_eq_2,P_E_count",24,483
count_plus_BE_count,239,0.38788556463933693,0.4603804066585099,0.7750165850885029,"intercept,P:9.9,P:9.6,P:10.0,B:9.0,B:9.7,B:10.1,B:10.2,B:10.6,B:10.10,B:11.2,B:11.9,E:10.7,E:11.10,P_count_eq_1,P_count_eq_2,P_count_eq_3,B_count_eq_1,B_count_2_3,B_count_4_5,B_count_6_8,E_count_eq_1,E_count_eq_2,B_E_count",24,483
count_plus_all_pairs,239,0.23202737055183187,0.28622385886674107,0.9130382030714213,"intercept,P:9.9,P:9.6,P:10.0,B:9.0,B:9.7,B:10.1,B:10.2,B:10.6,B:10.10,B:11.2,B:11.9,E:10.7,E:11.10,P_count_eq_1,P_count_eq_2,P_count_eq_3,B_count_eq_1,B_count_2_3,B_count_4_5,B_count_6_8,E_count_eq_1,E_count_eq_2,P_B_count,P_E_count,B_E_count",26,483
additive_head,239,0.3686784331213417,0.43654626834949284,0.7716558898806227,"intercept,P:9.9,P:9.6,P:10.0,B:9.0,B:9.7,B:10.1,B:10.2,B:10.6,B:10.10,B:11.2,B:11.9,E:10.7,E:11.10",14,484
count_additive,239,0.3708061070705988,0.4401308867162763,0.7678904833724185,"intercept,P:9.9,P:9.6,P:10.0,B:9.0,B:9.7,B:10.1,B:10.2,B:10.6,B:10.10,B:11.2,B:11.9,E:10.7,E:11.10,P_count_eq_1,P_count_eq_2,P_count_eq_3,B_count_eq_1,B_count_2_3,B_count_4_5,B_count_6_8,E_count_eq_1,E_count_eq_2",23,484
count_plus_PB_count,239,0.36109183585585186,0.4210284203488951,0.7876011901347064,"intercept,P:9.9,P:9.6,P:10.0,B:9.0,B:9.7,B:10.1,B:10.2,B:10.6,B:10.10,B:11.2,B:11.9,E:10.7,E:11.10,P_count_eq_1,P_count_eq_2,P_count_eq_3,B_count_eq_1,B_count_2_3,B_count_4_5,B_count_6_8,E_count_eq_1,E_count_eq_2,P_B_count",24,484
count_plus_PE_count,239,0.24450801859443996,0.2978083011621453,0.8937319156066605,"intercept,P:9.9,P:9.6,P:10.0,B:9.0,B:9.7,B:10.1,B:10.2,B:10.6,B:10.10,B:11.2,B:11.9,E:10.7,E:11.10,P_count_eq_1,P_count_eq_2,P_count_eq_3,B_count_eq_1,B_count_2_3,B_count_4_5,B_count_6_8,E_count_eq_1,E_count_eq_2,P_E_count",24,484
count_plus_BE_count,239,0.3669532695524348,0.4345323671954858,0.7737578514261989,"intercept,P:9.9,P:9.6,P:10.0,B:9.0,B:9.7,B:10.1,B:10.2,B:10.6,B:10.10,B:11.2,B:11.9,E:10.7,E:11.10,P_count_eq_1,P_count_eq_2,P_count_eq_3,B_count_eq_1,B_count_2_3,B_count_4_5,B_count_6_8,E_count_eq_1,E_count_eq_2,B_E_count",24,484
count_plus_all_pairs,239,0.21771522518895411,0.26907187372066643,0.9132507238524593,"intercept,P:9.9,P:9.6,P:10.0,B:9.0,B:9.7,B:10.1,B:10.2,B:10.6,B:10.10,B:11.2,B:11.9,E:10.7,E:11.10,P_count_eq_1,P_count_eq_2,P_count_eq_3,B_count_eq_1,B_count_2_3,B_count_4_5,B_count_6_8,E_count_eq_1,E_count_eq_2,P_B_count,P_E_count,B_E_count",26,484
additive_head,239,0.37506099901086676,0.44222946595118157,0.7668404436594187,"intercept,P:9.9,P:9.6,P:10.0,B:9.0,B:9.7,B:10.1,B:10.2,B:10.6,B:10.10,B:11.2,B:11.9,E:10.7,E:11.10",14,485
count_additive,239,0.3781445231171886,0.4468832770145164,0.7619073035562469,"intercept,P:9.9,P:9.6,P:10.0,B:9.0,B:9.7,B:10.1,B:10.2,B:10.6,B:10.10,B:11.2,B:11.9,E:10.7,E:11.10,P_count_eq_1,P_count_eq_2,P_count_eq_3,B_count_eq_1,B_count_2_3,B_count_4_5,B_count_6_8,E_count_eq_1,E_count_eq_2",23,485
count_plus_PB_count,239,0.3685552687806205,0.42837574794857247,0.7812199995871404,"intercept,P:9.9,P:9.6,P:10.0,B:9.0,B:9.7,B:10.1,B:10.2,B:10.6,B:10.10,B:11.2,B:11.9,E:10.7,E:11.10,P_count_eq_1,P_count_eq_2,P_count_eq_3,B_count_eq_1,B_count_2_3,B_count_4_5,B_count_6_8,E_count_eq_1,E_count_eq_2,P_B_count",24,485
count_plus_PE_count,239,0.24994605519187965,0.3031322732175982,0.8904475183169864,"intercept,P:9.9,P:9.6,P:10.0,B:9.0,B:9.7,B:10.1,B:10.2,B:10.6,B:10.10,B:11.2,B:11.9,E:10.7,E:11.10,P_count_eq_1,P_count_eq_2,P_count_eq_3,B_count_eq_1,B_count_2_3,B_count_4_5,B_count_6_8,E_count_eq_1,E_count_eq_2,P_E_count",24,485
count_plus_BE_count,239,0.3755391774479572,0.4426251091917914,0.7664230618489815,"intercept,P:9.9,P:9.6,P:10.0,B:9.0,B:9.7,B:10.1,B:10.2,B:10.6,B:10.10,B:11.2,B:11.9,E:10.7,E:11.10,P_count_eq_1,P_count_eq_2,P_count_eq_3,B_count_eq_1,B_count_2_3,B_count_4_5,B_count_6_8,E_count_eq_1,E_count_eq_2,B_E_count",24,485
count_plus_all_pairs,239,0.22433193843680155,0.2766988907717019,0.9087206153502629,"intercept,P:9.9,P:9.6,P:10.0,B:9.0,B:9.7,B:10.1,B:10.2,B:10.6,B:10.10,B:11.2,B:11.9,E:10.7,E:11.10,P_count_eq_1,P_count_eq_2,P_count_eq_3,B_count_eq_1,B_count_2_3,B_count_4_5,B_count_6_8,E_count_eq_1,E_count_eq_2,P_B_count,P_E_count,B_E_count",26,485
additive_head,239,0.3944748152024274,0.4672348415312062,0.763860832844933,"intercept,P:9.9,P:9.6,P:10.0,B:9.0,B:9.7,B:10.1,B:10.2,B:10.6,B:10.10,B:11.2,B:11.9,E:10.7,E:11.10",14,486
count_additive,239,0.3981244760214907,0.4725418611282448,0.7584660626174483,"intercept,P:9.9,P:9.6,P:10.0,B:9.0,B:9.7,B:10.1,B:10.2,B:10.6,B:10.10,B:11.2,B:11.9,E:10.7,E:11.10,P_count_eq_1,P_count_eq_2,P_count_eq_3,B_count_eq_1,B_count_2_3,B_count_4_5,B_count_6_8,E_count_eq_1,E_count_eq_2",23,486
count_plus_PB_count,239,0.3862149218467064,0.4510100691143615,0.779975996855633,"intercept,P:9.9,P:9.6,P:10.0,B:9.0,B:9.7,B:10.1,B:10.2,B:10.6,B:10.10,B:11.2,B:11.9,E:10.7,E:11.10,P_count_eq_1,P_count_eq_2,P_count_eq_3,B_count_eq_1,B_count_2_3,B_count_4_5,B_count_6_8,E_count_eq_1,E_count_eq_2,P_B_count",24,486
count_plus_PE_count,239,0.26497829080912844,0.32224934661432875,0.8876736421808745,"intercept,P:9.9,P:9.6,P:10.0,B:9.0,B:9.7,B:10.1,B:10.2,B:10.6,B:10.10,B:11.2,B:11.9,E:10.7,E:11.10,P_count_eq_1,P_count_eq_2,P_count_eq_3,B_count_eq_1,B_count_2_3,B_count_4_5,B_count_6_8,E_count_eq_1,E_count_eq_2,P_E_count",24,486
count_plus_BE_count,239,0.3944458670507351,0.46718040195498406,0.7639158568548405,"intercept,P:9.9,P:9.6,P:10.0,B:9.0,B:9.7,B:10.1,B:10.2,B:10.6,B:10.10,B:11.2,B:11.9,E:10.7,E:11.10,P_count_eq_1,P_count_eq_2,P_count_eq_3,B_count_eq_1,B_count_2_3,B_count_4_5,B_count_6_8,E_count_eq_1,E_count_eq_2,B_E_count",24,486
count_plus_all_pairs,239,0.23570347258150257,0.2910185596118255,0.9083908275623754,"intercept,P:9.9,P:9.6,P:10.0,B:9.0,B:9.7,B:10.1,B:10.2,B:10.6,B:10.10,B:11.2,B:11.9,E:10.7,E:11.10,P_count_eq_1,P_count_eq_2,P_count_eq_3,B_count_eq_1,B_count_2_3,B_count_4_5,B_count_6_8,E_count_eq_1,E_count_eq_2,P_B_count,P_E_count,B_E_count",26,486
additive_head,239,0.3800727927129159,0.44637212364327006,0.7600883089483612,"intercept,P:9.9,P:9.6,P:10.0,B:9.0,B:9.7,B:10.1,B:10.2,B:10.6,B:10.10,B:11.2,B:11.9,E:10.7,E:11.10",14,487
count_additive,239,0.3833821449384165,0.4513301902935711,0.754729083984103,"intercept,P:9.9,P:9.6,P:10.0,B:9.0,B:9.7,B:10.1,B:10.2,B:10.6,B:10.10,B:11.2,B:11.9,E:10.7,E:11.10,P_count_eq_1,P_count_eq_2,P_count_eq_3,B_count_eq_1,B_count_2_3,B_count_4_5,B_count_6_8,E_count_eq_1,E_count_eq_2",23,487
count_plus_PB_count,239,0.37465457831971455,0.4343301280213485,0.7728581312605431,"intercept,P:9.9,P:9.6,P:10.0,B:9.0,B:9.7,B:10.1,B:10.2,B:10.6,B:10.10,B:11.2,B:11.9,E:10.7,E:11.10,P_count_eq_1,P_count_eq_2,P_count_eq_3,B_count_eq_1,B_count_2_3,B_count_4_5,B_count_6_8,E_count_eq_1,E_count_eq_2,P_B_count",24,487
count_plus_PE_count,239,0.2533837533122241,0.3069341937890878,0.8865648030618409,"intercept,P:9.9,P:9.6,P:10.0,B:9.0,B:9.7,B:10.1,B:10.2,B:10.6,B:10.10,B:11.2,B:11.9,E:10.7,E:11.10,P_count_eq_1,P_count_eq_2,P_count_eq_3,B_count_eq_1,B_count_2_3,B_count_4_5,B_count_6_8,E_count_eq_1,E_count_eq_2,P_E_count",24,487
count_plus_BE_count,239,0.38118736969953393,0.44622943098197754,0.7602416705231145,"intercept,P:9.9,P:9.6,P:10.0,B:9.0,B:9.7,B:10.1,B:10.2,B:10.6,B:10.10,B:11.2,B:11.9,E:10.7,E:11.10,P_count_eq_1,P_count_eq_2,P_count_eq_3,B_count_eq_1,B_count_2_3,B_count_4_5,B_count_6_8,E_count_eq_1,E_count_eq_2,B_E_count",24,487
count_plus_all_pairs,239,0.22812505914726683,0.28176316368755633,0.9044070833686529,"intercept,P:9.9,P:9.6,P:10.0,B:9.0,B:9.7,B:10.1,B:10.2,B:10.6,B:10.10,B:11.2,B:11.9,E:10.7,E:11.10,P_count_eq_1,P_count_eq_2,P_count_eq_3,B_count_eq_1,B_count_2_3,B_count_4_5,B_count_6_8,E_count_eq_1,E_count_eq_2,P_B_count,P_E_count,B_E_count",26,487
additive_head,239,0.39987464988277804,0.46971900251621745,0.7561283907629244,"intercept,P:9.9,P:9.6,P:10.0,B:9.0,B:9.7,B:10.1,B:10.2,B:10.6,B:10.10,B:11.2,B:11.9,E:10.7,E:11.10",14,488
count_additive,239,0.4038364121194743,0.47574113873172547,0.7498350857139771,"intercept,P:9.9,P:9.6,P:10.0,B:9.0,B:9.7,B:10.1,B:10.2,B:10.6,B:10.10,B:11.2,B:11.9,E:10.7,E:11.10,P_count_eq_1,P_count_eq_2,P_count_eq_3,B_count_eq_1,B_count_2_3,B_count_4_5,B_count_6_8,E_count_eq_1,E_count_eq_2",23,488
count_plus_PB_count,239,0.3943495710986576,0.4572546866715863,0.7688992711447001,"intercept,P:9.9,P:9.6,P:10.0,B:9.0,B:9.7,B:10.1,B:10.2,B:10.6,B:10.10,B:11.2,B:11.9,E:10.7,E:11.10,P_count_eq_1,P_count_eq_2,P_count_eq_3,B_count_eq_1,B_count_2_3,B_count_4_5,B_count_6_8,E_count_eq_1,E_count_eq_2,P_B_count",24,488
count_plus_PE_count,239,0.2680747473902684,0.3243586307720679,0.8837117323018209,"intercept,P:9.9,P:9.6,P:10.0,B:9.0,B:9.7,B:10.1,B:10.2,B:10.6,B:10.10,B:11.2,B:11.9,E:10.7,E:11.10,P_count_eq_1,P_count_eq_2,P_count_eq_3,B_count_eq_1,B_count_2_3,B_count_4_5,B_count_6_8,E_count_eq_1,E_count_eq_2,P_E_count",24,488
count_plus_BE_count,239,0.4014691783956297,0.47085710322859187,0.7549451867848643,"intercept,P:9.9,P:9.6,P:10.0,B:9.0,B:9.7,B:10.1,B:10.2,B:10.6,B:10.10,B:11.2,B:11.9,E:10.7,E:11.10,P_count_eq_1,P_count_eq_2,P_count_eq_3,B_count_eq_1,B_count_2_3,B_count_4_5,B_count_6_8,E_count_eq_1,E_count_eq_2,B_E_count",24,488
count_plus_all_pairs,239,0.24122440719576466,0.2975205668016408,0.9021594310261258,"intercept,P:9.9,P:9.6,P:10.0,B:9.0,B:9.7,B:10.1,B:10.2,B:10.6,B:10.10,B:11.2,B:11.9,E:10.7,E:11.10,P_count_eq_1,P_count_eq_2,P_count_eq_3,B_count_eq_1,B_count_2_3,B_count_4_5,B_count_6_8,E_count_eq_1,E_count_eq_2,P_B_count,P_E_count,B_E_count",26,488
additive_head,239,0.3753831154082399,0.4451568837182607,0.7651224570321224,"intercept,P:9.9,P:9.6,P:10.0,B:9.0,B:9.7,B:10.1,B:10.2,B:10.6,B:10.10,B:11.2,B:11.9,E:10.7,E:11.10",14,489
count_additive,239,0.37795614818718287,0.4493359913468913,0.7606917222977849,"intercept,P:9.9,P:9.6,P:10.0,B:9.0,B:9.7,B:10.1,B:10.2,B:10.6,B:10.10,B:11.2,B:11.9,E:10.7,E:11.10,P_count_eq_1,P_count_eq_2,P_count_eq_3,B_count_eq_1,B_count_2_3,B_count_4_5,B_count_6_8,E_count_eq_1,E_count_eq_2",23,489
count_plus_PB_count,239,0.3672932660907322,0.42922360955164063,0.7816352599506252,"intercept,P:9.9,P:9.6,P:10.0,B:9.0,B:9.7,B:10.1,B:10.2,B:10.6,B:10.10,B:11.2,B:11.9,E:10.7,E:11.10,P_count_eq_1,P_count_eq_2,P_count_eq_3,B_count_eq_1,B_count_2_3,B_count_4_5,B_count_6_8,E_count_eq_1,E_count_eq_2,P_B_count",24,489
count_plus_PE_count,239,0.25243506044295744,0.30711954873489633,0.8882029793059899,"intercept,P:9.9,P:9.6,P:10.0,B:9.0,B:9.7,B:10.1,B:10.2,B:10.6,B:10.10,B:11.2,B:11.9,E:10.7,E:11.10,P_count_eq_1,P_count_eq_2,P_count_eq_3,B_count_eq_1,B_count_2_3,B_count_4_5,B_count_6_8,E_count_eq_1,E_count_eq_2,P_E_count",24,489
count_plus_BE_count,239,0.3744849066656833,0.44411251965960064,0.766223237146717,"intercept,P:9.9,P:9.6,P:10.0,B:9.0,B:9.7,B:10.1,B:10.2,B:10.6,B:10.10,B:11.2,B:11.9,E:10.7,E:11.10,P_count_eq_1,P_count_eq_2,P_count_eq_3,B_count_eq_1,B_count_2_3,B_count_4_5,B_count_6_8,E_count_eq_1,E_count_eq_2,B_E_count",24,489
count_plus_all_pairs,239,0.2252275799619192,0.2776625945987236,0.9086202294398185,"intercept,P:9.9,P:9.6,P:10.0,B:9.0,B:9.7,B:10.1,B:10.2,B:10.6,B:10.10,B:11.2,B:11.9,E:10.7,E:11.10,P_count_eq_1,P_count_eq_2,P_count_eq_3,B_count_eq_1,B_count_2_3,B_count_4_5,B_count_6_8,E_count_eq_1,E_count_eq_2,P_B_count,P_E_count,B_E_count",26,489
additive_head,239,0.3880550494491192,0.4573145540203305,0.7599939540242543,"intercept,P:9.9,P:9.6,P:10.0,B:9.0,B:9.7,B:10.1,B:10.2,B:10.6,B:10.10,B:11.2,B:11.9,E:10.7,E:11.10",14,490
count_additive,239,0.39093017747609005,0.4630020814019133,0.7539870193510693,"intercept,P:9.9,P:9.6,P:10.0,B:9.0,B:9.7,B:10.1,B:10.2,B:10.6,B:10.10,B:11.2,B:11.9,E:10.7,E:11.10,P_count_eq_1,P_count_eq_2,P_count_eq_3,B_count_eq_1,B_count_2_3,B_count_4_5,B_count_6_8,E_count_eq_1,E_count_eq_2",23,490
count_plus_PB_count,239,0.38093503619837005,0.4441520465771211,0.7736109217026773,"intercept,P:9.9,P:9.6,P:10.0,B:9.0,B:9.7,B:10.1,B:10.2,B:10.6,B:10.10,B:11.2,B:11.9,E:10.7,E:11.10,P_count_eq_1,P_count_eq_2,P_count_eq_3,B_count_eq_1,B_count_2_3,B_count_4_5,B_count_6_8,E_count_eq_1,E_count_eq_2,P_B_count",24,490
count_plus_PE_count,239,0.26043908042189506,0.31592093226548607,0.8854621726648801,"intercept,P:9.9,P:9.6,P:10.0,B:9.0,B:9.7,B:10.1,B:10.2,B:10.6,B:10.10,B:11.2,B:11.9,E:10.7,E:11.10,P_count_eq_1,P_count_eq_2,P_count_eq_3,B_count_eq_1,B_count_2_3,B_count_4_5,B_count_6_8,E_count_eq_1,E_count_eq_2,P_E_count",24,490
count_plus_BE_count,239,0.3873256891430111,0.45670574641454015,0.7606325527491883,"intercept,P:9.9,P:9.6,P:10.0,B:9.0,B:9.7,B:10.1,B:10.2,B:10.6,B:10.10,B:11.2,B:11.9,E:10.7,E:11.10,P_count_eq_1,P_count_eq_2,P_count_eq_3,B_count_eq_1,B_count_2_3,B_count_4_5,B_count_6_8,E_count_eq_1,E_count_eq_2,B_E_count",24,490
count_plus_all_pairs,239,0.23271768717739177,0.28704144732375225,0.9054456837505396,"intercept,P:9.9,P:9.6,P:10.0,B:9.0,B:9.7,B:10.1,B:10.2,B:10.6,B:10.10,B:11.2,B:11.9,E:10.7,E:11.10,P_count_eq_1,P_count_eq_2,P_count_eq_3,B_count_eq_1,B_count_2_3,B_count_4_5,B_count_6_8,E_count_eq_1,E_count_eq_2,P_B_count,P_E_count,B_E_count",26,490
additive_head,239,0.37067375928689744,0.43751019461628554,0.7605528569769107,"intercept,P:9.9,P:9.6,P:10.0,B:9.0,B:9.7,B:10.1,B:10.2,B:10.6,B:10.10,B:11.2,B:11.9,E:10.7,E:11.10",14,491
count_additive,239,0.37348875580810736,0.44211463397951734,0.755486362859718,"intercept,P:9.9,P:9.6,P:10.0,B:9.0,B:9.7,B:10.1,B:10.2,B:10.6,B:10.10,B:11.2,B:11.9,E:10.7,E:11.10,P_count_eq_1,P_count_eq_2,P_count_eq_3,B_count_eq_1,B_count_2_3,B_count_4_5,B_count_6_8,E_count_eq_1,E_count_eq_2",23,491
count_plus_PB_count,239,0.3644794981548042,0.42347506696724607,0.7756691530435975,"intercept,P:9.9,P:9.6,P:10.0,B:9.0,B:9.7,B:10.1,B:10.2,B:10.6,B:10.10,B:11.2,B:11.9,E:10.7,E:11.10,P_count_eq_1,P_count_eq_2,P_count_eq_3,B_count_eq_1,B_count_2_3,B_count_4_5,B_count_6_8,E_count_eq_1,E_count_eq_2,P_B_count",24,491
count_plus_PE_count,239,0.24755345507350984,0.30059775367169234,0.8869671268493808,"intercept,P:9.9,P:9.6,P:10.0,B:9.0,B:9.7,B:10.1,B:10.2,B:10.6,B:10.10,B:11.2,B:11.9,E:10.7,E:11.10,P_count_eq_1,P_count_eq_2,P_count_eq_3,B_count_eq_1,B_count_2_3,B_count_4_5,B_count_6_8,E_count_eq_1,E_count_eq_2,P_E_count",24,491
count_plus_BE_count,239,0.3705698040700041,0.4375753016664484,0.7604815861479515,"intercept,P:9.9,P:9.6,P:10.0,B:9.0,B:9.7,B:10.1,B:10.2,B:10.6,B:10.10,B:11.2,B:11.9,E:10.7,E:11.10,P_count_eq_1,P_count_eq_2,P_count_eq_3,B_count_eq_1,B_count_2_3,B_count_4_5,B_count_6_8,E_count_eq_1,E_count_eq_2,B_E_count",24,491
count_plus_all_pairs,239,0.22165991798110776,0.27370648705356126,0.9062862133512845,"intercept,P:9.9,P:9.6,P:10.0,B:9.0,B:9.7,B:10.1,B:10.2,B:10.6,B:10.10,B:11.2,B:11.9,E:10.7,E:11.10,P_count_eq_1,P_count_eq_2,P_count_eq_3,B_count_eq_1,B_count_2_3,B_count_4_5,B_count_6_8,E_count_eq_1,E_count_eq_2,P_B_count,P_E_count,B_E_count",26,491
additive_head,239,0.37765606715665617,0.44546040057111413,0.759920535249381,"intercept,P:9.9,P:9.6,P:10.0,B:9.0,B:9.7,B:10.1,B:10.2,B:10.6,B:10.10,B:11.2,B:11.9,E:10.7,E:11.10",14,492
count_additive,239,0.3808542148458414,0.45049013956245926,0.7544684041260563,"intercept,P:9.9,P:9.6,P:10.0,B:9.0,B:9.7,B:10.1,B:10.2,B:10.6,B:10.10,B:11.2,B:11.9,E:10.7,E:11.10,P_count_eq_1,P_count_eq_2,P_count_eq_3,B_count_eq_1,B_count_2_3,B_count_4_5,B_count_6_8,E_count_eq_1,E_count_eq_2",23,492
count_plus_PB_count,239,0.3717082225747651,0.4323347606043538,0.7738601405729058,"intercept,P:9.9,P:9.6,P:10.0,B:9.0,B:9.7,B:10.1,B:10.2,B:10.6,B:10.10,B:11.2,B:11.9,E:10.7,E:11.10,P_count_eq_1,P_count_eq_2,P_count_eq_3,B_count_eq_1,B_count_2_3,B_count_4_5,B_count_6_8,E_count_eq_1,E_count_eq_2,P_B_count",24,492
count_plus_PE_count,239,0.2534742028189799,0.30787855316800283,0.8853178881964279,"intercept,P:9.9,P:9.6,P:10.0,B:9.0,B:9.7,B:10.1,B:10.2,B:10.6,B:10.10,B:11.2,B:11.9,E:10.7,E:11.10,P_count_eq_1,P_count_eq_2,P_count_eq_3,B_count_eq_1,B_count_2_3,B_count_4_5,B_count_6_8,E_count_eq_1,E_count_eq_2,P_E_count",24,492
count_plus_BE_count,239,0.3780616046338674,0.4450634293623977,0.7603482373298062,"intercept,P:9.9,P:9.6,P:10.0,B:9.0,B:9.7,B:10.1,B:10.2,B:10.6,B:10.10,B:11.2,B:11.9,E:10.7,E:11.10,P_count_eq_1,P_count_eq_2,P_count_eq_3,B_count_eq_1,B_count_2_3,B_count_4_5,B_count_6_8,E_count_eq_1,E_count_eq_2,B_E_count",24,492
count_plus_all_pairs,239,0.2272345623610472,0.2808002299074351,0.9046036571531639,"intercept,P:9.9,P:9.6,P:10.0,B:9.0,B:9.7,B:10.1,B:10.2,B:10.6,B:10.10,B:11.2,B:11.9,E:10.7,E:11.10,P_count_eq_1,P_count_eq_2,P_count_eq_3,B_count_eq_1,B_count_2_3,B_count_4_5,B_count_6_8,E_count_eq_1,E_count_eq_2,P_B_count,P_E_count,B_E_count",26,492
additive_head,239,0.3778545556980315,0.4453397584108654,0.762243365441094,"intercept,P:9.9,P:9.6,P:10.0,B:9.0,B:9.7,B:10.1,B:10.2,B:10.6,B:10.10,B:11.2,B:11.9,E:10.7,E:11.10",14,493
count_additive,239,0.3801760455664963,0.44986672417698986,0.7573851123569055,"intercept,P:9.9,P:9.6,P:10.0,B:9.0,B:9.7,B:10.1,B:10.2,B:10.6,B:10.10,B:11.2,B:11.9,E:10.7,E:11.10,P_count_eq_1,P_count_eq_2,P_count_eq_3,B_count_eq_1,B_count_2_3,B_count_4_5,B_count_6_8,E_count_eq_1,E_count_eq_2",23,493
count_plus_PB_count,239,0.3702122856390277,0.43014185738617433,0.7781940875530385,"intercept,P:9.9,P:9.6,P:10.0,B:9.0,B:9.7,B:10.1,B:10.2,B:10.6,B:10.10,B:11.2,B:11.9,E:10.7,E:11.10,P_count_eq_1,P_count_eq_2,P_count_eq_3,B_count_eq_1,B_count_2_3,B_count_4_5,B_count_6_8,E_count_eq_1,E_count_eq_2,P_B_count",24,493
count_plus_PE_count,239,0.25419127186643403,0.30835225464972604,0.8860159817650551,"intercept,P:9.9,P:9.6,P:10.0,B:9.0,B:9.7,B:10.1,B:10.2,B:10.6,B:10.10,B:11.2,B:11.9,E:10.7,E:11.10,P_count_eq_1,P_count_eq_2,P_count_eq_3,B_count_eq_1,B_count_2_3,B_count_4_5,B_count_6_8,E_count_eq_1,E_count_eq_2,P_E_count",24,493
count_plus_BE_count,239,0.37696335244950163,0.4447812920536431,0.7628392961887163,"intercept,P:9.9,P:9.6,P:10.0,B:9.0,B:9.7,B:10.1,B:10.2,B:10.6,B:10.10,B:11.2,B:11.9,E:10.7,E:11.10,P_count_eq_1,P_count_eq_2,P_count_eq_3,B_count_eq_1,B_count_2_3,B_count_4_5,B_count_6_8,E_count_eq_1,E_count_eq_2,B_E_count",24,493
count_plus_all_pairs,239,0.22641299777891222,0.27983804031801357,0.9061221341839321,"intercept,P:9.9,P:9.6,P:10.0,B:9.0,B:9.7,B:10.1,B:10.2,B:10.6,B:10.10,B:11.2,B:11.9,E:10.7,E:11.10,P_count_eq_1,P_count_eq_2,P_count_eq_3,B_count_eq_1,B_count_2_3,B_count_4_5,B_count_6_8,E_count_eq_1,E_count_eq_2,P_B_count,P_E_count,B_E_count",26,493
additive_head,239,0.3935569296090001,0.46448954234985,0.7619040949134811,"intercept,P:9.9,P:9.6,P:10.0,B:9.0,B:9.7,B:10.1,B:10.2,B:10.6,B:10.10,B:11.2,B:11.9,E:10.7,E:11.10",14,494
count_additive,239,0.39646161348127335,0.46941091981184657,0.7568320007066384,"intercept,P:9.9,P:9.6,P:10.0,B:9.0,B:9.7,B:10.1,B:10.2,B:10.6,B:10.10,B:11.2,B:11.9,E:10.7,E:11.10,P_count_eq_1,P_count_eq_2,P_count_eq_3,B_count_eq_1,B_count_2_3,B_count_4_5,B_count_6_8,E_count_eq_1,E_count_eq_2",23,494
count_plus_PB_count,239,0.3865119416472328,0.449851006095812,0.7766749513665492,"intercept,P:9.9,P:9.6,P:10.0,B:9.0,B:9.7,B:10.1,B:10.2,B:10.6,B:10.10,B:11.2,B:11.9,E:10.7,E:11.10,P_count_eq_1,P_count_eq_2,P_count_eq_3,B_count_eq_1,B_count_2_3,B_count_4_5,B_count_6_8,E_count_eq_1,E_count_eq_2,P_B_count",24,494
count_plus_PE_count,239,0.2613416096891842,0.31723398515384693,0.888939542318723,"intercept,P:9.9,P:9.6,P:10.0,B:9.0,B:9.7,B:10.1,B:10.2,B:10.6,B:10.10,B:11.2,B:11.9,E:10.7,E:11.10,P_count_eq_1,P_count_eq_2,P_count_eq_3,B_count_eq_1,B_count_2_3,B_count_4_5,B_count_6_8,E_count_eq_1,E_count_eq_2,P_E_count",24,494
count_plus_BE_count,239,0.3933884737067418,0.46357338614633353,0.7628424063220319,"intercept,P:9.9,P:9.6,P:10.0,B:9.0,B:9.7,B:10.1,B:10.2,B:10.6,B:10.10,B:11.2,B:11.9,E:10.7,E:11.10,P_count_eq_1,P_count_eq_2,P_count_eq_3,B_count_eq_1,B_count_2_3,B_count_4_5,B_count_6_8,E_count_eq_1,E_count_eq_2,B_E_count",24,494
count_plus_all_pairs,239,0.23332617317814758,0.2878078610713215,0.9085875500134476,"intercept,P:9.9,P:9.6,P:10.0,B:9.0,B:9.7,B:10.1,B:10.2,B:10.6,B:10.10,B:11.2,B:11.9,E:10.7,E:11.10,P_count_eq_1,P_count_eq_2,P_count_eq_3,B_count_eq_1,B_count_2_3,B_count_4_5,B_count_6_8,E_count_eq_1,E_count_eq_2,P_B_count,P_E_count,B_E_count",26,494
additive_head,239,0.41062131602300483,0.48378691382766215,0.7741529174638045,"intercept,P:9.9,P:9.6,P:10.0,B:9.0,B:9.7,B:10.1,B:10.2,B:10.6,B:10.10,B:11.2,B:11.9,E:10.7,E:11.10",14,495
count_additive,239,0.4141063282309853,0.48916867167683165,0.769100218550071,"intercept,P:9.9,P:9.6,P:10.0,B:9.0,B:9.7,B:10.1,B:10.2,B:10.6,B:10.10,B:11.2,B:11.9,E:10.7,E:11.10,P_count_eq_1,P_count_eq_2,P_count_eq_3,B_count_eq_1,B_count_2_3,B_count_4_5,B_count_6_8,E_count_eq_1,E_count_eq_2",23,495
count_plus_PB_count,239,0.40178403634726684,0.4670141785686903,0.789541542421391,"intercept,P:9.9,P:9.6,P:10.0,B:9.0,B:9.7,B:10.1,B:10.2,B:10.6,B:10.10,B:11.2,B:11.9,E:10.7,E:11.10,P_count_eq_1,P_count_eq_2,P_count_eq_3,B_count_eq_1,B_count_2_3,B_count_4_5,B_count_6_8,E_count_eq_1,E_count_eq_2,P_B_count",24,495
count_plus_PE_count,239,0.2792307363877522,0.3371574829441148,0.8903087824354109,"intercept,P:9.9,P:9.6,P:10.0,B:9.0,B:9.7,B:10.1,B:10.2,B:10.6,B:10.10,B:11.2,B:11.9,E:10.7,E:11.10,P_count_eq_1,P_count_eq_2,P_count_eq_3,B_count_eq_1,B_count_2_3,B_count_4_5,B_count_6_8,E_count_eq_1,E_count_eq_2,P_E_count",24,495
count_plus_BE_count,239,0.41113648202040814,0.48443977228794133,0.773542956086887,"intercept,P:9.9,P:9.6,P:10.0,B:9.0,B:9.7,B:10.1,B:10.2,B:10.6,B:10.10,B:11.2,B:11.9,E:10.7,E:11.10,P_count_eq_1,P_count_eq_2,P_count_eq_3,B_count_eq_1,B_count_2_3,B_count_4_5,B_count_6_8,E_count_eq_1,E_count_eq_2,B_E_count",24,495
count_plus_all_pairs,239,0.24851700599042115,0.3062008392403518,0.9095269972338335,"intercept,P:9.9,P:9.6,P:10.0,B:9.0,B:9.7,B:10.1,B:10.2,B:10.6,B:10.10,B:11.2,B:11.9,E:10.7,E:11.10,P_count_eq_1,P_count_eq_2,P_count_eq_3,B_count_eq_1,B_count_2_3,B_count_4_5,B_count_6_8,E_count_eq_1,E_count_eq_2,P_B_count,P_E_count,B_E_count",26,495
additive_head,239,0.3857621471504848,0.45772848106868125,0.7644642066553842,"intercept,P:9.9,P:9.6,P:10.0,B:9.0,B:9.7,B:10.1,B:10.2,B:10.6,B:10.10,B:11.2,B:11.9,E:10.7,E:11.10",14,496
count_additive,239,0.38861169841517956,0.4623682763135102,0.759664956832687,"intercept,P:9.9,P:9.6,P:10.0,B:9.0,B:9.7,B:10.1,B:10.2,B:10.6,B:10.10,B:11.2,B:11.9,E:10.7,E:11.10,P_count_eq_1,P_count_eq_2,P_count_eq_3,B_count_eq_1,B_count_2_3,B_count_4_5,B_count_6_8,E_count_eq_1,E_count_eq_2",23,496
count_plus_PB_count,239,0.3767386075048029,0.4396822810393847,0.7826703552176573,"intercept,P:9.9,P:9.6,P:10.0,B:9.0,B:9.7,B:10.1,B:10.2,B:10.6,B:10.10,B:11.2,B:11.9,E:10.7,E:11.10,P_count_eq_1,P_count_eq_2,P_count_eq_3,B_count_eq_1,B_count_2_3,B_count_4_5,B_count_6_8,E_count_eq_1,E_count_eq_2,P_B_count",24,496
count_plus_PE_count,239,0.26119293251370856,0.3173661703301499,0.8867697921930768,"intercept,P:9.9,P:9.6,P:10.0,B:9.0,B:9.7,B:10.1,B:10.2,B:10.6,B:10.10,B:11.2,B:11.9,E:10.7,E:11.10,P_count_eq_1,P_count_eq_2,P_count_eq_3,B_count_eq_1,B_count_2_3,B_count_4_5,B_count_6_8,E_count_eq_1,E_count_eq_2,P_E_count",24,496
count_plus_BE_count,239,0.3850512007243748,0.45757925140769956,0.764617761430224,"intercept,P:9.9,P:9.6,P:10.0,B:9.0,B:9.7,B:10.1,B:10.2,B:10.6,B:10.10,B:11.2,B:11.9,E:10.7,E:11.10,P_count_eq_1,P_count_eq_2,P_count_eq_3,B_count_eq_1,B_count_2_3,B_count_4_5,B_count_6_8,E_count_eq_1,E_count_eq_2,B_E_count",24,496
count_plus_all_pairs,239,0.23119108048142126,0.2852763145189209,0.9085102433706895,"intercept,P:9.9,P:9.6,P:10.0,B:9.0,B:9.7,B:10.1,B:10.2,B:10.6,B:10.10,B:11.2,B:11.9,E:10.7,E:11.10,P_count_eq_1,P_count_eq_2,P_count_eq_3,B_count_eq_1,B_count_2_3,B_count_4_5,B_count_6_8,E_count_eq_1,E_count_eq_2,P_B_count,P_E_count,B_E_count",26,496
additive_head,239,0.37180398373716156,0.4401727245116714,0.7734578878518156,"intercept,P:9.9,P:9.6,P:10.0,B:9.0,B:9.7,B:10.1,B:10.2,B:10.6,B:10.10,B:11.2,B:11.9,E:10.7,E:11.10",14,497
count_additive,239,0.37398919170385075,0.44429163394386056,0.7691983226637364,"intercept,P:9.9,P:9.6,P:10.0,B:9.0,B:9.7,B:10.1,B:10.2,B:10.6,B:10.10,B:11.2,B:11.9,E:10.7,E:11.10,P_count_eq_1,P_count_eq_2,P_count_eq_3,B_count_eq_1,B_count_2_3,B_count_4_5,B_count_6_8,E_count_eq_1,E_count_eq_2",23,497
count_plus_PB_count,239,0.3648026189923188,0.42601727582846316,0.787794267562664,"intercept,P:9.9,P:9.6,P:10.0,B:9.0,B:9.7,B:10.1,B:10.2,B:10.6,B:10.10,B:11.2,B:11.9,E:10.7,E:11.10,P_count_eq_1,P_count_eq_2,P_count_eq_3,B_count_eq_1,B_count_2_3,B_count_4_5,B_count_6_8,E_count_eq_1,E_count_eq_2,P_B_count",24,497
count_plus_PE_count,239,0.24775601279240567,0.30174726435791976,0.8935392864662597,"intercept,P:9.9,P:9.6,P:10.0,B:9.0,B:9.7,B:10.1,B:10.2,B:10.6,B:10.10,B:11.2,B:11.9,E:10.7,E:11.10,P_count_eq_1,P_count_eq_2,P_count_eq_3,B_count_eq_1,B_count_2_3,B_count_4_5,B_count_6_8,E_count_eq_1,E_count_eq_2,P_E_count",24,497
count_plus_BE_count,239,0.3705969503231987,0.4387306735376538,0.7749398067808747,"intercept,P:9.9,P:9.6,P:10.0,B:9.0,B:9.7,B:10.1,B:10.2,B:10.6,B:10.10,B:11.2,B:11.9,E:10.7,E:11.10,P_count_eq_1,P_count_eq_2,P_count_eq_3,B_count_eq_1,B_count_2_3,B_count_4_5,B_count_6_8,E_count_eq_1,E_count_eq_2,B_E_count",24,497
count_plus_all_pairs,239,0.22193874817055284,0.2742185923397263,0.9120782175670619,"intercept,P:9.9,P:9.6,P:10.0,B:9.0,B:9.7,B:10.1,B:10.2,B:10.6,B:10.10,B:11.2,B:11.9,E:10.7,E:11.10,P_count_eq_1,P_count_eq_2,P_count_eq_3,B_count_eq_1,B_count_2_3,B_count_4_5,B_count_6_8,E_count_eq_1,E_count_eq_2,P_B_count,P_E_count,B_E_count",26,497
additive_head,239,0.3814494213212931,0.451813364685953,0.7715932681577352,"intercept,P:9.9,P:9.6,P:10.0,B:9.0,B:9.7,B:10.1,B:10.2,B:10.6,B:10.10,B:11.2,B:11.9,E:10.7,E:11.10",14,498
count_additive,239,0.3846216348187958,0.45639056737514827,0.7669419689724574,"intercept,P:9.9,P:9.6,P:10.0,B:9.0,B:9.7,B:10.1,B:10.2,B:10.6,B:10.10,B:11.2,B:11.9,E:10.7,E:11.10,P_count_eq_1,P_count_eq_2,P_count_eq_3,B_count_eq_1,B_count_2_3,B_count_4_5,B_count_6_8,E_count_eq_1,E_count_eq_2",23,498
count_plus_PB_count,239,0.37368145606763054,0.43682974559608534,0.7864915043556753,"intercept,P:9.9,P:9.6,P:10.0,B:9.0,B:9.7,B:10.1,B:10.2,B:10.6,B:10.10,B:11.2,B:11.9,E:10.7,E:11.10,P_count_eq_1,P_count_eq_2,P_count_eq_3,B_count_eq_1,B_count_2_3,B_count_4_5,B_count_6_8,E_count_eq_1,E_count_eq_2,P_B_count",24,498
count_plus_PE_count,239,0.2532845885323624,0.3083489655777014,0.8936161397976636,"intercept,P:9.9,P:9.6,P:10.0,B:9.0,B:9.7,B:10.1,B:10.2,B:10.6,B:10.10,B:11.2,B:11.9,E:10.7,E:11.10,P_count_eq_1,P_count_eq_2,P_count_eq_3,B_count_eq_1,B_count_2_3,B_count_4_5,B_count_6_8,E_count_eq_1,E_count_eq_2,P_E_count",24,498
count_plus_BE_count,239,0.3809999089771882,0.45112580091102256,0.7722879120665309,"intercept,P:9.9,P:9.6,P:10.0,B:9.0,B:9.7,B:10.1,B:10.2,B:10.6,B:10.10,B:11.2,B:11.9,E:10.7,E:11.10,P_count_eq_1,P_count_eq_2,P_count_eq_3,B_count_eq_1,B_count_2_3,B_count_4_5,B_count_6_8,E_count_eq_1,E_count_eq_2,B_E_count",24,498
count_plus_all_pairs,239,0.22593170426885356,0.27933152179966636,0.9126967024031969,"intercept,P:9.9,P:9.6,P:10.0,B:9.0,B:9.7,B:10.1,B:10.2,B:10.6,B:10.10,B:11.2,B:11.9,E:10.7,E:11.10,P_count_eq_1,P_count_eq_2,P_count_eq_3,B_count_eq_1,B_count_2_3,B_count_4_5,B_count_6_8,E_count_eq_1,E_count_eq_2,P_B_count,P_E_count,B_E_count",26,498
additive_head,239,0.3997496610362888,0.46857908907833307,0.759678884194304,"intercept,P:9.9,P:9.6,P:10.0,B:9.0,B:9.7,B:10.1,B:10.2,B:10.6,B:10.10,B:11.2,B:11.9,E:10.7,E:11.10",14,499
count_additive,239,0.40350473026547706,0.4743929058638672,0.7536784004905985,"intercept,P:9.9,P:9.6,P:10.0,B:9.0,B:9.7,B:10.1,B:10.2,B:10.6,B:10.10,B:11.2,B:11.9,E:10.7,E:11.10,P_count_eq_1,P_count_eq_2,P_count_eq_3,B_count_eq_1,B_count_2_3,B_count_4_5,B_count_6_8,E_count_eq_1,E_count_eq_2",23,499
count_plus_PB_count,239,0.394826562247759,0.45696645995116847,0.7714428695993102,"intercept,P:9.9,P:9.6,P:10.0,B:9.0,B:9.7,B:10.1,B:10.2,B:10.6,B:10.10,B:11.2,B:11.9,E:10.7,E:11.10,P_count_eq_1,P_count_eq_2,P_count_eq_3,B_count_eq_1,B_count_2_3,B_count_4_5,B_count_6_8,E_count_eq_1,E_count_eq_2,P_B_count",24,499
count_plus_PE_count,239,0.26615857938381726,0.3227287261510897,0.8860009133687189,"intercept,P:9.9,P:9.6,P:10.0,B:9.0,B:9.7,B:10.1,B:10.2,B:10.6,B:10.10,B:11.2,B:11.9,E:10.7,E:11.10,P_count_eq_1,P_count_eq_2,P_count_eq_3,B_count_eq_1,B_count_2_3,B_count_4_5,B_count_6_8,E_count_eq_1,E_count_eq_2,P_E_count",24,499
count_plus_BE_count,239,0.4018489561226917,0.4691521796828887,0.7590906804149715,"intercept,P:9.9,P:9.6,P:10.0,B:9.0,B:9.7,B:10.1,B:10.2,B:10.6,B:10.10,B:11.2,B:11.9,E:10.7,E:11.10,P_count_eq_1,P_count_eq_2,P_count_eq_3,B_count_eq_1,B_count_2_3,B_count_4_5,B_count_6_8,E_count_eq_1,E_count_eq_2,B_E_count",24,499
count_plus_all_pairs,239,0.23992911655291568,0.2969134146772548,0.9035092319057336,"intercept,P:9.9,P:9.6,P:10.0,B:9.0,B:9.7,B:10.1,B:10.2,B:10.6,B:10.10,B:11.2,B:11.9,E:10.7,E:11.10,P_count_eq_1,P_count_eq_2,P_count_eq_3,B_count_eq_1,B_count_2_3,B_count_4_5,B_count_6_8,E_count_eq_1,E_count_eq_2,P_B_count,P_E_count,B_E_count",26,499
