model,n_rows,mae,rmse,r2,columns,n_params,bootstrap
additive_head,239,0.4019964831714041,0.47338642183347424,0.7567487206509368,"intercept,P:9.9,P:9.6,P:10.0,B:9.0,B:9.7,B:10.1,B:10.2,B:10.6,B:10.10,B:11.2,B:11.9,E:10.7,E:11.10",14,0
pb_occupancy_interaction,239,0.40302603835355455,0.47350217620057217,0.7566297445283928,"intercept,P:9.9,P:9.6,P:10.0,B:9.0,B:9.7,B:10.1,B:10.2,B:10.6,B:10.10,B:11.2,B:11.9,E:10.7,E:11.10,P_B_occ",15,0
pb_count_interaction,239,0.38875401871161885,0.45288058085912364,0.7773662830377082,"intercept,P:9.9,P:9.6,P:10.0,B:9.0,B:9.7,B:10.1,B:10.2,B:10.6,B:10.10,B:11.2,B:11.9,E:10.7,E:11.10,P_B_count",15,0
group_count_interaction,239,0.23618407154542176,0.29290392780300745,0.9068733607570586,"intercept,P:9.9,P:9.6,P:10.0,B:9.0,B:9.7,B:10.1,B:10.2,B:10.6,B:10.10,B:11.2,B:11.9,E:10.7,E:11.10,P_B_count,P_E_count,B_E_count",17,0
additive_head,239,0.3929802141237409,0.46489571925161804,0.7625275822196815,"intercept,P:9.9,P:9.6,P:10.0,B:9.0,B:9.7,B:10.1,B:10.2,B:10.6,B:10.10,B:11.2,B:11.9,E:10.7,E:11.10",14,1
pb_occupancy_interaction,239,0.3938794906718544,0.46473284520613245,0.7626939477783605,"intercept,P:9.9,P:9.6,P:10.0,B:9.0,B:9.7,B:10.1,B:10.2,B:10.6,B:10.10,B:11.2,B:11.9,E:10.7,E:11.10,P_B_occ",15,1
pb_count_interaction,239,0.3790757447159093,0.4440807341794142,0.7833164490121753,"intercept,P:9.9,P:9.6,P:10.0,B:9.0,B:9.7,B:10.1,B:10.2,B:10.6,B:10.10,B:11.2,B:11.9,E:10.7,E:11.10,P_B_count",15,1
group_count_interaction,239,0.22954918207112832,0.28491545207989705,0.9108063192633189,"intercept,P:9.9,P:9.6,P:10.0,B:9.0,B:9.7,B:10.1,B:10.2,B:10.6,B:10.10,B:11.2,B:11.9,E:10.7,E:11.10,P_B_count,P_E_count,B_E_count",17,1
additive_head,239,0.39030794596085605,0.45797676601805737,0.7478088868596763,"intercept,P:9.9,P:9.6,P:10.0,B:9.0,B:9.7,B:10.1,B:10.2,B:10.6,B:10.10,B:11.2,B:11.9,E:10.7,E:11.10",14,2
pb_occupancy_interaction,239,0.39133566618429366,0.4581355827448194,0.7476339473662124,"intercept,P:9.9,P:9.6,P:10.0,B:9.0,B:9.7,B:10.1,B:10.2,B:10.6,B:10.10,B:11.2,B:11.9,E:10.7,E:11.10,P_B_occ",15,2
pb_count_interaction,239,0.3784685872926035,0.4390361242983321,0.7682373765428512,"intercept,P:9.9,P:9.6,P:10.0,B:9.0,B:9.7,B:10.1,B:10.2,B:10.6,B:10.10,B:11.2,B:11.9,E:10.7,E:11.10,P_B_count",15,2
group_count_interaction,239,0.22929186965509507,0.2838037670043059,0.9031545552656869,"intercept,P:9.9,P:9.6,P:10.0,B:9.0,B:9.7,B:10.1,B:10.2,B:10.6,B:10.10,B:11.2,B:11.9,E:10.7,E:11.10,P_B_count,P_E_count,B_E_count",17,2
additive_head,239,0.37278424683417527,0.439274745267098,0.7517817673859822,"intercept,P:9.9,P:9.6,P:10.0,B:9.0,B:9.7,B:10.1,B:10.2,B:10.6,B:10.10,B:11.2,B:11.9,E:10.7,E:11.10",14,3
pb_occupancy_interaction,239,0.37361002741833127,0.43905210753041135,0.7520333126509571,"intercept,P:9.9,P:9.6,P:10.0,B:9.0,B:9.7,B:10.1,B:10.2,B:10.6,B:10.10,B:11.2,B:11.9,E:10.7,E:11.10,P_B_occ",15,3
pb_count_interaction,239,0.36058381785190496,0.42016497888744186,0.7729084840993873,"intercept,P:9.9,P:9.6,P:10.0,B:9.0,B:9.7,B:10.1,B:10.2,B:10.6,B:10.10,B:11.2,B:11.9,E:10.7,E:11.10,P_B_count",15,3
group_count_interaction,239,0.21854384294754148,0.27179967632239255,0.9049703612642194,"intercept,P:9.9,P:9.6,P:10.0,B:9.0,B:9.7,B:10.1,B:10.2,B:10.6,B:10.10,B:11.2,B:11.9,E:10.7,E:11.10,P_B_count,P_E_count,B_E_count",17,3
additive_head,239,0.3834398347877719,0.4531253684090555,0.7639952025807295,"intercept,P:9.9,P:9.6,P:10.0,B:9.0,B:9.7,B:10.1,B:10.2,B:10.6,B:10.10,B:11.2,B:11.9,E:10.7,E:11.10",14,4
pb_occupancy_interaction,239,0.384397304062399,0.45313335896669854,0.7639868789392088,"intercept,P:9.9,P:9.6,P:10.0,B:9.0,B:9.7,B:10.1,B:10.2,B:10.6,B:10.10,B:11.2,B:11.9,E:10.7,E:11.10,P_B_occ",15,4
pb_count_interaction,239,0.3699810131458938,0.4324279398652569,0.7850628081556791,"intercept,P:9.9,P:9.6,P:10.0,B:9.0,B:9.7,B:10.1,B:10.2,B:10.6,B:10.10,B:11.2,B:11.9,E:10.7,E:11.10,P_B_count",15,4
group_count_interaction,239,0.223864422397694,0.27813477031240574,0.911080984382926,"intercept,P:9.9,P:9.6,P:10.0,B:9.0,B:9.7,B:10.1,B:10.2,B:10.6,B:10.10,B:11.2,B:11.9,E:10.7,E:11.10,P_B_count,P_E_count,B_E_count",17,4
additive_head,239,0.38021194159934313,0.44835481660707044,0.7529033630464078,"intercept,P:9.9,P:9.6,P:10.0,B:9.0,B:9.7,B:10.1,B:10.2,B:10.6,B:10.10,B:11.2,B:11.9,E:10.7,E:11.10",14,5
pb_occupancy_interaction,239,0.3811389363509945,0.44849758512591376,0.752745973245986,"intercept,P:9.9,P:9.6,P:10.0,B:9.0,B:9.7,B:10.1,B:10.2,B:10.6,B:10.10,B:11.2,B:11.9,E:10.7,E:11.10,P_B_occ",15,5
pb_count_interaction,239,0.36823450347099235,0.42962466983669734,0.7731171975049798,"intercept,P:9.9,P:9.6,P:10.0,B:9.0,B:9.7,B:10.1,B:10.2,B:10.6,B:10.10,B:11.2,B:11.9,E:10.7,E:11.10,P_B_count",15,5
group_count_interaction,239,0.2225257020933892,0.2767970886888854,0.9058227095845401,"intercept,P:9.9,P:9.6,P:10.0,B:9.0,B:9.7,B:10.1,B:10.2,B:10.6,B:10.10,B:11.2,B:11.9,E:10.7,E:11.10,P_B_count,P_E_count,B_E_count",17,5
additive_head,239,0.3634273065346825,0.4284697433666775,0.7614289746488458,"intercept,P:9.9,P:9.6,P:10.0,B:9.0,B:9.7,B:10.1,B:10.2,B:10.6,B:10.10,B:11.2,B:11.9,E:10.7,E:11.10",14,6
pb_occupancy_interaction,239,0.3642420278928032,0.42858361622639635,0.7613021494746998,"intercept,P:9.9,P:9.6,P:10.0,B:9.0,B:9.7,B:10.1,B:10.2,B:10.6,B:10.10,B:11.2,B:11.9,E:10.7,E:11.10,P_B_occ",15,6
pb_count_interaction,239,0.3528663341629983,0.4115448270135382,0.7799042418621069,"intercept,P:9.9,P:9.6,P:10.0,B:9.0,B:9.7,B:10.1,B:10.2,B:10.6,B:10.10,B:11.2,B:11.9,E:10.7,E:11.10,P_B_count",15,6
group_count_interaction,239,0.21148225438038531,0.26264227924899414,0.910359007670104,"intercept,P:9.9,P:9.6,P:10.0,B:9.0,B:9.7,B:10.1,B:10.2,B:10.6,B:10.10,B:11.2,B:11.9,E:10.7,E:11.10,P_B_count,P_E_count,B_E_count",17,6
additive_head,239,0.3698871094522913,0.43814404461361117,0.7655543780492735,"intercept,P:9.9,P:9.6,P:10.0,B:9.0,B:9.7,B:10.1,B:10.2,B:10.6,B:10.10,B:11.2,B:11.9,E:10.7,E:11.10",14,7
pb_occupancy_interaction,239,0.3706534265559894,0.4379501642406103,0.7657618182658834,"intercept,P:9.9,P:9.6,P:10.0,B:9.0,B:9.7,B:10.1,B:10.2,B:10.6,B:10.10,B:11.2,B:11.9,E:10.7,E:11.10,P_B_occ",15,7
pb_count_interaction,239,0.35708658738869703,0.41808922064836646,0.7865253834362509,"intercept,P:9.9,P:9.6,P:10.0,B:9.0,B:9.7,B:10.1,B:10.2,B:10.6,B:10.10,B:11.2,B:11.9,E:10.7,E:11.10,P_B_count",15,7
group_count_interaction,239,0.21389957801863255,0.2668753323917108,0.913018845518722,"intercept,P:9.9,P:9.6,P:10.0,B:9.0,B:9.7,B:10.1,B:10.2,B:10.6,B:10.10,B:11.2,B:11.9,E:10.7,E:11.10,P_B_count,P_E_count,B_E_count",17,7
additive_head,239,0.3756133063857798,0.4426663407131694,0.7538216122992186,"intercept,P:9.9,P:9.6,P:10.0,B:9.0,B:9.7,B:10.1,B:10.2,B:10.6,B:10.10,B:11.2,B:11.9,E:10.7,E:11.10",14,8
pb_occupancy_interaction,239,0.3765885725823268,0.44282803759406447,0.7536417316804358,"intercept,P:9.9,P:9.6,P:10.0,B:9.0,B:9.7,B:10.1,B:10.2,B:10.6,B:10.10,B:11.2,B:11.9,E:10.7,E:11.10,P_B_occ",15,8
pb_count_interaction,239,0.36347368224315335,0.42325844229259246,0.7749348871767034,"intercept,P:9.9,P:9.6,P:10.0,B:9.0,B:9.7,B:10.1,B:10.2,B:10.6,B:10.10,B:11.2,B:11.9,E:10.7,E:11.10,P_B_count",15,8
group_count_interaction,239,0.2198889269583276,0.2728875138583212,0.906445592768131,"intercept,P:9.9,P:9.6,P:10.0,B:9.0,B:9.7,B:10.1,B:10.2,B:10.6,B:10.10,B:11.2,B:11.9,E:10.7,E:11.10,P_B_count,P_E_count,B_E_count",17,8
additive_head,239,0.38791640810567585,0.455534454209332,0.7607853534757757,"intercept,P:9.9,P:9.6,P:10.0,B:9.0,B:9.7,B:10.1,B:10.2,B:10.6,B:10.10,B:11.2,B:11.9,E:10.7,E:11.10",14,9
pb_occupancy_interaction,239,0.3889932599392978,0.4559957080226963,0.7603006721134692,"intercept,P:9.9,P:9.6,P:10.0,B:9.0,B:9.7,B:10.1,B:10.2,B:10.6,B:10.10,B:11.2,B:11.9,E:10.7,E:11.10,P_B_occ",15,9
pb_count_interaction,239,0.375527252601122,0.43686824094539534,0.7799880581582942,"intercept,P:9.9,P:9.6,P:10.0,B:9.0,B:9.7,B:10.1,B:10.2,B:10.6,B:10.10,B:11.2,B:11.9,E:10.7,E:11.10,P_B_count",15,9
group_count_interaction,239,0.22775182781805536,0.28177672268995835,0.9084716710280265,"intercept,P:9.9,P:9.6,P:10.0,B:9.0,B:9.7,B:10.1,B:10.2,B:10.6,B:10.10,B:11.2,B:11.9,E:10.7,E:11.10,P_B_count,P_E_count,B_E_count",17,9
additive_head,239,0.3695143449045984,0.43708297124605017,0.7646601953573842,"intercept,P:9.9,P:9.6,P:10.0,B:9.0,B:9.7,B:10.1,B:10.2,B:10.6,B:10.10,B:11.2,B:11.9,E:10.7,E:11.10",14,10
pb_occupancy_interaction,239,0.3702495381680057,0.4369927197070778,0.7647573740995838,"intercept,P:9.9,P:9.6,P:10.0,B:9.0,B:9.7,B:10.1,B:10.2,B:10.6,B:10.10,B:11.2,B:11.9,E:10.7,E:11.10,P_B_occ",15,10
pb_count_interaction,239,0.358127743679287,0.4184896201613584,0.7842568594475083,"intercept,P:9.9,P:9.6,P:10.0,B:9.0,B:9.7,B:10.1,B:10.2,B:10.6,B:10.10,B:11.2,B:11.9,E:10.7,E:11.10,P_B_count",15,10
group_count_interaction,239,0.2137967512556075,0.26643749628082497,0.9125503042076889,"intercept,P:9.9,P:9.6,P:10.0,B:9.0,B:9.7,B:10.1,B:10.2,B:10.6,B:10.10,B:11.2,B:11.9,E:10.7,E:11.10,P_B_count,P_E_count,B_E_count",17,10
additive_head,239,0.39762021020797095,0.47109632400941137,0.7585024401486967,"intercept,P:9.9,P:9.6,P:10.0,B:9.0,B:9.7,B:10.1,B:10.2,B:10.6,B:10.10,B:11.2,B:11.9,E:10.7,E:11.10",14,11
pb_occupancy_interaction,239,0.3985288477967821,0.47102555896773224,0.7585749871013004,"intercept,P:9.9,P:9.6,P:10.0,B:9.0,B:9.7,B:10.1,B:10.2,B:10.6,B:10.10,B:11.2,B:11.9,E:10.7,E:11.10,P_B_occ",15,11
pb_count_interaction,239,0.38338336275879403,0.44920725794199556,0.7804230009412962,"intercept,P:9.9,P:9.6,P:10.0,B:9.0,B:9.7,B:10.1,B:10.2,B:10.6,B:10.10,B:11.2,B:11.9,E:10.7,E:11.10,P_B_count",15,11
group_count_interaction,239,0.2310585840096625,0.2871794926862636,0.9102570866644392,"intercept,P:9.9,P:9.6,P:10.0,B:9.0,B:9.7,B:10.1,B:10.2,B:10.6,B:10.10,B:11.2,B:11.9,E:10.7,E:11.10,P_B_count,P_E_count,B_E_count",17,11
additive_head,239,0.3942513537351183,0.4649526572292063,0.7625467660139211,"intercept,P:9.9,P:9.6,P:10.0,B:9.0,B:9.7,B:10.1,B:10.2,B:10.6,B:10.10,B:11.2,B:11.9,E:10.7,E:11.10",14,12
pb_occupancy_interaction,239,0.39523754255898363,0.4651613071029358,0.7623336014983073,"intercept,P:9.9,P:9.6,P:10.0,B:9.0,B:9.7,B:10.1,B:10.2,B:10.6,B:10.10,B:11.2,B:11.9,E:10.7,E:11.10,P_B_occ",15,12
pb_count_interaction,239,0.3802466706468551,0.44295462477762776,0.7844842066454087,"intercept,P:9.9,P:9.6,P:10.0,B:9.0,B:9.7,B:10.1,B:10.2,B:10.6,B:10.10,B:11.2,B:11.9,E:10.7,E:11.10,P_B_count",15,12
group_count_interaction,239,0.23224545624009377,0.287823959010391,0.9090056334840839,"intercept,P:9.9,P:9.6,P:10.0,B:9.0,B:9.7,B:10.1,B:10.2,B:10.6,B:10.10,B:11.2,B:11.9,E:10.7,E:11.10,P_B_count,P_E_count,B_E_count",17,12
additive_head,239,0.38096337061028557,0.45033557497161236,0.7558520480808736,"intercept,P:9.9,P:9.6,P:10.0,B:9.0,B:9.7,B:10.1,B:10.2,B:10.6,B:10.10,B:11.2,B:11.9,E:10.7,E:11.10",14,13
pb_occupancy_interaction,239,0.38181500176220196,0.45053061922823306,0.7556405170774249,"intercept,P:9.9,P:9.6,P:10.0,B:9.0,B:9.7,B:10.1,B:10.2,B:10.6,B:10.10,B:11.2,B:11.9,E:10.7,E:11.10,P_B_occ",15,13
pb_count_interaction,239,0.36840458497409584,0.430869310391825,0.7765030007520564,"intercept,P:9.9,P:9.6,P:10.0,B:9.0,B:9.7,B:10.1,B:10.2,B:10.6,B:10.10,B:11.2,B:11.9,E:10.7,E:11.10,P_B_count",15,13
group_count_interaction,239,0.22170710312563974,0.2756791945194033,0.9085068551508737,"intercept,P:9.9,P:9.6,P:10.0,B:9.0,B:9.7,B:10.1,B:10.2,B:10.6,B:10.10,B:11.2,B:11.9,E:10.7,E:11.10,P_B_count,P_E_count,B_E_count",17,13
additive_head,239,0.376105246752173,0.4426798548722796,0.7621244955733723,"intercept,P:9.9,P:9.6,P:10.0,B:9.0,B:9.7,B:10.1,B:10.2,B:10.6,B:10.10,B:11.2,B:11.9,E:10.7,E:11.10",14,14
pb_occupancy_interaction,239,0.3770555153203636,0.44261536330113027,0.7621938000487377,"intercept,P:9.9,P:9.6,P:10.0,B:9.0,B:9.7,B:10.1,B:10.2,B:10.6,B:10.10,B:11.2,B:11.9,E:10.7,E:11.10,P_B_occ",15,14
pb_count_interaction,239,0.36390649144797726,0.4240525993671259,0.7817221517866679,"intercept,P:9.9,P:9.6,P:10.0,B:9.0,B:9.7,B:10.1,B:10.2,B:10.6,B:10.10,B:11.2,B:11.9,E:10.7,E:11.10,P_B_count",15,14
group_count_interaction,239,0.21940023537782274,0.27255616074784195,0.9098258181563166,"intercept,P:9.9,P:9.6,P:10.0,B:9.0,B:9.7,B:10.1,B:10.2,B:10.6,B:10.10,B:11.2,B:11.9,E:10.7,E:11.10,P_B_count,P_E_count,B_E_count",17,14
additive_head,239,0.3940542178049533,0.4665762880818198,0.7690528579877716,"intercept,P:9.9,P:9.6,P:10.0,B:9.0,B:9.7,B:10.1,B:10.2,B:10.6,B:10.10,B:11.2,B:11.9,E:10.7,E:11.10",14,15
pb_occupancy_interaction,239,0.3947434599657926,0.46654798881285897,0.7690808724293597,"intercept,P:9.9,P:9.6,P:10.0,B:9.0,B:9.7,B:10.1,B:10.2,B:10.6,B:10.10,B:11.2,B:11.9,E:10.7,E:11.10,P_B_occ",15,15
pb_count_interaction,239,0.3788275441315357,0.4441079282720528,0.7907601897838172,"intercept,P:9.9,P:9.6,P:10.0,B:9.0,B:9.7,B:10.1,B:10.2,B:10.6,B:10.10,B:11.2,B:11.9,E:10.7,E:11.10,P_B_count",15,15
group_count_interaction,239,0.23058679038961422,0.2865270882218437,0.9129039142417039,"intercept,P:9.9,P:9.6,P:10.0,B:9.0,B:9.7,B:10.1,B:10.2,B:10.6,B:10.10,B:11.2,B:11.9,E:10.7,E:11.10,P_B_count,P_E_count,B_E_count",17,15
additive_head,239,0.38588896602658834,0.4562625612707182,0.7670497241990812,"intercept,P:9.9,P:9.6,P:10.0,B:9.0,B:9.7,B:10.1,B:10.2,B:10.6,B:10.10,B:11.2,B:11.9,E:10.7,E:11.10",14,16
pb_occupancy_interaction,239,0.3867876294502525,0.4561080808916288,0.7672074410835968,"intercept,P:9.9,P:9.6,P:10.0,B:9.0,B:9.7,B:10.1,B:10.2,B:10.6,B:10.10,B:11.2,B:11.9,E:10.7,E:11.10,P_B_occ",15,16
pb_count_interaction,239,0.3721716758913156,0.4350568747725846,0.7882001577495732,"intercept,P:9.9,P:9.6,P:10.0,B:9.0,B:9.7,B:10.1,B:10.2,B:10.6,B:10.10,B:11.2,B:11.9,E:10.7,E:11.10,P_B_count",15,16
group_count_interaction,239,0.22425707074178047,0.2786462024297459,0.9131159977969731,"intercept,P:9.9,P:9.6,P:10.0,B:9.0,B:9.7,B:10.1,B:10.2,B:10.6,B:10.10,B:11.2,B:11.9,E:10.7,E:11.10,P_B_count,P_E_count,B_E_count",17,16
additive_head,239,0.38222781121043686,0.45015679307616857,0.7636882078901989,"intercept,P:9.9,P:9.6,P:10.0,B:9.0,B:9.7,B:10.1,B:10.2,B:10.6,B:10.10,B:11.2,B:11.9,E:10.7,E:11.10",14,17
pb_occupancy_interaction,239,0.38316583852015484,0.45030396524389665,0.7635336652757005,"intercept,P:9.9,P:9.6,P:10.0,B:9.0,B:9.7,B:10.1,B:10.2,B:10.6,B:10.10,B:11.2,B:11.9,E:10.7,E:11.10,P_B_occ",15,17
pb_count_interaction,239,0.37057360861482197,0.4313438820519827,0.7830273154130806,"intercept,P:9.9,P:9.6,P:10.0,B:9.0,B:9.7,B:10.1,B:10.2,B:10.6,B:10.10,B:11.2,B:11.9,E:10.7,E:11.10,P_B_count",15,17
group_count_interaction,239,0.22351005523107534,0.27764495122372446,0.9101046270827656,"intercept,P:9.9,P:9.6,P:10.0,B:9.0,B:9.7,B:10.1,B:10.2,B:10.6,B:10.10,B:11.2,B:11.9,E:10.7,E:11.10,P_B_count,P_E_count,B_E_count",17,17
additive_head,239,0.37084006467525066,0.4387534057260522,0.7786198730190056,"intercept,P:9.9,P:9.6,P:10.0,B:9.0,B:9.7,B:10.1,B:10.2,B:10.6,B:10.10,B:11.2,B:11.9,E:10.7,E:11.10",14,18
pb_occupancy_interaction,239,0.37169087787927196,0.4385810880196083,0.7787937302431104,"intercept,P:9.9,P:9.6,P:10.0,B:9.0,B:9.7,B:10.1,B:10.2,B:10.6,B:10.10,B:11.2,B:11.9,E:10.7,E:11.10,P_B_occ",15,18
pb_count_interaction,239,0.3577099259420791,0.4182487393290562,0.798828287826799,"intercept,P:9.9,P:9.6,P:10.0,B:9.0,B:9.7,B:10.1,B:10.2,B:10.6,B:10.10,B:11.2,B:11.9,E:10.7,E:11.10,P_B_count",15,18
group_count_interaction,239,0.2146090875778384,0.2671866507336307,0.9179030272929595,"intercept,P:9.9,P:9.6,P:10.0,B:9.0,B:9.7,B:10.1,B:10.2,B:10.6,B:10.10,B:11.2,B:11.9,E:10.7,E:11.10,P_B_count,P_E_count,B_E_count",17,18
additive_head,239,0.39398003596248504,0.464124789440044,0.7598465088317997,"intercept,P:9.9,P:9.6,P:10.0,B:9.0,B:9.7,B:10.1,B:10.2,B:10.6,B:10.10,B:11.2,B:11.9,E:10.7,E:11.10",14,19
pb_occupancy_interaction,239,0.3948840908509541,0.4641180938958211,0.7598534377731476,"intercept,P:9.9,P:9.6,P:10.0,B:9.0,B:9.7,B:10.1,B:10.2,B:10.6,B:10.10,B:11.2,B:11.9,E:10.7,E:11.10,P_B_occ",15,19
pb_count_interaction,239,0.38169608313031045,0.4446960114958807,0.7795318577626787,"intercept,P:9.9,P:9.6,P:10.0,B:9.0,B:9.7,B:10.1,B:10.2,B:10.6,B:10.10,B:11.2,B:11.9,E:10.7,E:11.10,P_B_count",15,19
group_count_interaction,239,0.22944606896573003,0.2847286843284403,0.9096180271747424,"intercept,P:9.9,P:9.6,P:10.0,B:9.0,B:9.7,B:10.1,B:10.2,B:10.6,B:10.10,B:11.2,B:11.9,E:10.7,E:11.10,P_B_count,P_E_count,B_E_count",17,19
additive_head,239,0.39075606473360736,0.4616197852047666,0.757602760128369,"intercept,P:9.9,P:9.6,P:10.0,B:9.0,B:9.7,B:10.1,B:10.2,B:10.6,B:10.10,B:11.2,B:11.9,E:10.7,E:11.10",14,20
pb_occupancy_interaction,239,0.391759574339794,0.46185349384662466,0.7573572564823492,"intercept,P:9.9,P:9.6,P:10.0,B:9.0,B:9.7,B:10.1,B:10.2,B:10.6,B:10.10,B:11.2,B:11.9,E:10.7,E:11.10,P_B_occ",15,20
pb_count_interaction,239,0.37703242621707184,0.4409790438371972,0.7787950994467802,"intercept,P:9.9,P:9.6,P:10.0,B:9.0,B:9.7,B:10.1,B:10.2,B:10.6,B:10.10,B:11.2,B:11.9,E:10.7,E:11.10,P_B_count",15,20
group_count_interaction,239,0.22822908066673303,0.2836822066783085,0.9084574440450769,"intercept,P:9.9,P:9.6,P:10.0,B:9.0,B:9.7,B:10.1,B:10.2,B:10.6,B:10.10,B:11.2,B:11.9,E:10.7,E:11.10,P_B_count,P_E_count,B_E_count",17,20
additive_head,239,0.36722603621836325,0.43452751287978963,0.7708836977867212,"intercept,P:9.9,P:9.6,P:10.0,B:9.0,B:9.7,B:10.1,B:10.2,B:10.6,B:10.10,B:11.2,B:11.9,E:10.7,E:11.10",14,21
pb_occupancy_interaction,239,0.3681277055977125,0.4345491892604878,0.7708608383086982,"intercept,P:9.9,P:9.6,P:10.0,B:9.0,B:9.7,B:10.1,B:10.2,B:10.6,B:10.10,B:11.2,B:11.9,E:10.7,E:11.10,P_B_occ",15,21
pb_count_interaction,239,0.35352238920017703,0.4137355424132115,0.792285366343053,"intercept,P:9.9,P:9.6,P:10.0,B:9.0,B:9.7,B:10.1,B:10.2,B:10.6,B:10.10,B:11.2,B:11.9,E:10.7,E:11.10,P_B_count",15,21
group_count_interaction,239,0.2148523490274546,0.26797059083691666,0.9128643852522714,"intercept,P:9.9,P:9.6,P:10.0,B:9.0,B:9.7,B:10.1,B:10.2,B:10.6,B:10.10,B:11.2,B:11.9,E:10.7,E:11.10,P_B_count,P_E_count,B_E_count",17,21
additive_head,239,0.40116771700485715,0.47594968004533456,0.759266948084751,"intercept,P:9.9,P:9.6,P:10.0,B:9.0,B:9.7,B:10.1,B:10.2,B:10.6,B:10.10,B:11.2,B:11.9,E:10.7,E:11.10",14,22
pb_occupancy_interaction,239,0.402158802974779,0.47602164820662535,0.7591941402830167,"intercept,P:9.9,P:9.6,P:10.0,B:9.0,B:9.7,B:10.1,B:10.2,B:10.6,B:10.10,B:11.2,B:11.9,E:10.7,E:11.10,P_B_occ",15,22
pb_count_interaction,239,0.385491761121994,0.4525227986454523,0.7823821215718427,"intercept,P:9.9,P:9.6,P:10.0,B:9.0,B:9.7,B:10.1,B:10.2,B:10.6,B:10.10,B:11.2,B:11.9,E:10.7,E:11.10,P_B_count",15,22
group_count_interaction,239,0.23612036995426106,0.29377489979824306,0.9082844411079559,"intercept,P:9.9,P:9.6,P:10.0,B:9.0,B:9.7,B:10.1,B:10.2,B:10.6,B:10.10,B:11.2,B:11.9,E:10.7,E:11.10,P_B_count,P_E_count,B_E_count",17,22
additive_head,239,0.3800326396489573,0.4487684683230683,0.7618242412436511,"intercept,P:9.9,P:9.6,P:10.0,B:9.0,B:9.7,B:10.1,B:10.2,B:10.6,B:10.10,B:11.2,B:11.9,E:10.7,E:11.10",14,23
pb_occupancy_interaction,239,0.38094927519699895,0.4487675779034822,0.761825186390938,"intercept,P:9.9,P:9.6,P:10.0,B:9.0,B:9.7,B:10.1,B:10.2,B:10.6,B:10.10,B:11.2,B:11.9,E:10.7,E:11.10,P_B_occ",15,23
pb_count_interaction,239,0.3671381261316645,0.42800796556651194,0.7833510485367304,"intercept,P:9.9,P:9.6,P:10.0,B:9.0,B:9.7,B:10.1,B:10.2,B:10.6,B:10.10,B:11.2,B:11.9,E:10.7,E:11.10,P_B_count",15,23
group_count_interaction,239,0.22086853937356118,0.2744200922173835,0.910939587963603,"intercept,P:9.9,P:9.6,P:10.0,B:9.0,B:9.7,B:10.1,B:10.2,B:10.6,B:10.10,B:11.2,B:11.9,E:10.7,E:11.10,P_B_count,P_E_count,B_E_count",17,23
additive_head,239,0.36524458324663506,0.43471785864086354,0.7716878711783255,"intercept,P:9.9,P:9.6,P:10.0,B:9.0,B:9.7,B:10.1,B:10.2,B:10.6,B:10.10,B:11.2,B:11.9,E:10.7,E:11.10",14,24
pb_occupancy_interaction,239,0.3658598532045798,0.4345231127854531,0.7718923848906754,"intercept,P:9.9,P:9.6,P:10.0,B:9.0,B:9.7,B:10.1,B:10.2,B:10.6,B:10.10,B:11.2,B:11.9,E:10.7,E:11.10,P_B_occ",15,24
pb_count_interaction,239,0.35210515761928274,0.41507254614502787,0.7918568906109993,"intercept,P:9.9,P:9.6,P:10.0,B:9.0,B:9.7,B:10.1,B:10.2,B:10.6,B:10.10,B:11.2,B:11.9,E:10.7,E:11.10,P_B_count",15,24
group_count_interaction,239,0.2078870667404359,0.2604847004430567,0.9180255596952193,"intercept,P:9.9,P:9.6,P:10.0,B:9.0,B:9.7,B:10.1,B:10.2,B:10.6,B:10.10,B:11.2,B:11.9,E:10.7,E:11.10,P_B_count,P_E_count,B_E_count",17,24
additive_head,239,0.40175180162457613,0.47206817856035627,0.7486421682291267,"intercept,P:9.9,P:9.6,P:10.0,B:9.0,B:9.7,B:10.1,B:10.2,B:10.6,B:10.10,B:11.2,B:11.9,E:10.7,E:11.10",14,25
pb_occupancy_interaction,239,0.4027776618721622,0.4722890678885333,0.7484068833484472,"intercept,P:9.9,P:9.6,P:10.0,B:9.0,B:9.7,B:10.1,B:10.2,B:10.6,B:10.10,B:11.2,B:11.9,E:10.7,E:11.10,P_B_occ",15,25
pb_count_interaction,239,0.38905762696320323,0.451857952058371,0.7697037701402244,"intercept,P:9.9,P:9.6,P:10.0,B:9.0,B:9.7,B:10.1,B:10.2,B:10.6,B:10.10,B:11.2,B:11.9,E:10.7,E:11.10,P_B_count",15,25
group_count_interaction,239,0.23685365910726897,0.2938466016633767,0.9026077691358322,"intercept,P:9.9,P:9.6,P:10.0,B:9.0,B:9.7,B:10.1,B:10.2,B:10.6,B:10.10,B:11.2,B:11.9,E:10.7,E:11.10,P_B_count,P_E_count,B_E_count",17,25
additive_head,239,0.37951442248887834,0.4503518602626273,0.7618095107264591,"intercept,P:9.9,P:9.6,P:10.0,B:9.0,B:9.7,B:10.1,B:10.2,B:10.6,B:10.10,B:11.2,B:11.9,E:10.7,E:11.10",14,26
pb_occupancy_interaction,239,0.3802068385378149,0.45025330191052704,0.76191375407654,"intercept,P:9.9,P:9.6,P:10.0,B:9.0,B:9.7,B:10.1,B:10.2,B:10.6,B:10.10,B:11.2,B:11.9,E:10.7,E:11.10,P_B_occ",15,26
pb_count_interaction,239,0.36469716428018845,0.42778768943882045,0.785079887270682,"intercept,P:9.9,P:9.6,P:10.0,B:9.0,B:9.7,B:10.1,B:10.2,B:10.6,B:10.10,B:11.2,B:11.9,E:10.7,E:11.10,P_B_count",15,26
group_count_interaction,239,0.22237721711958644,0.27748916043442645,0.9095699980204994,"intercept,P:9.9,P:9.6,P:10.0,B:9.0,B:9.7,B:10.1,B:10.2,B:10.6,B:10.10,B:11.2,B:11.9,E:10.7,E:11.10,P_B_count,P_E_count,B_E_count",17,26
additive_head,239,0.38510978315647415,0.45435905799032306,0.7585130371728062,"intercept,P:9.9,P:9.6,P:10.0,B:9.0,B:9.7,B:10.1,B:10.2,B:10.6,B:10.10,B:11.2,B:11.9,E:10.7,E:11.10",14,27
pb_occupancy_interaction,239,0.38606372400327515,0.4544322566016917,0.7584352223525612,"intercept,P:9.9,P:9.6,P:10.0,B:9.0,B:9.7,B:10.1,B:10.2,B:10.6,B:10.10,B:11.2,B:11.9,E:10.7,E:11.10,P_B_occ",15,27
pb_count_interaction,239,0.37241759698984056,0.43413783365315406,0.779529453769281,"intercept,P:9.9,P:9.6,P:10.0,B:9.0,B:9.7,B:10.1,B:10.2,B:10.6,B:10.10,B:11.2,B:11.9,E:10.7,E:11.10,P_B_count",15,27
group_count_interaction,239,0.22478589035389462,0.27913056294518024,0.9088597760443365,"intercept,P:9.9,P:9.6,P:10.0,B:9.0,B:9.7,B:10.1,B:10.2,B:10.6,B:10.10,B:11.2,B:11.9,E:10.7,E:11.10,P_B_count,P_E_count,B_E_count",17,27
additive_head,239,0.3924006494994482,0.4649497629696952,0.7609859147928523,"intercept,P:9.9,P:9.6,P:10.0,B:9.0,B:9.7,B:10.1,B:10.2,B:10.6,B:10.10,B:11.2,B:11.9,E:10.7,E:11.10",14,28
pb_occupancy_interaction,239,0.39345268863770555,0.4652178849653587,0.7607101714050202,"intercept,P:9.9,P:9.6,P:10.0,B:9.0,B:9.7,B:10.1,B:10.2,B:10.6,B:10.10,B:11.2,B:11.9,E:10.7,E:11.10,P_B_occ",15,28
pb_count_interaction,239,0.37819984143333285,0.44221273967923347,0.7837909176343276,"intercept,P:9.9,P:9.6,P:10.0,B:9.0,B:9.7,B:10.1,B:10.2,B:10.6,B:10.10,B:11.2,B:11.9,E:10.7,E:11.10,P_B_count",15,28
group_count_interaction,239,0.230672351923364,0.28593304710224393,0.909605888897174,"intercept,P:9.9,P:9.6,P:10.0,B:9.0,B:9.7,B:10.1,B:10.2,B:10.6,B:10.10,B:11.2,B:11.9,E:10.7,E:11.10,P_B_count,P_E_count,B_E_count",17,28
additive_head,239,0.3724932693866779,0.43930772455347006,0.7606442307358556,"intercept,P:9.9,P:9.6,P:10.0,B:9.0,B:9.7,B:10.1,B:10.2,B:10.6,B:10.10,B:11.2,B:11.9,E:10.7,E:11.10",14,29
pb_occupancy_interaction,239,0.37323139086576024,0.4391596686714129,0.7608055393397584,"intercept,P:9.9,P:9.6,P:10.0,B:9.0,B:9.7,B:10.1,B:10.2,B:10.6,B:10.10,B:11.2,B:11.9,E:10.7,E:11.10,P_B_occ",15,29
pb_count_interaction,239,0.36042990702673716,0.42046301173693357,0.7807387861927854,"intercept,P:9.9,P:9.6,P:10.0,B:9.0,B:9.7,B:10.1,B:10.2,B:10.6,B:10.10,B:11.2,B:11.9,E:10.7,E:11.10,P_B_count",15,29
group_count_interaction,239,0.2180467445950987,0.27135988626572405,0.9086733520718657,"intercept,P:9.9,P:9.6,P:10.0,B:9.0,B:9.7,B:10.1,B:10.2,B:10.6,B:10.10,B:11.2,B:11.9,E:10.7,E:11.10,P_B_count,P_E_count,B_E_count",17,29
additive_head,239,0.3797097627062339,0.45031088496227784,0.767057127564084,"intercept,P:9.9,P:9.6,P:10.0,B:9.0,B:9.7,B:10.1,B:10.2,B:10.6,B:10.10,B:11.2,B:11.9,E:10.7,E:11.10",14,30
pb_occupancy_interaction,239,0.38061297773697617,0.45014251196297594,0.7672312914979826,"intercept,P:9.9,P:9.6,P:10.0,B:9.0,B:9.7,B:10.1,B:10.2,B:10.6,B:10.10,B:11.2,B:11.9,E:10.7,E:11.10,P_B_occ",15,30
pb_count_interaction,239,0.3652885173895865,0.42828664148222034,0.7892859016719154,"intercept,P:9.9,P:9.6,P:10.0,B:9.0,B:9.7,B:10.1,B:10.2,B:10.6,B:10.10,B:11.2,B:11.9,E:10.7,E:11.10,P_B_count",15,30
group_count_interaction,239,0.22173495129586682,0.27626715124346496,0.9123235341410046,"intercept,P:9.9,P:9.6,P:10.0,B:9.0,B:9.7,B:10.1,B:10.2,B:10.6,B:10.10,B:11.2,B:11.9,E:10.7,E:11.10,P_B_count,P_E_count,B_E_count",17,30
additive_head,239,0.37895225596815024,0.44677580435330994,0.7707290753616612,"intercept,P:9.9,P:9.6,P:10.0,B:9.0,B:9.7,B:10.1,B:10.2,B:10.6,B:10.10,B:11.2,B:11.9,E:10.7,E:11.10",14,31
pb_occupancy_interaction,239,0.37987021029628737,0.44683532443249935,0.7706679837249095,"intercept,P:9.9,P:9.6,P:10.0,B:9.0,B:9.7,B:10.1,B:10.2,B:10.6,B:10.10,B:11.2,B:11.9,E:10.7,E:11.10,P_B_occ",15,31
pb_count_interaction,239,0.3663233670340588,0.4268222903962055,0.7907507665711578,"intercept,P:9.9,P:9.6,P:10.0,B:9.0,B:9.7,B:10.1,B:10.2,B:10.6,B:10.10,B:11.2,B:11.9,E:10.7,E:11.10,P_B_count",15,31
group_count_interaction,239,0.2214857439538905,0.27474055751186155,0.9133007696589638,"intercept,P:9.9,P:9.6,P:10.0,B:9.0,B:9.7,B:10.1,B:10.2,B:10.6,B:10.10,B:11.2,B:11.9,E:10.7,E:11.10,P_B_count,P_E_count,B_E_count",17,31
additive_head,239,0.38106899220708657,0.4506080307811896,0.7604137451764673,"intercept,P:9.9,P:9.6,P:10.0,B:9.0,B:9.7,B:10.1,B:10.2,B:10.6,B:10.10,B:11.2,B:11.9,E:10.7,E:11.10",14,32
pb_occupancy_interaction,239,0.38183553722680813,0.45034778499501255,0.7606904082791405,"intercept,P:9.9,P:9.6,P:10.0,B:9.0,B:9.7,B:10.1,B:10.2,B:10.6,B:10.10,B:11.2,B:11.9,E:10.7,E:11.10,P_B_occ",15,32
pb_count_interaction,239,0.36862964777689455,0.43045495332567707,0.7813651126186845,"intercept,P:9.9,P:9.6,P:10.0,B:9.0,B:9.7,B:10.1,B:10.2,B:10.6,B:10.10,B:11.2,B:11.9,E:10.7,E:11.10,P_B_count",15,32
group_count_interaction,239,0.2203248533174929,0.27488240579117484,0.9108424901861083,"intercept,P:9.9,P:9.6,P:10.0,B:9.0,B:9.7,B:10.1,B:10.2,B:10.6,B:10.10,B:11.2,B:11.9,E:10.7,E:11.10,P_B_count,P_E_count,B_E_count",17,32
additive_head,239,0.3691839765947945,0.4368516488464971,0.7794200428323542,"intercept,P:9.9,P:9.6,P:10.0,B:9.0,B:9.7,B:10.1,B:10.2,B:10.6,B:10.10,B:11.2,B:11.9,E:10.7,E:11.10",14,33
pb_occupancy_interaction,239,0.36989868024201644,0.43681091390068966,0.7794611775914885,"intercept,P:9.9,P:9.6,P:10.0,B:9.0,B:9.7,B:10.1,B:10.2,B:10.6,B:10.10,B:11.2,B:11.9,E:10.7,E:11.10,P_B_occ",15,33
pb_count_interaction,239,0.35576981846140415,0.4173629495766763,0.7986619419251101,"intercept,P:9.9,P:9.6,P:10.0,B:9.0,B:9.7,B:10.1,B:10.2,B:10.6,B:10.10,B:11.2,B:11.9,E:10.7,E:11.10,P_B_count",15,33
group_count_interaction,239,0.2139589575063891,0.2662545715098581,0.918060702547436,"intercept,P:9.9,P:9.6,P:10.0,B:9.0,B:9.7,B:10.1,B:10.2,B:10.6,B:10.10,B:11.2,B:11.9,E:10.7,E:11.10,P_B_count,P_E_count,B_E_count",17,33
additive_head,239,0.38457934784215453,0.4531491407995825,0.7556944022901734,"intercept,P:9.9,P:9.6,P:10.0,B:9.0,B:9.7,B:10.1,B:10.2,B:10.6,B:10.10,B:11.2,B:11.9,E:10.7,E:11.10",14,34
pb_occupancy_interaction,239,0.38548952376989737,0.4531897792475035,0.7556505816377821,"intercept,P:9.9,P:9.6,P:10.0,B:9.0,B:9.7,B:10.1,B:10.2,B:10.6,B:10.10,B:11.2,B:11.9,E:10.7,E:11.10,P_B_occ",15,34
pb_count_interaction,239,0.3720443198719144,0.4330837045096818,0.7768510836441349,"intercept,P:9.9,P:9.6,P:10.0,B:9.0,B:9.7,B:10.1,B:10.2,B:10.6,B:10.10,B:11.2,B:11.9,E:10.7,E:11.10,P_B_count",15,34
group_count_interaction,239,0.22437022453995684,0.278753238897418,0.9075534005540128,"intercept,P:9.9,P:9.6,P:10.0,B:9.0,B:9.7,B:10.1,B:10.2,B:10.6,B:10.10,B:11.2,B:11.9,E:10.7,E:11.10,P_B_count,P_E_count,B_E_count",17,34
additive_head,239,0.4046351531937971,0.47787125641354905,0.7500336063659678,"intercept,P:9.9,P:9.6,P:10.0,B:9.0,B:9.7,B:10.1,B:10.2,B:10.6,B:10.10,B:11.2,B:11.9,E:10.7,E:11.10",14,35
pb_occupancy_interaction,239,0.40564135224860953,0.47783761053277135,0.75006880431223,"intercept,P:9.9,P:9.6,P:10.0,B:9.0,B:9.7,B:10.1,B:10.2,B:10.6,B:10.10,B:11.2,B:11.9,E:10.7,E:11.10,P_B_occ",15,35
pb_count_interaction,239,0.39119404860677975,0.45659704296765213,0.7717945584254581,"intercept,P:9.9,P:9.6,P:10.0,B:9.0,B:9.7,B:10.1,B:10.2,B:10.6,B:10.10,B:11.2,B:11.9,E:10.7,E:11.10,P_B_count",15,35
group_count_interaction,239,0.23553186066458442,0.2928327470117571,0.9061359930212737,"intercept,P:9.9,P:9.6,P:10.0,B:9.0,B:9.7,B:10.1,B:10.2,B:10.6,B:10.10,B:11.2,B:11.9,E:10.7,E:11.10,P_B_count,P_E_count,B_E_count",17,35
additive_head,239,0.3671763602828128,0.43239886092309227,0.7680838193818772,"intercept,P:9.9,P:9.6,P:10.0,B:9.0,B:9.7,B:10.1,B:10.2,B:10.6,B:10.10,B:11.2,B:11.9,E:10.7,E:11.10",14,36
pb_occupancy_interaction,239,0.3680325686189336,0.4323704122140746,0.7681143351833476,"intercept,P:9.9,P:9.6,P:10.0,B:9.0,B:9.7,B:10.1,B:10.2,B:10.6,B:10.10,B:11.2,B:11.9,E:10.7,E:11.10,P_B_occ",15,36
pb_count_interaction,239,0.3556088729963302,0.4137285312217654,0.7876790198047539,"intercept,P:9.9,P:9.6,P:10.0,B:9.0,B:9.7,B:10.1,B:10.2,B:10.6,B:10.10,B:11.2,B:11.9,E:10.7,E:11.10,P_B_count",15,36
group_count_interaction,239,0.2145703770840232,0.26663819841572584,0.9118125671851228,"intercept,P:9.9,P:9.6,P:10.0,B:9.0,B:9.7,B:10.1,B:10.2,B:10.6,B:10.10,B:11.2,B:11.9,E:10.7,E:11.10,P_B_count,P_E_count,B_E_count",17,36
additive_head,239,0.36214845471705276,0.42770494472395915,0.7740575661292073,"intercept,P:9.9,P:9.6,P:10.0,B:9.0,B:9.7,B:10.1,B:10.2,B:10.6,B:10.10,B:11.2,B:11.9,E:10.7,E:11.10",14,37
pb_occupancy_interaction,239,0.36300641785766063,0.42753298481310303,0.774239211119671,"intercept,P:9.9,P:9.6,P:10.0,B:9.0,B:9.7,B:10.1,B:10.2,B:10.6,B:10.10,B:11.2,B:11.9,E:10.7,E:11.10,P_B_occ",15,37
pb_count_interaction,239,0.3489610076458436,0.4077103462458762,0.7946887603576915,"intercept,P:9.9,P:9.6,P:10.0,B:9.0,B:9.7,B:10.1,B:10.2,B:10.6,B:10.10,B:11.2,B:11.9,E:10.7,E:11.10,P_B_count",15,37
group_count_interaction,239,0.21080977059915926,0.2622926274211096,0.9150269068832236,"intercept,P:9.9,P:9.6,P:10.0,B:9.0,B:9.7,B:10.1,B:10.2,B:10.6,B:10.10,B:11.2,B:11.9,E:10.7,E:11.10,P_B_count,P_E_count,B_E_count",17,37
additive_head,239,0.3924258022641344,0.4600154143299148,0.7367039533888755,"intercept,P:9.9,P:9.6,P:10.0,B:9.0,B:9.7,B:10.1,B:10.2,B:10.6,B:10.10,B:11.2,B:11.9,E:10.7,E:11.10",14,38
pb_occupancy_interaction,239,0.39342582659579667,0.4603446915453185,0.7363268859464488,"intercept,P:9.9,P:9.6,P:10.0,B:9.0,B:9.7,B:10.1,B:10.2,B:10.6,B:10.10,B:11.2,B:11.9,E:10.7,E:11.10,P_B_occ",15,38
pb_count_interaction,239,0.3825309252752349,0.44359693770384445,0.7551632261601677,"intercept,P:9.9,P:9.6,P:10.0,B:9.0,B:9.7,B:10.1,B:10.2,B:10.6,B:10.10,B:11.2,B:11.9,E:10.7,E:11.10,P_B_count",15,38
group_count_interaction,239,0.23016692748008308,0.285732460175802,0.8984175389168085,"intercept,P:9.9,P:9.6,P:10.0,B:9.0,B:9.7,B:10.1,B:10.2,B:10.6,B:10.10,B:11.2,B:11.9,E:10.7,E:11.10,P_B_count,P_E_count,B_E_count",17,38
additive_head,239,0.3925247659629557,0.4640798609249859,0.763001520545567,"intercept,P:9.9,P:9.6,P:10.0,B:9.0,B:9.7,B:10.1,B:10.2,B:10.6,B:10.10,B:11.2,B:11.9,E:10.7,E:11.10",14,39
pb_occupancy_interaction,239,0.3933843735003991,0.4641045029434595,0.7629763512742757,"intercept,P:9.9,P:9.6,P:10.0,B:9.0,B:9.7,B:10.1,B:10.2,B:10.6,B:10.10,B:11.2,B:11.9,E:10.7,E:11.10,P_B_occ",15,39
pb_count_interaction,239,0.37819507719235246,0.44211590593417727,0.7849039701237888,"intercept,P:9.9,P:9.6,P:10.0,B:9.0,B:9.7,B:10.1,B:10.2,B:10.6,B:10.10,B:11.2,B:11.9,E:10.7,E:11.10,P_B_count",15,39
group_count_interaction,239,0.22914222747514912,0.28469848170700685,0.910807072798657,"intercept,P:9.9,P:9.6,P:10.0,B:9.0,B:9.7,B:10.1,B:10.2,B:10.6,B:10.10,B:11.2,B:11.9,E:10.7,E:11.10,P_B_count,P_E_count,B_E_count",17,39
additive_head,239,0.3655215982944962,0.43290083729232576,0.7557287293281487,"intercept,P:9.9,P:9.6,P:10.0,B:9.0,B:9.7,B:10.1,B:10.2,B:10.6,B:10.10,B:11.2,B:11.9,E:10.7,E:11.10",14,40
pb_occupancy_interaction,239,0.3663733712533642,0.4327702000886711,0.755876135376279,"intercept,P:9.9,P:9.6,P:10.0,B:9.0,B:9.7,B:10.1,B:10.2,B:10.6,B:10.10,B:11.2,B:11.9,E:10.7,E:11.10,P_B_occ",15,40
pb_count_interaction,239,0.35236594102416285,0.411787097556295,0.7789751982870003,"intercept,P:9.9,P:9.6,P:10.0,B:9.0,B:9.7,B:10.1,B:10.2,B:10.6,B:10.10,B:11.2,B:11.9,E:10.7,E:11.10,P_B_count",15,40
group_count_interaction,239,0.21136149037158988,0.2632175510358085,0.9096922071197355,"intercept,P:9.9,P:9.6,P:10.0,B:9.0,B:9.7,B:10.1,B:10.2,B:10.6,B:10.10,B:11.2,B:11.9,E:10.7,E:11.10,P_B_count,P_E_count,B_E_count",17,40
additive_head,239,0.38824190635648476,0.4565676640600848,0.7606253859770717,"intercept,P:9.9,P:9.6,P:10.0,B:9.0,B:9.7,B:10.1,B:10.2,B:10.6,B:10.10,B:11.2,B:11.9,E:10.7,E:11.10",14,41
pb_occupancy_interaction,239,0.38914813758852423,0.4567550701902385,0.7604288347079317,"intercept,P:9.9,P:9.6,P:10.0,B:9.0,B:9.7,B:10.1,B:10.2,B:10.6,B:10.10,B:11.2,B:11.9,E:10.7,E:11.10,P_B_occ",15,41
pb_count_interaction,239,0.37590110269386334,0.43712701983618013,0.7805765214923436,"intercept,P:9.9,P:9.6,P:10.0,B:9.0,B:9.7,B:10.1,B:10.2,B:10.6,B:10.10,B:11.2,B:11.9,E:10.7,E:11.10,P_B_count",15,41
group_count_interaction,239,0.2280901531768931,0.28262035411115843,0.9082777575572483,"intercept,P:9.9,P:9.6,P:10.0,B:9.0,B:9.7,B:10.1,B:10.2,B:10.6,B:10.10,B:11.2,B:11.9,E:10.7,E:11.10,P_B_count,P_E_count,B_E_count",17,41
additive_head,239,0.3702127431833585,0.43706437174655155,0.7675524318764522,"intercept,P:9.9,P:9.6,P:10.0,B:9.0,B:9.7,B:10.1,B:10.2,B:10.6,B:10.10,B:11.2,B:11.9,E:10.7,E:11.10",14,42
pb_occupancy_interaction,239,0.3710245418214319,0.43690616846127417,0.7677206785504435,"intercept,P:9.9,P:9.6,P:10.0,B:9.0,B:9.7,B:10.1,B:10.2,B:10.6,B:10.10,B:11.2,B:11.9,E:10.7,E:11.10,P_B_occ",15,42
pb_count_interaction,239,0.35741580840039056,0.41730132370255957,0.78809865143071,"intercept,P:9.9,P:9.6,P:10.0,B:9.0,B:9.7,B:10.1,B:10.2,B:10.6,B:10.10,B:11.2,B:11.9,E:10.7,E:11.10,P_B_count",15,42
group_count_interaction,239,0.21610775476875355,0.26901425483735547,0.911938762738922,"intercept,P:9.9,P:9.6,P:10.0,B:9.0,B:9.7,B:10.1,B:10.2,B:10.6,B:10.10,B:11.2,B:11.9,E:10.7,E:11.10,P_B_count,P_E_count,B_E_count",17,42
additive_head,239,0.36051510581366936,0.42682247259000017,0.7643277938646879,"intercept,P:9.9,P:9.6,P:10.0,B:9.0,B:9.7,B:10.1,B:10.2,B:10.6,B:10.10,B:11.2,B:11.9,E:10.7,E:11.10",14,43
pb_occupancy_interaction,239,0.36127400667156806,0.4266887811960106,0.7644754075136612,"intercept,P:9.9,P:9.6,P:10.0,B:9.0,B:9.7,B:10.1,B:10.2,B:10.6,B:10.10,B:11.2,B:11.9,E:10.7,E:11.10,P_B_occ",15,43
pb_count_interaction,239,0.34826935133655407,0.4076459366833633,0.7850289151883112,"intercept,P:9.9,P:9.6,P:10.0,B:9.0,B:9.7,B:10.1,B:10.2,B:10.6,B:10.10,B:11.2,B:11.9,E:10.7,E:11.10,P_B_count",15,43
group_count_interaction,239,0.20901142846591286,0.2607202595877758,0.9120646751480902,"intercept,P:9.9,P:9.6,P:10.0,B:9.0,B:9.7,B:10.1,B:10.2,B:10.6,B:10.10,B:11.2,B:11.9,E:10.7,E:11.10,P_B_count,P_E_count,B_E_count",17,43
additive_head,239,0.3945489577671463,0.4672779259107521,0.7567381392483923,"intercept,P:9.9,P:9.6,P:10.0,B:9.0,B:9.7,B:10.1,B:10.2,B:10.6,B:10.10,B:11.2,B:11.9,E:10.7,E:11.10",14,44
pb_occupancy_interaction,239,0.3954572368111368,0.4672251350489946,0.7567931013047413,"intercept,P:9.9,P:9.6,P:10.0,B:9.0,B:9.7,B:10.1,B:10.2,B:10.6,B:10.10,B:11.2,B:11.9,E:10.7,E:11.10,P_B_occ",15,44
pb_count_interaction,239,0.3809538885873216,0.4456684848154107,0.778717361131984,"intercept,P:9.9,P:9.6,P:10.0,B:9.0,B:9.7,B:10.1,B:10.2,B:10.6,B:10.10,B:11.2,B:11.9,E:10.7,E:11.10,P_B_count",15,44
group_count_interaction,239,0.23051170054866563,0.2870788040584711,0.9081824394639997,"intercept,P:9.9,P:9.6,P:10.0,B:9.0,B:9.7,B:10.1,B:10.2,B:10.6,B:10.10,B:11.2,B:11.9,E:10.7,E:11.10,P_B_count,P_E_count,B_E_count",17,44
additive_head,239,0.390541811447132,0.4598895554106192,0.7549429430819063,"intercept,P:9.9,P:9.6,P:10.0,B:9.0,B:9.7,B:10.1,B:10.2,B:10.6,B:10.10,B:11.2,B:11.9,E:10.7,E:11.10",14,45
pb_occupancy_interaction,239,0.3914765865950732,0.4598285762002165,0.7550079256193309,"intercept,P:9.9,P:9.6,P:10.0,B:9.0,B:9.7,B:10.1,B:10.2,B:10.6,B:10.10,B:11.2,B:11.9,E:10.7,E:11.10,P_B_occ",15,45
pb_count_interaction,239,0.37770419789831766,0.439797402280625,0.7758878302368346,"intercept,P:9.9,P:9.6,P:10.0,B:9.0,B:9.7,B:10.1,B:10.2,B:10.6,B:10.10,B:11.2,B:11.9,E:10.7,E:11.10,P_B_count",15,45
group_count_interaction,239,0.2300678851569871,0.28554338925421063,0.9055277321799865,"intercept,P:9.9,P:9.6,P:10.0,B:9.0,B:9.7,B:10.1,B:10.2,B:10.6,B:10.10,B:11.2,B:11.9,E:10.7,E:11.10,P_B_count,P_E_count,B_E_count",17,45
additive_head,239,0.3664620235559586,0.43089192275818733,0.7632633280407481,"intercept,P:9.9,P:9.6,P:10.0,B:9.0,B:9.7,B:10.1,B:10.2,B:10.6,B:10.10,B:11.2,B:11.9,E:10.7,E:11.10",14,46
pb_occupancy_interaction,239,0.3673464457145013,0.4310020707244389,0.763142279608602,"intercept,P:9.9,P:9.6,P:10.0,B:9.0,B:9.7,B:10.1,B:10.2,B:10.6,B:10.10,B:11.2,B:11.9,E:10.7,E:11.10,P_B_occ",15,46
pb_count_interaction,239,0.354794973561737,0.4124721741425876,0.7830707356644757,"intercept,P:9.9,P:9.6,P:10.0,B:9.0,B:9.7,B:10.1,B:10.2,B:10.6,B:10.10,B:11.2,B:11.9,E:10.7,E:11.10,P_B_count",15,46
group_count_interaction,239,0.2143163345840463,0.26621391895130525,0.9096370606701396,"intercept,P:9.9,P:9.6,P:10.0,B:9.0,B:9.7,B:10.1,B:10.2,B:10.6,B:10.10,B:11.2,B:11.9,E:10.7,E:11.10,P_B_count,P_E_count,B_E_count",17,46
additive_head,239,0.4012526882792677,0.47023177157708956,0.7524362242445409,"intercept,P:9.9,P:9.6,P:10.0,B:9.0,B:9.7,B:10.1,B:10.2,B:10.6,B:10.10,B:11.2,B:11.9,E:10.7,E:11.10",14,47
pb_occupancy_interaction,239,0.40234751310091477,0.4705270854677788,0.752125177721896,"intercept,P:9.9,P:9.6,P:10.0,B:9.0,B:9.7,B:10.1,B:10.2,B:10.6,B:10.10,B:11.2,B:11.9,E:10.7,E:11.10,P_B_occ",15,47
pb_count_interaction,239,0.38929942862299477,0.45091921268075025,0.7723536772448195,"intercept,P:9.9,P:9.6,P:10.0,B:9.0,B:9.7,B:10.1,B:10.2,B:10.6,B:10.10,B:11.2,B:11.9,E:10.7,E:11.10,P_B_count",15,47
group_count_interaction,239,0.2375524032279501,0.2937047938397199,0.9034204384280176,"intercept,P:9.9,P:9.6,P:10.0,B:9.0,B:9.7,B:10.1,B:10.2,B:10.6,B:10.10,B:11.2,B:11.9,E:10.7,E:11.10,P_B_count,P_E_count,B_E_count",17,47
additive_head,239,0.4071217251236381,0.47918383109934887,0.7604653173586502,"intercept,P:9.9,P:9.6,P:10.0,B:9.0,B:9.7,B:10.1,B:10.2,B:10.6,B:10.10,B:11.2,B:11.9,E:10.7,E:11.10",14,48
pb_occupancy_interaction,239,0.4080685162653171,0.47932205576010917,0.7603271057852519,"intercept,P:9.9,P:9.6,P:10.0,B:9.0,B:9.7,B:10.1,B:10.2,B:10.6,B:10.10,B:11.2,B:11.9,E:10.7,E:11.10,P_B_occ",15,48
pb_count_interaction,239,0.3934209560214129,0.45818182262128876,0.7810021734353348,"intercept,P:9.9,P:9.6,P:10.0,B:9.0,B:9.7,B:10.1,B:10.2,B:10.6,B:10.10,B:11.2,B:11.9,E:10.7,E:11.10,P_B_count",15,48
group_count_interaction,239,0.23921026948495583,0.29639265972650963,0.9083570666824945,"intercept,P:9.9,P:9.6,P:10.0,B:9.0,B:9.7,B:10.1,B:10.2,B:10.6,B:10.10,B:11.2,B:11.9,E:10.7,E:11.10,P_B_count,P_E_count,B_E_count",17,48
additive_head,239,0.39303024087202376,0.46447485297358476,0.7644997772092446,"intercept,P:9.9,P:9.6,P:10.0,B:9.0,B:9.7,B:10.1,B:10.2,B:10.6,B:10.10,B:11.2,B:11.9,E:10.7,E:11.10",14,49
pb_occupancy_interaction,239,0.3940083204218685,0.46441427151146925,0.7645612057981757,"intercept,P:9.9,P:9.6,P:10.0,B:9.0,B:9.7,B:10.1,B:10.2,B:10.6,B:10.10,B:11.2,B:11.9,E:10.7,E:11.10,P_B_occ",15,49
pb_count_interaction,239,0.37917627366834983,0.44208426420105273,0.7866576749682046,"intercept,P:9.9,P:9.6,P:10.0,B:9.0,B:9.7,B:10.1,B:10.2,B:10.6,B:10.10,B:11.2,B:11.9,E:10.7,E:11.10,P_B_count",15,49
group_count_interaction,239,0.22906533121653416,0.2854838382639685,0.9110327913671104,"intercept,P:9.9,P:9.6,P:10.0,B:9.0,B:9.7,B:10.1,B:10.2,B:10.6,B:10.10,B:11.2,B:11.9,E:10.7,E:11.10,P_B_count,P_E_count,B_E_count",17,49
additive_head,239,0.3762880132483857,0.44662870051682013,0.7716203336996124,"intercept,P:9.9,P:9.6,P:10.0,B:9.0,B:9.7,B:10.1,B:10.2,B:10.6,B:10.10,B:11.2,B:11.9,E:10.7,E:11.10",14,50
pb_occupancy_interaction,239,0.37700239774033756,0.44650433774665305,0.7717474996147952,"intercept,P:9.9,P:9.6,P:10.0,B:9.0,B:9.7,B:10.1,B:10.2,B:10.6,B:10.10,B:11.2,B:11.9,E:10.7,E:11.10,P_B_occ",15,50
pb_count_interaction,239,0.3620262604083418,0.4244636280653669,0.7937256901967933,"intercept,P:9.9,P:9.6,P:10.0,B:9.0,B:9.7,B:10.1,B:10.2,B:10.6,B:10.10,B:11.2,B:11.9,E:10.7,E:11.10,P_B_count",15,50
group_count_interaction,239,0.2197063706570184,0.27385901212286223,0.9141345889322301,"intercept,P:9.9,P:9.6,P:10.0,B:9.0,B:9.7,B:10.1,B:10.2,B:10.6,B:10.10,B:11.2,B:11.9,E:10.7,E:11.10,P_B_count,P_E_count,B_E_count",17,50
additive_head,239,0.3790227320895948,0.44785856327325313,0.7670989540824802,"intercept,P:9.9,P:9.6,P:10.0,B:9.0,B:9.7,B:10.1,B:10.2,B:10.6,B:10.10,B:11.2,B:11.9,E:10.7,E:11.10",14,51
pb_occupancy_interaction,239,0.3797551154131031,0.4477546274438863,0.7672070415747644,"intercept,P:9.9,P:9.6,P:10.0,B:9.0,B:9.7,B:10.1,B:10.2,B:10.6,B:10.10,B:11.2,B:11.9,E:10.7,E:11.10,P_B_occ",15,51
pb_count_interaction,239,0.3646671571096371,0.4262297822441089,0.7890511033607263,"intercept,P:9.9,P:9.6,P:10.0,B:9.0,B:9.7,B:10.1,B:10.2,B:10.6,B:10.10,B:11.2,B:11.9,E:10.7,E:11.10,P_B_count",15,51
group_count_interaction,239,0.21984279076300536,0.27345484306265966,0.9131717770733634,"intercept,P:9.9,P:9.6,P:10.0,B:9.0,B:9.7,B:10.1,B:10.2,B:10.6,B:10.10,B:11.2,B:11.9,E:10.7,E:11.10,P_B_count,P_E_count,B_E_count",17,51
additive_head,239,0.3978472289620905,0.46833124367847256,0.7672521836242535,"intercept,P:9.9,P:9.6,P:10.0,B:9.0,B:9.7,B:10.1,B:10.2,B:10.6,B:10.10,B:11.2,B:11.9,E:10.7,E:11.10",14,52
pb_occupancy_interaction,239,0.3989084740964178,0.4685687947761018,0.7670160109485642,"intercept,P:9.9,P:9.6,P:10.0,B:9.0,B:9.7,B:10.1,B:10.2,B:10.6,B:10.10,B:11.2,B:11.9,E:10.7,E:11.10,P_B_occ",15,52
pb_count_interaction,239,0.3840516156560446,0.44725268255431133,0.7877316422971824,"intercept,P:9.9,P:9.6,P:10.0,B:9.0,B:9.7,B:10.1,B:10.2,B:10.6,B:10.10,B:11.2,B:11.9,E:10.7,E:11.10,P_B_count",15,52
group_count_interaction,239,0.23550090334253448,0.29175925142694914,0.9096707043648897,"intercept,P:9.9,P:9.6,P:10.0,B:9.0,B:9.7,B:10.1,B:10.2,B:10.6,B:10.10,B:11.2,B:11.9,E:10.7,E:11.10,P_B_count,P_E_count,B_E_count",17,52
additive_head,239,0.383234891219623,0.45189008097126604,0.7455144607546098,"intercept,P:9.9,P:9.6,P:10.0,B:9.0,B:9.7,B:10.1,B:10.2,B:10.6,B:10.10,B:11.2,B:11.9,E:10.7,E:11.10",14,53
pb_occupancy_interaction,239,0.38423215478040623,0.45192811081348666,0.7454716253282463,"intercept,P:9.9,P:9.6,P:10.0,B:9.0,B:9.7,B:10.1,B:10.2,B:10.6,B:10.10,B:11.2,B:11.9,E:10.7,E:11.10,P_B_occ",15,53
pb_count_interaction,239,0.37113037373386776,0.43204612051789276,0.7673742900193721,"intercept,P:9.9,P:9.6,P:10.0,B:9.0,B:9.7,B:10.1,B:10.2,B:10.6,B:10.10,B:11.2,B:11.9,E:10.7,E:11.10,P_B_count",15,53
group_count_interaction,239,0.22268857771853418,0.27682228772556233,0.9045008296061925,"intercept,P:9.9,P:9.6,P:10.0,B:9.0,B:9.7,B:10.1,B:10.2,B:10.6,B:10.10,B:11.2,B:11.9,E:10.7,E:11.10,P_B_count,P_E_count,B_E_count",17,53
additive_head,239,0.38527960546854456,0.45298477533836745,0.7468503433979963,"intercept,P:9.9,P:9.6,P:10.0,B:9.0,B:9.7,B:10.1,B:10.2,B:10.6,B:10.10,B:11.2,B:11.9,E:10.7,E:11.10",14,54
pb_occupancy_interaction,239,0.3861623586317023,0.45293890222414,0.7469016130023727,"intercept,P:9.9,P:9.6,P:10.0,B:9.0,B:9.7,B:10.1,B:10.2,B:10.6,B:10.10,B:11.2,B:11.9,E:10.7,E:11.10,P_B_occ",15,54
pb_count_interaction,239,0.3730401561738588,0.43417112960929305,0.7674416089954581,"intercept,P:9.9,P:9.6,P:10.0,B:9.0,B:9.7,B:10.1,B:10.2,B:10.6,B:10.10,B:11.2,B:11.9,E:10.7,E:11.10,P_B_count",15,54
group_count_interaction,239,0.22388424361685122,0.2785141985812822,0.904301570282358,"intercept,P:9.9,P:9.6,P:10.0,B:9.0,B:9.7,B:10.1,B:10.2,B:10.6,B:10.10,B:11.2,B:11.9,E:10.7,E:11.10,P_B_count,P_E_count,B_E_count",17,54
additive_head,239,0.37958856090181303,0.4485513050077746,0.7590224296215514,"intercept,P:9.9,P:9.6,P:10.0,B:9.0,B:9.7,B:10.1,B:10.2,B:10.6,B:10.10,B:11.2,B:11.9,E:10.7,E:11.10",14,55
pb_occupancy_interaction,239,0.3804276677643977,0.44840021722467027,0.7591847416451984,"intercept,P:9.9,P:9.6,P:10.0,B:9.0,B:9.7,B:10.1,B:10.2,B:10.6,B:10.10,B:11.2,B:11.9,E:10.7,E:11.10,P_B_occ",15,55
pb_count_interaction,239,0.36718405775297946,0.4287421020363717,0.7798368460824998,"intercept,P:9.9,P:9.6,P:10.0,B:9.0,B:9.7,B:10.1,B:10.2,B:10.6,B:10.10,B:11.2,B:11.9,E:10.7,E:11.10,P_B_count",15,55
group_count_interaction,239,0.22107073666015456,0.2749984997113947,0.9094240242541205,"intercept,P:9.9,P:9.6,P:10.0,B:9.0,B:9.7,B:10.1,B:10.2,B:10.6,B:10.10,B:11.2,B:11.9,E:10.7,E:11.10,P_B_count,P_E_count,B_E_count",17,55
additive_head,239,0.38390461799257697,0.4524816217115424,0.7570632847161062,"intercept,P:9.9,P:9.6,P:10.0,B:9.0,B:9.7,B:10.1,B:10.2,B:10.6,B:10.10,B:11.2,B:11.9,E:10.7,E:11.10",14,56
pb_occupancy_interaction,239,0.3848198403263447,0.4525114385339377,0.7570312664452715,"intercept,P:9.9,P:9.6,P:10.0,B:9.0,B:9.7,B:10.1,B:10.2,B:10.6,B:10.10,B:11.2,B:11.9,E:10.7,E:11.10,P_B_occ",15,56
pb_count_interaction,239,0.37229221301258203,0.43366544842138394,0.7768479349329348,"intercept,P:9.9,P:9.6,P:10.0,B:9.0,B:9.7,B:10.1,B:10.2,B:10.6,B:10.10,B:11.2,B:11.9,E:10.7,E:11.10,P_B_count",15,56
group_count_interaction,239,0.22490934464939047,0.279382727766791,0.9073830717280102,"intercept,P:9.9,P:9.6,P:10.0,B:9.0,B:9.7,B:10.1,B:10.2,B:10.6,B:10.10,B:11.2,B:11.9,E:10.7,E:11.10,P_B_count,P_E_count,B_E_count",17,56
additive_head,239,0.3952971580466326,0.4662367023649148,0.7578233481159216,"intercept,P:9.9,P:9.6,P:10.0,B:9.0,B:9.7,B:10.1,B:10.2,B:10.6,B:10.10,B:11.2,B:11.9,E:10.7,E:11.10",14,57
pb_occupancy_interaction,239,0.3963338332761499,0.4663103773756542,0.7577468042613995,"intercept,P:9.9,P:9.6,P:10.0,B:9.0,B:9.7,B:10.1,B:10.2,B:10.6,B:10.10,B:11.2,B:11.9,E:10.7,E:11.10,P_B_occ",15,57
pb_count_interaction,239,0.38189574226984185,0.44473441633176775,0.7796460538788873,"intercept,P:9.9,P:9.6,P:10.0,B:9.0,B:9.7,B:10.1,B:10.2,B:10.6,B:10.10,B:11.2,B:11.9,E:10.7,E:11.10,P_B_count",15,57
group_count_interaction,239,0.2300518123476398,0.28548827926720977,0.9091978943049623,"intercept,P:9.9,P:9.6,P:10.0,B:9.0,B:9.7,B:10.1,B:10.2,B:10.6,B:10.10,B:11.2,B:11.9,E:10.7,E:11.10,P_B_count,P_E_count,B_E_count",17,57
additive_head,239,0.3879779931423007,0.4575829270754901,0.7668322638968419,"intercept,P:9.9,P:9.6,P:10.0,B:9.0,B:9.7,B:10.1,B:10.2,B:10.6,B:10.10,B:11.2,B:11.9,E:10.7,E:11.10",14,58
pb_occupancy_interaction,239,0.38877629550332415,0.4574537372479608,0.7669639062528688,"intercept,P:9.9,P:9.6,P:10.0,B:9.0,B:9.7,B:10.1,B:10.2,B:10.6,B:10.10,B:11.2,B:11.9,E:10.7,E:11.10,P_B_occ",15,58
pb_count_interaction,239,0.3747617855004767,0.43685963169591935,0.7874737092655977,"intercept,P:9.9,P:9.6,P:10.0,B:9.0,B:9.7,B:10.1,B:10.2,B:10.6,B:10.10,B:11.2,B:11.9,E:10.7,E:11.10,P_B_count",15,58
group_count_interaction,239,0.22652101150833995,0.2814757727405109,0.9117710985028578,"intercept,P:9.9,P:9.6,P:10.0,B:9.0,B:9.7,B:10.1,B:10.2,B:10.6,B:10.10,B:11.2,B:11.9,E:10.7,E:11.10,P_B_count,P_E_count,B_E_count",17,58
additive_head,239,0.3780194275469921,0.44877199438206866,0.7651098042531053,"intercept,P:9.9,P:9.6,P:10.0,B:9.0,B:9.7,B:10.1,B:10.2,B:10.6,B:10.10,B:11.2,B:11.9,E:10.7,E:11.10",14,59
pb_occupancy_interaction,239,0.37859883862672267,0.4484904836319674,0.7654044009591559,"intercept,P:9.9,P:9.6,P:10.0,B:9.0,B:9.7,B:10.1,B:10.2,B:10.6,B:10.10,B:11.2,B:11.9,E:10.7,E:11.10,P_B_occ",15,59
pb_count_interaction,239,0.36314099489464896,0.42675233321747447,0.787594770801483,"intercept,P:9.9,P:9.6,P:10.0,B:9.0,B:9.7,B:10.1,B:10.2,B:10.6,B:10.10,B:11.2,B:11.9,E:10.7,E:11.10,P_B_count",15,59
group_count_interaction,239,0.2176077114136436,0.27140230221519246,0.9140906465511267,"intercept,P:9.9,P:9.6,P:10.0,B:9.0,B:9.7,B:10.1,B:10.2,B:10.6,B:10.10,B:11.2,B:11.9,E:10.7,E:11.10,P_B_count,P_E_count,B_E_count",17,59
additive_head,239,0.38389087107991926,0.4528451490747132,0.759760237627802,"intercept,P:9.9,P:9.6,P:10.0,B:9.0,B:9.7,B:10.1,B:10.2,B:10.6,B:10.10,B:11.2,B:11.9,E:10.7,E:11.10",14,60
pb_occupancy_interaction,239,0.3848009366734765,0.4529420157884598,0.7596574487372546,"intercept,P:9.9,P:9.6,P:10.0,B:9.0,B:9.7,B:10.1,B:10.2,B:10.6,B:10.10,B:11.2,B:11.9,E:10.7,E:11.10,P_B_occ",15,60
pb_count_interaction,239,0.3715136383991975,0.43278220808360063,0.7805759399770508,"intercept,P:9.9,P:9.6,P:10.0,B:9.0,B:9.7,B:10.1,B:10.2,B:10.6,B:10.10,B:11.2,B:11.9,E:10.7,E:11.10,P_B_count",15,60
group_count_interaction,239,0.2234367292564159,0.27803733244658135,0.9094368174256776,"intercept,P:9.9,P:9.6,P:10.0,B:9.0,B:9.7,B:10.1,B:10.2,B:10.6,B:10.10,B:11.2,B:11.9,E:10.7,E:11.10,P_B_count,P_E_count,B_E_count",17,60
additive_head,239,0.3817120334422242,0.44991098279708097,0.7612446611244155,"intercept,P:9.9,P:9.6,P:10.0,B:9.0,B:9.7,B:10.1,B:10.2,B:10.6,B:10.10,B:11.2,B:11.9,E:10.7,E:11.10",14,61
pb_occupancy_interaction,239,0.38260655850676295,0.44996331694791214,0.7611891133155652,"intercept,P:9.9,P:9.6,P:10.0,B:9.0,B:9.7,B:10.1,B:10.2,B:10.6,B:10.10,B:11.2,B:11.9,E:10.7,E:11.10,P_B_occ",15,61
pb_count_interaction,239,0.36958113621497196,0.4302647771252408,0.7816408014927035,"intercept,P:9.9,P:9.6,P:10.0,B:9.0,B:9.7,B:10.1,B:10.2,B:10.6,B:10.10,B:11.2,B:11.9,E:10.7,E:11.10,P_B_count",15,61
group_count_interaction,239,0.22196432069900884,0.27562986564305036,0.9103908312219244,"intercept,P:9.9,P:9.6,P:10.0,B:9.0,B:9.7,B:10.1,B:10.2,B:10.6,B:10.10,B:11.2,B:11.9,E:10.7,E:11.10,P_B_count,P_E_count,B_E_count",17,61
additive_head,239,0.3827282911741827,0.4520700784861543,0.7638033906743641,"intercept,P:9.9,P:9.6,P:10.0,B:9.0,B:9.7,B:10.1,B:10.2,B:10.6,B:10.10,B:11.2,B:11.9,E:10.7,E:11.10",14,62
pb_occupancy_interaction,239,0.38343289574347467,0.45205849818452226,0.7638154914219146,"intercept,P:9.9,P:9.6,P:10.0,B:9.0,B:9.7,B:10.1,B:10.2,B:10.6,B:10.10,B:11.2,B:11.9,E:10.7,E:11.10,P_B_occ",15,62
pb_count_interaction,239,0.36973169781192117,0.4319189579003739,0.78439110879922,"intercept,P:9.9,P:9.6,P:10.0,B:9.0,B:9.7,B:10.1,B:10.2,B:10.6,B:10.10,B:11.2,B:11.9,E:10.7,E:11.10,P_B_count",15,62
group_count_interaction,239,0.22118490511522007,0.2750952495652408,0.9125362054957512,"intercept,P:9.9,P:9.6,P:10.0,B:9.0,B:9.7,B:10.1,B:10.2,B:10.6,B:10.10,B:11.2,B:11.9,E:10.7,E:11.10,P_B_count,P_E_count,B_E_count",17,62
additive_head,239,0.3872491198902582,0.4585724141303619,0.7634223850620716,"intercept,P:9.9,P:9.6,P:10.0,B:9.0,B:9.7,B:10.1,B:10.2,B:10.6,B:10.10,B:11.2,B:11.9,E:10.7,E:11.10",14,63
pb_occupancy_interaction,239,0.38794923051513813,0.4583099184489711,0.7636931507101201,"intercept,P:9.9,P:9.6,P:10.0,B:9.0,B:9.7,B:10.1,B:10.2,B:10.6,B:10.10,B:11.2,B:11.9,E:10.7,E:11.10,P_B_occ",15,63
pb_count_interaction,239,0.3728918982550012,0.43638393781623186,0.7857625889591743,"intercept,P:9.9,P:9.6,P:10.0,B:9.0,B:9.7,B:10.1,B:10.2,B:10.6,B:10.10,B:11.2,B:11.9,E:10.7,E:11.10,P_B_count",15,63
group_count_interaction,239,0.22282400408420025,0.27708593856644553,0.9136252563394597,"intercept,P:9.9,P:9.6,P:10.0,B:9.0,B:9.7,B:10.1,B:10.2,B:10.6,B:10.10,B:11.2,B:11.9,E:10.7,E:11.10,P_B_count,P_E_count,B_E_count",17,63
additive_head,239,0.3759311481152909,0.4431177515392218,0.7628841699094222,"intercept,P:9.9,P:9.6,P:10.0,B:9.0,B:9.7,B:10.1,B:10.2,B:10.6,B:10.10,B:11.2,B:11.9,E:10.7,E:11.10",14,64
pb_occupancy_interaction,239,0.3768214566845164,0.4432333456535701,0.7627604431151873,"intercept,P:9.9,P:9.6,P:10.0,B:9.0,B:9.7,B:10.1,B:10.2,B:10.6,B:10.10,B:11.2,B:11.9,E:10.7,E:11.10,P_B_occ",15,64
pb_count_interaction,239,0.3631745760364272,0.4234426741228647,0.7834732789429959,"intercept,P:9.9,P:9.6,P:10.0,B:9.0,B:9.7,B:10.1,B:10.2,B:10.6,B:10.10,B:11.2,B:11.9,E:10.7,E:11.10,P_B_count",15,64
group_count_interaction,239,0.2203777738274027,0.27336840150596436,0.9097558874392936,"intercept,P:9.9,P:9.6,P:10.0,B:9.0,B:9.7,B:10.1,B:10.2,B:10.6,B:10.10,B:11.2,B:11.9,E:10.7,E:11.10,P_B_count,P_E_count,B_E_count",17,64
additive_head,239,0.3927735888689302,0.4635753999446333,0.7531514122708899,"intercept,P:9.9,P:9.6,P:10.0,B:9.0,B:9.7,B:10.1,B:10.2,B:10.6,B:10.10,B:11.2,B:11.9,E:10.7,E:11.10",14,65
pb_occupancy_interaction,239,0.3937041725760888,0.4639191382655715,0.7527852031172164,"intercept,P:9.9,P:9.6,P:10.0,B:9.0,B:9.7,B:10.1,B:10.2,B:10.6,B:10.10,B:11.2,B:11.9,E:10.7,E:11.10,P_B_occ",15,65
pb_count_interaction,239,0.37899324278480606,0.4428296548952911,0.7747507899674002,"intercept,P:9.9,P:9.6,P:10.0,B:9.0,B:9.7,B:10.1,B:10.2,B:10.6,B:10.10,B:11.2,B:11.9,E:10.7,E:11.10,P_B_count",15,65
group_count_interaction,239,0.22920825476278062,0.2839297238109482,0.907399868480079,"intercept,P:9.9,P:9.6,P:10.0,B:9.0,B:9.7,B:10.1,B:10.2,B:10.6,B:10.10,B:11.2,B:11.9,E:10.7,E:11.10,P_B_count,P_E_count,B_E_count",17,65
additive_head,239,0.36357698013737216,0.4319410272665233,0.7730961470018625,"intercept,P:9.9,P:9.6,P:10.0,B:9.0,B:9.7,B:10.1,B:10.2,B:10.6,B:10.10,B:11.2,B:11.9,E:10.7,E:11.10",14,66
pb_occupancy_interaction,239,0.36425103131781295,0.43175927423305377,0.7732870609663254,"intercept,P:9.9,P:9.6,P:10.0,B:9.0,B:9.7,B:10.1,B:10.2,B:10.6,B:10.10,B:11.2,B:11.9,E:10.7,E:11.10,P_B_occ",15,66
pb_count_interaction,239,0.3501086529266179,0.41108823621332363,0.7944757579919333,"intercept,P:9.9,P:9.6,P:10.0,B:9.0,B:9.7,B:10.1,B:10.2,B:10.6,B:10.10,B:11.2,B:11.9,E:10.7,E:11.10,P_B_count",15,66
group_count_interaction,239,0.2112182530278963,0.2629962821931948,0.915881373014665,"intercept,P:9.9,P:9.6,P:10.0,B:9.0,B:9.7,B:10.1,B:10.2,B:10.6,B:10.10,B:11.2,B:11.9,E:10.7,E:11.10,P_B_count,P_E_count,B_E_count",17,66
additive_head,239,0.40987000768766174,0.48758197605200815,0.7631042517650591,"intercept,P:9.9,P:9.6,P:10.0,B:9.0,B:9.7,B:10.1,B:10.2,B:10.6,B:10.10,B:11.2,B:11.9,E:10.7,E:11.10",14,67
pb_occupancy_interaction,239,0.4106362799767169,0.4875401109874728,0.7631449309964383,"intercept,P:9.9,P:9.6,P:10.0,B:9.0,B:9.7,B:10.1,B:10.2,B:10.6,B:10.10,B:11.2,B:11.9,E:10.7,E:11.10,P_B_occ",15,67
pb_count_interaction,239,0.39415665340291245,0.4636620758924831,0.7857774767061925,"intercept,P:9.9,P:9.6,P:10.0,B:9.0,B:9.7,B:10.1,B:10.2,B:10.6,B:10.10,B:11.2,B:11.9,E:10.7,E:11.10,P_B_count",15,67
group_count_interaction,239,0.23934187330737888,0.29794367993307497,0.9115433811681086,"intercept,P:9.9,P:9.6,P:10.0,B:9.0,B:9.7,B:10.1,B:10.2,B:10.6,B:10.10,B:11.2,B:11.9,E:10.7,E:11.10,P_B_count,P_E_count,B_E_count",17,67
additive_head,239,0.3678082881651931,0.43270674386361574,0.7482898292709517,"intercept,P:9.9,P:9.6,P:10.0,B:9.0,B:9.7,B:10.1,B:10.2,B:10.6,B:10.10,B:11.2,B:11.9,E:10.7,E:11.10",14,68
pb_occupancy_interaction,239,0.36878141208506676,0.43292605101597825,0.7480346179509605,"intercept,P:9.9,P:9.6,P:10.0,B:9.0,B:9.7,B:10.1,B:10.2,B:10.6,B:10.10,B:11.2,B:11.9,E:10.7,E:11.10,P_B_occ",15,68
pb_count_interaction,239,0.35659467742081125,0.4150268980162272,0.7684387286838177,"intercept,P:9.9,P:9.6,P:10.0,B:9.0,B:9.7,B:10.1,B:10.2,B:10.6,B:10.10,B:11.2,B:11.9,E:10.7,E:11.10,P_B_count",15,68
group_count_interaction,239,0.2151752552969142,0.267310232670913,0.9039395527487172,"intercept,P:9.9,P:9.6,P:10.0,B:9.0,B:9.7,B:10.1,B:10.2,B:10.6,B:10.10,B:11.2,B:11.9,E:10.7,E:11.10,P_B_count,P_E_count,B_E_count",17,68
additive_head,239,0.37844425304873547,0.4469780538245957,0.7617997042444027,"intercept,P:9.9,P:9.6,P:10.0,B:9.0,B:9.7,B:10.1,B:10.2,B:10.6,B:10.10,B:11.2,B:11.9,E:10.7,E:11.10",14,69
pb_occupancy_interaction,239,0.3792238249632588,0.4469042274256589,0.7618783838020848,"intercept,P:9.9,P:9.6,P:10.0,B:9.0,B:9.7,B:10.1,B:10.2,B:10.6,B:10.10,B:11.2,B:11.9,E:10.7,E:11.10,P_B_occ",15,69
pb_count_interaction,239,0.3651183354216028,0.4273367939782323,0.7822739112947258,"intercept,P:9.9,P:9.6,P:10.0,B:9.0,B:9.7,B:10.1,B:10.2,B:10.6,B:10.10,B:11.2,B:11.9,E:10.7,E:11.10,P_B_count",15,69
group_count_interaction,239,0.21853072417710157,0.272181467194964,0.9116743183965782,"intercept,P:9.9,P:9.6,P:10.0,B:9.0,B:9.7,B:10.1,B:10.2,B:10.6,B:10.10,B:11.2,B:11.9,E:10.7,E:11.10,P_B_count,P_E_count,B_E_count",17,69
additive_head,239,0.3555179377251511,0.41993625962630693,0.7732206538360399,"intercept,P:9.9,P:9.6,P:10.0,B:9.0,B:9.7,B:10.1,B:10.2,B:10.6,B:10.10,B:11.2,B:11.9,E:10.7,E:11.10",14,70
pb_occupancy_interaction,239,0.3561231991015525,0.419764472961969,0.7734061567458935,"intercept,P:9.9,P:9.6,P:10.0,B:9.0,B:9.7,B:10.1,B:10.2,B:10.6,B:10.10,B:11.2,B:11.9,E:10.7,E:11.10,P_B_occ",15,70
pb_count_interaction,239,0.34316352058444627,0.40174946874213036,0.7924382279501698,"intercept,P:9.9,P:9.6,P:10.0,B:9.0,B:9.7,B:10.1,B:10.2,B:10.6,B:10.10,B:11.2,B:11.9,E:10.7,E:11.10,P_B_count",15,70
group_count_interaction,239,0.2066422062634828,0.2576032988411516,0.9146625644168555,"intercept,P:9.9,P:9.6,P:10.0,B:9.0,B:9.7,B:10.1,B:10.2,B:10.6,B:10.10,B:11.2,B:11.9,E:10.7,E:11.10,P_B_count,P_E_count,B_E_count",17,70
additive_head,239,0.378911952388892,0.44660861154902104,0.7599127269287955,"intercept,P:9.9,P:9.6,P:10.0,B:9.0,B:9.7,B:10.1,B:10.2,B:10.6,B:10.10,B:11.2,B:11.9,E:10.7,E:11.10",14,71
pb_occupancy_interaction,239,0.3798131618426859,0.4464668589172907,0.7600651091306663,"intercept,P:9.9,P:9.6,P:10.0,B:9.0,B:9.7,B:10.1,B:10.2,B:10.6,B:10.10,B:11.2,B:11.9,E:10.7,E:11.10,P_B_occ",15,71
pb_count_interaction,239,0.3669317202417241,0.4269754958937403,0.7805574424402897,"intercept,P:9.9,P:9.6,P:10.0,B:9.0,B:9.7,B:10.1,B:10.2,B:10.6,B:10.10,B:11.2,B:11.9,E:10.7,E:11.10,P_B_count",15,71
group_count_interaction,239,0.2200683845908457,0.2740741070041714,0.9095828177617904,"intercept,P:9.9,P:9.6,P:10.0,B:9.0,B:9.7,B:10.1,B:10.2,B:10.6,B:10.10,B:11.2,B:11.9,E:10.7,E:11.10,P_B_count,P_E_count,B_E_count",17,71
additive_head,239,0.38119437243737614,0.45056650393044106,0.758215767946854,"intercept,P:9.9,P:9.6,P:10.0,B:9.0,B:9.7,B:10.1,B:10.2,B:10.6,B:10.10,B:11.2,B:11.9,E:10.7,E:11.10",14,72
pb_occupancy_interaction,239,0.3820588968292898,0.4504867774479918,0.7583013264634964,"intercept,P:9.9,P:9.6,P:10.0,B:9.0,B:9.7,B:10.1,B:10.2,B:10.6,B:10.10,B:11.2,B:11.9,E:10.7,E:11.10,P_B_occ",15,72
pb_count_interaction,239,0.36805693467460104,0.42989739800900323,0.779889984911393,"intercept,P:9.9,P:9.6,P:10.0,B:9.0,B:9.7,B:10.1,B:10.2,B:10.6,B:10.10,B:11.2,B:11.9,E:10.7,E:11.10,P_B_count",15,72
group_count_interaction,239,0.22096495162934537,0.27529048574780113,0.9097405724613612,"intercept,P:9.9,P:9.6,P:10.0,B:9.0,B:9.7,B:10.1,B:10.2,B:10.6,B:10.10,B:11.2,B:11.9,E:10.7,E:11.10,P_B_count,P_E_count,B_E_count",17,72
additive_head,239,0.39295889955411445,0.462507918640506,0.7583326154814238,"intercept,P:9.9,P:9.6,P:10.0,B:9.0,B:9.7,B:10.1,B:10.2,B:10.6,B:10.10,B:11.2,B:11.9,E:10.7,E:11.10",14,73
pb_occupancy_interaction,239,0.3939499012087297,0.46253545620060943,0.7583038370412107,"intercept,P:9.9,P:9.6,P:10.0,B:9.0,B:9.7,B:10.1,B:10.2,B:10.6,B:10.10,B:11.2,B:11.9,E:10.7,E:11.10,P_B_occ",15,73
pb_count_interaction,239,0.37976577902836406,0.4417373179682959,0.7795511302973628,"intercept,P:9.9,P:9.6,P:10.0,B:9.0,B:9.7,B:10.1,B:10.2,B:10.6,B:10.10,B:11.2,B:11.9,E:10.7,E:11.10,P_B_count",15,73
group_count_interaction,239,0.23111563787516265,0.2862372741059306,0.9074381403996856,"intercept,P:9.9,P:9.6,P:10.0,B:9.0,B:9.7,B:10.1,B:10.2,B:10.6,B:10.10,B:11.2,B:11.9,E:10.7,E:11.10,P_B_count,P_E_count,B_E_count",17,73
additive_head,239,0.3730151481104617,0.4419359041590689,0.7708768288580806,"intercept,P:9.9,P:9.6,P:10.0,B:9.0,B:9.7,B:10.1,B:10.2,B:10.6,B:10.10,B:11.2,B:11.9,E:10.7,E:11.10",14,74
pb_occupancy_interaction,239,0.37375652567662226,0.44170612101995876,0.7711150306143415,"intercept,P:9.9,P:9.6,P:10.0,B:9.0,B:9.7,B:10.1,B:10.2,B:10.6,B:10.10,B:11.2,B:11.9,E:10.7,E:11.10,P_B_occ",15,74
pb_count_interaction,239,0.3589656236740788,0.42038279188929006,0.7926804301675239,"intercept,P:9.9,P:9.6,P:10.0,B:9.0,B:9.7,B:10.1,B:10.2,B:10.6,B:10.10,B:11.2,B:11.9,E:10.7,E:11.10,P_B_count",15,74
group_count_interaction,239,0.21619589564865394,0.2692375645262017,0.9149602949004468,"intercept,P:9.9,P:9.6,P:10.0,B:9.0,B:9.7,B:10.1,B:10.2,B:10.6,B:10.10,B:11.2,B:11.9,E:10.7,E:11.10,P_B_count,P_E_count,B_E_count",17,74
additive_head,239,0.36994203197381814,0.4401208092874723,0.7747969087170514,"intercept,P:9.9,P:9.6,P:10.0,B:9.0,B:9.7,B:10.1,B:10.2,B:10.6,B:10.10,B:11.2,B:11.9,E:10.7,E:11.10",14,75
pb_occupancy_interaction,239,0.3702408490572568,0.4396310748501338,0.7752978091320532,"intercept,P:9.9,P:9.6,P:10.0,B:9.0,B:9.7,B:10.1,B:10.2,B:10.6,B:10.10,B:11.2,B:11.9,E:10.7,E:11.10,P_B_occ",15,75
pb_count_interaction,239,0.3551357696903661,0.4168561996618061,0.7979759507092681,"intercept,P:9.9,P:9.6,P:10.0,B:9.0,B:9.7,B:10.1,B:10.2,B:10.6,B:10.10,B:11.2,B:11.9,E:10.7,E:11.10,P_B_count",15,75
group_count_interaction,239,0.21668054082932137,0.2708634380904647,0.9147034795121883,"intercept,P:9.9,P:9.6,P:10.0,B:9.0,B:9.7,B:10.1,B:10.2,B:10.6,B:10.10,B:11.2,B:11.9,E:10.7,E:11.10,P_B_count,P_E_count,B_E_count",17,75
additive_head,239,0.38160465949468586,0.4526237987824493,0.7593711322986727,"intercept,P:9.9,P:9.6,P:10.0,B:9.0,B:9.7,B:10.1,B:10.2,B:10.6,B:10.10,B:11.2,B:11.9,E:10.7,E:11.10",14,76
pb_occupancy_interaction,239,0.3825271820400977,0.45250164754370825,0.7595009935571042,"intercept,P:9.9,P:9.6,P:10.0,B:9.0,B:9.7,B:10.1,B:10.2,B:10.6,B:10.10,B:11.2,B:11.9,E:10.7,E:11.10,P_B_occ",15,76
pb_count_interaction,239,0.3679003911669162,0.4317134084914773,0.7810907908557423,"intercept,P:9.9,P:9.6,P:10.0,B:9.0,B:9.7,B:10.1,B:10.2,B:10.6,B:10.10,B:11.2,B:11.9,E:10.7,E:11.10,P_B_count",15,76
group_count_interaction,239,0.2221152396541582,0.276246953070619,0.9103669963542047,"intercept,P:9.9,P:9.6,P:10.0,B:9.0,B:9.7,B:10.1,B:10.2,B:10.6,B:10.10,B:11.2,B:11.9,E:10.7,E:11.10,P_B_count,P_E_count,B_E_count",17,76
additive_head,239,0.3895819435157138,0.4564091109070132,0.7415148329075569,"intercept,P:9.9,P:9.6,P:10.0,B:9.0,B:9.7,B:10.1,B:10.2,B:10.6,B:10.10,B:11.2,B:11.9,E:10.7,E:11.10",14,77
pb_occupancy_interaction,239,0.3905743430068948,0.4567326026452132,0.7411482869857275,"intercept,P:9.9,P:9.6,P:10.0,B:9.0,B:9.7,B:10.1,B:10.2,B:10.6,B:10.10,B:11.2,B:11.9,E:10.7,E:11.10,P_B_occ",15,77
pb_count_interaction,239,0.3801781819684596,0.44024883732020487,0.7594953645019945,"intercept,P:9.9,P:9.6,P:10.0,B:9.0,B:9.7,B:10.1,B:10.2,B:10.6,B:10.10,B:11.2,B:11.9,E:10.7,E:11.10,P_B_count",15,77
group_count_interaction,239,0.22968604426114814,0.28548008818141696,0.8988703136026809,"intercept,P:9.9,P:9.6,P:10.0,B:9.0,B:9.7,B:10.1,B:10.2,B:10.6,B:10.10,B:11.2,B:11.9,E:10.7,E:11.10,P_B_count,P_E_count,B_E_count",17,77
additive_head,239,0.3823387411425609,0.4517780762017441,0.7572415543904525,"intercept,P:9.9,P:9.6,P:10.0,B:9.0,B:9.7,B:10.1,B:10.2,B:10.6,B:10.10,B:11.2,B:11.9,E:10.7,E:11.10",14,78
pb_occupancy_interaction,239,0.38323594245293663,0.45185889517264166,0.7571546920850064,"intercept,P:9.9,P:9.6,P:10.0,B:9.0,B:9.7,B:10.1,B:10.2,B:10.6,B:10.10,B:11.2,B:11.9,E:10.7,E:11.10,P_B_occ",15,78
pb_count_interaction,239,0.36886401471188895,0.43042763687013896,0.7796442731297102,"intercept,P:9.9,P:9.6,P:10.0,B:9.0,B:9.7,B:10.1,B:10.2,B:10.6,B:10.10,B:11.2,B:11.9,E:10.7,E:11.10,P_B_count",15,78
group_count_interaction,239,0.22298860946724725,0.2771197821802495,0.9086604006065566,"intercept,P:9.9,P:9.6,P:10.0,B:9.0,B:9.7,B:10.1,B:10.2,B:10.6,B:10.10,B:11.2,B:11.9,E:10.7,E:11.10,P_B_count,P_E_count,B_E_count",17,78
additive_head,239,0.35788362252012046,0.42409251679107973,0.7793646714672325,"intercept,P:9.9,P:9.6,P:10.0,B:9.0,B:9.7,B:10.1,B:10.2,B:10.6,B:10.10,B:11.2,B:11.9,E:10.7,E:11.10",14,79
pb_occupancy_interaction,239,0.35874870651569307,0.42390391828544294,0.7795608656421609,"intercept,P:9.9,P:9.6,P:10.0,B:9.0,B:9.7,B:10.1,B:10.2,B:10.6,B:10.10,B:11.2,B:11.9,E:10.7,E:11.10,P_B_occ",15,79
pb_count_interaction,239,0.3453892724971706,0.40413380588049475,0.7996431492809108,"intercept,P:9.9,P:9.6,P:10.0,B:9.0,B:9.7,B:10.1,B:10.2,B:10.6,B:10.10,B:11.2,B:11.9,E:10.7,E:11.10,P_B_count",15,79
group_count_interaction,239,0.2066388743031959,0.25693127513978936,0.9190181339965824,"intercept,P:9.9,P:9.6,P:10.0,B:9.0,B:9.7,B:10.1,B:10.2,B:10.6,B:10.10,B:11.2,B:11.9,E:10.7,E:11.10,P_B_count,P_E_count,B_E_count",17,79
additive_head,239,0.3485287949119991,0.4118198487571807,0.7809966072585504,"intercept,P:9.9,P:9.6,P:10.0,B:9.0,B:9.7,B:10.1,B:10.2,B:10.6,B:10.10,B:11.2,B:11.9,E:10.7,E:11.10",14,80
pb_occupancy_interaction,239,0.34944830892514767,0.41183890974382376,0.780976333746419,"intercept,P:9.9,P:9.6,P:10.0,B:9.0,B:9.7,B:10.1,B:10.2,B:10.6,B:10.10,B:11.2,B:11.9,E:10.7,E:11.10,P_B_occ",15,80
pb_count_interaction,239,0.3367324902964588,0.3935197645295411,0.8000279067523777,"intercept,P:9.9,P:9.6,P:10.0,B:9.0,B:9.7,B:10.1,B:10.2,B:10.6,B:10.10,B:11.2,B:11.9,E:10.7,E:11.10,P_B_count",15,80
group_count_interaction,239,0.20275689065491598,0.252883696363013,0.9174194149940932,"intercept,P:9.9,P:9.6,P:10.0,B:9.0,B:9.7,B:10.1,B:10.2,B:10.6,B:10.10,B:11.2,B:11.9,E:10.7,E:11.10,P_B_count,P_E_count,B_E_count",17,80
additive_head,239,0.3730573945790448,0.4392465319579907,0.7645807336029183,"intercept,P:9.9,P:9.6,P:10.0,B:9.0,B:9.7,B:10.1,B:10.2,B:10.6,B:10.10,B:11.2,B:11.9,E:10.7,E:11.10",14,81
pb_occupancy_interaction,239,0.37406447763324396,0.43930524382814606,0.7645177947831564,"intercept,P:9.9,P:9.6,P:10.0,B:9.0,B:9.7,B:10.1,B:10.2,B:10.6,B:10.10,B:11.2,B:11.9,E:10.7,E:11.10,P_B_occ",15,81
pb_count_interaction,239,0.36176382982014543,0.42047763131277993,0.7842697167858512,"intercept,P:9.9,P:9.6,P:10.0,B:9.0,B:9.7,B:10.1,B:10.2,B:10.6,B:10.10,B:11.2,B:11.9,E:10.7,E:11.10,P_B_count",15,81
group_count_interaction,239,0.2166429836637242,0.2699085005233318,0.911108866425083,"intercept,P:9.9,P:9.6,P:10.0,B:9.0,B:9.7,B:10.1,B:10.2,B:10.6,B:10.10,B:11.2,B:11.9,E:10.7,E:11.10,P_B_count,P_E_count,B_E_count",17,81
additive_head,239,0.40244651413817295,0.47532428993936876,0.7731076576876365,"intercept,P:9.9,P:9.6,P:10.0,B:9.0,B:9.7,B:10.1,B:10.2,B:10.6,B:10.10,B:11.2,B:11.9,E:10.7,E:11.10",14,82
pb_occupancy_interaction,239,0.40333936403952997,0.4754589491160544,0.7729790824622407,"intercept,P:9.9,P:9.6,P:10.0,B:9.0,B:9.7,B:10.1,B:10.2,B:10.6,B:10.10,B:11.2,B:11.9,E:10.7,E:11.10,P_B_occ",15,82
pb_count_interaction,239,0.3872123536313638,0.45282378988333655,0.7940801122886469,"intercept,P:9.9,P:9.6,P:10.0,B:9.0,B:9.7,B:10.1,B:10.2,B:10.6,B:10.10,B:11.2,B:11.9,E:10.7,E:11.10,P_B_count",15,82
group_count_interaction,239,0.2349164336966498,0.2910238716148313,0.9149455480780727,"intercept,P:9.9,P:9.6,P:10.0,B:9.0,B:9.7,B:10.1,B:10.2,B:10.6,B:10.10,B:11.2,B:11.9,E:10.7,E:11.10,P_B_count,P_E_count,B_E_count",17,82
additive_head,239,0.39297228124853506,0.46674429240956533,0.7721498993168175,"intercept,P:9.9,P:9.6,P:10.0,B:9.0,B:9.7,B:10.1,B:10.2,B:10.6,B:10.10,B:11.2,B:11.9,E:10.7,E:11.10",14,83
pb_occupancy_interaction,239,0.3937801344896676,0.46675321674078435,0.7721411860695871,"intercept,P:9.9,P:9.6,P:10.0,B:9.0,B:9.7,B:10.1,B:10.2,B:10.6,B:10.10,B:11.2,B:11.9,E:10.7,E:11.10,P_B_occ",15,83
pb_count_interaction,239,0.3786596266861111,0.4446934088617886,0.7931704542893769,"intercept,P:9.9,P:9.6,P:10.0,B:9.0,B:9.7,B:10.1,B:10.2,B:10.6,B:10.10,B:11.2,B:11.9,E:10.7,E:11.10,P_B_count",15,83
group_count_interaction,239,0.2272031806999156,0.28233839776906683,0.9166259142333768,"intercept,P:9.9,P:9.6,P:10.0,B:9.0,B:9.7,B:10.1,B:10.2,B:10.6,B:10.10,B:11.2,B:11.9,E:10.7,E:11.10,P_B_count,P_E_count,B_E_count",17,83
additive_head,239,0.3720556050461214,0.43953757403497307,0.7586877858081394,"intercept,P:9.9,P:9.6,P:10.0,B:9.0,B:9.7,B:10.1,B:10.2,B:10.6,B:10.10,B:11.2,B:11.9,E:10.7,E:11.10",14,84
pb_occupancy_interaction,239,0.37285027229744466,0.43932338205378635,0.7589229172299339,"intercept,P:9.9,P:9.6,P:10.0,B:9.0,B:9.7,B:10.1,B:10.2,B:10.6,B:10.10,B:11.2,B:11.9,E:10.7,E:11.10,P_B_occ",15,84
pb_count_interaction,239,0.359770327848596,0.42029903268668445,0.7793499288056374,"intercept,P:9.9,P:9.6,P:10.0,B:9.0,B:9.7,B:10.1,B:10.2,B:10.6,B:10.10,B:11.2,B:11.9,E:10.7,E:11.10,P_B_count",15,84
group_count_interaction,239,0.21516327714106945,0.26778516877896696,0.9104304626396161,"intercept,P:9.9,P:9.6,P:10.0,B:9.0,B:9.7,B:10.1,B:10.2,B:10.6,B:10.10,B:11.2,B:11.9,E:10.7,E:11.10,P_B_count,P_E_count,B_E_count",17,84
additive_head,239,0.3804348021568568,0.4490947631048404,0.7608245380967107,"intercept,P:9.9,P:9.6,P:10.0,B:9.0,B:9.7,B:10.1,B:10.2,B:10.6,B:10.10,B:11.2,B:11.9,E:10.7,E:11.10",14,85
pb_occupancy_interaction,239,0.38134801858287337,0.4491358708313079,0.7607807504142176,"intercept,P:9.9,P:9.6,P:10.0,B:9.0,B:9.7,B:10.1,B:10.2,B:10.6,B:10.10,B:11.2,B:11.9,E:10.7,E:11.10,P_B_occ",15,85
pb_count_interaction,239,0.3677357213224583,0.42936197586706587,0.7813810513174442,"intercept,P:9.9,P:9.6,P:10.0,B:9.0,B:9.7,B:10.1,B:10.2,B:10.6,B:10.10,B:11.2,B:11.9,E:10.7,E:11.10,P_B_count",15,85
group_count_interaction,239,0.2212879284443971,0.27478828072227574,0.910455883984191,"intercept,P:9.9,P:9.6,P:10.0,B:9.0,B:9.7,B:10.1,B:10.2,B:10.6,B:10.10,B:11.2,B:11.9,E:10.7,E:11.10,P_B_count,P_E_count,B_E_count",17,85
additive_head,239,0.40393103049403767,0.4769001360462714,0.7570425403560319,"intercept,P:9.9,P:9.6,P:10.0,B:9.0,B:9.7,B:10.1,B:10.2,B:10.6,B:10.10,B:11.2,B:11.9,E:10.7,E:11.10",14,86
pb_occupancy_interaction,239,0.40482348247593825,0.47690594412374304,0.7570366224531666,"intercept,P:9.9,P:9.6,P:10.0,B:9.0,B:9.7,B:10.1,B:10.2,B:10.6,B:10.10,B:11.2,B:11.9,E:10.7,E:11.10,P_B_occ",15,86
pb_count_interaction,239,0.3896930028202405,0.45450317052828404,0.7793270099718168,"intercept,P:9.9,P:9.6,P:10.0,B:9.0,B:9.7,B:10.1,B:10.2,B:10.6,B:10.10,B:11.2,B:11.9,E:10.7,E:11.10,P_B_count",15,86
group_count_interaction,239,0.23515839529969798,0.29176921640210596,0.9090601395705845,"intercept,P:9.9,P:9.6,P:10.0,B:9.0,B:9.7,B:10.1,B:10.2,B:10.6,B:10.10,B:11.2,B:11.9,E:10.7,E:11.10,P_B_count,P_E_count,B_E_count",17,86
additive_head,239,0.36041396523458297,0.42734006831351806,0.7764509873460772,"intercept,P:9.9,P:9.6,P:10.0,B:9.0,B:9.7,B:10.1,B:10.2,B:10.6,B:10.10,B:11.2,B:11.9,E:10.7,E:11.10",14,87
pb_occupancy_interaction,239,0.3612579414588553,0.4272355194881361,0.7765603565789908,"intercept,P:9.9,P:9.6,P:10.0,B:9.0,B:9.7,B:10.1,B:10.2,B:10.6,B:10.10,B:11.2,B:11.9,E:10.7,E:11.10,P_B_occ",15,87
pb_count_interaction,239,0.3474206308106475,0.40745431633516466,0.7967720803446142,"intercept,P:9.9,P:9.6,P:10.0,B:9.0,B:9.7,B:10.1,B:10.2,B:10.6,B:10.10,B:11.2,B:11.9,E:10.7,E:11.10,P_B_count",15,87
group_count_interaction,239,0.20810471270308412,0.2590746712887771,0.917837160944962,"intercept,P:9.9,P:9.6,P:10.0,B:9.0,B:9.7,B:10.1,B:10.2,B:10.6,B:10.10,B:11.2,B:11.9,E:10.7,E:11.10,P_B_count,P_E_count,B_E_count",17,87
additive_head,239,0.3809471049266519,0.45046053982746764,0.7730669536866082,"intercept,P:9.9,P:9.6,P:10.0,B:9.0,B:9.7,B:10.1,B:10.2,B:10.6,B:10.10,B:11.2,B:11.9,E:10.7,E:11.10",14,88
pb_occupancy_interaction,239,0.3815955400603545,0.4501863511449132,0.7733431312007144,"intercept,P:9.9,P:9.6,P:10.0,B:9.0,B:9.7,B:10.1,B:10.2,B:10.6,B:10.10,B:11.2,B:11.9,E:10.7,E:11.10,P_B_occ",15,88
pb_count_interaction,239,0.3670014195611249,0.43008319651260857,0.7931339666735654,"intercept,P:9.9,P:9.6,P:10.0,B:9.0,B:9.7,B:10.1,B:10.2,B:10.6,B:10.10,B:11.2,B:11.9,E:10.7,E:11.10,P_B_count",15,88
group_count_interaction,239,0.22277761990785255,0.2766194491488384,0.9144244574074131,"intercept,P:9.9,P:9.6,P:10.0,B:9.0,B:9.7,B:10.1,B:10.2,B:10.6,B:10.10,B:11.2,B:11.9,E:10.7,E:11.10,P_B_count,P_E_count,B_E_count",17,88
additive_head,239,0.369513318816414,0.4379257990216314,0.7716082789348392,"intercept,P:9.9,P:9.6,P:10.0,B:9.0,B:9.7,B:10.1,B:10.2,B:10.6,B:10.10,B:11.2,B:11.9,E:10.7,E:11.10",14,89
pb_occupancy_interaction,239,0.3701670560523976,0.43769057621846047,0.7718535648389152,"intercept,P:9.9,P:9.6,P:10.0,B:9.0,B:9.7,B:10.1,B:10.2,B:10.6,B:10.10,B:11.2,B:11.9,E:10.7,E:11.10,P_B_occ",15,89
pb_count_interaction,239,0.3556905001635233,0.41621113668697884,0.7936964561557683,"intercept,P:9.9,P:9.6,P:10.0,B:9.0,B:9.7,B:10.1,B:10.2,B:10.6,B:10.10,B:11.2,B:11.9,E:10.7,E:11.10,P_B_count",15,89
group_count_interaction,239,0.21457254623294691,0.26740368532610964,0.9148442316599013,"intercept,P:9.9,P:9.6,P:10.0,B:9.0,B:9.7,B:10.1,B:10.2,B:10.6,B:10.10,B:11.2,B:11.9,E:10.7,E:11.10,P_B_count,P_E_count,B_E_count",17,89
additive_head,239,0.3875139401767579,0.4559789993947914,0.7549868825821212,"intercept,P:9.9,P:9.6,P:10.0,B:9.0,B:9.7,B:10.1,B:10.2,B:10.6,B:10.10,B:11.2,B:11.9,E:10.7,E:11.10",14,90
pb_occupancy_interaction,239,0.3884835490736416,0.45608067865006696,0.754877598913331,"intercept,P:9.9,P:9.6,P:10.0,B:9.0,B:9.7,B:10.1,B:10.2,B:10.6,B:10.10,B:11.2,B:11.9,E:10.7,E:11.10,P_B_occ",15,90
pb_count_interaction,239,0.3745887980463363,0.4357930717757115,0.7761998894287806,"intercept,P:9.9,P:9.6,P:10.0,B:9.0,B:9.7,B:10.1,B:10.2,B:10.6,B:10.10,B:11.2,B:11.9,E:10.7,E:11.10,P_B_count",15,90
group_count_interaction,239,0.22783098348424397,0.2827491097928547,0.9057888844767775,"intercept,P:9.9,P:9.6,P:10.0,B:9.0,B:9.7,B:10.1,B:10.2,B:10.6,B:10.10,B:11.2,B:11.9,E:10.7,E:11.10,P_B_count,P_E_count,B_E_count",17,90
additive_head,239,0.38056695593777823,0.45264490493835774,0.7633523365948234,"intercept,P:9.9,P:9.6,P:10.0,B:9.0,B:9.7,B:10.1,B:10.2,B:10.6,B:10.10,B:11.2,B:11.9,E:10.7,E:11.10",14,91
pb_occupancy_interaction,239,0.38134036754027023,0.4523866869415369,0.7636222579186821,"intercept,P:9.9,P:9.6,P:10.0,B:9.0,B:9.7,B:10.1,B:10.2,B:10.6,B:10.10,B:11.2,B:11.9,E:10.7,E:11.10,P_B_occ",15,91
pb_count_interaction,239,0.366827314501424,0.43057357422479126,0.7858679412027851,"intercept,P:9.9,P:9.6,P:10.0,B:9.0,B:9.7,B:10.1,B:10.2,B:10.6,B:10.10,B:11.2,B:11.9,E:10.7,E:11.10,P_B_count",15,91
group_count_interaction,239,0.2227449345247909,0.2775362720123621,0.91103351157263,"intercept,P:9.9,P:9.6,P:10.0,B:9.0,B:9.7,B:10.1,B:10.2,B:10.6,B:10.10,B:11.2,B:11.9,E:10.7,E:11.10,P_B_count,P_E_count,B_E_count",17,91
additive_head,239,0.39001288044027793,0.4605369834763061,0.7733144596991282,"intercept,P:9.9,P:9.6,P:10.0,B:9.0,B:9.7,B:10.1,B:10.2,B:10.6,B:10.10,B:11.2,B:11.9,E:10.7,E:11.10",14,92
pb_occupancy_interaction,239,0.3909663874740823,0.460604521399767,0.7732479677828694,"intercept,P:9.9,P:9.6,P:10.0,B:9.0,B:9.7,B:10.1,B:10.2,B:10.6,B:10.10,B:11.2,B:11.9,E:10.7,E:11.10,P_B_occ",15,92
pb_count_interaction,239,0.3761747639707927,0.43953729793376173,0.7935160676397566,"intercept,P:9.9,P:9.6,P:10.0,B:9.0,B:9.7,B:10.1,B:10.2,B:10.6,B:10.10,B:11.2,B:11.9,E:10.7,E:11.10,P_B_count",15,92
group_count_interaction,239,0.22760012801718973,0.2828927247723838,0.9144660847621864,"intercept,P:9.9,P:9.6,P:10.0,B:9.0,B:9.7,B:10.1,B:10.2,B:10.6,B:10.10,B:11.2,B:11.9,E:10.7,E:11.10,P_B_count,P_E_count,B_E_count",17,92
additive_head,239,0.38357116307629685,0.45250964886897316,0.7690484434276486,"intercept,P:9.9,P:9.6,P:10.0,B:9.0,B:9.7,B:10.1,B:10.2,B:10.6,B:10.10,B:11.2,B:11.9,E:10.7,E:11.10",14,93
pb_occupancy_interaction,239,0.38453861601480305,0.45257994925979783,0.7689766781253465,"intercept,P:9.9,P:9.6,P:10.0,B:9.0,B:9.7,B:10.1,B:10.2,B:10.6,B:10.10,B:11.2,B:11.9,E:10.7,E:11.10,P_B_occ",15,93
pb_count_interaction,239,0.3703257601411955,0.4319048607958442,0.7896021057149153,"intercept,P:9.9,P:9.6,P:10.0,B:9.0,B:9.7,B:10.1,B:10.2,B:10.6,B:10.10,B:11.2,B:11.9,E:10.7,E:11.10,P_B_count",15,93
group_count_interaction,239,0.2257185000886183,0.2793534157616825,0.9119816592223138,"intercept,P:9.9,P:9.6,P:10.0,B:9.0,B:9.7,B:10.1,B:10.2,B:10.6,B:10.10,B:11.2,B:11.9,E:10.7,E:11.10,P_B_count,P_E_count,B_E_count",17,93
additive_head,239,0.39189308857607874,0.46491912717976086,0.7664576560656561,"intercept,P:9.9,P:9.6,P:10.0,B:9.0,B:9.7,B:10.1,B:10.2,B:10.6,B:10.10,B:11.2,B:11.9,E:10.7,E:11.10",14,94
pb_occupancy_interaction,239,0.39283285811655777,0.46486049876385854,0.7665165538547344,"intercept,P:9.9,P:9.6,P:10.0,B:9.0,B:9.7,B:10.1,B:10.2,B:10.6,B:10.10,B:11.2,B:11.9,E:10.7,E:11.10,P_B_occ",15,94
pb_count_interaction,239,0.37806117881874135,0.4444826344794475,0.7865380839477992,"intercept,P:9.9,P:9.6,P:10.0,B:9.0,B:9.7,B:10.1,B:10.2,B:10.6,B:10.10,B:11.2,B:11.9,E:10.7,E:11.10,P_B_count",15,94
group_count_interaction,239,0.22602798105721023,0.28088539885186087,0.9147549568108732,"intercept,P:9.9,P:9.6,P:10.0,B:9.0,B:9.7,B:10.1,B:10.2,B:10.6,B:10.10,B:11.2,B:11.9,E:10.7,E:11.10,P_B_count,P_E_count,B_E_count",17,94
additive_head,239,0.36450498116394314,0.4331148863700176,0.7720358003041141,"intercept,P:9.9,P:9.6,P:10.0,B:9.0,B:9.7,B:10.1,B:10.2,B:10.6,B:10.10,B:11.2,B:11.9,E:10.7,E:11.10",14,95
pb_occupancy_interaction,239,0.3651931695061257,0.43304392863916696,0.7721104894814314,"intercept,P:9.9,P:9.6,P:10.0,B:9.0,B:9.7,B:10.1,B:10.2,B:10.6,B:10.10,B:11.2,B:11.9,E:10.7,E:11.10,P_B_occ",15,95
pb_count_interaction,239,0.3503624357382995,0.41216028803649873,0.7935605387018132,"intercept,P:9.9,P:9.6,P:10.0,B:9.0,B:9.7,B:10.1,B:10.2,B:10.6,B:10.10,B:11.2,B:11.9,E:10.7,E:11.10,P_B_count",15,95
group_count_interaction,239,0.21134610548835034,0.2643214942522458,0.9150965400122414,"intercept,P:9.9,P:9.6,P:10.0,B:9.0,B:9.7,B:10.1,B:10.2,B:10.6,B:10.10,B:11.2,B:11.9,E:10.7,E:11.10,P_B_count,P_E_count,B_E_count",17,95
additive_head,239,0.3928805505748621,0.4641352778311034,0.7674326112460987,"intercept,P:9.9,P:9.6,P:10.0,B:9.0,B:9.7,B:10.1,B:10.2,B:10.6,B:10.10,B:11.2,B:11.9,E:10.7,E:11.10",14,96
pb_occupancy_interaction,239,0.3939752390460343,0.46410223601765493,0.7674657230353219,"intercept,P:9.9,P:9.6,P:10.0,B:9.0,B:9.7,B:10.1,B:10.2,B:10.6,B:10.10,B:11.2,B:11.9,E:10.7,E:11.10,P_B_occ",15,96
pb_count_interaction,239,0.3787310517026833,0.44257472751241783,0.7885377352282366,"intercept,P:9.9,P:9.6,P:10.0,B:9.0,B:9.7,B:10.1,B:10.2,B:10.6,B:10.10,B:11.2,B:11.9,E:10.7,E:11.10,P_B_count",15,96
group_count_interaction,239,0.23017182938027922,0.28583064769995326,0.9117982413094188,"intercept,P:9.9,P:9.6,P:10.0,B:9.0,B:9.7,B:10.1,B:10.2,B:10.6,B:10.10,B:11.2,B:11.9,E:10.7,E:11.10,P_B_count,P_E_count,B_E_count",17,96
additive_head,239,0.3748215302964848,0.440667638122914,0.7656437269970222,"intercept,P:9.9,P:9.6,P:10.0,B:9.0,B:9.7,B:10.1,B:10.2,B:10.6,B:10.10,B:11.2,B:11.9,E:10.7,E:11.10",14,97
pb_occupancy_interaction,239,0.37573291358551875,0.44077384020273774,0.7655307524074138,"intercept,P:9.9,P:9.6,P:10.0,B:9.0,B:9.7,B:10.1,B:10.2,B:10.6,B:10.10,B:11.2,B:11.9,E:10.7,E:11.10,P_B_occ",15,97
pb_count_interaction,239,0.363331141776645,0.4222553836283799,0.7848186351231733,"intercept,P:9.9,P:9.6,P:10.0,B:9.0,B:9.7,B:10.1,B:10.2,B:10.6,B:10.10,B:11.2,B:11.9,E:10.7,E:11.10,P_B_count",15,97
group_count_interaction,239,0.2176736757234531,0.2705650715783466,0.9116517952678213,"intercept,P:9.9,P:9.6,P:10.0,B:9.0,B:9.7,B:10.1,B:10.2,B:10.6,B:10.10,B:11.2,B:11.9,E:10.7,E:11.10,P_B_count,P_E_count,B_E_count",17,97
additive_head,239,0.3859534503370284,0.45768430696747064,0.7624468526732245,"intercept,P:9.9,P:9.6,P:10.0,B:9.0,B:9.7,B:10.1,B:10.2,B:10.6,B:10.10,B:11.2,B:11.9,E:10.7,E:11.10",14,98
pb_occupancy_interaction,239,0.3866201182167513,0.45748482539147234,0.76265388249086,"intercept,P:9.9,P:9.6,P:10.0,B:9.0,B:9.7,B:10.1,B:10.2,B:10.6,B:10.10,B:11.2,B:11.9,E:10.7,E:11.10,P_B_occ",15,98
pb_count_interaction,239,0.370695980891496,0.4343550240119089,0.7860469687679259,"intercept,P:9.9,P:9.6,P:10.0,B:9.0,B:9.7,B:10.1,B:10.2,B:10.6,B:10.10,B:11.2,B:11.9,E:10.7,E:11.10,P_B_count",15,98
group_count_interaction,239,0.22556131987614597,0.28142016943596865,0.9101870036059553,"intercept,P:9.9,P:9.6,P:10.0,B:9.0,B:9.7,B:10.1,B:10.2,B:10.6,B:10.10,B:11.2,B:11.9,E:10.7,E:11.10,P_B_count,P_E_count,B_E_count",17,98
additive_head,239,0.4038443884610954,0.4793570876629757,0.7635809111929526,"intercept,P:9.9,P:9.6,P:10.0,B:9.0,B:9.7,B:10.1,B:10.2,B:10.6,B:10.10,B:11.2,B:11.9,E:10.7,E:11.10",14,99
pb_occupancy_interaction,239,0.40466733881886147,0.479281866557615,0.7636551035240114,"intercept,P:9.9,P:9.6,P:10.0,B:9.0,B:9.7,B:10.1,B:10.2,B:10.6,B:10.10,B:11.2,B:11.9,E:10.7,E:11.10,P_B_occ",15,99
pb_count_interaction,239,0.38865586244764644,0.4562550133924644,0.785819695307365,"intercept,P:9.9,P:9.6,P:10.0,B:9.0,B:9.7,B:10.1,B:10.2,B:10.6,B:10.10,B:11.2,B:11.9,E:10.7,E:11.10,P_B_count",15,99
group_count_interaction,239,0.23484154156768378,0.29258942911406405,0.9119191502020085,"intercept,P:9.9,P:9.6,P:10.0,B:9.0,B:9.7,B:10.1,B:10.2,B:10.6,B:10.10,B:11.2,B:11.9,E:10.7,E:11.10,P_B_count,P_E_count,B_E_count",17,99
additive_head,239,0.3706079670237059,0.4387639735064645,0.765713078332984,"intercept,P:9.9,P:9.6,P:10.0,B:9.0,B:9.7,B:10.1,B:10.2,B:10.6,B:10.10,B:11.2,B:11.9,E:10.7,E:11.10",14,100
pb_occupancy_interaction,239,0.3714317635873263,0.4384613784364458,0.7660361204493742,"intercept,P:9.9,P:9.6,P:10.0,B:9.0,B:9.7,B:10.1,B:10.2,B:10.6,B:10.10,B:11.2,B:11.9,E:10.7,E:11.10,P_B_occ",15,100
pb_count_interaction,239,0.3576009596495096,0.41831646828420194,0.7870409754458264,"intercept,P:9.9,P:9.6,P:10.0,B:9.0,B:9.7,B:10.1,B:10.2,B:10.6,B:10.10,B:11.2,B:11.9,E:10.7,E:11.10,P_B_count",15,100
group_count_interaction,239,0.2169907624553378,0.2701113748084811,0.911208402192705,"intercept,P:9.9,P:9.6,P:10.0,B:9.0,B:9.7,B:10.1,B:10.2,B:10.6,B:10.10,B:11.2,B:11.9,E:10.7,E:11.10,P_B_count,P_E_count,B_E_count",17,100
additive_head,239,0.397947335977185,0.4693713997852892,0.756282326753361,"intercept,P:9.9,P:9.6,P:10.0,B:9.0,B:9.7,B:10.1,B:10.2,B:10.6,B:10.10,B:11.2,B:11.9,E:10.7,E:11.10",14,101
pb_occupancy_interaction,239,0.3990157353676981,0.46954453156411663,0.7561024987690841,"intercept,P:9.9,P:9.6,P:10.0,B:9.0,B:9.7,B:10.1,B:10.2,B:10.6,B:10.10,B:11.2,B:11.9,E:10.7,E:11.10,P_B_occ",15,101
pb_count_interaction,239,0.3841425160951659,0.44785001635680816,0.778119586927751,"intercept,P:9.9,P:9.6,P:10.0,B:9.0,B:9.7,B:10.1,B:10.2,B:10.6,B:10.10,B:11.2,B:11.9,E:10.7,E:11.10,P_B_count",15,101
group_count_interaction,239,0.2346931433190566,0.2901331546637639,0.9068788142736012,"intercept,P:9.9,P:9.6,P:10.0,B:9.0,B:9.7,B:10.1,B:10.2,B:10.6,B:10.10,B:11.2,B:11.9,E:10.7,E:11.10,P_B_count,P_E_count,B_E_count",17,101
additive_head,239,0.37370671014232154,0.4379558722614115,0.7644065389637421,"intercept,P:9.9,P:9.6,P:10.0,B:9.0,B:9.7,B:10.1,B:10.2,B:10.6,B:10.10,B:11.2,B:11.9,E:10.7,E:11.10",14,102
pb_occupancy_interaction,239,0.3748418356616507,0.4383372157375268,0.7639960814296801,"intercept,P:9.9,P:9.6,P:10.0,B:9.0,B:9.7,B:10.1,B:10.2,B:10.6,B:10.10,B:11.2,B:11.9,E:10.7,E:11.10,P_B_occ",15,102
pb_count_interaction,239,0.36349481254988714,0.4213817563108667,0.7819008452739491,"intercept,P:9.9,P:9.6,P:10.0,B:9.0,B:9.7,B:10.1,B:10.2,B:10.6,B:10.10,B:11.2,B:11.9,E:10.7,E:11.10,P_B_count",15,102
group_count_interaction,239,0.21897662345442617,0.27144083313163436,0.9094991029920146,"intercept,P:9.9,P:9.6,P:10.0,B:9.0,B:9.7,B:10.1,B:10.2,B:10.6,B:10.10,B:11.2,B:11.9,E:10.7,E:11.10,P_B_count,P_E_count,B_E_count",17,102
additive_head,239,0.3838899400365486,0.4532375912791293,0.7574720333682246,"intercept,P:9.9,P:9.6,P:10.0,B:9.0,B:9.7,B:10.1,B:10.2,B:10.6,B:10.10,B:11.2,B:11.9,E:10.7,E:11.10",14,103
pb_occupancy_interaction,239,0.384762201669325,0.45321185784580703,0.7574995725671065,"intercept,P:9.9,P:9.6,P:10.0,B:9.0,B:9.7,B:10.1,B:10.2,B:10.6,B:10.10,B:11.2,B:11.9,E:10.7,E:11.10,P_B_occ",15,103
pb_count_interaction,239,0.3703238777493841,0.43212107877739686,0.779544527925192,"intercept,P:9.9,P:9.6,P:10.0,B:9.0,B:9.7,B:10.1,B:10.2,B:10.6,B:10.10,B:11.2,B:11.9,E:10.7,E:11.10,P_B_count",15,103
group_count_interaction,239,0.22377180865687096,0.2778572279426321,0.9088506917113592,"intercept,P:9.9,P:9.6,P:10.0,B:9.0,B:9.7,B:10.1,B:10.2,B:10.6,B:10.10,B:11.2,B:11.9,E:10.7,E:11.10,P_B_count,P_E_count,B_E_count",17,103
additive_head,239,0.384729041333236,0.45240241397164577,0.75940253538619,"intercept,P:9.9,P:9.6,P:10.0,B:9.0,B:9.7,B:10.1,B:10.2,B:10.6,B:10.10,B:11.2,B:11.9,E:10.7,E:11.10",14,104
pb_occupancy_interaction,239,0.38576148913987957,0.45239258745765754,0.7594129871813268,"intercept,P:9.9,P:9.6,P:10.0,B:9.0,B:9.7,B:10.1,B:10.2,B:10.6,B:10.10,B:11.2,B:11.9,E:10.7,E:11.10,P_B_occ",15,104
pb_count_interaction,239,0.3728809660542458,0.43340006029910666,0.7791897883200989,"intercept,P:9.9,P:9.6,P:10.0,B:9.0,B:9.7,B:10.1,B:10.2,B:10.6,B:10.10,B:11.2,B:11.9,E:10.7,E:11.10,P_B_count",15,104
group_count_interaction,239,0.2243326586960467,0.27804984595355026,0.9091161875345727,"intercept,P:9.9,P:9.6,P:10.0,B:9.0,B:9.7,B:10.1,B:10.2,B:10.6,B:10.10,B:11.2,B:11.9,E:10.7,E:11.10,P_B_count,P_E_count,B_E_count",17,104
additive_head,239,0.3769884630392449,0.44410354141886105,0.7618300633521452,"intercept,P:9.9,P:9.6,P:10.0,B:9.0,B:9.7,B:10.1,B:10.2,B:10.6,B:10.10,B:11.2,B:11.9,E:10.7,E:11.10",14,105
pb_occupancy_interaction,239,0.37783121591594804,0.44400290493572453,0.7619379925482292,"intercept,P:9.9,P:9.6,P:10.0,B:9.0,B:9.7,B:10.1,B:10.2,B:10.6,B:10.10,B:11.2,B:11.9,E:10.7,E:11.10,P_B_occ",15,105
pb_count_interaction,239,0.3648720876936914,0.42453032976772864,0.7823614045690329,"intercept,P:9.9,P:9.6,P:10.0,B:9.0,B:9.7,B:10.1,B:10.2,B:10.6,B:10.10,B:11.2,B:11.9,E:10.7,E:11.10,P_B_count",15,105
group_count_interaction,239,0.220547174841793,0.27378908529774143,0.9094787109017212,"intercept,P:9.9,P:9.6,P:10.0,B:9.0,B:9.7,B:10.1,B:10.2,B:10.6,B:10.10,B:11.2,B:11.9,E:10.7,E:11.10,P_B_count,P_E_count,B_E_count",17,105
additive_head,239,0.3768054163017118,0.4440421769304418,0.7678616910863953,"intercept,P:9.9,P:9.6,P:10.0,B:9.0,B:9.7,B:10.1,B:10.2,B:10.6,B:10.10,B:11.2,B:11.9,E:10.7,E:11.10",14,106
pb_occupancy_interaction,239,0.3777390424172318,0.44404949048752346,0.7678540441967859,"intercept,P:9.9,P:9.6,P:10.0,B:9.0,B:9.7,B:10.1,B:10.2,B:10.6,B:10.10,B:11.2,B:11.9,E:10.7,E:11.10,P_B_occ",15,106
pb_count_interaction,239,0.36366605354616277,0.42321206443811055,0.7891301693596462,"intercept,P:9.9,P:9.6,P:10.0,B:9.0,B:9.7,B:10.1,B:10.2,B:10.6,B:10.10,B:11.2,B:11.9,E:10.7,E:11.10,P_B_count",15,106
group_count_interaction,239,0.2202646879903865,0.27393359592233557,0.911653577651957,"intercept,P:9.9,P:9.6,P:10.0,B:9.0,B:9.7,B:10.1,B:10.2,B:10.6,B:10.10,B:11.2,B:11.9,E:10.7,E:11.10,P_B_count,P_E_count,B_E_count",17,106
additive_head,239,0.3670775032461701,0.43525110462211375,0.7701053203500686,"intercept,P:9.9,P:9.6,P:10.0,B:9.0,B:9.7,B:10.1,B:10.2,B:10.6,B:10.10,B:11.2,B:11.9,E:10.7,E:11.10",14,107
pb_occupancy_interaction,239,0.3675520216678407,0.4349548177159888,0.7704182045627919,"intercept,P:9.9,P:9.6,P:10.0,B:9.0,B:9.7,B:10.1,B:10.2,B:10.6,B:10.10,B:11.2,B:11.9,E:10.7,E:11.10,P_B_occ",15,107
pb_count_interaction,239,0.35363321580662704,0.41456085460058,0.7914425353830602,"intercept,P:9.9,P:9.6,P:10.0,B:9.0,B:9.7,B:10.1,B:10.2,B:10.6,B:10.10,B:11.2,B:11.9,E:10.7,E:11.10,P_B_count",15,107
group_count_interaction,239,0.21178457625041616,0.26448311778102757,0.9151122410383604,"intercept,P:9.9,P:9.6,P:10.0,B:9.0,B:9.7,B:10.1,B:10.2,B:10.6,B:10.10,B:11.2,B:11.9,E:10.7,E:11.10,P_B_count,P_E_count,B_E_count",17,107
additive_head,239,0.4064706548617138,0.4758253394502444,0.7574234132502717,"intercept,P:9.9,P:9.6,P:10.0,B:9.0,B:9.7,B:10.1,B:10.2,B:10.6,B:10.10,B:11.2,B:11.9,E:10.7,E:11.10",14,108
pb_occupancy_interaction,239,0.40751877676498727,0.47639493270833,0.7568423063773886,"intercept,P:9.9,P:9.6,P:10.0,B:9.0,B:9.7,B:10.1,B:10.2,B:10.6,B:10.10,B:11.2,B:11.9,E:10.7,E:11.10,P_B_occ",15,108
pb_count_interaction,239,0.3955736708257135,0.4578234298402898,0.775431014050331,"intercept,P:9.9,P:9.6,P:10.0,B:9.0,B:9.7,B:10.1,B:10.2,B:10.6,B:10.10,B:11.2,B:11.9,E:10.7,E:11.10,P_B_count",15,108
group_count_interaction,239,0.2403490158076628,0.2972343599124748,0.9053432100317385,"intercept,P:9.9,P:9.6,P:10.0,B:9.0,B:9.7,B:10.1,B:10.2,B:10.6,B:10.10,B:11.2,B:11.9,E:10.7,E:11.10,P_B_count,P_E_count,B_E_count",17,108
additive_head,239,0.39068238600057154,0.4630646487001704,0.7729083818549242,"intercept,P:9.9,P:9.6,P:10.0,B:9.0,B:9.7,B:10.1,B:10.2,B:10.6,B:10.10,B:11.2,B:11.9,E:10.7,E:11.10",14,109
pb_occupancy_interaction,239,0.39162161996055816,0.4629155728512696,0.7730545749469956,"intercept,P:9.9,P:9.6,P:10.0,B:9.0,B:9.7,B:10.1,B:10.2,B:10.6,B:10.10,B:11.2,B:11.9,E:10.7,E:11.10,P_B_occ",15,109
pb_count_interaction,239,0.37628924866386537,0.44027917249248244,0.7947070037366236,"intercept,P:9.9,P:9.6,P:10.0,B:9.0,B:9.7,B:10.1,B:10.2,B:10.6,B:10.10,B:11.2,B:11.9,E:10.7,E:11.10,P_B_count",15,109
group_count_interaction,239,0.2261773757406444,0.28118289347461944,0.9162671947116519,"intercept,P:9.9,P:9.6,P:10.0,B:9.0,B:9.7,B:10.1,B:10.2,B:10.6,B:10.10,B:11.2,B:11.9,E:10.7,E:11.10,P_B_count,P_E_count,B_E_count",17,109
additive_head,239,0.3831486017556463,0.4518083090923195,0.7503506500300435,"intercept,P:9.9,P:9.6,P:10.0,B:9.0,B:9.7,B:10.1,B:10.2,B:10.6,B:10.10,B:11.2,B:11.9,E:10.7,E:11.10",14,110
pb_occupancy_interaction,239,0.3841255017774185,0.45197872005101053,0.7501622913509693,"intercept,P:9.9,P:9.6,P:10.0,B:9.0,B:9.7,B:10.1,B:10.2,B:10.6,B:10.10,B:11.2,B:11.9,E:10.7,E:11.10,P_B_occ",15,110
pb_count_interaction,239,0.3703191269860142,0.4309801537081856,0.7728375438887324,"intercept,P:9.9,P:9.6,P:10.0,B:9.0,B:9.7,B:10.1,B:10.2,B:10.6,B:10.10,B:11.2,B:11.9,E:10.7,E:11.10,P_B_count",15,110
group_count_interaction,239,0.22520032622981784,0.2794245097106252,0.9045115140218293,"intercept,P:9.9,P:9.6,P:10.0,B:9.0,B:9.7,B:10.1,B:10.2,B:10.6,B:10.10,B:11.2,B:11.9,E:10.7,E:11.10,P_B_count,P_E_count,B_E_count",17,110
additive_head,239,0.3938771850351309,0.4665684283828171,0.7589970562712595,"intercept,P:9.9,P:9.6,P:10.0,B:9.0,B:9.7,B:10.1,B:10.2,B:10.6,B:10.10,B:11.2,B:11.9,E:10.7,E:11.10",14,111
pb_occupancy_interaction,239,0.3947705213467846,0.46671748678101277,0.7588430413445955,"intercept,P:9.9,P:9.6,P:10.0,B:9.0,B:9.7,B:10.1,B:10.2,B:10.6,B:10.10,B:11.2,B:11.9,E:10.7,E:11.10,P_B_occ",15,111
pb_count_interaction,239,0.3793973495868924,0.4444119591181297,0.7813431303274365,"intercept,P:9.9,P:9.6,P:10.0,B:9.0,B:9.7,B:10.1,B:10.2,B:10.6,B:10.10,B:11.2,B:11.9,E:10.7,E:11.10,P_B_count",15,111
group_count_interaction,239,0.22936862273927444,0.28510853707924,0.9100063026008078,"intercept,P:9.9,P:9.6,P:10.0,B:9.0,B:9.7,B:10.1,B:10.2,B:10.6,B:10.10,B:11.2,B:11.9,E:10.7,E:11.10,P_B_count,P_E_count,B_E_count",17,111
additive_head,239,0.3767504129866195,0.44403518495148553,0.7598480111373183,"intercept,P:9.9,P:9.6,P:10.0,B:9.0,B:9.7,B:10.1,B:10.2,B:10.6,B:10.10,B:11.2,B:11.9,E:10.7,E:11.10",14,112
pb_occupancy_interaction,239,0.37775232319540336,0.44411877795395227,0.759757581747414,"intercept,P:9.9,P:9.6,P:10.0,B:9.0,B:9.7,B:10.1,B:10.2,B:10.6,B:10.10,B:11.2,B:11.9,E:10.7,E:11.10,P_B_occ",15,112
pb_count_interaction,239,0.36391603219711305,0.4239919821812379,0.7810390308929474,"intercept,P:9.9,P:9.6,P:10.0,B:9.0,B:9.7,B:10.1,B:10.2,B:10.6,B:10.10,B:11.2,B:11.9,E:10.7,E:11.10,P_B_count",15,112
group_count_interaction,239,0.22147638137706543,0.2748736870011301,0.9079724724519466,"intercept,P:9.9,P:9.6,P:10.0,B:9.0,B:9.7,B:10.1,B:10.2,B:10.6,B:10.10,B:11.2,B:11.9,E:10.7,E:11.10,P_B_count,P_E_count,B_E_count",17,112
additive_head,239,0.39209323039479993,0.46419858446090073,0.7589863364135987,"intercept,P:9.9,P:9.6,P:10.0,B:9.0,B:9.7,B:10.1,B:10.2,B:10.6,B:10.10,B:11.2,B:11.9,E:10.7,E:11.10",14,113
pb_occupancy_interaction,239,0.3928031514462804,0.46400593809248003,0.7591863403518971,"intercept,P:9.9,P:9.6,P:10.0,B:9.0,B:9.7,B:10.1,B:10.2,B:10.6,B:10.10,B:11.2,B:11.9,E:10.7,E:11.10,P_B_occ",15,113
pb_count_interaction,239,0.3776634130404721,0.44191033252454154,0.7815749956202322,"intercept,P:9.9,P:9.6,P:10.0,B:9.0,B:9.7,B:10.1,B:10.2,B:10.6,B:10.10,B:11.2,B:11.9,E:10.7,E:11.10,P_B_count",15,113
group_count_interaction,239,0.22757542112342674,0.28323506255140596,0.9102719828034029,"intercept,P:9.9,P:9.6,P:10.0,B:9.0,B:9.7,B:10.1,B:10.2,B:10.6,B:10.10,B:11.2,B:11.9,E:10.7,E:11.10,P_B_count,P_E_count,B_E_count",17,113
additive_head,239,0.37866037974514305,0.4461760799418813,0.7591134414900989,"intercept,P:9.9,P:9.6,P:10.0,B:9.0,B:9.7,B:10.1,B:10.2,B:10.6,B:10.10,B:11.2,B:11.9,E:10.7,E:11.10",14,114
pb_occupancy_interaction,239,0.37960790375485876,0.4463453875374508,0.7589305914276768,"intercept,P:9.9,P:9.6,P:10.0,B:9.0,B:9.7,B:10.1,B:10.2,B:10.6,B:10.10,B:11.2,B:11.9,E:10.7,E:11.10,P_B_occ",15,114
pb_count_interaction,239,0.36614332602755895,0.4263894406555035,0.7800049636759969,"intercept,P:9.9,P:9.6,P:10.0,B:9.0,B:9.7,B:10.1,B:10.2,B:10.6,B:10.10,B:11.2,B:11.9,E:10.7,E:11.10,P_B_count",15,114
group_count_interaction,239,0.22270858537845767,0.27657337988572717,0.9074405523874005,"intercept,P:9.9,P:9.6,P:10.0,B:9.0,B:9.7,B:10.1,B:10.2,B:10.6,B:10.10,B:11.2,B:11.9,E:10.7,E:11.10,P_B_count,P_E_count,B_E_count",17,114
additive_head,239,0.3986248195087977,0.4697366849654226,0.755030346782309,"intercept,P:9.9,P:9.6,P:10.0,B:9.0,B:9.7,B:10.1,B:10.2,B:10.6,B:10.10,B:11.2,B:11.9,E:10.7,E:11.10",14,115
pb_occupancy_interaction,239,0.3996044987190618,0.46975605052445446,0.7550101479252864,"intercept,P:9.9,P:9.6,P:10.0,B:9.0,B:9.7,B:10.1,B:10.2,B:10.6,B:10.10,B:11.2,B:11.9,E:10.7,E:11.10,P_B_occ",15,115
pb_count_interaction,239,0.3845058740579175,0.4475993897309679,0.7775756645069856,"intercept,P:9.9,P:9.6,P:10.0,B:9.0,B:9.7,B:10.1,B:10.2,B:10.6,B:10.10,B:11.2,B:11.9,E:10.7,E:11.10,P_B_count",15,115
group_count_interaction,239,0.23493235464036652,0.29100793881378056,0.9059815679731152,"intercept,P:9.9,P:9.6,P:10.0,B:9.0,B:9.7,B:10.1,B:10.2,B:10.6,B:10.10,B:11.2,B:11.9,E:10.7,E:11.10,P_B_count,P_E_count,B_E_count",17,115
additive_head,239,0.39525187340343676,0.463443430374488,0.7601391435855358,"intercept,P:9.9,P:9.6,P:10.0,B:9.0,B:9.7,B:10.1,B:10.2,B:10.6,B:10.10,B:11.2,B:11.9,E:10.7,E:11.10",14,116
pb_occupancy_interaction,239,0.3962604755682408,0.46352200790278264,0.7600577991546003,"intercept,P:9.9,P:9.6,P:10.0,B:9.0,B:9.7,B:10.1,B:10.2,B:10.6,B:10.10,B:11.2,B:11.9,E:10.7,E:11.10,P_B_occ",15,116
pb_count_interaction,239,0.38409364668296875,0.4451535548532343,0.7786978610828389,"intercept,P:9.9,P:9.6,P:10.0,B:9.0,B:9.7,B:10.1,B:10.2,B:10.6,B:10.10,B:11.2,B:11.9,E:10.7,E:11.10,P_B_count",15,116
group_count_interaction,239,0.2318663845459947,0.28772288215882663,0.9075483377966933,"intercept,P:9.9,P:9.6,P:10.0,B:9.0,B:9.7,B:10.1,B:10.2,B:10.6,B:10.10,B:11.2,B:11.9,E:10.7,E:11.10,P_B_count,P_E_count,B_E_count",17,116
additive_head,239,0.38932154969453026,0.4604708212938365,0.7678670157053764,"intercept,P:9.9,P:9.6,P:10.0,B:9.0,B:9.7,B:10.1,B:10.2,B:10.6,B:10.10,B:11.2,B:11.9,E:10.7,E:11.10",14,117
pb_occupancy_interaction,239,0.390061753608511,0.46047803556657774,0.7678597419164537,"intercept,P:9.9,P:9.6,P:10.0,B:9.0,B:9.7,B:10.1,B:10.2,B:10.6,B:10.10,B:11.2,B:11.9,E:10.7,E:11.10,P_B_occ",15,117
pb_count_interaction,239,0.37486090610668993,0.43941569201534686,0.7886103362857113,"intercept,P:9.9,P:9.6,P:10.0,B:9.0,B:9.7,B:10.1,B:10.2,B:10.6,B:10.10,B:11.2,B:11.9,E:10.7,E:11.10,P_B_count",15,117
group_count_interaction,239,0.22719029183546782,0.2822983327811958,0.9127532515592965,"intercept,P:9.9,P:9.6,P:10.0,B:9.0,B:9.7,B:10.1,B:10.2,B:10.6,B:10.10,B:11.2,B:11.9,E:10.7,E:11.10,P_B_count,P_E_count,B_E_count",17,117
additive_head,239,0.3959738857247929,0.4671369775328254,0.7557768942512065,"intercept,P:9.9,P:9.6,P:10.0,B:9.0,B:9.7,B:10.1,B:10.2,B:10.6,B:10.10,B:11.2,B:11.9,E:10.7,E:11.10",14,118
pb_occupancy_interaction,239,0.39674213361384675,0.46712175656826477,0.7557928092862165,"intercept,P:9.9,P:9.6,P:10.0,B:9.0,B:9.7,B:10.1,B:10.2,B:10.6,B:10.10,B:11.2,B:11.9,E:10.7,E:11.10,P_B_occ",15,118
pb_count_interaction,239,0.382036593071047,0.4465086172500986,0.7768700096873865,"intercept,P:9.9,P:9.6,P:10.0,B:9.0,B:9.7,B:10.1,B:10.2,B:10.6,B:10.10,B:11.2,B:11.9,E:10.7,E:11.10,P_B_count",15,118
group_count_interaction,239,0.2308810010097447,0.2866643723419839,0.9080301033991334,"intercept,P:9.9,P:9.6,P:10.0,B:9.0,B:9.7,B:10.1,B:10.2,B:10.6,B:10.10,B:11.2,B:11.9,E:10.7,E:11.10,P_B_count,P_E_count,B_E_count",17,118
additive_head,239,0.3889694993625554,0.45956643978313527,0.7685209433992259,"intercept,P:9.9,P:9.6,P:10.0,B:9.0,B:9.7,B:10.1,B:10.2,B:10.6,B:10.10,B:11.2,B:11.9,E:10.7,E:11.10",14,119
pb_occupancy_interaction,239,0.39002169154353217,0.45962228049015713,0.768464687161339,"intercept,P:9.9,P:9.6,P:10.0,B:9.0,B:9.7,B:10.1,B:10.2,B:10.6,B:10.10,B:11.2,B:11.9,E:10.7,E:11.10,P_B_occ",15,119
pb_count_interaction,239,0.3744445173411252,0.437971965707392,0.7897636946329082,"intercept,P:9.9,P:9.6,P:10.0,B:9.0,B:9.7,B:10.1,B:10.2,B:10.6,B:10.10,B:11.2,B:11.9,E:10.7,E:11.10,P_B_count",15,119
group_count_interaction,239,0.22953133050344826,0.28503377631409305,0.9109553678549316,"intercept,P:9.9,P:9.6,P:10.0,B:9.0,B:9.7,B:10.1,B:10.2,B:10.6,B:10.10,B:11.2,B:11.9,E:10.7,E:11.10,P_B_count,P_E_count,B_E_count",17,119
additive_head,239,0.394340259644951,0.461962135841869,0.7500000676316867,"intercept,P:9.9,P:9.6,P:10.0,B:9.0,B:9.7,B:10.1,B:10.2,B:10.6,B:10.10,B:11.2,B:11.9,E:10.7,E:11.10",14,120
pb_occupancy_interaction,239,0.3953095843449918,0.4621796422363118,0.7497645964500081,"intercept,P:9.9,P:9.6,P:10.0,B:9.0,B:9.7,B:10.1,B:10.2,B:10.6,B:10.10,B:11.2,B:11.9,E:10.7,E:11.10,P_B_occ",15,120
pb_count_interaction,239,0.3822716318733811,0.4424198566755415,0.7707040671717015,"intercept,P:9.9,P:9.6,P:10.0,B:9.0,B:9.7,B:10.1,B:10.2,B:10.6,B:10.10,B:11.2,B:11.9,E:10.7,E:11.10,P_B_count",15,120
group_count_interaction,239,0.23257847470291315,0.2877181498015111,0.9030245847986866,"intercept,P:9.9,P:9.6,P:10.0,B:9.0,B:9.7,B:10.1,B:10.2,B:10.6,B:10.10,B:11.2,B:11.9,E:10.7,E:11.10,P_B_count,P_E_count,B_E_count",17,120
additive_head,239,0.37531480664810174,0.4441388068335982,0.7702389014376028,"intercept,P:9.9,P:9.6,P:10.0,B:9.0,B:9.7,B:10.1,B:10.2,B:10.6,B:10.10,B:11.2,B:11.9,E:10.7,E:11.10",14,121
pb_occupancy_interaction,239,0.3761085834593478,0.44405075560273494,0.7703299934198056,"intercept,P:9.9,P:9.6,P:10.0,B:9.0,B:9.7,B:10.1,B:10.2,B:10.6,B:10.10,B:11.2,B:11.9,E:10.7,E:11.10,P_B_occ",15,121
pb_count_interaction,239,0.3607799909081746,0.422299914542644,0.7922786946376467,"intercept,P:9.9,P:9.6,P:10.0,B:9.0,B:9.7,B:10.1,B:10.2,B:10.6,B:10.10,B:11.2,B:11.9,E:10.7,E:11.10,P_B_count",15,121
group_count_interaction,239,0.21863192456477873,0.27133150478299634,0.9142489388921035,"intercept,P:9.9,P:9.6,P:10.0,B:9.0,B:9.7,B:10.1,B:10.2,B:10.6,B:10.10,B:11.2,B:11.9,E:10.7,E:11.10,P_B_count,P_E_count,B_E_count",17,121
additive_head,239,0.37077832718270914,0.4362516151839277,0.7736402036117042,"intercept,P:9.9,P:9.6,P:10.0,B:9.0,B:9.7,B:10.1,B:10.2,B:10.6,B:10.10,B:11.2,B:11.9,E:10.7,E:11.10",14,122
pb_occupancy_interaction,239,0.3715922480286748,0.4361769455150709,0.7737176853398767,"intercept,P:9.9,P:9.6,P:10.0,B:9.0,B:9.7,B:10.1,B:10.2,B:10.6,B:10.10,B:11.2,B:11.9,E:10.7,E:11.10,P_B_occ",15,122
pb_count_interaction,239,0.3582485852936905,0.4172400881028314,0.7929395012983335,"intercept,P:9.9,P:9.6,P:10.0,B:9.0,B:9.7,B:10.1,B:10.2,B:10.6,B:10.10,B:11.2,B:11.9,E:10.7,E:11.10,P_B_count",15,122
group_count_interaction,239,0.2177909466696901,0.27053282581182125,0.9129507293681842,"intercept,P:9.9,P:9.6,P:10.0,B:9.0,B:9.7,B:10.1,B:10.2,B:10.6,B:10.10,B:11.2,B:11.9,E:10.7,E:11.10,P_B_count,P_E_count,B_E_count",17,122
additive_head,239,0.3675242625936624,0.4337621930010659,0.7692191796713781,"intercept,P:9.9,P:9.6,P:10.0,B:9.0,B:9.7,B:10.1,B:10.2,B:10.6,B:10.10,B:11.2,B:11.9,E:10.7,E:11.10",14,123
pb_occupancy_interaction,239,0.36838001912044815,0.43364502982569864,0.769343834896827,"intercept,P:9.9,P:9.6,P:10.0,B:9.0,B:9.7,B:10.1,B:10.2,B:10.6,B:10.10,B:11.2,B:11.9,E:10.7,E:11.10,P_B_occ",15,123
pb_count_interaction,239,0.3549195987505556,0.4136204237549236,0.7901542048558804,"intercept,P:9.9,P:9.6,P:10.0,B:9.0,B:9.7,B:10.1,B:10.2,B:10.6,B:10.10,B:11.2,B:11.9,E:10.7,E:11.10,P_B_count",15,123
group_count_interaction,239,0.21503794828824743,0.2666772378545767,0.9127695290281204,"intercept,P:9.9,P:9.6,P:10.0,B:9.0,B:9.7,B:10.1,B:10.2,B:10.6,B:10.10,B:11.2,B:11.9,E:10.7,E:11.10,P_B_count,P_E_count,B_E_count",17,123
additive_head,239,0.3820015096632521,0.4502969816742216,0.7593100164604034,"intercept,P:9.9,P:9.6,P:10.0,B:9.0,B:9.7,B:10.1,B:10.2,B:10.6,B:10.10,B:11.2,B:11.9,E:10.7,E:11.10",14,124
pb_occupancy_interaction,239,0.3829037485055916,0.45030356408932193,0.7593029796245978,"intercept,P:9.9,P:9.6,P:10.0,B:9.0,B:9.7,B:10.1,B:10.2,B:10.6,B:10.10,B:11.2,B:11.9,E:10.7,E:11.10,P_B_occ",15,124
pb_count_interaction,239,0.36925229485534605,0.4297109633860087,0.7808139987061171,"intercept,P:9.9,P:9.6,P:10.0,B:9.0,B:9.7,B:10.1,B:10.2,B:10.6,B:10.10,B:11.2,B:11.9,E:10.7,E:11.10,P_B_count",15,124
group_count_interaction,239,0.22384975105114346,0.2778090857472118,0.908387900548674,"intercept,P:9.9,P:9.6,P:10.0,B:9.0,B:9.7,B:10.1,B:10.2,B:10.6,B:10.10,B:11.2,B:11.9,E:10.7,E:11.10,P_B_count,P_E_count,B_E_count",17,124
additive_head,239,0.3891345692889903,0.4622304666184701,0.7661380420063788,"intercept,P:9.9,P:9.6,P:10.0,B:9.0,B:9.7,B:10.1,B:10.2,B:10.6,B:10.10,B:11.2,B:11.9,E:10.7,E:11.10",14,125
pb_occupancy_interaction,239,0.38985238477792283,0.46207507275826243,0.7662952562381267,"intercept,P:9.9,P:9.6,P:10.0,B:9.0,B:9.7,B:10.1,B:10.2,B:10.6,B:10.10,B:11.2,B:11.9,E:10.7,E:11.10,P_B_occ",15,125
pb_count_interaction,239,0.37366088432267314,0.43872014539891424,0.7893227694215945,"intercept,P:9.9,P:9.6,P:10.0,B:9.0,B:9.7,B:10.1,B:10.2,B:10.6,B:10.10,B:11.2,B:11.9,E:10.7,E:11.10,P_B_count",15,125
group_count_interaction,239,0.22664423252035193,0.2825129486429279,0.9126386849883391,"intercept,P:9.9,P:9.6,P:10.0,B:9.0,B:9.7,B:10.1,B:10.2,B:10.6,B:10.10,B:11.2,B:11.9,E:10.7,E:11.10,P_B_count,P_E_count,B_E_count",17,125
additive_head,239,0.38159007506790016,0.45048627735589647,0.7579503636295355,"intercept,P:9.9,P:9.6,P:10.0,B:9.0,B:9.7,B:10.1,B:10.2,B:10.6,B:10.10,B:11.2,B:11.9,E:10.7,E:11.10",14,126
pb_occupancy_interaction,239,0.38244869657685904,0.4504976415093568,0.7579381513866948,"intercept,P:9.9,P:9.6,P:10.0,B:9.0,B:9.7,B:10.1,B:10.2,B:10.6,B:10.10,B:11.2,B:11.9,E:10.7,E:11.10,P_B_occ",15,126
pb_count_interaction,239,0.36895624109029324,0.43025210442482,0.7792059789943628,"intercept,P:9.9,P:9.6,P:10.0,B:9.0,B:9.7,B:10.1,B:10.2,B:10.6,B:10.10,B:11.2,B:11.9,E:10.7,E:11.10,P_B_count",15,126
group_count_interaction,239,0.22201969457559775,0.27641681780066596,0.9088681412848232,"intercept,P:9.9,P:9.6,P:10.0,B:9.0,B:9.7,B:10.1,B:10.2,B:10.6,B:10.10,B:11.2,B:11.9,E:10.7,E:11.10,P_B_count,P_E_count,B_E_count",17,126
additive_head,239,0.38864254506958673,0.459389631727143,0.7640422466073311,"intercept,P:9.9,P:9.6,P:10.0,B:9.0,B:9.7,B:10.1,B:10.2,B:10.6,B:10.10,B:11.2,B:11.9,E:10.7,E:11.10",14,127
pb_occupancy_interaction,239,0.38941773123280454,0.459324714116207,0.7641089295721744,"intercept,P:9.9,P:9.6,P:10.0,B:9.0,B:9.7,B:10.1,B:10.2,B:10.6,B:10.10,B:11.2,B:11.9,E:10.7,E:11.10,P_B_occ",15,127
pb_count_interaction,239,0.3749226127138779,0.4388257010315303,0.7846940732203374,"intercept,P:9.9,P:9.6,P:10.0,B:9.0,B:9.7,B:10.1,B:10.2,B:10.6,B:10.10,B:11.2,B:11.9,E:10.7,E:11.10,P_B_count",15,127
group_count_interaction,239,0.22591190086161245,0.2807187683152534,0.9118921155182184,"intercept,P:9.9,P:9.6,P:10.0,B:9.0,B:9.7,B:10.1,B:10.2,B:10.6,B:10.10,B:11.2,B:11.9,E:10.7,E:11.10,P_B_count,P_E_count,B_E_count",17,127
additive_head,239,0.38633134980782086,0.4574429962579002,0.7634501383056106,"intercept,P:9.9,P:9.6,P:10.0,B:9.0,B:9.7,B:10.1,B:10.2,B:10.6,B:10.10,B:11.2,B:11.9,E:10.7,E:11.10",14,128
pb_occupancy_interaction,239,0.38721489875860093,0.4573255344317473,0.7635716048558886,"intercept,P:9.9,P:9.6,P:10.0,B:9.0,B:9.7,B:10.1,B:10.2,B:10.6,B:10.10,B:11.2,B:11.9,E:10.7,E:11.10,P_B_occ",15,128
pb_count_interaction,239,0.372314133200201,0.43660702619978903,0.7845084852335729,"intercept,P:9.9,P:9.6,P:10.0,B:9.0,B:9.7,B:10.1,B:10.2,B:10.6,B:10.10,B:11.2,B:11.9,E:10.7,E:11.10,P_B_count",15,128
group_count_interaction,239,0.2231259097303442,0.2778205591388635,0.9127475771891309,"intercept,P:9.9,P:9.6,P:10.0,B:9.0,B:9.7,B:10.1,B:10.2,B:10.6,B:10.10,B:11.2,B:11.9,E:10.7,E:11.10,P_B_count,P_E_count,B_E_count",17,128
additive_head,239,0.37843591366914164,0.4479046219942144,0.7661281480241076,"intercept,P:9.9,P:9.6,P:10.0,B:9.0,B:9.7,B:10.1,B:10.2,B:10.6,B:10.10,B:11.2,B:11.9,E:10.7,E:11.10",14,129
pb_occupancy_interaction,239,0.3792277276083117,0.4475583320637515,0.7664896364139703,"intercept,P:9.9,P:9.6,P:10.0,B:9.0,B:9.7,B:10.1,B:10.2,B:10.6,B:10.10,B:11.2,B:11.9,E:10.7,E:11.10,P_B_occ",15,129
pb_count_interaction,239,0.36482514500545765,0.426172962135368,0.7882718255574849,"intercept,P:9.9,P:9.6,P:10.0,B:9.0,B:9.7,B:10.1,B:10.2,B:10.6,B:10.10,B:11.2,B:11.9,E:10.7,E:11.10,P_B_count",15,129
group_count_interaction,239,0.21916800692128505,0.2726291295987584,0.913353428921625,"intercept,P:9.9,P:9.6,P:10.0,B:9.0,B:9.7,B:10.1,B:10.2,B:10.6,B:10.10,B:11.2,B:11.9,E:10.7,E:11.10,P_B_count,P_E_count,B_E_count",17,129
additive_head,239,0.4031424888328669,0.47583187210951167,0.7632124309315339,"intercept,P:9.9,P:9.6,P:10.0,B:9.0,B:9.7,B:10.1,B:10.2,B:10.6,B:10.10,B:11.2,B:11.9,E:10.7,E:11.10",14,130
pb_occupancy_interaction,239,0.4042837718524735,0.47611652736402493,0.7629290409748273,"intercept,P:9.9,P:9.6,P:10.0,B:9.0,B:9.7,B:10.1,B:10.2,B:10.6,B:10.10,B:11.2,B:11.9,E:10.7,E:11.10,P_B_occ",15,130
pb_count_interaction,239,0.38943823794561855,0.4534543487307723,0.7849601322115327,"intercept,P:9.9,P:9.6,P:10.0,B:9.0,B:9.7,B:10.1,B:10.2,B:10.6,B:10.10,B:11.2,B:11.9,E:10.7,E:11.10,P_B_count",15,130
group_count_interaction,239,0.2367819470680299,0.293461260369148,0.9099355505154796,"intercept,P:9.9,P:9.6,P:10.0,B:9.0,B:9.7,B:10.1,B:10.2,B:10.6,B:10.10,B:11.2,B:11.9,E:10.7,E:11.10,P_B_count,P_E_count,B_E_count",17,130
additive_head,239,0.3787127677304934,0.4480494206263317,0.7735363737155487,"intercept,P:9.9,P:9.6,P:10.0,B:9.0,B:9.7,B:10.1,B:10.2,B:10.6,B:10.10,B:11.2,B:11.9,E:10.7,E:11.10",14,131
pb_occupancy_interaction,239,0.3795579787615645,0.4479550281705939,0.77363178375338,"intercept,P:9.9,P:9.6,P:10.0,B:9.0,B:9.7,B:10.1,B:10.2,B:10.6,B:10.10,B:11.2,B:11.9,E:10.7,E:11.10,P_B_occ",15,131
pb_count_interaction,239,0.36471975145720553,0.42628768294825353,0.7950007906951688,"intercept,P:9.9,P:9.6,P:10.0,B:9.0,B:9.7,B:10.1,B:10.2,B:10.6,B:10.10,B:11.2,B:11.9,E:10.7,E:11.10,P_B_count",15,131
group_count_interaction,239,0.2226332238614912,0.27674610808022754,0.9136008119406007,"intercept,P:9.9,P:9.6,P:10.0,B:9.0,B:9.7,B:10.1,B:10.2,B:10.6,B:10.10,B:11.2,B:11.9,E:10.7,E:11.10,P_B_count,P_E_count,B_E_count",17,131
additive_head,239,0.36493764721239175,0.4322519247817774,0.7615199220182414,"intercept,P:9.9,P:9.6,P:10.0,B:9.0,B:9.7,B:10.1,B:10.2,B:10.6,B:10.10,B:11.2,B:11.9,E:10.7,E:11.10",14,132
pb_occupancy_interaction,239,0.36594456229493205,0.4322644329739049,0.7615061198921096,"intercept,P:9.9,P:9.6,P:10.0,B:9.0,B:9.7,B:10.1,B:10.2,B:10.6,B:10.10,B:11.2,B:11.9,E:10.7,E:11.10,P_B_occ",15,132
pb_count_interaction,239,0.35170995366901553,0.4118476942195193,0.7835031852328792,"intercept,P:9.9,P:9.6,P:10.0,B:9.0,B:9.7,B:10.1,B:10.2,B:10.6,B:10.10,B:11.2,B:11.9,E:10.7,E:11.10,P_B_count",15,132
group_count_interaction,239,0.21191561862579278,0.26431569839914004,0.9108288948909912,"intercept,P:9.9,P:9.6,P:10.0,B:9.0,B:9.7,B:10.1,B:10.2,B:10.6,B:10.10,B:11.2,B:11.9,E:10.7,E:11.10,P_B_count,P_E_count,B_E_count",17,132
additive_head,239,0.3719089941209524,0.4373361834239027,0.7703288811269803,"intercept,P:9.9,P:9.6,P:10.0,B:9.0,B:9.7,B:10.1,B:10.2,B:10.6,B:10.10,B:11.2,B:11.9,E:10.7,E:11.10",14,133
pb_occupancy_interaction,239,0.3728337159899305,0.43729291361554956,0.7703743259543372,"intercept,P:9.9,P:9.6,P:10.0,B:9.0,B:9.7,B:10.1,B:10.2,B:10.6,B:10.10,B:11.2,B:11.9,E:10.7,E:11.10,P_B_occ",15,133
pb_count_interaction,239,0.36004679777716053,0.41867233752861616,0.7895135714215029,"intercept,P:9.9,P:9.6,P:10.0,B:9.0,B:9.7,B:10.1,B:10.2,B:10.6,B:10.10,B:11.2,B:11.9,E:10.7,E:11.10,P_B_count",15,133
group_count_interaction,239,0.21706173331421671,0.2690901271853781,0.9130496983819189,"intercept,P:9.9,P:9.6,P:10.0,B:9.0,B:9.7,B:10.1,B:10.2,B:10.6,B:10.10,B:11.2,B:11.9,E:10.7,E:11.10,P_B_count,P_E_count,B_E_count",17,133
additive_head,239,0.3757567221098908,0.4460003134400864,0.7634495719522769,"intercept,P:9.9,P:9.6,P:10.0,B:9.0,B:9.7,B:10.1,B:10.2,B:10.6,B:10.10,B:11.2,B:11.9,E:10.7,E:11.10",14,134
pb_occupancy_interaction,239,0.3765581604666548,0.4456951145336324,0.7637732050449828,"intercept,P:9.9,P:9.6,P:10.0,B:9.0,B:9.7,B:10.1,B:10.2,B:10.6,B:10.10,B:11.2,B:11.9,E:10.7,E:11.10,P_B_occ",15,134
pb_count_interaction,239,0.36277886155755107,0.42501423870461147,0.7851870940459945,"intercept,P:9.9,P:9.6,P:10.0,B:9.0,B:9.7,B:10.1,B:10.2,B:10.6,B:10.10,B:11.2,B:11.9,E:10.7,E:11.10,P_B_count",15,134
group_count_interaction,239,0.21778927850392157,0.27183792629942144,0.9121233469762093,"intercept,P:9.9,P:9.6,P:10.0,B:9.0,B:9.7,B:10.1,B:10.2,B:10.6,B:10.10,B:11.2,B:11.9,E:10.7,E:11.10,P_B_count,P_E_count,B_E_count",17,134
additive_head,239,0.4037206742323556,0.4760187578895814,0.754998253763523,"intercept,P:9.9,P:9.6,P:10.0,B:9.0,B:9.7,B:10.1,B:10.2,B:10.6,B:10.10,B:11.2,B:11.9,E:10.7,E:11.10",14,135
pb_occupancy_interaction,239,0.4048754442315551,0.47655043831934224,0.7544506476921152,"intercept,P:9.9,P:9.6,P:10.0,B:9.0,B:9.7,B:10.1,B:10.2,B:10.6,B:10.10,B:11.2,B:11.9,E:10.7,E:11.10,P_B_occ",15,135
pb_count_interaction,239,0.390292510575497,0.4552865741088676,0.775874777598651,"intercept,P:9.9,P:9.6,P:10.0,B:9.0,B:9.7,B:10.1,B:10.2,B:10.6,B:10.10,B:11.2,B:11.9,E:10.7,E:11.10,P_B_count",15,135
group_count_interaction,239,0.23773428650596945,0.29401247825068777,0.9065342335171316,"intercept,P:9.9,P:9.6,P:10.0,B:9.0,B:9.7,B:10.1,B:10.2,B:10.6,B:10.10,B:11.2,B:11.9,E:10.7,E:11.10,P_B_count,P_E_count,B_E_count",17,135
additive_head,239,0.3728886263604283,0.44281211112595026,0.7873662986441817,"intercept,P:9.9,P:9.6,P:10.0,B:9.0,B:9.7,B:10.1,B:10.2,B:10.6,B:10.10,B:11.2,B:11.9,E:10.7,E:11.10",14,136
pb_occupancy_interaction,239,0.3734572526837544,0.44242198740839167,0.7877408001828158,"intercept,P:9.9,P:9.6,P:10.0,B:9.0,B:9.7,B:10.1,B:10.2,B:10.6,B:10.10,B:11.2,B:11.9,E:10.7,E:11.10,P_B_occ",15,136
pb_count_interaction,239,0.35871706373455997,0.4207067145864334,0.8080659598855077,"intercept,P:9.9,P:9.6,P:10.0,B:9.0,B:9.7,B:10.1,B:10.2,B:10.6,B:10.10,B:11.2,B:11.9,E:10.7,E:11.10,P_B_count",15,136
group_count_interaction,239,0.21732594449299153,0.27118602355515753,0.92025054495697,"intercept,P:9.9,P:9.6,P:10.0,B:9.0,B:9.7,B:10.1,B:10.2,B:10.6,B:10.10,B:11.2,B:11.9,E:10.7,E:11.10,P_B_count,P_E_count,B_E_count",17,136
additive_head,239,0.3840616041415056,0.45613338664717856,0.7743091088028984,"intercept,P:9.9,P:9.6,P:10.0,B:9.0,B:9.7,B:10.1,B:10.2,B:10.6,B:10.10,B:11.2,B:11.9,E:10.7,E:11.10",14,137
pb_occupancy_interaction,239,0.3847766138515474,0.45603094794600807,0.7744104690029785,"intercept,P:9.9,P:9.6,P:10.0,B:9.0,B:9.7,B:10.1,B:10.2,B:10.6,B:10.10,B:11.2,B:11.9,E:10.7,E:11.10,P_B_occ",15,137
pb_count_interaction,239,0.36829778968411736,0.4329643688915927,0.7966544733710054,"intercept,P:9.9,P:9.6,P:10.0,B:9.0,B:9.7,B:10.1,B:10.2,B:10.6,B:10.10,B:11.2,B:11.9,E:10.7,E:11.10,P_B_count",15,137
group_count_interaction,239,0.2225626486503595,0.27675397199676055,0.9169158782232589,"intercept,P:9.9,P:9.6,P:10.0,B:9.0,B:9.7,B:10.1,B:10.2,B:10.6,B:10.10,B:11.2,B:11.9,E:10.7,E:11.10,P_B_count,P_E_count,B_E_count",17,137
additive_head,239,0.36783969070928807,0.4346321622499579,0.7725698551203732,"intercept,P:9.9,P:9.6,P:10.0,B:9.0,B:9.7,B:10.1,B:10.2,B:10.6,B:10.10,B:11.2,B:11.9,E:10.7,E:11.10",14,138
pb_occupancy_interaction,239,0.36868897920773813,0.4345463917630627,0.7726596085772764,"intercept,P:9.9,P:9.6,P:10.0,B:9.0,B:9.7,B:10.1,B:10.2,B:10.6,B:10.10,B:11.2,B:11.9,E:10.7,E:11.10,P_B_occ",15,138
pb_count_interaction,239,0.3541467972550355,0.4136531381242855,0.7939953830026758,"intercept,P:9.9,P:9.6,P:10.0,B:9.0,B:9.7,B:10.1,B:10.2,B:10.6,B:10.10,B:11.2,B:11.9,E:10.7,E:11.10,P_B_count",15,138
group_count_interaction,239,0.21463413794241898,0.2674032152466665,0.9139130032986238,"intercept,P:9.9,P:9.6,P:10.0,B:9.0,B:9.7,B:10.1,B:10.2,B:10.6,B:10.10,B:11.2,B:11.9,E:10.7,E:11.10,P_B_count,P_E_count,B_E_count",17,138
additive_head,239,0.37569592049459444,0.44488800859048355,0.7747738939197469,"intercept,P:9.9,P:9.6,P:10.0,B:9.0,B:9.7,B:10.1,B:10.2,B:10.6,B:10.10,B:11.2,B:11.9,E:10.7,E:11.10",14,139
pb_occupancy_interaction,239,0.3767330088395215,0.4449430051861953,0.7747182060411157,"intercept,P:9.9,P:9.6,P:10.0,B:9.0,B:9.7,B:10.1,B:10.2,B:10.6,B:10.10,B:11.2,B:11.9,E:10.7,E:11.10,P_B_occ",15,139
pb_count_interaction,239,0.3615024543208899,0.423477251780112,0.7959307819608196,"intercept,P:9.9,P:9.6,P:10.0,B:9.0,B:9.7,B:10.1,B:10.2,B:10.6,B:10.10,B:11.2,B:11.9,E:10.7,E:11.10,P_B_count",15,139
group_count_interaction,239,0.21939954841458392,0.2729565036393217,0.9152178898742487,"intercept,P:9.9,P:9.6,P:10.0,B:9.0,B:9.7,B:10.1,B:10.2,B:10.6,B:10.10,B:11.2,B:11.9,E:10.7,E:11.10,P_B_count,P_E_count,B_E_count",17,139
additive_head,239,0.37414444076403386,0.4429106897679573,0.7714810855148562,"intercept,P:9.9,P:9.6,P:10.0,B:9.0,B:9.7,B:10.1,B:10.2,B:10.6,B:10.10,B:11.2,B:11.9,E:10.7,E:11.10",14,140
pb_occupancy_interaction,239,0.37505179045892034,0.44284474405532537,0.771549129574874,"intercept,P:9.9,P:9.6,P:10.0,B:9.0,B:9.7,B:10.1,B:10.2,B:10.6,B:10.10,B:11.2,B:11.9,E:10.7,E:11.10,P_B_occ",15,140
pb_count_interaction,239,0.3607638358863598,0.4218159321960062,0.7927303154631423,"intercept,P:9.9,P:9.6,P:10.0,B:9.0,B:9.7,B:10.1,B:10.2,B:10.6,B:10.10,B:11.2,B:11.9,E:10.7,E:11.10,P_B_count",15,140
group_count_interaction,239,0.21781196172516115,0.27116439071643184,0.9143445220399069,"intercept,P:9.9,P:9.6,P:10.0,B:9.0,B:9.7,B:10.1,B:10.2,B:10.6,B:10.10,B:11.2,B:11.9,E:10.7,E:11.10,P_B_count,P_E_count,B_E_count",17,140
additive_head,239,0.3841486921137411,0.45375921998919844,0.7623485545219615,"intercept,P:9.9,P:9.6,P:10.0,B:9.0,B:9.7,B:10.1,B:10.2,B:10.6,B:10.10,B:11.2,B:11.9,E:10.7,E:11.10",14,141
pb_occupancy_interaction,239,0.3850761810007053,0.45385162229685805,0.7622517552640978,"intercept,P:9.9,P:9.6,P:10.0,B:9.0,B:9.7,B:10.1,B:10.2,B:10.6,B:10.10,B:11.2,B:11.9,E:10.7,E:11.10,P_B_occ",15,141
pb_count_interaction,239,0.3715166902201559,0.43375545906953494,0.7828401953492493,"intercept,P:9.9,P:9.6,P:10.0,B:9.0,B:9.7,B:10.1,B:10.2,B:10.6,B:10.10,B:11.2,B:11.9,E:10.7,E:11.10,P_B_count",15,141
group_count_interaction,239,0.22455618909938035,0.2792547767727903,0.9099900011352322,"intercept,P:9.9,P:9.6,P:10.0,B:9.0,B:9.7,B:10.1,B:10.2,B:10.6,B:10.10,B:11.2,B:11.9,E:10.7,E:11.10,P_B_count,P_E_count,B_E_count",17,141
additive_head,239,0.3817240675096564,0.4519466925792837,0.769658704934318,"intercept,P:9.9,P:9.6,P:10.0,B:9.0,B:9.7,B:10.1,B:10.2,B:10.6,B:10.10,B:11.2,B:11.9,E:10.7,E:11.10",14,142
pb_occupancy_interaction,239,0.3826918364700339,0.45189829299082335,0.7697080374202934,"intercept,P:9.9,P:9.6,P:10.0,B:9.0,B:9.7,B:10.1,B:10.2,B:10.6,B:10.10,B:11.2,B:11.9,E:10.7,E:11.10,P_B_occ",15,142
pb_count_interaction,239,0.3671870050044226,0.43062870514985985,0.7908762629395703,"intercept,P:9.9,P:9.6,P:10.0,B:9.0,B:9.7,B:10.1,B:10.2,B:10.6,B:10.10,B:11.2,B:11.9,E:10.7,E:11.10,P_B_count",15,142
group_count_interaction,239,0.2235723531801201,0.27864659970431416,0.9124401770326157,"intercept,P:9.9,P:9.6,P:10.0,B:9.0,B:9.7,B:10.1,B:10.2,B:10.6,B:10.10,B:11.2,B:11.9,E:10.7,E:11.10,P_B_count,P_E_count,B_E_count",17,142
additive_head,239,0.3727665552906264,0.44241311088652135,0.7810066005086627,"intercept,P:9.9,P:9.6,P:10.0,B:9.0,B:9.7,B:10.1,B:10.2,B:10.6,B:10.10,B:11.2,B:11.9,E:10.7,E:11.10",14,143
pb_occupancy_interaction,239,0.3735453644764151,0.44216074211933215,0.7812563730841016,"intercept,P:9.9,P:9.6,P:10.0,B:9.0,B:9.7,B:10.1,B:10.2,B:10.6,B:10.10,B:11.2,B:11.9,E:10.7,E:11.10,P_B_occ",15,143
pb_count_interaction,239,0.35815862228071965,0.4193646522329137,0.8032300883046255,"intercept,P:9.9,P:9.6,P:10.0,B:9.0,B:9.7,B:10.1,B:10.2,B:10.6,B:10.10,B:11.2,B:11.9,E:10.7,E:11.10,P_B_count",15,143
group_count_interaction,239,0.21680383375593784,0.2704894166873609,0.9181392720277797,"intercept,P:9.9,P:9.6,P:10.0,B:9.0,B:9.7,B:10.1,B:10.2,B:10.6,B:10.10,B:11.2,B:11.9,E:10.7,E:11.10,P_B_count,P_E_count,B_E_count",17,143
additive_head,239,0.38947588708750885,0.4618555176775597,0.7751071978941512,"intercept,P:9.9,P:9.6,P:10.0,B:9.0,B:9.7,B:10.1,B:10.2,B:10.6,B:10.10,B:11.2,B:11.9,E:10.7,E:11.10",14,144
pb_occupancy_interaction,239,0.39048991119127063,0.46184908122883905,0.7751134660920905,"intercept,P:9.9,P:9.6,P:10.0,B:9.0,B:9.7,B:10.1,B:10.2,B:10.6,B:10.10,B:11.2,B:11.9,E:10.7,E:11.10,P_B_occ",15,144
pb_count_interaction,239,0.3747533835662643,0.43970935967989805,0.7961575159072564,"intercept,P:9.9,P:9.6,P:10.0,B:9.0,B:9.7,B:10.1,B:10.2,B:10.6,B:10.10,B:11.2,B:11.9,E:10.7,E:11.10,P_B_count",15,144
group_count_interaction,239,0.2273408079939724,0.2826531716579128,0.9157691838128859,"intercept,P:9.9,P:9.6,P:10.0,B:9.0,B:9.7,B:10.1,B:10.2,B:10.6,B:10.10,B:11.2,B:11.9,E:10.7,E:11.10,P_B_count,P_E_count,B_E_count",17,144
additive_head,239,0.3927734970760906,0.4642194051601585,0.7642465919524654,"intercept,P:9.9,P:9.6,P:10.0,B:9.0,B:9.7,B:10.1,B:10.2,B:10.6,B:10.10,B:11.2,B:11.9,E:10.7,E:11.10",14,145
pb_occupancy_interaction,239,0.3936655003951129,0.46429328091752786,0.7641715505078213,"intercept,P:9.9,P:9.6,P:10.0,B:9.0,B:9.7,B:10.1,B:10.2,B:10.6,B:10.10,B:11.2,B:11.9,E:10.7,E:11.10,P_B_occ",15,145
pb_count_interaction,239,0.3786791505917045,0.4422622577229066,0.7860209991063085,"intercept,P:9.9,P:9.6,P:10.0,B:9.0,B:9.7,B:10.1,B:10.2,B:10.6,B:10.10,B:11.2,B:11.9,E:10.7,E:11.10,P_B_count",15,145
group_count_interaction,239,0.22955800645284719,0.2848211908076092,0.911252527403365,"intercept,P:9.9,P:9.6,P:10.0,B:9.0,B:9.7,B:10.1,B:10.2,B:10.6,B:10.10,B:11.2,B:11.9,E:10.7,E:11.10,P_B_count,P_E_count,B_E_count",17,145
additive_head,239,0.3737359642917823,0.442178732473086,0.7618176355451388,"intercept,P:9.9,P:9.6,P:10.0,B:9.0,B:9.7,B:10.1,B:10.2,B:10.6,B:10.10,B:11.2,B:11.9,E:10.7,E:11.10",14,146
pb_occupancy_interaction,239,0.3745518699138947,0.44225443352023347,0.7617360748706783,"intercept,P:9.9,P:9.6,P:10.0,B:9.0,B:9.7,B:10.1,B:10.2,B:10.6,B:10.10,B:11.2,B:11.9,E:10.7,E:11.10,P_B_occ",15,146
pb_count_interaction,239,0.36132032659183017,0.4217935269823543,0.7832726491047702,"intercept,P:9.9,P:9.6,P:10.0,B:9.0,B:9.7,B:10.1,B:10.2,B:10.6,B:10.10,B:11.2,B:11.9,E:10.7,E:11.10,P_B_count",15,146
group_count_interaction,239,0.21778190056303903,0.2714151841646018,0.9102608023812814,"intercept,P:9.9,P:9.6,P:10.0,B:9.0,B:9.7,B:10.1,B:10.2,B:10.6,B:10.10,B:11.2,B:11.9,E:10.7,E:11.10,P_B_count,P_E_count,B_E_count",17,146
additive_head,239,0.3837961671173467,0.450180595734299,0.7518171907376803,"intercept,P:9.9,P:9.6,P:10.0,B:9.0,B:9.7,B:10.1,B:10.2,B:10.6,B:10.10,B:11.2,B:11.9,E:10.7,E:11.10",14,147
pb_occupancy_interaction,239,0.3848024917059712,0.4501761436879328,0.7518220995050553,"intercept,P:9.9,P:9.6,P:10.0,B:9.0,B:9.7,B:10.1,B:10.2,B:10.6,B:10.10,B:11.2,B:11.9,E:10.7,E:11.10,P_B_occ",15,147
pb_count_interaction,239,0.37242526641279217,0.4317553907972648,0.771716937239475,"intercept,P:9.9,P:9.6,P:10.0,B:9.0,B:9.7,B:10.1,B:10.2,B:10.6,B:10.10,B:11.2,B:11.9,E:10.7,E:11.10,P_B_count",15,147
group_count_interaction,239,0.2243762475921224,0.2782731818597163,0.9051710676736857,"intercept,P:9.9,P:9.6,P:10.0,B:9.0,B:9.7,B:10.1,B:10.2,B:10.6,B:10.10,B:11.2,B:11.9,E:10.7,E:11.10,P_B_count,P_E_count,B_E_count",17,147
additive_head,239,0.38251997406590904,0.45079010814990617,0.7609183644236222,"intercept,P:9.9,P:9.6,P:10.0,B:9.0,B:9.7,B:10.1,B:10.2,B:10.6,B:10.10,B:11.2,B:11.9,E:10.7,E:11.10",14,148
pb_occupancy_interaction,239,0.3835898615595323,0.45098065675031646,0.7607162024923713,"intercept,P:9.9,P:9.6,P:10.0,B:9.0,B:9.7,B:10.1,B:10.2,B:10.6,B:10.10,B:11.2,B:11.9,E:10.7,E:11.10,P_B_occ",15,148
pb_count_interaction,239,0.3699676657462623,0.4310602105831426,0.7813883327057579,"intercept,P:9.9,P:9.6,P:10.0,B:9.0,B:9.7,B:10.1,B:10.2,B:10.6,B:10.10,B:11.2,B:11.9,E:10.7,E:11.10,P_B_count",15,148
group_count_interaction,239,0.22292254437302256,0.276697168763112,0.9099244559897042,"intercept,P:9.9,P:9.6,P:10.0,B:9.0,B:9.7,B:10.1,B:10.2,B:10.6,B:10.10,B:11.2,B:11.9,E:10.7,E:11.10,P_B_count,P_E_count,B_E_count",17,148
additive_head,239,0.3806351133596373,0.4499791664703238,0.7743307748947788,"intercept,P:9.9,P:9.6,P:10.0,B:9.0,B:9.7,B:10.1,B:10.2,B:10.6,B:10.10,B:11.2,B:11.9,E:10.7,E:11.10",14,149
pb_occupancy_interaction,239,0.3812721860552569,0.4498176739120482,0.7744927262185045,"intercept,P:9.9,P:9.6,P:10.0,B:9.0,B:9.7,B:10.1,B:10.2,B:10.6,B:10.10,B:11.2,B:11.9,E:10.7,E:11.10,P_B_occ",15,149
pb_count_interaction,239,0.3661772273038555,0.4279340753037014,0.7959008184806379,"intercept,P:9.9,P:9.6,P:10.0,B:9.0,B:9.7,B:10.1,B:10.2,B:10.6,B:10.10,B:11.2,B:11.9,E:10.7,E:11.10,P_B_count",15,149
group_count_interaction,239,0.22291575282843012,0.2772503825884693,0.9143293953501538,"intercept,P:9.9,P:9.6,P:10.0,B:9.0,B:9.7,B:10.1,B:10.2,B:10.6,B:10.10,B:11.2,B:11.9,E:10.7,E:11.10,P_B_count,P_E_count,B_E_count",17,149
additive_head,239,0.3864591828417546,0.4564301898871656,0.7552882790095312,"intercept,P:9.9,P:9.6,P:10.0,B:9.0,B:9.7,B:10.1,B:10.2,B:10.6,B:10.10,B:11.2,B:11.9,E:10.7,E:11.10",14,150
pb_occupancy_interaction,239,0.38730269414161606,0.45637195980497114,0.7553507142952858,"intercept,P:9.9,P:9.6,P:10.0,B:9.0,B:9.7,B:10.1,B:10.2,B:10.6,B:10.10,B:11.2,B:11.9,E:10.7,E:11.10,P_B_occ",15,150
pb_count_interaction,239,0.37415602694532496,0.4371392168999131,0.7755365745319229,"intercept,P:9.9,P:9.6,P:10.0,B:9.0,B:9.7,B:10.1,B:10.2,B:10.6,B:10.10,B:11.2,B:11.9,E:10.7,E:11.10,P_B_count",15,150
group_count_interaction,239,0.2253351182180083,0.2803863301978642,0.907653653244083,"intercept,P:9.9,P:9.6,P:10.0,B:9.0,B:9.7,B:10.1,B:10.2,B:10.6,B:10.10,B:11.2,B:11.9,E:10.7,E:11.10,P_B_count,P_E_count,B_E_count",17,150
additive_head,239,0.3682576850956327,0.4357371882752513,0.765760405270941,"intercept,P:9.9,P:9.6,P:10.0,B:9.0,B:9.7,B:10.1,B:10.2,B:10.6,B:10.10,B:11.2,B:11.9,E:10.7,E:11.10",14,151
pb_occupancy_interaction,239,0.36896043507991777,0.43563375965228274,0.7658715924913704,"intercept,P:9.9,P:9.6,P:10.0,B:9.0,B:9.7,B:10.1,B:10.2,B:10.6,B:10.10,B:11.2,B:11.9,E:10.7,E:11.10,P_B_occ",15,151
pb_count_interaction,239,0.35602317462467065,0.416041003649879,0.7864579904147614,"intercept,P:9.9,P:9.6,P:10.0,B:9.0,B:9.7,B:10.1,B:10.2,B:10.6,B:10.10,B:11.2,B:11.9,E:10.7,E:11.10,P_B_count",15,151
group_count_interaction,239,0.2130536017417378,0.2656441954382986,0.9129413925875468,"intercept,P:9.9,P:9.6,P:10.0,B:9.0,B:9.7,B:10.1,B:10.2,B:10.6,B:10.10,B:11.2,B:11.9,E:10.7,E:11.10,P_B_count,P_E_count,B_E_count",17,151
additive_head,239,0.3792183964762694,0.446006870455748,0.759687877524711,"intercept,P:9.9,P:9.6,P:10.0,B:9.0,B:9.7,B:10.1,B:10.2,B:10.6,B:10.10,B:11.2,B:11.9,E:10.7,E:11.10",14,152
pb_occupancy_interaction,239,0.3801305225276347,0.4460550565298287,0.7596359486239166,"intercept,P:9.9,P:9.6,P:10.0,B:9.0,B:9.7,B:10.1,B:10.2,B:10.6,B:10.10,B:11.2,B:11.9,E:10.7,E:11.10,P_B_occ",15,152
pb_count_interaction,239,0.3673507388826199,0.4272465950112758,0.7794790767212492,"intercept,P:9.9,P:9.6,P:10.0,B:9.0,B:9.7,B:10.1,B:10.2,B:10.6,B:10.10,B:11.2,B:11.9,E:10.7,E:11.10,P_B_count",15,152
group_count_interaction,239,0.22137734999869607,0.27493914232529537,0.908680036608082,"intercept,P:9.9,P:9.6,P:10.0,B:9.0,B:9.7,B:10.1,B:10.2,B:10.6,B:10.10,B:11.2,B:11.9,E:10.7,E:11.10,P_B_count,P_E_count,B_E_count",17,152
additive_head,239,0.379975891169174,0.4481507970867084,0.7708404376302187,"intercept,P:9.9,P:9.6,P:10.0,B:9.0,B:9.7,B:10.1,B:10.2,B:10.6,B:10.10,B:11.2,B:11.9,E:10.7,E:11.10",14,153
pb_occupancy_interaction,239,0.38088026055591107,0.4481959899891799,0.7707942169919657,"intercept,P:9.9,P:9.6,P:10.0,B:9.0,B:9.7,B:10.1,B:10.2,B:10.6,B:10.10,B:11.2,B:11.9,E:10.7,E:11.10,P_B_occ",15,153
pb_count_interaction,239,0.36855643201260607,0.4294611692386074,0.789555566749836,"intercept,P:9.9,P:9.6,P:10.0,B:9.0,B:9.7,B:10.1,B:10.2,B:10.6,B:10.10,B:11.2,B:11.9,E:10.7,E:11.10,P_B_count",15,153
group_count_interaction,239,0.22176170988404345,0.27541095997428544,0.9134529885628521,"intercept,P:9.9,P:9.6,P:10.0,B:9.0,B:9.7,B:10.1,B:10.2,B:10.6,B:10.10,B:11.2,B:11.9,E:10.7,E:11.10,P_B_count,P_E_count,B_E_count",17,153
additive_head,239,0.3860462834596857,0.45464811880005823,0.7609298650842078,"intercept,P:9.9,P:9.6,P:10.0,B:9.0,B:9.7,B:10.1,B:10.2,B:10.6,B:10.10,B:11.2,B:11.9,E:10.7,E:11.10",14,154
pb_occupancy_interaction,239,0.38700875042326366,0.4548495189976978,0.7607180114113952,"intercept,P:9.9,P:9.6,P:10.0,B:9.0,B:9.7,B:10.1,B:10.2,B:10.6,B:10.10,B:11.2,B:11.9,E:10.7,E:11.10,P_B_occ",15,154
pb_count_interaction,239,0.3736775763533786,0.4355097972406849,0.7806334584124683,"intercept,P:9.9,P:9.6,P:10.0,B:9.0,B:9.7,B:10.1,B:10.2,B:10.6,B:10.10,B:11.2,B:11.9,E:10.7,E:11.10,P_B_count",15,154
group_count_interaction,239,0.22472021274212403,0.2787144254632265,0.910155101162572,"intercept,P:9.9,P:9.6,P:10.0,B:9.0,B:9.7,B:10.1,B:10.2,B:10.6,B:10.10,B:11.2,B:11.9,E:10.7,E:11.10,P_B_count,P_E_count,B_E_count",17,154
additive_head,239,0.3971452299965586,0.46657592298070366,0.7540576409629702,"intercept,P:9.9,P:9.6,P:10.0,B:9.0,B:9.7,B:10.1,B:10.2,B:10.6,B:10.10,B:11.2,B:11.9,E:10.7,E:11.10",14,155
pb_occupancy_interaction,239,0.39814364599349145,0.4666862134574273,0.7539413541824455,"intercept,P:9.9,P:9.6,P:10.0,B:9.0,B:9.7,B:10.1,B:10.2,B:10.6,B:10.10,B:11.2,B:11.9,E:10.7,E:11.10,P_B_occ",15,155
pb_count_interaction,239,0.3847049645366724,0.4470740438339203,0.7741876972964838,"intercept,P:9.9,P:9.6,P:10.0,B:9.0,B:9.7,B:10.1,B:10.2,B:10.6,B:10.10,B:11.2,B:11.9,E:10.7,E:11.10,P_B_count",15,155
group_count_interaction,239,0.23304861544638122,0.2883233561100062,0.9060821080902925,"intercept,P:9.9,P:9.6,P:10.0,B:9.0,B:9.7,B:10.1,B:10.2,B:10.6,B:10.10,B:11.2,B:11.9,E:10.7,E:11.10,P_B_count,P_E_count,B_E_count",17,155
additive_head,239,0.37949522260904656,0.44787212020677,0.7683379752732551,"intercept,P:9.9,P:9.6,P:10.0,B:9.0,B:9.7,B:10.1,B:10.2,B:10.6,B:10.10,B:11.2,B:11.9,E:10.7,E:11.10",14,156
pb_occupancy_interaction,239,0.3803540106998076,0.44794657525695836,0.7682609450648437,"intercept,P:9.9,P:9.6,P:10.0,B:9.0,B:9.7,B:10.1,B:10.2,B:10.6,B:10.10,B:11.2,B:11.9,E:10.7,E:11.10,P_B_occ",15,156
pb_count_interaction,239,0.36709634844840994,0.42856243192713495,0.7878832394115733,"intercept,P:9.9,P:9.6,P:10.0,B:9.0,B:9.7,B:10.1,B:10.2,B:10.6,B:10.10,B:11.2,B:11.9,E:10.7,E:11.10,P_B_count",15,156
group_count_interaction,239,0.22077225508956516,0.27390973975776484,0.9133513619250182,"intercept,P:9.9,P:9.6,P:10.0,B:9.0,B:9.7,B:10.1,B:10.2,B:10.6,B:10.10,B:11.2,B:11.9,E:10.7,E:11.10,P_B_count,P_E_count,B_E_count",17,156
additive_head,239,0.37931798364173325,0.44794987805411834,0.765752527867963,"intercept,P:9.9,P:9.6,P:10.0,B:9.0,B:9.7,B:10.1,B:10.2,B:10.6,B:10.10,B:11.2,B:11.9,E:10.7,E:11.10",14,157
pb_occupancy_interaction,239,0.3802190573945718,0.4480380682251057,0.7656602838059035,"intercept,P:9.9,P:9.6,P:10.0,B:9.0,B:9.7,B:10.1,B:10.2,B:10.6,B:10.10,B:11.2,B:11.9,E:10.7,E:11.10,P_B_occ",15,157
pb_count_interaction,239,0.36635593807216904,0.4282737335138751,0.7858791560551379,"intercept,P:9.9,P:9.6,P:10.0,B:9.0,B:9.7,B:10.1,B:10.2,B:10.6,B:10.10,B:11.2,B:11.9,E:10.7,E:11.10,P_B_count",15,157
group_count_interaction,239,0.22323314756552703,0.27783286285475467,0.9098878616519717,"intercept,P:9.9,P:9.6,P:10.0,B:9.0,B:9.7,B:10.1,B:10.2,B:10.6,B:10.10,B:11.2,B:11.9,E:10.7,E:11.10,P_B_count,P_E_count,B_E_count",17,157
additive_head,239,0.39683125303159045,0.46685935755888863,0.7558908198635488,"intercept,P:9.9,P:9.6,P:10.0,B:9.0,B:9.7,B:10.1,B:10.2,B:10.6,B:10.10,B:11.2,B:11.9,E:10.7,E:11.10",14,158
pb_occupancy_interaction,239,0.39784644709639394,0.4669260525522983,0.7558210685655216,"intercept,P:9.9,P:9.6,P:10.0,B:9.0,B:9.7,B:10.1,B:10.2,B:10.6,B:10.10,B:11.2,B:11.9,E:10.7,E:11.10,P_B_occ",15,158
pb_count_interaction,239,0.38428927286455544,0.44763212301581484,0.7755836649236053,"intercept,P:9.9,P:9.6,P:10.0,B:9.0,B:9.7,B:10.1,B:10.2,B:10.6,B:10.10,B:11.2,B:11.9,E:10.7,E:11.10,P_B_count",15,158
group_count_interaction,239,0.23251336374474144,0.2878972054857485,0.9071703154454415,"intercept,P:9.9,P:9.6,P:10.0,B:9.0,B:9.7,B:10.1,B:10.2,B:10.6,B:10.10,B:11.2,B:11.9,E:10.7,E:11.10,P_B_count,P_E_count,B_E_count",17,158
additive_head,239,0.3705025492081001,0.4376186862599106,0.7585181520200148,"intercept,P:9.9,P:9.6,P:10.0,B:9.0,B:9.7,B:10.1,B:10.2,B:10.6,B:10.10,B:11.2,B:11.9,E:10.7,E:11.10",14,159
pb_occupancy_interaction,239,0.3713743258438665,0.4376827099658007,0.7584474891610461,"intercept,P:9.9,P:9.6,P:10.0,B:9.0,B:9.7,B:10.1,B:10.2,B:10.6,B:10.10,B:11.2,B:11.9,E:10.7,E:11.10,P_B_occ",15,159
pb_count_interaction,239,0.35820604288069624,0.41810854210829884,0.7795699214066898,"intercept,P:9.9,P:9.6,P:10.0,B:9.0,B:9.7,B:10.1,B:10.2,B:10.6,B:10.10,B:11.2,B:11.9,E:10.7,E:11.10,P_B_count",15,159
group_count_interaction,239,0.21525571165957175,0.2678057988638433,0.9095657944039598,"intercept,P:9.9,P:9.6,P:10.0,B:9.0,B:9.7,B:10.1,B:10.2,B:10.6,B:10.10,B:11.2,B:11.9,E:10.7,E:11.10,P_B_count,P_E_count,B_E_count",17,159
additive_head,239,0.3653897044396505,0.4320898182829309,0.7667067636980858,"intercept,P:9.9,P:9.6,P:10.0,B:9.0,B:9.7,B:10.1,B:10.2,B:10.6,B:10.10,B:11.2,B:11.9,E:10.7,E:11.10",14,160
pb_occupancy_interaction,239,0.36623512156572563,0.43195776990277257,0.7668493326059131,"intercept,P:9.9,P:9.6,P:10.0,B:9.0,B:9.7,B:10.1,B:10.2,B:10.6,B:10.10,B:11.2,B:11.9,E:10.7,E:11.10,P_B_occ",15,160
pb_count_interaction,239,0.35274034996752374,0.41185373125599584,0.7880467442277043,"intercept,P:9.9,P:9.6,P:10.0,B:9.0,B:9.7,B:10.1,B:10.2,B:10.6,B:10.10,B:11.2,B:11.9,E:10.7,E:11.10,P_B_count",15,160
group_count_interaction,239,0.21215923755112456,0.2639791012592095,0.9129250619523355,"intercept,P:9.9,P:9.6,P:10.0,B:9.0,B:9.7,B:10.1,B:10.2,B:10.6,B:10.10,B:11.2,B:11.9,E:10.7,E:11.10,P_B_count,P_E_count,B_E_count",17,160
additive_head,239,0.39646810803258864,0.4694568062158227,0.7605403456766242,"intercept,P:9.9,P:9.6,P:10.0,B:9.0,B:9.7,B:10.1,B:10.2,B:10.6,B:10.10,B:11.2,B:11.9,E:10.7,E:11.10",14,161
pb_occupancy_interaction,239,0.3973343323946763,0.46940009864761983,0.7605981927643994,"intercept,P:9.9,P:9.6,P:10.0,B:9.0,B:9.7,B:10.1,B:10.2,B:10.6,B:10.10,B:11.2,B:11.9,E:10.7,E:11.10,P_B_occ",15,161
pb_count_interaction,239,0.3822684951273874,0.44718262067759784,0.7827244264451191,"intercept,P:9.9,P:9.6,P:10.0,B:9.0,B:9.7,B:10.1,B:10.2,B:10.6,B:10.10,B:11.2,B:11.9,E:10.7,E:11.10,P_B_count",15,161
group_count_interaction,239,0.2313765244676329,0.28766430061712267,0.9100889624509371,"intercept,P:9.9,P:9.6,P:10.0,B:9.0,B:9.7,B:10.1,B:10.2,B:10.6,B:10.10,B:11.2,B:11.9,E:10.7,E:11.10,P_B_count,P_E_count,B_E_count",17,161
additive_head,239,0.38863356001626215,0.45782323195355507,0.7548335383892256,"intercept,P:9.9,P:9.6,P:10.0,B:9.0,B:9.7,B:10.1,B:10.2,B:10.6,B:10.10,B:11.2,B:11.9,E:10.7,E:11.10",14,162
pb_occupancy_interaction,239,0.3896081154255293,0.458037186641524,0.7546043373923104,"intercept,P:9.9,P:9.6,P:10.0,B:9.0,B:9.7,B:10.1,B:10.2,B:10.6,B:10.10,B:11.2,B:11.9,E:10.7,E:11.10,P_B_occ",15,162
pb_count_interaction,239,0.3756022132356336,0.43761724124806145,0.775996784109922,"intercept,P:9.9,P:9.6,P:10.0,B:9.0,B:9.7,B:10.1,B:10.2,B:10.6,B:10.10,B:11.2,B:11.9,E:10.7,E:11.10,P_B_count",15,162
group_count_interaction,239,0.2265382384125062,0.2809974727599088,0.9076429115805296,"intercept,P:9.9,P:9.6,P:10.0,B:9.0,B:9.7,B:10.1,B:10.2,B:10.6,B:10.10,B:11.2,B:11.9,E:10.7,E:11.10,P_B_count,P_E_count,B_E_count",17,162
additive_head,239,0.39485435786126877,0.4632568516002488,0.7410281676158312,"intercept,P:9.9,P:9.6,P:10.0,B:9.0,B:9.7,B:10.1,B:10.2,B:10.6,B:10.10,B:11.2,B:11.9,E:10.7,E:11.10",14,163
pb_occupancy_interaction,239,0.39593368154367875,0.4636379863413461,0.7406018651665013,"intercept,P:9.9,P:9.6,P:10.0,B:9.0,B:9.7,B:10.1,B:10.2,B:10.6,B:10.10,B:11.2,B:11.9,E:10.7,E:11.10,P_B_occ",15,163
pb_count_interaction,239,0.3830861915828581,0.4441431923839625,0.761957311402646,"intercept,P:9.9,P:9.6,P:10.0,B:9.0,B:9.7,B:10.1,B:10.2,B:10.6,B:10.10,B:11.2,B:11.9,E:10.7,E:11.10,P_B_count",15,163
group_count_interaction,239,0.23266365489007512,0.28840501077341363,0.8996275718902624,"intercept,P:9.9,P:9.6,P:10.0,B:9.0,B:9.7,B:10.1,B:10.2,B:10.6,B:10.10,B:11.2,B:11.9,E:10.7,E:11.10,P_B_count,P_E_count,B_E_count",17,163
additive_head,239,0.3897883159380946,0.4611625329918908,0.7678611849992518,"intercept,P:9.9,P:9.6,P:10.0,B:9.0,B:9.7,B:10.1,B:10.2,B:10.6,B:10.10,B:11.2,B:11.9,E:10.7,E:11.10",14,164
pb_occupancy_interaction,239,0.39052321941654977,0.4609474528631788,0.7680776674741001,"intercept,P:9.9,P:9.6,P:10.0,B:9.0,B:9.7,B:10.1,B:10.2,B:10.6,B:10.10,B:11.2,B:11.9,E:10.7,E:11.10,P_B_occ",15,164
pb_count_interaction,239,0.37529757247142814,0.4390480599720201,0.7895912209639181,"intercept,P:9.9,P:9.6,P:10.0,B:9.0,B:9.7,B:10.1,B:10.2,B:10.6,B:10.10,B:11.2,B:11.9,E:10.7,E:11.10,P_B_count",15,164
group_count_interaction,239,0.22644541167565166,0.28181920728581883,0.9133076233424174,"intercept,P:9.9,P:9.6,P:10.0,B:9.0,B:9.7,B:10.1,B:10.2,B:10.6,B:10.10,B:11.2,B:11.9,E:10.7,E:11.10,P_B_count,P_E_count,B_E_count",17,164
additive_head,239,0.37070827182048494,0.4385538866388108,0.7646613651982945,"intercept,P:9.9,P:9.6,P:10.0,B:9.0,B:9.7,B:10.1,B:10.2,B:10.6,B:10.10,B:11.2,B:11.9,E:10.7,E:11.10",14,165
pb_occupancy_interaction,239,0.3715299738486748,0.4385279342898111,0.7646892176919323,"intercept,P:9.9,P:9.6,P:10.0,B:9.0,B:9.7,B:10.1,B:10.2,B:10.6,B:10.10,B:11.2,B:11.9,E:10.7,E:11.10,P_B_occ",15,165
pb_count_interaction,239,0.3576443372054692,0.4187776017488554,0.7854076715178,"intercept,P:9.9,P:9.6,P:10.0,B:9.0,B:9.7,B:10.1,B:10.2,B:10.6,B:10.10,B:11.2,B:11.9,E:10.7,E:11.10,P_B_count",15,165
group_count_interaction,239,0.2174216602567391,0.2706345235698525,0.9103781933011158,"intercept,P:9.9,P:9.6,P:10.0,B:9.0,B:9.7,B:10.1,B:10.2,B:10.6,B:10.10,B:11.2,B:11.9,E:10.7,E:11.10,P_B_count,P_E_count,B_E_count",17,165
additive_head,239,0.3678159039412449,0.43446154842417384,0.7613549267482961,"intercept,P:9.9,P:9.6,P:10.0,B:9.0,B:9.7,B:10.1,B:10.2,B:10.6,B:10.10,B:11.2,B:11.9,E:10.7,E:11.10",14,166
pb_occupancy_interaction,239,0.36863445775663406,0.43421064885064475,0.7616304800545753,"intercept,P:9.9,P:9.6,P:10.0,B:9.0,B:9.7,B:10.1,B:10.2,B:10.6,B:10.10,B:11.2,B:11.9,E:10.7,E:11.10,P_B_occ",15,166
pb_count_interaction,239,0.35491183018139055,0.41467268877703223,0.7825994457109539,"intercept,P:9.9,P:9.6,P:10.0,B:9.0,B:9.7,B:10.1,B:10.2,B:10.6,B:10.10,B:11.2,B:11.9,E:10.7,E:11.10,P_B_count",15,166
group_count_interaction,239,0.2132172249800175,0.26553690958319287,0.9108544693578008,"intercept,P:9.9,P:9.6,P:10.0,B:9.0,B:9.7,B:10.1,B:10.2,B:10.6,B:10.10,B:11.2,B:11.9,E:10.7,E:11.10,P_B_count,P_E_count,B_E_count",17,166
additive_head,239,0.38745349961055003,0.45646185392356564,0.7556135822994627,"intercept,P:9.9,P:9.6,P:10.0,B:9.0,B:9.7,B:10.1,B:10.2,B:10.6,B:10.10,B:11.2,B:11.9,E:10.7,E:11.10",14,167
pb_occupancy_interaction,239,0.388359692729733,0.4566181044836972,0.7554462427948351,"intercept,P:9.9,P:9.6,P:10.0,B:9.0,B:9.7,B:10.1,B:10.2,B:10.6,B:10.10,B:11.2,B:11.9,E:10.7,E:11.10,P_B_occ",15,167
pb_count_interaction,239,0.37547086843371,0.43715648170797977,0.7758483552859168,"intercept,P:9.9,P:9.6,P:10.0,B:9.0,B:9.7,B:10.1,B:10.2,B:10.6,B:10.10,B:11.2,B:11.9,E:10.7,E:11.10,P_B_count",15,167
group_count_interaction,239,0.22808370750000795,0.2829785256123804,0.9060763320045139,"intercept,P:9.9,P:9.6,P:10.0,B:9.0,B:9.7,B:10.1,B:10.2,B:10.6,B:10.10,B:11.2,B:11.9,E:10.7,E:11.10,P_B_count,P_E_count,B_E_count",17,167
additive_head,239,0.3891887941945345,0.45835236215884617,0.7563713484044485,"intercept,P:9.9,P:9.6,P:10.0,B:9.0,B:9.7,B:10.1,B:10.2,B:10.6,B:10.10,B:11.2,B:11.9,E:10.7,E:11.10",14,168
pb_occupancy_interaction,239,0.3901454206855292,0.4586782983170568,0.7560247346341663,"intercept,P:9.9,P:9.6,P:10.0,B:9.0,B:9.7,B:10.1,B:10.2,B:10.6,B:10.10,B:11.2,B:11.9,E:10.7,E:11.10,P_B_occ",15,168
pb_count_interaction,239,0.3771236123514785,0.4399766171772403,0.7755143386825382,"intercept,P:9.9,P:9.6,P:10.0,B:9.0,B:9.7,B:10.1,B:10.2,B:10.6,B:10.10,B:11.2,B:11.9,E:10.7,E:11.10,P_B_count",15,168
group_count_interaction,239,0.22575416043462807,0.27968628913253457,0.9092865326468547,"intercept,P:9.9,P:9.6,P:10.0,B:9.0,B:9.7,B:10.1,B:10.2,B:10.6,B:10.10,B:11.2,B:11.9,E:10.7,E:11.10,P_B_count,P_E_count,B_E_count",17,168
additive_head,239,0.38656656036776876,0.4549240335168051,0.759878796579863,"intercept,P:9.9,P:9.6,P:10.0,B:9.0,B:9.7,B:10.1,B:10.2,B:10.6,B:10.10,B:11.2,B:11.9,E:10.7,E:11.10",14,169
pb_occupancy_interaction,239,0.387405611620977,0.4551154645370781,0.7596766691260295,"intercept,P:9.9,P:9.6,P:10.0,B:9.0,B:9.7,B:10.1,B:10.2,B:10.6,B:10.10,B:11.2,B:11.9,E:10.7,E:11.10,P_B_occ",15,169
pb_count_interaction,239,0.37498304851049913,0.435922956286546,0.7795184621875567,"intercept,P:9.9,P:9.6,P:10.0,B:9.0,B:9.7,B:10.1,B:10.2,B:10.6,B:10.10,B:11.2,B:11.9,E:10.7,E:11.10,P_B_count",15,169
group_count_interaction,239,0.22654245780271054,0.2812018747784641,0.9082535703155185,"intercept,P:9.9,P:9.6,P:10.0,B:9.0,B:9.7,B:10.1,B:10.2,B:10.6,B:10.10,B:11.2,B:11.9,E:10.7,E:11.10,P_B_count,P_E_count,B_E_count",17,169
additive_head,239,0.3747354691695248,0.4412506007111616,0.756617660487797,"intercept,P:9.9,P:9.6,P:10.0,B:9.0,B:9.7,B:10.1,B:10.2,B:10.6,B:10.10,B:11.2,B:11.9,E:10.7,E:11.10",14,170
pb_occupancy_interaction,239,0.3755412718434111,0.44127167976376885,0.756594406619499,"intercept,P:9.9,P:9.6,P:10.0,B:9.0,B:9.7,B:10.1,B:10.2,B:10.6,B:10.10,B:11.2,B:11.9,E:10.7,E:11.10,P_B_occ",15,170
pb_count_interaction,239,0.3631809094295719,0.4230987332104861,0.7762299843664519,"intercept,P:9.9,P:9.6,P:10.0,B:9.0,B:9.7,B:10.1,B:10.2,B:10.6,B:10.10,B:11.2,B:11.9,E:10.7,E:11.10,P_B_count",15,170
group_count_interaction,239,0.21944058527270174,0.27267983775442256,0.9070553286704224,"intercept,P:9.9,P:9.6,P:10.0,B:9.0,B:9.7,B:10.1,B:10.2,B:10.6,B:10.10,B:11.2,B:11.9,E:10.7,E:11.10,P_B_count,P_E_count,B_E_count",17,170
additive_head,239,0.4139953914951697,0.489595428787541,0.7620364481621013,"intercept,P:9.9,P:9.6,P:10.0,B:9.0,B:9.7,B:10.1,B:10.2,B:10.6,B:10.10,B:11.2,B:11.9,E:10.7,E:11.10",14,171
pb_occupancy_interaction,239,0.4149947016200239,0.48980449192649245,0.7618331781723294,"intercept,P:9.9,P:9.6,P:10.0,B:9.0,B:9.7,B:10.1,B:10.2,B:10.6,B:10.10,B:11.2,B:11.9,E:10.7,E:11.10,P_B_occ",15,171
pb_count_interaction,239,0.39909866349472745,0.46682523371982065,0.7836562363706907,"intercept,P:9.9,P:9.6,P:10.0,B:9.0,B:9.7,B:10.1,B:10.2,B:10.6,B:10.10,B:11.2,B:11.9,E:10.7,E:11.10,P_B_count",15,171
group_count_interaction,239,0.24080161307689135,0.29830800815630737,0.9116583394162887,"intercept,P:9.9,P:9.6,P:10.0,B:9.0,B:9.7,B:10.1,B:10.2,B:10.6,B:10.10,B:11.2,B:11.9,E:10.7,E:11.10,P_B_count,P_E_count,B_E_count",17,171
additive_head,239,0.3702033452127132,0.43635136788328,0.765516899755242,"intercept,P:9.9,P:9.6,P:10.0,B:9.0,B:9.7,B:10.1,B:10.2,B:10.6,B:10.10,B:11.2,B:11.9,E:10.7,E:11.10",14,172
pb_occupancy_interaction,239,0.3711385151805222,0.4365123492473981,0.765343854016788,"intercept,P:9.9,P:9.6,P:10.0,B:9.0,B:9.7,B:10.1,B:10.2,B:10.6,B:10.10,B:11.2,B:11.9,E:10.7,E:11.10,P_B_occ",15,172
pb_count_interaction,239,0.35799943383677385,0.4169420514683,0.7859130170311015,"intercept,P:9.9,P:9.6,P:10.0,B:9.0,B:9.7,B:10.1,B:10.2,B:10.6,B:10.10,B:11.2,B:11.9,E:10.7,E:11.10,P_B_count",15,172
group_count_interaction,239,0.21595599350512762,0.2677984051975685,0.9116808589269078,"intercept,P:9.9,P:9.6,P:10.0,B:9.0,B:9.7,B:10.1,B:10.2,B:10.6,B:10.10,B:11.2,B:11.9,E:10.7,E:11.10,P_B_count,P_E_count,B_E_count",17,172
additive_head,239,0.3733421941988904,0.442901352540117,0.7509717033964065,"intercept,P:9.9,P:9.6,P:10.0,B:9.0,B:9.7,B:10.1,B:10.2,B:10.6,B:10.10,B:11.2,B:11.9,E:10.7,E:11.10",14,173
pb_occupancy_interaction,239,0.3741308127134033,0.44284450530325986,0.7510356258114929,"intercept,P:9.9,P:9.6,P:10.0,B:9.0,B:9.7,B:10.1,B:10.2,B:10.6,B:10.10,B:11.2,B:11.9,E:10.7,E:11.10,P_B_occ",15,173
pb_count_interaction,239,0.3603779070452208,0.42256680104826044,0.7733136173358102,"intercept,P:9.9,P:9.6,P:10.0,B:9.0,B:9.7,B:10.1,B:10.2,B:10.6,B:10.10,B:11.2,B:11.9,E:10.7,E:11.10,P_B_count",15,173
group_count_interaction,239,0.21583240503873596,0.2691663076969798,0.9080236694726217,"intercept,P:9.9,P:9.6,P:10.0,B:9.0,B:9.7,B:10.1,B:10.2,B:10.6,B:10.10,B:11.2,B:11.9,E:10.7,E:11.10,P_B_count,P_E_count,B_E_count",17,173
additive_head,239,0.38615343407004865,0.45810830634156846,0.7743645594093456,"intercept,P:9.9,P:9.6,P:10.0,B:9.0,B:9.7,B:10.1,B:10.2,B:10.6,B:10.10,B:11.2,B:11.9,E:10.7,E:11.10",14,174
pb_occupancy_interaction,239,0.386823508126392,0.45786124173252013,0.7746078708650841,"intercept,P:9.9,P:9.6,P:10.0,B:9.0,B:9.7,B:10.1,B:10.2,B:10.6,B:10.10,B:11.2,B:11.9,E:10.7,E:11.10,P_B_occ",15,174
pb_count_interaction,239,0.3715000781787642,0.435259403894982,0.7963111255067,"intercept,P:9.9,P:9.6,P:10.0,B:9.0,B:9.7,B:10.1,B:10.2,B:10.6,B:10.10,B:11.2,B:11.9,E:10.7,E:11.10,P_B_count",15,174
group_count_interaction,239,0.2235007560002558,0.2781513078890439,0.9168172650602565,"intercept,P:9.9,P:9.6,P:10.0,B:9.0,B:9.7,B:10.1,B:10.2,B:10.6,B:10.10,B:11.2,B:11.9,E:10.7,E:11.10,P_B_count,P_E_count,B_E_count",17,174
additive_head,239,0.39553162983580475,0.46606060312381903,0.7532944318850242,"intercept,P:9.9,P:9.6,P:10.0,B:9.0,B:9.7,B:10.1,B:10.2,B:10.6,B:10.10,B:11.2,B:11.9,E:10.7,E:11.10",14,175
pb_occupancy_interaction,239,0.396593363723353,0.46615215075119504,0.753197502312045,"intercept,P:9.9,P:9.6,P:10.0,B:9.0,B:9.7,B:10.1,B:10.2,B:10.6,B:10.10,B:11.2,B:11.9,E:10.7,E:11.10,P_B_occ",15,175
pb_count_interaction,239,0.38229383243624127,0.44479908576850763,0.7752902390424393,"intercept,P:9.9,P:9.6,P:10.0,B:9.0,B:9.7,B:10.1,B:10.2,B:10.6,B:10.10,B:11.2,B:11.9,E:10.7,E:11.10,P_B_count",15,175
group_count_interaction,239,0.23069238380081528,0.2861704048152418,0.9069870108268965,"intercept,P:9.9,P:9.6,P:10.0,B:9.0,B:9.7,B:10.1,B:10.2,B:10.6,B:10.10,B:11.2,B:11.9,E:10.7,E:11.10,P_B_count,P_E_count,B_E_count",17,175
additive_head,239,0.3828219281297288,0.4496115690468599,0.7489624855413226,"intercept,P:9.9,P:9.6,P:10.0,B:9.0,B:9.7,B:10.1,B:10.2,B:10.6,B:10.10,B:11.2,B:11.9,E:10.7,E:11.10",14,176
pb_occupancy_interaction,239,0.3838118644696256,0.44983160540987016,0.7487167138493367,"intercept,P:9.9,P:9.6,P:10.0,B:9.0,B:9.7,B:10.1,B:10.2,B:10.6,B:10.10,B:11.2,B:11.9,E:10.7,E:11.10,P_B_occ",15,176
pb_count_interaction,239,0.37127383706229156,0.4316184476694432,0.7686531087799048,"intercept,P:9.9,P:9.6,P:10.0,B:9.0,B:9.7,B:10.1,B:10.2,B:10.6,B:10.10,B:11.2,B:11.9,E:10.7,E:11.10,P_B_count",15,176
group_count_interaction,239,0.2238581018897533,0.27708094983662035,0.9046595919156597,"intercept,P:9.9,P:9.6,P:10.0,B:9.0,B:9.7,B:10.1,B:10.2,B:10.6,B:10.10,B:11.2,B:11.9,E:10.7,E:11.10,P_B_count,P_E_count,B_E_count",17,176
additive_head,239,0.4005932005026882,0.4736122949011868,0.7575572018637343,"intercept,P:9.9,P:9.6,P:10.0,B:9.0,B:9.7,B:10.1,B:10.2,B:10.6,B:10.10,B:11.2,B:11.9,E:10.7,E:11.10",14,177
pb_occupancy_interaction,239,0.4014188493868866,0.4735586922092368,0.757612077344603,"intercept,P:9.9,P:9.6,P:10.0,B:9.0,B:9.7,B:10.1,B:10.2,B:10.6,B:10.10,B:11.2,B:11.9,E:10.7,E:11.10,P_B_occ",15,177
pb_count_interaction,239,0.38679153784128145,0.45262271369593554,0.7785702142660342,"intercept,P:9.9,P:9.6,P:10.0,B:9.0,B:9.7,B:10.1,B:10.2,B:10.6,B:10.10,B:11.2,B:11.9,E:10.7,E:11.10,P_B_count",15,177
group_count_interaction,239,0.23489993833336037,0.29169624148325085,0.9080344826922284,"intercept,P:9.9,P:9.6,P:10.0,B:9.0,B:9.7,B:10.1,B:10.2,B:10.6,B:10.10,B:11.2,B:11.9,E:10.7,E:11.10,P_B_count,P_E_count,B_E_count",17,177
additive_head,239,0.3773830585229249,0.4452856627512428,0.7636403836686605,"intercept,P:9.9,P:9.6,P:10.0,B:9.0,B:9.7,B:10.1,B:10.2,B:10.6,B:10.10,B:11.2,B:11.9,E:10.7,E:11.10",14,178
pb_occupancy_interaction,239,0.37835311890260315,0.4453182339727625,0.7636058045046453,"intercept,P:9.9,P:9.6,P:10.0,B:9.0,B:9.7,B:10.1,B:10.2,B:10.6,B:10.10,B:11.2,B:11.9,E:10.7,E:11.10,P_B_occ",15,178
pb_count_interaction,239,0.36519363977246055,0.4258247442834071,0.7838488049856815,"intercept,P:9.9,P:9.6,P:10.0,B:9.0,B:9.7,B:10.1,B:10.2,B:10.6,B:10.10,B:11.2,B:11.9,E:10.7,E:11.10,P_B_count",15,178
group_count_interaction,239,0.2188590688608467,0.2726212871386641,0.9114037417945857,"intercept,P:9.9,P:9.6,P:10.0,B:9.0,B:9.7,B:10.1,B:10.2,B:10.6,B:10.10,B:11.2,B:11.9,E:10.7,E:11.10,P_B_count,P_E_count,B_E_count",17,178
additive_head,239,0.3889970243755707,0.45869321383220674,0.7692562556254658,"intercept,P:9.9,P:9.6,P:10.0,B:9.0,B:9.7,B:10.1,B:10.2,B:10.6,B:10.10,B:11.2,B:11.9,E:10.7,E:11.10",14,179
pb_occupancy_interaction,239,0.3900059158027977,0.458786401067413,0.7691624911871824,"intercept,P:9.9,P:9.6,P:10.0,B:9.0,B:9.7,B:10.1,B:10.2,B:10.6,B:10.10,B:11.2,B:11.9,E:10.7,E:11.10,P_B_occ",15,179
pb_count_interaction,239,0.37579202648647186,0.4382960539067707,0.7893213983728959,"intercept,P:9.9,P:9.6,P:10.0,B:9.0,B:9.7,B:10.1,B:10.2,B:10.6,B:10.10,B:11.2,B:11.9,E:10.7,E:11.10,P_B_count",15,179
group_count_interaction,239,0.22741254488977256,0.2826828298878109,0.9123636731414746,"intercept,P:9.9,P:9.6,P:10.0,B:9.0,B:9.7,B:10.1,B:10.2,B:10.6,B:10.10,B:11.2,B:11.9,E:10.7,E:11.10,P_B_count,P_E_count,B_E_count",17,179
additive_head,239,0.3871637166935778,0.4560954080123337,0.7687577080660382,"intercept,P:9.9,P:9.6,P:10.0,B:9.0,B:9.7,B:10.1,B:10.2,B:10.6,B:10.10,B:11.2,B:11.9,E:10.7,E:11.10",14,180
pb_occupancy_interaction,239,0.38816812693547936,0.4561700077948207,0.7686820570721954,"intercept,P:9.9,P:9.6,P:10.0,B:9.0,B:9.7,B:10.1,B:10.2,B:10.6,B:10.10,B:11.2,B:11.9,E:10.7,E:11.10,P_B_occ",15,180
pb_count_interaction,239,0.3743325937738167,0.4357037529433951,0.7889727851333521,"intercept,P:9.9,P:9.6,P:10.0,B:9.0,B:9.7,B:10.1,B:10.2,B:10.6,B:10.10,B:11.2,B:11.9,E:10.7,E:11.10,P_B_count",15,180
group_count_interaction,239,0.22717028858177246,0.2815063579141296,0.9119088495885772,"intercept,P:9.9,P:9.6,P:10.0,B:9.0,B:9.7,B:10.1,B:10.2,B:10.6,B:10.10,B:11.2,B:11.9,E:10.7,E:11.10,P_B_count,P_E_count,B_E_count",17,180
additive_head,239,0.40680046614853344,0.4804442320137885,0.7532118811259629,"intercept,P:9.9,P:9.6,P:10.0,B:9.0,B:9.7,B:10.1,B:10.2,B:10.6,B:10.10,B:11.2,B:11.9,E:10.7,E:11.10",14,181
pb_occupancy_interaction,239,0.407851965712168,0.48063838783915525,0.7530123781267453,"intercept,P:9.9,P:9.6,P:10.0,B:9.0,B:9.7,B:10.1,B:10.2,B:10.6,B:10.10,B:11.2,B:11.9,E:10.7,E:11.10,P_B_occ",15,181
pb_count_interaction,239,0.3930903822451316,0.45946656444689016,0.7742924398377146,"intercept,P:9.9,P:9.6,P:10.0,B:9.0,B:9.7,B:10.1,B:10.2,B:10.6,B:10.10,B:11.2,B:11.9,E:10.7,E:11.10,P_B_count",15,181
group_count_interaction,239,0.23922736649501022,0.29606708800407,0.9062829640728307,"intercept,P:9.9,P:9.6,P:10.0,B:9.0,B:9.7,B:10.1,B:10.2,B:10.6,B:10.10,B:11.2,B:11.9,E:10.7,E:11.10,P_B_count,P_E_count,B_E_count",17,181
additive_head,239,0.38662611009551584,0.4555344662122992,0.7574538859289992,"intercept,P:9.9,P:9.6,P:10.0,B:9.0,B:9.7,B:10.1,B:10.2,B:10.6,B:10.10,B:11.2,B:11.9,E:10.7,E:11.10",14,182
pb_occupancy_interaction,239,0.3876857696630529,0.4556036479611041,0.7573802096662866,"intercept,P:9.9,P:9.6,P:10.0,B:9.0,B:9.7,B:10.1,B:10.2,B:10.6,B:10.10,B:11.2,B:11.9,E:10.7,E:11.10,P_B_occ",15,182
pb_count_interaction,239,0.3743655452064064,0.4361225126040118,0.7776849579136544,"intercept,P:9.9,P:9.6,P:10.0,B:9.0,B:9.7,B:10.1,B:10.2,B:10.6,B:10.10,B:11.2,B:11.9,E:10.7,E:11.10,P_B_count",15,182
group_count_interaction,239,0.2272776023540369,0.28206066541836367,0.9070098625126969,"intercept,P:9.9,P:9.6,P:10.0,B:9.0,B:9.7,B:10.1,B:10.2,B:10.6,B:10.10,B:11.2,B:11.9,E:10.7,E:11.10,P_B_count,P_E_count,B_E_count",17,182
additive_head,239,0.366141725085278,0.43241688067172984,0.7640112432744661,"intercept,P:9.9,P:9.6,P:10.0,B:9.0,B:9.7,B:10.1,B:10.2,B:10.6,B:10.10,B:11.2,B:11.9,E:10.7,E:11.10",14,183
pb_occupancy_interaction,239,0.3670356001156916,0.43231270559945906,0.7641249353413543,"intercept,P:9.9,P:9.6,P:10.0,B:9.0,B:9.7,B:10.1,B:10.2,B:10.6,B:10.10,B:11.2,B:11.9,E:10.7,E:11.10,P_B_occ",15,183
pb_count_interaction,239,0.3539083719219455,0.4133533427036934,0.7843601896773885,"intercept,P:9.9,P:9.6,P:10.0,B:9.0,B:9.7,B:10.1,B:10.2,B:10.6,B:10.10,B:11.2,B:11.9,E:10.7,E:11.10,P_B_count",15,183
group_count_interaction,239,0.21480680671949257,0.26725867721369423,0.9098533354803414,"intercept,P:9.9,P:9.6,P:10.0,B:9.0,B:9.7,B:10.1,B:10.2,B:10.6,B:10.10,B:11.2,B:11.9,E:10.7,E:11.10,P_B_count,P_E_count,B_E_count",17,183
additive_head,239,0.3735298286667815,0.44230405319780136,0.7646256558836048,"intercept,P:9.9,P:9.6,P:10.0,B:9.0,B:9.7,B:10.1,B:10.2,B:10.6,B:10.10,B:11.2,B:11.9,E:10.7,E:11.10",14,184
pb_occupancy_interaction,239,0.3743879576592969,0.4423018722162037,0.7646279771187087,"intercept,P:9.9,P:9.6,P:10.0,B:9.0,B:9.7,B:10.1,B:10.2,B:10.6,B:10.10,B:11.2,B:11.9,E:10.7,E:11.10,P_B_occ",15,184
pb_count_interaction,239,0.3608274197836207,0.4223741837091964,0.7853593299690026,"intercept,P:9.9,P:9.6,P:10.0,B:9.0,B:9.7,B:10.1,B:10.2,B:10.6,B:10.10,B:11.2,B:11.9,E:10.7,E:11.10,P_B_count",15,184
group_count_interaction,239,0.21736233354361176,0.270571790765066,0.9119189838015734,"intercept,P:9.9,P:9.6,P:10.0,B:9.0,B:9.7,B:10.1,B:10.2,B:10.6,B:10.10,B:11.2,B:11.9,E:10.7,E:11.10,P_B_count,P_E_count,B_E_count",17,184
additive_head,239,0.39755115401988356,0.46763278064747504,0.7493886473034226,"intercept,P:9.9,P:9.6,P:10.0,B:9.0,B:9.7,B:10.1,B:10.2,B:10.6,B:10.10,B:11.2,B:11.9,E:10.7,E:11.10",14,185
pb_occupancy_interaction,239,0.3984701461384962,0.4677357871291394,0.7492782297369347,"intercept,P:9.9,P:9.6,P:10.0,B:9.0,B:9.7,B:10.1,B:10.2,B:10.6,B:10.10,B:11.2,B:11.9,E:10.7,E:11.10,P_B_occ",15,185
pb_count_interaction,239,0.3859417154797939,0.44890503271623455,0.7690596631721025,"intercept,P:9.9,P:9.6,P:10.0,B:9.0,B:9.7,B:10.1,B:10.2,B:10.6,B:10.10,B:11.2,B:11.9,E:10.7,E:11.10,P_B_count",15,185
group_count_interaction,239,0.2323798838448669,0.28836058236808715,0.9047066413470742,"intercept,P:9.9,P:9.6,P:10.0,B:9.0,B:9.7,B:10.1,B:10.2,B:10.6,B:10.10,B:11.2,B:11.9,E:10.7,E:11.10,P_B_count,P_E_count,B_E_count",17,185
additive_head,239,0.39529331450785893,0.46770528361671665,0.7571841190603879,"intercept,P:9.9,P:9.6,P:10.0,B:9.0,B:9.7,B:10.1,B:10.2,B:10.6,B:10.10,B:11.2,B:11.9,E:10.7,E:11.10",14,186
pb_occupancy_interaction,239,0.39616094308761673,0.46768689972114674,0.7572032072093735,"intercept,P:9.9,P:9.6,P:10.0,B:9.0,B:9.7,B:10.1,B:10.2,B:10.6,B:10.10,B:11.2,B:11.9,E:10.7,E:11.10,P_B_occ",15,186
pb_count_interaction,239,0.3810889004566593,0.4458454770125793,0.7793513545160234,"intercept,P:9.9,P:9.6,P:10.0,B:9.0,B:9.7,B:10.1,B:10.2,B:10.6,B:10.10,B:11.2,B:11.9,E:10.7,E:11.10,P_B_count",15,186
group_count_interaction,239,0.2319457368889583,0.28848358765982496,0.9076206810445501,"intercept,P:9.9,P:9.6,P:10.0,B:9.0,B:9.7,B:10.1,B:10.2,B:10.6,B:10.10,B:11.2,B:11.9,E:10.7,E:11.10,P_B_count,P_E_count,B_E_count",17,186
additive_head,239,0.38087799069712963,0.4513985715515697,0.7774650827820668,"intercept,P:9.9,P:9.6,P:10.0,B:9.0,B:9.7,B:10.1,B:10.2,B:10.6,B:10.10,B:11.2,B:11.9,E:10.7,E:11.10",14,187
pb_occupancy_interaction,239,0.38172424726810594,0.45128947647703727,0.7775726353140969,"intercept,P:9.9,P:9.6,P:10.0,B:9.0,B:9.7,B:10.1,B:10.2,B:10.6,B:10.10,B:11.2,B:11.9,E:10.7,E:11.10,P_B_occ",15,187
pb_count_interaction,239,0.3653342880879849,0.42754184077394564,0.8003657516039072,"intercept,P:9.9,P:9.6,P:10.0,B:9.0,B:9.7,B:10.1,B:10.2,B:10.6,B:10.10,B:11.2,B:11.9,E:10.7,E:11.10,P_B_count",15,187
group_count_interaction,239,0.22221499185891827,0.276068148452091,0.916764151979388,"intercept,P:9.9,P:9.6,P:10.0,B:9.0,B:9.7,B:10.1,B:10.2,B:10.6,B:10.10,B:11.2,B:11.9,E:10.7,E:11.10,P_B_count,P_E_count,B_E_count",17,187
additive_head,239,0.3741713600319606,0.4434873530792987,0.7725648182518897,"intercept,P:9.9,P:9.6,P:10.0,B:9.0,B:9.7,B:10.1,B:10.2,B:10.6,B:10.10,B:11.2,B:11.9,E:10.7,E:11.10",14,188
pb_occupancy_interaction,239,0.37491160393121187,0.44318296466413176,0.7728769122786547,"intercept,P:9.9,P:9.6,P:10.0,B:9.0,B:9.7,B:10.1,B:10.2,B:10.6,B:10.10,B:11.2,B:11.9,E:10.7,E:11.10,P_B_occ",15,188
pb_count_interaction,239,0.36074830785471557,0.4224796320746725,0.7936014131125237,"intercept,P:9.9,P:9.6,P:10.0,B:9.0,B:9.7,B:10.1,B:10.2,B:10.6,B:10.10,B:11.2,B:11.9,E:10.7,E:11.10,P_B_count",15,188
group_count_interaction,239,0.21677244194359296,0.2706284146822509,0.9153080847986346,"intercept,P:9.9,P:9.6,P:10.0,B:9.0,B:9.7,B:10.1,B:10.2,B:10.6,B:10.10,B:11.2,B:11.9,E:10.7,E:11.10,P_B_count,P_E_count,B_E_count",17,188
additive_head,239,0.3760332303811917,0.44435193820486707,0.755741640033427,"intercept,P:9.9,P:9.6,P:10.0,B:9.0,B:9.7,B:10.1,B:10.2,B:10.6,B:10.10,B:11.2,B:11.9,E:10.7,E:11.10",14,189
pb_occupancy_interaction,239,0.37691090945233924,0.4443766938893967,0.7557144230874795,"intercept,P:9.9,P:9.6,P:10.0,B:9.0,B:9.7,B:10.1,B:10.2,B:10.6,B:10.10,B:11.2,B:11.9,E:10.7,E:11.10,P_B_occ",15,189
pb_count_interaction,239,0.3634986553861689,0.42440988782752676,0.7771737938544531,"intercept,P:9.9,P:9.6,P:10.0,B:9.0,B:9.7,B:10.1,B:10.2,B:10.6,B:10.10,B:11.2,B:11.9,E:10.7,E:11.10,P_B_count",15,189
group_count_interaction,239,0.2178219806611233,0.27074933563613296,0.9093161231806369,"intercept,P:9.9,P:9.6,P:10.0,B:9.0,B:9.7,B:10.1,B:10.2,B:10.6,B:10.10,B:11.2,B:11.9,E:10.7,E:11.10,P_B_count,P_E_count,B_E_count",17,189
additive_head,239,0.3878584854560616,0.4568080698005074,0.7598255111336678,"intercept,P:9.9,P:9.6,P:10.0,B:9.0,B:9.7,B:10.1,B:10.2,B:10.6,B:10.10,B:11.2,B:11.9,E:10.7,E:11.10",14,190
pb_occupancy_interaction,239,0.3888320947235402,0.4567897569174507,0.7598447673572661,"intercept,P:9.9,P:9.6,P:10.0,B:9.0,B:9.7,B:10.1,B:10.2,B:10.6,B:10.10,B:11.2,B:11.9,E:10.7,E:11.10,P_B_occ",15,190
pb_count_interaction,239,0.37426227075298557,0.4361848034217505,0.7810220418393738,"intercept,P:9.9,P:9.6,P:10.0,B:9.0,B:9.7,B:10.1,B:10.2,B:10.6,B:10.10,B:11.2,B:11.9,E:10.7,E:11.10,P_B_count",15,190
group_count_interaction,239,0.22805206221036753,0.2833812242008828,0.9075724407810338,"intercept,P:9.9,P:9.6,P:10.0,B:9.0,B:9.7,B:10.1,B:10.2,B:10.6,B:10.10,B:11.2,B:11.9,E:10.7,E:11.10,P_B_count,P_E_count,B_E_count",17,190
additive_head,239,0.3777793688712428,0.4427865845127095,0.7535709784136089,"intercept,P:9.9,P:9.6,P:10.0,B:9.0,B:9.7,B:10.1,B:10.2,B:10.6,B:10.10,B:11.2,B:11.9,E:10.7,E:11.10",14,191
pb_occupancy_interaction,239,0.37870231566201035,0.4431494874401877,0.7531668719464509,"intercept,P:9.9,P:9.6,P:10.0,B:9.0,B:9.7,B:10.1,B:10.2,B:10.6,B:10.10,B:11.2,B:11.9,E:10.7,E:11.10,P_B_occ",15,191
pb_count_interaction,239,0.36763607217714134,0.42630180442672716,0.7715783385348736,"intercept,P:9.9,P:9.6,P:10.0,B:9.0,B:9.7,B:10.1,B:10.2,B:10.6,B:10.10,B:11.2,B:11.9,E:10.7,E:11.10,P_B_count",15,191
group_count_interaction,239,0.22282796911713298,0.27655077368054853,0.9038713817336858,"intercept,P:9.9,P:9.6,P:10.0,B:9.0,B:9.7,B:10.1,B:10.2,B:10.6,B:10.10,B:11.2,B:11.9,E:10.7,E:11.10,P_B_count,P_E_count,B_E_count",17,191
additive_head,239,0.3857372484892532,0.45714150221993644,0.7760385954934281,"intercept,P:9.9,P:9.6,P:10.0,B:9.0,B:9.7,B:10.1,B:10.2,B:10.6,B:10.10,B:11.2,B:11.9,E:10.7,E:11.10",14,192
pb_occupancy_interaction,239,0.3866288628789502,0.45719625256691665,0.7759849460267526,"intercept,P:9.9,P:9.6,P:10.0,B:9.0,B:9.7,B:10.1,B:10.2,B:10.6,B:10.10,B:11.2,B:11.9,E:10.7,E:11.10,P_B_occ",15,192
pb_count_interaction,239,0.37098927557918565,0.43478406055509394,0.7974094849319852,"intercept,P:9.9,P:9.6,P:10.0,B:9.0,B:9.7,B:10.1,B:10.2,B:10.6,B:10.10,B:11.2,B:11.9,E:10.7,E:11.10,P_B_count",15,192
group_count_interaction,239,0.22404106572806415,0.27849748607594305,0.9168782958081881,"intercept,P:9.9,P:9.6,P:10.0,B:9.0,B:9.7,B:10.1,B:10.2,B:10.6,B:10.10,B:11.2,B:11.9,E:10.7,E:11.10,P_B_count,P_E_count,B_E_count",17,192
additive_head,239,0.3915117669509111,0.4601137228020976,0.7476981103957583,"intercept,P:9.9,P:9.6,P:10.0,B:9.0,B:9.7,B:10.1,B:10.2,B:10.6,B:10.10,B:11.2,B:11.9,E:10.7,E:11.10",14,193
pb_occupancy_interaction,239,0.39249755784265233,0.46015667541184996,0.7476510023444367,"intercept,P:9.9,P:9.6,P:10.0,B:9.0,B:9.7,B:10.1,B:10.2,B:10.6,B:10.10,B:11.2,B:11.9,E:10.7,E:11.10,P_B_occ",15,193
pb_count_interaction,239,0.37845157058919804,0.43980752357702085,0.7694763754319865,"intercept,P:9.9,P:9.6,P:10.0,B:9.0,B:9.7,B:10.1,B:10.2,B:10.6,B:10.10,B:11.2,B:11.9,E:10.7,E:11.10,P_B_count",15,193
group_count_interaction,239,0.23046430439097168,0.2856404361689179,0.9027634579681513,"intercept,P:9.9,P:9.6,P:10.0,B:9.0,B:9.7,B:10.1,B:10.2,B:10.6,B:10.10,B:11.2,B:11.9,E:10.7,E:11.10,P_B_count,P_E_count,B_E_count",17,193
additive_head,239,0.3868184100495018,0.45808666380402663,0.7720464816692305,"intercept,P:9.9,P:9.6,P:10.0,B:9.0,B:9.7,B:10.1,B:10.2,B:10.6,B:10.10,B:11.2,B:11.9,E:10.7,E:11.10",14,194
pb_occupancy_interaction,239,0.3876822726816875,0.4581147979935819,0.7720184804854247,"intercept,P:9.9,P:9.6,P:10.0,B:9.0,B:9.7,B:10.1,B:10.2,B:10.6,B:10.10,B:11.2,B:11.9,E:10.7,E:11.10,P_B_occ",15,194
pb_count_interaction,239,0.37214881857996723,0.4356193116551151,0.7938585855290835,"intercept,P:9.9,P:9.6,P:10.0,B:9.0,B:9.7,B:10.1,B:10.2,B:10.6,B:10.10,B:11.2,B:11.9,E:10.7,E:11.10,P_B_count",15,194
group_count_interaction,239,0.22593365196754012,0.28033137620844445,0.9146321348284768,"intercept,P:9.9,P:9.6,P:10.0,B:9.0,B:9.7,B:10.1,B:10.2,B:10.6,B:10.10,B:11.2,B:11.9,E:10.7,E:11.10,P_B_count,P_E_count,B_E_count",17,194
additive_head,239,0.391827077667884,0.46203787869617263,0.7658921097242093,"intercept,P:9.9,P:9.6,P:10.0,B:9.0,B:9.7,B:10.1,B:10.2,B:10.6,B:10.10,B:11.2,B:11.9,E:10.7,E:11.10",14,195
pb_occupancy_interaction,239,0.39275875577204944,0.462154593129198,0.7657738197655682,"intercept,P:9.9,P:9.6,P:10.0,B:9.0,B:9.7,B:10.1,B:10.2,B:10.6,B:10.10,B:11.2,B:11.9,E:10.7,E:11.10,P_B_occ",15,195
pb_count_interaction,239,0.3787578602102598,0.44236983003926084,0.7853989271020047,"intercept,P:9.9,P:9.6,P:10.0,B:9.0,B:9.7,B:10.1,B:10.2,B:10.6,B:10.10,B:11.2,B:11.9,E:10.7,E:11.10,P_B_count",15,195
group_count_interaction,239,0.23003741151337903,0.2854432744072128,0.9106487735651797,"intercept,P:9.9,P:9.6,P:10.0,B:9.0,B:9.7,B:10.1,B:10.2,B:10.6,B:10.10,B:11.2,B:11.9,E:10.7,E:11.10,P_B_count,P_E_count,B_E_count",17,195
additive_head,239,0.39148831624665104,0.4634061546406447,0.7594865030930881,"intercept,P:9.9,P:9.6,P:10.0,B:9.0,B:9.7,B:10.1,B:10.2,B:10.6,B:10.10,B:11.2,B:11.9,E:10.7,E:11.10",14,196
pb_occupancy_interaction,239,0.3924824882928034,0.46332967431748984,0.7595658849997314,"intercept,P:9.9,P:9.6,P:10.0,B:9.0,B:9.7,B:10.1,B:10.2,B:10.6,B:10.10,B:11.2,B:11.9,E:10.7,E:11.10,P_B_occ",15,196
pb_count_interaction,239,0.378075516840606,0.4412703132001411,0.7819152591152884,"intercept,P:9.9,P:9.6,P:10.0,B:9.0,B:9.7,B:10.1,B:10.2,B:10.6,B:10.10,B:11.2,B:11.9,E:10.7,E:11.10,P_B_count",15,196
group_count_interaction,239,0.22813327632295696,0.28409328574976617,0.9096063761998352,"intercept,P:9.9,P:9.6,P:10.0,B:9.0,B:9.7,B:10.1,B:10.2,B:10.6,B:10.10,B:11.2,B:11.9,E:10.7,E:11.10,P_B_count,P_E_count,B_E_count",17,196
additive_head,239,0.3921620858009931,0.4607381108508283,0.7603334328362102,"intercept,P:9.9,P:9.6,P:10.0,B:9.0,B:9.7,B:10.1,B:10.2,B:10.6,B:10.10,B:11.2,B:11.9,E:10.7,E:11.10",14,197
pb_occupancy_interaction,239,0.39318962750192304,0.4608863292569789,0.7601792076501896,"intercept,P:9.9,P:9.6,P:10.0,B:9.0,B:9.7,B:10.1,B:10.2,B:10.6,B:10.10,B:11.2,B:11.9,E:10.7,E:11.10,P_B_occ",15,197
pb_count_interaction,239,0.38020509201714964,0.44164494809148586,0.7797855998167502,"intercept,P:9.9,P:9.6,P:10.0,B:9.0,B:9.7,B:10.1,B:10.2,B:10.6,B:10.10,B:11.2,B:11.9,E:10.7,E:11.10,P_B_count",15,197
group_count_interaction,239,0.23166907626752992,0.28722489244817345,0.906858477681491,"intercept,P:9.9,P:9.6,P:10.0,B:9.0,B:9.7,B:10.1,B:10.2,B:10.6,B:10.10,B:11.2,B:11.9,E:10.7,E:11.10,P_B_count,P_E_count,B_E_count",17,197
additive_head,239,0.3822132048893076,0.4531664323419607,0.770687877730572,"intercept,P:9.9,P:9.6,P:10.0,B:9.0,B:9.7,B:10.1,B:10.2,B:10.6,B:10.10,B:11.2,B:11.9,E:10.7,E:11.10",14,198
pb_occupancy_interaction,239,0.3830171837901579,0.45304233689200935,0.7708134505562454,"intercept,P:9.9,P:9.6,P:10.0,B:9.0,B:9.7,B:10.1,B:10.2,B:10.6,B:10.10,B:11.2,B:11.9,E:10.7,E:11.10,P_B_occ",15,198
pb_count_interaction,239,0.3682534946980386,0.4309428470338741,0.7926276250663566,"intercept,P:9.9,P:9.6,P:10.0,B:9.0,B:9.7,B:10.1,B:10.2,B:10.6,B:10.10,B:11.2,B:11.9,E:10.7,E:11.10,P_B_count",15,198
group_count_interaction,239,0.22116965861228566,0.2755471446938788,0.915218054407798,"intercept,P:9.9,P:9.6,P:10.0,B:9.0,B:9.7,B:10.1,B:10.2,B:10.6,B:10.10,B:11.2,B:11.9,E:10.7,E:11.10,P_B_count,P_E_count,B_E_count",17,198
additive_head,239,0.39776956819567083,0.46865471593347857,0.7514850985569204,"intercept,P:9.9,P:9.6,P:10.0,B:9.0,B:9.7,B:10.1,B:10.2,B:10.6,B:10.10,B:11.2,B:11.9,E:10.7,E:11.10",14,199
pb_occupancy_interaction,239,0.3987680045490371,0.46873762828525745,0.7513971584300013,"intercept,P:9.9,P:9.6,P:10.0,B:9.0,B:9.7,B:10.1,B:10.2,B:10.6,B:10.10,B:11.2,B:11.9,E:10.7,E:11.10,P_B_occ",15,199
pb_count_interaction,239,0.38548871306196913,0.448850649427169,0.7720444514258901,"intercept,P:9.9,P:9.6,P:10.0,B:9.0,B:9.7,B:10.1,B:10.2,B:10.6,B:10.10,B:11.2,B:11.9,E:10.7,E:11.10,P_B_count",15,199
group_count_interaction,239,0.23296385807597658,0.2890918557066009,0.9054376697662808,"intercept,P:9.9,P:9.6,P:10.0,B:9.0,B:9.7,B:10.1,B:10.2,B:10.6,B:10.10,B:11.2,B:11.9,E:10.7,E:11.10,P_B_count,P_E_count,B_E_count",17,199
